Command line invocation:
    /Applications/Xcode.app/Contents/Developer/usr/bin/xcodebuild -project Nosfy.xcodeproj -scheme Nosfy -configuration Debug -destination "generic/platform=iOS Simulator" -derivedDataPath /var/folders/sk/1y78dckn1fbdyvwtdtdy76680000gn/T/nosfy-session-commit-s4q40rbr/DerivedBaseline CODE_SIGNING_ALLOWED=NO ARCHS=arm64 ONLY_ACTIVE_ARCH=YES build

Build settings from command line:
    ARCHS = arm64
    CODE_SIGNING_ALLOWED = NO
    ONLY_ACTIVE_ARCH = YES

ComputePackagePrebuildTargetDependencyGraph

Prepare packages

CreateBuildRequest

SendProjectDescription

CreateBuildOperation

ComputeTargetDependencyGraph
note: Building targets in dependency order
note: Target dependency graph (2 targets)
    Target 'Nosfy' in project 'Nosfy'
        ➜ Explicit dependency on target 'NosfyWidgets' in project 'Nosfy'
    Target 'NosfyWidgets' in project 'Nosfy' (no dependencies)

GatherProvisioningInputs

CreateBuildDescription

ExecuteExternalTool /Applications/Xcode.app/Contents/Developer/usr/bin/actool --version --output-format xml1

ExecuteExternalTool /Applications/Xcode.app/Contents/Developer/Toolchains/XcodeDefault.xctoolchain/usr/bin/clang -v -E -dM -isysroot /Applications/Xcode.app/Contents/Developer/Platforms/iPhoneSimulator.platform/Developer/SDKs/iPhoneSimulator26.5.sdk -x c -c /dev/null

ExecuteExternalTool /Applications/Xcode.app/Contents/Developer/Toolchains/XcodeDefault.xctoolchain/usr/bin/swiftc --version

ExecuteExternalTool /Applications/Xcode.app/Contents/Developer/usr/bin/actool --print-asset-tag-combinations --output-format xml1 /var/folders/sk/1y78dckn1fbdyvwtdtdy76680000gn/T/nosfy-session-commit-s4q40rbr/baseline/NosfyShared/LiveAssets.xcassets /var/folders/sk/1y78dckn1fbdyvwtdtdy76680000gn/T/nosfy-session-commit-s4q40rbr/baseline/Nosfy/AppIcon.icon /var/folders/sk/1y78dckn1fbdyvwtdtdy76680000gn/T/nosfy-session-commit-s4q40rbr/baseline/Nosfy/Assets.xcassets

ExecuteExternalTool /Applications/Xcode.app/Contents/Developer/Toolchains/XcodeDefault.xctoolchain/usr/bin/ld -version_details

Build description signature: 5d791a7a8df49f9c5959c95e9d37f0fc
Build description path: /var/folders/sk/1y78dckn1fbdyvwtdtdy76680000gn/T/nosfy-session-commit-s4q40rbr/DerivedBaseline/Build/Intermediates.noindex/XCBuildData/5d791a7a8df49f9c5959c95e9d37f0fc.xcbuilddata
ClangStatCache /Applications/Xcode.app/Contents/Developer/Toolchains/XcodeDefault.xctoolchain/usr/bin/clang-stat-cache /Applications/Xcode.app/Contents/Developer/Platforms/iPhoneSimulator.platform/Developer/SDKs/iPhoneSimulator26.5.sdk /var/folders/sk/1y78dckn1fbdyvwtdtdy76680000gn/T/nosfy-session-commit-s4q40rbr/DerivedBaseline/SDKStatCaches.noindex/iphonesimulator26.5-23F73-688ef53f1462e2c8f657fdc38a81448f6cfe768891a92b912361537c460fe42b.sdkstatcache
    cd /var/folders/sk/1y78dckn1fbdyvwtdtdy76680000gn/T/nosfy-session-commit-s4q40rbr/baseline/Nosfy.xcodeproj
    /Applications/Xcode.app/Contents/Developer/Toolchains/XcodeDefault.xctoolchain/usr/bin/clang-stat-cache /Applications/Xcode.app/Contents/Developer/Platforms/iPhoneSimulator.platform/Developer/SDKs/iPhoneSimulator26.5.sdk -o /var/folders/sk/1y78dckn1fbdyvwtdtdy76680000gn/T/nosfy-session-commit-s4q40rbr/DerivedBaseline/SDKStatCaches.noindex/iphonesimulator26.5-23F73-688ef53f1462e2c8f657fdc38a81448f6cfe768891a92b912361537c460fe42b.sdkstatcache

CreateBuildDirectory /var/folders/sk/1y78dckn1fbdyvwtdtdy76680000gn/T/nosfy-session-commit-s4q40rbr/DerivedBaseline/Build/Products
    cd /var/folders/sk/1y78dckn1fbdyvwtdtdy76680000gn/T/nosfy-session-commit-s4q40rbr/baseline/Nosfy.xcodeproj
    builtin-create-build-directory /var/folders/sk/1y78dckn1fbdyvwtdtdy76680000gn/T/nosfy-session-commit-s4q40rbr/DerivedBaseline/Build/Products

CreateBuildDirectory /var/folders/sk/1y78dckn1fbdyvwtdtdy76680000gn/T/nosfy-session-commit-s4q40rbr/DerivedBaseline/Build/Intermediates.noindex
    cd /var/folders/sk/1y78dckn1fbdyvwtdtdy76680000gn/T/nosfy-session-commit-s4q40rbr/baseline/Nosfy.xcodeproj
    builtin-create-build-directory /var/folders/sk/1y78dckn1fbdyvwtdtdy76680000gn/T/nosfy-session-commit-s4q40rbr/DerivedBaseline/Build/Intermediates.noindex

CreateBuildDirectory /var/folders/sk/1y78dckn1fbdyvwtdtdy76680000gn/T/nosfy-session-commit-s4q40rbr/DerivedBaseline/Build/Intermediates.noindex/ExplicitPrecompiledModules
    cd /var/folders/sk/1y78dckn1fbdyvwtdtdy76680000gn/T/nosfy-session-commit-s4q40rbr/baseline/Nosfy.xcodeproj
    builtin-create-build-directory /var/folders/sk/1y78dckn1fbdyvwtdtdy76680000gn/T/nosfy-session-commit-s4q40rbr/DerivedBaseline/Build/Intermediates.noindex/ExplicitPrecompiledModules

CreateBuildDirectory /var/folders/sk/1y78dckn1fbdyvwtdtdy76680000gn/T/nosfy-session-commit-s4q40rbr/DerivedBaseline/Build/Intermediates.noindex/SwiftExplicitPrecompiledModules
    cd /var/folders/sk/1y78dckn1fbdyvwtdtdy76680000gn/T/nosfy-session-commit-s4q40rbr/baseline/Nosfy.xcodeproj
    builtin-create-build-directory /var/folders/sk/1y78dckn1fbdyvwtdtdy76680000gn/T/nosfy-session-commit-s4q40rbr/DerivedBaseline/Build/Intermediates.noindex/SwiftExplicitPrecompiledModules

CreateBuildDirectory /var/folders/sk/1y78dckn1fbdyvwtdtdy76680000gn/T/nosfy-session-commit-s4q40rbr/DerivedBaseline/Build/Products/Debug-iphonesimulator
    cd /var/folders/sk/1y78dckn1fbdyvwtdtdy76680000gn/T/nosfy-session-commit-s4q40rbr/baseline/Nosfy.xcodeproj
    builtin-create-build-directory /var/folders/sk/1y78dckn1fbdyvwtdtdy76680000gn/T/nosfy-session-commit-s4q40rbr/DerivedBaseline/Build/Products/Debug-iphonesimulator

CreateBuildDirectory /var/folders/sk/1y78dckn1fbdyvwtdtdy76680000gn/T/nosfy-session-commit-s4q40rbr/DerivedBaseline/Build/Intermediates.noindex/EagerLinkingTBDs/Debug-iphonesimulator
    cd /var/folders/sk/1y78dckn1fbdyvwtdtdy76680000gn/T/nosfy-session-commit-s4q40rbr/baseline/Nosfy.xcodeproj
    builtin-create-build-directory /var/folders/sk/1y78dckn1fbdyvwtdtdy76680000gn/T/nosfy-session-commit-s4q40rbr/DerivedBaseline/Build/Intermediates.noindex/EagerLinkingTBDs/Debug-iphonesimulator

WriteAuxiliaryFile /var/folders/sk/1y78dckn1fbdyvwtdtdy76680000gn/T/nosfy-session-commit-s4q40rbr/DerivedBaseline/Build/Intermediates.noindex/Nosfy.build/Debug-iphonesimulator/Nosfy-79457564d8ce4e0e3822ec51709fb743-VFS-iphonesimulator/all-product-headers.yaml
    cd /var/folders/sk/1y78dckn1fbdyvwtdtdy76680000gn/T/nosfy-session-commit-s4q40rbr/baseline/Nosfy.xcodeproj
    write-file /var/folders/sk/1y78dckn1fbdyvwtdtdy76680000gn/T/nosfy-session-commit-s4q40rbr/DerivedBaseline/Build/Intermediates.noindex/Nosfy.build/Debug-iphonesimulator/Nosfy-79457564d8ce4e0e3822ec51709fb743-VFS-iphonesimulator/all-product-headers.yaml

WriteAuxiliaryFile /var/folders/sk/1y78dckn1fbdyvwtdtdy76680000gn/T/nosfy-session-commit-s4q40rbr/DerivedBaseline/Build/Intermediates.noindex/Nosfy.build/Debug-iphonesimulator/Nosfy.build/Nosfy-project-headers.hmap (in target 'Nosfy' from project 'Nosfy')
    cd /var/folders/sk/1y78dckn1fbdyvwtdtdy76680000gn/T/nosfy-session-commit-s4q40rbr/baseline
    write-file /var/folders/sk/1y78dckn1fbdyvwtdtdy76680000gn/T/nosfy-session-commit-s4q40rbr/DerivedBaseline/Build/Intermediates.noindex/Nosfy.build/Debug-iphonesimulator/Nosfy.build/Nosfy-project-headers.hmap

WriteAuxiliaryFile /var/folders/sk/1y78dckn1fbdyvwtdtdy76680000gn/T/nosfy-session-commit-s4q40rbr/DerivedBaseline/Build/Intermediates.noindex/Nosfy.build/Debug-iphonesimulator/Nosfy.build/Nosfy-own-target-headers.hmap (in target 'Nosfy' from project 'Nosfy')
    cd /var/folders/sk/1y78dckn1fbdyvwtdtdy76680000gn/T/nosfy-session-commit-s4q40rbr/baseline
    write-file /var/folders/sk/1y78dckn1fbdyvwtdtdy76680000gn/T/nosfy-session-commit-s4q40rbr/DerivedBaseline/Build/Intermediates.noindex/Nosfy.build/Debug-iphonesimulator/Nosfy.build/Nosfy-own-target-headers.hmap

WriteAuxiliaryFile /var/folders/sk/1y78dckn1fbdyvwtdtdy76680000gn/T/nosfy-session-commit-s4q40rbr/DerivedBaseline/Build/Intermediates.noindex/Nosfy.build/Debug-iphonesimulator/Nosfy.build/Nosfy-all-target-headers.hmap (in target 'Nosfy' from project 'Nosfy')
    cd /var/folders/sk/1y78dckn1fbdyvwtdtdy76680000gn/T/nosfy-session-commit-s4q40rbr/baseline
    write-file /var/folders/sk/1y78dckn1fbdyvwtdtdy76680000gn/T/nosfy-session-commit-s4q40rbr/DerivedBaseline/Build/Intermediates.noindex/Nosfy.build/Debug-iphonesimulator/Nosfy.build/Nosfy-all-target-headers.hmap

WriteAuxiliaryFile /var/folders/sk/1y78dckn1fbdyvwtdtdy76680000gn/T/nosfy-session-commit-s4q40rbr/DerivedBaseline/Build/Intermediates.noindex/Nosfy.build/Debug-iphonesimulator/Nosfy.build/Nosfy.hmap (in target 'Nosfy' from project 'Nosfy')
    cd /var/folders/sk/1y78dckn1fbdyvwtdtdy76680000gn/T/nosfy-session-commit-s4q40rbr/baseline
    write-file /var/folders/sk/1y78dckn1fbdyvwtdtdy76680000gn/T/nosfy-session-commit-s4q40rbr/DerivedBaseline/Build/Intermediates.noindex/Nosfy.build/Debug-iphonesimulator/Nosfy.build/Nosfy.hmap

WriteAuxiliaryFile /var/folders/sk/1y78dckn1fbdyvwtdtdy76680000gn/T/nosfy-session-commit-s4q40rbr/DerivedBaseline/Build/Intermediates.noindex/Nosfy.build/Debug-iphonesimulator/Nosfy.build/Nosfy-generated-files.hmap (in target 'Nosfy' from project 'Nosfy')
    cd /var/folders/sk/1y78dckn1fbdyvwtdtdy76680000gn/T/nosfy-session-commit-s4q40rbr/baseline
    write-file /var/folders/sk/1y78dckn1fbdyvwtdtdy76680000gn/T/nosfy-session-commit-s4q40rbr/DerivedBaseline/Build/Intermediates.noindex/Nosfy.build/Debug-iphonesimulator/Nosfy.build/Nosfy-generated-files.hmap

WriteAuxiliaryFile /var/folders/sk/1y78dckn1fbdyvwtdtdy76680000gn/T/nosfy-session-commit-s4q40rbr/DerivedBaseline/Build/Intermediates.noindex/Nosfy.build/Debug-iphonesimulator/NosfyWidgets.build/Objects-normal/arm64/NosfyWidgets.SwiftFileList (in target 'NosfyWidgets' from project 'Nosfy')
    cd /var/folders/sk/1y78dckn1fbdyvwtdtdy76680000gn/T/nosfy-session-commit-s4q40rbr/baseline
    write-file /var/folders/sk/1y78dckn1fbdyvwtdtdy76680000gn/T/nosfy-session-commit-s4q40rbr/DerivedBaseline/Build/Intermediates.noindex/Nosfy.build/Debug-iphonesimulator/NosfyWidgets.build/Objects-normal/arm64/NosfyWidgets.SwiftFileList

WriteAuxiliaryFile /var/folders/sk/1y78dckn1fbdyvwtdtdy76680000gn/T/nosfy-session-commit-s4q40rbr/DerivedBaseline/Build/Intermediates.noindex/Nosfy.build/Debug-iphonesimulator/NosfyWidgets.build/Objects-normal/arm64/NosfyWidgets_const_extract_protocols.json (in target 'NosfyWidgets' from project 'Nosfy')
    cd /var/folders/sk/1y78dckn1fbdyvwtdtdy76680000gn/T/nosfy-session-commit-s4q40rbr/baseline
    write-file /var/folders/sk/1y78dckn1fbdyvwtdtdy76680000gn/T/nosfy-session-commit-s4q40rbr/DerivedBaseline/Build/Intermediates.noindex/Nosfy.build/Debug-iphonesimulator/NosfyWidgets.build/Objects-normal/arm64/NosfyWidgets_const_extract_protocols.json

WriteAuxiliaryFile /var/folders/sk/1y78dckn1fbdyvwtdtdy76680000gn/T/nosfy-session-commit-s4q40rbr/DerivedBaseline/Build/Intermediates.noindex/Nosfy.build/Debug-iphonesimulator/Nosfy.build/Objects-normal/arm64/Nosfy-OutputFileMap.json (in target 'Nosfy' from project 'Nosfy')
    cd /var/folders/sk/1y78dckn1fbdyvwtdtdy76680000gn/T/nosfy-session-commit-s4q40rbr/baseline
    write-file /var/folders/sk/1y78dckn1fbdyvwtdtdy76680000gn/T/nosfy-session-commit-s4q40rbr/DerivedBaseline/Build/Intermediates.noindex/Nosfy.build/Debug-iphonesimulator/Nosfy.build/Objects-normal/arm64/Nosfy-OutputFileMap.json

WriteAuxiliaryFile /var/folders/sk/1y78dckn1fbdyvwtdtdy76680000gn/T/nosfy-session-commit-s4q40rbr/DerivedBaseline/Build/Intermediates.noindex/Nosfy.build/Debug-iphonesimulator/Nosfy.build/Objects-normal/arm64/Nosfy_const_extract_protocols.json (in target 'Nosfy' from project 'Nosfy')
    cd /var/folders/sk/1y78dckn1fbdyvwtdtdy76680000gn/T/nosfy-session-commit-s4q40rbr/baseline
    write-file /var/folders/sk/1y78dckn1fbdyvwtdtdy76680000gn/T/nosfy-session-commit-s4q40rbr/DerivedBaseline/Build/Intermediates.noindex/Nosfy.build/Debug-iphonesimulator/Nosfy.build/Objects-normal/arm64/Nosfy_const_extract_protocols.json

WriteAuxiliaryFile /var/folders/sk/1y78dckn1fbdyvwtdtdy76680000gn/T/nosfy-session-commit-s4q40rbr/DerivedBaseline/Build/Intermediates.noindex/Nosfy.build/Debug-iphonesimulator/NosfyWidgets.build/Objects-normal/arm64/NosfyWidgets.SwiftConstValuesFileList (in target 'NosfyWidgets' from project 'Nosfy')
    cd /var/folders/sk/1y78dckn1fbdyvwtdtdy76680000gn/T/nosfy-session-commit-s4q40rbr/baseline
    write-file /var/folders/sk/1y78dckn1fbdyvwtdtdy76680000gn/T/nosfy-session-commit-s4q40rbr/DerivedBaseline/Build/Intermediates.noindex/Nosfy.build/Debug-iphonesimulator/NosfyWidgets.build/Objects-normal/arm64/NosfyWidgets.SwiftConstValuesFileList

WriteAuxiliaryFile /var/folders/sk/1y78dckn1fbdyvwtdtdy76680000gn/T/nosfy-session-commit-s4q40rbr/DerivedBaseline/Build/Intermediates.noindex/Nosfy.build/Debug-iphonesimulator/NosfyWidgets.build/Objects-normal/arm64/NosfyWidgets.LinkFileList (in target 'NosfyWidgets' from project 'Nosfy')
    cd /var/folders/sk/1y78dckn1fbdyvwtdtdy76680000gn/T/nosfy-session-commit-s4q40rbr/baseline
    write-file /var/folders/sk/1y78dckn1fbdyvwtdtdy76680000gn/T/nosfy-session-commit-s4q40rbr/DerivedBaseline/Build/Intermediates.noindex/Nosfy.build/Debug-iphonesimulator/NosfyWidgets.build/Objects-normal/arm64/NosfyWidgets.LinkFileList

WriteAuxiliaryFile /var/folders/sk/1y78dckn1fbdyvwtdtdy76680000gn/T/nosfy-session-commit-s4q40rbr/DerivedBaseline/Build/Intermediates.noindex/Nosfy.build/Debug-iphonesimulator/NosfyWidgets.build/Objects-normal/arm64/NosfyWidgets-OutputFileMap.json (in target 'NosfyWidgets' from project 'Nosfy')
    cd /var/folders/sk/1y78dckn1fbdyvwtdtdy76680000gn/T/nosfy-session-commit-s4q40rbr/baseline
    write-file /var/folders/sk/1y78dckn1fbdyvwtdtdy76680000gn/T/nosfy-session-commit-s4q40rbr/DerivedBaseline/Build/Intermediates.noindex/Nosfy.build/Debug-iphonesimulator/NosfyWidgets.build/Objects-normal/arm64/NosfyWidgets-OutputFileMap.json

WriteAuxiliaryFile /var/folders/sk/1y78dckn1fbdyvwtdtdy76680000gn/T/nosfy-session-commit-s4q40rbr/DerivedBaseline/Build/Intermediates.noindex/Nosfy.build/Debug-iphonesimulator/NosfyWidgets.build/NosfyWidgets.hmap (in target 'NosfyWidgets' from project 'Nosfy')
    cd /var/folders/sk/1y78dckn1fbdyvwtdtdy76680000gn/T/nosfy-session-commit-s4q40rbr/baseline
    write-file /var/folders/sk/1y78dckn1fbdyvwtdtdy76680000gn/T/nosfy-session-commit-s4q40rbr/DerivedBaseline/Build/Intermediates.noindex/Nosfy.build/Debug-iphonesimulator/NosfyWidgets.build/NosfyWidgets.hmap

WriteAuxiliaryFile /var/folders/sk/1y78dckn1fbdyvwtdtdy76680000gn/T/nosfy-session-commit-s4q40rbr/DerivedBaseline/Build/Intermediates.noindex/Nosfy.build/Debug-iphonesimulator/NosfyWidgets.build/NosfyWidgets.DependencyStaticMetadataFileList (in target 'NosfyWidgets' from project 'Nosfy')
    cd /var/folders/sk/1y78dckn1fbdyvwtdtdy76680000gn/T/nosfy-session-commit-s4q40rbr/baseline
    write-file /var/folders/sk/1y78dckn1fbdyvwtdtdy76680000gn/T/nosfy-session-commit-s4q40rbr/DerivedBaseline/Build/Intermediates.noindex/Nosfy.build/Debug-iphonesimulator/NosfyWidgets.build/NosfyWidgets.DependencyStaticMetadataFileList

WriteAuxiliaryFile /var/folders/sk/1y78dckn1fbdyvwtdtdy76680000gn/T/nosfy-session-commit-s4q40rbr/DerivedBaseline/Build/Intermediates.noindex/Nosfy.build/Debug-iphonesimulator/NosfyWidgets.build/NosfyWidgets.DependencyMetadataFileList (in target 'NosfyWidgets' from project 'Nosfy')
    cd /var/folders/sk/1y78dckn1fbdyvwtdtdy76680000gn/T/nosfy-session-commit-s4q40rbr/baseline
    write-file /var/folders/sk/1y78dckn1fbdyvwtdtdy76680000gn/T/nosfy-session-commit-s4q40rbr/DerivedBaseline/Build/Intermediates.noindex/Nosfy.build/Debug-iphonesimulator/NosfyWidgets.build/NosfyWidgets.DependencyMetadataFileList

WriteAuxiliaryFile /var/folders/sk/1y78dckn1fbdyvwtdtdy76680000gn/T/nosfy-session-commit-s4q40rbr/DerivedBaseline/Build/Intermediates.noindex/Nosfy.build/Debug-iphonesimulator/NosfyWidgets.build/NosfyWidgets-project-headers.hmap (in target 'NosfyWidgets' from project 'Nosfy')
    cd /var/folders/sk/1y78dckn1fbdyvwtdtdy76680000gn/T/nosfy-session-commit-s4q40rbr/baseline
    write-file /var/folders/sk/1y78dckn1fbdyvwtdtdy76680000gn/T/nosfy-session-commit-s4q40rbr/DerivedBaseline/Build/Intermediates.noindex/Nosfy.build/Debug-iphonesimulator/NosfyWidgets.build/NosfyWidgets-project-headers.hmap

WriteAuxiliaryFile /var/folders/sk/1y78dckn1fbdyvwtdtdy76680000gn/T/nosfy-session-commit-s4q40rbr/DerivedBaseline/Build/Intermediates.noindex/Nosfy.build/Debug-iphonesimulator/NosfyWidgets.build/NosfyWidgets-generated-files.hmap (in target 'NosfyWidgets' from project 'Nosfy')
    cd /var/folders/sk/1y78dckn1fbdyvwtdtdy76680000gn/T/nosfy-session-commit-s4q40rbr/baseline
    write-file /var/folders/sk/1y78dckn1fbdyvwtdtdy76680000gn/T/nosfy-session-commit-s4q40rbr/DerivedBaseline/Build/Intermediates.noindex/Nosfy.build/Debug-iphonesimulator/NosfyWidgets.build/NosfyWidgets-generated-files.hmap

WriteAuxiliaryFile /var/folders/sk/1y78dckn1fbdyvwtdtdy76680000gn/T/nosfy-session-commit-s4q40rbr/DerivedBaseline/Build/Intermediates.noindex/Nosfy.build/Debug-iphonesimulator/NosfyWidgets.build/NosfyWidgets-own-target-headers.hmap (in target 'NosfyWidgets' from project 'Nosfy')
    cd /var/folders/sk/1y78dckn1fbdyvwtdtdy76680000gn/T/nosfy-session-commit-s4q40rbr/baseline
    write-file /var/folders/sk/1y78dckn1fbdyvwtdtdy76680000gn/T/nosfy-session-commit-s4q40rbr/DerivedBaseline/Build/Intermediates.noindex/Nosfy.build/Debug-iphonesimulator/NosfyWidgets.build/NosfyWidgets-own-target-headers.hmap

WriteAuxiliaryFile /var/folders/sk/1y78dckn1fbdyvwtdtdy76680000gn/T/nosfy-session-commit-s4q40rbr/DerivedBaseline/Build/Intermediates.noindex/Nosfy.build/Debug-iphonesimulator/NosfyWidgets.build/NosfyWidgets-all-target-headers.hmap (in target 'NosfyWidgets' from project 'Nosfy')
    cd /var/folders/sk/1y78dckn1fbdyvwtdtdy76680000gn/T/nosfy-session-commit-s4q40rbr/baseline
    write-file /var/folders/sk/1y78dckn1fbdyvwtdtdy76680000gn/T/nosfy-session-commit-s4q40rbr/DerivedBaseline/Build/Intermediates.noindex/Nosfy.build/Debug-iphonesimulator/NosfyWidgets.build/NosfyWidgets-all-target-headers.hmap

WriteAuxiliaryFile /var/folders/sk/1y78dckn1fbdyvwtdtdy76680000gn/T/nosfy-session-commit-s4q40rbr/DerivedBaseline/Build/Intermediates.noindex/Nosfy.build/Debug-iphonesimulator/NosfyWidgets.build/NosfyWidgets-all-non-framework-target-headers.hmap (in target 'NosfyWidgets' from project 'Nosfy')
    cd /var/folders/sk/1y78dckn1fbdyvwtdtdy76680000gn/T/nosfy-session-commit-s4q40rbr/baseline
    write-file /var/folders/sk/1y78dckn1fbdyvwtdtdy76680000gn/T/nosfy-session-commit-s4q40rbr/DerivedBaseline/Build/Intermediates.noindex/Nosfy.build/Debug-iphonesimulator/NosfyWidgets.build/NosfyWidgets-all-non-framework-target-headers.hmap

WriteAuxiliaryFile /var/folders/sk/1y78dckn1fbdyvwtdtdy76680000gn/T/nosfy-session-commit-s4q40rbr/DerivedBaseline/Build/Intermediates.noindex/Nosfy.build/Debug-iphonesimulator/NosfyWidgets.build/NosfyWidgets-DebugEntryPoint-normal-arm64.txt (in target 'NosfyWidgets' from project 'Nosfy')
    cd /var/folders/sk/1y78dckn1fbdyvwtdtdy76680000gn/T/nosfy-session-commit-s4q40rbr/baseline
    write-file /var/folders/sk/1y78dckn1fbdyvwtdtdy76680000gn/T/nosfy-session-commit-s4q40rbr/DerivedBaseline/Build/Intermediates.noindex/Nosfy.build/Debug-iphonesimulator/NosfyWidgets.build/NosfyWidgets-DebugEntryPoint-normal-arm64.txt

WriteAuxiliaryFile /var/folders/sk/1y78dckn1fbdyvwtdtdy76680000gn/T/nosfy-session-commit-s4q40rbr/DerivedBaseline/Build/Intermediates.noindex/Nosfy.build/Debug-iphonesimulator/NosfyWidgets.build/NosfyWidgets-DebugDylibPath-normal-arm64.txt (in target 'NosfyWidgets' from project 'Nosfy')
    cd /var/folders/sk/1y78dckn1fbdyvwtdtdy76680000gn/T/nosfy-session-commit-s4q40rbr/baseline
    write-file /var/folders/sk/1y78dckn1fbdyvwtdtdy76680000gn/T/nosfy-session-commit-s4q40rbr/DerivedBaseline/Build/Intermediates.noindex/Nosfy.build/Debug-iphonesimulator/NosfyWidgets.build/NosfyWidgets-DebugDylibPath-normal-arm64.txt

WriteAuxiliaryFile /var/folders/sk/1y78dckn1fbdyvwtdtdy76680000gn/T/nosfy-session-commit-s4q40rbr/DerivedBaseline/Build/Intermediates.noindex/Nosfy.build/Debug-iphonesimulator/NosfyWidgets.build/NosfyWidgets-DebugDylibInstallName-normal-arm64.txt (in target 'NosfyWidgets' from project 'Nosfy')
    cd /var/folders/sk/1y78dckn1fbdyvwtdtdy76680000gn/T/nosfy-session-commit-s4q40rbr/baseline
    write-file /var/folders/sk/1y78dckn1fbdyvwtdtdy76680000gn/T/nosfy-session-commit-s4q40rbr/DerivedBaseline/Build/Intermediates.noindex/Nosfy.build/Debug-iphonesimulator/NosfyWidgets.build/NosfyWidgets-DebugDylibInstallName-normal-arm64.txt

WriteAuxiliaryFile /var/folders/sk/1y78dckn1fbdyvwtdtdy76680000gn/T/nosfy-session-commit-s4q40rbr/DerivedBaseline/Build/Intermediates.noindex/Nosfy.build/Debug-iphonesimulator/Nosfy.build/Objects-normal/arm64/Nosfy.SwiftFileList (in target 'Nosfy' from project 'Nosfy')
    cd /var/folders/sk/1y78dckn1fbdyvwtdtdy76680000gn/T/nosfy-session-commit-s4q40rbr/baseline
    write-file /var/folders/sk/1y78dckn1fbdyvwtdtdy76680000gn/T/nosfy-session-commit-s4q40rbr/DerivedBaseline/Build/Intermediates.noindex/Nosfy.build/Debug-iphonesimulator/Nosfy.build/Objects-normal/arm64/Nosfy.SwiftFileList

WriteAuxiliaryFile /var/folders/sk/1y78dckn1fbdyvwtdtdy76680000gn/T/nosfy-session-commit-s4q40rbr/DerivedBaseline/Build/Intermediates.noindex/Nosfy.build/Debug-iphonesimulator/Nosfy.build/Objects-normal/arm64/Nosfy.SwiftConstValuesFileList (in target 'Nosfy' from project 'Nosfy')
    cd /var/folders/sk/1y78dckn1fbdyvwtdtdy76680000gn/T/nosfy-session-commit-s4q40rbr/baseline
    write-file /var/folders/sk/1y78dckn1fbdyvwtdtdy76680000gn/T/nosfy-session-commit-s4q40rbr/DerivedBaseline/Build/Intermediates.noindex/Nosfy.build/Debug-iphonesimulator/Nosfy.build/Objects-normal/arm64/Nosfy.SwiftConstValuesFileList

WriteAuxiliaryFile /var/folders/sk/1y78dckn1fbdyvwtdtdy76680000gn/T/nosfy-session-commit-s4q40rbr/DerivedBaseline/Build/Intermediates.noindex/Nosfy.build/Debug-iphonesimulator/Nosfy.build/Objects-normal/arm64/Nosfy.LinkFileList (in target 'Nosfy' from project 'Nosfy')
    cd /var/folders/sk/1y78dckn1fbdyvwtdtdy76680000gn/T/nosfy-session-commit-s4q40rbr/baseline
    write-file /var/folders/sk/1y78dckn1fbdyvwtdtdy76680000gn/T/nosfy-session-commit-s4q40rbr/DerivedBaseline/Build/Intermediates.noindex/Nosfy.build/Debug-iphonesimulator/Nosfy.build/Objects-normal/arm64/Nosfy.LinkFileList

WriteAuxiliaryFile /var/folders/sk/1y78dckn1fbdyvwtdtdy76680000gn/T/nosfy-session-commit-s4q40rbr/DerivedBaseline/Build/Intermediates.noindex/Nosfy.build/Debug-iphonesimulator/Nosfy.build/Nosfy.DependencyStaticMetadataFileList (in target 'Nosfy' from project 'Nosfy')
    cd /var/folders/sk/1y78dckn1fbdyvwtdtdy76680000gn/T/nosfy-session-commit-s4q40rbr/baseline
    write-file /var/folders/sk/1y78dckn1fbdyvwtdtdy76680000gn/T/nosfy-session-commit-s4q40rbr/DerivedBaseline/Build/Intermediates.noindex/Nosfy.build/Debug-iphonesimulator/Nosfy.build/Nosfy.DependencyStaticMetadataFileList

WriteAuxiliaryFile /var/folders/sk/1y78dckn1fbdyvwtdtdy76680000gn/T/nosfy-session-commit-s4q40rbr/DerivedBaseline/Build/Intermediates.noindex/Nosfy.build/Debug-iphonesimulator/Nosfy.build/Nosfy.DependencyMetadataFileList (in target 'Nosfy' from project 'Nosfy')
    cd /var/folders/sk/1y78dckn1fbdyvwtdtdy76680000gn/T/nosfy-session-commit-s4q40rbr/baseline
    write-file /var/folders/sk/1y78dckn1fbdyvwtdtdy76680000gn/T/nosfy-session-commit-s4q40rbr/DerivedBaseline/Build/Intermediates.noindex/Nosfy.build/Debug-iphonesimulator/Nosfy.build/Nosfy.DependencyMetadataFileList

WriteAuxiliaryFile /var/folders/sk/1y78dckn1fbdyvwtdtdy76680000gn/T/nosfy-session-commit-s4q40rbr/DerivedBaseline/Build/Intermediates.noindex/Nosfy.build/Debug-iphonesimulator/Nosfy.build/Nosfy-all-non-framework-target-headers.hmap (in target 'Nosfy' from project 'Nosfy')
    cd /var/folders/sk/1y78dckn1fbdyvwtdtdy76680000gn/T/nosfy-session-commit-s4q40rbr/baseline
    write-file /var/folders/sk/1y78dckn1fbdyvwtdtdy76680000gn/T/nosfy-session-commit-s4q40rbr/DerivedBaseline/Build/Intermediates.noindex/Nosfy.build/Debug-iphonesimulator/Nosfy.build/Nosfy-all-non-framework-target-headers.hmap

WriteAuxiliaryFile /var/folders/sk/1y78dckn1fbdyvwtdtdy76680000gn/T/nosfy-session-commit-s4q40rbr/DerivedBaseline/Build/Intermediates.noindex/Nosfy.build/Debug-iphonesimulator/Nosfy.build/Nosfy-DebugDylibPath-normal-arm64.txt (in target 'Nosfy' from project 'Nosfy')
    cd /var/folders/sk/1y78dckn1fbdyvwtdtdy76680000gn/T/nosfy-session-commit-s4q40rbr/baseline
    write-file /var/folders/sk/1y78dckn1fbdyvwtdtdy76680000gn/T/nosfy-session-commit-s4q40rbr/DerivedBaseline/Build/Intermediates.noindex/Nosfy.build/Debug-iphonesimulator/Nosfy.build/Nosfy-DebugDylibPath-normal-arm64.txt

WriteAuxiliaryFile /var/folders/sk/1y78dckn1fbdyvwtdtdy76680000gn/T/nosfy-session-commit-s4q40rbr/DerivedBaseline/Build/Intermediates.noindex/Nosfy.build/Debug-iphonesimulator/Nosfy.build/Nosfy-DebugDylibInstallName-normal-arm64.txt (in target 'Nosfy' from project 'Nosfy')
    cd /var/folders/sk/1y78dckn1fbdyvwtdtdy76680000gn/T/nosfy-session-commit-s4q40rbr/baseline
    write-file /var/folders/sk/1y78dckn1fbdyvwtdtdy76680000gn/T/nosfy-session-commit-s4q40rbr/DerivedBaseline/Build/Intermediates.noindex/Nosfy.build/Debug-iphonesimulator/Nosfy.build/Nosfy-DebugDylibInstallName-normal-arm64.txt

MkDir /var/folders/sk/1y78dckn1fbdyvwtdtdy76680000gn/T/nosfy-session-commit-s4q40rbr/DerivedBaseline/Build/Products/Debug-iphonesimulator/NosfyWidgets.appex (in target 'NosfyWidgets' from project 'Nosfy')
    cd /var/folders/sk/1y78dckn1fbdyvwtdtdy76680000gn/T/nosfy-session-commit-s4q40rbr/baseline
    /bin/mkdir -p /var/folders/sk/1y78dckn1fbdyvwtdtdy76680000gn/T/nosfy-session-commit-s4q40rbr/DerivedBaseline/Build/Products/Debug-iphonesimulator/NosfyWidgets.appex

MkDir /var/folders/sk/1y78dckn1fbdyvwtdtdy76680000gn/T/nosfy-session-commit-s4q40rbr/DerivedBaseline/Build/Products/Debug-iphonesimulator/Nosfy.app/PlugIns (in target 'Nosfy' from project 'Nosfy')
    cd /var/folders/sk/1y78dckn1fbdyvwtdtdy76680000gn/T/nosfy-session-commit-s4q40rbr/baseline
    /bin/mkdir -p /var/folders/sk/1y78dckn1fbdyvwtdtdy76680000gn/T/nosfy-session-commit-s4q40rbr/DerivedBaseline/Build/Products/Debug-iphonesimulator/Nosfy.app/PlugIns

MkDir /var/folders/sk/1y78dckn1fbdyvwtdtdy76680000gn/T/nosfy-session-commit-s4q40rbr/DerivedBaseline/Build/Products/Debug-iphonesimulator/Nosfy.app (in target 'Nosfy' from project 'Nosfy')
    cd /var/folders/sk/1y78dckn1fbdyvwtdtdy76680000gn/T/nosfy-session-commit-s4q40rbr/baseline
    /bin/mkdir -p /var/folders/sk/1y78dckn1fbdyvwtdtdy76680000gn/T/nosfy-session-commit-s4q40rbr/DerivedBaseline/Build/Products/Debug-iphonesimulator/Nosfy.app

Ld /var/folders/sk/1y78dckn1fbdyvwtdtdy76680000gn/T/nosfy-session-commit-s4q40rbr/DerivedBaseline/Build/Products/Debug-iphonesimulator/NosfyWidgets.appex/__preview.dylib normal (in target 'NosfyWidgets' from project 'Nosfy')
    cd /var/folders/sk/1y78dckn1fbdyvwtdtdy76680000gn/T/nosfy-session-commit-s4q40rbr/baseline
    /Applications/Xcode.app/Contents/Developer/Toolchains/XcodeDefault.xctoolchain/usr/bin/clang -Xlinker -reproducible -target arm64-apple-ios26.0-simulator -dynamiclib -isysroot /Applications/Xcode.app/Contents/Developer/Platforms/iPhoneSimulator.platform/Developer/SDKs/iPhoneSimulator26.5.sdk -O0 -L/var/folders/sk/1y78dckn1fbdyvwtdtdy76680000gn/T/nosfy-session-commit-s4q40rbr/DerivedBaseline/Build/Products/Debug-iphonesimulator -F/var/folders/sk/1y78dckn1fbdyvwtdtdy76680000gn/T/nosfy-session-commit-s4q40rbr/DerivedBaseline/Build/Products/Debug-iphonesimulator -install_name @rpath/NosfyWidgets.debug.dylib -Xlinker -dead_strip -rdynamic -Xlinker -no_deduplicate -Xlinker -objc_abi_version -Xlinker 2 -Xlinker -dependency_info -Xlinker /var/folders/sk/1y78dckn1fbdyvwtdtdy76680000gn/T/nosfy-session-commit-s4q40rbr/DerivedBaseline/Build/Intermediates.noindex/Nosfy.build/Debug-iphonesimulator/NosfyWidgets.build/Objects-normal/arm64/NosfyWidgets_dependency_info.dat -o /var/folders/sk/1y78dckn1fbdyvwtdtdy76680000gn/T/nosfy-session-commit-s4q40rbr/DerivedBaseline/Build/Products/Debug-iphonesimulator/NosfyWidgets.appex/__preview.dylib

MkDir /var/folders/sk/1y78dckn1fbdyvwtdtdy76680000gn/T/nosfy-session-commit-s4q40rbr/DerivedBaseline/Build/Intermediates.noindex/Nosfy.build/Debug-iphonesimulator/NosfyWidgets.build/assetcatalog_output/unthinned (in target 'NosfyWidgets' from project 'Nosfy')
    cd /var/folders/sk/1y78dckn1fbdyvwtdtdy76680000gn/T/nosfy-session-commit-s4q40rbr/baseline
    /bin/mkdir -p /var/folders/sk/1y78dckn1fbdyvwtdtdy76680000gn/T/nosfy-session-commit-s4q40rbr/DerivedBaseline/Build/Intermediates.noindex/Nosfy.build/Debug-iphonesimulator/NosfyWidgets.build/assetcatalog_output/unthinned

MkDir /var/folders/sk/1y78dckn1fbdyvwtdtdy76680000gn/T/nosfy-session-commit-s4q40rbr/DerivedBaseline/Build/Intermediates.noindex/Nosfy.build/Debug-iphonesimulator/NosfyWidgets.build/assetcatalog_output/thinned (in target 'NosfyWidgets' from project 'Nosfy')
    cd /var/folders/sk/1y78dckn1fbdyvwtdtdy76680000gn/T/nosfy-session-commit-s4q40rbr/baseline
    /bin/mkdir -p /var/folders/sk/1y78dckn1fbdyvwtdtdy76680000gn/T/nosfy-session-commit-s4q40rbr/DerivedBaseline/Build/Intermediates.noindex/Nosfy.build/Debug-iphonesimulator/NosfyWidgets.build/assetcatalog_output/thinned

GenerateAssetSymbols /var/folders/sk/1y78dckn1fbdyvwtdtdy76680000gn/T/nosfy-session-commit-s4q40rbr/baseline/NosfyShared/LiveAssets.xcassets (in target 'NosfyWidgets' from project 'Nosfy')
    cd /var/folders/sk/1y78dckn1fbdyvwtdtdy76680000gn/T/nosfy-session-commit-s4q40rbr/baseline
    /Applications/Xcode.app/Contents/Developer/usr/bin/actool /var/folders/sk/1y78dckn1fbdyvwtdtdy76680000gn/T/nosfy-session-commit-s4q40rbr/baseline/NosfyShared/LiveAssets.xcassets --compile /var/folders/sk/1y78dckn1fbdyvwtdtdy76680000gn/T/nosfy-session-commit-s4q40rbr/DerivedBaseline/Build/Products/Debug-iphonesimulator/NosfyWidgets.appex --output-format human-readable-text --notices --warnings --export-dependency-info /var/folders/sk/1y78dckn1fbdyvwtdtdy76680000gn/T/nosfy-session-commit-s4q40rbr/DerivedBaseline/Build/Intermediates.noindex/Nosfy.build/Debug-iphonesimulator/NosfyWidgets.build/assetcatalog_dependencies --output-partial-info-plist /var/folders/sk/1y78dckn1fbdyvwtdtdy76680000gn/T/nosfy-session-commit-s4q40rbr/DerivedBaseline/Build/Intermediates.noindex/Nosfy.build/Debug-iphonesimulator/NosfyWidgets.build/assetcatalog_generated_info.plist --compress-pngs --enable-on-demand-resources NO --standalone-icon-behavior all --development-region fr --target-device iphone --minimum-deployment-target 26.0 --platform iphonesimulator --bundle-identifier fr.kathryn.woop.WoopWidgets --generate-swift-asset-symbol-extensions NO --generate-swift-asset-symbols /var/folders/sk/1y78dckn1fbdyvwtdtdy76680000gn/T/nosfy-session-commit-s4q40rbr/DerivedBaseline/Build/Intermediates.noindex/Nosfy.build/Debug-iphonesimulator/NosfyWidgets.build/DerivedSources/GeneratedAssetSymbols.swift --generate-objc-asset-symbols /var/folders/sk/1y78dckn1fbdyvwtdtdy76680000gn/T/nosfy-session-commit-s4q40rbr/DerivedBaseline/Build/Intermediates.noindex/Nosfy.build/Debug-iphonesimulator/NosfyWidgets.build/DerivedSources/GeneratedAssetSymbols.h --generate-asset-symbol-index /var/folders/sk/1y78dckn1fbdyvwtdtdy76680000gn/T/nosfy-session-commit-s4q40rbr/DerivedBaseline/Build/Intermediates.noindex/Nosfy.build/Debug-iphonesimulator/NosfyWidgets.build/DerivedSources/GeneratedAssetSymbols-Index.plist
/* com.apple.actool.compilation-results */
/var/folders/sk/1y78dckn1fbdyvwtdtdy76680000gn/T/nosfy-session-commit-s4q40rbr/DerivedBaseline/Build/Intermediates.noindex/Nosfy.build/Debug-iphonesimulator/NosfyWidgets.build/DerivedSources/GeneratedAssetSymbols-Index.plist
/var/folders/sk/1y78dckn1fbdyvwtdtdy76680000gn/T/nosfy-session-commit-s4q40rbr/DerivedBaseline/Build/Intermediates.noindex/Nosfy.build/Debug-iphonesimulator/NosfyWidgets.build/DerivedSources/GeneratedAssetSymbols.h
/var/folders/sk/1y78dckn1fbdyvwtdtdy76680000gn/T/nosfy-session-commit-s4q40rbr/DerivedBaseline/Build/Intermediates.noindex/Nosfy.build/Debug-iphonesimulator/NosfyWidgets.build/DerivedSources/GeneratedAssetSymbols.swift


CompileAssetCatalogVariant thinned /var/folders/sk/1y78dckn1fbdyvwtdtdy76680000gn/T/nosfy-session-commit-s4q40rbr/DerivedBaseline/Build/Products/Debug-iphonesimulator/NosfyWidgets.appex /var/folders/sk/1y78dckn1fbdyvwtdtdy76680000gn/T/nosfy-session-commit-s4q40rbr/baseline/NosfyShared/LiveAssets.xcassets (in target 'NosfyWidgets' from project 'Nosfy')
    cd /var/folders/sk/1y78dckn1fbdyvwtdtdy76680000gn/T/nosfy-session-commit-s4q40rbr/baseline
    /Applications/Xcode.app/Contents/Developer/usr/bin/actool /var/folders/sk/1y78dckn1fbdyvwtdtdy76680000gn/T/nosfy-session-commit-s4q40rbr/baseline/NosfyShared/LiveAssets.xcassets --compile /var/folders/sk/1y78dckn1fbdyvwtdtdy76680000gn/T/nosfy-session-commit-s4q40rbr/DerivedBaseline/Build/Intermediates.noindex/Nosfy.build/Debug-iphonesimulator/NosfyWidgets.build/assetcatalog_output/thinned --output-format human-readable-text --notices --warnings --export-dependency-info /var/folders/sk/1y78dckn1fbdyvwtdtdy76680000gn/T/nosfy-session-commit-s4q40rbr/DerivedBaseline/Build/Intermediates.noindex/Nosfy.build/Debug-iphonesimulator/NosfyWidgets.build/assetcatalog_dependencies_thinned --output-partial-info-plist /var/folders/sk/1y78dckn1fbdyvwtdtdy76680000gn/T/nosfy-session-commit-s4q40rbr/DerivedBaseline/Build/Intermediates.noindex/Nosfy.build/Debug-iphonesimulator/NosfyWidgets.build/assetcatalog_generated_info.plist_thinned --compress-pngs --enable-on-demand-resources NO --standalone-icon-behavior all --development-region fr --target-device iphone --minimum-deployment-target 26.0 --platform iphonesimulator
/* com.apple.actool.compilation-results */
/var/folders/sk/1y78dckn1fbdyvwtdtdy76680000gn/T/nosfy-session-commit-s4q40rbr/DerivedBaseline/Build/Intermediates.noindex/Nosfy.build/Debug-iphonesimulator/NosfyWidgets.build/assetcatalog_generated_info.plist_thinned
/var/folders/sk/1y78dckn1fbdyvwtdtdy76680000gn/T/nosfy-session-commit-s4q40rbr/DerivedBaseline/Build/Intermediates.noindex/Nosfy.build/Debug-iphonesimulator/NosfyWidgets.build/assetcatalog_output/thinned/Assets.car


SwiftDriver NosfyWidgets normal arm64 com.apple.xcode.tools.swift.compiler (in target 'NosfyWidgets' from project 'Nosfy')
    cd /var/folders/sk/1y78dckn1fbdyvwtdtdy76680000gn/T/nosfy-session-commit-s4q40rbr/baseline
    builtin-SwiftDriver -- /Applications/Xcode.app/Contents/Developer/Toolchains/XcodeDefault.xctoolchain/usr/bin/swiftc -module-name NosfyWidgets -Onone @/var/folders/sk/1y78dckn1fbdyvwtdtdy76680000gn/T/nosfy-session-commit-s4q40rbr/DerivedBaseline/Build/Intermediates.noindex/Nosfy.build/Debug-iphonesimulator/NosfyWidgets.build/Objects-normal/arm64/NosfyWidgets.SwiftFileList -DDEBUG -enable-bare-slash-regex -enable-experimental-feature DebugDescriptionMacro -sdk /Applications/Xcode.app/Contents/Developer/Platforms/iPhoneSimulator.platform/Developer/SDKs/iPhoneSimulator26.5.sdk -target arm64-apple-ios26.0-simulator -g -module-cache-path /var/folders/sk/1y78dckn1fbdyvwtdtdy76680000gn/T/nosfy-session-commit-s4q40rbr/DerivedBaseline/ModuleCache.noindex -Xfrontend -serialize-debugging-options -application-extension -enable-testing -index-store-path /var/folders/sk/1y78dckn1fbdyvwtdtdy76680000gn/T/nosfy-session-commit-s4q40rbr/DerivedBaseline/Index.noindex/DataStore -Xcc -D_LIBCPP_HARDENING_MODE\=_LIBCPP_HARDENING_MODE_DEBUG -swift-version 5 -I /var/folders/sk/1y78dckn1fbdyvwtdtdy76680000gn/T/nosfy-session-commit-s4q40rbr/DerivedBaseline/Build/Products/Debug-iphonesimulator -F /var/folders/sk/1y78dckn1fbdyvwtdtdy76680000gn/T/nosfy-session-commit-s4q40rbr/DerivedBaseline/Build/Products/Debug-iphonesimulator -emit-localized-strings -emit-localized-strings-path /var/folders/sk/1y78dckn1fbdyvwtdtdy76680000gn/T/nosfy-session-commit-s4q40rbr/DerivedBaseline/Build/Intermediates.noindex/Nosfy.build/Debug-iphonesimulator/NosfyWidgets.build/Objects-normal/arm64 -c -j10 -enable-batch-mode -incremental -Xcc -ivfsstatcache -Xcc /var/folders/sk/1y78dckn1fbdyvwtdtdy76680000gn/T/nosfy-session-commit-s4q40rbr/DerivedBaseline/SDKStatCaches.noindex/iphonesimulator26.5-23F73-688ef53f1462e2c8f657fdc38a81448f6cfe768891a92b912361537c460fe42b.sdkstatcache -output-file-map /var/folders/sk/1y78dckn1fbdyvwtdtdy76680000gn/T/nosfy-session-commit-s4q40rbr/DerivedBaseline/Build/Intermediates.noindex/Nosfy.build/Debug-iphonesimulator/NosfyWidgets.build/Objects-normal/arm64/NosfyWidgets-OutputFileMap.json -use-frontend-parseable-output -save-temps -no-color-diagnostics -explicit-module-build -module-cache-path /var/folders/sk/1y78dckn1fbdyvwtdtdy76680000gn/T/nosfy-session-commit-s4q40rbr/DerivedBaseline/Build/Intermediates.noindex/SwiftExplicitPrecompiledModules -clang-scanner-module-cache-path /var/folders/sk/1y78dckn1fbdyvwtdtdy76680000gn/T/nosfy-session-commit-s4q40rbr/DerivedBaseline/ModuleCache.noindex -sdk-module-cache-path /var/folders/sk/1y78dckn1fbdyvwtdtdy76680000gn/T/nosfy-session-commit-s4q40rbr/DerivedBaseline/ModuleCache.noindex -serialize-diagnostics -emit-dependencies -emit-module -emit-module-path /var/folders/sk/1y78dckn1fbdyvwtdtdy76680000gn/T/nosfy-session-commit-s4q40rbr/DerivedBaseline/Build/Intermediates.noindex/Nosfy.build/Debug-iphonesimulator/NosfyWidgets.build/Objects-normal/arm64/NosfyWidgets.swiftmodule -validate-clang-modules-once -clang-build-session-file /var/folders/sk/1y78dckn1fbdyvwtdtdy76680000gn/T/nosfy-session-commit-s4q40rbr/DerivedBaseline/ModuleCache.noindex/Session.modulevalidation -Xcc -I/var/folders/sk/1y78dckn1fbdyvwtdtdy76680000gn/T/nosfy-session-commit-s4q40rbr/DerivedBaseline/Build/Intermediates.noindex/Nosfy.build/Debug-iphonesimulator/NosfyWidgets.build/swift-overrides.hmap -emit-const-values -Xfrontend -const-gather-protocols-file -Xfrontend /var/folders/sk/1y78dckn1fbdyvwtdtdy76680000gn/T/nosfy-session-commit-s4q40rbr/DerivedBaseline/Build/Intermediates.noindex/Nosfy.build/Debug-iphonesimulator/NosfyWidgets.build/Objects-normal/arm64/NosfyWidgets_const_extract_protocols.json -Xcc -iquote -Xcc /var/folders/sk/1y78dckn1fbdyvwtdtdy76680000gn/T/nosfy-session-commit-s4q40rbr/DerivedBaseline/Build/Intermediates.noindex/Nosfy.build/Debug-iphonesimulator/NosfyWidgets.build/NosfyWidgets-generated-files.hmap -Xcc -I/var/folders/sk/1y78dckn1fbdyvwtdtdy76680000gn/T/nosfy-session-commit-s4q40rbr/DerivedBaseline/Build/Intermediates.noindex/Nosfy.build/Debug-iphonesimulator/NosfyWidgets.build/NosfyWidgets-own-target-headers.hmap -Xcc -I/var/folders/sk/1y78dckn1fbdyvwtdtdy76680000gn/T/nosfy-session-commit-s4q40rbr/DerivedBaseline/Build/Intermediates.noindex/Nosfy.build/Debug-iphonesimulator/NosfyWidgets.build/NosfyWidgets-all-target-headers.hmap -Xcc -iquote -Xcc /var/folders/sk/1y78dckn1fbdyvwtdtdy76680000gn/T/nosfy-session-commit-s4q40rbr/DerivedBaseline/Build/Intermediates.noindex/Nosfy.build/Debug-iphonesimulator/NosfyWidgets.build/NosfyWidgets-project-headers.hmap -Xcc -I/var/folders/sk/1y78dckn1fbdyvwtdtdy76680000gn/T/nosfy-session-commit-s4q40rbr/DerivedBaseline/Build/Products/Debug-iphonesimulator/include -Xcc -I/var/folders/sk/1y78dckn1fbdyvwtdtdy76680000gn/T/nosfy-session-commit-s4q40rbr/DerivedBaseline/Build/Intermediates.noindex/Nosfy.build/Debug-iphonesimulator/NosfyWidgets.build/DerivedSources-normal/arm64 -Xcc -I/var/folders/sk/1y78dckn1fbdyvwtdtdy76680000gn/T/nosfy-session-commit-s4q40rbr/DerivedBaseline/Build/Intermediates.noindex/Nosfy.build/Debug-iphonesimulator/NosfyWidgets.build/DerivedSources/arm64 -Xcc -I/var/folders/sk/1y78dckn1fbdyvwtdtdy76680000gn/T/nosfy-session-commit-s4q40rbr/DerivedBaseline/Build/Intermediates.noindex/Nosfy.build/Debug-iphonesimulator/NosfyWidgets.build/DerivedSources -Xcc -DDEBUG\=1 -emit-objc-header -emit-objc-header-path /var/folders/sk/1y78dckn1fbdyvwtdtdy76680000gn/T/nosfy-session-commit-s4q40rbr/DerivedBaseline/Build/Intermediates.noindex/Nosfy.build/Debug-iphonesimulator/NosfyWidgets.build/Objects-normal/arm64/NosfyWidgets-Swift.h -working-directory /var/folders/sk/1y78dckn1fbdyvwtdtdy76680000gn/T/nosfy-session-commit-s4q40rbr/baseline -experimental-emit-module-separately -disable-cmo

SwiftExplicitDependencyGeneratePcm arm64 /var/folders/sk/1y78dckn1fbdyvwtdtdy76680000gn/T/nosfy-session-commit-s4q40rbr/DerivedBaseline/ModuleCache.noindex/_SwiftConcurrencyShims-66ITLKSZRUBZS82F87PXOX7JR.pcm

SwiftExplicitDependencyGeneratePcm arm64 /var/folders/sk/1y78dckn1fbdyvwtdtdy76680000gn/T/nosfy-session-commit-s4q40rbr/DerivedBaseline/ModuleCache.noindex/ActivityKit-3M19R66Z8WJR9L829VIHXTA9F.pcm

SwiftExplicitDependencyGeneratePcm arm64 /var/folders/sk/1y78dckn1fbdyvwtdtdy76680000gn/T/nosfy-session-commit-s4q40rbr/DerivedBaseline/ModuleCache.noindex/_Builtin_stdarg-1K7QR8287DAGL6OAKN3UG6OOT.pcm

SwiftExplicitDependencyGeneratePcm arm64 /var/folders/sk/1y78dckn1fbdyvwtdtdy76680000gn/T/nosfy-session-commit-s4q40rbr/DerivedBaseline/ModuleCache.noindex/SwiftShims-PI7MYO2G5LZ6X01L7PY5UJRN.pcm

SwiftExplicitDependencyGeneratePcm arm64 /var/folders/sk/1y78dckn1fbdyvwtdtdy76680000gn/T/nosfy-session-commit-s4q40rbr/DerivedBaseline/ModuleCache.noindex/_Builtin_float-2OYZ1LPCT7TSD4LAHF9MUFZXM.pcm

SwiftExplicitDependencyGeneratePcm arm64 /var/folders/sk/1y78dckn1fbdyvwtdtdy76680000gn/T/nosfy-session-commit-s4q40rbr/DerivedBaseline/ModuleCache.noindex/_AvailabilityInternal-D49MINIGJX7YWJ580E1HPAQJB.pcm

SwiftExplicitDependencyGeneratePcm arm64 /var/folders/sk/1y78dckn1fbdyvwtdtdy76680000gn/T/nosfy-session-commit-s4q40rbr/DerivedBaseline/ModuleCache.noindex/DeveloperToolsSupport-CNQCNEF9TITUOODRDM72EE6K.pcm

SwiftExplicitDependencyGeneratePcm arm64 /var/folders/sk/1y78dckn1fbdyvwtdtdy76680000gn/T/nosfy-session-commit-s4q40rbr/DerivedBaseline/ModuleCache.noindex/ptrauth-6YQ6JZ1TH5KI6GY4351SEL13Y.pcm

SwiftExplicitDependencyGeneratePcm arm64 /var/folders/sk/1y78dckn1fbdyvwtdtdy76680000gn/T/nosfy-session-commit-s4q40rbr/DerivedBaseline/ModuleCache.noindex/ptrcheck-3A9RDZPYCUG7WPVLXK223ZXPE.pcm

SwiftExplicitDependencyGeneratePcm arm64 /var/folders/sk/1y78dckn1fbdyvwtdtdy76680000gn/T/nosfy-session-commit-s4q40rbr/DerivedBaseline/ModuleCache.noindex/_Builtin_stdbool-6QMO2OMTRYHGNZSO7JHU3X46V.pcm

SwiftExplicitDependencyGeneratePcm arm64 /var/folders/sk/1y78dckn1fbdyvwtdtdy76680000gn/T/nosfy-session-commit-s4q40rbr/DerivedBaseline/ModuleCache.noindex/_Builtin_stddef-13TBKTL875MDZOEVKJEWBVNK6.pcm

SwiftExplicitDependencyGeneratePcm arm64 /var/folders/sk/1y78dckn1fbdyvwtdtdy76680000gn/T/nosfy-session-commit-s4q40rbr/DerivedBaseline/ModuleCache.noindex/_DarwinFoundation1-2FXWC5BDBFDTCGSP27UBKSMX9.pcm

SwiftExplicitDependencyGeneratePcm arm64 /var/folders/sk/1y78dckn1fbdyvwtdtdy76680000gn/T/nosfy-session-commit-s4q40rbr/DerivedBaseline/ModuleCache.noindex/ExtensionFoundation-CDA5BS0JA521XECJ8S131SJOM.pcm

SwiftExplicitDependencyGeneratePcm arm64 /var/folders/sk/1y78dckn1fbdyvwtdtdy76680000gn/T/nosfy-session-commit-s4q40rbr/DerivedBaseline/ModuleCache.noindex/_Builtin_limits-6EJB14JICDI7MAUIFE28N3VHN.pcm

SwiftExplicitDependencyGeneratePcm arm64 /var/folders/sk/1y78dckn1fbdyvwtdtdy76680000gn/T/nosfy-session-commit-s4q40rbr/DerivedBaseline/ModuleCache.noindex/_DarwinFoundation2-7ADAXX9KL19OYV0567FE5YQVF.pcm

SwiftExplicitDependencyGeneratePcm arm64 /var/folders/sk/1y78dckn1fbdyvwtdtdy76680000gn/T/nosfy-session-commit-s4q40rbr/DerivedBaseline/ModuleCache.noindex/_Builtin_tgmath-3RVDKB1L3WYKPETRKL850K7RL.pcm

SwiftExplicitDependencyGeneratePcm arm64 /var/folders/sk/1y78dckn1fbdyvwtdtdy76680000gn/T/nosfy-session-commit-s4q40rbr/DerivedBaseline/ModuleCache.noindex/_Builtin_stdint-42EEZJ73AHR6PHWGHADRR6EAS.pcm

SwiftExplicitDependencyGeneratePcm arm64 /var/folders/sk/1y78dckn1fbdyvwtdtdy76680000gn/T/nosfy-session-commit-s4q40rbr/DerivedBaseline/ModuleCache.noindex/sys_types-4YYEMKDRUL5EPSDCDWNJFRFFI.pcm

SwiftExplicitDependencyGeneratePcm arm64 /var/folders/sk/1y78dckn1fbdyvwtdtdy76680000gn/T/nosfy-session-commit-s4q40rbr/DerivedBaseline/ModuleCache.noindex/_Builtin_stdatomic-1LV77IUGS788OP1Y331W5SB54.pcm

SwiftExplicitDependencyGeneratePcm arm64 /var/folders/sk/1y78dckn1fbdyvwtdtdy76680000gn/T/nosfy-session-commit-s4q40rbr/DerivedBaseline/ModuleCache.noindex/_DarwinFoundation3-2VDPQ2YUR2RXIYCSTRIV1M5UJ.pcm

SwiftExplicitDependencyGeneratePcm arm64 /var/folders/sk/1y78dckn1fbdyvwtdtdy76680000gn/T/nosfy-session-commit-s4q40rbr/DerivedBaseline/ModuleCache.noindex/_Builtin_intrinsics-19B5TA98S0IO8PH8IU7OJCBOS.pcm

SwiftExplicitDependencyGeneratePcm arm64 /var/folders/sk/1y78dckn1fbdyvwtdtdy76680000gn/T/nosfy-session-commit-s4q40rbr/DerivedBaseline/ModuleCache.noindex/_Builtin_inttypes-57688E691HV5LOIOBFLE6BXS4.pcm

SwiftExplicitDependencyGeneratePcm arm64 /var/folders/sk/1y78dckn1fbdyvwtdtdy76680000gn/T/nosfy-session-commit-s4q40rbr/DerivedBaseline/ModuleCache.noindex/Darwin-EGX9YXUL3FIWZ4ZM4K3CXUR5.pcm

SwiftExplicitDependencyGeneratePcm arm64 /var/folders/sk/1y78dckn1fbdyvwtdtdy76680000gn/T/nosfy-session-commit-s4q40rbr/DerivedBaseline/ModuleCache.noindex/simd-B0B5408FPNGPEVUTWXCRFFYD3.pcm

SwiftExplicitDependencyGeneratePcm arm64 /var/folders/sk/1y78dckn1fbdyvwtdtdy76680000gn/T/nosfy-session-commit-s4q40rbr/DerivedBaseline/ModuleCache.noindex/ObjectiveC-BS82G9LIMGRPQF3QX9YUQ7WBC.pcm

SwiftExplicitDependencyGeneratePcm arm64 /var/folders/sk/1y78dckn1fbdyvwtdtdy76680000gn/T/nosfy-session-commit-s4q40rbr/DerivedBaseline/ModuleCache.noindex/MachO-8EXJC7HLIRWPESG0VOBVF3YY4.pcm

SwiftExplicitDependencyGeneratePcm arm64 /var/folders/sk/1y78dckn1fbdyvwtdtdy76680000gn/T/nosfy-session-commit-s4q40rbr/DerivedBaseline/ModuleCache.noindex/os_object-COHE1GW7JO3W1UJPU93SI45R7.pcm

SwiftExplicitDependencyGeneratePcm arm64 /var/folders/sk/1y78dckn1fbdyvwtdtdy76680000gn/T/nosfy-session-commit-s4q40rbr/DerivedBaseline/ModuleCache.noindex/os_workgroup-4V7KB7PERR4VSAXOW7MYNDTJZ.pcm

SwiftExplicitDependencyGeneratePcm arm64 /var/folders/sk/1y78dckn1fbdyvwtdtdy76680000gn/T/nosfy-session-commit-s4q40rbr/DerivedBaseline/ModuleCache.noindex/Spatial-39LJFO38GX0HCWVVMK2RIYG0X.pcm

SwiftExplicitDependencyGeneratePcm arm64 /var/folders/sk/1y78dckn1fbdyvwtdtdy76680000gn/T/nosfy-session-commit-s4q40rbr/DerivedBaseline/ModuleCache.noindex/Dispatch-BX95V1F88QR1WDGUYRHOPAQI0.pcm

SwiftExplicitDependencyGeneratePcm arm64 /var/folders/sk/1y78dckn1fbdyvwtdtdy76680000gn/T/nosfy-session-commit-s4q40rbr/DerivedBaseline/ModuleCache.noindex/XPC-D8MMB1NMC3H9OA3BQTCR3J1NM.pcm

SwiftExplicitDependencyGeneratePcm arm64 /var/folders/sk/1y78dckn1fbdyvwtdtdy76680000gn/T/nosfy-session-commit-s4q40rbr/DerivedBaseline/ModuleCache.noindex/CoreFoundation-4YM1LMHCM92C1FX1WEL6S2TS0.pcm

SwiftExplicitDependencyGeneratePcm arm64 /var/folders/sk/1y78dckn1fbdyvwtdtdy76680000gn/T/nosfy-session-commit-s4q40rbr/DerivedBaseline/ModuleCache.noindex/dnssd-9WYDA1HP2CA5J2GWC9HCCACLY.pcm

SwiftExplicitDependencyGeneratePcm arm64 /var/folders/sk/1y78dckn1fbdyvwtdtdy76680000gn/T/nosfy-session-commit-s4q40rbr/DerivedBaseline/ModuleCache.noindex/os-ESBXC3G9DUTWVPWT6DMZSNNKY.pcm

SwiftExplicitDependencyGeneratePcm arm64 /var/folders/sk/1y78dckn1fbdyvwtdtdy76680000gn/T/nosfy-session-commit-s4q40rbr/DerivedBaseline/ModuleCache.noindex/CoreGraphics-84OKUM9TGX4D75YUNWR00IT37.pcm

SwiftExplicitDependencyGeneratePcm arm64 /var/folders/sk/1y78dckn1fbdyvwtdtdy76680000gn/T/nosfy-session-commit-s4q40rbr/DerivedBaseline/ModuleCache.noindex/Security-B2J87XW13EME526LSXPRNXJ6N.pcm

SwiftExplicitDependencyGeneratePcm arm64 /var/folders/sk/1y78dckn1fbdyvwtdtdy76680000gn/T/nosfy-session-commit-s4q40rbr/DerivedBaseline/ModuleCache.noindex/CFNetwork-7YC5S5YZZYNPAGRK7U1KRV2XY.pcm

SwiftExplicitDependencyGeneratePcm arm64 /var/folders/sk/1y78dckn1fbdyvwtdtdy76680000gn/T/nosfy-session-commit-s4q40rbr/DerivedBaseline/ModuleCache.noindex/Foundation-8MQ8SG6TMFBL6ARFHFWL2PN3E.pcm

SwiftExplicitDependencyGeneratePcm arm64 /var/folders/sk/1y78dckn1fbdyvwtdtdy76680000gn/T/nosfy-session-commit-s4q40rbr/DerivedBaseline/ModuleCache.noindex/CoreText-AB72K6SGCELAPLCYDM1L7YJQE.pcm

SwiftExplicitDependencyGeneratePcm arm64 /var/folders/sk/1y78dckn1fbdyvwtdtdy76680000gn/T/nosfy-session-commit-s4q40rbr/DerivedBaseline/ModuleCache.noindex/ImageIO-5UWZ7RUKDQLGDGPDZBDQZZNTT.pcm

SwiftExplicitDependencyGeneratePcm arm64 /var/folders/sk/1y78dckn1fbdyvwtdtdy76680000gn/T/nosfy-session-commit-s4q40rbr/DerivedBaseline/ModuleCache.noindex/Accessibility-8AOK55QIC2FY432ANZD04A3SA.pcm

SwiftExplicitDependencyGeneratePcm arm64 /var/folders/sk/1y78dckn1fbdyvwtdtdy76680000gn/T/nosfy-session-commit-s4q40rbr/DerivedBaseline/ModuleCache.noindex/Symbols-C9WC9E4UZPHTUOQHXSCHAEET5.pcm

SwiftExplicitDependencyGeneratePcm arm64 /var/folders/sk/1y78dckn1fbdyvwtdtdy76680000gn/T/nosfy-session-commit-s4q40rbr/DerivedBaseline/ModuleCache.noindex/UIUtilities-CE904YISBI6U64XICB5P4OKYB.pcm

SwiftExplicitDependencyGeneratePcm arm64 /var/folders/sk/1y78dckn1fbdyvwtdtdy76680000gn/T/nosfy-session-commit-s4q40rbr/DerivedBaseline/ModuleCache.noindex/UniformTypeIdentifiers-4WFTYY9W4G7PBP4ISD6XGI0FF.pcm

SwiftExplicitDependencyGeneratePcm arm64 /var/folders/sk/1y78dckn1fbdyvwtdtdy76680000gn/T/nosfy-session-commit-s4q40rbr/DerivedBaseline/ModuleCache.noindex/OpenGLES-9YCM8KAC5XNMTQQI7XTLYRT19.pcm

SwiftExplicitDependencyGeneratePcm arm64 /var/folders/sk/1y78dckn1fbdyvwtdtdy76680000gn/T/nosfy-session-commit-s4q40rbr/DerivedBaseline/ModuleCache.noindex/RelevanceKit-83EWPKZGMXCXUAQZI56YAWSCK.pcm

SwiftExplicitDependencyGeneratePcm arm64 /var/folders/sk/1y78dckn1fbdyvwtdtdy76680000gn/T/nosfy-session-commit-s4q40rbr/DerivedBaseline/ModuleCache.noindex/CoreTransferable-A9XJ2PZU824QW9ZBTXC0WJFXS.pcm

SwiftExplicitDependencyGeneratePcm arm64 /var/folders/sk/1y78dckn1fbdyvwtdtdy76680000gn/T/nosfy-session-commit-s4q40rbr/DerivedBaseline/ModuleCache.noindex/IOSurface-3ITCL3IKX3GMC013K1E7MYRA3.pcm

SwiftExplicitDependencyGeneratePcm arm64 /var/folders/sk/1y78dckn1fbdyvwtdtdy76680000gn/T/nosfy-session-commit-s4q40rbr/DerivedBaseline/ModuleCache.noindex/DataDetection-8UWXBF54GCP8GQDBCK55GPS4S.pcm

SwiftExplicitDependencyGeneratePcm arm64 /var/folders/sk/1y78dckn1fbdyvwtdtdy76680000gn/T/nosfy-session-commit-s4q40rbr/DerivedBaseline/ModuleCache.noindex/UserNotifications-JWDLDO5U6FGXU3DEC33DES89.pcm

SwiftExplicitDependencyGeneratePcm arm64 /var/folders/sk/1y78dckn1fbdyvwtdtdy76680000gn/T/nosfy-session-commit-s4q40rbr/DerivedBaseline/ModuleCache.noindex/FileProvider-7N3J3ED8XODFMQMAQEGZGEDTN.pcm

SwiftExplicitDependencyGeneratePcm arm64 /var/folders/sk/1y78dckn1fbdyvwtdtdy76680000gn/T/nosfy-session-commit-s4q40rbr/DerivedBaseline/ModuleCache.noindex/OSLog-CPJ8FHTQFHY9XOC4UL3USLMWH.pcm

SwiftExplicitDependencyGeneratePcm arm64 /var/folders/sk/1y78dckn1fbdyvwtdtdy76680000gn/T/nosfy-session-commit-s4q40rbr/DerivedBaseline/ModuleCache.noindex/_LocationEssentials-5EY597FKLW4H0LZWMKP45ZP9P.pcm

SwiftExplicitDependencyGeneratePcm arm64 /var/folders/sk/1y78dckn1fbdyvwtdtdy76680000gn/T/nosfy-session-commit-s4q40rbr/DerivedBaseline/ModuleCache.noindex/WidgetKit-1GTFK42C606JY01TURG2K195I.pcm

SwiftExplicitDependencyGeneratePcm arm64 /var/folders/sk/1y78dckn1fbdyvwtdtdy76680000gn/T/nosfy-session-commit-s4q40rbr/DerivedBaseline/ModuleCache.noindex/Network-B0NOSHAU0FOZDE3TUEZU3UPMM.pcm

SwiftExplicitDependencyGeneratePcm arm64 /var/folders/sk/1y78dckn1fbdyvwtdtdy76680000gn/T/nosfy-session-commit-s4q40rbr/DerivedBaseline/ModuleCache.noindex/CoreSpotlight-79GMCXGY49L1Y8CDTGCH9P6VI.pcm

SwiftExplicitDependencyGeneratePcm arm64 /var/folders/sk/1y78dckn1fbdyvwtdtdy76680000gn/T/nosfy-session-commit-s4q40rbr/DerivedBaseline/ModuleCache.noindex/CoreData-1C34MZ6XP41QGPTZVDVKO0K8O.pcm

SwiftExplicitDependencyGeneratePcm arm64 /var/folders/sk/1y78dckn1fbdyvwtdtdy76680000gn/T/nosfy-session-commit-s4q40rbr/DerivedBaseline/ModuleCache.noindex/Metal-8X4WAE925Y83NIHLLMCMDX910.pcm

SwiftExplicitDependencyGeneratePcm arm64 /var/folders/sk/1y78dckn1fbdyvwtdtdy76680000gn/T/nosfy-session-commit-s4q40rbr/DerivedBaseline/ModuleCache.noindex/AppIntents-B1NHV56SZMAG820FS1LUJ0E2X.pcm

SwiftExplicitDependencyGeneratePcm arm64 /var/folders/sk/1y78dckn1fbdyvwtdtdy76680000gn/T/nosfy-session-commit-s4q40rbr/DerivedBaseline/ModuleCache.noindex/CoreLocation-5SYBMZJ80FX8KRRJVOTEOI2L.pcm

SwiftExplicitDependencyGeneratePcm arm64 /var/folders/sk/1y78dckn1fbdyvwtdtdy76680000gn/T/nosfy-session-commit-s4q40rbr/DerivedBaseline/ModuleCache.noindex/Intents-8458HJDG9FAG6FE2AM1NXU8GZ.pcm

SwiftExplicitDependencyGeneratePcm arm64 /var/folders/sk/1y78dckn1fbdyvwtdtdy76680000gn/T/nosfy-session-commit-s4q40rbr/DerivedBaseline/ModuleCache.noindex/CoreVideo-6H5Q99YUPCGAPLLPJHCWQ453F.pcm

SwiftExplicitDependencyGeneratePcm arm64 /var/folders/sk/1y78dckn1fbdyvwtdtdy76680000gn/T/nosfy-session-commit-s4q40rbr/DerivedBaseline/ModuleCache.noindex/CoreImage-6SVBFZCYE0K92VXMUJ1884LHM.pcm

SwiftExplicitDependencyGeneratePcm arm64 /var/folders/sk/1y78dckn1fbdyvwtdtdy76680000gn/T/nosfy-session-commit-s4q40rbr/DerivedBaseline/ModuleCache.noindex/QuartzCore-YSMAAD5B0C4JGV7HL2GMSKOG.pcm

SwiftExplicitDependencyGeneratePcm arm64 /var/folders/sk/1y78dckn1fbdyvwtdtdy76680000gn/T/nosfy-session-commit-s4q40rbr/DerivedBaseline/ModuleCache.noindex/SwiftUICore-77X03WWXAQJOF6SXN552Y76M9.pcm

SwiftExplicitDependencyGeneratePcm arm64 /var/folders/sk/1y78dckn1fbdyvwtdtdy76680000gn/T/nosfy-session-commit-s4q40rbr/DerivedBaseline/ModuleCache.noindex/UIKit-9CBP5HNZWR1CVUWMU2DYGDALY.pcm

SwiftExplicitDependencyGeneratePcm arm64 /var/folders/sk/1y78dckn1fbdyvwtdtdy76680000gn/T/nosfy-session-commit-s4q40rbr/DerivedBaseline/ModuleCache.noindex/SwiftUI-9NXBATQ9BWUZOSOZ80MY096CW.pcm

SwiftCompile normal arm64 Compiling\ WorkoutActivity.swift /var/folders/sk/1y78dckn1fbdyvwtdtdy76680000gn/T/nosfy-session-commit-s4q40rbr/baseline/NosfyShared/WorkoutActivity.swift (in target 'NosfyWidgets' from project 'Nosfy')
SwiftCompile normal arm64 /var/folders/sk/1y78dckn1fbdyvwtdtdy76680000gn/T/nosfy-session-commit-s4q40rbr/baseline/NosfyShared/WorkoutActivity.swift (in target 'NosfyWidgets' from project 'Nosfy')
    cd /var/folders/sk/1y78dckn1fbdyvwtdtdy76680000gn/T/nosfy-session-commit-s4q40rbr/baseline
    

SwiftEmitModule normal arm64 Emitting\ module\ for\ NosfyWidgets (in target 'NosfyWidgets' from project 'Nosfy')

EmitSwiftModule normal arm64 (in target 'NosfyWidgets' from project 'Nosfy')
    cd /var/folders/sk/1y78dckn1fbdyvwtdtdy76680000gn/T/nosfy-session-commit-s4q40rbr/baseline
    

SwiftCompile normal arm64 Compiling\ ProgressComet.swift /var/folders/sk/1y78dckn1fbdyvwtdtdy76680000gn/T/nosfy-session-commit-s4q40rbr/baseline/NosfyShared/ProgressComet.swift (in target 'NosfyWidgets' from project 'Nosfy')
SwiftCompile normal arm64 /var/folders/sk/1y78dckn1fbdyvwtdtdy76680000gn/T/nosfy-session-commit-s4q40rbr/baseline/NosfyShared/ProgressComet.swift (in target 'NosfyWidgets' from project 'Nosfy')
    cd /var/folders/sk/1y78dckn1fbdyvwtdtdy76680000gn/T/nosfy-session-commit-s4q40rbr/baseline
    

SwiftCompile normal arm64 Compiling\ WorkoutLiveActivity.swift /var/folders/sk/1y78dckn1fbdyvwtdtdy76680000gn/T/nosfy-session-commit-s4q40rbr/baseline/NosfyWidgets/WorkoutLiveActivity.swift (in target 'NosfyWidgets' from project 'Nosfy')
SwiftCompile normal arm64 /var/folders/sk/1y78dckn1fbdyvwtdtdy76680000gn/T/nosfy-session-commit-s4q40rbr/baseline/NosfyWidgets/WorkoutLiveActivity.swift (in target 'NosfyWidgets' from project 'Nosfy')
    cd /var/folders/sk/1y78dckn1fbdyvwtdtdy76680000gn/T/nosfy-session-commit-s4q40rbr/baseline
    

SwiftCompile normal arm64 Compiling\ WorkoutLiveCard.swift /var/folders/sk/1y78dckn1fbdyvwtdtdy76680000gn/T/nosfy-session-commit-s4q40rbr/baseline/NosfyShared/WorkoutLiveCard.swift (in target 'NosfyWidgets' from project 'Nosfy')

SwiftCompile normal arm64 /var/folders/sk/1y78dckn1fbdyvwtdtdy76680000gn/T/nosfy-session-commit-s4q40rbr/baseline/NosfyShared/WorkoutLiveCard.swift (in target 'NosfyWidgets' from project 'Nosfy')
    cd /var/folders/sk/1y78dckn1fbdyvwtdtdy76680000gn/T/nosfy-session-commit-s4q40rbr/baseline
    

SwiftCompile normal arm64 Compiling\ ImpGlyph.swift /var/folders/sk/1y78dckn1fbdyvwtdtdy76680000gn/T/nosfy-session-commit-s4q40rbr/baseline/NosfyShared/ImpGlyph.swift (in target 'NosfyWidgets' from project 'Nosfy')

SwiftCompile normal arm64 /var/folders/sk/1y78dckn1fbdyvwtdtdy76680000gn/T/nosfy-session-commit-s4q40rbr/baseline/NosfyShared/ImpGlyph.swift (in target 'NosfyWidgets' from project 'Nosfy')
    cd /var/folders/sk/1y78dckn1fbdyvwtdtdy76680000gn/T/nosfy-session-commit-s4q40rbr/baseline
    

SwiftCompile normal arm64 Compiling\ GeneratedAssetSymbols.swift /var/folders/sk/1y78dckn1fbdyvwtdtdy76680000gn/T/nosfy-session-commit-s4q40rbr/DerivedBaseline/Build/Intermediates.noindex/Nosfy.build/Debug-iphonesimulator/NosfyWidgets.build/DerivedSources/GeneratedAssetSymbols.swift (in target 'NosfyWidgets' from project 'Nosfy')

SwiftCompile normal arm64 /var/folders/sk/1y78dckn1fbdyvwtdtdy76680000gn/T/nosfy-session-commit-s4q40rbr/DerivedBaseline/Build/Intermediates.noindex/Nosfy.build/Debug-iphonesimulator/NosfyWidgets.build/DerivedSources/GeneratedAssetSymbols.swift (in target 'NosfyWidgets' from project 'Nosfy')
    cd /var/folders/sk/1y78dckn1fbdyvwtdtdy76680000gn/T/nosfy-session-commit-s4q40rbr/baseline
    

SwiftCompile normal arm64 Compiling\ MoonGlyph.swift /var/folders/sk/1y78dckn1fbdyvwtdtdy76680000gn/T/nosfy-session-commit-s4q40rbr/baseline/NosfyShared/MoonGlyph.swift (in target 'NosfyWidgets' from project 'Nosfy')

SwiftCompile normal arm64 /var/folders/sk/1y78dckn1fbdyvwtdtdy76680000gn/T/nosfy-session-commit-s4q40rbr/baseline/NosfyShared/MoonGlyph.swift (in target 'NosfyWidgets' from project 'Nosfy')
    cd /var/folders/sk/1y78dckn1fbdyvwtdtdy76680000gn/T/nosfy-session-commit-s4q40rbr/baseline
    

SwiftCompile normal arm64 Compiling\ WorkoutLiveFocus.swift /var/folders/sk/1y78dckn1fbdyvwtdtdy76680000gn/T/nosfy-session-commit-s4q40rbr/baseline/NosfyShared/WorkoutLiveFocus.swift (in target 'NosfyWidgets' from project 'Nosfy')

SwiftCompile normal arm64 /var/folders/sk/1y78dckn1fbdyvwtdtdy76680000gn/T/nosfy-session-commit-s4q40rbr/baseline/NosfyShared/WorkoutLiveFocus.swift (in target 'NosfyWidgets' from project 'Nosfy')
    cd /var/folders/sk/1y78dckn1fbdyvwtdtdy76680000gn/T/nosfy-session-commit-s4q40rbr/baseline
    

SwiftCompile normal arm64 Compiling\ NosfyWidgetsBundle.swift /var/folders/sk/1y78dckn1fbdyvwtdtdy76680000gn/T/nosfy-session-commit-s4q40rbr/baseline/NosfyWidgets/NosfyWidgetsBundle.swift (in target 'NosfyWidgets' from project 'Nosfy')

SwiftCompile normal arm64 /var/folders/sk/1y78dckn1fbdyvwtdtdy76680000gn/T/nosfy-session-commit-s4q40rbr/baseline/NosfyWidgets/NosfyWidgetsBundle.swift (in target 'NosfyWidgets' from project 'Nosfy')
    cd /var/folders/sk/1y78dckn1fbdyvwtdtdy76680000gn/T/nosfy-session-commit-s4q40rbr/baseline
    

SwiftDriverJobDiscovery normal arm64 Emitting module for NosfyWidgets (in target 'NosfyWidgets' from project 'Nosfy')

SwiftDriver\ Compilation\ Requirements NosfyWidgets normal arm64 com.apple.xcode.tools.swift.compiler (in target 'NosfyWidgets' from project 'Nosfy')
    cd /var/folders/sk/1y78dckn1fbdyvwtdtdy76680000gn/T/nosfy-session-commit-s4q40rbr/baseline
    builtin-Swift-Compilation-Requirements -- /Applications/Xcode.app/Contents/Developer/Toolchains/XcodeDefault.xctoolchain/usr/bin/swiftc -module-name NosfyWidgets -Onone @/var/folders/sk/1y78dckn1fbdyvwtdtdy76680000gn/T/nosfy-session-commit-s4q40rbr/DerivedBaseline/Build/Intermediates.noindex/Nosfy.build/Debug-iphonesimulator/NosfyWidgets.build/Objects-normal/arm64/NosfyWidgets.SwiftFileList -DDEBUG -enable-bare-slash-regex -enable-experimental-feature DebugDescriptionMacro -sdk /Applications/Xcode.app/Contents/Developer/Platforms/iPhoneSimulator.platform/Developer/SDKs/iPhoneSimulator26.5.sdk -target arm64-apple-ios26.0-simulator -g -module-cache-path /var/folders/sk/1y78dckn1fbdyvwtdtdy76680000gn/T/nosfy-session-commit-s4q40rbr/DerivedBaseline/ModuleCache.noindex -Xfrontend -serialize-debugging-options -application-extension -enable-testing -index-store-path /var/folders/sk/1y78dckn1fbdyvwtdtdy76680000gn/T/nosfy-session-commit-s4q40rbr/DerivedBaseline/Index.noindex/DataStore -Xcc -D_LIBCPP_HARDENING_MODE\=_LIBCPP_HARDENING_MODE_DEBUG -swift-version 5 -I /var/folders/sk/1y78dckn1fbdyvwtdtdy76680000gn/T/nosfy-session-commit-s4q40rbr/DerivedBaseline/Build/Products/Debug-iphonesimulator -F /var/folders/sk/1y78dckn1fbdyvwtdtdy76680000gn/T/nosfy-session-commit-s4q40rbr/DerivedBaseline/Build/Products/Debug-iphonesimulator -emit-localized-strings -emit-localized-strings-path /var/folders/sk/1y78dckn1fbdyvwtdtdy76680000gn/T/nosfy-session-commit-s4q40rbr/DerivedBaseline/Build/Intermediates.noindex/Nosfy.build/Debug-iphonesimulator/NosfyWidgets.build/Objects-normal/arm64 -c -j10 -enable-batch-mode -incremental -Xcc -ivfsstatcache -Xcc /var/folders/sk/1y78dckn1fbdyvwtdtdy76680000gn/T/nosfy-session-commit-s4q40rbr/DerivedBaseline/SDKStatCaches.noindex/iphonesimulator26.5-23F73-688ef53f1462e2c8f657fdc38a81448f6cfe768891a92b912361537c460fe42b.sdkstatcache -output-file-map /var/folders/sk/1y78dckn1fbdyvwtdtdy76680000gn/T/nosfy-session-commit-s4q40rbr/DerivedBaseline/Build/Intermediates.noindex/Nosfy.build/Debug-iphonesimulator/NosfyWidgets.build/Objects-normal/arm64/NosfyWidgets-OutputFileMap.json -use-frontend-parseable-output -save-temps -no-color-diagnostics -explicit-module-build -module-cache-path /var/folders/sk/1y78dckn1fbdyvwtdtdy76680000gn/T/nosfy-session-commit-s4q40rbr/DerivedBaseline/Build/Intermediates.noindex/SwiftExplicitPrecompiledModules -clang-scanner-module-cache-path /var/folders/sk/1y78dckn1fbdyvwtdtdy76680000gn/T/nosfy-session-commit-s4q40rbr/DerivedBaseline/ModuleCache.noindex -sdk-module-cache-path /var/folders/sk/1y78dckn1fbdyvwtdtdy76680000gn/T/nosfy-session-commit-s4q40rbr/DerivedBaseline/ModuleCache.noindex -serialize-diagnostics -emit-dependencies -emit-module -emit-module-path /var/folders/sk/1y78dckn1fbdyvwtdtdy76680000gn/T/nosfy-session-commit-s4q40rbr/DerivedBaseline/Build/Intermediates.noindex/Nosfy.build/Debug-iphonesimulator/NosfyWidgets.build/Objects-normal/arm64/NosfyWidgets.swiftmodule -validate-clang-modules-once -clang-build-session-file /var/folders/sk/1y78dckn1fbdyvwtdtdy76680000gn/T/nosfy-session-commit-s4q40rbr/DerivedBaseline/ModuleCache.noindex/Session.modulevalidation -Xcc -I/var/folders/sk/1y78dckn1fbdyvwtdtdy76680000gn/T/nosfy-session-commit-s4q40rbr/DerivedBaseline/Build/Intermediates.noindex/Nosfy.build/Debug-iphonesimulator/NosfyWidgets.build/swift-overrides.hmap -emit-const-values -Xfrontend -const-gather-protocols-file -Xfrontend /var/folders/sk/1y78dckn1fbdyvwtdtdy76680000gn/T/nosfy-session-commit-s4q40rbr/DerivedBaseline/Build/Intermediates.noindex/Nosfy.build/Debug-iphonesimulator/NosfyWidgets.build/Objects-normal/arm64/NosfyWidgets_const_extract_protocols.json -Xcc -iquote -Xcc /var/folders/sk/1y78dckn1fbdyvwtdtdy76680000gn/T/nosfy-session-commit-s4q40rbr/DerivedBaseline/Build/Intermediates.noindex/Nosfy.build/Debug-iphonesimulator/NosfyWidgets.build/NosfyWidgets-generated-files.hmap -Xcc -I/var/folders/sk/1y78dckn1fbdyvwtdtdy76680000gn/T/nosfy-session-commit-s4q40rbr/DerivedBaseline/Build/Intermediates.noindex/Nosfy.build/Debug-iphonesimulator/NosfyWidgets.build/NosfyWidgets-own-target-headers.hmap -Xcc -I/var/folders/sk/1y78dckn1fbdyvwtdtdy76680000gn/T/nosfy-session-commit-s4q40rbr/DerivedBaseline/Build/Intermediates.noindex/Nosfy.build/Debug-iphonesimulator/NosfyWidgets.build/NosfyWidgets-all-target-headers.hmap -Xcc -iquote -Xcc /var/folders/sk/1y78dckn1fbdyvwtdtdy76680000gn/T/nosfy-session-commit-s4q40rbr/DerivedBaseline/Build/Intermediates.noindex/Nosfy.build/Debug-iphonesimulator/NosfyWidgets.build/NosfyWidgets-project-headers.hmap -Xcc -I/var/folders/sk/1y78dckn1fbdyvwtdtdy76680000gn/T/nosfy-session-commit-s4q40rbr/DerivedBaseline/Build/Products/Debug-iphonesimulator/include -Xcc -I/var/folders/sk/1y78dckn1fbdyvwtdtdy76680000gn/T/nosfy-session-commit-s4q40rbr/DerivedBaseline/Build/Intermediates.noindex/Nosfy.build/Debug-iphonesimulator/NosfyWidgets.build/DerivedSources-normal/arm64 -Xcc -I/var/folders/sk/1y78dckn1fbdyvwtdtdy76680000gn/T/nosfy-session-commit-s4q40rbr/DerivedBaseline/Build/Intermediates.noindex/Nosfy.build/Debug-iphonesimulator/NosfyWidgets.build/DerivedSources/arm64 -Xcc -I/var/folders/sk/1y78dckn1fbdyvwtdtdy76680000gn/T/nosfy-session-commit-s4q40rbr/DerivedBaseline/Build/Intermediates.noindex/Nosfy.build/Debug-iphonesimulator/NosfyWidgets.build/DerivedSources -Xcc -DDEBUG\=1 -emit-objc-header -emit-objc-header-path /var/folders/sk/1y78dckn1fbdyvwtdtdy76680000gn/T/nosfy-session-commit-s4q40rbr/DerivedBaseline/Build/Intermediates.noindex/Nosfy.build/Debug-iphonesimulator/NosfyWidgets.build/Objects-normal/arm64/NosfyWidgets-Swift.h -working-directory /var/folders/sk/1y78dckn1fbdyvwtdtdy76680000gn/T/nosfy-session-commit-s4q40rbr/baseline -experimental-emit-module-separately -disable-cmo

LinkAssetCatalog /var/folders/sk/1y78dckn1fbdyvwtdtdy76680000gn/T/nosfy-session-commit-s4q40rbr/baseline/NosfyShared/LiveAssets.xcassets (in target 'NosfyWidgets' from project 'Nosfy')
    cd /var/folders/sk/1y78dckn1fbdyvwtdtdy76680000gn/T/nosfy-session-commit-s4q40rbr/baseline
    builtin-linkAssetCatalog --thinned /var/folders/sk/1y78dckn1fbdyvwtdtdy76680000gn/T/nosfy-session-commit-s4q40rbr/DerivedBaseline/Build/Intermediates.noindex/Nosfy.build/Debug-iphonesimulator/NosfyWidgets.build/assetcatalog_output/thinned --thinned-dependencies /var/folders/sk/1y78dckn1fbdyvwtdtdy76680000gn/T/nosfy-session-commit-s4q40rbr/DerivedBaseline/Build/Intermediates.noindex/Nosfy.build/Debug-iphonesimulator/NosfyWidgets.build/assetcatalog_dependencies_thinned --thinned-info-plist-content /var/folders/sk/1y78dckn1fbdyvwtdtdy76680000gn/T/nosfy-session-commit-s4q40rbr/DerivedBaseline/Build/Intermediates.noindex/Nosfy.build/Debug-iphonesimulator/NosfyWidgets.build/assetcatalog_generated_info.plist_thinned --unthinned /var/folders/sk/1y78dckn1fbdyvwtdtdy76680000gn/T/nosfy-session-commit-s4q40rbr/DerivedBaseline/Build/Intermediates.noindex/Nosfy.build/Debug-iphonesimulator/NosfyWidgets.build/assetcatalog_output/unthinned --unthinned-dependencies /var/folders/sk/1y78dckn1fbdyvwtdtdy76680000gn/T/nosfy-session-commit-s4q40rbr/DerivedBaseline/Build/Intermediates.noindex/Nosfy.build/Debug-iphonesimulator/NosfyWidgets.build/assetcatalog_dependencies_unthinned --unthinned-info-plist-content /var/folders/sk/1y78dckn1fbdyvwtdtdy76680000gn/T/nosfy-session-commit-s4q40rbr/DerivedBaseline/Build/Intermediates.noindex/Nosfy.build/Debug-iphonesimulator/NosfyWidgets.build/assetcatalog_generated_info.plist_unthinned --output /var/folders/sk/1y78dckn1fbdyvwtdtdy76680000gn/T/nosfy-session-commit-s4q40rbr/DerivedBaseline/Build/Products/Debug-iphonesimulator/NosfyWidgets.appex --plist-output /var/folders/sk/1y78dckn1fbdyvwtdtdy76680000gn/T/nosfy-session-commit-s4q40rbr/DerivedBaseline/Build/Intermediates.noindex/Nosfy.build/Debug-iphonesimulator/NosfyWidgets.build/assetcatalog_generated_info.plist
note: Emplaced /var/folders/sk/1y78dckn1fbdyvwtdtdy76680000gn/T/nosfy-session-commit-s4q40rbr/DerivedBaseline/Build/Products/Debug-iphonesimulator/NosfyWidgets.appex/Assets.car (in target 'NosfyWidgets' from project 'Nosfy')

SwiftMergeGeneratedHeaders /var/folders/sk/1y78dckn1fbdyvwtdtdy76680000gn/T/nosfy-session-commit-s4q40rbr/DerivedBaseline/Build/Intermediates.noindex/Nosfy.build/Debug-iphonesimulator/NosfyWidgets.build/DerivedSources/NosfyWidgets-Swift.h /var/folders/sk/1y78dckn1fbdyvwtdtdy76680000gn/T/nosfy-session-commit-s4q40rbr/DerivedBaseline/Build/Intermediates.noindex/Nosfy.build/Debug-iphonesimulator/NosfyWidgets.build/Objects-normal/arm64/NosfyWidgets-Swift.h (in target 'NosfyWidgets' from project 'Nosfy')
    cd /var/folders/sk/1y78dckn1fbdyvwtdtdy76680000gn/T/nosfy-session-commit-s4q40rbr/baseline
    builtin-swiftHeaderTool -arch arm64 /var/folders/sk/1y78dckn1fbdyvwtdtdy76680000gn/T/nosfy-session-commit-s4q40rbr/DerivedBaseline/Build/Intermediates.noindex/Nosfy.build/Debug-iphonesimulator/NosfyWidgets.build/Objects-normal/arm64/NosfyWidgets-Swift.h -o /var/folders/sk/1y78dckn1fbdyvwtdtdy76680000gn/T/nosfy-session-commit-s4q40rbr/DerivedBaseline/Build/Intermediates.noindex/Nosfy.build/Debug-iphonesimulator/NosfyWidgets.build/DerivedSources/NosfyWidgets-Swift.h

Copy /var/folders/sk/1y78dckn1fbdyvwtdtdy76680000gn/T/nosfy-session-commit-s4q40rbr/DerivedBaseline/Build/Products/Debug-iphonesimulator/NosfyWidgets.swiftmodule/arm64-apple-ios-simulator.swiftmodule /var/folders/sk/1y78dckn1fbdyvwtdtdy76680000gn/T/nosfy-session-commit-s4q40rbr/DerivedBaseline/Build/Intermediates.noindex/Nosfy.build/Debug-iphonesimulator/NosfyWidgets.build/Objects-normal/arm64/NosfyWidgets.swiftmodule (in target 'NosfyWidgets' from project 'Nosfy')
    cd /var/folders/sk/1y78dckn1fbdyvwtdtdy76680000gn/T/nosfy-session-commit-s4q40rbr/baseline
    builtin-copy -exclude .DS_Store -exclude CVS -exclude .svn -exclude .git -exclude .hg -resolve-src-symlinks -rename /var/folders/sk/1y78dckn1fbdyvwtdtdy76680000gn/T/nosfy-session-commit-s4q40rbr/DerivedBaseline/Build/Intermediates.noindex/Nosfy.build/Debug-iphonesimulator/NosfyWidgets.build/Objects-normal/arm64/NosfyWidgets.swiftmodule /var/folders/sk/1y78dckn1fbdyvwtdtdy76680000gn/T/nosfy-session-commit-s4q40rbr/DerivedBaseline/Build/Products/Debug-iphonesimulator/NosfyWidgets.swiftmodule/arm64-apple-ios-simulator.swiftmodule

Copy /var/folders/sk/1y78dckn1fbdyvwtdtdy76680000gn/T/nosfy-session-commit-s4q40rbr/DerivedBaseline/Build/Products/Debug-iphonesimulator/NosfyWidgets.swiftmodule/arm64-apple-ios-simulator.swiftdoc /var/folders/sk/1y78dckn1fbdyvwtdtdy76680000gn/T/nosfy-session-commit-s4q40rbr/DerivedBaseline/Build/Intermediates.noindex/Nosfy.build/Debug-iphonesimulator/NosfyWidgets.build/Objects-normal/arm64/NosfyWidgets.swiftdoc (in target 'NosfyWidgets' from project 'Nosfy')
    cd /var/folders/sk/1y78dckn1fbdyvwtdtdy76680000gn/T/nosfy-session-commit-s4q40rbr/baseline
    builtin-copy -exclude .DS_Store -exclude CVS -exclude .svn -exclude .git -exclude .hg -resolve-src-symlinks -rename /var/folders/sk/1y78dckn1fbdyvwtdtdy76680000gn/T/nosfy-session-commit-s4q40rbr/DerivedBaseline/Build/Intermediates.noindex/Nosfy.build/Debug-iphonesimulator/NosfyWidgets.build/Objects-normal/arm64/NosfyWidgets.swiftdoc /var/folders/sk/1y78dckn1fbdyvwtdtdy76680000gn/T/nosfy-session-commit-s4q40rbr/DerivedBaseline/Build/Products/Debug-iphonesimulator/NosfyWidgets.swiftmodule/arm64-apple-ios-simulator.swiftdoc

Copy /var/folders/sk/1y78dckn1fbdyvwtdtdy76680000gn/T/nosfy-session-commit-s4q40rbr/DerivedBaseline/Build/Products/Debug-iphonesimulator/NosfyWidgets.swiftmodule/arm64-apple-ios-simulator.abi.json /var/folders/sk/1y78dckn1fbdyvwtdtdy76680000gn/T/nosfy-session-commit-s4q40rbr/DerivedBaseline/Build/Intermediates.noindex/Nosfy.build/Debug-iphonesimulator/NosfyWidgets.build/Objects-normal/arm64/NosfyWidgets.abi.json (in target 'NosfyWidgets' from project 'Nosfy')
    cd /var/folders/sk/1y78dckn1fbdyvwtdtdy76680000gn/T/nosfy-session-commit-s4q40rbr/baseline
    builtin-copy -exclude .DS_Store -exclude CVS -exclude .svn -exclude .git -exclude .hg -resolve-src-symlinks -rename /var/folders/sk/1y78dckn1fbdyvwtdtdy76680000gn/T/nosfy-session-commit-s4q40rbr/DerivedBaseline/Build/Intermediates.noindex/Nosfy.build/Debug-iphonesimulator/NosfyWidgets.build/Objects-normal/arm64/NosfyWidgets.abi.json /var/folders/sk/1y78dckn1fbdyvwtdtdy76680000gn/T/nosfy-session-commit-s4q40rbr/DerivedBaseline/Build/Products/Debug-iphonesimulator/NosfyWidgets.swiftmodule/arm64-apple-ios-simulator.abi.json

Copy /var/folders/sk/1y78dckn1fbdyvwtdtdy76680000gn/T/nosfy-session-commit-s4q40rbr/DerivedBaseline/Build/Products/Debug-iphonesimulator/NosfyWidgets.swiftmodule/Project/arm64-apple-ios-simulator.swiftsourceinfo /var/folders/sk/1y78dckn1fbdyvwtdtdy76680000gn/T/nosfy-session-commit-s4q40rbr/DerivedBaseline/Build/Intermediates.noindex/Nosfy.build/Debug-iphonesimulator/NosfyWidgets.build/Objects-normal/arm64/NosfyWidgets.swiftsourceinfo (in target 'NosfyWidgets' from project 'Nosfy')
    cd /var/folders/sk/1y78dckn1fbdyvwtdtdy76680000gn/T/nosfy-session-commit-s4q40rbr/baseline
    builtin-copy -exclude .DS_Store -exclude CVS -exclude .svn -exclude .git -exclude .hg -resolve-src-symlinks -rename /var/folders/sk/1y78dckn1fbdyvwtdtdy76680000gn/T/nosfy-session-commit-s4q40rbr/DerivedBaseline/Build/Intermediates.noindex/Nosfy.build/Debug-iphonesimulator/NosfyWidgets.build/Objects-normal/arm64/NosfyWidgets.swiftsourceinfo /var/folders/sk/1y78dckn1fbdyvwtdtdy76680000gn/T/nosfy-session-commit-s4q40rbr/DerivedBaseline/Build/Products/Debug-iphonesimulator/NosfyWidgets.swiftmodule/Project/arm64-apple-ios-simulator.swiftsourceinfo

ProcessInfoPlistFile /var/folders/sk/1y78dckn1fbdyvwtdtdy76680000gn/T/nosfy-session-commit-s4q40rbr/DerivedBaseline/Build/Products/Debug-iphonesimulator/NosfyWidgets.appex/Info.plist /var/folders/sk/1y78dckn1fbdyvwtdtdy76680000gn/T/nosfy-session-commit-s4q40rbr/baseline/NosfyWidgets/Info.plist (in target 'NosfyWidgets' from project 'Nosfy')
    cd /var/folders/sk/1y78dckn1fbdyvwtdtdy76680000gn/T/nosfy-session-commit-s4q40rbr/baseline
    builtin-infoPlistUtility /var/folders/sk/1y78dckn1fbdyvwtdtdy76680000gn/T/nosfy-session-commit-s4q40rbr/baseline/NosfyWidgets/Info.plist -producttype com.apple.product-type.app-extension -expandbuildsettings -format binary -platform iphonesimulator -additionalcontentfile /var/folders/sk/1y78dckn1fbdyvwtdtdy76680000gn/T/nosfy-session-commit-s4q40rbr/DerivedBaseline/Build/Intermediates.noindex/Nosfy.build/Debug-iphonesimulator/NosfyWidgets.build/assetcatalog_generated_info.plist -o /var/folders/sk/1y78dckn1fbdyvwtdtdy76680000gn/T/nosfy-session-commit-s4q40rbr/DerivedBaseline/Build/Products/Debug-iphonesimulator/NosfyWidgets.appex/Info.plist

MkDir /var/folders/sk/1y78dckn1fbdyvwtdtdy76680000gn/T/nosfy-session-commit-s4q40rbr/DerivedBaseline/Build/Intermediates.noindex/Nosfy.build/Debug-iphonesimulator/Nosfy.build/assetcatalog_output/unthinned (in target 'Nosfy' from project 'Nosfy')
    cd /var/folders/sk/1y78dckn1fbdyvwtdtdy76680000gn/T/nosfy-session-commit-s4q40rbr/baseline
    /bin/mkdir -p /var/folders/sk/1y78dckn1fbdyvwtdtdy76680000gn/T/nosfy-session-commit-s4q40rbr/DerivedBaseline/Build/Intermediates.noindex/Nosfy.build/Debug-iphonesimulator/Nosfy.build/assetcatalog_output/unthinned

MkDir /var/folders/sk/1y78dckn1fbdyvwtdtdy76680000gn/T/nosfy-session-commit-s4q40rbr/DerivedBaseline/Build/Intermediates.noindex/Nosfy.build/Debug-iphonesimulator/Nosfy.build/assetcatalog_output/thinned (in target 'Nosfy' from project 'Nosfy')
    cd /var/folders/sk/1y78dckn1fbdyvwtdtdy76680000gn/T/nosfy-session-commit-s4q40rbr/baseline
    /bin/mkdir -p /var/folders/sk/1y78dckn1fbdyvwtdtdy76680000gn/T/nosfy-session-commit-s4q40rbr/DerivedBaseline/Build/Intermediates.noindex/Nosfy.build/Debug-iphonesimulator/Nosfy.build/assetcatalog_output/thinned

GenerateAssetSymbols /var/folders/sk/1y78dckn1fbdyvwtdtdy76680000gn/T/nosfy-session-commit-s4q40rbr/baseline/NosfyShared/LiveAssets.xcassets /var/folders/sk/1y78dckn1fbdyvwtdtdy76680000gn/T/nosfy-session-commit-s4q40rbr/baseline/Nosfy/AppIcon.icon /var/folders/sk/1y78dckn1fbdyvwtdtdy76680000gn/T/nosfy-session-commit-s4q40rbr/baseline/Nosfy/Assets.xcassets (in target 'Nosfy' from project 'Nosfy')
    cd /var/folders/sk/1y78dckn1fbdyvwtdtdy76680000gn/T/nosfy-session-commit-s4q40rbr/baseline
    /Applications/Xcode.app/Contents/Developer/usr/bin/actool /var/folders/sk/1y78dckn1fbdyvwtdtdy76680000gn/T/nosfy-session-commit-s4q40rbr/baseline/NosfyShared/LiveAssets.xcassets /var/folders/sk/1y78dckn1fbdyvwtdtdy76680000gn/T/nosfy-session-commit-s4q40rbr/baseline/Nosfy/AppIcon.icon /var/folders/sk/1y78dckn1fbdyvwtdtdy76680000gn/T/nosfy-session-commit-s4q40rbr/baseline/Nosfy/Assets.xcassets --compile /var/folders/sk/1y78dckn1fbdyvwtdtdy76680000gn/T/nosfy-session-commit-s4q40rbr/DerivedBaseline/Build/Products/Debug-iphonesimulator/Nosfy.app --output-format human-readable-text --notices --warnings --export-dependency-info /var/folders/sk/1y78dckn1fbdyvwtdtdy76680000gn/T/nosfy-session-commit-s4q40rbr/DerivedBaseline/Build/Intermediates.noindex/Nosfy.build/Debug-iphonesimulator/Nosfy.build/assetcatalog_dependencies --output-partial-info-plist /var/folders/sk/1y78dckn1fbdyvwtdtdy76680000gn/T/nosfy-session-commit-s4q40rbr/DerivedBaseline/Build/Intermediates.noindex/Nosfy.build/Debug-iphonesimulator/Nosfy.build/assetcatalog_generated_info.plist --app-icon AppIcon --accent-color AccentColor --compress-pngs --enable-on-demand-resources YES --development-region fr --target-device iphone --minimum-deployment-target 26.0 --platform iphonesimulator --bundle-identifier fr.kathryn.woop --generate-swift-asset-symbol-extensions NO --generate-swift-asset-symbols /var/folders/sk/1y78dckn1fbdyvwtdtdy76680000gn/T/nosfy-session-commit-s4q40rbr/DerivedBaseline/Build/Intermediates.noindex/Nosfy.build/Debug-iphonesimulator/Nosfy.build/DerivedSources/GeneratedAssetSymbols.swift --generate-objc-asset-symbols /var/folders/sk/1y78dckn1fbdyvwtdtdy76680000gn/T/nosfy-session-commit-s4q40rbr/DerivedBaseline/Build/Intermediates.noindex/Nosfy.build/Debug-iphonesimulator/Nosfy.build/DerivedSources/GeneratedAssetSymbols.h --generate-asset-symbol-index /var/folders/sk/1y78dckn1fbdyvwtdtdy76680000gn/T/nosfy-session-commit-s4q40rbr/DerivedBaseline/Build/Intermediates.noindex/Nosfy.build/Debug-iphonesimulator/Nosfy.build/DerivedSources/GeneratedAssetSymbols-Index.plist
/* com.apple.actool.compilation-results */
/var/folders/sk/1y78dckn1fbdyvwtdtdy76680000gn/T/nosfy-session-commit-s4q40rbr/DerivedBaseline/Build/Intermediates.noindex/Nosfy.build/Debug-iphonesimulator/Nosfy.build/DerivedSources/GeneratedAssetSymbols-Index.plist
/var/folders/sk/1y78dckn1fbdyvwtdtdy76680000gn/T/nosfy-session-commit-s4q40rbr/DerivedBaseline/Build/Intermediates.noindex/Nosfy.build/Debug-iphonesimulator/Nosfy.build/DerivedSources/GeneratedAssetSymbols.h
/var/folders/sk/1y78dckn1fbdyvwtdtdy76680000gn/T/nosfy-session-commit-s4q40rbr/DerivedBaseline/Build/Intermediates.noindex/Nosfy.build/Debug-iphonesimulator/Nosfy.build/DerivedSources/GeneratedAssetSymbols.swift


CompileMetalFile /var/folders/sk/1y78dckn1fbdyvwtdtdy76680000gn/T/nosfy-session-commit-s4q40rbr/baseline/Nosfy/WahouAura.metal (in target 'Nosfy' from project 'Nosfy')
    cd /var/folders/sk/1y78dckn1fbdyvwtdtdy76680000gn/T/nosfy-session-commit-s4q40rbr/baseline
    /var/run/com.apple.security.cryptexd/mnt/com.apple.MobileAsset.MetalToolchain-v17.6.42.0.BA5Ggr/Metal.xctoolchain/usr/bin/metal -c -target air64-apple-ios26.0-simulator -gline-tables-only -frecord-sources -I/var/folders/sk/1y78dckn1fbdyvwtdtdy76680000gn/T/nosfy-session-commit-s4q40rbr/DerivedBaseline/Build/Products/Debug-iphonesimulator/include -F/var/folders/sk/1y78dckn1fbdyvwtdtdy76680000gn/T/nosfy-session-commit-s4q40rbr/DerivedBaseline/Build/Products/Debug-iphonesimulator -isysroot /Applications/Xcode.app/Contents/Developer/Platforms/iPhoneSimulator.platform/Developer/SDKs/iPhoneSimulator26.5.sdk -fmetal-math-mode\=fast -fmetal-math-fp32-functions\=fast -serialize-diagnostics /var/folders/sk/1y78dckn1fbdyvwtdtdy76680000gn/T/nosfy-session-commit-s4q40rbr/DerivedBaseline/Build/Intermediates.noindex/Nosfy.build/Debug-iphonesimulator/Nosfy.build/Metal/WahouAura.dia -o /var/folders/sk/1y78dckn1fbdyvwtdtdy76680000gn/T/nosfy-session-commit-s4q40rbr/DerivedBaseline/Build/Intermediates.noindex/Nosfy.build/Debug-iphonesimulator/Nosfy.build/Metal/WahouAura.air -index-store-path /var/folders/sk/1y78dckn1fbdyvwtdtdy76680000gn/T/nosfy-session-commit-s4q40rbr/DerivedBaseline/Index.noindex/DataStore -MMD -MT dependencies -MF /var/folders/sk/1y78dckn1fbdyvwtdtdy76680000gn/T/nosfy-session-commit-s4q40rbr/DerivedBaseline/Build/Intermediates.noindex/Nosfy.build/Debug-iphonesimulator/Nosfy.build/Metal/WahouAura.dat /var/folders/sk/1y78dckn1fbdyvwtdtdy76680000gn/T/nosfy-session-commit-s4q40rbr/baseline/Nosfy/WahouAura.metal

CompileMetalFile /var/folders/sk/1y78dckn1fbdyvwtdtdy76680000gn/T/nosfy-session-commit-s4q40rbr/baseline/Nosfy/VerreGalet.metal (in target 'Nosfy' from project 'Nosfy')
    cd /var/folders/sk/1y78dckn1fbdyvwtdtdy76680000gn/T/nosfy-session-commit-s4q40rbr/baseline
    /var/run/com.apple.security.cryptexd/mnt/com.apple.MobileAsset.MetalToolchain-v17.6.42.0.BA5Ggr/Metal.xctoolchain/usr/bin/metal -c -target air64-apple-ios26.0-simulator -gline-tables-only -frecord-sources -I/var/folders/sk/1y78dckn1fbdyvwtdtdy76680000gn/T/nosfy-session-commit-s4q40rbr/DerivedBaseline/Build/Products/Debug-iphonesimulator/include -F/var/folders/sk/1y78dckn1fbdyvwtdtdy76680000gn/T/nosfy-session-commit-s4q40rbr/DerivedBaseline/Build/Products/Debug-iphonesimulator -isysroot /Applications/Xcode.app/Contents/Developer/Platforms/iPhoneSimulator.platform/Developer/SDKs/iPhoneSimulator26.5.sdk -fmetal-math-mode\=fast -fmetal-math-fp32-functions\=fast -serialize-diagnostics /var/folders/sk/1y78dckn1fbdyvwtdtdy76680000gn/T/nosfy-session-commit-s4q40rbr/DerivedBaseline/Build/Intermediates.noindex/Nosfy.build/Debug-iphonesimulator/Nosfy.build/Metal/VerreGalet.dia -o /var/folders/sk/1y78dckn1fbdyvwtdtdy76680000gn/T/nosfy-session-commit-s4q40rbr/DerivedBaseline/Build/Intermediates.noindex/Nosfy.build/Debug-iphonesimulator/Nosfy.build/Metal/VerreGalet.air -index-store-path /var/folders/sk/1y78dckn1fbdyvwtdtdy76680000gn/T/nosfy-session-commit-s4q40rbr/DerivedBaseline/Index.noindex/DataStore -MMD -MT dependencies -MF /var/folders/sk/1y78dckn1fbdyvwtdtdy76680000gn/T/nosfy-session-commit-s4q40rbr/DerivedBaseline/Build/Intermediates.noindex/Nosfy.build/Debug-iphonesimulator/Nosfy.build/Metal/VerreGalet.dat /var/folders/sk/1y78dckn1fbdyvwtdtdy76680000gn/T/nosfy-session-commit-s4q40rbr/baseline/Nosfy/VerreGalet.metal

SwiftDriverJobDiscovery normal arm64 Compiling WorkoutActivity.swift (in target 'NosfyWidgets' from project 'Nosfy')

CompileMetalFile /var/folders/sk/1y78dckn1fbdyvwtdtdy76680000gn/T/nosfy-session-commit-s4q40rbr/baseline/Nosfy/VerreCoulant.metal (in target 'Nosfy' from project 'Nosfy')
    cd /var/folders/sk/1y78dckn1fbdyvwtdtdy76680000gn/T/nosfy-session-commit-s4q40rbr/baseline
    /var/run/com.apple.security.cryptexd/mnt/com.apple.MobileAsset.MetalToolchain-v17.6.42.0.BA5Ggr/Metal.xctoolchain/usr/bin/metal -c -target air64-apple-ios26.0-simulator -gline-tables-only -frecord-sources -I/var/folders/sk/1y78dckn1fbdyvwtdtdy76680000gn/T/nosfy-session-commit-s4q40rbr/DerivedBaseline/Build/Products/Debug-iphonesimulator/include -F/var/folders/sk/1y78dckn1fbdyvwtdtdy76680000gn/T/nosfy-session-commit-s4q40rbr/DerivedBaseline/Build/Products/Debug-iphonesimulator -isysroot /Applications/Xcode.app/Contents/Developer/Platforms/iPhoneSimulator.platform/Developer/SDKs/iPhoneSimulator26.5.sdk -fmetal-math-mode\=fast -fmetal-math-fp32-functions\=fast -serialize-diagnostics /var/folders/sk/1y78dckn1fbdyvwtdtdy76680000gn/T/nosfy-session-commit-s4q40rbr/DerivedBaseline/Build/Intermediates.noindex/Nosfy.build/Debug-iphonesimulator/Nosfy.build/Metal/VerreCoulant-f4ee2d5f0b7294b2cb45e05768484fc5.dia -o /var/folders/sk/1y78dckn1fbdyvwtdtdy76680000gn/T/nosfy-session-commit-s4q40rbr/DerivedBaseline/Build/Intermediates.noindex/Nosfy.build/Debug-iphonesimulator/Nosfy.build/Metal/VerreCoulant-f4ee2d5f0b7294b2cb45e05768484fc5.air -index-store-path /var/folders/sk/1y78dckn1fbdyvwtdtdy76680000gn/T/nosfy-session-commit-s4q40rbr/DerivedBaseline/Index.noindex/DataStore -MMD -MT dependencies -MF /var/folders/sk/1y78dckn1fbdyvwtdtdy76680000gn/T/nosfy-session-commit-s4q40rbr/DerivedBaseline/Build/Intermediates.noindex/Nosfy.build/Debug-iphonesimulator/Nosfy.build/Metal/VerreCoulant-f4ee2d5f0b7294b2cb45e05768484fc5.dat /var/folders/sk/1y78dckn1fbdyvwtdtdy76680000gn/T/nosfy-session-commit-s4q40rbr/baseline/Nosfy/VerreCoulant.metal
/var/folders/sk/1y78dckn1fbdyvwtdtdy76680000gn/T/nosfy-session-commit-s4q40rbr/baseline/Nosfy/VerreCoulant.metal:138:11: warning: unused variable 'swell' [-Wunused-variable]
    float swell = 1.0 + 0.050 * sin(t * 6.2832 / 8.7)
          ^
1 warning generated.

SwiftDriverJobDiscovery normal arm64 Compiling GeneratedAssetSymbols.swift (in target 'NosfyWidgets' from project 'Nosfy')

CompileMetalFile /var/folders/sk/1y78dckn1fbdyvwtdtdy76680000gn/T/nosfy-session-commit-s4q40rbr/baseline/Nosfy/TreasureBadge.metal (in target 'Nosfy' from project 'Nosfy')
    cd /var/folders/sk/1y78dckn1fbdyvwtdtdy76680000gn/T/nosfy-session-commit-s4q40rbr/baseline
    /var/run/com.apple.security.cryptexd/mnt/com.apple.MobileAsset.MetalToolchain-v17.6.42.0.BA5Ggr/Metal.xctoolchain/usr/bin/metal -c -target air64-apple-ios26.0-simulator -gline-tables-only -frecord-sources -I/var/folders/sk/1y78dckn1fbdyvwtdtdy76680000gn/T/nosfy-session-commit-s4q40rbr/DerivedBaseline/Build/Products/Debug-iphonesimulator/include -F/var/folders/sk/1y78dckn1fbdyvwtdtdy76680000gn/T/nosfy-session-commit-s4q40rbr/DerivedBaseline/Build/Products/Debug-iphonesimulator -isysroot /Applications/Xcode.app/Contents/Developer/Platforms/iPhoneSimulator.platform/Developer/SDKs/iPhoneSimulator26.5.sdk -fmetal-math-mode\=fast -fmetal-math-fp32-functions\=fast -serialize-diagnostics /var/folders/sk/1y78dckn1fbdyvwtdtdy76680000gn/T/nosfy-session-commit-s4q40rbr/DerivedBaseline/Build/Intermediates.noindex/Nosfy.build/Debug-iphonesimulator/Nosfy.build/Metal/TreasureBadge.dia -o /var/folders/sk/1y78dckn1fbdyvwtdtdy76680000gn/T/nosfy-session-commit-s4q40rbr/DerivedBaseline/Build/Intermediates.noindex/Nosfy.build/Debug-iphonesimulator/Nosfy.build/Metal/TreasureBadge.air -index-store-path /var/folders/sk/1y78dckn1fbdyvwtdtdy76680000gn/T/nosfy-session-commit-s4q40rbr/DerivedBaseline/Index.noindex/DataStore -MMD -MT dependencies -MF /var/folders/sk/1y78dckn1fbdyvwtdtdy76680000gn/T/nosfy-session-commit-s4q40rbr/DerivedBaseline/Build/Intermediates.noindex/Nosfy.build/Debug-iphonesimulator/Nosfy.build/Metal/TreasureBadge.dat /var/folders/sk/1y78dckn1fbdyvwtdtdy76680000gn/T/nosfy-session-commit-s4q40rbr/baseline/Nosfy/TreasureBadge.metal

SwiftDriverJobDiscovery normal arm64 Compiling WorkoutLiveFocus.swift (in target 'NosfyWidgets' from project 'Nosfy')

CompileMetalFile /var/folders/sk/1y78dckn1fbdyvwtdtdy76680000gn/T/nosfy-session-commit-s4q40rbr/baseline/Nosfy/PorteCaresse.metal (in target 'Nosfy' from project 'Nosfy')
    cd /var/folders/sk/1y78dckn1fbdyvwtdtdy76680000gn/T/nosfy-session-commit-s4q40rbr/baseline
    /var/run/com.apple.security.cryptexd/mnt/com.apple.MobileAsset.MetalToolchain-v17.6.42.0.BA5Ggr/Metal.xctoolchain/usr/bin/metal -c -target air64-apple-ios26.0-simulator -gline-tables-only -frecord-sources -I/var/folders/sk/1y78dckn1fbdyvwtdtdy76680000gn/T/nosfy-session-commit-s4q40rbr/DerivedBaseline/Build/Products/Debug-iphonesimulator/include -F/var/folders/sk/1y78dckn1fbdyvwtdtdy76680000gn/T/nosfy-session-commit-s4q40rbr/DerivedBaseline/Build/Products/Debug-iphonesimulator -isysroot /Applications/Xcode.app/Contents/Developer/Platforms/iPhoneSimulator.platform/Developer/SDKs/iPhoneSimulator26.5.sdk -fmetal-math-mode\=fast -fmetal-math-fp32-functions\=fast -serialize-diagnostics /var/folders/sk/1y78dckn1fbdyvwtdtdy76680000gn/T/nosfy-session-commit-s4q40rbr/DerivedBaseline/Build/Intermediates.noindex/Nosfy.build/Debug-iphonesimulator/Nosfy.build/Metal/PorteCaresse.dia -o /var/folders/sk/1y78dckn1fbdyvwtdtdy76680000gn/T/nosfy-session-commit-s4q40rbr/DerivedBaseline/Build/Intermediates.noindex/Nosfy.build/Debug-iphonesimulator/Nosfy.build/Metal/PorteCaresse.air -index-store-path /var/folders/sk/1y78dckn1fbdyvwtdtdy76680000gn/T/nosfy-session-commit-s4q40rbr/DerivedBaseline/Index.noindex/DataStore -MMD -MT dependencies -MF /var/folders/sk/1y78dckn1fbdyvwtdtdy76680000gn/T/nosfy-session-commit-s4q40rbr/DerivedBaseline/Build/Intermediates.noindex/Nosfy.build/Debug-iphonesimulator/Nosfy.build/Metal/PorteCaresse.dat /var/folders/sk/1y78dckn1fbdyvwtdtdy76680000gn/T/nosfy-session-commit-s4q40rbr/baseline/Nosfy/PorteCaresse.metal

CompileMetalFile /var/folders/sk/1y78dckn1fbdyvwtdtdy76680000gn/T/nosfy-session-commit-s4q40rbr/baseline/Nosfy/PieceVerre.metal (in target 'Nosfy' from project 'Nosfy')
    cd /var/folders/sk/1y78dckn1fbdyvwtdtdy76680000gn/T/nosfy-session-commit-s4q40rbr/baseline
    /var/run/com.apple.security.cryptexd/mnt/com.apple.MobileAsset.MetalToolchain-v17.6.42.0.BA5Ggr/Metal.xctoolchain/usr/bin/metal -c -target air64-apple-ios26.0-simulator -gline-tables-only -frecord-sources -I/var/folders/sk/1y78dckn1fbdyvwtdtdy76680000gn/T/nosfy-session-commit-s4q40rbr/DerivedBaseline/Build/Products/Debug-iphonesimulator/include -F/var/folders/sk/1y78dckn1fbdyvwtdtdy76680000gn/T/nosfy-session-commit-s4q40rbr/DerivedBaseline/Build/Products/Debug-iphonesimulator -isysroot /Applications/Xcode.app/Contents/Developer/Platforms/iPhoneSimulator.platform/Developer/SDKs/iPhoneSimulator26.5.sdk -fmetal-math-mode\=fast -fmetal-math-fp32-functions\=fast -serialize-diagnostics /var/folders/sk/1y78dckn1fbdyvwtdtdy76680000gn/T/nosfy-session-commit-s4q40rbr/DerivedBaseline/Build/Intermediates.noindex/Nosfy.build/Debug-iphonesimulator/Nosfy.build/Metal/PieceVerre.dia -o /var/folders/sk/1y78dckn1fbdyvwtdtdy76680000gn/T/nosfy-session-commit-s4q40rbr/DerivedBaseline/Build/Intermediates.noindex/Nosfy.build/Debug-iphonesimulator/Nosfy.build/Metal/PieceVerre.air -index-store-path /var/folders/sk/1y78dckn1fbdyvwtdtdy76680000gn/T/nosfy-session-commit-s4q40rbr/DerivedBaseline/Index.noindex/DataStore -MMD -MT dependencies -MF /var/folders/sk/1y78dckn1fbdyvwtdtdy76680000gn/T/nosfy-session-commit-s4q40rbr/DerivedBaseline/Build/Intermediates.noindex/Nosfy.build/Debug-iphonesimulator/Nosfy.build/Metal/PieceVerre.dat /var/folders/sk/1y78dckn1fbdyvwtdtdy76680000gn/T/nosfy-session-commit-s4q40rbr/baseline/Nosfy/PieceVerre.metal

CompileMetalFile /var/folders/sk/1y78dckn1fbdyvwtdtdy76680000gn/T/nosfy-session-commit-s4q40rbr/baseline/Nosfy/PebbleDust.metal (in target 'Nosfy' from project 'Nosfy')
    cd /var/folders/sk/1y78dckn1fbdyvwtdtdy76680000gn/T/nosfy-session-commit-s4q40rbr/baseline
    /var/run/com.apple.security.cryptexd/mnt/com.apple.MobileAsset.MetalToolchain-v17.6.42.0.BA5Ggr/Metal.xctoolchain/usr/bin/metal -c -target air64-apple-ios26.0-simulator -gline-tables-only -frecord-sources -I/var/folders/sk/1y78dckn1fbdyvwtdtdy76680000gn/T/nosfy-session-commit-s4q40rbr/DerivedBaseline/Build/Products/Debug-iphonesimulator/include -F/var/folders/sk/1y78dckn1fbdyvwtdtdy76680000gn/T/nosfy-session-commit-s4q40rbr/DerivedBaseline/Build/Products/Debug-iphonesimulator -isysroot /Applications/Xcode.app/Contents/Developer/Platforms/iPhoneSimulator.platform/Developer/SDKs/iPhoneSimulator26.5.sdk -fmetal-math-mode\=fast -fmetal-math-fp32-functions\=fast -serialize-diagnostics /var/folders/sk/1y78dckn1fbdyvwtdtdy76680000gn/T/nosfy-session-commit-s4q40rbr/DerivedBaseline/Build/Intermediates.noindex/Nosfy.build/Debug-iphonesimulator/Nosfy.build/Metal/PebbleDust.dia -o /var/folders/sk/1y78dckn1fbdyvwtdtdy76680000gn/T/nosfy-session-commit-s4q40rbr/DerivedBaseline/Build/Intermediates.noindex/Nosfy.build/Debug-iphonesimulator/Nosfy.build/Metal/PebbleDust.air -index-store-path /var/folders/sk/1y78dckn1fbdyvwtdtdy76680000gn/T/nosfy-session-commit-s4q40rbr/DerivedBaseline/Index.noindex/DataStore -MMD -MT dependencies -MF /var/folders/sk/1y78dckn1fbdyvwtdtdy76680000gn/T/nosfy-session-commit-s4q40rbr/DerivedBaseline/Build/Intermediates.noindex/Nosfy.build/Debug-iphonesimulator/Nosfy.build/Metal/PebbleDust.dat /var/folders/sk/1y78dckn1fbdyvwtdtdy76680000gn/T/nosfy-session-commit-s4q40rbr/baseline/Nosfy/PebbleDust.metal

CompileMetalFile /var/folders/sk/1y78dckn1fbdyvwtdtdy76680000gn/T/nosfy-session-commit-s4q40rbr/baseline/Nosfy/ObsidianCard.metal (in target 'Nosfy' from project 'Nosfy')
    cd /var/folders/sk/1y78dckn1fbdyvwtdtdy76680000gn/T/nosfy-session-commit-s4q40rbr/baseline
    /var/run/com.apple.security.cryptexd/mnt/com.apple.MobileAsset.MetalToolchain-v17.6.42.0.BA5Ggr/Metal.xctoolchain/usr/bin/metal -c -target air64-apple-ios26.0-simulator -gline-tables-only -frecord-sources -I/var/folders/sk/1y78dckn1fbdyvwtdtdy76680000gn/T/nosfy-session-commit-s4q40rbr/DerivedBaseline/Build/Products/Debug-iphonesimulator/include -F/var/folders/sk/1y78dckn1fbdyvwtdtdy76680000gn/T/nosfy-session-commit-s4q40rbr/DerivedBaseline/Build/Products/Debug-iphonesimulator -isysroot /Applications/Xcode.app/Contents/Developer/Platforms/iPhoneSimulator.platform/Developer/SDKs/iPhoneSimulator26.5.sdk -fmetal-math-mode\=fast -fmetal-math-fp32-functions\=fast -serialize-diagnostics /var/folders/sk/1y78dckn1fbdyvwtdtdy76680000gn/T/nosfy-session-commit-s4q40rbr/DerivedBaseline/Build/Intermediates.noindex/Nosfy.build/Debug-iphonesimulator/Nosfy.build/Metal/ObsidianCard-dc75de4e7b460ceb948ab139733e8b73.dia -o /var/folders/sk/1y78dckn1fbdyvwtdtdy76680000gn/T/nosfy-session-commit-s4q40rbr/DerivedBaseline/Build/Intermediates.noindex/Nosfy.build/Debug-iphonesimulator/Nosfy.build/Metal/ObsidianCard-dc75de4e7b460ceb948ab139733e8b73.air -index-store-path /var/folders/sk/1y78dckn1fbdyvwtdtdy76680000gn/T/nosfy-session-commit-s4q40rbr/DerivedBaseline/Index.noindex/DataStore -MMD -MT dependencies -MF /var/folders/sk/1y78dckn1fbdyvwtdtdy76680000gn/T/nosfy-session-commit-s4q40rbr/DerivedBaseline/Build/Intermediates.noindex/Nosfy.build/Debug-iphonesimulator/Nosfy.build/Metal/ObsidianCard-dc75de4e7b460ceb948ab139733e8b73.dat /var/folders/sk/1y78dckn1fbdyvwtdtdy76680000gn/T/nosfy-session-commit-s4q40rbr/baseline/Nosfy/ObsidianCard.metal
/var/folders/sk/1y78dckn1fbdyvwtdtdy76680000gn/T/nosfy-session-commit-s4q40rbr/baseline/Nosfy/ObsidianCard.metal:72:14: warning: unused function 'olobe' [-Wunused-function]
static float olobe(float2 p, float2 c, float2 s) {
             ^
/var/folders/sk/1y78dckn1fbdyvwtdtdy76680000gn/T/nosfy-session-commit-s4q40rbr/baseline/Nosfy/ObsidianCard.metal:89:17: warning: unused variable 'kWarm' [-Wunused-const-variable]
constant float3 kWarm = float3(1.000, 0.456, 0.154);   // la source chaude
                ^
/var/folders/sk/1y78dckn1fbdyvwtdtdy76680000gn/T/nosfy-session-commit-s4q40rbr/baseline/Nosfy/ObsidianCard.metal:97:17: warning: unused variable 'kRim' [-Wunused-const-variable]
constant float3 kRim  = float3(1.000, 0.600, 0.320);
                ^
3 warnings generated.

CompileMetalFile /var/folders/sk/1y78dckn1fbdyvwtdtdy76680000gn/T/nosfy-session-commit-s4q40rbr/baseline/Nosfy/ObjectiveJewel.metal (in target 'Nosfy' from project 'Nosfy')
    cd /var/folders/sk/1y78dckn1fbdyvwtdtdy76680000gn/T/nosfy-session-commit-s4q40rbr/baseline
    /var/run/com.apple.security.cryptexd/mnt/com.apple.MobileAsset.MetalToolchain-v17.6.42.0.BA5Ggr/Metal.xctoolchain/usr/bin/metal -c -target air64-apple-ios26.0-simulator -gline-tables-only -frecord-sources -I/var/folders/sk/1y78dckn1fbdyvwtdtdy76680000gn/T/nosfy-session-commit-s4q40rbr/DerivedBaseline/Build/Products/Debug-iphonesimulator/include -F/var/folders/sk/1y78dckn1fbdyvwtdtdy76680000gn/T/nosfy-session-commit-s4q40rbr/DerivedBaseline/Build/Products/Debug-iphonesimulator -isysroot /Applications/Xcode.app/Contents/Developer/Platforms/iPhoneSimulator.platform/Developer/SDKs/iPhoneSimulator26.5.sdk -fmetal-math-mode\=fast -fmetal-math-fp32-functions\=fast -serialize-diagnostics /var/folders/sk/1y78dckn1fbdyvwtdtdy76680000gn/T/nosfy-session-commit-s4q40rbr/DerivedBaseline/Build/Intermediates.noindex/Nosfy.build/Debug-iphonesimulator/Nosfy.build/Metal/ObjectiveJewel.dia -o /var/folders/sk/1y78dckn1fbdyvwtdtdy76680000gn/T/nosfy-session-commit-s4q40rbr/DerivedBaseline/Build/Intermediates.noindex/Nosfy.build/Debug-iphonesimulator/Nosfy.build/Metal/ObjectiveJewel.air -index-store-path /var/folders/sk/1y78dckn1fbdyvwtdtdy76680000gn/T/nosfy-session-commit-s4q40rbr/DerivedBaseline/Index.noindex/DataStore -MMD -MT dependencies -MF /var/folders/sk/1y78dckn1fbdyvwtdtdy76680000gn/T/nosfy-session-commit-s4q40rbr/DerivedBaseline/Build/Intermediates.noindex/Nosfy.build/Debug-iphonesimulator/Nosfy.build/Metal/ObjectiveJewel.dat /var/folders/sk/1y78dckn1fbdyvwtdtdy76680000gn/T/nosfy-session-commit-s4q40rbr/baseline/Nosfy/ObjectiveJewel.metal

CompileMetalFile /var/folders/sk/1y78dckn1fbdyvwtdtdy76680000gn/T/nosfy-session-commit-s4q40rbr/baseline/Nosfy/NeonPrimary.metal (in target 'Nosfy' from project 'Nosfy')
    cd /var/folders/sk/1y78dckn1fbdyvwtdtdy76680000gn/T/nosfy-session-commit-s4q40rbr/baseline
    /var/run/com.apple.security.cryptexd/mnt/com.apple.MobileAsset.MetalToolchain-v17.6.42.0.BA5Ggr/Metal.xctoolchain/usr/bin/metal -c -target air64-apple-ios26.0-simulator -gline-tables-only -frecord-sources -I/var/folders/sk/1y78dckn1fbdyvwtdtdy76680000gn/T/nosfy-session-commit-s4q40rbr/DerivedBaseline/Build/Products/Debug-iphonesimulator/include -F/var/folders/sk/1y78dckn1fbdyvwtdtdy76680000gn/T/nosfy-session-commit-s4q40rbr/DerivedBaseline/Build/Products/Debug-iphonesimulator -isysroot /Applications/Xcode.app/Contents/Developer/Platforms/iPhoneSimulator.platform/Developer/SDKs/iPhoneSimulator26.5.sdk -fmetal-math-mode\=fast -fmetal-math-fp32-functions\=fast -serialize-diagnostics /var/folders/sk/1y78dckn1fbdyvwtdtdy76680000gn/T/nosfy-session-commit-s4q40rbr/DerivedBaseline/Build/Intermediates.noindex/Nosfy.build/Debug-iphonesimulator/Nosfy.build/Metal/NeonPrimary.dia -o /var/folders/sk/1y78dckn1fbdyvwtdtdy76680000gn/T/nosfy-session-commit-s4q40rbr/DerivedBaseline/Build/Intermediates.noindex/Nosfy.build/Debug-iphonesimulator/Nosfy.build/Metal/NeonPrimary.air -index-store-path /var/folders/sk/1y78dckn1fbdyvwtdtdy76680000gn/T/nosfy-session-commit-s4q40rbr/DerivedBaseline/Index.noindex/DataStore -MMD -MT dependencies -MF /var/folders/sk/1y78dckn1fbdyvwtdtdy76680000gn/T/nosfy-session-commit-s4q40rbr/DerivedBaseline/Build/Intermediates.noindex/Nosfy.build/Debug-iphonesimulator/Nosfy.build/Metal/NeonPrimary.dat /var/folders/sk/1y78dckn1fbdyvwtdtdy76680000gn/T/nosfy-session-commit-s4q40rbr/baseline/Nosfy/NeonPrimary.metal

CompileMetalFile /var/folders/sk/1y78dckn1fbdyvwtdtdy76680000gn/T/nosfy-session-commit-s4q40rbr/baseline/Nosfy/NebulaShaders.metal (in target 'Nosfy' from project 'Nosfy')
    cd /var/folders/sk/1y78dckn1fbdyvwtdtdy76680000gn/T/nosfy-session-commit-s4q40rbr/baseline
    /var/run/com.apple.security.cryptexd/mnt/com.apple.MobileAsset.MetalToolchain-v17.6.42.0.BA5Ggr/Metal.xctoolchain/usr/bin/metal -c -target air64-apple-ios26.0-simulator -gline-tables-only -frecord-sources -I/var/folders/sk/1y78dckn1fbdyvwtdtdy76680000gn/T/nosfy-session-commit-s4q40rbr/DerivedBaseline/Build/Products/Debug-iphonesimulator/include -F/var/folders/sk/1y78dckn1fbdyvwtdtdy76680000gn/T/nosfy-session-commit-s4q40rbr/DerivedBaseline/Build/Products/Debug-iphonesimulator -isysroot /Applications/Xcode.app/Contents/Developer/Platforms/iPhoneSimulator.platform/Developer/SDKs/iPhoneSimulator26.5.sdk -fmetal-math-mode\=fast -fmetal-math-fp32-functions\=fast -serialize-diagnostics /var/folders/sk/1y78dckn1fbdyvwtdtdy76680000gn/T/nosfy-session-commit-s4q40rbr/DerivedBaseline/Build/Intermediates.noindex/Nosfy.build/Debug-iphonesimulator/Nosfy.build/Metal/NebulaShaders.dia -o /var/folders/sk/1y78dckn1fbdyvwtdtdy76680000gn/T/nosfy-session-commit-s4q40rbr/DerivedBaseline/Build/Intermediates.noindex/Nosfy.build/Debug-iphonesimulator/Nosfy.build/Metal/NebulaShaders.air -index-store-path /var/folders/sk/1y78dckn1fbdyvwtdtdy76680000gn/T/nosfy-session-commit-s4q40rbr/DerivedBaseline/Index.noindex/DataStore -MMD -MT dependencies -MF /var/folders/sk/1y78dckn1fbdyvwtdtdy76680000gn/T/nosfy-session-commit-s4q40rbr/DerivedBaseline/Build/Intermediates.noindex/Nosfy.build/Debug-iphonesimulator/Nosfy.build/Metal/NebulaShaders.dat /var/folders/sk/1y78dckn1fbdyvwtdtdy76680000gn/T/nosfy-session-commit-s4q40rbr/baseline/Nosfy/NebulaShaders.metal

CompileMetalFile /var/folders/sk/1y78dckn1fbdyvwtdtdy76680000gn/T/nosfy-session-commit-s4q40rbr/baseline/Nosfy/NavMonolith.metal (in target 'Nosfy' from project 'Nosfy')
    cd /var/folders/sk/1y78dckn1fbdyvwtdtdy76680000gn/T/nosfy-session-commit-s4q40rbr/baseline
    /var/run/com.apple.security.cryptexd/mnt/com.apple.MobileAsset.MetalToolchain-v17.6.42.0.BA5Ggr/Metal.xctoolchain/usr/bin/metal -c -target air64-apple-ios26.0-simulator -gline-tables-only -frecord-sources -I/var/folders/sk/1y78dckn1fbdyvwtdtdy76680000gn/T/nosfy-session-commit-s4q40rbr/DerivedBaseline/Build/Products/Debug-iphonesimulator/include -F/var/folders/sk/1y78dckn1fbdyvwtdtdy76680000gn/T/nosfy-session-commit-s4q40rbr/DerivedBaseline/Build/Products/Debug-iphonesimulator -isysroot /Applications/Xcode.app/Contents/Developer/Platforms/iPhoneSimulator.platform/Developer/SDKs/iPhoneSimulator26.5.sdk -fmetal-math-mode\=fast -fmetal-math-fp32-functions\=fast -serialize-diagnostics /var/folders/sk/1y78dckn1fbdyvwtdtdy76680000gn/T/nosfy-session-commit-s4q40rbr/DerivedBaseline/Build/Intermediates.noindex/Nosfy.build/Debug-iphonesimulator/Nosfy.build/Metal/NavMonolith.dia -o /var/folders/sk/1y78dckn1fbdyvwtdtdy76680000gn/T/nosfy-session-commit-s4q40rbr/DerivedBaseline/Build/Intermediates.noindex/Nosfy.build/Debug-iphonesimulator/Nosfy.build/Metal/NavMonolith.air -index-store-path /var/folders/sk/1y78dckn1fbdyvwtdtdy76680000gn/T/nosfy-session-commit-s4q40rbr/DerivedBaseline/Index.noindex/DataStore -MMD -MT dependencies -MF /var/folders/sk/1y78dckn1fbdyvwtdtdy76680000gn/T/nosfy-session-commit-s4q40rbr/DerivedBaseline/Build/Intermediates.noindex/Nosfy.build/Debug-iphonesimulator/Nosfy.build/Metal/NavMonolith.dat /var/folders/sk/1y78dckn1fbdyvwtdtdy76680000gn/T/nosfy-session-commit-s4q40rbr/baseline/Nosfy/NavMonolith.metal

CompileMetalFile /var/folders/sk/1y78dckn1fbdyvwtdtdy76680000gn/T/nosfy-session-commit-s4q40rbr/baseline/Nosfy/MoonCoin.metal (in target 'Nosfy' from project 'Nosfy')
    cd /var/folders/sk/1y78dckn1fbdyvwtdtdy76680000gn/T/nosfy-session-commit-s4q40rbr/baseline
    /var/run/com.apple.security.cryptexd/mnt/com.apple.MobileAsset.MetalToolchain-v17.6.42.0.BA5Ggr/Metal.xctoolchain/usr/bin/metal -c -target air64-apple-ios26.0-simulator -gline-tables-only -frecord-sources -I/var/folders/sk/1y78dckn1fbdyvwtdtdy76680000gn/T/nosfy-session-commit-s4q40rbr/DerivedBaseline/Build/Products/Debug-iphonesimulator/include -F/var/folders/sk/1y78dckn1fbdyvwtdtdy76680000gn/T/nosfy-session-commit-s4q40rbr/DerivedBaseline/Build/Products/Debug-iphonesimulator -isysroot /Applications/Xcode.app/Contents/Developer/Platforms/iPhoneSimulator.platform/Developer/SDKs/iPhoneSimulator26.5.sdk -fmetal-math-mode\=fast -fmetal-math-fp32-functions\=fast -serialize-diagnostics /var/folders/sk/1y78dckn1fbdyvwtdtdy76680000gn/T/nosfy-session-commit-s4q40rbr/DerivedBaseline/Build/Intermediates.noindex/Nosfy.build/Debug-iphonesimulator/Nosfy.build/Metal/MoonCoin.dia -o /var/folders/sk/1y78dckn1fbdyvwtdtdy76680000gn/T/nosfy-session-commit-s4q40rbr/DerivedBaseline/Build/Intermediates.noindex/Nosfy.build/Debug-iphonesimulator/Nosfy.build/Metal/MoonCoin.air -index-store-path /var/folders/sk/1y78dckn1fbdyvwtdtdy76680000gn/T/nosfy-session-commit-s4q40rbr/DerivedBaseline/Index.noindex/DataStore -MMD -MT dependencies -MF /var/folders/sk/1y78dckn1fbdyvwtdtdy76680000gn/T/nosfy-session-commit-s4q40rbr/DerivedBaseline/Build/Intermediates.noindex/Nosfy.build/Debug-iphonesimulator/Nosfy.build/Metal/MoonCoin.dat /var/folders/sk/1y78dckn1fbdyvwtdtdy76680000gn/T/nosfy-session-commit-s4q40rbr/baseline/Nosfy/MoonCoin.metal

CompileMetalFile /var/folders/sk/1y78dckn1fbdyvwtdtdy76680000gn/T/nosfy-session-commit-s4q40rbr/baseline/Nosfy/LogoMonolith.metal (in target 'Nosfy' from project 'Nosfy')
    cd /var/folders/sk/1y78dckn1fbdyvwtdtdy76680000gn/T/nosfy-session-commit-s4q40rbr/baseline
    /var/run/com.apple.security.cryptexd/mnt/com.apple.MobileAsset.MetalToolchain-v17.6.42.0.BA5Ggr/Metal.xctoolchain/usr/bin/metal -c -target air64-apple-ios26.0-simulator -gline-tables-only -frecord-sources -I/var/folders/sk/1y78dckn1fbdyvwtdtdy76680000gn/T/nosfy-session-commit-s4q40rbr/DerivedBaseline/Build/Products/Debug-iphonesimulator/include -F/var/folders/sk/1y78dckn1fbdyvwtdtdy76680000gn/T/nosfy-session-commit-s4q40rbr/DerivedBaseline/Build/Products/Debug-iphonesimulator -isysroot /Applications/Xcode.app/Contents/Developer/Platforms/iPhoneSimulator.platform/Developer/SDKs/iPhoneSimulator26.5.sdk -fmetal-math-mode\=fast -fmetal-math-fp32-functions\=fast -serialize-diagnostics /var/folders/sk/1y78dckn1fbdyvwtdtdy76680000gn/T/nosfy-session-commit-s4q40rbr/DerivedBaseline/Build/Intermediates.noindex/Nosfy.build/Debug-iphonesimulator/Nosfy.build/Metal/LogoMonolith.dia -o /var/folders/sk/1y78dckn1fbdyvwtdtdy76680000gn/T/nosfy-session-commit-s4q40rbr/DerivedBaseline/Build/Intermediates.noindex/Nosfy.build/Debug-iphonesimulator/Nosfy.build/Metal/LogoMonolith.air -index-store-path /var/folders/sk/1y78dckn1fbdyvwtdtdy76680000gn/T/nosfy-session-commit-s4q40rbr/DerivedBaseline/Index.noindex/DataStore -MMD -MT dependencies -MF /var/folders/sk/1y78dckn1fbdyvwtdtdy76680000gn/T/nosfy-session-commit-s4q40rbr/DerivedBaseline/Build/Intermediates.noindex/Nosfy.build/Debug-iphonesimulator/Nosfy.build/Metal/LogoMonolith.dat /var/folders/sk/1y78dckn1fbdyvwtdtdy76680000gn/T/nosfy-session-commit-s4q40rbr/baseline/Nosfy/LogoMonolith.metal

CompileMetalFile /var/folders/sk/1y78dckn1fbdyvwtdtdy76680000gn/T/nosfy-session-commit-s4q40rbr/baseline/Nosfy/LoginAurora.metal (in target 'Nosfy' from project 'Nosfy')
    cd /var/folders/sk/1y78dckn1fbdyvwtdtdy76680000gn/T/nosfy-session-commit-s4q40rbr/baseline
    /var/run/com.apple.security.cryptexd/mnt/com.apple.MobileAsset.MetalToolchain-v17.6.42.0.BA5Ggr/Metal.xctoolchain/usr/bin/metal -c -target air64-apple-ios26.0-simulator -gline-tables-only -frecord-sources -I/var/folders/sk/1y78dckn1fbdyvwtdtdy76680000gn/T/nosfy-session-commit-s4q40rbr/DerivedBaseline/Build/Products/Debug-iphonesimulator/include -F/var/folders/sk/1y78dckn1fbdyvwtdtdy76680000gn/T/nosfy-session-commit-s4q40rbr/DerivedBaseline/Build/Products/Debug-iphonesimulator -isysroot /Applications/Xcode.app/Contents/Developer/Platforms/iPhoneSimulator.platform/Developer/SDKs/iPhoneSimulator26.5.sdk -fmetal-math-mode\=fast -fmetal-math-fp32-functions\=fast -serialize-diagnostics /var/folders/sk/1y78dckn1fbdyvwtdtdy76680000gn/T/nosfy-session-commit-s4q40rbr/DerivedBaseline/Build/Intermediates.noindex/Nosfy.build/Debug-iphonesimulator/Nosfy.build/Metal/LoginAurora.dia -o /var/folders/sk/1y78dckn1fbdyvwtdtdy76680000gn/T/nosfy-session-commit-s4q40rbr/DerivedBaseline/Build/Intermediates.noindex/Nosfy.build/Debug-iphonesimulator/Nosfy.build/Metal/LoginAurora.air -index-store-path /var/folders/sk/1y78dckn1fbdyvwtdtdy76680000gn/T/nosfy-session-commit-s4q40rbr/DerivedBaseline/Index.noindex/DataStore -MMD -MT dependencies -MF /var/folders/sk/1y78dckn1fbdyvwtdtdy76680000gn/T/nosfy-session-commit-s4q40rbr/DerivedBaseline/Build/Intermediates.noindex/Nosfy.build/Debug-iphonesimulator/Nosfy.build/Metal/LoginAurora.dat /var/folders/sk/1y78dckn1fbdyvwtdtdy76680000gn/T/nosfy-session-commit-s4q40rbr/baseline/Nosfy/LoginAurora.metal

CompileMetalFile /var/folders/sk/1y78dckn1fbdyvwtdtdy76680000gn/T/nosfy-session-commit-s4q40rbr/baseline/Nosfy/LiquidLens.metal (in target 'Nosfy' from project 'Nosfy')
    cd /var/folders/sk/1y78dckn1fbdyvwtdtdy76680000gn/T/nosfy-session-commit-s4q40rbr/baseline
    /var/run/com.apple.security.cryptexd/mnt/com.apple.MobileAsset.MetalToolchain-v17.6.42.0.BA5Ggr/Metal.xctoolchain/usr/bin/metal -c -target air64-apple-ios26.0-simulator -gline-tables-only -frecord-sources -I/var/folders/sk/1y78dckn1fbdyvwtdtdy76680000gn/T/nosfy-session-commit-s4q40rbr/DerivedBaseline/Build/Products/Debug-iphonesimulator/include -F/var/folders/sk/1y78dckn1fbdyvwtdtdy76680000gn/T/nosfy-session-commit-s4q40rbr/DerivedBaseline/Build/Products/Debug-iphonesimulator -isysroot /Applications/Xcode.app/Contents/Developer/Platforms/iPhoneSimulator.platform/Developer/SDKs/iPhoneSimulator26.5.sdk -fmetal-math-mode\=fast -fmetal-math-fp32-functions\=fast -serialize-diagnostics /var/folders/sk/1y78dckn1fbdyvwtdtdy76680000gn/T/nosfy-session-commit-s4q40rbr/DerivedBaseline/Build/Intermediates.noindex/Nosfy.build/Debug-iphonesimulator/Nosfy.build/Metal/LiquidLens.dia -o /var/folders/sk/1y78dckn1fbdyvwtdtdy76680000gn/T/nosfy-session-commit-s4q40rbr/DerivedBaseline/Build/Intermediates.noindex/Nosfy.build/Debug-iphonesimulator/Nosfy.build/Metal/LiquidLens.air -index-store-path /var/folders/sk/1y78dckn1fbdyvwtdtdy76680000gn/T/nosfy-session-commit-s4q40rbr/DerivedBaseline/Index.noindex/DataStore -MMD -MT dependencies -MF /var/folders/sk/1y78dckn1fbdyvwtdtdy76680000gn/T/nosfy-session-commit-s4q40rbr/DerivedBaseline/Build/Intermediates.noindex/Nosfy.build/Debug-iphonesimulator/Nosfy.build/Metal/LiquidLens.dat /var/folders/sk/1y78dckn1fbdyvwtdtdy76680000gn/T/nosfy-session-commit-s4q40rbr/baseline/Nosfy/LiquidLens.metal

CompileMetalFile /var/folders/sk/1y78dckn1fbdyvwtdtdy76680000gn/T/nosfy-session-commit-s4q40rbr/baseline/Nosfy/JaugeLacque.metal (in target 'Nosfy' from project 'Nosfy')
    cd /var/folders/sk/1y78dckn1fbdyvwtdtdy76680000gn/T/nosfy-session-commit-s4q40rbr/baseline
    /var/run/com.apple.security.cryptexd/mnt/com.apple.MobileAsset.MetalToolchain-v17.6.42.0.BA5Ggr/Metal.xctoolchain/usr/bin/metal -c -target air64-apple-ios26.0-simulator -gline-tables-only -frecord-sources -I/var/folders/sk/1y78dckn1fbdyvwtdtdy76680000gn/T/nosfy-session-commit-s4q40rbr/DerivedBaseline/Build/Products/Debug-iphonesimulator/include -F/var/folders/sk/1y78dckn1fbdyvwtdtdy76680000gn/T/nosfy-session-commit-s4q40rbr/DerivedBaseline/Build/Products/Debug-iphonesimulator -isysroot /Applications/Xcode.app/Contents/Developer/Platforms/iPhoneSimulator.platform/Developer/SDKs/iPhoneSimulator26.5.sdk -fmetal-math-mode\=fast -fmetal-math-fp32-functions\=fast -serialize-diagnostics /var/folders/sk/1y78dckn1fbdyvwtdtdy76680000gn/T/nosfy-session-commit-s4q40rbr/DerivedBaseline/Build/Intermediates.noindex/Nosfy.build/Debug-iphonesimulator/Nosfy.build/Metal/JaugeLacque.dia -o /var/folders/sk/1y78dckn1fbdyvwtdtdy76680000gn/T/nosfy-session-commit-s4q40rbr/DerivedBaseline/Build/Intermediates.noindex/Nosfy.build/Debug-iphonesimulator/Nosfy.build/Metal/JaugeLacque.air -index-store-path /var/folders/sk/1y78dckn1fbdyvwtdtdy76680000gn/T/nosfy-session-commit-s4q40rbr/DerivedBaseline/Index.noindex/DataStore -MMD -MT dependencies -MF /var/folders/sk/1y78dckn1fbdyvwtdtdy76680000gn/T/nosfy-session-commit-s4q40rbr/DerivedBaseline/Build/Intermediates.noindex/Nosfy.build/Debug-iphonesimulator/Nosfy.build/Metal/JaugeLacque.dat /var/folders/sk/1y78dckn1fbdyvwtdtdy76680000gn/T/nosfy-session-commit-s4q40rbr/baseline/Nosfy/JaugeLacque.metal

CompileMetalFile /var/folders/sk/1y78dckn1fbdyvwtdtdy76680000gn/T/nosfy-session-commit-s4q40rbr/baseline/Nosfy/HomeNuit.metal (in target 'Nosfy' from project 'Nosfy')
    cd /var/folders/sk/1y78dckn1fbdyvwtdtdy76680000gn/T/nosfy-session-commit-s4q40rbr/baseline
    /var/run/com.apple.security.cryptexd/mnt/com.apple.MobileAsset.MetalToolchain-v17.6.42.0.BA5Ggr/Metal.xctoolchain/usr/bin/metal -c -target air64-apple-ios26.0-simulator -gline-tables-only -frecord-sources -I/var/folders/sk/1y78dckn1fbdyvwtdtdy76680000gn/T/nosfy-session-commit-s4q40rbr/DerivedBaseline/Build/Products/Debug-iphonesimulator/include -F/var/folders/sk/1y78dckn1fbdyvwtdtdy76680000gn/T/nosfy-session-commit-s4q40rbr/DerivedBaseline/Build/Products/Debug-iphonesimulator -isysroot /Applications/Xcode.app/Contents/Developer/Platforms/iPhoneSimulator.platform/Developer/SDKs/iPhoneSimulator26.5.sdk -fmetal-math-mode\=fast -fmetal-math-fp32-functions\=fast -serialize-diagnostics /var/folders/sk/1y78dckn1fbdyvwtdtdy76680000gn/T/nosfy-session-commit-s4q40rbr/DerivedBaseline/Build/Intermediates.noindex/Nosfy.build/Debug-iphonesimulator/Nosfy.build/Metal/HomeNuit-9e198942c9b3af0b0ad82a42931a18b6.dia -o /var/folders/sk/1y78dckn1fbdyvwtdtdy76680000gn/T/nosfy-session-commit-s4q40rbr/DerivedBaseline/Build/Intermediates.noindex/Nosfy.build/Debug-iphonesimulator/Nosfy.build/Metal/HomeNuit-9e198942c9b3af0b0ad82a42931a18b6.air -index-store-path /var/folders/sk/1y78dckn1fbdyvwtdtdy76680000gn/T/nosfy-session-commit-s4q40rbr/DerivedBaseline/Index.noindex/DataStore -MMD -MT dependencies -MF /var/folders/sk/1y78dckn1fbdyvwtdtdy76680000gn/T/nosfy-session-commit-s4q40rbr/DerivedBaseline/Build/Intermediates.noindex/Nosfy.build/Debug-iphonesimulator/Nosfy.build/Metal/HomeNuit-9e198942c9b3af0b0ad82a42931a18b6.dat /var/folders/sk/1y78dckn1fbdyvwtdtdy76680000gn/T/nosfy-session-commit-s4q40rbr/baseline/Nosfy/HomeNuit.metal
/var/folders/sk/1y78dckn1fbdyvwtdtdy76680000gn/T/nosfy-session-commit-s4q40rbr/baseline/Nosfy/HomeNuit.metal:41:17: warning: unused variable 'NR_BRAISE' [-Wunused-const-variable]
constant float3 NR_BRAISE = float3(1.00, 0.62, 0.24);
                ^
1 warning generated.

CompileMetalFile /var/folders/sk/1y78dckn1fbdyvwtdtdy76680000gn/T/nosfy-session-commit-s4q40rbr/baseline/Nosfy/HaloDawn.metal (in target 'Nosfy' from project 'Nosfy')
    cd /var/folders/sk/1y78dckn1fbdyvwtdtdy76680000gn/T/nosfy-session-commit-s4q40rbr/baseline
    /var/run/com.apple.security.cryptexd/mnt/com.apple.MobileAsset.MetalToolchain-v17.6.42.0.BA5Ggr/Metal.xctoolchain/usr/bin/metal -c -target air64-apple-ios26.0-simulator -gline-tables-only -frecord-sources -I/var/folders/sk/1y78dckn1fbdyvwtdtdy76680000gn/T/nosfy-session-commit-s4q40rbr/DerivedBaseline/Build/Products/Debug-iphonesimulator/include -F/var/folders/sk/1y78dckn1fbdyvwtdtdy76680000gn/T/nosfy-session-commit-s4q40rbr/DerivedBaseline/Build/Products/Debug-iphonesimulator -isysroot /Applications/Xcode.app/Contents/Developer/Platforms/iPhoneSimulator.platform/Developer/SDKs/iPhoneSimulator26.5.sdk -fmetal-math-mode\=fast -fmetal-math-fp32-functions\=fast -serialize-diagnostics /var/folders/sk/1y78dckn1fbdyvwtdtdy76680000gn/T/nosfy-session-commit-s4q40rbr/DerivedBaseline/Build/Intermediates.noindex/Nosfy.build/Debug-iphonesimulator/Nosfy.build/Metal/HaloDawn.dia -o /var/folders/sk/1y78dckn1fbdyvwtdtdy76680000gn/T/nosfy-session-commit-s4q40rbr/DerivedBaseline/Build/Intermediates.noindex/Nosfy.build/Debug-iphonesimulator/Nosfy.build/Metal/HaloDawn.air -index-store-path /var/folders/sk/1y78dckn1fbdyvwtdtdy76680000gn/T/nosfy-session-commit-s4q40rbr/DerivedBaseline/Index.noindex/DataStore -MMD -MT dependencies -MF /var/folders/sk/1y78dckn1fbdyvwtdtdy76680000gn/T/nosfy-session-commit-s4q40rbr/DerivedBaseline/Build/Intermediates.noindex/Nosfy.build/Debug-iphonesimulator/Nosfy.build/Metal/HaloDawn.dat /var/folders/sk/1y78dckn1fbdyvwtdtdy76680000gn/T/nosfy-session-commit-s4q40rbr/baseline/Nosfy/HaloDawn.metal

CompileMetalFile /var/folders/sk/1y78dckn1fbdyvwtdtdy76680000gn/T/nosfy-session-commit-s4q40rbr/baseline/Nosfy/GaletStage.metal (in target 'Nosfy' from project 'Nosfy')
    cd /var/folders/sk/1y78dckn1fbdyvwtdtdy76680000gn/T/nosfy-session-commit-s4q40rbr/baseline
    /var/run/com.apple.security.cryptexd/mnt/com.apple.MobileAsset.MetalToolchain-v17.6.42.0.BA5Ggr/Metal.xctoolchain/usr/bin/metal -c -target air64-apple-ios26.0-simulator -gline-tables-only -frecord-sources -I/var/folders/sk/1y78dckn1fbdyvwtdtdy76680000gn/T/nosfy-session-commit-s4q40rbr/DerivedBaseline/Build/Products/Debug-iphonesimulator/include -F/var/folders/sk/1y78dckn1fbdyvwtdtdy76680000gn/T/nosfy-session-commit-s4q40rbr/DerivedBaseline/Build/Products/Debug-iphonesimulator -isysroot /Applications/Xcode.app/Contents/Developer/Platforms/iPhoneSimulator.platform/Developer/SDKs/iPhoneSimulator26.5.sdk -fmetal-math-mode\=fast -fmetal-math-fp32-functions\=fast -serialize-diagnostics /var/folders/sk/1y78dckn1fbdyvwtdtdy76680000gn/T/nosfy-session-commit-s4q40rbr/DerivedBaseline/Build/Intermediates.noindex/Nosfy.build/Debug-iphonesimulator/Nosfy.build/Metal/GaletStage.dia -o /var/folders/sk/1y78dckn1fbdyvwtdtdy76680000gn/T/nosfy-session-commit-s4q40rbr/DerivedBaseline/Build/Intermediates.noindex/Nosfy.build/Debug-iphonesimulator/Nosfy.build/Metal/GaletStage.air -index-store-path /var/folders/sk/1y78dckn1fbdyvwtdtdy76680000gn/T/nosfy-session-commit-s4q40rbr/DerivedBaseline/Index.noindex/DataStore -MMD -MT dependencies -MF /var/folders/sk/1y78dckn1fbdyvwtdtdy76680000gn/T/nosfy-session-commit-s4q40rbr/DerivedBaseline/Build/Intermediates.noindex/Nosfy.build/Debug-iphonesimulator/Nosfy.build/Metal/GaletStage.dat /var/folders/sk/1y78dckn1fbdyvwtdtdy76680000gn/T/nosfy-session-commit-s4q40rbr/baseline/Nosfy/GaletStage.metal

CompileMetalFile /var/folders/sk/1y78dckn1fbdyvwtdtdy76680000gn/T/nosfy-session-commit-s4q40rbr/baseline/Nosfy/GaletMedaillon.metal (in target 'Nosfy' from project 'Nosfy')
    cd /var/folders/sk/1y78dckn1fbdyvwtdtdy76680000gn/T/nosfy-session-commit-s4q40rbr/baseline
    /var/run/com.apple.security.cryptexd/mnt/com.apple.MobileAsset.MetalToolchain-v17.6.42.0.BA5Ggr/Metal.xctoolchain/usr/bin/metal -c -target air64-apple-ios26.0-simulator -gline-tables-only -frecord-sources -I/var/folders/sk/1y78dckn1fbdyvwtdtdy76680000gn/T/nosfy-session-commit-s4q40rbr/DerivedBaseline/Build/Products/Debug-iphonesimulator/include -F/var/folders/sk/1y78dckn1fbdyvwtdtdy76680000gn/T/nosfy-session-commit-s4q40rbr/DerivedBaseline/Build/Products/Debug-iphonesimulator -isysroot /Applications/Xcode.app/Contents/Developer/Platforms/iPhoneSimulator.platform/Developer/SDKs/iPhoneSimulator26.5.sdk -fmetal-math-mode\=fast -fmetal-math-fp32-functions\=fast -serialize-diagnostics /var/folders/sk/1y78dckn1fbdyvwtdtdy76680000gn/T/nosfy-session-commit-s4q40rbr/DerivedBaseline/Build/Intermediates.noindex/Nosfy.build/Debug-iphonesimulator/Nosfy.build/Metal/GaletMedaillon.dia -o /var/folders/sk/1y78dckn1fbdyvwtdtdy76680000gn/T/nosfy-session-commit-s4q40rbr/DerivedBaseline/Build/Intermediates.noindex/Nosfy.build/Debug-iphonesimulator/Nosfy.build/Metal/GaletMedaillon.air -index-store-path /var/folders/sk/1y78dckn1fbdyvwtdtdy76680000gn/T/nosfy-session-commit-s4q40rbr/DerivedBaseline/Index.noindex/DataStore -MMD -MT dependencies -MF /var/folders/sk/1y78dckn1fbdyvwtdtdy76680000gn/T/nosfy-session-commit-s4q40rbr/DerivedBaseline/Build/Intermediates.noindex/Nosfy.build/Debug-iphonesimulator/Nosfy.build/Metal/GaletMedaillon.dat /var/folders/sk/1y78dckn1fbdyvwtdtdy76680000gn/T/nosfy-session-commit-s4q40rbr/baseline/Nosfy/GaletMedaillon.metal

CompileMetalFile /var/folders/sk/1y78dckn1fbdyvwtdtdy76680000gn/T/nosfy-session-commit-s4q40rbr/baseline/Nosfy/GaletLisere.metal (in target 'Nosfy' from project 'Nosfy')
    cd /var/folders/sk/1y78dckn1fbdyvwtdtdy76680000gn/T/nosfy-session-commit-s4q40rbr/baseline
    /var/run/com.apple.security.cryptexd/mnt/com.apple.MobileAsset.MetalToolchain-v17.6.42.0.BA5Ggr/Metal.xctoolchain/usr/bin/metal -c -target air64-apple-ios26.0-simulator -gline-tables-only -frecord-sources -I/var/folders/sk/1y78dckn1fbdyvwtdtdy76680000gn/T/nosfy-session-commit-s4q40rbr/DerivedBaseline/Build/Products/Debug-iphonesimulator/include -F/var/folders/sk/1y78dckn1fbdyvwtdtdy76680000gn/T/nosfy-session-commit-s4q40rbr/DerivedBaseline/Build/Products/Debug-iphonesimulator -isysroot /Applications/Xcode.app/Contents/Developer/Platforms/iPhoneSimulator.platform/Developer/SDKs/iPhoneSimulator26.5.sdk -fmetal-math-mode\=fast -fmetal-math-fp32-functions\=fast -serialize-diagnostics /var/folders/sk/1y78dckn1fbdyvwtdtdy76680000gn/T/nosfy-session-commit-s4q40rbr/DerivedBaseline/Build/Intermediates.noindex/Nosfy.build/Debug-iphonesimulator/Nosfy.build/Metal/GaletLisere.dia -o /var/folders/sk/1y78dckn1fbdyvwtdtdy76680000gn/T/nosfy-session-commit-s4q40rbr/DerivedBaseline/Build/Intermediates.noindex/Nosfy.build/Debug-iphonesimulator/Nosfy.build/Metal/GaletLisere.air -index-store-path /var/folders/sk/1y78dckn1fbdyvwtdtdy76680000gn/T/nosfy-session-commit-s4q40rbr/DerivedBaseline/Index.noindex/DataStore -MMD -MT dependencies -MF /var/folders/sk/1y78dckn1fbdyvwtdtdy76680000gn/T/nosfy-session-commit-s4q40rbr/DerivedBaseline/Build/Intermediates.noindex/Nosfy.build/Debug-iphonesimulator/Nosfy.build/Metal/GaletLisere.dat /var/folders/sk/1y78dckn1fbdyvwtdtdy76680000gn/T/nosfy-session-commit-s4q40rbr/baseline/Nosfy/GaletLisere.metal

CompileMetalFile /var/folders/sk/1y78dckn1fbdyvwtdtdy76680000gn/T/nosfy-session-commit-s4q40rbr/baseline/Nosfy/FumeeX2.metal (in target 'Nosfy' from project 'Nosfy')
    cd /var/folders/sk/1y78dckn1fbdyvwtdtdy76680000gn/T/nosfy-session-commit-s4q40rbr/baseline
    /var/run/com.apple.security.cryptexd/mnt/com.apple.MobileAsset.MetalToolchain-v17.6.42.0.BA5Ggr/Metal.xctoolchain/usr/bin/metal -c -target air64-apple-ios26.0-simulator -gline-tables-only -frecord-sources -I/var/folders/sk/1y78dckn1fbdyvwtdtdy76680000gn/T/nosfy-session-commit-s4q40rbr/DerivedBaseline/Build/Products/Debug-iphonesimulator/include -F/var/folders/sk/1y78dckn1fbdyvwtdtdy76680000gn/T/nosfy-session-commit-s4q40rbr/DerivedBaseline/Build/Products/Debug-iphonesimulator -isysroot /Applications/Xcode.app/Contents/Developer/Platforms/iPhoneSimulator.platform/Developer/SDKs/iPhoneSimulator26.5.sdk -fmetal-math-mode\=fast -fmetal-math-fp32-functions\=fast -serialize-diagnostics /var/folders/sk/1y78dckn1fbdyvwtdtdy76680000gn/T/nosfy-session-commit-s4q40rbr/DerivedBaseline/Build/Intermediates.noindex/Nosfy.build/Debug-iphonesimulator/Nosfy.build/Metal/FumeeX2.dia -o /var/folders/sk/1y78dckn1fbdyvwtdtdy76680000gn/T/nosfy-session-commit-s4q40rbr/DerivedBaseline/Build/Intermediates.noindex/Nosfy.build/Debug-iphonesimulator/Nosfy.build/Metal/FumeeX2.air -index-store-path /var/folders/sk/1y78dckn1fbdyvwtdtdy76680000gn/T/nosfy-session-commit-s4q40rbr/DerivedBaseline/Index.noindex/DataStore -MMD -MT dependencies -MF /var/folders/sk/1y78dckn1fbdyvwtdtdy76680000gn/T/nosfy-session-commit-s4q40rbr/DerivedBaseline/Build/Intermediates.noindex/Nosfy.build/Debug-iphonesimulator/Nosfy.build/Metal/FumeeX2.dat /var/folders/sk/1y78dckn1fbdyvwtdtdy76680000gn/T/nosfy-session-commit-s4q40rbr/baseline/Nosfy/FumeeX2.metal

CompileMetalFile /var/folders/sk/1y78dckn1fbdyvwtdtdy76680000gn/T/nosfy-session-commit-s4q40rbr/baseline/Nosfy/FondVideoMetal.metal (in target 'Nosfy' from project 'Nosfy')
    cd /var/folders/sk/1y78dckn1fbdyvwtdtdy76680000gn/T/nosfy-session-commit-s4q40rbr/baseline
    /var/run/com.apple.security.cryptexd/mnt/com.apple.MobileAsset.MetalToolchain-v17.6.42.0.BA5Ggr/Metal.xctoolchain/usr/bin/metal -c -target air64-apple-ios26.0-simulator -gline-tables-only -frecord-sources -I/var/folders/sk/1y78dckn1fbdyvwtdtdy76680000gn/T/nosfy-session-commit-s4q40rbr/DerivedBaseline/Build/Products/Debug-iphonesimulator/include -F/var/folders/sk/1y78dckn1fbdyvwtdtdy76680000gn/T/nosfy-session-commit-s4q40rbr/DerivedBaseline/Build/Products/Debug-iphonesimulator -isysroot /Applications/Xcode.app/Contents/Developer/Platforms/iPhoneSimulator.platform/Developer/SDKs/iPhoneSimulator26.5.sdk -fmetal-math-mode\=fast -fmetal-math-fp32-functions\=fast -serialize-diagnostics /var/folders/sk/1y78dckn1fbdyvwtdtdy76680000gn/T/nosfy-session-commit-s4q40rbr/DerivedBaseline/Build/Intermediates.noindex/Nosfy.build/Debug-iphonesimulator/Nosfy.build/Metal/FondVideoMetal-7209c5bac962879fe295b02f9fce22e5.dia -o /var/folders/sk/1y78dckn1fbdyvwtdtdy76680000gn/T/nosfy-session-commit-s4q40rbr/DerivedBaseline/Build/Intermediates.noindex/Nosfy.build/Debug-iphonesimulator/Nosfy.build/Metal/FondVideoMetal-7209c5bac962879fe295b02f9fce22e5.air -index-store-path /var/folders/sk/1y78dckn1fbdyvwtdtdy76680000gn/T/nosfy-session-commit-s4q40rbr/DerivedBaseline/Index.noindex/DataStore -MMD -MT dependencies -MF /var/folders/sk/1y78dckn1fbdyvwtdtdy76680000gn/T/nosfy-session-commit-s4q40rbr/DerivedBaseline/Build/Intermediates.noindex/Nosfy.build/Debug-iphonesimulator/Nosfy.build/Metal/FondVideoMetal-7209c5bac962879fe295b02f9fce22e5.dat /var/folders/sk/1y78dckn1fbdyvwtdtdy76680000gn/T/nosfy-session-commit-s4q40rbr/baseline/Nosfy/FondVideoMetal.metal

CompileMetalFile /var/folders/sk/1y78dckn1fbdyvwtdtdy76680000gn/T/nosfy-session-commit-s4q40rbr/baseline/Nosfy/FlameJewel.metal (in target 'Nosfy' from project 'Nosfy')
    cd /var/folders/sk/1y78dckn1fbdyvwtdtdy76680000gn/T/nosfy-session-commit-s4q40rbr/baseline
    /var/run/com.apple.security.cryptexd/mnt/com.apple.MobileAsset.MetalToolchain-v17.6.42.0.BA5Ggr/Metal.xctoolchain/usr/bin/metal -c -target air64-apple-ios26.0-simulator -gline-tables-only -frecord-sources -I/var/folders/sk/1y78dckn1fbdyvwtdtdy76680000gn/T/nosfy-session-commit-s4q40rbr/DerivedBaseline/Build/Products/Debug-iphonesimulator/include -F/var/folders/sk/1y78dckn1fbdyvwtdtdy76680000gn/T/nosfy-session-commit-s4q40rbr/DerivedBaseline/Build/Products/Debug-iphonesimulator -isysroot /Applications/Xcode.app/Contents/Developer/Platforms/iPhoneSimulator.platform/Developer/SDKs/iPhoneSimulator26.5.sdk -fmetal-math-mode\=fast -fmetal-math-fp32-functions\=fast -serialize-diagnostics /var/folders/sk/1y78dckn1fbdyvwtdtdy76680000gn/T/nosfy-session-commit-s4q40rbr/DerivedBaseline/Build/Intermediates.noindex/Nosfy.build/Debug-iphonesimulator/Nosfy.build/Metal/FlameJewel.dia -o /var/folders/sk/1y78dckn1fbdyvwtdtdy76680000gn/T/nosfy-session-commit-s4q40rbr/DerivedBaseline/Build/Intermediates.noindex/Nosfy.build/Debug-iphonesimulator/Nosfy.build/Metal/FlameJewel.air -index-store-path /var/folders/sk/1y78dckn1fbdyvwtdtdy76680000gn/T/nosfy-session-commit-s4q40rbr/DerivedBaseline/Index.noindex/DataStore -MMD -MT dependencies -MF /var/folders/sk/1y78dckn1fbdyvwtdtdy76680000gn/T/nosfy-session-commit-s4q40rbr/DerivedBaseline/Build/Intermediates.noindex/Nosfy.build/Debug-iphonesimulator/Nosfy.build/Metal/FlameJewel.dat /var/folders/sk/1y78dckn1fbdyvwtdtdy76680000gn/T/nosfy-session-commit-s4q40rbr/baseline/Nosfy/FlameJewel.metal

CompileMetalFile /var/folders/sk/1y78dckn1fbdyvwtdtdy76680000gn/T/nosfy-session-commit-s4q40rbr/baseline/Nosfy/Figures/InkGrain.metal (in target 'Nosfy' from project 'Nosfy')
    cd /var/folders/sk/1y78dckn1fbdyvwtdtdy76680000gn/T/nosfy-session-commit-s4q40rbr/baseline
    /var/run/com.apple.security.cryptexd/mnt/com.apple.MobileAsset.MetalToolchain-v17.6.42.0.BA5Ggr/Metal.xctoolchain/usr/bin/metal -c -target air64-apple-ios26.0-simulator -gline-tables-only -frecord-sources -I/var/folders/sk/1y78dckn1fbdyvwtdtdy76680000gn/T/nosfy-session-commit-s4q40rbr/DerivedBaseline/Build/Products/Debug-iphonesimulator/include -F/var/folders/sk/1y78dckn1fbdyvwtdtdy76680000gn/T/nosfy-session-commit-s4q40rbr/DerivedBaseline/Build/Products/Debug-iphonesimulator -isysroot /Applications/Xcode.app/Contents/Developer/Platforms/iPhoneSimulator.platform/Developer/SDKs/iPhoneSimulator26.5.sdk -fmetal-math-mode\=fast -fmetal-math-fp32-functions\=fast -serialize-diagnostics /var/folders/sk/1y78dckn1fbdyvwtdtdy76680000gn/T/nosfy-session-commit-s4q40rbr/DerivedBaseline/Build/Intermediates.noindex/Nosfy.build/Debug-iphonesimulator/Nosfy.build/Metal/InkGrain.dia -o /var/folders/sk/1y78dckn1fbdyvwtdtdy76680000gn/T/nosfy-session-commit-s4q40rbr/DerivedBaseline/Build/Intermediates.noindex/Nosfy.build/Debug-iphonesimulator/Nosfy.build/Metal/InkGrain.air -index-store-path /var/folders/sk/1y78dckn1fbdyvwtdtdy76680000gn/T/nosfy-session-commit-s4q40rbr/DerivedBaseline/Index.noindex/DataStore -MMD -MT dependencies -MF /var/folders/sk/1y78dckn1fbdyvwtdtdy76680000gn/T/nosfy-session-commit-s4q40rbr/DerivedBaseline/Build/Intermediates.noindex/Nosfy.build/Debug-iphonesimulator/Nosfy.build/Metal/InkGrain.dat /var/folders/sk/1y78dckn1fbdyvwtdtdy76680000gn/T/nosfy-session-commit-s4q40rbr/baseline/Nosfy/Figures/InkGrain.metal

CompileMetalFile /var/folders/sk/1y78dckn1fbdyvwtdtdy76680000gn/T/nosfy-session-commit-s4q40rbr/baseline/Nosfy/Figures/GlassFX.metal (in target 'Nosfy' from project 'Nosfy')
    cd /var/folders/sk/1y78dckn1fbdyvwtdtdy76680000gn/T/nosfy-session-commit-s4q40rbr/baseline
    /var/run/com.apple.security.cryptexd/mnt/com.apple.MobileAsset.MetalToolchain-v17.6.42.0.BA5Ggr/Metal.xctoolchain/usr/bin/metal -c -target air64-apple-ios26.0-simulator -gline-tables-only -frecord-sources -I/var/folders/sk/1y78dckn1fbdyvwtdtdy76680000gn/T/nosfy-session-commit-s4q40rbr/DerivedBaseline/Build/Products/Debug-iphonesimulator/include -F/var/folders/sk/1y78dckn1fbdyvwtdtdy76680000gn/T/nosfy-session-commit-s4q40rbr/DerivedBaseline/Build/Products/Debug-iphonesimulator -isysroot /Applications/Xcode.app/Contents/Developer/Platforms/iPhoneSimulator.platform/Developer/SDKs/iPhoneSimulator26.5.sdk -fmetal-math-mode\=fast -fmetal-math-fp32-functions\=fast -serialize-diagnostics /var/folders/sk/1y78dckn1fbdyvwtdtdy76680000gn/T/nosfy-session-commit-s4q40rbr/DerivedBaseline/Build/Intermediates.noindex/Nosfy.build/Debug-iphonesimulator/Nosfy.build/Metal/GlassFX.dia -o /var/folders/sk/1y78dckn1fbdyvwtdtdy76680000gn/T/nosfy-session-commit-s4q40rbr/DerivedBaseline/Build/Intermediates.noindex/Nosfy.build/Debug-iphonesimulator/Nosfy.build/Metal/GlassFX.air -index-store-path /var/folders/sk/1y78dckn1fbdyvwtdtdy76680000gn/T/nosfy-session-commit-s4q40rbr/DerivedBaseline/Index.noindex/DataStore -MMD -MT dependencies -MF /var/folders/sk/1y78dckn1fbdyvwtdtdy76680000gn/T/nosfy-session-commit-s4q40rbr/DerivedBaseline/Build/Intermediates.noindex/Nosfy.build/Debug-iphonesimulator/Nosfy.build/Metal/GlassFX.dat /var/folders/sk/1y78dckn1fbdyvwtdtdy76680000gn/T/nosfy-session-commit-s4q40rbr/baseline/Nosfy/Figures/GlassFX.metal

CompileMetalFile /var/folders/sk/1y78dckn1fbdyvwtdtdy76680000gn/T/nosfy-session-commit-s4q40rbr/baseline/Nosfy/ExosHalo.metal (in target 'Nosfy' from project 'Nosfy')
    cd /var/folders/sk/1y78dckn1fbdyvwtdtdy76680000gn/T/nosfy-session-commit-s4q40rbr/baseline
    /var/run/com.apple.security.cryptexd/mnt/com.apple.MobileAsset.MetalToolchain-v17.6.42.0.BA5Ggr/Metal.xctoolchain/usr/bin/metal -c -target air64-apple-ios26.0-simulator -gline-tables-only -frecord-sources -I/var/folders/sk/1y78dckn1fbdyvwtdtdy76680000gn/T/nosfy-session-commit-s4q40rbr/DerivedBaseline/Build/Products/Debug-iphonesimulator/include -F/var/folders/sk/1y78dckn1fbdyvwtdtdy76680000gn/T/nosfy-session-commit-s4q40rbr/DerivedBaseline/Build/Products/Debug-iphonesimulator -isysroot /Applications/Xcode.app/Contents/Developer/Platforms/iPhoneSimulator.platform/Developer/SDKs/iPhoneSimulator26.5.sdk -fmetal-math-mode\=fast -fmetal-math-fp32-functions\=fast -serialize-diagnostics /var/folders/sk/1y78dckn1fbdyvwtdtdy76680000gn/T/nosfy-session-commit-s4q40rbr/DerivedBaseline/Build/Intermediates.noindex/Nosfy.build/Debug-iphonesimulator/Nosfy.build/Metal/ExosHalo.dia -o /var/folders/sk/1y78dckn1fbdyvwtdtdy76680000gn/T/nosfy-session-commit-s4q40rbr/DerivedBaseline/Build/Intermediates.noindex/Nosfy.build/Debug-iphonesimulator/Nosfy.build/Metal/ExosHalo.air -index-store-path /var/folders/sk/1y78dckn1fbdyvwtdtdy76680000gn/T/nosfy-session-commit-s4q40rbr/DerivedBaseline/Index.noindex/DataStore -MMD -MT dependencies -MF /var/folders/sk/1y78dckn1fbdyvwtdtdy76680000gn/T/nosfy-session-commit-s4q40rbr/DerivedBaseline/Build/Intermediates.noindex/Nosfy.build/Debug-iphonesimulator/Nosfy.build/Metal/ExosHalo.dat /var/folders/sk/1y78dckn1fbdyvwtdtdy76680000gn/T/nosfy-session-commit-s4q40rbr/baseline/Nosfy/ExosHalo.metal

CompileMetalFile /var/folders/sk/1y78dckn1fbdyvwtdtdy76680000gn/T/nosfy-session-commit-s4q40rbr/baseline/Nosfy/ExoHeaderGlow.metal (in target 'Nosfy' from project 'Nosfy')
    cd /var/folders/sk/1y78dckn1fbdyvwtdtdy76680000gn/T/nosfy-session-commit-s4q40rbr/baseline
    /var/run/com.apple.security.cryptexd/mnt/com.apple.MobileAsset.MetalToolchain-v17.6.42.0.BA5Ggr/Metal.xctoolchain/usr/bin/metal -c -target air64-apple-ios26.0-simulator -gline-tables-only -frecord-sources -I/var/folders/sk/1y78dckn1fbdyvwtdtdy76680000gn/T/nosfy-session-commit-s4q40rbr/DerivedBaseline/Build/Products/Debug-iphonesimulator/include -F/var/folders/sk/1y78dckn1fbdyvwtdtdy76680000gn/T/nosfy-session-commit-s4q40rbr/DerivedBaseline/Build/Products/Debug-iphonesimulator -isysroot /Applications/Xcode.app/Contents/Developer/Platforms/iPhoneSimulator.platform/Developer/SDKs/iPhoneSimulator26.5.sdk -fmetal-math-mode\=fast -fmetal-math-fp32-functions\=fast -serialize-diagnostics /var/folders/sk/1y78dckn1fbdyvwtdtdy76680000gn/T/nosfy-session-commit-s4q40rbr/DerivedBaseline/Build/Intermediates.noindex/Nosfy.build/Debug-iphonesimulator/Nosfy.build/Metal/ExoHeaderGlow.dia -o /var/folders/sk/1y78dckn1fbdyvwtdtdy76680000gn/T/nosfy-session-commit-s4q40rbr/DerivedBaseline/Build/Intermediates.noindex/Nosfy.build/Debug-iphonesimulator/Nosfy.build/Metal/ExoHeaderGlow.air -index-store-path /var/folders/sk/1y78dckn1fbdyvwtdtdy76680000gn/T/nosfy-session-commit-s4q40rbr/DerivedBaseline/Index.noindex/DataStore -MMD -MT dependencies -MF /var/folders/sk/1y78dckn1fbdyvwtdtdy76680000gn/T/nosfy-session-commit-s4q40rbr/DerivedBaseline/Build/Intermediates.noindex/Nosfy.build/Debug-iphonesimulator/Nosfy.build/Metal/ExoHeaderGlow.dat /var/folders/sk/1y78dckn1fbdyvwtdtdy76680000gn/T/nosfy-session-commit-s4q40rbr/baseline/Nosfy/ExoHeaderGlow.metal
/var/folders/sk/1y78dckn1fbdyvwtdtdy76680000gn/T/nosfy-session-commit-s4q40rbr/baseline/Nosfy/ExoHeaderGlow.metal:57:17: warning: unused variable 'EHG_CREME' [-Wunused-const-variable]
constant float3 EHG_CREME  = float3(1.000, 0.938, 0.790);  // le cœur
                ^
1 warning generated.

CompileMetalFile /var/folders/sk/1y78dckn1fbdyvwtdtdy76680000gn/T/nosfy-session-commit-s4q40rbr/baseline/Nosfy/EmberFlame.metal (in target 'Nosfy' from project 'Nosfy')
    cd /var/folders/sk/1y78dckn1fbdyvwtdtdy76680000gn/T/nosfy-session-commit-s4q40rbr/baseline
    /var/run/com.apple.security.cryptexd/mnt/com.apple.MobileAsset.MetalToolchain-v17.6.42.0.BA5Ggr/Metal.xctoolchain/usr/bin/metal -c -target air64-apple-ios26.0-simulator -gline-tables-only -frecord-sources -I/var/folders/sk/1y78dckn1fbdyvwtdtdy76680000gn/T/nosfy-session-commit-s4q40rbr/DerivedBaseline/Build/Products/Debug-iphonesimulator/include -F/var/folders/sk/1y78dckn1fbdyvwtdtdy76680000gn/T/nosfy-session-commit-s4q40rbr/DerivedBaseline/Build/Products/Debug-iphonesimulator -isysroot /Applications/Xcode.app/Contents/Developer/Platforms/iPhoneSimulator.platform/Developer/SDKs/iPhoneSimulator26.5.sdk -fmetal-math-mode\=fast -fmetal-math-fp32-functions\=fast -serialize-diagnostics /var/folders/sk/1y78dckn1fbdyvwtdtdy76680000gn/T/nosfy-session-commit-s4q40rbr/DerivedBaseline/Build/Intermediates.noindex/Nosfy.build/Debug-iphonesimulator/Nosfy.build/Metal/EmberFlame.dia -o /var/folders/sk/1y78dckn1fbdyvwtdtdy76680000gn/T/nosfy-session-commit-s4q40rbr/DerivedBaseline/Build/Intermediates.noindex/Nosfy.build/Debug-iphonesimulator/Nosfy.build/Metal/EmberFlame.air -index-store-path /var/folders/sk/1y78dckn1fbdyvwtdtdy76680000gn/T/nosfy-session-commit-s4q40rbr/DerivedBaseline/Index.noindex/DataStore -MMD -MT dependencies -MF /var/folders/sk/1y78dckn1fbdyvwtdtdy76680000gn/T/nosfy-session-commit-s4q40rbr/DerivedBaseline/Build/Intermediates.noindex/Nosfy.build/Debug-iphonesimulator/Nosfy.build/Metal/EmberFlame.dat /var/folders/sk/1y78dckn1fbdyvwtdtdy76680000gn/T/nosfy-session-commit-s4q40rbr/baseline/Nosfy/EmberFlame.metal

CompileMetalFile /var/folders/sk/1y78dckn1fbdyvwtdtdy76680000gn/T/nosfy-session-commit-s4q40rbr/baseline/Nosfy/EclipseHalo.metal (in target 'Nosfy' from project 'Nosfy')
    cd /var/folders/sk/1y78dckn1fbdyvwtdtdy76680000gn/T/nosfy-session-commit-s4q40rbr/baseline
    /var/run/com.apple.security.cryptexd/mnt/com.apple.MobileAsset.MetalToolchain-v17.6.42.0.BA5Ggr/Metal.xctoolchain/usr/bin/metal -c -target air64-apple-ios26.0-simulator -gline-tables-only -frecord-sources -I/var/folders/sk/1y78dckn1fbdyvwtdtdy76680000gn/T/nosfy-session-commit-s4q40rbr/DerivedBaseline/Build/Products/Debug-iphonesimulator/include -F/var/folders/sk/1y78dckn1fbdyvwtdtdy76680000gn/T/nosfy-session-commit-s4q40rbr/DerivedBaseline/Build/Products/Debug-iphonesimulator -isysroot /Applications/Xcode.app/Contents/Developer/Platforms/iPhoneSimulator.platform/Developer/SDKs/iPhoneSimulator26.5.sdk -fmetal-math-mode\=fast -fmetal-math-fp32-functions\=fast -serialize-diagnostics /var/folders/sk/1y78dckn1fbdyvwtdtdy76680000gn/T/nosfy-session-commit-s4q40rbr/DerivedBaseline/Build/Intermediates.noindex/Nosfy.build/Debug-iphonesimulator/Nosfy.build/Metal/EclipseHalo.dia -o /var/folders/sk/1y78dckn1fbdyvwtdtdy76680000gn/T/nosfy-session-commit-s4q40rbr/DerivedBaseline/Build/Intermediates.noindex/Nosfy.build/Debug-iphonesimulator/Nosfy.build/Metal/EclipseHalo.air -index-store-path /var/folders/sk/1y78dckn1fbdyvwtdtdy76680000gn/T/nosfy-session-commit-s4q40rbr/DerivedBaseline/Index.noindex/DataStore -MMD -MT dependencies -MF /var/folders/sk/1y78dckn1fbdyvwtdtdy76680000gn/T/nosfy-session-commit-s4q40rbr/DerivedBaseline/Build/Intermediates.noindex/Nosfy.build/Debug-iphonesimulator/Nosfy.build/Metal/EclipseHalo.dat /var/folders/sk/1y78dckn1fbdyvwtdtdy76680000gn/T/nosfy-session-commit-s4q40rbr/baseline/Nosfy/EclipseHalo.metal

CompileMetalFile /var/folders/sk/1y78dckn1fbdyvwtdtdy76680000gn/T/nosfy-session-commit-s4q40rbr/baseline/Nosfy/DiamondButton.metal (in target 'Nosfy' from project 'Nosfy')
    cd /var/folders/sk/1y78dckn1fbdyvwtdtdy76680000gn/T/nosfy-session-commit-s4q40rbr/baseline
    /var/run/com.apple.security.cryptexd/mnt/com.apple.MobileAsset.MetalToolchain-v17.6.42.0.BA5Ggr/Metal.xctoolchain/usr/bin/metal -c -target air64-apple-ios26.0-simulator -gline-tables-only -frecord-sources -I/var/folders/sk/1y78dckn1fbdyvwtdtdy76680000gn/T/nosfy-session-commit-s4q40rbr/DerivedBaseline/Build/Products/Debug-iphonesimulator/include -F/var/folders/sk/1y78dckn1fbdyvwtdtdy76680000gn/T/nosfy-session-commit-s4q40rbr/DerivedBaseline/Build/Products/Debug-iphonesimulator -isysroot /Applications/Xcode.app/Contents/Developer/Platforms/iPhoneSimulator.platform/Developer/SDKs/iPhoneSimulator26.5.sdk -fmetal-math-mode\=fast -fmetal-math-fp32-functions\=fast -serialize-diagnostics /var/folders/sk/1y78dckn1fbdyvwtdtdy76680000gn/T/nosfy-session-commit-s4q40rbr/DerivedBaseline/Build/Intermediates.noindex/Nosfy.build/Debug-iphonesimulator/Nosfy.build/Metal/DiamondButton.dia -o /var/folders/sk/1y78dckn1fbdyvwtdtdy76680000gn/T/nosfy-session-commit-s4q40rbr/DerivedBaseline/Build/Intermediates.noindex/Nosfy.build/Debug-iphonesimulator/Nosfy.build/Metal/DiamondButton.air -index-store-path /var/folders/sk/1y78dckn1fbdyvwtdtdy76680000gn/T/nosfy-session-commit-s4q40rbr/DerivedBaseline/Index.noindex/DataStore -MMD -MT dependencies -MF /var/folders/sk/1y78dckn1fbdyvwtdtdy76680000gn/T/nosfy-session-commit-s4q40rbr/DerivedBaseline/Build/Intermediates.noindex/Nosfy.build/Debug-iphonesimulator/Nosfy.build/Metal/DiamondButton.dat /var/folders/sk/1y78dckn1fbdyvwtdtdy76680000gn/T/nosfy-session-commit-s4q40rbr/baseline/Nosfy/DiamondButton.metal

CompileMetalFile /var/folders/sk/1y78dckn1fbdyvwtdtdy76680000gn/T/nosfy-session-commit-s4q40rbr/baseline/Nosfy/DemonSky.metal (in target 'Nosfy' from project 'Nosfy')
    cd /var/folders/sk/1y78dckn1fbdyvwtdtdy76680000gn/T/nosfy-session-commit-s4q40rbr/baseline
    /var/run/com.apple.security.cryptexd/mnt/com.apple.MobileAsset.MetalToolchain-v17.6.42.0.BA5Ggr/Metal.xctoolchain/usr/bin/metal -c -target air64-apple-ios26.0-simulator -gline-tables-only -frecord-sources -I/var/folders/sk/1y78dckn1fbdyvwtdtdy76680000gn/T/nosfy-session-commit-s4q40rbr/DerivedBaseline/Build/Products/Debug-iphonesimulator/include -F/var/folders/sk/1y78dckn1fbdyvwtdtdy76680000gn/T/nosfy-session-commit-s4q40rbr/DerivedBaseline/Build/Products/Debug-iphonesimulator -isysroot /Applications/Xcode.app/Contents/Developer/Platforms/iPhoneSimulator.platform/Developer/SDKs/iPhoneSimulator26.5.sdk -fmetal-math-mode\=fast -fmetal-math-fp32-functions\=fast -serialize-diagnostics /var/folders/sk/1y78dckn1fbdyvwtdtdy76680000gn/T/nosfy-session-commit-s4q40rbr/DerivedBaseline/Build/Intermediates.noindex/Nosfy.build/Debug-iphonesimulator/Nosfy.build/Metal/DemonSky-7ebbc5a75a5668a3b0b722041f571fa0.dia -o /var/folders/sk/1y78dckn1fbdyvwtdtdy76680000gn/T/nosfy-session-commit-s4q40rbr/DerivedBaseline/Build/Intermediates.noindex/Nosfy.build/Debug-iphonesimulator/Nosfy.build/Metal/DemonSky-7ebbc5a75a5668a3b0b722041f571fa0.air -index-store-path /var/folders/sk/1y78dckn1fbdyvwtdtdy76680000gn/T/nosfy-session-commit-s4q40rbr/DerivedBaseline/Index.noindex/DataStore -MMD -MT dependencies -MF /var/folders/sk/1y78dckn1fbdyvwtdtdy76680000gn/T/nosfy-session-commit-s4q40rbr/DerivedBaseline/Build/Intermediates.noindex/Nosfy.build/Debug-iphonesimulator/Nosfy.build/Metal/DemonSky-7ebbc5a75a5668a3b0b722041f571fa0.dat /var/folders/sk/1y78dckn1fbdyvwtdtdy76680000gn/T/nosfy-session-commit-s4q40rbr/baseline/Nosfy/DemonSky.metal
/var/folders/sk/1y78dckn1fbdyvwtdtdy76680000gn/T/nosfy-session-commit-s4q40rbr/baseline/Nosfy/DemonSky.metal:34:19: warning: unused variable 'kStrip' [-Wunused-const-variable]
constexpr sampler kStrip(s_address::repeat, t_address::clamp_to_edge,
                  ^
1 warning generated.

CompileMetalFile /var/folders/sk/1y78dckn1fbdyvwtdtdy76680000gn/T/nosfy-session-commit-s4q40rbr/baseline/Nosfy/CorpsLisere.metal (in target 'Nosfy' from project 'Nosfy')
    cd /var/folders/sk/1y78dckn1fbdyvwtdtdy76680000gn/T/nosfy-session-commit-s4q40rbr/baseline
    /var/run/com.apple.security.cryptexd/mnt/com.apple.MobileAsset.MetalToolchain-v17.6.42.0.BA5Ggr/Metal.xctoolchain/usr/bin/metal -c -target air64-apple-ios26.0-simulator -gline-tables-only -frecord-sources -I/var/folders/sk/1y78dckn1fbdyvwtdtdy76680000gn/T/nosfy-session-commit-s4q40rbr/DerivedBaseline/Build/Products/Debug-iphonesimulator/include -F/var/folders/sk/1y78dckn1fbdyvwtdtdy76680000gn/T/nosfy-session-commit-s4q40rbr/DerivedBaseline/Build/Products/Debug-iphonesimulator -isysroot /Applications/Xcode.app/Contents/Developer/Platforms/iPhoneSimulator.platform/Developer/SDKs/iPhoneSimulator26.5.sdk -fmetal-math-mode\=fast -fmetal-math-fp32-functions\=fast -serialize-diagnostics /var/folders/sk/1y78dckn1fbdyvwtdtdy76680000gn/T/nosfy-session-commit-s4q40rbr/DerivedBaseline/Build/Intermediates.noindex/Nosfy.build/Debug-iphonesimulator/Nosfy.build/Metal/CorpsLisere.dia -o /var/folders/sk/1y78dckn1fbdyvwtdtdy76680000gn/T/nosfy-session-commit-s4q40rbr/DerivedBaseline/Build/Intermediates.noindex/Nosfy.build/Debug-iphonesimulator/Nosfy.build/Metal/CorpsLisere.air -index-store-path /var/folders/sk/1y78dckn1fbdyvwtdtdy76680000gn/T/nosfy-session-commit-s4q40rbr/DerivedBaseline/Index.noindex/DataStore -MMD -MT dependencies -MF /var/folders/sk/1y78dckn1fbdyvwtdtdy76680000gn/T/nosfy-session-commit-s4q40rbr/DerivedBaseline/Build/Intermediates.noindex/Nosfy.build/Debug-iphonesimulator/Nosfy.build/Metal/CorpsLisere.dat /var/folders/sk/1y78dckn1fbdyvwtdtdy76680000gn/T/nosfy-session-commit-s4q40rbr/baseline/Nosfy/CorpsLisere.metal

CompileMetalFile /var/folders/sk/1y78dckn1fbdyvwtdtdy76680000gn/T/nosfy-session-commit-s4q40rbr/baseline/Nosfy/CarteLune.metal (in target 'Nosfy' from project 'Nosfy')
    cd /var/folders/sk/1y78dckn1fbdyvwtdtdy76680000gn/T/nosfy-session-commit-s4q40rbr/baseline
    /var/run/com.apple.security.cryptexd/mnt/com.apple.MobileAsset.MetalToolchain-v17.6.42.0.BA5Ggr/Metal.xctoolchain/usr/bin/metal -c -target air64-apple-ios26.0-simulator -gline-tables-only -frecord-sources -I/var/folders/sk/1y78dckn1fbdyvwtdtdy76680000gn/T/nosfy-session-commit-s4q40rbr/DerivedBaseline/Build/Products/Debug-iphonesimulator/include -F/var/folders/sk/1y78dckn1fbdyvwtdtdy76680000gn/T/nosfy-session-commit-s4q40rbr/DerivedBaseline/Build/Products/Debug-iphonesimulator -isysroot /Applications/Xcode.app/Contents/Developer/Platforms/iPhoneSimulator.platform/Developer/SDKs/iPhoneSimulator26.5.sdk -fmetal-math-mode\=fast -fmetal-math-fp32-functions\=fast -serialize-diagnostics /var/folders/sk/1y78dckn1fbdyvwtdtdy76680000gn/T/nosfy-session-commit-s4q40rbr/DerivedBaseline/Build/Intermediates.noindex/Nosfy.build/Debug-iphonesimulator/Nosfy.build/Metal/CarteLune.dia -o /var/folders/sk/1y78dckn1fbdyvwtdtdy76680000gn/T/nosfy-session-commit-s4q40rbr/DerivedBaseline/Build/Intermediates.noindex/Nosfy.build/Debug-iphonesimulator/Nosfy.build/Metal/CarteLune.air -index-store-path /var/folders/sk/1y78dckn1fbdyvwtdtdy76680000gn/T/nosfy-session-commit-s4q40rbr/DerivedBaseline/Index.noindex/DataStore -MMD -MT dependencies -MF /var/folders/sk/1y78dckn1fbdyvwtdtdy76680000gn/T/nosfy-session-commit-s4q40rbr/DerivedBaseline/Build/Intermediates.noindex/Nosfy.build/Debug-iphonesimulator/Nosfy.build/Metal/CarteLune.dat /var/folders/sk/1y78dckn1fbdyvwtdtdy76680000gn/T/nosfy-session-commit-s4q40rbr/baseline/Nosfy/CarteLune.metal

CompileMetalFile /var/folders/sk/1y78dckn1fbdyvwtdtdy76680000gn/T/nosfy-session-commit-s4q40rbr/baseline/Nosfy/CarnetCuir.metal (in target 'Nosfy' from project 'Nosfy')
    cd /var/folders/sk/1y78dckn1fbdyvwtdtdy76680000gn/T/nosfy-session-commit-s4q40rbr/baseline
    /var/run/com.apple.security.cryptexd/mnt/com.apple.MobileAsset.MetalToolchain-v17.6.42.0.BA5Ggr/Metal.xctoolchain/usr/bin/metal -c -target air64-apple-ios26.0-simulator -gline-tables-only -frecord-sources -I/var/folders/sk/1y78dckn1fbdyvwtdtdy76680000gn/T/nosfy-session-commit-s4q40rbr/DerivedBaseline/Build/Products/Debug-iphonesimulator/include -F/var/folders/sk/1y78dckn1fbdyvwtdtdy76680000gn/T/nosfy-session-commit-s4q40rbr/DerivedBaseline/Build/Products/Debug-iphonesimulator -isysroot /Applications/Xcode.app/Contents/Developer/Platforms/iPhoneSimulator.platform/Developer/SDKs/iPhoneSimulator26.5.sdk -fmetal-math-mode\=fast -fmetal-math-fp32-functions\=fast -serialize-diagnostics /var/folders/sk/1y78dckn1fbdyvwtdtdy76680000gn/T/nosfy-session-commit-s4q40rbr/DerivedBaseline/Build/Intermediates.noindex/Nosfy.build/Debug-iphonesimulator/Nosfy.build/Metal/CarnetCuir.dia -o /var/folders/sk/1y78dckn1fbdyvwtdtdy76680000gn/T/nosfy-session-commit-s4q40rbr/DerivedBaseline/Build/Intermediates.noindex/Nosfy.build/Debug-iphonesimulator/Nosfy.build/Metal/CarnetCuir.air -index-store-path /var/folders/sk/1y78dckn1fbdyvwtdtdy76680000gn/T/nosfy-session-commit-s4q40rbr/DerivedBaseline/Index.noindex/DataStore -MMD -MT dependencies -MF /var/folders/sk/1y78dckn1fbdyvwtdtdy76680000gn/T/nosfy-session-commit-s4q40rbr/DerivedBaseline/Build/Intermediates.noindex/Nosfy.build/Debug-iphonesimulator/Nosfy.build/Metal/CarnetCuir.dat /var/folders/sk/1y78dckn1fbdyvwtdtdy76680000gn/T/nosfy-session-commit-s4q40rbr/baseline/Nosfy/CarnetCuir.metal

CompileMetalFile /var/folders/sk/1y78dckn1fbdyvwtdtdy76680000gn/T/nosfy-session-commit-s4q40rbr/baseline/Nosfy/BravoPill.metal (in target 'Nosfy' from project 'Nosfy')
    cd /var/folders/sk/1y78dckn1fbdyvwtdtdy76680000gn/T/nosfy-session-commit-s4q40rbr/baseline
    /var/run/com.apple.security.cryptexd/mnt/com.apple.MobileAsset.MetalToolchain-v17.6.42.0.BA5Ggr/Metal.xctoolchain/usr/bin/metal -c -target air64-apple-ios26.0-simulator -gline-tables-only -frecord-sources -I/var/folders/sk/1y78dckn1fbdyvwtdtdy76680000gn/T/nosfy-session-commit-s4q40rbr/DerivedBaseline/Build/Products/Debug-iphonesimulator/include -F/var/folders/sk/1y78dckn1fbdyvwtdtdy76680000gn/T/nosfy-session-commit-s4q40rbr/DerivedBaseline/Build/Products/Debug-iphonesimulator -isysroot /Applications/Xcode.app/Contents/Developer/Platforms/iPhoneSimulator.platform/Developer/SDKs/iPhoneSimulator26.5.sdk -fmetal-math-mode\=fast -fmetal-math-fp32-functions\=fast -serialize-diagnostics /var/folders/sk/1y78dckn1fbdyvwtdtdy76680000gn/T/nosfy-session-commit-s4q40rbr/DerivedBaseline/Build/Intermediates.noindex/Nosfy.build/Debug-iphonesimulator/Nosfy.build/Metal/BravoPill.dia -o /var/folders/sk/1y78dckn1fbdyvwtdtdy76680000gn/T/nosfy-session-commit-s4q40rbr/DerivedBaseline/Build/Intermediates.noindex/Nosfy.build/Debug-iphonesimulator/Nosfy.build/Metal/BravoPill.air -index-store-path /var/folders/sk/1y78dckn1fbdyvwtdtdy76680000gn/T/nosfy-session-commit-s4q40rbr/DerivedBaseline/Index.noindex/DataStore -MMD -MT dependencies -MF /var/folders/sk/1y78dckn1fbdyvwtdtdy76680000gn/T/nosfy-session-commit-s4q40rbr/DerivedBaseline/Build/Intermediates.noindex/Nosfy.build/Debug-iphonesimulator/Nosfy.build/Metal/BravoPill.dat /var/folders/sk/1y78dckn1fbdyvwtdtdy76680000gn/T/nosfy-session-commit-s4q40rbr/baseline/Nosfy/BravoPill.metal

CompileMetalFile /var/folders/sk/1y78dckn1fbdyvwtdtdy76680000gn/T/nosfy-session-commit-s4q40rbr/baseline/Nosfy/AuthNebula.metal (in target 'Nosfy' from project 'Nosfy')
    cd /var/folders/sk/1y78dckn1fbdyvwtdtdy76680000gn/T/nosfy-session-commit-s4q40rbr/baseline
    /var/run/com.apple.security.cryptexd/mnt/com.apple.MobileAsset.MetalToolchain-v17.6.42.0.BA5Ggr/Metal.xctoolchain/usr/bin/metal -c -target air64-apple-ios26.0-simulator -gline-tables-only -frecord-sources -I/var/folders/sk/1y78dckn1fbdyvwtdtdy76680000gn/T/nosfy-session-commit-s4q40rbr/DerivedBaseline/Build/Products/Debug-iphonesimulator/include -F/var/folders/sk/1y78dckn1fbdyvwtdtdy76680000gn/T/nosfy-session-commit-s4q40rbr/DerivedBaseline/Build/Products/Debug-iphonesimulator -isysroot /Applications/Xcode.app/Contents/Developer/Platforms/iPhoneSimulator.platform/Developer/SDKs/iPhoneSimulator26.5.sdk -fmetal-math-mode\=fast -fmetal-math-fp32-functions\=fast -serialize-diagnostics /var/folders/sk/1y78dckn1fbdyvwtdtdy76680000gn/T/nosfy-session-commit-s4q40rbr/DerivedBaseline/Build/Intermediates.noindex/Nosfy.build/Debug-iphonesimulator/Nosfy.build/Metal/AuthNebula.dia -o /var/folders/sk/1y78dckn1fbdyvwtdtdy76680000gn/T/nosfy-session-commit-s4q40rbr/DerivedBaseline/Build/Intermediates.noindex/Nosfy.build/Debug-iphonesimulator/Nosfy.build/Metal/AuthNebula.air -index-store-path /var/folders/sk/1y78dckn1fbdyvwtdtdy76680000gn/T/nosfy-session-commit-s4q40rbr/DerivedBaseline/Index.noindex/DataStore -MMD -MT dependencies -MF /var/folders/sk/1y78dckn1fbdyvwtdtdy76680000gn/T/nosfy-session-commit-s4q40rbr/DerivedBaseline/Build/Intermediates.noindex/Nosfy.build/Debug-iphonesimulator/Nosfy.build/Metal/AuthNebula.dat /var/folders/sk/1y78dckn1fbdyvwtdtdy76680000gn/T/nosfy-session-commit-s4q40rbr/baseline/Nosfy/AuthNebula.metal

CompileMetalFile /var/folders/sk/1y78dckn1fbdyvwtdtdy76680000gn/T/nosfy-session-commit-s4q40rbr/baseline/Nosfy/AuroraHome.metal (in target 'Nosfy' from project 'Nosfy')
    cd /var/folders/sk/1y78dckn1fbdyvwtdtdy76680000gn/T/nosfy-session-commit-s4q40rbr/baseline
    /var/run/com.apple.security.cryptexd/mnt/com.apple.MobileAsset.MetalToolchain-v17.6.42.0.BA5Ggr/Metal.xctoolchain/usr/bin/metal -c -target air64-apple-ios26.0-simulator -gline-tables-only -frecord-sources -I/var/folders/sk/1y78dckn1fbdyvwtdtdy76680000gn/T/nosfy-session-commit-s4q40rbr/DerivedBaseline/Build/Products/Debug-iphonesimulator/include -F/var/folders/sk/1y78dckn1fbdyvwtdtdy76680000gn/T/nosfy-session-commit-s4q40rbr/DerivedBaseline/Build/Products/Debug-iphonesimulator -isysroot /Applications/Xcode.app/Contents/Developer/Platforms/iPhoneSimulator.platform/Developer/SDKs/iPhoneSimulator26.5.sdk -fmetal-math-mode\=fast -fmetal-math-fp32-functions\=fast -serialize-diagnostics /var/folders/sk/1y78dckn1fbdyvwtdtdy76680000gn/T/nosfy-session-commit-s4q40rbr/DerivedBaseline/Build/Intermediates.noindex/Nosfy.build/Debug-iphonesimulator/Nosfy.build/Metal/AuroraHome.dia -o /var/folders/sk/1y78dckn1fbdyvwtdtdy76680000gn/T/nosfy-session-commit-s4q40rbr/DerivedBaseline/Build/Intermediates.noindex/Nosfy.build/Debug-iphonesimulator/Nosfy.build/Metal/AuroraHome.air -index-store-path /var/folders/sk/1y78dckn1fbdyvwtdtdy76680000gn/T/nosfy-session-commit-s4q40rbr/DerivedBaseline/Index.noindex/DataStore -MMD -MT dependencies -MF /var/folders/sk/1y78dckn1fbdyvwtdtdy76680000gn/T/nosfy-session-commit-s4q40rbr/DerivedBaseline/Build/Intermediates.noindex/Nosfy.build/Debug-iphonesimulator/Nosfy.build/Metal/AuroraHome.dat /var/folders/sk/1y78dckn1fbdyvwtdtdy76680000gn/T/nosfy-session-commit-s4q40rbr/baseline/Nosfy/AuroraHome.metal

CompileMetalFile /var/folders/sk/1y78dckn1fbdyvwtdtdy76680000gn/T/nosfy-session-commit-s4q40rbr/baseline/Nosfy/AuroraBg.metal (in target 'Nosfy' from project 'Nosfy')
    cd /var/folders/sk/1y78dckn1fbdyvwtdtdy76680000gn/T/nosfy-session-commit-s4q40rbr/baseline
    /var/run/com.apple.security.cryptexd/mnt/com.apple.MobileAsset.MetalToolchain-v17.6.42.0.BA5Ggr/Metal.xctoolchain/usr/bin/metal -c -target air64-apple-ios26.0-simulator -gline-tables-only -frecord-sources -I/var/folders/sk/1y78dckn1fbdyvwtdtdy76680000gn/T/nosfy-session-commit-s4q40rbr/DerivedBaseline/Build/Products/Debug-iphonesimulator/include -F/var/folders/sk/1y78dckn1fbdyvwtdtdy76680000gn/T/nosfy-session-commit-s4q40rbr/DerivedBaseline/Build/Products/Debug-iphonesimulator -isysroot /Applications/Xcode.app/Contents/Developer/Platforms/iPhoneSimulator.platform/Developer/SDKs/iPhoneSimulator26.5.sdk -fmetal-math-mode\=fast -fmetal-math-fp32-functions\=fast -serialize-diagnostics /var/folders/sk/1y78dckn1fbdyvwtdtdy76680000gn/T/nosfy-session-commit-s4q40rbr/DerivedBaseline/Build/Intermediates.noindex/Nosfy.build/Debug-iphonesimulator/Nosfy.build/Metal/AuroraBg.dia -o /var/folders/sk/1y78dckn1fbdyvwtdtdy76680000gn/T/nosfy-session-commit-s4q40rbr/DerivedBaseline/Build/Intermediates.noindex/Nosfy.build/Debug-iphonesimulator/Nosfy.build/Metal/AuroraBg.air -index-store-path /var/folders/sk/1y78dckn1fbdyvwtdtdy76680000gn/T/nosfy-session-commit-s4q40rbr/DerivedBaseline/Index.noindex/DataStore -MMD -MT dependencies -MF /var/folders/sk/1y78dckn1fbdyvwtdtdy76680000gn/T/nosfy-session-commit-s4q40rbr/DerivedBaseline/Build/Intermediates.noindex/Nosfy.build/Debug-iphonesimulator/Nosfy.build/Metal/AuroraBg.dat /var/folders/sk/1y78dckn1fbdyvwtdtdy76680000gn/T/nosfy-session-commit-s4q40rbr/baseline/Nosfy/AuroraBg.metal

CompileAssetCatalogVariant thinned /var/folders/sk/1y78dckn1fbdyvwtdtdy76680000gn/T/nosfy-session-commit-s4q40rbr/DerivedBaseline/Build/Products/Debug-iphonesimulator/Nosfy.app /var/folders/sk/1y78dckn1fbdyvwtdtdy76680000gn/T/nosfy-session-commit-s4q40rbr/baseline/NosfyShared/LiveAssets.xcassets /var/folders/sk/1y78dckn1fbdyvwtdtdy76680000gn/T/nosfy-session-commit-s4q40rbr/baseline/Nosfy/AppIcon.icon /var/folders/sk/1y78dckn1fbdyvwtdtdy76680000gn/T/nosfy-session-commit-s4q40rbr/baseline/Nosfy/Assets.xcassets (in target 'Nosfy' from project 'Nosfy')
    cd /var/folders/sk/1y78dckn1fbdyvwtdtdy76680000gn/T/nosfy-session-commit-s4q40rbr/baseline
    /Applications/Xcode.app/Contents/Developer/usr/bin/actool /var/folders/sk/1y78dckn1fbdyvwtdtdy76680000gn/T/nosfy-session-commit-s4q40rbr/baseline/NosfyShared/LiveAssets.xcassets /var/folders/sk/1y78dckn1fbdyvwtdtdy76680000gn/T/nosfy-session-commit-s4q40rbr/baseline/Nosfy/AppIcon.icon /var/folders/sk/1y78dckn1fbdyvwtdtdy76680000gn/T/nosfy-session-commit-s4q40rbr/baseline/Nosfy/Assets.xcassets --compile /var/folders/sk/1y78dckn1fbdyvwtdtdy76680000gn/T/nosfy-session-commit-s4q40rbr/DerivedBaseline/Build/Intermediates.noindex/Nosfy.build/Debug-iphonesimulator/Nosfy.build/assetcatalog_output/thinned --output-format human-readable-text --notices --warnings --export-dependency-info /var/folders/sk/1y78dckn1fbdyvwtdtdy76680000gn/T/nosfy-session-commit-s4q40rbr/DerivedBaseline/Build/Intermediates.noindex/Nosfy.build/Debug-iphonesimulator/Nosfy.build/assetcatalog_dependencies_thinned --output-partial-info-plist /var/folders/sk/1y78dckn1fbdyvwtdtdy76680000gn/T/nosfy-session-commit-s4q40rbr/DerivedBaseline/Build/Intermediates.noindex/Nosfy.build/Debug-iphonesimulator/Nosfy.build/assetcatalog_generated_info.plist_thinned --app-icon AppIcon --accent-color AccentColor --compress-pngs --enable-on-demand-resources YES --development-region fr --target-device iphone --minimum-deployment-target 26.0 --platform iphonesimulator
2026-09-19 10:32:42.941 AssetCatalogSimulatorAgent[30249:20220578] The filter 'CIPortraitEffectSpillCorrection' is not implemented in the bundle at /Library/Developer/CoreSimulator/Volumes/iOS_23F77/Library/Developer/CoreSimulator/Profiles/Runtimes/iOS 26.5.simruntime/Contents/Resources/RuntimeRoot/System/Library/CoreImage/PortraitFilters.cifilter.
/* com.apple.actool.compilation-results */
/var/folders/sk/1y78dckn1fbdyvwtdtdy76680000gn/T/nosfy-session-commit-s4q40rbr/DerivedBaseline/Build/Intermediates.noindex/Nosfy.build/Debug-iphonesimulator/Nosfy.build/assetcatalog_generated_info.plist_thinned
/var/folders/sk/1y78dckn1fbdyvwtdtdy76680000gn/T/nosfy-session-commit-s4q40rbr/DerivedBaseline/Build/Intermediates.noindex/Nosfy.build/Debug-iphonesimulator/Nosfy.build/assetcatalog_output/thinned/AppIcon60x60@2x.png
/var/folders/sk/1y78dckn1fbdyvwtdtdy76680000gn/T/nosfy-session-commit-s4q40rbr/DerivedBaseline/Build/Intermediates.noindex/Nosfy.build/Debug-iphonesimulator/Nosfy.build/assetcatalog_output/thinned/AppIcon76x76@2x~ipad.png
/var/folders/sk/1y78dckn1fbdyvwtdtdy76680000gn/T/nosfy-session-commit-s4q40rbr/DerivedBaseline/Build/Intermediates.noindex/Nosfy.build/Debug-iphonesimulator/Nosfy.build/assetcatalog_output/thinned/Assets.car


SwiftDriverJobDiscovery normal arm64 Compiling ImpGlyph.swift (in target 'NosfyWidgets' from project 'Nosfy')

SwiftDriverJobDiscovery normal arm64 Compiling MoonGlyph.swift (in target 'NosfyWidgets' from project 'Nosfy')

SwiftDriverJobDiscovery normal arm64 Compiling ProgressComet.swift (in target 'NosfyWidgets' from project 'Nosfy')

SwiftDriver Nosfy normal arm64 com.apple.xcode.tools.swift.compiler (in target 'Nosfy' from project 'Nosfy')
    cd /var/folders/sk/1y78dckn1fbdyvwtdtdy76680000gn/T/nosfy-session-commit-s4q40rbr/baseline
    builtin-SwiftDriver -- /Applications/Xcode.app/Contents/Developer/Toolchains/XcodeDefault.xctoolchain/usr/bin/swiftc -module-name Woop -Onone @/var/folders/sk/1y78dckn1fbdyvwtdtdy76680000gn/T/nosfy-session-commit-s4q40rbr/DerivedBaseline/Build/Intermediates.noindex/Nosfy.build/Debug-iphonesimulator/Nosfy.build/Objects-normal/arm64/Nosfy.SwiftFileList -DDEBUG -enable-bare-slash-regex -enable-experimental-feature DebugDescriptionMacro -sdk /Applications/Xcode.app/Contents/Developer/Platforms/iPhoneSimulator.platform/Developer/SDKs/iPhoneSimulator26.5.sdk -target arm64-apple-ios26.0-simulator -g -module-cache-path /var/folders/sk/1y78dckn1fbdyvwtdtdy76680000gn/T/nosfy-session-commit-s4q40rbr/DerivedBaseline/ModuleCache.noindex -Xfrontend -serialize-debugging-options -enable-testing -index-store-path /var/folders/sk/1y78dckn1fbdyvwtdtdy76680000gn/T/nosfy-session-commit-s4q40rbr/DerivedBaseline/Index.noindex/DataStore -Xcc -D_LIBCPP_HARDENING_MODE\=_LIBCPP_HARDENING_MODE_DEBUG -swift-version 5 -I /var/folders/sk/1y78dckn1fbdyvwtdtdy76680000gn/T/nosfy-session-commit-s4q40rbr/DerivedBaseline/Build/Products/Debug-iphonesimulator -F /var/folders/sk/1y78dckn1fbdyvwtdtdy76680000gn/T/nosfy-session-commit-s4q40rbr/DerivedBaseline/Build/Products/Debug-iphonesimulator -emit-localized-strings -emit-localized-strings-path /var/folders/sk/1y78dckn1fbdyvwtdtdy76680000gn/T/nosfy-session-commit-s4q40rbr/DerivedBaseline/Build/Intermediates.noindex/Nosfy.build/Debug-iphonesimulator/Nosfy.build/Objects-normal/arm64 -c -j10 -enable-batch-mode -incremental -Xcc -ivfsstatcache -Xcc /var/folders/sk/1y78dckn1fbdyvwtdtdy76680000gn/T/nosfy-session-commit-s4q40rbr/DerivedBaseline/SDKStatCaches.noindex/iphonesimulator26.5-23F73-688ef53f1462e2c8f657fdc38a81448f6cfe768891a92b912361537c460fe42b.sdkstatcache -output-file-map /var/folders/sk/1y78dckn1fbdyvwtdtdy76680000gn/T/nosfy-session-commit-s4q40rbr/DerivedBaseline/Build/Intermediates.noindex/Nosfy.build/Debug-iphonesimulator/Nosfy.build/Objects-normal/arm64/Nosfy-OutputFileMap.json -use-frontend-parseable-output -save-temps -no-color-diagnostics -explicit-module-build -module-cache-path /var/folders/sk/1y78dckn1fbdyvwtdtdy76680000gn/T/nosfy-session-commit-s4q40rbr/DerivedBaseline/Build/Intermediates.noindex/SwiftExplicitPrecompiledModules -clang-scanner-module-cache-path /var/folders/sk/1y78dckn1fbdyvwtdtdy76680000gn/T/nosfy-session-commit-s4q40rbr/DerivedBaseline/ModuleCache.noindex -sdk-module-cache-path /var/folders/sk/1y78dckn1fbdyvwtdtdy76680000gn/T/nosfy-session-commit-s4q40rbr/DerivedBaseline/ModuleCache.noindex -serialize-diagnostics -emit-dependencies -emit-module -emit-module-path /var/folders/sk/1y78dckn1fbdyvwtdtdy76680000gn/T/nosfy-session-commit-s4q40rbr/DerivedBaseline/Build/Intermediates.noindex/Nosfy.build/Debug-iphonesimulator/Nosfy.build/Objects-normal/arm64/Woop.swiftmodule -validate-clang-modules-once -clang-build-session-file /var/folders/sk/1y78dckn1fbdyvwtdtdy76680000gn/T/nosfy-session-commit-s4q40rbr/DerivedBaseline/ModuleCache.noindex/Session.modulevalidation -Xcc -I/var/folders/sk/1y78dckn1fbdyvwtdtdy76680000gn/T/nosfy-session-commit-s4q40rbr/DerivedBaseline/Build/Intermediates.noindex/Nosfy.build/Debug-iphonesimulator/Nosfy.build/swift-overrides.hmap -emit-const-values -Xfrontend -const-gather-protocols-file -Xfrontend /var/folders/sk/1y78dckn1fbdyvwtdtdy76680000gn/T/nosfy-session-commit-s4q40rbr/DerivedBaseline/Build/Intermediates.noindex/Nosfy.build/Debug-iphonesimulator/Nosfy.build/Objects-normal/arm64/Nosfy_const_extract_protocols.json -Xcc -iquote -Xcc /var/folders/sk/1y78dckn1fbdyvwtdtdy76680000gn/T/nosfy-session-commit-s4q40rbr/DerivedBaseline/Build/Intermediates.noindex/Nosfy.build/Debug-iphonesimulator/Nosfy.build/Nosfy-generated-files.hmap -Xcc -I/var/folders/sk/1y78dckn1fbdyvwtdtdy76680000gn/T/nosfy-session-commit-s4q40rbr/DerivedBaseline/Build/Intermediates.noindex/Nosfy.build/Debug-iphonesimulator/Nosfy.build/Nosfy-own-target-headers.hmap -Xcc -I/var/folders/sk/1y78dckn1fbdyvwtdtdy76680000gn/T/nosfy-session-commit-s4q40rbr/DerivedBaseline/Build/Intermediates.noindex/Nosfy.build/Debug-iphonesimulator/Nosfy.build/Nosfy-all-target-headers.hmap -Xcc -iquote -Xcc /var/folders/sk/1y78dckn1fbdyvwtdtdy76680000gn/T/nosfy-session-commit-s4q40rbr/DerivedBaseline/Build/Intermediates.noindex/Nosfy.build/Debug-iphonesimulator/Nosfy.build/Nosfy-project-headers.hmap -Xcc -I/var/folders/sk/1y78dckn1fbdyvwtdtdy76680000gn/T/nosfy-session-commit-s4q40rbr/DerivedBaseline/Build/Products/Debug-iphonesimulator/include -Xcc -I/var/folders/sk/1y78dckn1fbdyvwtdtdy76680000gn/T/nosfy-session-commit-s4q40rbr/DerivedBaseline/Build/Intermediates.noindex/Nosfy.build/Debug-iphonesimulator/Nosfy.build/DerivedSources-normal/arm64 -Xcc -I/var/folders/sk/1y78dckn1fbdyvwtdtdy76680000gn/T/nosfy-session-commit-s4q40rbr/DerivedBaseline/Build/Intermediates.noindex/Nosfy.build/Debug-iphonesimulator/Nosfy.build/DerivedSources/arm64 -Xcc -I/var/folders/sk/1y78dckn1fbdyvwtdtdy76680000gn/T/nosfy-session-commit-s4q40rbr/DerivedBaseline/Build/Intermediates.noindex/Nosfy.build/Debug-iphonesimulator/Nosfy.build/DerivedSources -Xcc -DDEBUG\=1 -emit-objc-header -emit-objc-header-path /var/folders/sk/1y78dckn1fbdyvwtdtdy76680000gn/T/nosfy-session-commit-s4q40rbr/DerivedBaseline/Build/Intermediates.noindex/Nosfy.build/Debug-iphonesimulator/Nosfy.build/Objects-normal/arm64/Woop-Swift.h -working-directory /var/folders/sk/1y78dckn1fbdyvwtdtdy76680000gn/T/nosfy-session-commit-s4q40rbr/baseline -experimental-emit-module-separately -disable-cmo

SwiftDriverJobDiscovery normal arm64 Compiling WorkoutLiveCard.swift (in target 'NosfyWidgets' from project 'Nosfy')

MetalLink /var/folders/sk/1y78dckn1fbdyvwtdtdy76680000gn/T/nosfy-session-commit-s4q40rbr/DerivedBaseline/Build/Products/Debug-iphonesimulator/Nosfy.app/default.metallib (in target 'Nosfy' from project 'Nosfy')
    cd /var/folders/sk/1y78dckn1fbdyvwtdtdy76680000gn/T/nosfy-session-commit-s4q40rbr/baseline
    /var/run/com.apple.security.cryptexd/mnt/com.apple.MobileAsset.MetalToolchain-v17.6.42.0.BA5Ggr/Metal.xctoolchain/usr/bin/metal -target air64-apple-ios26.0-simulator -frecord-sources -o /var/folders/sk/1y78dckn1fbdyvwtdtdy76680000gn/T/nosfy-session-commit-s4q40rbr/DerivedBaseline/Build/Products/Debug-iphonesimulator/Nosfy.app/default.metallib /var/folders/sk/1y78dckn1fbdyvwtdtdy76680000gn/T/nosfy-session-commit-s4q40rbr/DerivedBaseline/Build/Intermediates.noindex/Nosfy.build/Debug-iphonesimulator/Nosfy.build/Metal/GlassFX.air /var/folders/sk/1y78dckn1fbdyvwtdtdy76680000gn/T/nosfy-session-commit-s4q40rbr/DerivedBaseline/Build/Intermediates.noindex/Nosfy.build/Debug-iphonesimulator/Nosfy.build/Metal/InkGrain.air /var/folders/sk/1y78dckn1fbdyvwtdtdy76680000gn/T/nosfy-session-commit-s4q40rbr/DerivedBaseline/Build/Intermediates.noindex/Nosfy.build/Debug-iphonesimulator/Nosfy.build/Metal/AuroraBg.air /var/folders/sk/1y78dckn1fbdyvwtdtdy76680000gn/T/nosfy-session-commit-s4q40rbr/DerivedBaseline/Build/Intermediates.noindex/Nosfy.build/Debug-iphonesimulator/Nosfy.build/Metal/AuroraHome.air /var/folders/sk/1y78dckn1fbdyvwtdtdy76680000gn/T/nosfy-session-commit-s4q40rbr/DerivedBaseline/Build/Intermediates.noindex/Nosfy.build/Debug-iphonesimulator/Nosfy.build/Metal/AuthNebula.air /var/folders/sk/1y78dckn1fbdyvwtdtdy76680000gn/T/nosfy-session-commit-s4q40rbr/DerivedBaseline/Build/Intermediates.noindex/Nosfy.build/Debug-iphonesimulator/Nosfy.build/Metal/BravoPill.air /var/folders/sk/1y78dckn1fbdyvwtdtdy76680000gn/T/nosfy-session-commit-s4q40rbr/DerivedBaseline/Build/Intermediates.noindex/Nosfy.build/Debug-iphonesimulator/Nosfy.build/Metal/CarnetCuir.air /var/folders/sk/1y78dckn1fbdyvwtdtdy76680000gn/T/nosfy-session-commit-s4q40rbr/DerivedBaseline/Build/Intermediates.noindex/Nosfy.build/Debug-iphonesimulator/Nosfy.build/Metal/CarteLune.air /var/folders/sk/1y78dckn1fbdyvwtdtdy76680000gn/T/nosfy-session-commit-s4q40rbr/DerivedBaseline/Build/Intermediates.noindex/Nosfy.build/Debug-iphonesimulator/Nosfy.build/Metal/CorpsLisere.air /var/folders/sk/1y78dckn1fbdyvwtdtdy76680000gn/T/nosfy-session-commit-s4q40rbr/DerivedBaseline/Build/Intermediates.noindex/Nosfy.build/Debug-iphonesimulator/Nosfy.build/Metal/DemonSky-7ebbc5a75a5668a3b0b722041f571fa0.air /var/folders/sk/1y78dckn1fbdyvwtdtdy76680000gn/T/nosfy-session-commit-s4q40rbr/DerivedBaseline/Build/Intermediates.noindex/Nosfy.build/Debug-iphonesimulator/Nosfy.build/Metal/DiamondButton.air /var/folders/sk/1y78dckn1fbdyvwtdtdy76680000gn/T/nosfy-session-commit-s4q40rbr/DerivedBaseline/Build/Intermediates.noindex/Nosfy.build/Debug-iphonesimulator/Nosfy.build/Metal/EclipseHalo.air /var/folders/sk/1y78dckn1fbdyvwtdtdy76680000gn/T/nosfy-session-commit-s4q40rbr/DerivedBaseline/Build/Intermediates.noindex/Nosfy.build/Debug-iphonesimulator/Nosfy.build/Metal/EmberFlame.air /var/folders/sk/1y78dckn1fbdyvwtdtdy76680000gn/T/nosfy-session-commit-s4q40rbr/DerivedBaseline/Build/Intermediates.noindex/Nosfy.build/Debug-iphonesimulator/Nosfy.build/Metal/ExoHeaderGlow.air /var/folders/sk/1y78dckn1fbdyvwtdtdy76680000gn/T/nosfy-session-commit-s4q40rbr/DerivedBaseline/Build/Intermediates.noindex/Nosfy.build/Debug-iphonesimulator/Nosfy.build/Metal/ExosHalo.air /var/folders/sk/1y78dckn1fbdyvwtdtdy76680000gn/T/nosfy-session-commit-s4q40rbr/DerivedBaseline/Build/Intermediates.noindex/Nosfy.build/Debug-iphonesimulator/Nosfy.build/Metal/FlameJewel.air /var/folders/sk/1y78dckn1fbdyvwtdtdy76680000gn/T/nosfy-session-commit-s4q40rbr/DerivedBaseline/Build/Intermediates.noindex/Nosfy.build/Debug-iphonesimulator/Nosfy.build/Metal/FondVideoMetal-7209c5bac962879fe295b02f9fce22e5.air /var/folders/sk/1y78dckn1fbdyvwtdtdy76680000gn/T/nosfy-session-commit-s4q40rbr/DerivedBaseline/Build/Intermediates.noindex/Nosfy.build/Debug-iphonesimulator/Nosfy.build/Metal/FumeeX2.air /var/folders/sk/1y78dckn1fbdyvwtdtdy76680000gn/T/nosfy-session-commit-s4q40rbr/DerivedBaseline/Build/Intermediates.noindex/Nosfy.build/Debug-iphonesimulator/Nosfy.build/Metal/GaletLisere.air /var/folders/sk/1y78dckn1fbdyvwtdtdy76680000gn/T/nosfy-session-commit-s4q40rbr/DerivedBaseline/Build/Intermediates.noindex/Nosfy.build/Debug-iphonesimulator/Nosfy.build/Metal/GaletMedaillon.air /var/folders/sk/1y78dckn1fbdyvwtdtdy76680000gn/T/nosfy-session-commit-s4q40rbr/DerivedBaseline/Build/Intermediates.noindex/Nosfy.build/Debug-iphonesimulator/Nosfy.build/Metal/GaletStage.air /var/folders/sk/1y78dckn1fbdyvwtdtdy76680000gn/T/nosfy-session-commit-s4q40rbr/DerivedBaseline/Build/Intermediates.noindex/Nosfy.build/Debug-iphonesimulator/Nosfy.build/Metal/HaloDawn.air /var/folders/sk/1y78dckn1fbdyvwtdtdy76680000gn/T/nosfy-session-commit-s4q40rbr/DerivedBaseline/Build/Intermediates.noindex/Nosfy.build/Debug-iphonesimulator/Nosfy.build/Metal/HomeNuit-9e198942c9b3af0b0ad82a42931a18b6.air /var/folders/sk/1y78dckn1fbdyvwtdtdy76680000gn/T/nosfy-session-commit-s4q40rbr/DerivedBaseline/Build/Intermediates.noindex/Nosfy.build/Debug-iphonesimulator/Nosfy.build/Metal/JaugeLacque.air /var/folders/sk/1y78dckn1fbdyvwtdtdy76680000gn/T/nosfy-session-commit-s4q40rbr/DerivedBaseline/Build/Intermediates.noindex/Nosfy.build/Debug-iphonesimulator/Nosfy.build/Metal/LiquidLens.air /var/folders/sk/1y78dckn1fbdyvwtdtdy76680000gn/T/nosfy-session-commit-s4q40rbr/DerivedBaseline/Build/Intermediates.noindex/Nosfy.build/Debug-iphonesimulator/Nosfy.build/Metal/LoginAurora.air /var/folders/sk/1y78dckn1fbdyvwtdtdy76680000gn/T/nosfy-session-commit-s4q40rbr/DerivedBaseline/Build/Intermediates.noindex/Nosfy.build/Debug-iphonesimulator/Nosfy.build/Metal/LogoMonolith.air /var/folders/sk/1y78dckn1fbdyvwtdtdy76680000gn/T/nosfy-session-commit-s4q40rbr/DerivedBaseline/Build/Intermediates.noindex/Nosfy.build/Debug-iphonesimulator/Nosfy.build/Metal/MoonCoin.air /var/folders/sk/1y78dckn1fbdyvwtdtdy76680000gn/T/nosfy-session-commit-s4q40rbr/DerivedBaseline/Build/Intermediates.noindex/Nosfy.build/Debug-iphonesimulator/Nosfy.build/Metal/NavMonolith.air /var/folders/sk/1y78dckn1fbdyvwtdtdy76680000gn/T/nosfy-session-commit-s4q40rbr/DerivedBaseline/Build/Intermediates.noindex/Nosfy.build/Debug-iphonesimulator/Nosfy.build/Metal/NebulaShaders.air /var/folders/sk/1y78dckn1fbdyvwtdtdy76680000gn/T/nosfy-session-commit-s4q40rbr/DerivedBaseline/Build/Intermediates.noindex/Nosfy.build/Debug-iphonesimulator/Nosfy.build/Metal/NeonPrimary.air /var/folders/sk/1y78dckn1fbdyvwtdtdy76680000gn/T/nosfy-session-commit-s4q40rbr/DerivedBaseline/Build/Intermediates.noindex/Nosfy.build/Debug-iphonesimulator/Nosfy.build/Metal/ObjectiveJewel.air /var/folders/sk/1y78dckn1fbdyvwtdtdy76680000gn/T/nosfy-session-commit-s4q40rbr/DerivedBaseline/Build/Intermediates.noindex/Nosfy.build/Debug-iphonesimulator/Nosfy.build/Metal/ObsidianCard-dc75de4e7b460ceb948ab139733e8b73.air /var/folders/sk/1y78dckn1fbdyvwtdtdy76680000gn/T/nosfy-session-commit-s4q40rbr/DerivedBaseline/Build/Intermediates.noindex/Nosfy.build/Debug-iphonesimulator/Nosfy.build/Metal/PebbleDust.air /var/folders/sk/1y78dckn1fbdyvwtdtdy76680000gn/T/nosfy-session-commit-s4q40rbr/DerivedBaseline/Build/Intermediates.noindex/Nosfy.build/Debug-iphonesimulator/Nosfy.build/Metal/PieceVerre.air /var/folders/sk/1y78dckn1fbdyvwtdtdy76680000gn/T/nosfy-session-commit-s4q40rbr/DerivedBaseline/Build/Intermediates.noindex/Nosfy.build/Debug-iphonesimulator/Nosfy.build/Metal/PorteCaresse.air /var/folders/sk/1y78dckn1fbdyvwtdtdy76680000gn/T/nosfy-session-commit-s4q40rbr/DerivedBaseline/Build/Intermediates.noindex/Nosfy.build/Debug-iphonesimulator/Nosfy.build/Metal/TreasureBadge.air /var/folders/sk/1y78dckn1fbdyvwtdtdy76680000gn/T/nosfy-session-commit-s4q40rbr/DerivedBaseline/Build/Intermediates.noindex/Nosfy.build/Debug-iphonesimulator/Nosfy.build/Metal/VerreCoulant-f4ee2d5f0b7294b2cb45e05768484fc5.air /var/folders/sk/1y78dckn1fbdyvwtdtdy76680000gn/T/nosfy-session-commit-s4q40rbr/DerivedBaseline/Build/Intermediates.noindex/Nosfy.build/Debug-iphonesimulator/Nosfy.build/Metal/VerreGalet.air /var/folders/sk/1y78dckn1fbdyvwtdtdy76680000gn/T/nosfy-session-commit-s4q40rbr/DerivedBaseline/Build/Intermediates.noindex/Nosfy.build/Debug-iphonesimulator/Nosfy.build/Metal/WahouAura.air

SwiftDriverJobDiscovery normal arm64 Compiling NosfyWidgetsBundle.swift (in target 'NosfyWidgets' from project 'Nosfy')

SwiftDriverJobDiscovery normal arm64 Compiling WorkoutLiveActivity.swift (in target 'NosfyWidgets' from project 'Nosfy')

SwiftDriver\ Compilation NosfyWidgets normal arm64 com.apple.xcode.tools.swift.compiler (in target 'NosfyWidgets' from project 'Nosfy')
    cd /var/folders/sk/1y78dckn1fbdyvwtdtdy76680000gn/T/nosfy-session-commit-s4q40rbr/baseline
    builtin-Swift-Compilation -- /Applications/Xcode.app/Contents/Developer/Toolchains/XcodeDefault.xctoolchain/usr/bin/swiftc -module-name NosfyWidgets -Onone @/var/folders/sk/1y78dckn1fbdyvwtdtdy76680000gn/T/nosfy-session-commit-s4q40rbr/DerivedBaseline/Build/Intermediates.noindex/Nosfy.build/Debug-iphonesimulator/NosfyWidgets.build/Objects-normal/arm64/NosfyWidgets.SwiftFileList -DDEBUG -enable-bare-slash-regex -enable-experimental-feature DebugDescriptionMacro -sdk /Applications/Xcode.app/Contents/Developer/Platforms/iPhoneSimulator.platform/Developer/SDKs/iPhoneSimulator26.5.sdk -target arm64-apple-ios26.0-simulator -g -module-cache-path /var/folders/sk/1y78dckn1fbdyvwtdtdy76680000gn/T/nosfy-session-commit-s4q40rbr/DerivedBaseline/ModuleCache.noindex -Xfrontend -serialize-debugging-options -application-extension -enable-testing -index-store-path /var/folders/sk/1y78dckn1fbdyvwtdtdy76680000gn/T/nosfy-session-commit-s4q40rbr/DerivedBaseline/Index.noindex/DataStore -Xcc -D_LIBCPP_HARDENING_MODE\=_LIBCPP_HARDENING_MODE_DEBUG -swift-version 5 -I /var/folders/sk/1y78dckn1fbdyvwtdtdy76680000gn/T/nosfy-session-commit-s4q40rbr/DerivedBaseline/Build/Products/Debug-iphonesimulator -F /var/folders/sk/1y78dckn1fbdyvwtdtdy76680000gn/T/nosfy-session-commit-s4q40rbr/DerivedBaseline/Build/Products/Debug-iphonesimulator -emit-localized-strings -emit-localized-strings-path /var/folders/sk/1y78dckn1fbdyvwtdtdy76680000gn/T/nosfy-session-commit-s4q40rbr/DerivedBaseline/Build/Intermediates.noindex/Nosfy.build/Debug-iphonesimulator/NosfyWidgets.build/Objects-normal/arm64 -c -j10 -enable-batch-mode -incremental -Xcc -ivfsstatcache -Xcc /var/folders/sk/1y78dckn1fbdyvwtdtdy76680000gn/T/nosfy-session-commit-s4q40rbr/DerivedBaseline/SDKStatCaches.noindex/iphonesimulator26.5-23F73-688ef53f1462e2c8f657fdc38a81448f6cfe768891a92b912361537c460fe42b.sdkstatcache -output-file-map /var/folders/sk/1y78dckn1fbdyvwtdtdy76680000gn/T/nosfy-session-commit-s4q40rbr/DerivedBaseline/Build/Intermediates.noindex/Nosfy.build/Debug-iphonesimulator/NosfyWidgets.build/Objects-normal/arm64/NosfyWidgets-OutputFileMap.json -use-frontend-parseable-output -save-temps -no-color-diagnostics -explicit-module-build -module-cache-path /var/folders/sk/1y78dckn1fbdyvwtdtdy76680000gn/T/nosfy-session-commit-s4q40rbr/DerivedBaseline/Build/Intermediates.noindex/SwiftExplicitPrecompiledModules -clang-scanner-module-cache-path /var/folders/sk/1y78dckn1fbdyvwtdtdy76680000gn/T/nosfy-session-commit-s4q40rbr/DerivedBaseline/ModuleCache.noindex -sdk-module-cache-path /var/folders/sk/1y78dckn1fbdyvwtdtdy76680000gn/T/nosfy-session-commit-s4q40rbr/DerivedBaseline/ModuleCache.noindex -serialize-diagnostics -emit-dependencies -emit-module -emit-module-path /var/folders/sk/1y78dckn1fbdyvwtdtdy76680000gn/T/nosfy-session-commit-s4q40rbr/DerivedBaseline/Build/Intermediates.noindex/Nosfy.build/Debug-iphonesimulator/NosfyWidgets.build/Objects-normal/arm64/NosfyWidgets.swiftmodule -validate-clang-modules-once -clang-build-session-file /var/folders/sk/1y78dckn1fbdyvwtdtdy76680000gn/T/nosfy-session-commit-s4q40rbr/DerivedBaseline/ModuleCache.noindex/Session.modulevalidation -Xcc -I/var/folders/sk/1y78dckn1fbdyvwtdtdy76680000gn/T/nosfy-session-commit-s4q40rbr/DerivedBaseline/Build/Intermediates.noindex/Nosfy.build/Debug-iphonesimulator/NosfyWidgets.build/swift-overrides.hmap -emit-const-values -Xfrontend -const-gather-protocols-file -Xfrontend /var/folders/sk/1y78dckn1fbdyvwtdtdy76680000gn/T/nosfy-session-commit-s4q40rbr/DerivedBaseline/Build/Intermediates.noindex/Nosfy.build/Debug-iphonesimulator/NosfyWidgets.build/Objects-normal/arm64/NosfyWidgets_const_extract_protocols.json -Xcc -iquote -Xcc /var/folders/sk/1y78dckn1fbdyvwtdtdy76680000gn/T/nosfy-session-commit-s4q40rbr/DerivedBaseline/Build/Intermediates.noindex/Nosfy.build/Debug-iphonesimulator/NosfyWidgets.build/NosfyWidgets-generated-files.hmap -Xcc -I/var/folders/sk/1y78dckn1fbdyvwtdtdy76680000gn/T/nosfy-session-commit-s4q40rbr/DerivedBaseline/Build/Intermediates.noindex/Nosfy.build/Debug-iphonesimulator/NosfyWidgets.build/NosfyWidgets-own-target-headers.hmap -Xcc -I/var/folders/sk/1y78dckn1fbdyvwtdtdy76680000gn/T/nosfy-session-commit-s4q40rbr/DerivedBaseline/Build/Intermediates.noindex/Nosfy.build/Debug-iphonesimulator/NosfyWidgets.build/NosfyWidgets-all-target-headers.hmap -Xcc -iquote -Xcc /var/folders/sk/1y78dckn1fbdyvwtdtdy76680000gn/T/nosfy-session-commit-s4q40rbr/DerivedBaseline/Build/Intermediates.noindex/Nosfy.build/Debug-iphonesimulator/NosfyWidgets.build/NosfyWidgets-project-headers.hmap -Xcc -I/var/folders/sk/1y78dckn1fbdyvwtdtdy76680000gn/T/nosfy-session-commit-s4q40rbr/DerivedBaseline/Build/Products/Debug-iphonesimulator/include -Xcc -I/var/folders/sk/1y78dckn1fbdyvwtdtdy76680000gn/T/nosfy-session-commit-s4q40rbr/DerivedBaseline/Build/Intermediates.noindex/Nosfy.build/Debug-iphonesimulator/NosfyWidgets.build/DerivedSources-normal/arm64 -Xcc -I/var/folders/sk/1y78dckn1fbdyvwtdtdy76680000gn/T/nosfy-session-commit-s4q40rbr/DerivedBaseline/Build/Intermediates.noindex/Nosfy.build/Debug-iphonesimulator/NosfyWidgets.build/DerivedSources/arm64 -Xcc -I/var/folders/sk/1y78dckn1fbdyvwtdtdy76680000gn/T/nosfy-session-commit-s4q40rbr/DerivedBaseline/Build/Intermediates.noindex/Nosfy.build/Debug-iphonesimulator/NosfyWidgets.build/DerivedSources -Xcc -DDEBUG\=1 -emit-objc-header -emit-objc-header-path /var/folders/sk/1y78dckn1fbdyvwtdtdy76680000gn/T/nosfy-session-commit-s4q40rbr/DerivedBaseline/Build/Intermediates.noindex/Nosfy.build/Debug-iphonesimulator/NosfyWidgets.build/Objects-normal/arm64/NosfyWidgets-Swift.h -working-directory /var/folders/sk/1y78dckn1fbdyvwtdtdy76680000gn/T/nosfy-session-commit-s4q40rbr/baseline -experimental-emit-module-separately -disable-cmo

Ld /var/folders/sk/1y78dckn1fbdyvwtdtdy76680000gn/T/nosfy-session-commit-s4q40rbr/DerivedBaseline/Build/Products/Debug-iphonesimulator/NosfyWidgets.appex/NosfyWidgets.debug.dylib normal (in target 'NosfyWidgets' from project 'Nosfy')
    cd /var/folders/sk/1y78dckn1fbdyvwtdtdy76680000gn/T/nosfy-session-commit-s4q40rbr/baseline
    /Applications/Xcode.app/Contents/Developer/Toolchains/XcodeDefault.xctoolchain/usr/bin/clang -Xlinker -reproducible -target arm64-apple-ios26.0-simulator -dynamiclib -isysroot /Applications/Xcode.app/Contents/Developer/Platforms/iPhoneSimulator.platform/Developer/SDKs/iPhoneSimulator26.5.sdk -O0 -L/var/folders/sk/1y78dckn1fbdyvwtdtdy76680000gn/T/nosfy-session-commit-s4q40rbr/DerivedBaseline/Build/Intermediates.noindex/EagerLinkingTBDs/Debug-iphonesimulator -L/var/folders/sk/1y78dckn1fbdyvwtdtdy76680000gn/T/nosfy-session-commit-s4q40rbr/DerivedBaseline/Build/Products/Debug-iphonesimulator -F/var/folders/sk/1y78dckn1fbdyvwtdtdy76680000gn/T/nosfy-session-commit-s4q40rbr/DerivedBaseline/Build/Intermediates.noindex/EagerLinkingTBDs/Debug-iphonesimulator -F/var/folders/sk/1y78dckn1fbdyvwtdtdy76680000gn/T/nosfy-session-commit-s4q40rbr/DerivedBaseline/Build/Products/Debug-iphonesimulator -filelist /var/folders/sk/1y78dckn1fbdyvwtdtdy76680000gn/T/nosfy-session-commit-s4q40rbr/DerivedBaseline/Build/Intermediates.noindex/Nosfy.build/Debug-iphonesimulator/NosfyWidgets.build/Objects-normal/arm64/NosfyWidgets.LinkFileList -install_name @rpath/NosfyWidgets.debug.dylib -Xlinker -rpath -Xlinker @executable_path/Frameworks -Xlinker -rpath -Xlinker @executable_path/../../Frameworks -Xlinker -dead_strip -Xlinker -object_path_lto -Xlinker /var/folders/sk/1y78dckn1fbdyvwtdtdy76680000gn/T/nosfy-session-commit-s4q40rbr/DerivedBaseline/Build/Intermediates.noindex/Nosfy.build/Debug-iphonesimulator/NosfyWidgets.build/Objects-normal/arm64/NosfyWidgets_lto.o -rdynamic -Xlinker -no_deduplicate -Xlinker -objc_abi_version -Xlinker 2 -Xlinker -dependency_info -Xlinker /var/folders/sk/1y78dckn1fbdyvwtdtdy76680000gn/T/nosfy-session-commit-s4q40rbr/DerivedBaseline/Build/Intermediates.noindex/Nosfy.build/Debug-iphonesimulator/NosfyWidgets.build/Objects-normal/arm64/NosfyWidgets_dependency_info.dat -fapplication-extension -fobjc-link-runtime -L/Applications/Xcode.app/Contents/Developer/Toolchains/XcodeDefault.xctoolchain/usr/lib/swift/iphonesimulator -L/usr/lib/swift -Xlinker -add_ast_path -Xlinker /var/folders/sk/1y78dckn1fbdyvwtdtdy76680000gn/T/nosfy-session-commit-s4q40rbr/DerivedBaseline/Build/Intermediates.noindex/Nosfy.build/Debug-iphonesimulator/NosfyWidgets.build/Objects-normal/arm64/NosfyWidgets.swiftmodule @/var/folders/sk/1y78dckn1fbdyvwtdtdy76680000gn/T/nosfy-session-commit-s4q40rbr/DerivedBaseline/Build/Intermediates.noindex/Nosfy.build/Debug-iphonesimulator/NosfyWidgets.build/Objects-normal/arm64/NosfyWidgets-linker-args.resp -Xlinker -alias -Xlinker _NSExtensionMain -Xlinker ___debug_main_executable_dylib_entry_point -o /var/folders/sk/1y78dckn1fbdyvwtdtdy76680000gn/T/nosfy-session-commit-s4q40rbr/DerivedBaseline/Build/Products/Debug-iphonesimulator/NosfyWidgets.appex/NosfyWidgets.debug.dylib

SwiftExplicitDependencyGeneratePcm arm64 /var/folders/sk/1y78dckn1fbdyvwtdtdy76680000gn/T/nosfy-session-commit-s4q40rbr/DerivedBaseline/ModuleCache.noindex/_SwiftConcurrencyShims-8OOHOP5FNNSY99QOQ185V21JD.pcm

SwiftExplicitDependencyGeneratePcm arm64 /var/folders/sk/1y78dckn1fbdyvwtdtdy76680000gn/T/nosfy-session-commit-s4q40rbr/DerivedBaseline/ModuleCache.noindex/ptrcheck-CUGBQ4V22II2RXM2VDZRLKEZ4.pcm

SwiftExplicitDependencyGeneratePcm arm64 /var/folders/sk/1y78dckn1fbdyvwtdtdy76680000gn/T/nosfy-session-commit-s4q40rbr/DerivedBaseline/ModuleCache.noindex/ActivityKit-54QMD2ISLDMZX13NLKSJN1ASY.pcm

SwiftExplicitDependencyGeneratePcm arm64 /var/folders/sk/1y78dckn1fbdyvwtdtdy76680000gn/T/nosfy-session-commit-s4q40rbr/DerivedBaseline/ModuleCache.noindex/_Builtin_stddef-EZ2SGQ8RVYVUQYURDUTM5KSBL.pcm

SwiftExplicitDependencyGeneratePcm arm64 /var/folders/sk/1y78dckn1fbdyvwtdtdy76680000gn/T/nosfy-session-commit-s4q40rbr/DerivedBaseline/ModuleCache.noindex/DeveloperToolsSupport-EVQRIQDP29GVB0GQ8F58J0SCR.pcm

SwiftExplicitDependencyGeneratePcm arm64 /var/folders/sk/1y78dckn1fbdyvwtdtdy76680000gn/T/nosfy-session-commit-s4q40rbr/DerivedBaseline/ModuleCache.noindex/_Builtin_float-4WCNUKJTQQFZK2TQXR9GRB6FV.pcm

SwiftExplicitDependencyGeneratePcm arm64 /var/folders/sk/1y78dckn1fbdyvwtdtdy76680000gn/T/nosfy-session-commit-s4q40rbr/DerivedBaseline/ModuleCache.noindex/_AvailabilityInternal-74XC71OW2K1MK6E2GQLVXX5ZA.pcm

SwiftExplicitDependencyGeneratePcm arm64 /var/folders/sk/1y78dckn1fbdyvwtdtdy76680000gn/T/nosfy-session-commit-s4q40rbr/DerivedBaseline/ModuleCache.noindex/ptrauth-EFQOJJCS1ZOBEL9TRMWRWF5F7.pcm

SwiftExplicitDependencyGeneratePcm arm64 /var/folders/sk/1y78dckn1fbdyvwtdtdy76680000gn/T/nosfy-session-commit-s4q40rbr/DerivedBaseline/ModuleCache.noindex/_Builtin_stdarg-9B0EIZZCZQYA2ATTHO5HCJ4BJ.pcm

ConstructStubExecutorLinkFileList /var/folders/sk/1y78dckn1fbdyvwtdtdy76680000gn/T/nosfy-session-commit-s4q40rbr/DerivedBaseline/Build/Intermediates.noindex/Nosfy.build/Debug-iphonesimulator/NosfyWidgets.build/NosfyWidgets-ExecutorLinkFileList-normal-arm64.txt (in target 'NosfyWidgets' from project 'Nosfy')
    cd /var/folders/sk/1y78dckn1fbdyvwtdtdy76680000gn/T/nosfy-session-commit-s4q40rbr/baseline
    construct-stub-executor-link-file-list /var/folders/sk/1y78dckn1fbdyvwtdtdy76680000gn/T/nosfy-session-commit-s4q40rbr/DerivedBaseline/Build/Products/Debug-iphonesimulator/NosfyWidgets.appex/NosfyWidgets.debug.dylib /Applications/Xcode.app/Contents/Developer/Platforms/iPhoneSimulator.platform/Developer/usr/lib/libPreviewsJITStubExecutor_no_swift_entry_point.a /Applications/Xcode.app/Contents/Developer/Platforms/iPhoneSimulator.platform/Developer/usr/lib/libPreviewsJITStubExecutor.a --output /var/folders/sk/1y78dckn1fbdyvwtdtdy76680000gn/T/nosfy-session-commit-s4q40rbr/DerivedBaseline/Build/Intermediates.noindex/Nosfy.build/Debug-iphonesimulator/NosfyWidgets.build/NosfyWidgets-ExecutorLinkFileList-normal-arm64.txt
note: Using stub executor library with Swift entry point. (in target 'NosfyWidgets' from project 'Nosfy')

SwiftExplicitDependencyGeneratePcm arm64 /var/folders/sk/1y78dckn1fbdyvwtdtdy76680000gn/T/nosfy-session-commit-s4q40rbr/DerivedBaseline/ModuleCache.noindex/SwiftShims-1PGHD4CG6G8F7HBW69DXRWPSS.pcm

SwiftExplicitDependencyGeneratePcm arm64 /var/folders/sk/1y78dckn1fbdyvwtdtdy76680000gn/T/nosfy-session-commit-s4q40rbr/DerivedBaseline/ModuleCache.noindex/_Builtin_stdbool-74BWW445EMB3EYVOW6Z609ZW4.pcm

Ld /var/folders/sk/1y78dckn1fbdyvwtdtdy76680000gn/T/nosfy-session-commit-s4q40rbr/DerivedBaseline/Build/Products/Debug-iphonesimulator/NosfyWidgets.appex/NosfyWidgets normal (in target 'NosfyWidgets' from project 'Nosfy')
    cd /var/folders/sk/1y78dckn1fbdyvwtdtdy76680000gn/T/nosfy-session-commit-s4q40rbr/baseline
    /Applications/Xcode.app/Contents/Developer/Toolchains/XcodeDefault.xctoolchain/usr/bin/clang -Xlinker -reproducible -target arm64-apple-ios26.0-simulator -isysroot /Applications/Xcode.app/Contents/Developer/Platforms/iPhoneSimulator.platform/Developer/SDKs/iPhoneSimulator26.5.sdk -O0 -L/var/folders/sk/1y78dckn1fbdyvwtdtdy76680000gn/T/nosfy-session-commit-s4q40rbr/DerivedBaseline/Build/Products/Debug-iphonesimulator -F/var/folders/sk/1y78dckn1fbdyvwtdtdy76680000gn/T/nosfy-session-commit-s4q40rbr/DerivedBaseline/Build/Products/Debug-iphonesimulator -Xlinker -rpath -Xlinker @executable_path -Xlinker -rpath -Xlinker @executable_path/Frameworks -Xlinker -rpath -Xlinker @executable_path/../../Frameworks -rdynamic -Xlinker -no_deduplicate -Xlinker -objc_abi_version -Xlinker 2 -e ___debug_blank_executor_main -Xlinker -sectcreate -Xlinker __TEXT -Xlinker __debug_dylib -Xlinker /var/folders/sk/1y78dckn1fbdyvwtdtdy76680000gn/T/nosfy-session-commit-s4q40rbr/DerivedBaseline/Build/Intermediates.noindex/Nosfy.build/Debug-iphonesimulator/NosfyWidgets.build/NosfyWidgets-DebugDylibPath-normal-arm64.txt -Xlinker -sectcreate -Xlinker __TEXT -Xlinker __debug_entry -Xlinker /var/folders/sk/1y78dckn1fbdyvwtdtdy76680000gn/T/nosfy-session-commit-s4q40rbr/DerivedBaseline/Build/Intermediates.noindex/Nosfy.build/Debug-iphonesimulator/NosfyWidgets.build/NosfyWidgets-DebugEntryPoint-normal-arm64.txt -Xlinker -sectcreate -Xlinker __TEXT -Xlinker __debug_instlnm -Xlinker /var/folders/sk/1y78dckn1fbdyvwtdtdy76680000gn/T/nosfy-session-commit-s4q40rbr/DerivedBaseline/Build/Intermediates.noindex/Nosfy.build/Debug-iphonesimulator/NosfyWidgets.build/NosfyWidgets-DebugDylibInstallName-normal-arm64.txt -Xlinker -filelist -Xlinker /var/folders/sk/1y78dckn1fbdyvwtdtdy76680000gn/T/nosfy-session-commit-s4q40rbr/DerivedBaseline/Build/Intermediates.noindex/Nosfy.build/Debug-iphonesimulator/NosfyWidgets.build/NosfyWidgets-ExecutorLinkFileList-normal-arm64.txt /var/folders/sk/1y78dckn1fbdyvwtdtdy76680000gn/T/nosfy-session-commit-s4q40rbr/DerivedBaseline/Build/Products/Debug-iphonesimulator/NosfyWidgets.appex/NosfyWidgets.debug.dylib -o /var/folders/sk/1y78dckn1fbdyvwtdtdy76680000gn/T/nosfy-session-commit-s4q40rbr/DerivedBaseline/Build/Products/Debug-iphonesimulator/NosfyWidgets.appex/NosfyWidgets

SwiftExplicitDependencyGeneratePcm arm64 /var/folders/sk/1y78dckn1fbdyvwtdtdy76680000gn/T/nosfy-session-commit-s4q40rbr/DerivedBaseline/ModuleCache.noindex/_DarwinFoundation1-5QIIOZERXIZV8OA7EG1L0GF7V.pcm

ExtractAppIntentsMetadata (in target 'NosfyWidgets' from project 'Nosfy')
    cd /var/folders/sk/1y78dckn1fbdyvwtdtdy76680000gn/T/nosfy-session-commit-s4q40rbr/baseline
    /Applications/Xcode.app/Contents/Developer/Toolchains/XcodeDefault.xctoolchain/usr/bin/appintentsmetadataprocessor --toolchain-dir /var/run/com.apple.security.cryptexd/mnt/com.apple.MobileAsset.MetalToolchain-v17.6.42.0.BA5Ggr/Metal.xctoolchain --module-name NosfyWidgets --sdk-root /Applications/Xcode.app/Contents/Developer/Platforms/iPhoneSimulator.platform/Developer/SDKs/iPhoneSimulator26.5.sdk --xcode-version 17F42 --platform-family iOS --deployment-target 26.0 --bundle-identifier fr.kathryn.woop.WoopWidgets --output /var/folders/sk/1y78dckn1fbdyvwtdtdy76680000gn/T/nosfy-session-commit-s4q40rbr/DerivedBaseline/Build/Products/Debug-iphonesimulator/NosfyWidgets.appex --target-triple arm64-apple-ios26.0-simulator --binary-file /var/folders/sk/1y78dckn1fbdyvwtdtdy76680000gn/T/nosfy-session-commit-s4q40rbr/DerivedBaseline/Build/Products/Debug-iphonesimulator/NosfyWidgets.appex/NosfyWidgets --dependency-file /var/folders/sk/1y78dckn1fbdyvwtdtdy76680000gn/T/nosfy-session-commit-s4q40rbr/DerivedBaseline/Build/Intermediates.noindex/Nosfy.build/Debug-iphonesimulator/NosfyWidgets.build/Objects-normal/arm64/NosfyWidgets_dependency_info.dat --stringsdata-file /var/folders/sk/1y78dckn1fbdyvwtdtdy76680000gn/T/nosfy-session-commit-s4q40rbr/DerivedBaseline/Build/Intermediates.noindex/Nosfy.build/Debug-iphonesimulator/NosfyWidgets.build/Objects-normal/arm64/ExtractedAppShortcutsMetadata.stringsdata --source-file-list /var/folders/sk/1y78dckn1fbdyvwtdtdy76680000gn/T/nosfy-session-commit-s4q40rbr/DerivedBaseline/Build/Intermediates.noindex/Nosfy.build/Debug-iphonesimulator/NosfyWidgets.build/Objects-normal/arm64/NosfyWidgets.SwiftFileList --metadata-file-list /var/folders/sk/1y78dckn1fbdyvwtdtdy76680000gn/T/nosfy-session-commit-s4q40rbr/DerivedBaseline/Build/Intermediates.noindex/Nosfy.build/Debug-iphonesimulator/NosfyWidgets.build/NosfyWidgets.DependencyMetadataFileList --static-metadata-file-list /var/folders/sk/1y78dckn1fbdyvwtdtdy76680000gn/T/nosfy-session-commit-s4q40rbr/DerivedBaseline/Build/Intermediates.noindex/Nosfy.build/Debug-iphonesimulator/NosfyWidgets.build/NosfyWidgets.DependencyStaticMetadataFileList --swift-const-vals-list /var/folders/sk/1y78dckn1fbdyvwtdtdy76680000gn/T/nosfy-session-commit-s4q40rbr/DerivedBaseline/Build/Intermediates.noindex/Nosfy.build/Debug-iphonesimulator/NosfyWidgets.build/Objects-normal/arm64/NosfyWidgets.SwiftConstValuesFileList --compile-time-extraction --deployment-aware-processing --validate-assistant-intents --no-app-shortcuts-localization
2026-09-19 10:32:42.891 appintentsmetadataprocessor[30269:20220618] Starting appintentsmetadataprocessor export
2026-09-19 10:32:42.907 appintentsmetadataprocessor[30269:20220618] Extracted no relevant App Intents symbols, skipping writing output

SwiftExplicitDependencyGeneratePcm arm64 /var/folders/sk/1y78dckn1fbdyvwtdtdy76680000gn/T/nosfy-session-commit-s4q40rbr/DerivedBaseline/ModuleCache.noindex/ExtensionFoundation-9SSF44KGLL4CY5H6G6UM8F4FK.pcm

SwiftExplicitDependencyGeneratePcm arm64 /var/folders/sk/1y78dckn1fbdyvwtdtdy76680000gn/T/nosfy-session-commit-s4q40rbr/DerivedBaseline/ModuleCache.noindex/_Builtin_limits-220JBYH8WHFBT30WKT1JXU3N9.pcm

SwiftExplicitDependencyGeneratePcm arm64 /var/folders/sk/1y78dckn1fbdyvwtdtdy76680000gn/T/nosfy-session-commit-s4q40rbr/DerivedBaseline/ModuleCache.noindex/_DarwinFoundation2-2OFCHS7IBAA7FMCNWTYSLXJZK.pcm

AppIntentsSSUTraining (in target 'NosfyWidgets' from project 'Nosfy')
    cd /var/folders/sk/1y78dckn1fbdyvwtdtdy76680000gn/T/nosfy-session-commit-s4q40rbr/baseline
    /Applications/Xcode.app/Contents/Developer/Toolchains/XcodeDefault.xctoolchain/usr/bin/appintentsnltrainingprocessor --infoplist-path /var/folders/sk/1y78dckn1fbdyvwtdtdy76680000gn/T/nosfy-session-commit-s4q40rbr/DerivedBaseline/Build/Products/Debug-iphonesimulator/NosfyWidgets.appex/Info.plist --temp-dir-path /var/folders/sk/1y78dckn1fbdyvwtdtdy76680000gn/T/nosfy-session-commit-s4q40rbr/DerivedBaseline/Build/Intermediates.noindex/Nosfy.build/Debug-iphonesimulator/NosfyWidgets.build/ssu --bundle-id fr.kathryn.woop.WoopWidgets --product-path /var/folders/sk/1y78dckn1fbdyvwtdtdy76680000gn/T/nosfy-session-commit-s4q40rbr/DerivedBaseline/Build/Products/Debug-iphonesimulator/NosfyWidgets.appex --extracted-metadata-path /var/folders/sk/1y78dckn1fbdyvwtdtdy76680000gn/T/nosfy-session-commit-s4q40rbr/DerivedBaseline/Build/Products/Debug-iphonesimulator/NosfyWidgets.appex/Metadata.appintents --metadata-file-list /var/folders/sk/1y78dckn1fbdyvwtdtdy76680000gn/T/nosfy-session-commit-s4q40rbr/DerivedBaseline/Build/Intermediates.noindex/Nosfy.build/Debug-iphonesimulator/NosfyWidgets.build/NosfyWidgets.DependencyMetadataFileList --source-file /var/folders/sk/1y78dckn1fbdyvwtdtdy76680000gn/T/nosfy-session-commit-s4q40rbr/DerivedBaseline/Build/Products/Debug-iphonesimulator/NosfyWidgets.appex/Info.plist --archive-ssu-assets
2026-09-19 10:32:42.923 appintentsnltrainingprocessor[30273:20220638] Parsing options for appintentsnltrainingprocessor
2026-09-19 10:32:42.923 appintentsnltrainingprocessor[30273:20220638] Starting AppIntents SSU YAML Generation
2026-09-19 10:32:42.924 appintentsnltrainingprocessor[30273:20220638] No AppShortcuts found - Skipping.

RegisterExecutionPolicyException /var/folders/sk/1y78dckn1fbdyvwtdtdy76680000gn/T/nosfy-session-commit-s4q40rbr/DerivedBaseline/Build/Products/Debug-iphonesimulator/NosfyWidgets.appex (in target 'NosfyWidgets' from project 'Nosfy')
    cd /var/folders/sk/1y78dckn1fbdyvwtdtdy76680000gn/T/nosfy-session-commit-s4q40rbr/baseline
    builtin-RegisterExecutionPolicyException /var/folders/sk/1y78dckn1fbdyvwtdtdy76680000gn/T/nosfy-session-commit-s4q40rbr/DerivedBaseline/Build/Products/Debug-iphonesimulator/NosfyWidgets.appex

SwiftExplicitDependencyGeneratePcm arm64 /var/folders/sk/1y78dckn1fbdyvwtdtdy76680000gn/T/nosfy-session-commit-s4q40rbr/DerivedBaseline/ModuleCache.noindex/sys_types-ATVUI1WDEOET5SKK94H9ZRK5O.pcm

SwiftExplicitDependencyGeneratePcm arm64 /var/folders/sk/1y78dckn1fbdyvwtdtdy76680000gn/T/nosfy-session-commit-s4q40rbr/DerivedBaseline/ModuleCache.noindex/_Builtin_tgmath-9BKBN3L463NP0WSX4NS884GJ.pcm

SwiftExplicitDependencyGeneratePcm arm64 /var/folders/sk/1y78dckn1fbdyvwtdtdy76680000gn/T/nosfy-session-commit-s4q40rbr/DerivedBaseline/ModuleCache.noindex/_Builtin_stdint-575HAUQ2S5H25I986LRAZ9G4Z.pcm

Touch /var/folders/sk/1y78dckn1fbdyvwtdtdy76680000gn/T/nosfy-session-commit-s4q40rbr/DerivedBaseline/Build/Products/Debug-iphonesimulator/NosfyWidgets.appex (in target 'NosfyWidgets' from project 'Nosfy')
    cd /var/folders/sk/1y78dckn1fbdyvwtdtdy76680000gn/T/nosfy-session-commit-s4q40rbr/baseline
    /usr/bin/touch -c /var/folders/sk/1y78dckn1fbdyvwtdtdy76680000gn/T/nosfy-session-commit-s4q40rbr/DerivedBaseline/Build/Products/Debug-iphonesimulator/NosfyWidgets.appex

CpResource /var/folders/sk/1y78dckn1fbdyvwtdtdy76680000gn/T/nosfy-session-commit-s4q40rbr/DerivedBaseline/Build/Products/Debug-iphonesimulator/Nosfy.app/welcome-galet-premiere.mp4 /var/folders/sk/1y78dckn1fbdyvwtdtdy76680000gn/T/nosfy-session-commit-s4q40rbr/baseline/Nosfy/Media/welcome-galet-premiere.mp4 (in target 'Nosfy' from project 'Nosfy')
    cd /var/folders/sk/1y78dckn1fbdyvwtdtdy76680000gn/T/nosfy-session-commit-s4q40rbr/baseline
    builtin-copy -exclude .DS_Store -exclude CVS -exclude .svn -exclude .git -exclude .hg -resolve-src-symlinks /var/folders/sk/1y78dckn1fbdyvwtdtdy76680000gn/T/nosfy-session-commit-s4q40rbr/baseline/Nosfy/Media/welcome-galet-premiere.mp4 /var/folders/sk/1y78dckn1fbdyvwtdtdy76680000gn/T/nosfy-session-commit-s4q40rbr/DerivedBaseline/Build/Products/Debug-iphonesimulator/Nosfy.app

Ld /var/folders/sk/1y78dckn1fbdyvwtdtdy76680000gn/T/nosfy-session-commit-s4q40rbr/DerivedBaseline/Build/Products/Debug-iphonesimulator/Nosfy.app/__preview.dylib normal (in target 'Nosfy' from project 'Nosfy')
    cd /var/folders/sk/1y78dckn1fbdyvwtdtdy76680000gn/T/nosfy-session-commit-s4q40rbr/baseline
    /Applications/Xcode.app/Contents/Developer/Toolchains/XcodeDefault.xctoolchain/usr/bin/clang -Xlinker -reproducible -target arm64-apple-ios26.0-simulator -dynamiclib -isysroot /Applications/Xcode.app/Contents/Developer/Platforms/iPhoneSimulator.platform/Developer/SDKs/iPhoneSimulator26.5.sdk -O0 -L/var/folders/sk/1y78dckn1fbdyvwtdtdy76680000gn/T/nosfy-session-commit-s4q40rbr/DerivedBaseline/Build/Products/Debug-iphonesimulator -F/var/folders/sk/1y78dckn1fbdyvwtdtdy76680000gn/T/nosfy-session-commit-s4q40rbr/DerivedBaseline/Build/Products/Debug-iphonesimulator -install_name @rpath/Nosfy.debug.dylib -Xlinker -dead_strip -rdynamic -Xlinker -no_deduplicate -Xlinker -objc_abi_version -Xlinker 2 -Xlinker -dependency_info -Xlinker /var/folders/sk/1y78dckn1fbdyvwtdtdy76680000gn/T/nosfy-session-commit-s4q40rbr/DerivedBaseline/Build/Intermediates.noindex/Nosfy.build/Debug-iphonesimulator/Nosfy.build/Objects-normal/arm64/Nosfy_dependency_info.dat -o /var/folders/sk/1y78dckn1fbdyvwtdtdy76680000gn/T/nosfy-session-commit-s4q40rbr/DerivedBaseline/Build/Products/Debug-iphonesimulator/Nosfy.app/__preview.dylib

CpResource /var/folders/sk/1y78dckn1fbdyvwtdtdy76680000gn/T/nosfy-session-commit-s4q40rbr/DerivedBaseline/Build/Products/Debug-iphonesimulator/Nosfy.app/welcome-nosfy-premiere.mp4 /var/folders/sk/1y78dckn1fbdyvwtdtdy76680000gn/T/nosfy-session-commit-s4q40rbr/baseline/Nosfy/Media/welcome-nosfy-premiere.mp4 (in target 'Nosfy' from project 'Nosfy')
    cd /var/folders/sk/1y78dckn1fbdyvwtdtdy76680000gn/T/nosfy-session-commit-s4q40rbr/baseline
    builtin-copy -exclude .DS_Store -exclude CVS -exclude .svn -exclude .git -exclude .hg -resolve-src-symlinks /var/folders/sk/1y78dckn1fbdyvwtdtdy76680000gn/T/nosfy-session-commit-s4q40rbr/baseline/Nosfy/Media/welcome-nosfy-premiere.mp4 /var/folders/sk/1y78dckn1fbdyvwtdtdy76680000gn/T/nosfy-session-commit-s4q40rbr/DerivedBaseline/Build/Products/Debug-iphonesimulator/Nosfy.app

CpResource /var/folders/sk/1y78dckn1fbdyvwtdtdy76680000gn/T/nosfy-session-commit-s4q40rbr/DerivedBaseline/Build/Products/Debug-iphonesimulator/Nosfy.app/video_demon_3.mp4 /var/folders/sk/1y78dckn1fbdyvwtdtdy76680000gn/T/nosfy-session-commit-s4q40rbr/baseline/Nosfy/Media/video_demon_3.mp4 (in target 'Nosfy' from project 'Nosfy')
    cd /var/folders/sk/1y78dckn1fbdyvwtdtdy76680000gn/T/nosfy-session-commit-s4q40rbr/baseline
    builtin-copy -exclude .DS_Store -exclude CVS -exclude .svn -exclude .git -exclude .hg -resolve-src-symlinks /var/folders/sk/1y78dckn1fbdyvwtdtdy76680000gn/T/nosfy-session-commit-s4q40rbr/baseline/Nosfy/Media/video_demon_3.mp4 /var/folders/sk/1y78dckn1fbdyvwtdtdy76680000gn/T/nosfy-session-commit-s4q40rbr/DerivedBaseline/Build/Products/Debug-iphonesimulator/Nosfy.app

CpResource /var/folders/sk/1y78dckn1fbdyvwtdtdy76680000gn/T/nosfy-session-commit-s4q40rbr/DerivedBaseline/Build/Products/Debug-iphonesimulator/Nosfy.app/video_demon_2.mp4 /var/folders/sk/1y78dckn1fbdyvwtdtdy76680000gn/T/nosfy-session-commit-s4q40rbr/baseline/Nosfy/Media/video_demon_2.mp4 (in target 'Nosfy' from project 'Nosfy')
    cd /var/folders/sk/1y78dckn1fbdyvwtdtdy76680000gn/T/nosfy-session-commit-s4q40rbr/baseline
    builtin-copy -exclude .DS_Store -exclude CVS -exclude .svn -exclude .git -exclude .hg -resolve-src-symlinks /var/folders/sk/1y78dckn1fbdyvwtdtdy76680000gn/T/nosfy-session-commit-s4q40rbr/baseline/Nosfy/Media/video_demon_2.mp4 /var/folders/sk/1y78dckn1fbdyvwtdtdy76680000gn/T/nosfy-session-commit-s4q40rbr/DerivedBaseline/Build/Products/Debug-iphonesimulator/Nosfy.app

CpResource /var/folders/sk/1y78dckn1fbdyvwtdtdy76680000gn/T/nosfy-session-commit-s4q40rbr/DerivedBaseline/Build/Products/Debug-iphonesimulator/Nosfy.app/video_demon_1.mp4 /var/folders/sk/1y78dckn1fbdyvwtdtdy76680000gn/T/nosfy-session-commit-s4q40rbr/baseline/Nosfy/Media/video_demon_1.mp4 (in target 'Nosfy' from project 'Nosfy')
    cd /var/folders/sk/1y78dckn1fbdyvwtdtdy76680000gn/T/nosfy-session-commit-s4q40rbr/baseline
    builtin-copy -exclude .DS_Store -exclude CVS -exclude .svn -exclude .git -exclude .hg -resolve-src-symlinks /var/folders/sk/1y78dckn1fbdyvwtdtdy76680000gn/T/nosfy-session-commit-s4q40rbr/baseline/Nosfy/Media/video_demon_1.mp4 /var/folders/sk/1y78dckn1fbdyvwtdtdy76680000gn/T/nosfy-session-commit-s4q40rbr/DerivedBaseline/Build/Products/Debug-iphonesimulator/Nosfy.app

CpResource /var/folders/sk/1y78dckn1fbdyvwtdtdy76680000gn/T/nosfy-session-commit-s4q40rbr/DerivedBaseline/Build/Products/Debug-iphonesimulator/Nosfy.app/story-pilule-top.mp4 /var/folders/sk/1y78dckn1fbdyvwtdtdy76680000gn/T/nosfy-session-commit-s4q40rbr/baseline/Nosfy/Media/story-pilule-top.mp4 (in target 'Nosfy' from project 'Nosfy')
    cd /var/folders/sk/1y78dckn1fbdyvwtdtdy76680000gn/T/nosfy-session-commit-s4q40rbr/baseline
    builtin-copy -exclude .DS_Store -exclude CVS -exclude .svn -exclude .git -exclude .hg -resolve-src-symlinks /var/folders/sk/1y78dckn1fbdyvwtdtdy76680000gn/T/nosfy-session-commit-s4q40rbr/baseline/Nosfy/Media/story-pilule-top.mp4 /var/folders/sk/1y78dckn1fbdyvwtdtdy76680000gn/T/nosfy-session-commit-s4q40rbr/DerivedBaseline/Build/Products/Debug-iphonesimulator/Nosfy.app

CpResource /var/folders/sk/1y78dckn1fbdyvwtdtdy76680000gn/T/nosfy-session-commit-s4q40rbr/DerivedBaseline/Build/Products/Debug-iphonesimulator/Nosfy.app/story-pilule-droite.mp4 /var/folders/sk/1y78dckn1fbdyvwtdtdy76680000gn/T/nosfy-session-commit-s4q40rbr/baseline/Nosfy/Media/story-pilule-droite.mp4 (in target 'Nosfy' from project 'Nosfy')
    cd /var/folders/sk/1y78dckn1fbdyvwtdtdy76680000gn/T/nosfy-session-commit-s4q40rbr/baseline
    builtin-copy -exclude .DS_Store -exclude CVS -exclude .svn -exclude .git -exclude .hg -resolve-src-symlinks /var/folders/sk/1y78dckn1fbdyvwtdtdy76680000gn/T/nosfy-session-commit-s4q40rbr/baseline/Nosfy/Media/story-pilule-droite.mp4 /var/folders/sk/1y78dckn1fbdyvwtdtdy76680000gn/T/nosfy-session-commit-s4q40rbr/DerivedBaseline/Build/Products/Debug-iphonesimulator/Nosfy.app

CpResource /var/folders/sk/1y78dckn1fbdyvwtdtdy76680000gn/T/nosfy-session-commit-s4q40rbr/DerivedBaseline/Build/Products/Debug-iphonesimulator/Nosfy.app/story-macro-or.mp4 /var/folders/sk/1y78dckn1fbdyvwtdtdy76680000gn/T/nosfy-session-commit-s4q40rbr/baseline/Nosfy/Media/story-macro-or.mp4 (in target 'Nosfy' from project 'Nosfy')
    cd /var/folders/sk/1y78dckn1fbdyvwtdtdy76680000gn/T/nosfy-session-commit-s4q40rbr/baseline
    builtin-copy -exclude .DS_Store -exclude CVS -exclude .svn -exclude .git -exclude .hg -resolve-src-symlinks /var/folders/sk/1y78dckn1fbdyvwtdtdy76680000gn/T/nosfy-session-commit-s4q40rbr/baseline/Nosfy/Media/story-macro-or.mp4 /var/folders/sk/1y78dckn1fbdyvwtdtdy76680000gn/T/nosfy-session-commit-s4q40rbr/DerivedBaseline/Build/Products/Debug-iphonesimulator/Nosfy.app

CpResource /var/folders/sk/1y78dckn1fbdyvwtdtdy76680000gn/T/nosfy-session-commit-s4q40rbr/DerivedBaseline/Build/Products/Debug-iphonesimulator/Nosfy.app/story-macro-flanc.mp4 /var/folders/sk/1y78dckn1fbdyvwtdtdy76680000gn/T/nosfy-session-commit-s4q40rbr/baseline/Nosfy/Media/story-macro-flanc.mp4 (in target 'Nosfy' from project 'Nosfy')
    cd /var/folders/sk/1y78dckn1fbdyvwtdtdy76680000gn/T/nosfy-session-commit-s4q40rbr/baseline
    builtin-copy -exclude .DS_Store -exclude CVS -exclude .svn -exclude .git -exclude .hg -resolve-src-symlinks /var/folders/sk/1y78dckn1fbdyvwtdtdy76680000gn/T/nosfy-session-commit-s4q40rbr/baseline/Nosfy/Media/story-macro-flanc.mp4 /var/folders/sk/1y78dckn1fbdyvwtdtdy76680000gn/T/nosfy-session-commit-s4q40rbr/DerivedBaseline/Build/Products/Debug-iphonesimulator/Nosfy.app

CpResource /var/folders/sk/1y78dckn1fbdyvwtdtdy76680000gn/T/nosfy-session-commit-s4q40rbr/DerivedBaseline/Build/Products/Debug-iphonesimulator/Nosfy.app/story-macro-bas.mp4 /var/folders/sk/1y78dckn1fbdyvwtdtdy76680000gn/T/nosfy-session-commit-s4q40rbr/baseline/Nosfy/Media/story-macro-bas.mp4 (in target 'Nosfy' from project 'Nosfy')
    cd /var/folders/sk/1y78dckn1fbdyvwtdtdy76680000gn/T/nosfy-session-commit-s4q40rbr/baseline
    builtin-copy -exclude .DS_Store -exclude CVS -exclude .svn -exclude .git -exclude .hg -resolve-src-symlinks /var/folders/sk/1y78dckn1fbdyvwtdtdy76680000gn/T/nosfy-session-commit-s4q40rbr/baseline/Nosfy/Media/story-macro-bas.mp4 /var/folders/sk/1y78dckn1fbdyvwtdtdy76680000gn/T/nosfy-session-commit-s4q40rbr/DerivedBaseline/Build/Products/Debug-iphonesimulator/Nosfy.app

CpResource /var/folders/sk/1y78dckn1fbdyvwtdtdy76680000gn/T/nosfy-session-commit-s4q40rbr/DerivedBaseline/Build/Products/Debug-iphonesimulator/Nosfy.app/story-ended-verre-b.mp4 /var/folders/sk/1y78dckn1fbdyvwtdtdy76680000gn/T/nosfy-session-commit-s4q40rbr/baseline/Nosfy/Media/story-ended-verre-b.mp4 (in target 'Nosfy' from project 'Nosfy')
    cd /var/folders/sk/1y78dckn1fbdyvwtdtdy76680000gn/T/nosfy-session-commit-s4q40rbr/baseline
    builtin-copy -exclude .DS_Store -exclude CVS -exclude .svn -exclude .git -exclude .hg -resolve-src-symlinks /var/folders/sk/1y78dckn1fbdyvwtdtdy76680000gn/T/nosfy-session-commit-s4q40rbr/baseline/Nosfy/Media/story-ended-verre-b.mp4 /var/folders/sk/1y78dckn1fbdyvwtdtdy76680000gn/T/nosfy-session-commit-s4q40rbr/DerivedBaseline/Build/Products/Debug-iphonesimulator/Nosfy.app

CpResource /var/folders/sk/1y78dckn1fbdyvwtdtdy76680000gn/T/nosfy-session-commit-s4q40rbr/DerivedBaseline/Build/Products/Debug-iphonesimulator/Nosfy.app/story-ended-verre-a.mp4 /var/folders/sk/1y78dckn1fbdyvwtdtdy76680000gn/T/nosfy-session-commit-s4q40rbr/baseline/Nosfy/Media/story-ended-verre-a.mp4 (in target 'Nosfy' from project 'Nosfy')
    cd /var/folders/sk/1y78dckn1fbdyvwtdtdy76680000gn/T/nosfy-session-commit-s4q40rbr/baseline
    builtin-copy -exclude .DS_Store -exclude CVS -exclude .svn -exclude .git -exclude .hg -resolve-src-symlinks /var/folders/sk/1y78dckn1fbdyvwtdtdy76680000gn/T/nosfy-session-commit-s4q40rbr/baseline/Nosfy/Media/story-ended-verre-a.mp4 /var/folders/sk/1y78dckn1fbdyvwtdtdy76680000gn/T/nosfy-session-commit-s4q40rbr/DerivedBaseline/Build/Products/Debug-iphonesimulator/Nosfy.app

CpResource /var/folders/sk/1y78dckn1fbdyvwtdtdy76680000gn/T/nosfy-session-commit-s4q40rbr/DerivedBaseline/Build/Products/Debug-iphonesimulator/Nosfy.app/story-eclair-loop.mp4 /var/folders/sk/1y78dckn1fbdyvwtdtdy76680000gn/T/nosfy-session-commit-s4q40rbr/baseline/Nosfy/Media/story-eclair-loop.mp4 (in target 'Nosfy' from project 'Nosfy')
    cd /var/folders/sk/1y78dckn1fbdyvwtdtdy76680000gn/T/nosfy-session-commit-s4q40rbr/baseline
    builtin-copy -exclude .DS_Store -exclude CVS -exclude .svn -exclude .git -exclude .hg -resolve-src-symlinks /var/folders/sk/1y78dckn1fbdyvwtdtdy76680000gn/T/nosfy-session-commit-s4q40rbr/baseline/Nosfy/Media/story-eclair-loop.mp4 /var/folders/sk/1y78dckn1fbdyvwtdtdy76680000gn/T/nosfy-session-commit-s4q40rbr/DerivedBaseline/Build/Products/Debug-iphonesimulator/Nosfy.app

CpResource /var/folders/sk/1y78dckn1fbdyvwtdtdy76680000gn/T/nosfy-session-commit-s4q40rbr/DerivedBaseline/Build/Products/Debug-iphonesimulator/Nosfy.app/story-booster-noir.mp4 /var/folders/sk/1y78dckn1fbdyvwtdtdy76680000gn/T/nosfy-session-commit-s4q40rbr/baseline/Nosfy/Media/story-booster-noir.mp4 (in target 'Nosfy' from project 'Nosfy')
    cd /var/folders/sk/1y78dckn1fbdyvwtdtdy76680000gn/T/nosfy-session-commit-s4q40rbr/baseline
    builtin-copy -exclude .DS_Store -exclude CVS -exclude .svn -exclude .git -exclude .hg -resolve-src-symlinks /var/folders/sk/1y78dckn1fbdyvwtdtdy76680000gn/T/nosfy-session-commit-s4q40rbr/baseline/Nosfy/Media/story-booster-noir.mp4 /var/folders/sk/1y78dckn1fbdyvwtdtdy76680000gn/T/nosfy-session-commit-s4q40rbr/DerivedBaseline/Build/Products/Debug-iphonesimulator/Nosfy.app

SwiftExplicitDependencyGeneratePcm arm64 /var/folders/sk/1y78dckn1fbdyvwtdtdy76680000gn/T/nosfy-session-commit-s4q40rbr/DerivedBaseline/ModuleCache.noindex/_DarwinFoundation3-13GUV8FGNSTDH535WG353115O.pcm

SwiftExplicitDependencyGeneratePcm arm64 /var/folders/sk/1y78dckn1fbdyvwtdtdy76680000gn/T/nosfy-session-commit-s4q40rbr/DerivedBaseline/ModuleCache.noindex/_Builtin_stdatomic-7BFF30Q4L3ER36WPR4CH7JEY0.pcm

SwiftExplicitDependencyGeneratePcm arm64 /var/folders/sk/1y78dckn1fbdyvwtdtdy76680000gn/T/nosfy-session-commit-s4q40rbr/DerivedBaseline/ModuleCache.noindex/_Builtin_intrinsics-5OGCJK89TJJAG9BW6HQEIOZGV.pcm

CpResource /var/folders/sk/1y78dckn1fbdyvwtdtdy76680000gn/T/nosfy-session-commit-s4q40rbr/DerivedBaseline/Build/Products/Debug-iphonesimulator/Nosfy.app/story-booster-lune.mp4 /var/folders/sk/1y78dckn1fbdyvwtdtdy76680000gn/T/nosfy-session-commit-s4q40rbr/baseline/Nosfy/Media/story-booster-lune.mp4 (in target 'Nosfy' from project 'Nosfy')
    cd /var/folders/sk/1y78dckn1fbdyvwtdtdy76680000gn/T/nosfy-session-commit-s4q40rbr/baseline
    builtin-copy -exclude .DS_Store -exclude CVS -exclude .svn -exclude .git -exclude .hg -resolve-src-symlinks /var/folders/sk/1y78dckn1fbdyvwtdtdy76680000gn/T/nosfy-session-commit-s4q40rbr/baseline/Nosfy/Media/story-booster-lune.mp4 /var/folders/sk/1y78dckn1fbdyvwtdtdy76680000gn/T/nosfy-session-commit-s4q40rbr/DerivedBaseline/Build/Products/Debug-iphonesimulator/Nosfy.app

CpResource /var/folders/sk/1y78dckn1fbdyvwtdtdy76680000gn/T/nosfy-session-commit-s4q40rbr/DerivedBaseline/Build/Products/Debug-iphonesimulator/Nosfy.app/stop-bat-loop.mp4 /var/folders/sk/1y78dckn1fbdyvwtdtdy76680000gn/T/nosfy-session-commit-s4q40rbr/baseline/Nosfy/Media/stop-bat-loop.mp4 (in target 'Nosfy' from project 'Nosfy')
    cd /var/folders/sk/1y78dckn1fbdyvwtdtdy76680000gn/T/nosfy-session-commit-s4q40rbr/baseline
    builtin-copy -exclude .DS_Store -exclude CVS -exclude .svn -exclude .git -exclude .hg -resolve-src-symlinks /var/folders/sk/1y78dckn1fbdyvwtdtdy76680000gn/T/nosfy-session-commit-s4q40rbr/baseline/Nosfy/Media/stop-bat-loop.mp4 /var/folders/sk/1y78dckn1fbdyvwtdtdy76680000gn/T/nosfy-session-commit-s4q40rbr/DerivedBaseline/Build/Products/Debug-iphonesimulator/Nosfy.app

CpResource /var/folders/sk/1y78dckn1fbdyvwtdtdy76680000gn/T/nosfy-session-commit-s4q40rbr/DerivedBaseline/Build/Products/Debug-iphonesimulator/Nosfy.app/start-entrainement-loop.mp4 /var/folders/sk/1y78dckn1fbdyvwtdtdy76680000gn/T/nosfy-session-commit-s4q40rbr/baseline/Nosfy/Media/start-entrainement-loop.mp4 (in target 'Nosfy' from project 'Nosfy')
    cd /var/folders/sk/1y78dckn1fbdyvwtdtdy76680000gn/T/nosfy-session-commit-s4q40rbr/baseline
    builtin-copy -exclude .DS_Store -exclude CVS -exclude .svn -exclude .git -exclude .hg -resolve-src-symlinks /var/folders/sk/1y78dckn1fbdyvwtdtdy76680000gn/T/nosfy-session-commit-s4q40rbr/baseline/Nosfy/Media/start-entrainement-loop.mp4 /var/folders/sk/1y78dckn1fbdyvwtdtdy76680000gn/T/nosfy-session-commit-s4q40rbr/DerivedBaseline/Build/Products/Debug-iphonesimulator/Nosfy.app

CpResource /var/folders/sk/1y78dckn1fbdyvwtdtdy76680000gn/T/nosfy-session-commit-s4q40rbr/DerivedBaseline/Build/Products/Debug-iphonesimulator/Nosfy.app/sacre-noir.caf /var/folders/sk/1y78dckn1fbdyvwtdtdy76680000gn/T/nosfy-session-commit-s4q40rbr/baseline/Nosfy/Media/sacre-noir.caf (in target 'Nosfy' from project 'Nosfy')
    cd /var/folders/sk/1y78dckn1fbdyvwtdtdy76680000gn/T/nosfy-session-commit-s4q40rbr/baseline
    builtin-copy -exclude .DS_Store -exclude CVS -exclude .svn -exclude .git -exclude .hg -resolve-src-symlinks /var/folders/sk/1y78dckn1fbdyvwtdtdy76680000gn/T/nosfy-session-commit-s4q40rbr/baseline/Nosfy/Media/sacre-noir.caf /var/folders/sk/1y78dckn1fbdyvwtdtdy76680000gn/T/nosfy-session-commit-s4q40rbr/DerivedBaseline/Build/Products/Debug-iphonesimulator/Nosfy.app

CpResource /var/folders/sk/1y78dckn1fbdyvwtdtdy76680000gn/T/nosfy-session-commit-s4q40rbr/DerivedBaseline/Build/Products/Debug-iphonesimulator/Nosfy.app/sacre-lune.caf /var/folders/sk/1y78dckn1fbdyvwtdtdy76680000gn/T/nosfy-session-commit-s4q40rbr/baseline/Nosfy/Media/sacre-lune.caf (in target 'Nosfy' from project 'Nosfy')
    cd /var/folders/sk/1y78dckn1fbdyvwtdtdy76680000gn/T/nosfy-session-commit-s4q40rbr/baseline
    builtin-copy -exclude .DS_Store -exclude CVS -exclude .svn -exclude .git -exclude .hg -resolve-src-symlinks /var/folders/sk/1y78dckn1fbdyvwtdtdy76680000gn/T/nosfy-session-commit-s4q40rbr/baseline/Nosfy/Media/sacre-lune.caf /var/folders/sk/1y78dckn1fbdyvwtdtdy76680000gn/T/nosfy-session-commit-s4q40rbr/DerivedBaseline/Build/Products/Debug-iphonesimulator/Nosfy.app

CpResource /var/folders/sk/1y78dckn1fbdyvwtdtdy76680000gn/T/nosfy-session-commit-s4q40rbr/DerivedBaseline/Build/Products/Debug-iphonesimulator/Nosfy.app/sacre-legendaire.caf /var/folders/sk/1y78dckn1fbdyvwtdtdy76680000gn/T/nosfy-session-commit-s4q40rbr/baseline/Nosfy/Media/sacre-legendaire.caf (in target 'Nosfy' from project 'Nosfy')
    cd /var/folders/sk/1y78dckn1fbdyvwtdtdy76680000gn/T/nosfy-session-commit-s4q40rbr/baseline
    builtin-copy -exclude .DS_Store -exclude CVS -exclude .svn -exclude .git -exclude .hg -resolve-src-symlinks /var/folders/sk/1y78dckn1fbdyvwtdtdy76680000gn/T/nosfy-session-commit-s4q40rbr/baseline/Nosfy/Media/sacre-legendaire.caf /var/folders/sk/1y78dckn1fbdyvwtdtdy76680000gn/T/nosfy-session-commit-s4q40rbr/DerivedBaseline/Build/Products/Debug-iphonesimulator/Nosfy.app

CpResource /var/folders/sk/1y78dckn1fbdyvwtdtdy76680000gn/T/nosfy-session-commit-s4q40rbr/DerivedBaseline/Build/Products/Debug-iphonesimulator/Nosfy.app/sacre-epique.caf /var/folders/sk/1y78dckn1fbdyvwtdtdy76680000gn/T/nosfy-session-commit-s4q40rbr/baseline/Nosfy/Media/sacre-epique.caf (in target 'Nosfy' from project 'Nosfy')
    cd /var/folders/sk/1y78dckn1fbdyvwtdtdy76680000gn/T/nosfy-session-commit-s4q40rbr/baseline
    builtin-copy -exclude .DS_Store -exclude CVS -exclude .svn -exclude .git -exclude .hg -resolve-src-symlinks /var/folders/sk/1y78dckn1fbdyvwtdtdy76680000gn/T/nosfy-session-commit-s4q40rbr/baseline/Nosfy/Media/sacre-epique.caf /var/folders/sk/1y78dckn1fbdyvwtdtdy76680000gn/T/nosfy-session-commit-s4q40rbr/DerivedBaseline/Build/Products/Debug-iphonesimulator/Nosfy.app

CpResource /var/folders/sk/1y78dckn1fbdyvwtdtdy76680000gn/T/nosfy-session-commit-s4q40rbr/DerivedBaseline/Build/Products/Debug-iphonesimulator/Nosfy.app/sacre-commune.caf /var/folders/sk/1y78dckn1fbdyvwtdtdy76680000gn/T/nosfy-session-commit-s4q40rbr/baseline/Nosfy/Media/sacre-commune.caf (in target 'Nosfy' from project 'Nosfy')
    cd /var/folders/sk/1y78dckn1fbdyvwtdtdy76680000gn/T/nosfy-session-commit-s4q40rbr/baseline
    builtin-copy -exclude .DS_Store -exclude CVS -exclude .svn -exclude .git -exclude .hg -resolve-src-symlinks /var/folders/sk/1y78dckn1fbdyvwtdtdy76680000gn/T/nosfy-session-commit-s4q40rbr/baseline/Nosfy/Media/sacre-commune.caf /var/folders/sk/1y78dckn1fbdyvwtdtdy76680000gn/T/nosfy-session-commit-s4q40rbr/DerivedBaseline/Build/Products/Debug-iphonesimulator/Nosfy.app

CpResource /var/folders/sk/1y78dckn1fbdyvwtdtdy76680000gn/T/nosfy-session-commit-s4q40rbr/DerivedBaseline/Build/Products/Debug-iphonesimulator/Nosfy.app/reward-welcome.mp4 /var/folders/sk/1y78dckn1fbdyvwtdtdy76680000gn/T/nosfy-session-commit-s4q40rbr/baseline/Nosfy/Media/reward-welcome.mp4 (in target 'Nosfy' from project 'Nosfy')
    cd /var/folders/sk/1y78dckn1fbdyvwtdtdy76680000gn/T/nosfy-session-commit-s4q40rbr/baseline
    builtin-copy -exclude .DS_Store -exclude CVS -exclude .svn -exclude .git -exclude .hg -resolve-src-symlinks /var/folders/sk/1y78dckn1fbdyvwtdtdy76680000gn/T/nosfy-session-commit-s4q40rbr/baseline/Nosfy/Media/reward-welcome.mp4 /var/folders/sk/1y78dckn1fbdyvwtdtdy76680000gn/T/nosfy-session-commit-s4q40rbr/DerivedBaseline/Build/Products/Debug-iphonesimulator/Nosfy.app

CpResource /var/folders/sk/1y78dckn1fbdyvwtdtdy76680000gn/T/nosfy-session-commit-s4q40rbr/DerivedBaseline/Build/Products/Debug-iphonesimulator/Nosfy.app/reward-welcome-loop.mp4 /var/folders/sk/1y78dckn1fbdyvwtdtdy76680000gn/T/nosfy-session-commit-s4q40rbr/baseline/Nosfy/Media/reward-welcome-loop.mp4 (in target 'Nosfy' from project 'Nosfy')
    cd /var/folders/sk/1y78dckn1fbdyvwtdtdy76680000gn/T/nosfy-session-commit-s4q40rbr/baseline
    builtin-copy -exclude .DS_Store -exclude CVS -exclude .svn -exclude .git -exclude .hg -resolve-src-symlinks /var/folders/sk/1y78dckn1fbdyvwtdtdy76680000gn/T/nosfy-session-commit-s4q40rbr/baseline/Nosfy/Media/reward-welcome-loop.mp4 /var/folders/sk/1y78dckn1fbdyvwtdtdy76680000gn/T/nosfy-session-commit-s4q40rbr/DerivedBaseline/Build/Products/Debug-iphonesimulator/Nosfy.app

CpResource /var/folders/sk/1y78dckn1fbdyvwtdtdy76680000gn/T/nosfy-session-commit-s4q40rbr/DerivedBaseline/Build/Products/Debug-iphonesimulator/Nosfy.app/reward-rare.mp4 /var/folders/sk/1y78dckn1fbdyvwtdtdy76680000gn/T/nosfy-session-commit-s4q40rbr/baseline/Nosfy/Media/reward-rare.mp4 (in target 'Nosfy' from project 'Nosfy')
    cd /var/folders/sk/1y78dckn1fbdyvwtdtdy76680000gn/T/nosfy-session-commit-s4q40rbr/baseline
    builtin-copy -exclude .DS_Store -exclude CVS -exclude .svn -exclude .git -exclude .hg -resolve-src-symlinks /var/folders/sk/1y78dckn1fbdyvwtdtdy76680000gn/T/nosfy-session-commit-s4q40rbr/baseline/Nosfy/Media/reward-rare.mp4 /var/folders/sk/1y78dckn1fbdyvwtdtdy76680000gn/T/nosfy-session-commit-s4q40rbr/DerivedBaseline/Build/Products/Debug-iphonesimulator/Nosfy.app

CpResource /var/folders/sk/1y78dckn1fbdyvwtdtdy76680000gn/T/nosfy-session-commit-s4q40rbr/DerivedBaseline/Build/Products/Debug-iphonesimulator/Nosfy.app/reward-piece-5.mp4 /var/folders/sk/1y78dckn1fbdyvwtdtdy76680000gn/T/nosfy-session-commit-s4q40rbr/baseline/Nosfy/Media/reward-piece-5.mp4 (in target 'Nosfy' from project 'Nosfy')
    cd /var/folders/sk/1y78dckn1fbdyvwtdtdy76680000gn/T/nosfy-session-commit-s4q40rbr/baseline
    builtin-copy -exclude .DS_Store -exclude CVS -exclude .svn -exclude .git -exclude .hg -resolve-src-symlinks /var/folders/sk/1y78dckn1fbdyvwtdtdy76680000gn/T/nosfy-session-commit-s4q40rbr/baseline/Nosfy/Media/reward-piece-5.mp4 /var/folders/sk/1y78dckn1fbdyvwtdtdy76680000gn/T/nosfy-session-commit-s4q40rbr/DerivedBaseline/Build/Products/Debug-iphonesimulator/Nosfy.app

CpResource /var/folders/sk/1y78dckn1fbdyvwtdtdy76680000gn/T/nosfy-session-commit-s4q40rbr/DerivedBaseline/Build/Products/Debug-iphonesimulator/Nosfy.app/reward-piece-4.mp4 /var/folders/sk/1y78dckn1fbdyvwtdtdy76680000gn/T/nosfy-session-commit-s4q40rbr/baseline/Nosfy/Media/reward-piece-4.mp4 (in target 'Nosfy' from project 'Nosfy')
    cd /var/folders/sk/1y78dckn1fbdyvwtdtdy76680000gn/T/nosfy-session-commit-s4q40rbr/baseline
    builtin-copy -exclude .DS_Store -exclude CVS -exclude .svn -exclude .git -exclude .hg -resolve-src-symlinks /var/folders/sk/1y78dckn1fbdyvwtdtdy76680000gn/T/nosfy-session-commit-s4q40rbr/baseline/Nosfy/Media/reward-piece-4.mp4 /var/folders/sk/1y78dckn1fbdyvwtdtdy76680000gn/T/nosfy-session-commit-s4q40rbr/DerivedBaseline/Build/Products/Debug-iphonesimulator/Nosfy.app

CpResource /var/folders/sk/1y78dckn1fbdyvwtdtdy76680000gn/T/nosfy-session-commit-s4q40rbr/DerivedBaseline/Build/Products/Debug-iphonesimulator/Nosfy.app/reward-piece-3.mp4 /var/folders/sk/1y78dckn1fbdyvwtdtdy76680000gn/T/nosfy-session-commit-s4q40rbr/baseline/Nosfy/Media/reward-piece-3.mp4 (in target 'Nosfy' from project 'Nosfy')
    cd /var/folders/sk/1y78dckn1fbdyvwtdtdy76680000gn/T/nosfy-session-commit-s4q40rbr/baseline
    builtin-copy -exclude .DS_Store -exclude CVS -exclude .svn -exclude .git -exclude .hg -resolve-src-symlinks /var/folders/sk/1y78dckn1fbdyvwtdtdy76680000gn/T/nosfy-session-commit-s4q40rbr/baseline/Nosfy/Media/reward-piece-3.mp4 /var/folders/sk/1y78dckn1fbdyvwtdtdy76680000gn/T/nosfy-session-commit-s4q40rbr/DerivedBaseline/Build/Products/Debug-iphonesimulator/Nosfy.app

CpResource /var/folders/sk/1y78dckn1fbdyvwtdtdy76680000gn/T/nosfy-session-commit-s4q40rbr/DerivedBaseline/Build/Products/Debug-iphonesimulator/Nosfy.app/reward-piece-2.mp4 /var/folders/sk/1y78dckn1fbdyvwtdtdy76680000gn/T/nosfy-session-commit-s4q40rbr/baseline/Nosfy/Media/reward-piece-2.mp4 (in target 'Nosfy' from project 'Nosfy')
    cd /var/folders/sk/1y78dckn1fbdyvwtdtdy76680000gn/T/nosfy-session-commit-s4q40rbr/baseline
    builtin-copy -exclude .DS_Store -exclude CVS -exclude .svn -exclude .git -exclude .hg -resolve-src-symlinks /var/folders/sk/1y78dckn1fbdyvwtdtdy76680000gn/T/nosfy-session-commit-s4q40rbr/baseline/Nosfy/Media/reward-piece-2.mp4 /var/folders/sk/1y78dckn1fbdyvwtdtdy76680000gn/T/nosfy-session-commit-s4q40rbr/DerivedBaseline/Build/Products/Debug-iphonesimulator/Nosfy.app

CpResource /var/folders/sk/1y78dckn1fbdyvwtdtdy76680000gn/T/nosfy-session-commit-s4q40rbr/DerivedBaseline/Build/Products/Debug-iphonesimulator/Nosfy.app/reward-piece-1.mp4 /var/folders/sk/1y78dckn1fbdyvwtdtdy76680000gn/T/nosfy-session-commit-s4q40rbr/baseline/Nosfy/Media/reward-piece-1.mp4 (in target 'Nosfy' from project 'Nosfy')
    cd /var/folders/sk/1y78dckn1fbdyvwtdtdy76680000gn/T/nosfy-session-commit-s4q40rbr/baseline
    builtin-copy -exclude .DS_Store -exclude CVS -exclude .svn -exclude .git -exclude .hg -resolve-src-symlinks /var/folders/sk/1y78dckn1fbdyvwtdtdy76680000gn/T/nosfy-session-commit-s4q40rbr/baseline/Nosfy/Media/reward-piece-1.mp4 /var/folders/sk/1y78dckn1fbdyvwtdtdy76680000gn/T/nosfy-session-commit-s4q40rbr/DerivedBaseline/Build/Products/Debug-iphonesimulator/Nosfy.app

CpResource /var/folders/sk/1y78dckn1fbdyvwtdtdy76680000gn/T/nosfy-session-commit-s4q40rbr/DerivedBaseline/Build/Products/Debug-iphonesimulator/Nosfy.app/reward-nosfy-coins.mp4 /var/folders/sk/1y78dckn1fbdyvwtdtdy76680000gn/T/nosfy-session-commit-s4q40rbr/baseline/Nosfy/Media/reward-nosfy-coins.mp4 (in target 'Nosfy' from project 'Nosfy')
    cd /var/folders/sk/1y78dckn1fbdyvwtdtdy76680000gn/T/nosfy-session-commit-s4q40rbr/baseline
    builtin-copy -exclude .DS_Store -exclude CVS -exclude .svn -exclude .git -exclude .hg -resolve-src-symlinks /var/folders/sk/1y78dckn1fbdyvwtdtdy76680000gn/T/nosfy-session-commit-s4q40rbr/baseline/Nosfy/Media/reward-nosfy-coins.mp4 /var/folders/sk/1y78dckn1fbdyvwtdtdy76680000gn/T/nosfy-session-commit-s4q40rbr/DerivedBaseline/Build/Products/Debug-iphonesimulator/Nosfy.app

CpResource /var/folders/sk/1y78dckn1fbdyvwtdtdy76680000gn/T/nosfy-session-commit-s4q40rbr/DerivedBaseline/Build/Products/Debug-iphonesimulator/Nosfy.app/reward-lune.mp4 /var/folders/sk/1y78dckn1fbdyvwtdtdy76680000gn/T/nosfy-session-commit-s4q40rbr/baseline/Nosfy/Media/reward-lune.mp4 (in target 'Nosfy' from project 'Nosfy')
    cd /var/folders/sk/1y78dckn1fbdyvwtdtdy76680000gn/T/nosfy-session-commit-s4q40rbr/baseline
    builtin-copy -exclude .DS_Store -exclude CVS -exclude .svn -exclude .git -exclude .hg -resolve-src-symlinks /var/folders/sk/1y78dckn1fbdyvwtdtdy76680000gn/T/nosfy-session-commit-s4q40rbr/baseline/Nosfy/Media/reward-lune.mp4 /var/folders/sk/1y78dckn1fbdyvwtdtdy76680000gn/T/nosfy-session-commit-s4q40rbr/DerivedBaseline/Build/Products/Debug-iphonesimulator/Nosfy.app

CpResource /var/folders/sk/1y78dckn1fbdyvwtdtdy76680000gn/T/nosfy-session-commit-s4q40rbr/DerivedBaseline/Build/Products/Debug-iphonesimulator/Nosfy.app/reward-fire.mp4 /var/folders/sk/1y78dckn1fbdyvwtdtdy76680000gn/T/nosfy-session-commit-s4q40rbr/baseline/Nosfy/Media/reward-fire.mp4 (in target 'Nosfy' from project 'Nosfy')
    cd /var/folders/sk/1y78dckn1fbdyvwtdtdy76680000gn/T/nosfy-session-commit-s4q40rbr/baseline
    builtin-copy -exclude .DS_Store -exclude CVS -exclude .svn -exclude .git -exclude .hg -resolve-src-symlinks /var/folders/sk/1y78dckn1fbdyvwtdtdy76680000gn/T/nosfy-session-commit-s4q40rbr/baseline/Nosfy/Media/reward-fire.mp4 /var/folders/sk/1y78dckn1fbdyvwtdtdy76680000gn/T/nosfy-session-commit-s4q40rbr/DerivedBaseline/Build/Products/Debug-iphonesimulator/Nosfy.app

CpResource /var/folders/sk/1y78dckn1fbdyvwtdtdy76680000gn/T/nosfy-session-commit-s4q40rbr/DerivedBaseline/Build/Products/Debug-iphonesimulator/Nosfy.app/piece-sol.mp4 /var/folders/sk/1y78dckn1fbdyvwtdtdy76680000gn/T/nosfy-session-commit-s4q40rbr/baseline/Nosfy/Media/piece-sol.mp4 (in target 'Nosfy' from project 'Nosfy')
    cd /var/folders/sk/1y78dckn1fbdyvwtdtdy76680000gn/T/nosfy-session-commit-s4q40rbr/baseline
    builtin-copy -exclude .DS_Store -exclude CVS -exclude .svn -exclude .git -exclude .hg -resolve-src-symlinks /var/folders/sk/1y78dckn1fbdyvwtdtdy76680000gn/T/nosfy-session-commit-s4q40rbr/baseline/Nosfy/Media/piece-sol.mp4 /var/folders/sk/1y78dckn1fbdyvwtdtdy76680000gn/T/nosfy-session-commit-s4q40rbr/DerivedBaseline/Build/Products/Debug-iphonesimulator/Nosfy.app

CpResource /var/folders/sk/1y78dckn1fbdyvwtdtdy76680000gn/T/nosfy-session-commit-s4q40rbr/DerivedBaseline/Build/Products/Debug-iphonesimulator/Nosfy.app/piece-bravo.mp4 /var/folders/sk/1y78dckn1fbdyvwtdtdy76680000gn/T/nosfy-session-commit-s4q40rbr/baseline/Nosfy/Media/piece-bravo.mp4 (in target 'Nosfy' from project 'Nosfy')
    cd /var/folders/sk/1y78dckn1fbdyvwtdtdy76680000gn/T/nosfy-session-commit-s4q40rbr/baseline
    builtin-copy -exclude .DS_Store -exclude CVS -exclude .svn -exclude .git -exclude .hg -resolve-src-symlinks /var/folders/sk/1y78dckn1fbdyvwtdtdy76680000gn/T/nosfy-session-commit-s4q40rbr/baseline/Nosfy/Media/piece-bravo.mp4 /var/folders/sk/1y78dckn1fbdyvwtdtdy76680000gn/T/nosfy-session-commit-s4q40rbr/DerivedBaseline/Build/Products/Debug-iphonesimulator/Nosfy.app

CpResource /var/folders/sk/1y78dckn1fbdyvwtdtdy76680000gn/T/nosfy-session-commit-s4q40rbr/DerivedBaseline/Build/Products/Debug-iphonesimulator/Nosfy.app/piece-bravo-loop.mp4 /var/folders/sk/1y78dckn1fbdyvwtdtdy76680000gn/T/nosfy-session-commit-s4q40rbr/baseline/Nosfy/Media/piece-bravo-loop.mp4 (in target 'Nosfy' from project 'Nosfy')
    cd /var/folders/sk/1y78dckn1fbdyvwtdtdy76680000gn/T/nosfy-session-commit-s4q40rbr/baseline
    builtin-copy -exclude .DS_Store -exclude CVS -exclude .svn -exclude .git -exclude .hg -resolve-src-symlinks /var/folders/sk/1y78dckn1fbdyvwtdtdy76680000gn/T/nosfy-session-commit-s4q40rbr/baseline/Nosfy/Media/piece-bravo-loop.mp4 /var/folders/sk/1y78dckn1fbdyvwtdtdy76680000gn/T/nosfy-session-commit-s4q40rbr/DerivedBaseline/Build/Products/Debug-iphonesimulator/Nosfy.app

CpResource /var/folders/sk/1y78dckn1fbdyvwtdtdy76680000gn/T/nosfy-session-commit-s4q40rbr/DerivedBaseline/Build/Products/Debug-iphonesimulator/Nosfy.app/pause-overlay-loop.mp4 /var/folders/sk/1y78dckn1fbdyvwtdtdy76680000gn/T/nosfy-session-commit-s4q40rbr/baseline/Nosfy/Media/pause-overlay-loop.mp4 (in target 'Nosfy' from project 'Nosfy')
    cd /var/folders/sk/1y78dckn1fbdyvwtdtdy76680000gn/T/nosfy-session-commit-s4q40rbr/baseline
    builtin-copy -exclude .DS_Store -exclude CVS -exclude .svn -exclude .git -exclude .hg -resolve-src-symlinks /var/folders/sk/1y78dckn1fbdyvwtdtdy76680000gn/T/nosfy-session-commit-s4q40rbr/baseline/Nosfy/Media/pause-overlay-loop.mp4 /var/folders/sk/1y78dckn1fbdyvwtdtdy76680000gn/T/nosfy-session-commit-s4q40rbr/DerivedBaseline/Build/Products/Debug-iphonesimulator/Nosfy.app

CpResource /var/folders/sk/1y78dckn1fbdyvwtdtdy76680000gn/T/nosfy-session-commit-s4q40rbr/DerivedBaseline/Build/Products/Debug-iphonesimulator/Nosfy.app/onb-track-loop.mp4 /var/folders/sk/1y78dckn1fbdyvwtdtdy76680000gn/T/nosfy-session-commit-s4q40rbr/baseline/Nosfy/Media/onb-track-loop.mp4 (in target 'Nosfy' from project 'Nosfy')
    cd /var/folders/sk/1y78dckn1fbdyvwtdtdy76680000gn/T/nosfy-session-commit-s4q40rbr/baseline
    builtin-copy -exclude .DS_Store -exclude CVS -exclude .svn -exclude .git -exclude .hg -resolve-src-symlinks /var/folders/sk/1y78dckn1fbdyvwtdtdy76680000gn/T/nosfy-session-commit-s4q40rbr/baseline/Nosfy/Media/onb-track-loop.mp4 /var/folders/sk/1y78dckn1fbdyvwtdtdy76680000gn/T/nosfy-session-commit-s4q40rbr/DerivedBaseline/Build/Products/Debug-iphonesimulator/Nosfy.app

CpResource /var/folders/sk/1y78dckn1fbdyvwtdtdy76680000gn/T/nosfy-session-commit-s4q40rbr/DerivedBaseline/Build/Products/Debug-iphonesimulator/Nosfy.app/onb-lune-loop.mp4 /var/folders/sk/1y78dckn1fbdyvwtdtdy76680000gn/T/nosfy-session-commit-s4q40rbr/baseline/Nosfy/Media/onb-lune-loop.mp4 (in target 'Nosfy' from project 'Nosfy')
    cd /var/folders/sk/1y78dckn1fbdyvwtdtdy76680000gn/T/nosfy-session-commit-s4q40rbr/baseline
    builtin-copy -exclude .DS_Store -exclude CVS -exclude .svn -exclude .git -exclude .hg -resolve-src-symlinks /var/folders/sk/1y78dckn1fbdyvwtdtdy76680000gn/T/nosfy-session-commit-s4q40rbr/baseline/Nosfy/Media/onb-lune-loop.mp4 /var/folders/sk/1y78dckn1fbdyvwtdtdy76680000gn/T/nosfy-session-commit-s4q40rbr/DerivedBaseline/Build/Products/Debug-iphonesimulator/Nosfy.app

CpResource /var/folders/sk/1y78dckn1fbdyvwtdtdy76680000gn/T/nosfy-session-commit-s4q40rbr/DerivedBaseline/Build/Products/Debug-iphonesimulator/Nosfy.app/onb-exos-loop.mp4 /var/folders/sk/1y78dckn1fbdyvwtdtdy76680000gn/T/nosfy-session-commit-s4q40rbr/baseline/Nosfy/Media/onb-exos-loop.mp4 (in target 'Nosfy' from project 'Nosfy')
    cd /var/folders/sk/1y78dckn1fbdyvwtdtdy76680000gn/T/nosfy-session-commit-s4q40rbr/baseline
    builtin-copy -exclude .DS_Store -exclude CVS -exclude .svn -exclude .git -exclude .hg -resolve-src-symlinks /var/folders/sk/1y78dckn1fbdyvwtdtdy76680000gn/T/nosfy-session-commit-s4q40rbr/baseline/Nosfy/Media/onb-exos-loop.mp4 /var/folders/sk/1y78dckn1fbdyvwtdtdy76680000gn/T/nosfy-session-commit-s4q40rbr/DerivedBaseline/Build/Products/Debug-iphonesimulator/Nosfy.app

CpResource /var/folders/sk/1y78dckn1fbdyvwtdtdy76680000gn/T/nosfy-session-commit-s4q40rbr/DerivedBaseline/Build/Products/Debug-iphonesimulator/Nosfy.app/onb-arrivee.mp4 /var/folders/sk/1y78dckn1fbdyvwtdtdy76680000gn/T/nosfy-session-commit-s4q40rbr/baseline/Nosfy/Media/onb-arrivee.mp4 (in target 'Nosfy' from project 'Nosfy')
    cd /var/folders/sk/1y78dckn1fbdyvwtdtdy76680000gn/T/nosfy-session-commit-s4q40rbr/baseline
    builtin-copy -exclude .DS_Store -exclude CVS -exclude .svn -exclude .git -exclude .hg -resolve-src-symlinks /var/folders/sk/1y78dckn1fbdyvwtdtdy76680000gn/T/nosfy-session-commit-s4q40rbr/baseline/Nosfy/Media/onb-arrivee.mp4 /var/folders/sk/1y78dckn1fbdyvwtdtdy76680000gn/T/nosfy-session-commit-s4q40rbr/DerivedBaseline/Build/Products/Debug-iphonesimulator/Nosfy.app

CpResource /var/folders/sk/1y78dckn1fbdyvwtdtdy76680000gn/T/nosfy-session-commit-s4q40rbr/DerivedBaseline/Build/Products/Debug-iphonesimulator/Nosfy.app/nosfy-nuit.mp4 /var/folders/sk/1y78dckn1fbdyvwtdtdy76680000gn/T/nosfy-session-commit-s4q40rbr/baseline/Nosfy/Media/nosfy-nuit.mp4 (in target 'Nosfy' from project 'Nosfy')
    cd /var/folders/sk/1y78dckn1fbdyvwtdtdy76680000gn/T/nosfy-session-commit-s4q40rbr/baseline
    builtin-copy -exclude .DS_Store -exclude CVS -exclude .svn -exclude .git -exclude .hg -resolve-src-symlinks /var/folders/sk/1y78dckn1fbdyvwtdtdy76680000gn/T/nosfy-session-commit-s4q40rbr/baseline/Nosfy/Media/nosfy-nuit.mp4 /var/folders/sk/1y78dckn1fbdyvwtdtdy76680000gn/T/nosfy-session-commit-s4q40rbr/DerivedBaseline/Build/Products/Debug-iphonesimulator/Nosfy.app

CpResource /var/folders/sk/1y78dckn1fbdyvwtdtdy76680000gn/T/nosfy-session-commit-s4q40rbr/DerivedBaseline/Build/Products/Debug-iphonesimulator/Nosfy.app/nosfy-notif-loop.mp4 /var/folders/sk/1y78dckn1fbdyvwtdtdy76680000gn/T/nosfy-session-commit-s4q40rbr/baseline/Nosfy/Media/nosfy-notif-loop.mp4 (in target 'Nosfy' from project 'Nosfy')
    cd /var/folders/sk/1y78dckn1fbdyvwtdtdy76680000gn/T/nosfy-session-commit-s4q40rbr/baseline
    builtin-copy -exclude .DS_Store -exclude CVS -exclude .svn -exclude .git -exclude .hg -resolve-src-symlinks /var/folders/sk/1y78dckn1fbdyvwtdtdy76680000gn/T/nosfy-session-commit-s4q40rbr/baseline/Nosfy/Media/nosfy-notif-loop.mp4 /var/folders/sk/1y78dckn1fbdyvwtdtdy76680000gn/T/nosfy-session-commit-s4q40rbr/DerivedBaseline/Build/Products/Debug-iphonesimulator/Nosfy.app

CpResource /var/folders/sk/1y78dckn1fbdyvwtdtdy76680000gn/T/nosfy-session-commit-s4q40rbr/DerivedBaseline/Build/Products/Debug-iphonesimulator/Nosfy.app/nosfy-end.mp4 /var/folders/sk/1y78dckn1fbdyvwtdtdy76680000gn/T/nosfy-session-commit-s4q40rbr/baseline/Nosfy/Media/nosfy-end.mp4 (in target 'Nosfy' from project 'Nosfy')
    cd /var/folders/sk/1y78dckn1fbdyvwtdtdy76680000gn/T/nosfy-session-commit-s4q40rbr/baseline
    builtin-copy -exclude .DS_Store -exclude CVS -exclude .svn -exclude .git -exclude .hg -resolve-src-symlinks /var/folders/sk/1y78dckn1fbdyvwtdtdy76680000gn/T/nosfy-session-commit-s4q40rbr/baseline/Nosfy/Media/nosfy-end.mp4 /var/folders/sk/1y78dckn1fbdyvwtdtdy76680000gn/T/nosfy-session-commit-s4q40rbr/DerivedBaseline/Build/Products/Debug-iphonesimulator/Nosfy.app

CpResource /var/folders/sk/1y78dckn1fbdyvwtdtdy76680000gn/T/nosfy-session-commit-s4q40rbr/DerivedBaseline/Build/Products/Debug-iphonesimulator/Nosfy.app/nosfy-accueil-loop.mp4 /var/folders/sk/1y78dckn1fbdyvwtdtdy76680000gn/T/nosfy-session-commit-s4q40rbr/baseline/Nosfy/Media/nosfy-accueil-loop.mp4 (in target 'Nosfy' from project 'Nosfy')
    cd /var/folders/sk/1y78dckn1fbdyvwtdtdy76680000gn/T/nosfy-session-commit-s4q40rbr/baseline
    builtin-copy -exclude .DS_Store -exclude CVS -exclude .svn -exclude .git -exclude .hg -resolve-src-symlinks /var/folders/sk/1y78dckn1fbdyvwtdtdy76680000gn/T/nosfy-session-commit-s4q40rbr/baseline/Nosfy/Media/nosfy-accueil-loop.mp4 /var/folders/sk/1y78dckn1fbdyvwtdtdy76680000gn/T/nosfy-session-commit-s4q40rbr/DerivedBaseline/Build/Products/Debug-iphonesimulator/Nosfy.app

CpResource /var/folders/sk/1y78dckn1fbdyvwtdtdy76680000gn/T/nosfy-session-commit-s4q40rbr/DerivedBaseline/Build/Products/Debug-iphonesimulator/Nosfy.app/molette-glass-loop.mp4 /var/folders/sk/1y78dckn1fbdyvwtdtdy76680000gn/T/nosfy-session-commit-s4q40rbr/baseline/Nosfy/Media/molette-glass-loop.mp4 (in target 'Nosfy' from project 'Nosfy')
    cd /var/folders/sk/1y78dckn1fbdyvwtdtdy76680000gn/T/nosfy-session-commit-s4q40rbr/baseline
    builtin-copy -exclude .DS_Store -exclude CVS -exclude .svn -exclude .git -exclude .hg -resolve-src-symlinks /var/folders/sk/1y78dckn1fbdyvwtdtdy76680000gn/T/nosfy-session-commit-s4q40rbr/baseline/Nosfy/Media/molette-glass-loop.mp4 /var/folders/sk/1y78dckn1fbdyvwtdtdy76680000gn/T/nosfy-session-commit-s4q40rbr/DerivedBaseline/Build/Products/Debug-iphonesimulator/Nosfy.app

CpResource /var/folders/sk/1y78dckn1fbdyvwtdtdy76680000gn/T/nosfy-session-commit-s4q40rbr/DerivedBaseline/Build/Products/Debug-iphonesimulator/Nosfy.app/manege-noir.caf /var/folders/sk/1y78dckn1fbdyvwtdtdy76680000gn/T/nosfy-session-commit-s4q40rbr/baseline/Nosfy/Media/manege-noir.caf (in target 'Nosfy' from project 'Nosfy')
    cd /var/folders/sk/1y78dckn1fbdyvwtdtdy76680000gn/T/nosfy-session-commit-s4q40rbr/baseline
    builtin-copy -exclude .DS_Store -exclude CVS -exclude .svn -exclude .git -exclude .hg -resolve-src-symlinks /var/folders/sk/1y78dckn1fbdyvwtdtdy76680000gn/T/nosfy-session-commit-s4q40rbr/baseline/Nosfy/Media/manege-noir.caf /var/folders/sk/1y78dckn1fbdyvwtdtdy76680000gn/T/nosfy-session-commit-s4q40rbr/DerivedBaseline/Build/Products/Debug-iphonesimulator/Nosfy.app

CpResource /var/folders/sk/1y78dckn1fbdyvwtdtdy76680000gn/T/nosfy-session-commit-s4q40rbr/DerivedBaseline/Build/Products/Debug-iphonesimulator/Nosfy.app/manege-nappe.caf /var/folders/sk/1y78dckn1fbdyvwtdtdy76680000gn/T/nosfy-session-commit-s4q40rbr/baseline/Nosfy/Media/manege-nappe.caf (in target 'Nosfy' from project 'Nosfy')
    cd /var/folders/sk/1y78dckn1fbdyvwtdtdy76680000gn/T/nosfy-session-commit-s4q40rbr/baseline
    builtin-copy -exclude .DS_Store -exclude CVS -exclude .svn -exclude .git -exclude .hg -resolve-src-symlinks /var/folders/sk/1y78dckn1fbdyvwtdtdy76680000gn/T/nosfy-session-commit-s4q40rbr/baseline/Nosfy/Media/manege-nappe.caf /var/folders/sk/1y78dckn1fbdyvwtdtdy76680000gn/T/nosfy-session-commit-s4q40rbr/DerivedBaseline/Build/Products/Debug-iphonesimulator/Nosfy.app

CpResource /var/folders/sk/1y78dckn1fbdyvwtdtdy76680000gn/T/nosfy-session-commit-s4q40rbr/DerivedBaseline/Build/Products/Debug-iphonesimulator/Nosfy.app/ile-sortie.wav /var/folders/sk/1y78dckn1fbdyvwtdtdy76680000gn/T/nosfy-session-commit-s4q40rbr/baseline/Nosfy/Media/ile-sortie.wav (in target 'Nosfy' from project 'Nosfy')
    cd /var/folders/sk/1y78dckn1fbdyvwtdtdy76680000gn/T/nosfy-session-commit-s4q40rbr/baseline
    builtin-copy -exclude .DS_Store -exclude CVS -exclude .svn -exclude .git -exclude .hg -resolve-src-symlinks /var/folders/sk/1y78dckn1fbdyvwtdtdy76680000gn/T/nosfy-session-commit-s4q40rbr/baseline/Nosfy/Media/ile-sortie.wav /var/folders/sk/1y78dckn1fbdyvwtdtdy76680000gn/T/nosfy-session-commit-s4q40rbr/DerivedBaseline/Build/Products/Debug-iphonesimulator/Nosfy.app

CpResource /var/folders/sk/1y78dckn1fbdyvwtdtdy76680000gn/T/nosfy-session-commit-s4q40rbr/DerivedBaseline/Build/Products/Debug-iphonesimulator/Nosfy.app/ile-entree.wav /var/folders/sk/1y78dckn1fbdyvwtdtdy76680000gn/T/nosfy-session-commit-s4q40rbr/baseline/Nosfy/Media/ile-entree.wav (in target 'Nosfy' from project 'Nosfy')
    cd /var/folders/sk/1y78dckn1fbdyvwtdtdy76680000gn/T/nosfy-session-commit-s4q40rbr/baseline
    builtin-copy -exclude .DS_Store -exclude CVS -exclude .svn -exclude .git -exclude .hg -resolve-src-symlinks /var/folders/sk/1y78dckn1fbdyvwtdtdy76680000gn/T/nosfy-session-commit-s4q40rbr/baseline/Nosfy/Media/ile-entree.wav /var/folders/sk/1y78dckn1fbdyvwtdtdy76680000gn/T/nosfy-session-commit-s4q40rbr/DerivedBaseline/Build/Products/Debug-iphonesimulator/Nosfy.app

CpResource /var/folders/sk/1y78dckn1fbdyvwtdtdy76680000gn/T/nosfy-session-commit-s4q40rbr/DerivedBaseline/Build/Products/Debug-iphonesimulator/Nosfy.app/home-textes.json /var/folders/sk/1y78dckn1fbdyvwtdtdy76680000gn/T/nosfy-session-commit-s4q40rbr/baseline/Nosfy/Resources/home-textes.json (in target 'Nosfy' from project 'Nosfy')
    cd /var/folders/sk/1y78dckn1fbdyvwtdtdy76680000gn/T/nosfy-session-commit-s4q40rbr/baseline
    builtin-copy -exclude .DS_Store -exclude CVS -exclude .svn -exclude .git -exclude .hg -resolve-src-symlinks /var/folders/sk/1y78dckn1fbdyvwtdtdy76680000gn/T/nosfy-session-commit-s4q40rbr/baseline/Nosfy/Resources/home-textes.json /var/folders/sk/1y78dckn1fbdyvwtdtdy76680000gn/T/nosfy-session-commit-s4q40rbr/DerivedBaseline/Build/Products/Debug-iphonesimulator/Nosfy.app

CpResource /var/folders/sk/1y78dckn1fbdyvwtdtdy76680000gn/T/nosfy-session-commit-s4q40rbr/DerivedBaseline/Build/Products/Debug-iphonesimulator/Nosfy.app/home-fond-precompose-393x709.mp4 /var/folders/sk/1y78dckn1fbdyvwtdtdy76680000gn/T/nosfy-session-commit-s4q40rbr/baseline/Nosfy/Media/home-fond-precompose-393x709.mp4 (in target 'Nosfy' from project 'Nosfy')
    cd /var/folders/sk/1y78dckn1fbdyvwtdtdy76680000gn/T/nosfy-session-commit-s4q40rbr/baseline
    builtin-copy -exclude .DS_Store -exclude CVS -exclude .svn -exclude .git -exclude .hg -resolve-src-symlinks /var/folders/sk/1y78dckn1fbdyvwtdtdy76680000gn/T/nosfy-session-commit-s4q40rbr/baseline/Nosfy/Media/home-fond-precompose-393x709.mp4 /var/folders/sk/1y78dckn1fbdyvwtdtdy76680000gn/T/nosfy-session-commit-s4q40rbr/DerivedBaseline/Build/Products/Debug-iphonesimulator/Nosfy.app

CpResource /var/folders/sk/1y78dckn1fbdyvwtdtdy76680000gn/T/nosfy-session-commit-s4q40rbr/DerivedBaseline/Build/Products/Debug-iphonesimulator/Nosfy.app/home-fond-pilule.mp4 /var/folders/sk/1y78dckn1fbdyvwtdtdy76680000gn/T/nosfy-session-commit-s4q40rbr/baseline/Nosfy/Media/home-fond-pilule.mp4 (in target 'Nosfy' from project 'Nosfy')
    cd /var/folders/sk/1y78dckn1fbdyvwtdtdy76680000gn/T/nosfy-session-commit-s4q40rbr/baseline
    builtin-copy -exclude .DS_Store -exclude CVS -exclude .svn -exclude .git -exclude .hg -resolve-src-symlinks /var/folders/sk/1y78dckn1fbdyvwtdtdy76680000gn/T/nosfy-session-commit-s4q40rbr/baseline/Nosfy/Media/home-fond-pilule.mp4 /var/folders/sk/1y78dckn1fbdyvwtdtdy76680000gn/T/nosfy-session-commit-s4q40rbr/DerivedBaseline/Build/Products/Debug-iphonesimulator/Nosfy.app

CpResource /var/folders/sk/1y78dckn1fbdyvwtdtdy76680000gn/T/nosfy-session-commit-s4q40rbr/DerivedBaseline/Build/Products/Debug-iphonesimulator/Nosfy.app/home-fond-loop.mp4 /var/folders/sk/1y78dckn1fbdyvwtdtdy76680000gn/T/nosfy-session-commit-s4q40rbr/baseline/Nosfy/Media/home-fond-loop.mp4 (in target 'Nosfy' from project 'Nosfy')
    cd /var/folders/sk/1y78dckn1fbdyvwtdtdy76680000gn/T/nosfy-session-commit-s4q40rbr/baseline
    builtin-copy -exclude .DS_Store -exclude CVS -exclude .svn -exclude .git -exclude .hg -resolve-src-symlinks /var/folders/sk/1y78dckn1fbdyvwtdtdy76680000gn/T/nosfy-session-commit-s4q40rbr/baseline/Nosfy/Media/home-fond-loop.mp4 /var/folders/sk/1y78dckn1fbdyvwtdtdy76680000gn/T/nosfy-session-commit-s4q40rbr/DerivedBaseline/Build/Products/Debug-iphonesimulator/Nosfy.app

CpResource /var/folders/sk/1y78dckn1fbdyvwtdtdy76680000gn/T/nosfy-session-commit-s4q40rbr/DerivedBaseline/Build/Products/Debug-iphonesimulator/Nosfy.app/home-fond-flamme.mp4 /var/folders/sk/1y78dckn1fbdyvwtdtdy76680000gn/T/nosfy-session-commit-s4q40rbr/baseline/Nosfy/Media/home-fond-flamme.mp4 (in target 'Nosfy' from project 'Nosfy')
    cd /var/folders/sk/1y78dckn1fbdyvwtdtdy76680000gn/T/nosfy-session-commit-s4q40rbr/baseline
    builtin-copy -exclude .DS_Store -exclude CVS -exclude .svn -exclude .git -exclude .hg -resolve-src-symlinks /var/folders/sk/1y78dckn1fbdyvwtdtdy76680000gn/T/nosfy-session-commit-s4q40rbr/baseline/Nosfy/Media/home-fond-flamme.mp4 /var/folders/sk/1y78dckn1fbdyvwtdtdy76680000gn/T/nosfy-session-commit-s4q40rbr/DerivedBaseline/Build/Products/Debug-iphonesimulator/Nosfy.app

CpResource /var/folders/sk/1y78dckn1fbdyvwtdtdy76680000gn/T/nosfy-session-commit-s4q40rbr/DerivedBaseline/Build/Products/Debug-iphonesimulator/Nosfy.app/fond-matrice-loop.mp4 /var/folders/sk/1y78dckn1fbdyvwtdtdy76680000gn/T/nosfy-session-commit-s4q40rbr/baseline/Nosfy/Media/fond-matrice-loop.mp4 (in target 'Nosfy' from project 'Nosfy')
    cd /var/folders/sk/1y78dckn1fbdyvwtdtdy76680000gn/T/nosfy-session-commit-s4q40rbr/baseline
    builtin-copy -exclude .DS_Store -exclude CVS -exclude .svn -exclude .git -exclude .hg -resolve-src-symlinks /var/folders/sk/1y78dckn1fbdyvwtdtdy76680000gn/T/nosfy-session-commit-s4q40rbr/baseline/Nosfy/Media/fond-matrice-loop.mp4 /var/folders/sk/1y78dckn1fbdyvwtdtdy76680000gn/T/nosfy-session-commit-s4q40rbr/DerivedBaseline/Build/Products/Debug-iphonesimulator/Nosfy.app

SwiftExplicitDependencyGeneratePcm arm64 /var/folders/sk/1y78dckn1fbdyvwtdtdy76680000gn/T/nosfy-session-commit-s4q40rbr/DerivedBaseline/ModuleCache.noindex/_Builtin_inttypes-AMA0V1SRSLMUV4R23NAHPX31L.pcm

CpResource /var/folders/sk/1y78dckn1fbdyvwtdtdy76680000gn/T/nosfy-session-commit-s4q40rbr/DerivedBaseline/Build/Products/Debug-iphonesimulator/Nosfy.app/flamme_overlay.mp4 /var/folders/sk/1y78dckn1fbdyvwtdtdy76680000gn/T/nosfy-session-commit-s4q40rbr/baseline/Nosfy/Media/flamme_overlay.mp4 (in target 'Nosfy' from project 'Nosfy')
    cd /var/folders/sk/1y78dckn1fbdyvwtdtdy76680000gn/T/nosfy-session-commit-s4q40rbr/baseline
    builtin-copy -exclude .DS_Store -exclude CVS -exclude .svn -exclude .git -exclude .hg -resolve-src-symlinks /var/folders/sk/1y78dckn1fbdyvwtdtdy76680000gn/T/nosfy-session-commit-s4q40rbr/baseline/Nosfy/Media/flamme_overlay.mp4 /var/folders/sk/1y78dckn1fbdyvwtdtdy76680000gn/T/nosfy-session-commit-s4q40rbr/DerivedBaseline/Build/Products/Debug-iphonesimulator/Nosfy.app

CpResource /var/folders/sk/1y78dckn1fbdyvwtdtdy76680000gn/T/nosfy-session-commit-s4q40rbr/DerivedBaseline/Build/Products/Debug-iphonesimulator/Nosfy.app/feerie-carillon.caf /var/folders/sk/1y78dckn1fbdyvwtdtdy76680000gn/T/nosfy-session-commit-s4q40rbr/baseline/Nosfy/Media/feerie-carillon.caf (in target 'Nosfy' from project 'Nosfy')
    cd /var/folders/sk/1y78dckn1fbdyvwtdtdy76680000gn/T/nosfy-session-commit-s4q40rbr/baseline
    builtin-copy -exclude .DS_Store -exclude CVS -exclude .svn -exclude .git -exclude .hg -resolve-src-symlinks /var/folders/sk/1y78dckn1fbdyvwtdtdy76680000gn/T/nosfy-session-commit-s4q40rbr/baseline/Nosfy/Media/feerie-carillon.caf /var/folders/sk/1y78dckn1fbdyvwtdtdy76680000gn/T/nosfy-session-commit-s4q40rbr/DerivedBaseline/Build/Products/Debug-iphonesimulator/Nosfy.app

CpResource /var/folders/sk/1y78dckn1fbdyvwtdtdy76680000gn/T/nosfy-session-commit-s4q40rbr/DerivedBaseline/Build/Products/Debug-iphonesimulator/Nosfy.app/exos-fond-loop.mp4 /var/folders/sk/1y78dckn1fbdyvwtdtdy76680000gn/T/nosfy-session-commit-s4q40rbr/baseline/Nosfy/Media/exos-fond-loop.mp4 (in target 'Nosfy' from project 'Nosfy')
    cd /var/folders/sk/1y78dckn1fbdyvwtdtdy76680000gn/T/nosfy-session-commit-s4q40rbr/baseline
    builtin-copy -exclude .DS_Store -exclude CVS -exclude .svn -exclude .git -exclude .hg -resolve-src-symlinks /var/folders/sk/1y78dckn1fbdyvwtdtdy76680000gn/T/nosfy-session-commit-s4q40rbr/baseline/Nosfy/Media/exos-fond-loop.mp4 /var/folders/sk/1y78dckn1fbdyvwtdtdy76680000gn/T/nosfy-session-commit-s4q40rbr/DerivedBaseline/Build/Products/Debug-iphonesimulator/Nosfy.app

CpResource /var/folders/sk/1y78dckn1fbdyvwtdtdy76680000gn/T/nosfy-session-commit-s4q40rbr/DerivedBaseline/Build/Products/Debug-iphonesimulator/Nosfy.app/erreur-loop.mp4 /var/folders/sk/1y78dckn1fbdyvwtdtdy76680000gn/T/nosfy-session-commit-s4q40rbr/baseline/Nosfy/Media/erreur-loop.mp4 (in target 'Nosfy' from project 'Nosfy')
    cd /var/folders/sk/1y78dckn1fbdyvwtdtdy76680000gn/T/nosfy-session-commit-s4q40rbr/baseline
    builtin-copy -exclude .DS_Store -exclude CVS -exclude .svn -exclude .git -exclude .hg -resolve-src-symlinks /var/folders/sk/1y78dckn1fbdyvwtdtdy76680000gn/T/nosfy-session-commit-s4q40rbr/baseline/Nosfy/Media/erreur-loop.mp4 /var/folders/sk/1y78dckn1fbdyvwtdtdy76680000gn/T/nosfy-session-commit-s4q40rbr/DerivedBaseline/Build/Products/Debug-iphonesimulator/Nosfy.app

CpResource /var/folders/sk/1y78dckn1fbdyvwtdtdy76680000gn/T/nosfy-session-commit-s4q40rbr/DerivedBaseline/Build/Products/Debug-iphonesimulator/Nosfy.app/duo-nosfy-reward.mp4 /var/folders/sk/1y78dckn1fbdyvwtdtdy76680000gn/T/nosfy-session-commit-s4q40rbr/baseline/Nosfy/Media/duo-nosfy-reward.mp4 (in target 'Nosfy' from project 'Nosfy')
    cd /var/folders/sk/1y78dckn1fbdyvwtdtdy76680000gn/T/nosfy-session-commit-s4q40rbr/baseline
    builtin-copy -exclude .DS_Store -exclude CVS -exclude .svn -exclude .git -exclude .hg -resolve-src-symlinks /var/folders/sk/1y78dckn1fbdyvwtdtdy76680000gn/T/nosfy-session-commit-s4q40rbr/baseline/Nosfy/Media/duo-nosfy-reward.mp4 /var/folders/sk/1y78dckn1fbdyvwtdtdy76680000gn/T/nosfy-session-commit-s4q40rbr/DerivedBaseline/Build/Products/Debug-iphonesimulator/Nosfy.app

CpResource /var/folders/sk/1y78dckn1fbdyvwtdtdy76680000gn/T/nosfy-session-commit-s4q40rbr/DerivedBaseline/Build/Products/Debug-iphonesimulator/Nosfy.app/duo-galet-rougebleu.mp4 /var/folders/sk/1y78dckn1fbdyvwtdtdy76680000gn/T/nosfy-session-commit-s4q40rbr/baseline/Nosfy/Media/duo-galet-rougebleu.mp4 (in target 'Nosfy' from project 'Nosfy')
    cd /var/folders/sk/1y78dckn1fbdyvwtdtdy76680000gn/T/nosfy-session-commit-s4q40rbr/baseline
    builtin-copy -exclude .DS_Store -exclude CVS -exclude .svn -exclude .git -exclude .hg -resolve-src-symlinks /var/folders/sk/1y78dckn1fbdyvwtdtdy76680000gn/T/nosfy-session-commit-s4q40rbr/baseline/Nosfy/Media/duo-galet-rougebleu.mp4 /var/folders/sk/1y78dckn1fbdyvwtdtdy76680000gn/T/nosfy-session-commit-s4q40rbr/DerivedBaseline/Build/Products/Debug-iphonesimulator/Nosfy.app

CpResource /var/folders/sk/1y78dckn1fbdyvwtdtdy76680000gn/T/nosfy-session-commit-s4q40rbr/DerivedBaseline/Build/Products/Debug-iphonesimulator/Nosfy.app/duo-galet-rouge.mp4 /var/folders/sk/1y78dckn1fbdyvwtdtdy76680000gn/T/nosfy-session-commit-s4q40rbr/baseline/Nosfy/Media/duo-galet-rouge.mp4 (in target 'Nosfy' from project 'Nosfy')
    cd /var/folders/sk/1y78dckn1fbdyvwtdtdy76680000gn/T/nosfy-session-commit-s4q40rbr/baseline
    builtin-copy -exclude .DS_Store -exclude CVS -exclude .svn -exclude .git -exclude .hg -resolve-src-symlinks /var/folders/sk/1y78dckn1fbdyvwtdtdy76680000gn/T/nosfy-session-commit-s4q40rbr/baseline/Nosfy/Media/duo-galet-rouge.mp4 /var/folders/sk/1y78dckn1fbdyvwtdtdy76680000gn/T/nosfy-session-commit-s4q40rbr/DerivedBaseline/Build/Products/Debug-iphonesimulator/Nosfy.app

CpResource /var/folders/sk/1y78dckn1fbdyvwtdtdy76680000gn/T/nosfy-session-commit-s4q40rbr/DerivedBaseline/Build/Products/Debug-iphonesimulator/Nosfy.app/duo-galet-noir.mp4 /var/folders/sk/1y78dckn1fbdyvwtdtdy76680000gn/T/nosfy-session-commit-s4q40rbr/baseline/Nosfy/Media/duo-galet-noir.mp4 (in target 'Nosfy' from project 'Nosfy')
    cd /var/folders/sk/1y78dckn1fbdyvwtdtdy76680000gn/T/nosfy-session-commit-s4q40rbr/baseline
    builtin-copy -exclude .DS_Store -exclude CVS -exclude .svn -exclude .git -exclude .hg -resolve-src-symlinks /var/folders/sk/1y78dckn1fbdyvwtdtdy76680000gn/T/nosfy-session-commit-s4q40rbr/baseline/Nosfy/Media/duo-galet-noir.mp4 /var/folders/sk/1y78dckn1fbdyvwtdtdy76680000gn/T/nosfy-session-commit-s4q40rbr/DerivedBaseline/Build/Products/Debug-iphonesimulator/Nosfy.app

CpResource /var/folders/sk/1y78dckn1fbdyvwtdtdy76680000gn/T/nosfy-session-commit-s4q40rbr/DerivedBaseline/Build/Products/Debug-iphonesimulator/Nosfy.app/duo-flamme-bleue.mp4 /var/folders/sk/1y78dckn1fbdyvwtdtdy76680000gn/T/nosfy-session-commit-s4q40rbr/baseline/Nosfy/Media/duo-flamme-bleue.mp4 (in target 'Nosfy' from project 'Nosfy')
    cd /var/folders/sk/1y78dckn1fbdyvwtdtdy76680000gn/T/nosfy-session-commit-s4q40rbr/baseline
    builtin-copy -exclude .DS_Store -exclude CVS -exclude .svn -exclude .git -exclude .hg -resolve-src-symlinks /var/folders/sk/1y78dckn1fbdyvwtdtdy76680000gn/T/nosfy-session-commit-s4q40rbr/baseline/Nosfy/Media/duo-flamme-bleue.mp4 /var/folders/sk/1y78dckn1fbdyvwtdtdy76680000gn/T/nosfy-session-commit-s4q40rbr/DerivedBaseline/Build/Products/Debug-iphonesimulator/Nosfy.app

CpResource /var/folders/sk/1y78dckn1fbdyvwtdtdy76680000gn/T/nosfy-session-commit-s4q40rbr/DerivedBaseline/Build/Products/Debug-iphonesimulator/Nosfy.app/duo-feu-rouge.mp4 /var/folders/sk/1y78dckn1fbdyvwtdtdy76680000gn/T/nosfy-session-commit-s4q40rbr/baseline/Nosfy/Media/duo-feu-rouge.mp4 (in target 'Nosfy' from project 'Nosfy')
    cd /var/folders/sk/1y78dckn1fbdyvwtdtdy76680000gn/T/nosfy-session-commit-s4q40rbr/baseline
    builtin-copy -exclude .DS_Store -exclude CVS -exclude .svn -exclude .git -exclude .hg -resolve-src-symlinks /var/folders/sk/1y78dckn1fbdyvwtdtdy76680000gn/T/nosfy-session-commit-s4q40rbr/baseline/Nosfy/Media/duo-feu-rouge.mp4 /var/folders/sk/1y78dckn1fbdyvwtdtdy76680000gn/T/nosfy-session-commit-s4q40rbr/DerivedBaseline/Build/Products/Debug-iphonesimulator/Nosfy.app

CpResource /var/folders/sk/1y78dckn1fbdyvwtdtdy76680000gn/T/nosfy-session-commit-s4q40rbr/DerivedBaseline/Build/Products/Debug-iphonesimulator/Nosfy.app/duo-feu-blanc.mp4 /var/folders/sk/1y78dckn1fbdyvwtdtdy76680000gn/T/nosfy-session-commit-s4q40rbr/baseline/Nosfy/Media/duo-feu-blanc.mp4 (in target 'Nosfy' from project 'Nosfy')
    cd /var/folders/sk/1y78dckn1fbdyvwtdtdy76680000gn/T/nosfy-session-commit-s4q40rbr/baseline
    builtin-copy -exclude .DS_Store -exclude CVS -exclude .svn -exclude .git -exclude .hg -resolve-src-symlinks /var/folders/sk/1y78dckn1fbdyvwtdtdy76680000gn/T/nosfy-session-commit-s4q40rbr/baseline/Nosfy/Media/duo-feu-blanc.mp4 /var/folders/sk/1y78dckn1fbdyvwtdtdy76680000gn/T/nosfy-session-commit-s4q40rbr/DerivedBaseline/Build/Products/Debug-iphonesimulator/Nosfy.app

CpResource /var/folders/sk/1y78dckn1fbdyvwtdtdy76680000gn/T/nosfy-session-commit-s4q40rbr/DerivedBaseline/Build/Products/Debug-iphonesimulator/Nosfy.app/dechirure-lente.caf /var/folders/sk/1y78dckn1fbdyvwtdtdy76680000gn/T/nosfy-session-commit-s4q40rbr/baseline/Nosfy/Media/dechirure-lente.caf (in target 'Nosfy' from project 'Nosfy')
    cd /var/folders/sk/1y78dckn1fbdyvwtdtdy76680000gn/T/nosfy-session-commit-s4q40rbr/baseline
    builtin-copy -exclude .DS_Store -exclude CVS -exclude .svn -exclude .git -exclude .hg -resolve-src-symlinks /var/folders/sk/1y78dckn1fbdyvwtdtdy76680000gn/T/nosfy-session-commit-s4q40rbr/baseline/Nosfy/Media/dechirure-lente.caf /var/folders/sk/1y78dckn1fbdyvwtdtdy76680000gn/T/nosfy-session-commit-s4q40rbr/DerivedBaseline/Build/Products/Debug-iphonesimulator/Nosfy.app

CpResource /var/folders/sk/1y78dckn1fbdyvwtdtdy76680000gn/T/nosfy-session-commit-s4q40rbr/DerivedBaseline/Build/Products/Debug-iphonesimulator/Nosfy.app/dechirure-franche.caf /var/folders/sk/1y78dckn1fbdyvwtdtdy76680000gn/T/nosfy-session-commit-s4q40rbr/baseline/Nosfy/Media/dechirure-franche.caf (in target 'Nosfy' from project 'Nosfy')
    cd /var/folders/sk/1y78dckn1fbdyvwtdtdy76680000gn/T/nosfy-session-commit-s4q40rbr/baseline
    builtin-copy -exclude .DS_Store -exclude CVS -exclude .svn -exclude .git -exclude .hg -resolve-src-symlinks /var/folders/sk/1y78dckn1fbdyvwtdtdy76680000gn/T/nosfy-session-commit-s4q40rbr/baseline/Nosfy/Media/dechirure-franche.caf /var/folders/sk/1y78dckn1fbdyvwtdtdy76680000gn/T/nosfy-session-commit-s4q40rbr/DerivedBaseline/Build/Products/Debug-iphonesimulator/Nosfy.app

CpResource /var/folders/sk/1y78dckn1fbdyvwtdtdy76680000gn/T/nosfy-session-commit-s4q40rbr/DerivedBaseline/Build/Products/Debug-iphonesimulator/Nosfy.app/dechirure-finale.caf /var/folders/sk/1y78dckn1fbdyvwtdtdy76680000gn/T/nosfy-session-commit-s4q40rbr/baseline/Nosfy/Media/dechirure-finale.caf (in target 'Nosfy' from project 'Nosfy')
    cd /var/folders/sk/1y78dckn1fbdyvwtdtdy76680000gn/T/nosfy-session-commit-s4q40rbr/baseline
    builtin-copy -exclude .DS_Store -exclude CVS -exclude .svn -exclude .git -exclude .hg -resolve-src-symlinks /var/folders/sk/1y78dckn1fbdyvwtdtdy76680000gn/T/nosfy-session-commit-s4q40rbr/baseline/Nosfy/Media/dechirure-finale.caf /var/folders/sk/1y78dckn1fbdyvwtdtdy76680000gn/T/nosfy-session-commit-s4q40rbr/DerivedBaseline/Build/Products/Debug-iphonesimulator/Nosfy.app

CpResource /var/folders/sk/1y78dckn1fbdyvwtdtdy76680000gn/T/nosfy-session-commit-s4q40rbr/DerivedBaseline/Build/Products/Debug-iphonesimulator/Nosfy.app/count.mp4 /var/folders/sk/1y78dckn1fbdyvwtdtdy76680000gn/T/nosfy-session-commit-s4q40rbr/baseline/Nosfy/Media/count.mp4 (in target 'Nosfy' from project 'Nosfy')
    cd /var/folders/sk/1y78dckn1fbdyvwtdtdy76680000gn/T/nosfy-session-commit-s4q40rbr/baseline
    builtin-copy -exclude .DS_Store -exclude CVS -exclude .svn -exclude .git -exclude .hg -resolve-src-symlinks /var/folders/sk/1y78dckn1fbdyvwtdtdy76680000gn/T/nosfy-session-commit-s4q40rbr/baseline/Nosfy/Media/count.mp4 /var/folders/sk/1y78dckn1fbdyvwtdtdy76680000gn/T/nosfy-session-commit-s4q40rbr/DerivedBaseline/Build/Products/Debug-iphonesimulator/Nosfy.app

CpResource /var/folders/sk/1y78dckn1fbdyvwtdtdy76680000gn/T/nosfy-session-commit-s4q40rbr/DerivedBaseline/Build/Products/Debug-iphonesimulator/Nosfy.app/coffre-spot-loop.mp4 /var/folders/sk/1y78dckn1fbdyvwtdtdy76680000gn/T/nosfy-session-commit-s4q40rbr/baseline/Nosfy/Media/coffre-spot-loop.mp4 (in target 'Nosfy' from project 'Nosfy')
    cd /var/folders/sk/1y78dckn1fbdyvwtdtdy76680000gn/T/nosfy-session-commit-s4q40rbr/baseline
    builtin-copy -exclude .DS_Store -exclude CVS -exclude .svn -exclude .git -exclude .hg -resolve-src-symlinks /var/folders/sk/1y78dckn1fbdyvwtdtdy76680000gn/T/nosfy-session-commit-s4q40rbr/baseline/Nosfy/Media/coffre-spot-loop.mp4 /var/folders/sk/1y78dckn1fbdyvwtdtdy76680000gn/T/nosfy-session-commit-s4q40rbr/DerivedBaseline/Build/Products/Debug-iphonesimulator/Nosfy.app

CpResource /var/folders/sk/1y78dckn1fbdyvwtdtdy76680000gn/T/nosfy-session-commit-s4q40rbr/DerivedBaseline/Build/Products/Debug-iphonesimulator/Nosfy.app/coffre-salut.mp4 /var/folders/sk/1y78dckn1fbdyvwtdtdy76680000gn/T/nosfy-session-commit-s4q40rbr/baseline/Nosfy/Media/coffre-salut.mp4 (in target 'Nosfy' from project 'Nosfy')
    cd /var/folders/sk/1y78dckn1fbdyvwtdtdy76680000gn/T/nosfy-session-commit-s4q40rbr/baseline
    builtin-copy -exclude .DS_Store -exclude CVS -exclude .svn -exclude .git -exclude .hg -resolve-src-symlinks /var/folders/sk/1y78dckn1fbdyvwtdtdy76680000gn/T/nosfy-session-commit-s4q40rbr/baseline/Nosfy/Media/coffre-salut.mp4 /var/folders/sk/1y78dckn1fbdyvwtdtdy76680000gn/T/nosfy-session-commit-s4q40rbr/DerivedBaseline/Build/Products/Debug-iphonesimulator/Nosfy.app

CpResource /var/folders/sk/1y78dckn1fbdyvwtdtdy76680000gn/T/nosfy-session-commit-s4q40rbr/DerivedBaseline/Build/Products/Debug-iphonesimulator/Nosfy.app/coffre-salle-loop.mp4 /var/folders/sk/1y78dckn1fbdyvwtdtdy76680000gn/T/nosfy-session-commit-s4q40rbr/baseline/Nosfy/Media/coffre-salle-loop.mp4 (in target 'Nosfy' from project 'Nosfy')
    cd /var/folders/sk/1y78dckn1fbdyvwtdtdy76680000gn/T/nosfy-session-commit-s4q40rbr/baseline
    builtin-copy -exclude .DS_Store -exclude CVS -exclude .svn -exclude .git -exclude .hg -resolve-src-symlinks /var/folders/sk/1y78dckn1fbdyvwtdtdy76680000gn/T/nosfy-session-commit-s4q40rbr/baseline/Nosfy/Media/coffre-salle-loop.mp4 /var/folders/sk/1y78dckn1fbdyvwtdtdy76680000gn/T/nosfy-session-commit-s4q40rbr/DerivedBaseline/Build/Products/Debug-iphonesimulator/Nosfy.app

CpResource /var/folders/sk/1y78dckn1fbdyvwtdtdy76680000gn/T/nosfy-session-commit-s4q40rbr/DerivedBaseline/Build/Products/Debug-iphonesimulator/Nosfy.app/coffre-beau.mp4 /var/folders/sk/1y78dckn1fbdyvwtdtdy76680000gn/T/nosfy-session-commit-s4q40rbr/baseline/Nosfy/Media/coffre-beau.mp4 (in target 'Nosfy' from project 'Nosfy')
    cd /var/folders/sk/1y78dckn1fbdyvwtdtdy76680000gn/T/nosfy-session-commit-s4q40rbr/baseline
    builtin-copy -exclude .DS_Store -exclude CVS -exclude .svn -exclude .git -exclude .hg -resolve-src-symlinks /var/folders/sk/1y78dckn1fbdyvwtdtdy76680000gn/T/nosfy-session-commit-s4q40rbr/baseline/Nosfy/Media/coffre-beau.mp4 /var/folders/sk/1y78dckn1fbdyvwtdtdy76680000gn/T/nosfy-session-commit-s4q40rbr/DerivedBaseline/Build/Products/Debug-iphonesimulator/Nosfy.app

CpResource /var/folders/sk/1y78dckn1fbdyvwtdtdy76680000gn/T/nosfy-session-commit-s4q40rbr/DerivedBaseline/Build/Products/Debug-iphonesimulator/Nosfy.app/coffre-arrivee.mp4 /var/folders/sk/1y78dckn1fbdyvwtdtdy76680000gn/T/nosfy-session-commit-s4q40rbr/baseline/Nosfy/Media/coffre-arrivee.mp4 (in target 'Nosfy' from project 'Nosfy')
    cd /var/folders/sk/1y78dckn1fbdyvwtdtdy76680000gn/T/nosfy-session-commit-s4q40rbr/baseline
    builtin-copy -exclude .DS_Store -exclude CVS -exclude .svn -exclude .git -exclude .hg -resolve-src-symlinks /var/folders/sk/1y78dckn1fbdyvwtdtdy76680000gn/T/nosfy-session-commit-s4q40rbr/baseline/Nosfy/Media/coffre-arrivee.mp4 /var/folders/sk/1y78dckn1fbdyvwtdtdy76680000gn/T/nosfy-session-commit-s4q40rbr/DerivedBaseline/Build/Products/Debug-iphonesimulator/Nosfy.app

CpResource /var/folders/sk/1y78dckn1fbdyvwtdtdy76680000gn/T/nosfy-session-commit-s4q40rbr/DerivedBaseline/Build/Products/Debug-iphonesimulator/Nosfy.app/braise-veille.caf /var/folders/sk/1y78dckn1fbdyvwtdtdy76680000gn/T/nosfy-session-commit-s4q40rbr/baseline/Nosfy/Media/braise-veille.caf (in target 'Nosfy' from project 'Nosfy')
    cd /var/folders/sk/1y78dckn1fbdyvwtdtdy76680000gn/T/nosfy-session-commit-s4q40rbr/baseline
    builtin-copy -exclude .DS_Store -exclude CVS -exclude .svn -exclude .git -exclude .hg -resolve-src-symlinks /var/folders/sk/1y78dckn1fbdyvwtdtdy76680000gn/T/nosfy-session-commit-s4q40rbr/baseline/Nosfy/Media/braise-veille.caf /var/folders/sk/1y78dckn1fbdyvwtdtdy76680000gn/T/nosfy-session-commit-s4q40rbr/DerivedBaseline/Build/Products/Debug-iphonesimulator/Nosfy.app

CpResource /var/folders/sk/1y78dckn1fbdyvwtdtdy76680000gn/T/nosfy-session-commit-s4q40rbr/DerivedBaseline/Build/Products/Debug-iphonesimulator/Nosfy.app/booster.bin /var/folders/sk/1y78dckn1fbdyvwtdtdy76680000gn/T/nosfy-session-commit-s4q40rbr/baseline/Nosfy/Media/booster.bin (in target 'Nosfy' from project 'Nosfy')
    cd /var/folders/sk/1y78dckn1fbdyvwtdtdy76680000gn/T/nosfy-session-commit-s4q40rbr/baseline
    builtin-copy -exclude .DS_Store -exclude CVS -exclude .svn -exclude .git -exclude .hg -resolve-src-symlinks /var/folders/sk/1y78dckn1fbdyvwtdtdy76680000gn/T/nosfy-session-commit-s4q40rbr/baseline/Nosfy/Media/booster.bin /var/folders/sk/1y78dckn1fbdyvwtdtdy76680000gn/T/nosfy-session-commit-s4q40rbr/DerivedBaseline/Build/Products/Debug-iphonesimulator/Nosfy.app

CpResource /var/folders/sk/1y78dckn1fbdyvwtdtdy76680000gn/T/nosfy-session-commit-s4q40rbr/DerivedBaseline/Build/Products/Debug-iphonesimulator/Nosfy.app/booster-loop.mp4 /var/folders/sk/1y78dckn1fbdyvwtdtdy76680000gn/T/nosfy-session-commit-s4q40rbr/baseline/Nosfy/Media/booster-loop.mp4 (in target 'Nosfy' from project 'Nosfy')
    cd /var/folders/sk/1y78dckn1fbdyvwtdtdy76680000gn/T/nosfy-session-commit-s4q40rbr/baseline
    builtin-copy -exclude .DS_Store -exclude CVS -exclude .svn -exclude .git -exclude .hg -resolve-src-symlinks /var/folders/sk/1y78dckn1fbdyvwtdtdy76680000gn/T/nosfy-session-commit-s4q40rbr/baseline/Nosfy/Media/booster-loop.mp4 /var/folders/sk/1y78dckn1fbdyvwtdtdy76680000gn/T/nosfy-session-commit-s4q40rbr/DerivedBaseline/Build/Products/Debug-iphonesimulator/Nosfy.app

SwiftExplicitDependencyGeneratePcm arm64 /var/folders/sk/1y78dckn1fbdyvwtdtdy76680000gn/T/nosfy-session-commit-s4q40rbr/DerivedBaseline/ModuleCache.noindex/Darwin-5LQ3IZAGVW79W6JN9VF0Z0QHC.pcm

CpResource /var/folders/sk/1y78dckn1fbdyvwtdtdy76680000gn/T/nosfy-session-commit-s4q40rbr/DerivedBaseline/Build/Products/Debug-iphonesimulator/Nosfy.app/booster-loop-noir.mp4 /var/folders/sk/1y78dckn1fbdyvwtdtdy76680000gn/T/nosfy-session-commit-s4q40rbr/baseline/Nosfy/Media/booster-loop-noir.mp4 (in target 'Nosfy' from project 'Nosfy')
    cd /var/folders/sk/1y78dckn1fbdyvwtdtdy76680000gn/T/nosfy-session-commit-s4q40rbr/baseline
    builtin-copy -exclude .DS_Store -exclude CVS -exclude .svn -exclude .git -exclude .hg -resolve-src-symlinks /var/folders/sk/1y78dckn1fbdyvwtdtdy76680000gn/T/nosfy-session-commit-s4q40rbr/baseline/Nosfy/Media/booster-loop-noir.mp4 /var/folders/sk/1y78dckn1fbdyvwtdtdy76680000gn/T/nosfy-session-commit-s4q40rbr/DerivedBaseline/Build/Products/Debug-iphonesimulator/Nosfy.app

CpResource /var/folders/sk/1y78dckn1fbdyvwtdtdy76680000gn/T/nosfy-session-commit-s4q40rbr/DerivedBaseline/Build/Products/Debug-iphonesimulator/Nosfy.app/booster-dot-loop.mp4 /var/folders/sk/1y78dckn1fbdyvwtdtdy76680000gn/T/nosfy-session-commit-s4q40rbr/baseline/Nosfy/Media/booster-dot-loop.mp4 (in target 'Nosfy' from project 'Nosfy')
    cd /var/folders/sk/1y78dckn1fbdyvwtdtdy76680000gn/T/nosfy-session-commit-s4q40rbr/baseline
    builtin-copy -exclude .DS_Store -exclude CVS -exclude .svn -exclude .git -exclude .hg -resolve-src-symlinks /var/folders/sk/1y78dckn1fbdyvwtdtdy76680000gn/T/nosfy-session-commit-s4q40rbr/baseline/Nosfy/Media/booster-dot-loop.mp4 /var/folders/sk/1y78dckn1fbdyvwtdtdy76680000gn/T/nosfy-session-commit-s4q40rbr/DerivedBaseline/Build/Products/Debug-iphonesimulator/Nosfy.app

CpResource /var/folders/sk/1y78dckn1fbdyvwtdtdy76680000gn/T/nosfy-session-commit-s4q40rbr/DerivedBaseline/Build/Products/Debug-iphonesimulator/Nosfy.app/background-calendar-loop.mp4 /var/folders/sk/1y78dckn1fbdyvwtdtdy76680000gn/T/nosfy-session-commit-s4q40rbr/baseline/Nosfy/Media/background-calendar-loop.mp4 (in target 'Nosfy' from project 'Nosfy')
    cd /var/folders/sk/1y78dckn1fbdyvwtdtdy76680000gn/T/nosfy-session-commit-s4q40rbr/baseline
    builtin-copy -exclude .DS_Store -exclude CVS -exclude .svn -exclude .git -exclude .hg -resolve-src-symlinks /var/folders/sk/1y78dckn1fbdyvwtdtdy76680000gn/T/nosfy-session-commit-s4q40rbr/baseline/Nosfy/Media/background-calendar-loop.mp4 /var/folders/sk/1y78dckn1fbdyvwtdtdy76680000gn/T/nosfy-session-commit-s4q40rbr/DerivedBaseline/Build/Products/Debug-iphonesimulator/Nosfy.app

CpResource /var/folders/sk/1y78dckn1fbdyvwtdtdy76680000gn/T/nosfy-session-commit-s4q40rbr/DerivedBaseline/Build/Products/Debug-iphonesimulator/Nosfy.app/PrivacyInfo.xcprivacy /var/folders/sk/1y78dckn1fbdyvwtdtdy76680000gn/T/nosfy-session-commit-s4q40rbr/baseline/Nosfy/PrivacyInfo.xcprivacy (in target 'Nosfy' from project 'Nosfy')
    cd /var/folders/sk/1y78dckn1fbdyvwtdtdy76680000gn/T/nosfy-session-commit-s4q40rbr/baseline
    builtin-copy -exclude .DS_Store -exclude CVS -exclude .svn -exclude .git -exclude .hg -resolve-src-symlinks /var/folders/sk/1y78dckn1fbdyvwtdtdy76680000gn/T/nosfy-session-commit-s4q40rbr/baseline/Nosfy/PrivacyInfo.xcprivacy /var/folders/sk/1y78dckn1fbdyvwtdtdy76680000gn/T/nosfy-session-commit-s4q40rbr/DerivedBaseline/Build/Products/Debug-iphonesimulator/Nosfy.app

CpResource /var/folders/sk/1y78dckn1fbdyvwtdtdy76680000gn/T/nosfy-session-commit-s4q40rbr/DerivedBaseline/Build/Products/Debug-iphonesimulator/Nosfy.app/PoussiereLune.wav /var/folders/sk/1y78dckn1fbdyvwtdtdy76680000gn/T/nosfy-session-commit-s4q40rbr/baseline/Nosfy/Media/PoussiereLune.wav (in target 'Nosfy' from project 'Nosfy')
    cd /var/folders/sk/1y78dckn1fbdyvwtdtdy76680000gn/T/nosfy-session-commit-s4q40rbr/baseline
    builtin-copy -exclude .DS_Store -exclude CVS -exclude .svn -exclude .git -exclude .hg -resolve-src-symlinks /var/folders/sk/1y78dckn1fbdyvwtdtdy76680000gn/T/nosfy-session-commit-s4q40rbr/baseline/Nosfy/Media/PoussiereLune.wav /var/folders/sk/1y78dckn1fbdyvwtdtdy76680000gn/T/nosfy-session-commit-s4q40rbr/DerivedBaseline/Build/Products/Debug-iphonesimulator/Nosfy.app

CpResource /var/folders/sk/1y78dckn1fbdyvwtdtdy76680000gn/T/nosfy-session-commit-s4q40rbr/DerivedBaseline/Build/Products/Debug-iphonesimulator/Nosfy.app/Paillette.wav /var/folders/sk/1y78dckn1fbdyvwtdtdy76680000gn/T/nosfy-session-commit-s4q40rbr/baseline/Nosfy/Sounds/Paillette.wav (in target 'Nosfy' from project 'Nosfy')
    cd /var/folders/sk/1y78dckn1fbdyvwtdtdy76680000gn/T/nosfy-session-commit-s4q40rbr/baseline
    builtin-copy -exclude .DS_Store -exclude CVS -exclude .svn -exclude .git -exclude .hg -resolve-src-symlinks /var/folders/sk/1y78dckn1fbdyvwtdtdy76680000gn/T/nosfy-session-commit-s4q40rbr/baseline/Nosfy/Sounds/Paillette.wav /var/folders/sk/1y78dckn1fbdyvwtdtdy76680000gn/T/nosfy-session-commit-s4q40rbr/DerivedBaseline/Build/Products/Debug-iphonesimulator/Nosfy.app

CpResource /var/folders/sk/1y78dckn1fbdyvwtdtdy76680000gn/T/nosfy-session-commit-s4q40rbr/DerivedBaseline/Build/Products/Debug-iphonesimulator/Nosfy.app/NosfyTheme.m4a /var/folders/sk/1y78dckn1fbdyvwtdtdy76680000gn/T/nosfy-session-commit-s4q40rbr/baseline/Nosfy/Sounds/NosfyTheme.m4a (in target 'Nosfy' from project 'Nosfy')
    cd /var/folders/sk/1y78dckn1fbdyvwtdtdy76680000gn/T/nosfy-session-commit-s4q40rbr/baseline
    builtin-copy -exclude .DS_Store -exclude CVS -exclude .svn -exclude .git -exclude .hg -resolve-src-symlinks /var/folders/sk/1y78dckn1fbdyvwtdtdy76680000gn/T/nosfy-session-commit-s4q40rbr/baseline/Nosfy/Sounds/NosfyTheme.m4a /var/folders/sk/1y78dckn1fbdyvwtdtdy76680000gn/T/nosfy-session-commit-s4q40rbr/DerivedBaseline/Build/Products/Debug-iphonesimulator/Nosfy.app

CpResource /var/folders/sk/1y78dckn1fbdyvwtdtdy76680000gn/T/nosfy-session-commit-s4q40rbr/DerivedBaseline/Build/Products/Debug-iphonesimulator/Nosfy.app/NosfyTap.wav /var/folders/sk/1y78dckn1fbdyvwtdtdy76680000gn/T/nosfy-session-commit-s4q40rbr/baseline/Nosfy/Sounds/NosfyTap.wav (in target 'Nosfy' from project 'Nosfy')
    cd /var/folders/sk/1y78dckn1fbdyvwtdtdy76680000gn/T/nosfy-session-commit-s4q40rbr/baseline
    builtin-copy -exclude .DS_Store -exclude CVS -exclude .svn -exclude .git -exclude .hg -resolve-src-symlinks /var/folders/sk/1y78dckn1fbdyvwtdtdy76680000gn/T/nosfy-session-commit-s4q40rbr/baseline/Nosfy/Sounds/NosfyTap.wav /var/folders/sk/1y78dckn1fbdyvwtdtdy76680000gn/T/nosfy-session-commit-s4q40rbr/DerivedBaseline/Build/Products/Debug-iphonesimulator/Nosfy.app

CpResource /var/folders/sk/1y78dckn1fbdyvwtdtdy76680000gn/T/nosfy-session-commit-s4q40rbr/DerivedBaseline/Build/Products/Debug-iphonesimulator/Nosfy.app/NosfyPaillette.wav /var/folders/sk/1y78dckn1fbdyvwtdtdy76680000gn/T/nosfy-session-commit-s4q40rbr/baseline/Nosfy/Sounds/NosfyPaillette.wav (in target 'Nosfy' from project 'Nosfy')
    cd /var/folders/sk/1y78dckn1fbdyvwtdtdy76680000gn/T/nosfy-session-commit-s4q40rbr/baseline
    builtin-copy -exclude .DS_Store -exclude CVS -exclude .svn -exclude .git -exclude .hg -resolve-src-symlinks /var/folders/sk/1y78dckn1fbdyvwtdtdy76680000gn/T/nosfy-session-commit-s4q40rbr/baseline/Nosfy/Sounds/NosfyPaillette.wav /var/folders/sk/1y78dckn1fbdyvwtdtdy76680000gn/T/nosfy-session-commit-s4q40rbr/DerivedBaseline/Build/Products/Debug-iphonesimulator/Nosfy.app

CpResource /var/folders/sk/1y78dckn1fbdyvwtdtdy76680000gn/T/nosfy-session-commit-s4q40rbr/DerivedBaseline/Build/Products/Debug-iphonesimulator/Nosfy.app/NosfyFin.m4a /var/folders/sk/1y78dckn1fbdyvwtdtdy76680000gn/T/nosfy-session-commit-s4q40rbr/baseline/Nosfy/Sounds/NosfyFin.m4a (in target 'Nosfy' from project 'Nosfy')
    cd /var/folders/sk/1y78dckn1fbdyvwtdtdy76680000gn/T/nosfy-session-commit-s4q40rbr/baseline
    builtin-copy -exclude .DS_Store -exclude CVS -exclude .svn -exclude .git -exclude .hg -resolve-src-symlinks /var/folders/sk/1y78dckn1fbdyvwtdtdy76680000gn/T/nosfy-session-commit-s4q40rbr/baseline/Nosfy/Sounds/NosfyFin.m4a /var/folders/sk/1y78dckn1fbdyvwtdtdy76680000gn/T/nosfy-session-commit-s4q40rbr/DerivedBaseline/Build/Products/Debug-iphonesimulator/Nosfy.app

CpResource /var/folders/sk/1y78dckn1fbdyvwtdtdy76680000gn/T/nosfy-session-commit-s4q40rbr/DerivedBaseline/Build/Products/Debug-iphonesimulator/Nosfy.app/NeonIgnite.wav /var/folders/sk/1y78dckn1fbdyvwtdtdy76680000gn/T/nosfy-session-commit-s4q40rbr/baseline/Nosfy/Sounds/NeonIgnite.wav (in target 'Nosfy' from project 'Nosfy')
    cd /var/folders/sk/1y78dckn1fbdyvwtdtdy76680000gn/T/nosfy-session-commit-s4q40rbr/baseline
    builtin-copy -exclude .DS_Store -exclude CVS -exclude .svn -exclude .git -exclude .hg -resolve-src-symlinks /var/folders/sk/1y78dckn1fbdyvwtdtdy76680000gn/T/nosfy-session-commit-s4q40rbr/baseline/Nosfy/Sounds/NeonIgnite.wav /var/folders/sk/1y78dckn1fbdyvwtdtdy76680000gn/T/nosfy-session-commit-s4q40rbr/DerivedBaseline/Build/Products/Debug-iphonesimulator/Nosfy.app

CpResource /var/folders/sk/1y78dckn1fbdyvwtdtdy76680000gn/T/nosfy-session-commit-s4q40rbr/DerivedBaseline/Build/Products/Debug-iphonesimulator/Nosfy.app/MoonSplashTheme.m4a /var/folders/sk/1y78dckn1fbdyvwtdtdy76680000gn/T/nosfy-session-commit-s4q40rbr/baseline/Nosfy/Sounds/MoonSplashTheme.m4a (in target 'Nosfy' from project 'Nosfy')
    cd /var/folders/sk/1y78dckn1fbdyvwtdtdy76680000gn/T/nosfy-session-commit-s4q40rbr/baseline
    builtin-copy -exclude .DS_Store -exclude CVS -exclude .svn -exclude .git -exclude .hg -resolve-src-symlinks /var/folders/sk/1y78dckn1fbdyvwtdtdy76680000gn/T/nosfy-session-commit-s4q40rbr/baseline/Nosfy/Sounds/MoonSplashTheme.m4a /var/folders/sk/1y78dckn1fbdyvwtdtdy76680000gn/T/nosfy-session-commit-s4q40rbr/DerivedBaseline/Build/Products/Debug-iphonesimulator/Nosfy.app

CpResource /var/folders/sk/1y78dckn1fbdyvwtdtdy76680000gn/T/nosfy-session-commit-s4q40rbr/DerivedBaseline/Build/Products/Debug-iphonesimulator/Nosfy.app/MoonGraze.wav /var/folders/sk/1y78dckn1fbdyvwtdtdy76680000gn/T/nosfy-session-commit-s4q40rbr/baseline/Nosfy/Sounds/MoonGraze.wav (in target 'Nosfy' from project 'Nosfy')
    cd /var/folders/sk/1y78dckn1fbdyvwtdtdy76680000gn/T/nosfy-session-commit-s4q40rbr/baseline
    builtin-copy -exclude .DS_Store -exclude CVS -exclude .svn -exclude .git -exclude .hg -resolve-src-symlinks /var/folders/sk/1y78dckn1fbdyvwtdtdy76680000gn/T/nosfy-session-commit-s4q40rbr/baseline/Nosfy/Sounds/MoonGraze.wav /var/folders/sk/1y78dckn1fbdyvwtdtdy76680000gn/T/nosfy-session-commit-s4q40rbr/DerivedBaseline/Build/Products/Debug-iphonesimulator/Nosfy.app

CpResource /var/folders/sk/1y78dckn1fbdyvwtdtdy76680000gn/T/nosfy-session-commit-s4q40rbr/DerivedBaseline/Build/Products/Debug-iphonesimulator/Nosfy.app/MoonSDF.bin /var/folders/sk/1y78dckn1fbdyvwtdtdy76680000gn/T/nosfy-session-commit-s4q40rbr/baseline/Nosfy/MoonSDF.bin (in target 'Nosfy' from project 'Nosfy')
    cd /var/folders/sk/1y78dckn1fbdyvwtdtdy76680000gn/T/nosfy-session-commit-s4q40rbr/baseline
    builtin-copy -exclude .DS_Store -exclude CVS -exclude .svn -exclude .git -exclude .hg -resolve-src-symlinks /var/folders/sk/1y78dckn1fbdyvwtdtdy76680000gn/T/nosfy-session-commit-s4q40rbr/baseline/Nosfy/MoonSDF.bin /var/folders/sk/1y78dckn1fbdyvwtdtdy76680000gn/T/nosfy-session-commit-s4q40rbr/DerivedBaseline/Build/Products/Debug-iphonesimulator/Nosfy.app

CpResource /var/folders/sk/1y78dckn1fbdyvwtdtdy76680000gn/T/nosfy-session-commit-s4q40rbr/DerivedBaseline/Build/Products/Debug-iphonesimulator/Nosfy.app/MoonGlide.wav /var/folders/sk/1y78dckn1fbdyvwtdtdy76680000gn/T/nosfy-session-commit-s4q40rbr/baseline/Nosfy/Sounds/MoonGlide.wav (in target 'Nosfy' from project 'Nosfy')
    cd /var/folders/sk/1y78dckn1fbdyvwtdtdy76680000gn/T/nosfy-session-commit-s4q40rbr/baseline
    builtin-copy -exclude .DS_Store -exclude CVS -exclude .svn -exclude .git -exclude .hg -resolve-src-symlinks /var/folders/sk/1y78dckn1fbdyvwtdtdy76680000gn/T/nosfy-session-commit-s4q40rbr/baseline/Nosfy/Sounds/MoonGlide.wav /var/folders/sk/1y78dckn1fbdyvwtdtdy76680000gn/T/nosfy-session-commit-s4q40rbr/DerivedBaseline/Build/Products/Debug-iphonesimulator/Nosfy.app

CpResource /var/folders/sk/1y78dckn1fbdyvwtdtdy76680000gn/T/nosfy-session-commit-s4q40rbr/DerivedBaseline/Build/Products/Debug-iphonesimulator/Nosfy.app/LuneSangTheme.m4a /var/folders/sk/1y78dckn1fbdyvwtdtdy76680000gn/T/nosfy-session-commit-s4q40rbr/baseline/Nosfy/Sounds/LuneSangTheme.m4a (in target 'Nosfy' from project 'Nosfy')
    cd /var/folders/sk/1y78dckn1fbdyvwtdtdy76680000gn/T/nosfy-session-commit-s4q40rbr/baseline
    builtin-copy -exclude .DS_Store -exclude CVS -exclude .svn -exclude .git -exclude .hg -resolve-src-symlinks /var/folders/sk/1y78dckn1fbdyvwtdtdy76680000gn/T/nosfy-session-commit-s4q40rbr/baseline/Nosfy/Sounds/LuneSangTheme.m4a /var/folders/sk/1y78dckn1fbdyvwtdtdy76680000gn/T/nosfy-session-commit-s4q40rbr/DerivedBaseline/Build/Products/Debug-iphonesimulator/Nosfy.app

CpResource /var/folders/sk/1y78dckn1fbdyvwtdtdy76680000gn/T/nosfy-session-commit-s4q40rbr/DerivedBaseline/Build/Products/Debug-iphonesimulator/Nosfy.app/LensTheme.m4a /var/folders/sk/1y78dckn1fbdyvwtdtdy76680000gn/T/nosfy-session-commit-s4q40rbr/baseline/Nosfy/Sounds/LensTheme.m4a (in target 'Nosfy' from project 'Nosfy')
    cd /var/folders/sk/1y78dckn1fbdyvwtdtdy76680000gn/T/nosfy-session-commit-s4q40rbr/baseline
    builtin-copy -exclude .DS_Store -exclude CVS -exclude .svn -exclude .git -exclude .hg -resolve-src-symlinks /var/folders/sk/1y78dckn1fbdyvwtdtdy76680000gn/T/nosfy-session-commit-s4q40rbr/baseline/Nosfy/Sounds/LensTheme.m4a /var/folders/sk/1y78dckn1fbdyvwtdtdy76680000gn/T/nosfy-session-commit-s4q40rbr/DerivedBaseline/Build/Products/Debug-iphonesimulator/Nosfy.app

CpResource /var/folders/sk/1y78dckn1fbdyvwtdtdy76680000gn/T/nosfy-session-commit-s4q40rbr/DerivedBaseline/Build/Products/Debug-iphonesimulator/Nosfy.app/Inter-SemiBold.otf /var/folders/sk/1y78dckn1fbdyvwtdtdy76680000gn/T/nosfy-session-commit-s4q40rbr/baseline/Nosfy/Fonts/Inter-SemiBold.otf (in target 'Nosfy' from project 'Nosfy')
    cd /var/folders/sk/1y78dckn1fbdyvwtdtdy76680000gn/T/nosfy-session-commit-s4q40rbr/baseline
    builtin-copy -exclude .DS_Store -exclude CVS -exclude .svn -exclude .git -exclude .hg -resolve-src-symlinks /var/folders/sk/1y78dckn1fbdyvwtdtdy76680000gn/T/nosfy-session-commit-s4q40rbr/baseline/Nosfy/Fonts/Inter-SemiBold.otf /var/folders/sk/1y78dckn1fbdyvwtdtdy76680000gn/T/nosfy-session-commit-s4q40rbr/DerivedBaseline/Build/Products/Debug-iphonesimulator/Nosfy.app

CpResource /var/folders/sk/1y78dckn1fbdyvwtdtdy76680000gn/T/nosfy-session-commit-s4q40rbr/DerivedBaseline/Build/Products/Debug-iphonesimulator/Nosfy.app/Inter-Regular.otf /var/folders/sk/1y78dckn1fbdyvwtdtdy76680000gn/T/nosfy-session-commit-s4q40rbr/baseline/Nosfy/Fonts/Inter-Regular.otf (in target 'Nosfy' from project 'Nosfy')
    cd /var/folders/sk/1y78dckn1fbdyvwtdtdy76680000gn/T/nosfy-session-commit-s4q40rbr/baseline
    builtin-copy -exclude .DS_Store -exclude CVS -exclude .svn -exclude .git -exclude .hg -resolve-src-symlinks /var/folders/sk/1y78dckn1fbdyvwtdtdy76680000gn/T/nosfy-session-commit-s4q40rbr/baseline/Nosfy/Fonts/Inter-Regular.otf /var/folders/sk/1y78dckn1fbdyvwtdtdy76680000gn/T/nosfy-session-commit-s4q40rbr/DerivedBaseline/Build/Products/Debug-iphonesimulator/Nosfy.app

CpResource /var/folders/sk/1y78dckn1fbdyvwtdtdy76680000gn/T/nosfy-session-commit-s4q40rbr/DerivedBaseline/Build/Products/Debug-iphonesimulator/Nosfy.app/Inter-Medium.otf /var/folders/sk/1y78dckn1fbdyvwtdtdy76680000gn/T/nosfy-session-commit-s4q40rbr/baseline/Nosfy/Fonts/Inter-Medium.otf (in target 'Nosfy' from project 'Nosfy')
    cd /var/folders/sk/1y78dckn1fbdyvwtdtdy76680000gn/T/nosfy-session-commit-s4q40rbr/baseline
    builtin-copy -exclude .DS_Store -exclude CVS -exclude .svn -exclude .git -exclude .hg -resolve-src-symlinks /var/folders/sk/1y78dckn1fbdyvwtdtdy76680000gn/T/nosfy-session-commit-s4q40rbr/baseline/Nosfy/Fonts/Inter-Medium.otf /var/folders/sk/1y78dckn1fbdyvwtdtdy76680000gn/T/nosfy-session-commit-s4q40rbr/DerivedBaseline/Build/Products/Debug-iphonesimulator/Nosfy.app

CpResource /var/folders/sk/1y78dckn1fbdyvwtdtdy76680000gn/T/nosfy-session-commit-s4q40rbr/DerivedBaseline/Build/Products/Debug-iphonesimulator/Nosfy.app/Inter-Light.otf /var/folders/sk/1y78dckn1fbdyvwtdtdy76680000gn/T/nosfy-session-commit-s4q40rbr/baseline/Nosfy/Fonts/Inter-Light.otf (in target 'Nosfy' from project 'Nosfy')
    cd /var/folders/sk/1y78dckn1fbdyvwtdtdy76680000gn/T/nosfy-session-commit-s4q40rbr/baseline
    builtin-copy -exclude .DS_Store -exclude CVS -exclude .svn -exclude .git -exclude .hg -resolve-src-symlinks /var/folders/sk/1y78dckn1fbdyvwtdtdy76680000gn/T/nosfy-session-commit-s4q40rbr/baseline/Nosfy/Fonts/Inter-Light.otf /var/folders/sk/1y78dckn1fbdyvwtdtdy76680000gn/T/nosfy-session-commit-s4q40rbr/DerivedBaseline/Build/Products/Debug-iphonesimulator/Nosfy.app

CpResource /var/folders/sk/1y78dckn1fbdyvwtdtdy76680000gn/T/nosfy-session-commit-s4q40rbr/DerivedBaseline/Build/Products/Debug-iphonesimulator/Nosfy.app/Inter-Bold.otf /var/folders/sk/1y78dckn1fbdyvwtdtdy76680000gn/T/nosfy-session-commit-s4q40rbr/baseline/Nosfy/Fonts/Inter-Bold.otf (in target 'Nosfy' from project 'Nosfy')
    cd /var/folders/sk/1y78dckn1fbdyvwtdtdy76680000gn/T/nosfy-session-commit-s4q40rbr/baseline
    builtin-copy -exclude .DS_Store -exclude CVS -exclude .svn -exclude .git -exclude .hg -resolve-src-symlinks /var/folders/sk/1y78dckn1fbdyvwtdtdy76680000gn/T/nosfy-session-commit-s4q40rbr/baseline/Nosfy/Fonts/Inter-Bold.otf /var/folders/sk/1y78dckn1fbdyvwtdtdy76680000gn/T/nosfy-session-commit-s4q40rbr/DerivedBaseline/Build/Products/Debug-iphonesimulator/Nosfy.app

CpResource /var/folders/sk/1y78dckn1fbdyvwtdtdy76680000gn/T/nosfy-session-commit-s4q40rbr/DerivedBaseline/Build/Products/Debug-iphonesimulator/Nosfy.app/DialTock.wav /var/folders/sk/1y78dckn1fbdyvwtdtdy76680000gn/T/nosfy-session-commit-s4q40rbr/baseline/Nosfy/Sounds/DialTock.wav (in target 'Nosfy' from project 'Nosfy')
    cd /var/folders/sk/1y78dckn1fbdyvwtdtdy76680000gn/T/nosfy-session-commit-s4q40rbr/baseline
    builtin-copy -exclude .DS_Store -exclude CVS -exclude .svn -exclude .git -exclude .hg -resolve-src-symlinks /var/folders/sk/1y78dckn1fbdyvwtdtdy76680000gn/T/nosfy-session-commit-s4q40rbr/baseline/Nosfy/Sounds/DialTock.wav /var/folders/sk/1y78dckn1fbdyvwtdtdy76680000gn/T/nosfy-session-commit-s4q40rbr/DerivedBaseline/Build/Products/Debug-iphonesimulator/Nosfy.app

CpResource /var/folders/sk/1y78dckn1fbdyvwtdtdy76680000gn/T/nosfy-session-commit-s4q40rbr/DerivedBaseline/Build/Products/Debug-iphonesimulator/Nosfy.app/DialTick.wav /var/folders/sk/1y78dckn1fbdyvwtdtdy76680000gn/T/nosfy-session-commit-s4q40rbr/baseline/Nosfy/Sounds/DialTick.wav (in target 'Nosfy' from project 'Nosfy')
    cd /var/folders/sk/1y78dckn1fbdyvwtdtdy76680000gn/T/nosfy-session-commit-s4q40rbr/baseline
    builtin-copy -exclude .DS_Store -exclude CVS -exclude .svn -exclude .git -exclude .hg -resolve-src-symlinks /var/folders/sk/1y78dckn1fbdyvwtdtdy76680000gn/T/nosfy-session-commit-s4q40rbr/baseline/Nosfy/Sounds/DialTick.wav /var/folders/sk/1y78dckn1fbdyvwtdtdy76680000gn/T/nosfy-session-commit-s4q40rbr/DerivedBaseline/Build/Products/Debug-iphonesimulator/Nosfy.app

CpResource /var/folders/sk/1y78dckn1fbdyvwtdtdy76680000gn/T/nosfy-session-commit-s4q40rbr/DerivedBaseline/Build/Products/Debug-iphonesimulator/Nosfy.app/DialTap.wav /var/folders/sk/1y78dckn1fbdyvwtdtdy76680000gn/T/nosfy-session-commit-s4q40rbr/baseline/Nosfy/Sounds/DialTap.wav (in target 'Nosfy' from project 'Nosfy')
    cd /var/folders/sk/1y78dckn1fbdyvwtdtdy76680000gn/T/nosfy-session-commit-s4q40rbr/baseline
    builtin-copy -exclude .DS_Store -exclude CVS -exclude .svn -exclude .git -exclude .hg -resolve-src-symlinks /var/folders/sk/1y78dckn1fbdyvwtdtdy76680000gn/T/nosfy-session-commit-s4q40rbr/baseline/Nosfy/Sounds/DialTap.wav /var/folders/sk/1y78dckn1fbdyvwtdtdy76680000gn/T/nosfy-session-commit-s4q40rbr/DerivedBaseline/Build/Products/Debug-iphonesimulator/Nosfy.app

CpResource /var/folders/sk/1y78dckn1fbdyvwtdtdy76680000gn/T/nosfy-session-commit-s4q40rbr/DerivedBaseline/Build/Products/Debug-iphonesimulator/Nosfy.app/CoinChink.wav /var/folders/sk/1y78dckn1fbdyvwtdtdy76680000gn/T/nosfy-session-commit-s4q40rbr/baseline/Nosfy/Media/CoinChink.wav (in target 'Nosfy' from project 'Nosfy')
    cd /var/folders/sk/1y78dckn1fbdyvwtdtdy76680000gn/T/nosfy-session-commit-s4q40rbr/baseline
    builtin-copy -exclude .DS_Store -exclude CVS -exclude .svn -exclude .git -exclude .hg -resolve-src-symlinks /var/folders/sk/1y78dckn1fbdyvwtdtdy76680000gn/T/nosfy-session-commit-s4q40rbr/baseline/Nosfy/Media/CoinChink.wav /var/folders/sk/1y78dckn1fbdyvwtdtdy76680000gn/T/nosfy-session-commit-s4q40rbr/DerivedBaseline/Build/Products/Debug-iphonesimulator/Nosfy.app

CpResource /var/folders/sk/1y78dckn1fbdyvwtdtdy76680000gn/T/nosfy-session-commit-s4q40rbr/DerivedBaseline/Build/Products/Debug-iphonesimulator/Nosfy.app/BoosterLeve.wav /var/folders/sk/1y78dckn1fbdyvwtdtdy76680000gn/T/nosfy-session-commit-s4q40rbr/baseline/Nosfy/Media/BoosterLeve.wav (in target 'Nosfy' from project 'Nosfy')
    cd /var/folders/sk/1y78dckn1fbdyvwtdtdy76680000gn/T/nosfy-session-commit-s4q40rbr/baseline
    builtin-copy -exclude .DS_Store -exclude CVS -exclude .svn -exclude .git -exclude .hg -resolve-src-symlinks /var/folders/sk/1y78dckn1fbdyvwtdtdy76680000gn/T/nosfy-session-commit-s4q40rbr/baseline/Nosfy/Media/BoosterLeve.wav /var/folders/sk/1y78dckn1fbdyvwtdtdy76680000gn/T/nosfy-session-commit-s4q40rbr/DerivedBaseline/Build/Products/Debug-iphonesimulator/Nosfy.app

CpResource /var/folders/sk/1y78dckn1fbdyvwtdtdy76680000gn/T/nosfy-session-commit-s4q40rbr/DerivedBaseline/Build/Products/Debug-iphonesimulator/Nosfy.app/AuroraSwipe.wav /var/folders/sk/1y78dckn1fbdyvwtdtdy76680000gn/T/nosfy-session-commit-s4q40rbr/baseline/Nosfy/Sounds/AuroraSwipe.wav (in target 'Nosfy' from project 'Nosfy')
    cd /var/folders/sk/1y78dckn1fbdyvwtdtdy76680000gn/T/nosfy-session-commit-s4q40rbr/baseline
    builtin-copy -exclude .DS_Store -exclude CVS -exclude .svn -exclude .git -exclude .hg -resolve-src-symlinks /var/folders/sk/1y78dckn1fbdyvwtdtdy76680000gn/T/nosfy-session-commit-s4q40rbr/baseline/Nosfy/Sounds/AuroraSwipe.wav /var/folders/sk/1y78dckn1fbdyvwtdtdy76680000gn/T/nosfy-session-commit-s4q40rbr/DerivedBaseline/Build/Products/Debug-iphonesimulator/Nosfy.app

CpResource /var/folders/sk/1y78dckn1fbdyvwtdtdy76680000gn/T/nosfy-session-commit-s4q40rbr/DerivedBaseline/Build/Products/Debug-iphonesimulator/Nosfy.app/AuroraSparkle.wav /var/folders/sk/1y78dckn1fbdyvwtdtdy76680000gn/T/nosfy-session-commit-s4q40rbr/baseline/Nosfy/Sounds/AuroraSparkle.wav (in target 'Nosfy' from project 'Nosfy')
    cd /var/folders/sk/1y78dckn1fbdyvwtdtdy76680000gn/T/nosfy-session-commit-s4q40rbr/baseline
    builtin-copy -exclude .DS_Store -exclude CVS -exclude .svn -exclude .git -exclude .hg -resolve-src-symlinks /var/folders/sk/1y78dckn1fbdyvwtdtdy76680000gn/T/nosfy-session-commit-s4q40rbr/baseline/Nosfy/Sounds/AuroraSparkle.wav /var/folders/sk/1y78dckn1fbdyvwtdtdy76680000gn/T/nosfy-session-commit-s4q40rbr/DerivedBaseline/Build/Products/Debug-iphonesimulator/Nosfy.app

CpResource /var/folders/sk/1y78dckn1fbdyvwtdtdy76680000gn/T/nosfy-session-commit-s4q40rbr/DerivedBaseline/Build/Products/Debug-iphonesimulator/Nosfy.app/AuroraBreath.wav /var/folders/sk/1y78dckn1fbdyvwtdtdy76680000gn/T/nosfy-session-commit-s4q40rbr/baseline/Nosfy/Sounds/AuroraBreath.wav (in target 'Nosfy' from project 'Nosfy')
    cd /var/folders/sk/1y78dckn1fbdyvwtdtdy76680000gn/T/nosfy-session-commit-s4q40rbr/baseline
    builtin-copy -exclude .DS_Store -exclude CVS -exclude .svn -exclude .git -exclude .hg -resolve-src-symlinks /var/folders/sk/1y78dckn1fbdyvwtdtdy76680000gn/T/nosfy-session-commit-s4q40rbr/baseline/Nosfy/Sounds/AuroraBreath.wav /var/folders/sk/1y78dckn1fbdyvwtdtdy76680000gn/T/nosfy-session-commit-s4q40rbr/DerivedBaseline/Build/Products/Debug-iphonesimulator/Nosfy.app

CopyPNGFile /var/folders/sk/1y78dckn1fbdyvwtdtdy76680000gn/T/nosfy-session-commit-s4q40rbr/DerivedBaseline/Build/Products/Debug-iphonesimulator/Nosfy.app/coffre-spot.png /var/folders/sk/1y78dckn1fbdyvwtdtdy76680000gn/T/nosfy-session-commit-s4q40rbr/baseline/Nosfy/Media/coffre-spot.png (in target 'Nosfy' from project 'Nosfy')
    cd /var/folders/sk/1y78dckn1fbdyvwtdtdy76680000gn/T/nosfy-session-commit-s4q40rbr/baseline
    /Applications/Xcode.app/Contents/Developer/usr/bin/copypng -compress -strip-PNG-text /var/folders/sk/1y78dckn1fbdyvwtdtdy76680000gn/T/nosfy-session-commit-s4q40rbr/baseline/Nosfy/Media/coffre-spot.png /var/folders/sk/1y78dckn1fbdyvwtdtdy76680000gn/T/nosfy-session-commit-s4q40rbr/DerivedBaseline/Build/Products/Debug-iphonesimulator/Nosfy.app/coffre-spot.png

CopyPNGFile /var/folders/sk/1y78dckn1fbdyvwtdtdy76680000gn/T/nosfy-session-commit-s4q40rbr/DerivedBaseline/Build/Products/Debug-iphonesimulator/Nosfy.app/coffre-arche.png /var/folders/sk/1y78dckn1fbdyvwtdtdy76680000gn/T/nosfy-session-commit-s4q40rbr/baseline/Nosfy/Media/coffre-arche.png (in target 'Nosfy' from project 'Nosfy')
    cd /var/folders/sk/1y78dckn1fbdyvwtdtdy76680000gn/T/nosfy-session-commit-s4q40rbr/baseline
    /Applications/Xcode.app/Contents/Developer/usr/bin/copypng -compress -strip-PNG-text /var/folders/sk/1y78dckn1fbdyvwtdtdy76680000gn/T/nosfy-session-commit-s4q40rbr/baseline/Nosfy/Media/coffre-arche.png /var/folders/sk/1y78dckn1fbdyvwtdtdy76680000gn/T/nosfy-session-commit-s4q40rbr/DerivedBaseline/Build/Products/Debug-iphonesimulator/Nosfy.app/coffre-arche.png

CopyPNGFile /var/folders/sk/1y78dckn1fbdyvwtdtdy76680000gn/T/nosfy-session-commit-s4q40rbr/DerivedBaseline/Build/Products/Debug-iphonesimulator/Nosfy.app/coffre-arche-neon.png /var/folders/sk/1y78dckn1fbdyvwtdtdy76680000gn/T/nosfy-session-commit-s4q40rbr/baseline/Nosfy/Media/coffre-arche-neon.png (in target 'Nosfy' from project 'Nosfy')
    cd /var/folders/sk/1y78dckn1fbdyvwtdtdy76680000gn/T/nosfy-session-commit-s4q40rbr/baseline
    /Applications/Xcode.app/Contents/Developer/usr/bin/copypng -compress -strip-PNG-text /var/folders/sk/1y78dckn1fbdyvwtdtdy76680000gn/T/nosfy-session-commit-s4q40rbr/baseline/Nosfy/Media/coffre-arche-neon.png /var/folders/sk/1y78dckn1fbdyvwtdtdy76680000gn/T/nosfy-session-commit-s4q40rbr/DerivedBaseline/Build/Products/Debug-iphonesimulator/Nosfy.app/coffre-arche-neon.png

CopyPNGFile /var/folders/sk/1y78dckn1fbdyvwtdtdy76680000gn/T/nosfy-session-commit-s4q40rbr/DerivedBaseline/Build/Products/Debug-iphonesimulator/Nosfy.app/carte-lune-L3.png /var/folders/sk/1y78dckn1fbdyvwtdtdy76680000gn/T/nosfy-session-commit-s4q40rbr/baseline/Nosfy/Media/carte-lune-L3.png (in target 'Nosfy' from project 'Nosfy')
    cd /var/folders/sk/1y78dckn1fbdyvwtdtdy76680000gn/T/nosfy-session-commit-s4q40rbr/baseline
    /Applications/Xcode.app/Contents/Developer/usr/bin/copypng -compress -strip-PNG-text /var/folders/sk/1y78dckn1fbdyvwtdtdy76680000gn/T/nosfy-session-commit-s4q40rbr/baseline/Nosfy/Media/carte-lune-L3.png /var/folders/sk/1y78dckn1fbdyvwtdtdy76680000gn/T/nosfy-session-commit-s4q40rbr/DerivedBaseline/Build/Products/Debug-iphonesimulator/Nosfy.app/carte-lune-L3.png

SwiftExplicitDependencyGeneratePcm arm64 /var/folders/sk/1y78dckn1fbdyvwtdtdy76680000gn/T/nosfy-session-commit-s4q40rbr/DerivedBaseline/ModuleCache.noindex/simd-1CVITZ7F6RRBSV5BKDJX27E8W.pcm

CopyPNGFile /var/folders/sk/1y78dckn1fbdyvwtdtdy76680000gn/T/nosfy-session-commit-s4q40rbr/DerivedBaseline/Build/Products/Debug-iphonesimulator/Nosfy.app/carte-lune-L2.png /var/folders/sk/1y78dckn1fbdyvwtdtdy76680000gn/T/nosfy-session-commit-s4q40rbr/baseline/Nosfy/Media/carte-lune-L2.png (in target 'Nosfy' from project 'Nosfy')
    cd /var/folders/sk/1y78dckn1fbdyvwtdtdy76680000gn/T/nosfy-session-commit-s4q40rbr/baseline
    /Applications/Xcode.app/Contents/Developer/usr/bin/copypng -compress -strip-PNG-text /var/folders/sk/1y78dckn1fbdyvwtdtdy76680000gn/T/nosfy-session-commit-s4q40rbr/baseline/Nosfy/Media/carte-lune-L2.png /var/folders/sk/1y78dckn1fbdyvwtdtdy76680000gn/T/nosfy-session-commit-s4q40rbr/DerivedBaseline/Build/Products/Debug-iphonesimulator/Nosfy.app/carte-lune-L2.png

CopyPNGFile /var/folders/sk/1y78dckn1fbdyvwtdtdy76680000gn/T/nosfy-session-commit-s4q40rbr/DerivedBaseline/Build/Products/Debug-iphonesimulator/Nosfy.app/carte-lune-L1.png /var/folders/sk/1y78dckn1fbdyvwtdtdy76680000gn/T/nosfy-session-commit-s4q40rbr/baseline/Nosfy/Media/carte-lune-L1.png (in target 'Nosfy' from project 'Nosfy')
    cd /var/folders/sk/1y78dckn1fbdyvwtdtdy76680000gn/T/nosfy-session-commit-s4q40rbr/baseline
    /Applications/Xcode.app/Contents/Developer/usr/bin/copypng -compress -strip-PNG-text /var/folders/sk/1y78dckn1fbdyvwtdtdy76680000gn/T/nosfy-session-commit-s4q40rbr/baseline/Nosfy/Media/carte-lune-L1.png /var/folders/sk/1y78dckn1fbdyvwtdtdy76680000gn/T/nosfy-session-commit-s4q40rbr/DerivedBaseline/Build/Products/Debug-iphonesimulator/Nosfy.app/carte-lune-L1.png

CopyPNGFile /var/folders/sk/1y78dckn1fbdyvwtdtdy76680000gn/T/nosfy-session-commit-s4q40rbr/DerivedBaseline/Build/Products/Debug-iphonesimulator/Nosfy.app/carte-lune-L0.png /var/folders/sk/1y78dckn1fbdyvwtdtdy76680000gn/T/nosfy-session-commit-s4q40rbr/baseline/Nosfy/Media/carte-lune-L0.png (in target 'Nosfy' from project 'Nosfy')
    cd /var/folders/sk/1y78dckn1fbdyvwtdtdy76680000gn/T/nosfy-session-commit-s4q40rbr/baseline
    /Applications/Xcode.app/Contents/Developer/usr/bin/copypng -compress -strip-PNG-text /var/folders/sk/1y78dckn1fbdyvwtdtdy76680000gn/T/nosfy-session-commit-s4q40rbr/baseline/Nosfy/Media/carte-lune-L0.png /var/folders/sk/1y78dckn1fbdyvwtdtdy76680000gn/T/nosfy-session-commit-s4q40rbr/DerivedBaseline/Build/Products/Debug-iphonesimulator/Nosfy.app/carte-lune-L0.png

CopyPNGFile /var/folders/sk/1y78dckn1fbdyvwtdtdy76680000gn/T/nosfy-session-commit-s4q40rbr/DerivedBaseline/Build/Products/Debug-iphonesimulator/Nosfy.app/carte-lune-1.png /var/folders/sk/1y78dckn1fbdyvwtdtdy76680000gn/T/nosfy-session-commit-s4q40rbr/baseline/Nosfy/Media/carte-lune-1.png (in target 'Nosfy' from project 'Nosfy')
    cd /var/folders/sk/1y78dckn1fbdyvwtdtdy76680000gn/T/nosfy-session-commit-s4q40rbr/baseline
    /Applications/Xcode.app/Contents/Developer/usr/bin/copypng -compress -strip-PNG-text /var/folders/sk/1y78dckn1fbdyvwtdtdy76680000gn/T/nosfy-session-commit-s4q40rbr/baseline/Nosfy/Media/carte-lune-1.png /var/folders/sk/1y78dckn1fbdyvwtdtdy76680000gn/T/nosfy-session-commit-s4q40rbr/DerivedBaseline/Build/Products/Debug-iphonesimulator/Nosfy.app/carte-lune-1.png

SwiftExplicitDependencyGeneratePcm arm64 /var/folders/sk/1y78dckn1fbdyvwtdtdy76680000gn/T/nosfy-session-commit-s4q40rbr/DerivedBaseline/ModuleCache.noindex/MachO-BB9Y2AZE3VVXLC776MZBRML2P.pcm

SwiftExplicitDependencyGeneratePcm arm64 /var/folders/sk/1y78dckn1fbdyvwtdtdy76680000gn/T/nosfy-session-commit-s4q40rbr/DerivedBaseline/ModuleCache.noindex/ObjectiveC-4ZJJ24T2CFV6RP54AZF9D6SUI.pcm

CopyPNGFile /var/folders/sk/1y78dckn1fbdyvwtdtdy76680000gn/T/nosfy-session-commit-s4q40rbr/DerivedBaseline/Build/Products/Debug-iphonesimulator/Nosfy.app/carte-lune-1-depth.png /var/folders/sk/1y78dckn1fbdyvwtdtdy76680000gn/T/nosfy-session-commit-s4q40rbr/baseline/Nosfy/Media/carte-lune-1-depth.png (in target 'Nosfy' from project 'Nosfy')
    cd /var/folders/sk/1y78dckn1fbdyvwtdtdy76680000gn/T/nosfy-session-commit-s4q40rbr/baseline
    /Applications/Xcode.app/Contents/Developer/usr/bin/copypng -compress -strip-PNG-text /var/folders/sk/1y78dckn1fbdyvwtdtdy76680000gn/T/nosfy-session-commit-s4q40rbr/baseline/Nosfy/Media/carte-lune-1-depth.png /var/folders/sk/1y78dckn1fbdyvwtdtdy76680000gn/T/nosfy-session-commit-s4q40rbr/DerivedBaseline/Build/Products/Debug-iphonesimulator/Nosfy.app/carte-lune-1-depth.png

CopyPNGFile /var/folders/sk/1y78dckn1fbdyvwtdtdy76680000gn/T/nosfy-session-commit-s4q40rbr/DerivedBaseline/Build/Products/Debug-iphonesimulator/Nosfy.app/carte-logo-ref.png /var/folders/sk/1y78dckn1fbdyvwtdtdy76680000gn/T/nosfy-session-commit-s4q40rbr/baseline/Nosfy/Media/carte-logo-ref.png (in target 'Nosfy' from project 'Nosfy')
    cd /var/folders/sk/1y78dckn1fbdyvwtdtdy76680000gn/T/nosfy-session-commit-s4q40rbr/baseline
    /Applications/Xcode.app/Contents/Developer/usr/bin/copypng -compress -strip-PNG-text /var/folders/sk/1y78dckn1fbdyvwtdtdy76680000gn/T/nosfy-session-commit-s4q40rbr/baseline/Nosfy/Media/carte-logo-ref.png /var/folders/sk/1y78dckn1fbdyvwtdtdy76680000gn/T/nosfy-session-commit-s4q40rbr/DerivedBaseline/Build/Products/Debug-iphonesimulator/Nosfy.app/carte-logo-ref.png

CopyPNGFile /var/folders/sk/1y78dckn1fbdyvwtdtdy76680000gn/T/nosfy-session-commit-s4q40rbr/DerivedBaseline/Build/Products/Debug-iphonesimulator/Nosfy.app/carte-dos.png /var/folders/sk/1y78dckn1fbdyvwtdtdy76680000gn/T/nosfy-session-commit-s4q40rbr/baseline/Nosfy/Media/carte-dos.png (in target 'Nosfy' from project 'Nosfy')
    cd /var/folders/sk/1y78dckn1fbdyvwtdtdy76680000gn/T/nosfy-session-commit-s4q40rbr/baseline
    /Applications/Xcode.app/Contents/Developer/usr/bin/copypng -compress -strip-PNG-text /var/folders/sk/1y78dckn1fbdyvwtdtdy76680000gn/T/nosfy-session-commit-s4q40rbr/baseline/Nosfy/Media/carte-dos.png /var/folders/sk/1y78dckn1fbdyvwtdtdy76680000gn/T/nosfy-session-commit-s4q40rbr/DerivedBaseline/Build/Products/Debug-iphonesimulator/Nosfy.app/carte-dos.png

SwiftExplicitDependencyGeneratePcm arm64 /var/folders/sk/1y78dckn1fbdyvwtdtdy76680000gn/T/nosfy-session-commit-s4q40rbr/DerivedBaseline/ModuleCache.noindex/os_object-C2ALTDC207SLZJX77HNAB2V19.pcm

CopyPNGFile /var/folders/sk/1y78dckn1fbdyvwtdtdy76680000gn/T/nosfy-session-commit-s4q40rbr/DerivedBaseline/Build/Products/Debug-iphonesimulator/Nosfy.app/carte-dos-vide.png /var/folders/sk/1y78dckn1fbdyvwtdtdy76680000gn/T/nosfy-session-commit-s4q40rbr/baseline/Nosfy/Media/carte-dos-vide.png (in target 'Nosfy' from project 'Nosfy')
    cd /var/folders/sk/1y78dckn1fbdyvwtdtdy76680000gn/T/nosfy-session-commit-s4q40rbr/baseline
    /Applications/Xcode.app/Contents/Developer/usr/bin/copypng -compress -strip-PNG-text /var/folders/sk/1y78dckn1fbdyvwtdtdy76680000gn/T/nosfy-session-commit-s4q40rbr/baseline/Nosfy/Media/carte-dos-vide.png /var/folders/sk/1y78dckn1fbdyvwtdtdy76680000gn/T/nosfy-session-commit-s4q40rbr/DerivedBaseline/Build/Products/Debug-iphonesimulator/Nosfy.app/carte-dos-vide.png

CopyPNGFile /var/folders/sk/1y78dckn1fbdyvwtdtdy76680000gn/T/nosfy-session-commit-s4q40rbr/DerivedBaseline/Build/Products/Debug-iphonesimulator/Nosfy.app/carte-cadre.png /var/folders/sk/1y78dckn1fbdyvwtdtdy76680000gn/T/nosfy-session-commit-s4q40rbr/baseline/Nosfy/Media/carte-cadre.png (in target 'Nosfy' from project 'Nosfy')
    cd /var/folders/sk/1y78dckn1fbdyvwtdtdy76680000gn/T/nosfy-session-commit-s4q40rbr/baseline
    /Applications/Xcode.app/Contents/Developer/usr/bin/copypng -compress -strip-PNG-text /var/folders/sk/1y78dckn1fbdyvwtdtdy76680000gn/T/nosfy-session-commit-s4q40rbr/baseline/Nosfy/Media/carte-cadre.png /var/folders/sk/1y78dckn1fbdyvwtdtdy76680000gn/T/nosfy-session-commit-s4q40rbr/DerivedBaseline/Build/Products/Debug-iphonesimulator/Nosfy.app/carte-cadre.png

SwiftExplicitDependencyGeneratePcm arm64 /var/folders/sk/1y78dckn1fbdyvwtdtdy76680000gn/T/nosfy-session-commit-s4q40rbr/DerivedBaseline/ModuleCache.noindex/Spatial-BS2CIKP40HOPUE0EOWA3W5EHX.pcm

SwiftExplicitDependencyGeneratePcm arm64 /var/folders/sk/1y78dckn1fbdyvwtdtdy76680000gn/T/nosfy-session-commit-s4q40rbr/DerivedBaseline/ModuleCache.noindex/os_workgroup-5IASJX9233ALV0HDJG7W1B1ZH.pcm

CopyPNGFile /var/folders/sk/1y78dckn1fbdyvwtdtdy76680000gn/T/nosfy-session-commit-s4q40rbr/DerivedBaseline/Build/Products/Debug-iphonesimulator/Nosfy.app/carte-cadre-legendaire.png /var/folders/sk/1y78dckn1fbdyvwtdtdy76680000gn/T/nosfy-session-commit-s4q40rbr/baseline/Nosfy/Media/carte-cadre-legendaire.png (in target 'Nosfy' from project 'Nosfy')
    cd /var/folders/sk/1y78dckn1fbdyvwtdtdy76680000gn/T/nosfy-session-commit-s4q40rbr/baseline
    /Applications/Xcode.app/Contents/Developer/usr/bin/copypng -compress -strip-PNG-text /var/folders/sk/1y78dckn1fbdyvwtdtdy76680000gn/T/nosfy-session-commit-s4q40rbr/baseline/Nosfy/Media/carte-cadre-legendaire.png /var/folders/sk/1y78dckn1fbdyvwtdtdy76680000gn/T/nosfy-session-commit-s4q40rbr/DerivedBaseline/Build/Products/Debug-iphonesimulator/Nosfy.app/carte-cadre-legendaire.png

CopyPNGFile /var/folders/sk/1y78dckn1fbdyvwtdtdy76680000gn/T/nosfy-session-commit-s4q40rbr/DerivedBaseline/Build/Products/Debug-iphonesimulator/Nosfy.app/carnet-ouvert.png /var/folders/sk/1y78dckn1fbdyvwtdtdy76680000gn/T/nosfy-session-commit-s4q40rbr/baseline/Nosfy/Media/carnet-ouvert.png (in target 'Nosfy' from project 'Nosfy')
    cd /var/folders/sk/1y78dckn1fbdyvwtdtdy76680000gn/T/nosfy-session-commit-s4q40rbr/baseline
    /Applications/Xcode.app/Contents/Developer/usr/bin/copypng -compress -strip-PNG-text /var/folders/sk/1y78dckn1fbdyvwtdtdy76680000gn/T/nosfy-session-commit-s4q40rbr/baseline/Nosfy/Media/carnet-ouvert.png /var/folders/sk/1y78dckn1fbdyvwtdtdy76680000gn/T/nosfy-session-commit-s4q40rbr/DerivedBaseline/Build/Products/Debug-iphonesimulator/Nosfy.app/carnet-ouvert.png

SwiftExplicitDependencyGeneratePcm arm64 /var/folders/sk/1y78dckn1fbdyvwtdtdy76680000gn/T/nosfy-session-commit-s4q40rbr/DerivedBaseline/ModuleCache.noindex/Dispatch-CFRFDHX1YOOVKK9T31KA4MVU7.pcm

CopyPNGFile /var/folders/sk/1y78dckn1fbdyvwtdtdy76680000gn/T/nosfy-session-commit-s4q40rbr/DerivedBaseline/Build/Products/Debug-iphonesimulator/Nosfy.app/carnet-ferme.png /var/folders/sk/1y78dckn1fbdyvwtdtdy76680000gn/T/nosfy-session-commit-s4q40rbr/baseline/Nosfy/Media/carnet-ferme.png (in target 'Nosfy' from project 'Nosfy')
    cd /var/folders/sk/1y78dckn1fbdyvwtdtdy76680000gn/T/nosfy-session-commit-s4q40rbr/baseline
    /Applications/Xcode.app/Contents/Developer/usr/bin/copypng -compress -strip-PNG-text /var/folders/sk/1y78dckn1fbdyvwtdtdy76680000gn/T/nosfy-session-commit-s4q40rbr/baseline/Nosfy/Media/carnet-ferme.png /var/folders/sk/1y78dckn1fbdyvwtdtdy76680000gn/T/nosfy-session-commit-s4q40rbr/DerivedBaseline/Build/Products/Debug-iphonesimulator/Nosfy.app/carnet-ferme.png

SwiftExplicitDependencyGeneratePcm arm64 /var/folders/sk/1y78dckn1fbdyvwtdtdy76680000gn/T/nosfy-session-commit-s4q40rbr/DerivedBaseline/ModuleCache.noindex/XPC-EDCNPMVIP8VIW6BLS2K1LMQGP.pcm

SwiftExplicitDependencyGeneratePcm arm64 /var/folders/sk/1y78dckn1fbdyvwtdtdy76680000gn/T/nosfy-session-commit-s4q40rbr/DerivedBaseline/ModuleCache.noindex/dnssd-4C5764VBMBZNTL2X3YMWB1ZZV.pcm

SwiftExplicitDependencyGeneratePcm arm64 /var/folders/sk/1y78dckn1fbdyvwtdtdy76680000gn/T/nosfy-session-commit-s4q40rbr/DerivedBaseline/ModuleCache.noindex/os-DQ9I81M5LPYH6HSY2ZUEEI4XV.pcm

SwiftExplicitDependencyGeneratePcm arm64 /var/folders/sk/1y78dckn1fbdyvwtdtdy76680000gn/T/nosfy-session-commit-s4q40rbr/DerivedBaseline/ModuleCache.noindex/CoreFoundation-6AE9F2TMDJB8LY1EHHXTXDUAO.pcm

CopyPNGFile /var/folders/sk/1y78dckn1fbdyvwtdtdy76680000gn/T/nosfy-session-commit-s4q40rbr/DerivedBaseline/Build/Products/Debug-iphonesimulator/Nosfy.app/booster-pill.png /var/folders/sk/1y78dckn1fbdyvwtdtdy76680000gn/T/nosfy-session-commit-s4q40rbr/baseline/Nosfy/Media/booster-pill.png (in target 'Nosfy' from project 'Nosfy')
    cd /var/folders/sk/1y78dckn1fbdyvwtdtdy76680000gn/T/nosfy-session-commit-s4q40rbr/baseline
    /Applications/Xcode.app/Contents/Developer/usr/bin/copypng -compress -strip-PNG-text /var/folders/sk/1y78dckn1fbdyvwtdtdy76680000gn/T/nosfy-session-commit-s4q40rbr/baseline/Nosfy/Media/booster-pill.png /var/folders/sk/1y78dckn1fbdyvwtdtdy76680000gn/T/nosfy-session-commit-s4q40rbr/DerivedBaseline/Build/Products/Debug-iphonesimulator/Nosfy.app/booster-pill.png

SwiftExplicitDependencyGeneratePcm arm64 /var/folders/sk/1y78dckn1fbdyvwtdtdy76680000gn/T/nosfy-session-commit-s4q40rbr/DerivedBaseline/ModuleCache.noindex/Security-36GNACNX0TZZ64GQCMV9S6A9R.pcm

SwiftExplicitDependencyGeneratePcm arm64 /var/folders/sk/1y78dckn1fbdyvwtdtdy76680000gn/T/nosfy-session-commit-s4q40rbr/DerivedBaseline/ModuleCache.noindex/CFNetwork-5HG4ZTJXROMUCUZ2764WOSRZV.pcm

SwiftExplicitDependencyGeneratePcm arm64 /var/folders/sk/1y78dckn1fbdyvwtdtdy76680000gn/T/nosfy-session-commit-s4q40rbr/DerivedBaseline/ModuleCache.noindex/CoreGraphics-3N8VFBTWKDHYVXVXQE5DYWXBG.pcm

SwiftExplicitDependencyGeneratePcm arm64 /var/folders/sk/1y78dckn1fbdyvwtdtdy76680000gn/T/nosfy-session-commit-s4q40rbr/DerivedBaseline/ModuleCache.noindex/CoreAudioTypes-4GT3KGXODHELEQMG0QTUHYI5I.pcm

CopyPNGFile /var/folders/sk/1y78dckn1fbdyvwtdtdy76680000gn/T/nosfy-session-commit-s4q40rbr/DerivedBaseline/Build/Products/Debug-iphonesimulator/Nosfy.app/booster-pill-noir.png /var/folders/sk/1y78dckn1fbdyvwtdtdy76680000gn/T/nosfy-session-commit-s4q40rbr/baseline/Nosfy/Media/booster-pill-noir.png (in target 'Nosfy' from project 'Nosfy')
    cd /var/folders/sk/1y78dckn1fbdyvwtdtdy76680000gn/T/nosfy-session-commit-s4q40rbr/baseline
    /Applications/Xcode.app/Contents/Developer/usr/bin/copypng -compress -strip-PNG-text /var/folders/sk/1y78dckn1fbdyvwtdtdy76680000gn/T/nosfy-session-commit-s4q40rbr/baseline/Nosfy/Media/booster-pill-noir.png /var/folders/sk/1y78dckn1fbdyvwtdtdy76680000gn/T/nosfy-session-commit-s4q40rbr/DerivedBaseline/Build/Products/Debug-iphonesimulator/Nosfy.app/booster-pill-noir.png

SwiftExplicitDependencyGeneratePcm arm64 /var/folders/sk/1y78dckn1fbdyvwtdtdy76680000gn/T/nosfy-session-commit-s4q40rbr/DerivedBaseline/ModuleCache.noindex/Foundation-CZYIPPNWC2EZW66JKCJVKH3U3.pcm

SwiftExplicitDependencyGeneratePcm arm64 /var/folders/sk/1y78dckn1fbdyvwtdtdy76680000gn/T/nosfy-session-commit-s4q40rbr/DerivedBaseline/ModuleCache.noindex/CoreAudio-O4HZ71NRKJM7GW9XP41V9AWC.pcm

SwiftExplicitDependencyGeneratePcm arm64 /var/folders/sk/1y78dckn1fbdyvwtdtdy76680000gn/T/nosfy-session-commit-s4q40rbr/DerivedBaseline/ModuleCache.noindex/CoreText-AHUJ8Z9Q787WES727IAVMOW1M.pcm

SwiftExplicitDependencyGeneratePcm arm64 /var/folders/sk/1y78dckn1fbdyvwtdtdy76680000gn/T/nosfy-session-commit-s4q40rbr/DerivedBaseline/ModuleCache.noindex/ImageIO-8KR87Z1R91T9LWGU06UD8T5UP.pcm

CopyPNGFile /var/folders/sk/1y78dckn1fbdyvwtdtdy76680000gn/T/nosfy-session-commit-s4q40rbr/DerivedBaseline/Build/Products/Debug-iphonesimulator/Nosfy.app/booster-normal.png /var/folders/sk/1y78dckn1fbdyvwtdtdy76680000gn/T/nosfy-session-commit-s4q40rbr/baseline/Nosfy/Media/booster-normal.png (in target 'Nosfy' from project 'Nosfy')
    cd /var/folders/sk/1y78dckn1fbdyvwtdtdy76680000gn/T/nosfy-session-commit-s4q40rbr/baseline
    /Applications/Xcode.app/Contents/Developer/usr/bin/copypng -compress -strip-PNG-text /var/folders/sk/1y78dckn1fbdyvwtdtdy76680000gn/T/nosfy-session-commit-s4q40rbr/baseline/Nosfy/Media/booster-normal.png /var/folders/sk/1y78dckn1fbdyvwtdtdy76680000gn/T/nosfy-session-commit-s4q40rbr/DerivedBaseline/Build/Products/Debug-iphonesimulator/Nosfy.app/booster-normal.png

CopyPNGFile /var/folders/sk/1y78dckn1fbdyvwtdtdy76680000gn/T/nosfy-session-commit-s4q40rbr/DerivedBaseline/Build/Products/Debug-iphonesimulator/Nosfy.app/booster-noir-emiss.png /var/folders/sk/1y78dckn1fbdyvwtdtdy76680000gn/T/nosfy-session-commit-s4q40rbr/baseline/Nosfy/Media/booster-noir-emiss.png (in target 'Nosfy' from project 'Nosfy')
    cd /var/folders/sk/1y78dckn1fbdyvwtdtdy76680000gn/T/nosfy-session-commit-s4q40rbr/baseline
    /Applications/Xcode.app/Contents/Developer/usr/bin/copypng -compress -strip-PNG-text /var/folders/sk/1y78dckn1fbdyvwtdtdy76680000gn/T/nosfy-session-commit-s4q40rbr/baseline/Nosfy/Media/booster-noir-emiss.png /var/folders/sk/1y78dckn1fbdyvwtdtdy76680000gn/T/nosfy-session-commit-s4q40rbr/DerivedBaseline/Build/Products/Debug-iphonesimulator/Nosfy.app/booster-noir-emiss.png

CopyPNGFile /var/folders/sk/1y78dckn1fbdyvwtdtdy76680000gn/T/nosfy-session-commit-s4q40rbr/DerivedBaseline/Build/Products/Debug-iphonesimulator/Nosfy.app/booster-noir-color.png /var/folders/sk/1y78dckn1fbdyvwtdtdy76680000gn/T/nosfy-session-commit-s4q40rbr/baseline/Nosfy/Media/booster-noir-color.png (in target 'Nosfy' from project 'Nosfy')
    cd /var/folders/sk/1y78dckn1fbdyvwtdtdy76680000gn/T/nosfy-session-commit-s4q40rbr/baseline
    /Applications/Xcode.app/Contents/Developer/usr/bin/copypng -compress -strip-PNG-text /var/folders/sk/1y78dckn1fbdyvwtdtdy76680000gn/T/nosfy-session-commit-s4q40rbr/baseline/Nosfy/Media/booster-noir-color.png /var/folders/sk/1y78dckn1fbdyvwtdtdy76680000gn/T/nosfy-session-commit-s4q40rbr/DerivedBaseline/Build/Products/Debug-iphonesimulator/Nosfy.app/booster-noir-color.png

CopyPNGFile /var/folders/sk/1y78dckn1fbdyvwtdtdy76680000gn/T/nosfy-session-commit-s4q40rbr/DerivedBaseline/Build/Products/Debug-iphonesimulator/Nosfy.app/booster-emiss.png /var/folders/sk/1y78dckn1fbdyvwtdtdy76680000gn/T/nosfy-session-commit-s4q40rbr/baseline/Nosfy/Media/booster-emiss.png (in target 'Nosfy' from project 'Nosfy')
    cd /var/folders/sk/1y78dckn1fbdyvwtdtdy76680000gn/T/nosfy-session-commit-s4q40rbr/baseline
    /Applications/Xcode.app/Contents/Developer/usr/bin/copypng -compress -strip-PNG-text /var/folders/sk/1y78dckn1fbdyvwtdtdy76680000gn/T/nosfy-session-commit-s4q40rbr/baseline/Nosfy/Media/booster-emiss.png /var/folders/sk/1y78dckn1fbdyvwtdtdy76680000gn/T/nosfy-session-commit-s4q40rbr/DerivedBaseline/Build/Products/Debug-iphonesimulator/Nosfy.app/booster-emiss.png

CopyPNGFile /var/folders/sk/1y78dckn1fbdyvwtdtdy76680000gn/T/nosfy-session-commit-s4q40rbr/DerivedBaseline/Build/Products/Debug-iphonesimulator/Nosfy.app/booster-color.png /var/folders/sk/1y78dckn1fbdyvwtdtdy76680000gn/T/nosfy-session-commit-s4q40rbr/baseline/Nosfy/Media/booster-color.png (in target 'Nosfy' from project 'Nosfy')
    cd /var/folders/sk/1y78dckn1fbdyvwtdtdy76680000gn/T/nosfy-session-commit-s4q40rbr/baseline
    /Applications/Xcode.app/Contents/Developer/usr/bin/copypng -compress -strip-PNG-text /var/folders/sk/1y78dckn1fbdyvwtdtdy76680000gn/T/nosfy-session-commit-s4q40rbr/baseline/Nosfy/Media/booster-color.png /var/folders/sk/1y78dckn1fbdyvwtdtdy76680000gn/T/nosfy-session-commit-s4q40rbr/DerivedBaseline/Build/Products/Debug-iphonesimulator/Nosfy.app/booster-color.png

SwiftExplicitDependencyGeneratePcm arm64 /var/folders/sk/1y78dckn1fbdyvwtdtdy76680000gn/T/nosfy-session-commit-s4q40rbr/DerivedBaseline/ModuleCache.noindex/Symbols-7LNZL6M2XTZAFSNF3EX4TTPRF.pcm

SwiftExplicitDependencyGeneratePcm arm64 /var/folders/sk/1y78dckn1fbdyvwtdtdy76680000gn/T/nosfy-session-commit-s4q40rbr/DerivedBaseline/ModuleCache.noindex/CoreTransferable-5IL9RAOFS2RR5YTN0X064OYUG.pcm

SwiftExplicitDependencyGeneratePcm arm64 /var/folders/sk/1y78dckn1fbdyvwtdtdy76680000gn/T/nosfy-session-commit-s4q40rbr/DerivedBaseline/ModuleCache.noindex/DataDetection-8NNBNA6RVP0N61UDXNRJGTW8V.pcm

SwiftExplicitDependencyGeneratePcm arm64 /var/folders/sk/1y78dckn1fbdyvwtdtdy76680000gn/T/nosfy-session-commit-s4q40rbr/DerivedBaseline/ModuleCache.noindex/CoreData-CK6WRS214CNYDINFT1JZJBL84.pcm

SwiftExplicitDependencyGeneratePcm arm64 /var/folders/sk/1y78dckn1fbdyvwtdtdy76680000gn/T/nosfy-session-commit-s4q40rbr/DerivedBaseline/ModuleCache.noindex/WidgetKit-3PS59ML87YEVCSVUBPOUSN6RB.pcm

SwiftExplicitDependencyGeneratePcm arm64 /var/folders/sk/1y78dckn1fbdyvwtdtdy76680000gn/T/nosfy-session-commit-s4q40rbr/DerivedBaseline/ModuleCache.noindex/_LocationEssentials-6ORH49JQUVGIHIRRHVOZC85KL.pcm

SwiftExplicitDependencyGeneratePcm arm64 /var/folders/sk/1y78dckn1fbdyvwtdtdy76680000gn/T/nosfy-session-commit-s4q40rbr/DerivedBaseline/ModuleCache.noindex/FileProvider-44N2KU1DP06N0AKUHLUUJGJDB.pcm

SwiftExplicitDependencyGeneratePcm arm64 /var/folders/sk/1y78dckn1fbdyvwtdtdy76680000gn/T/nosfy-session-commit-s4q40rbr/DerivedBaseline/ModuleCache.noindex/UserNotifications-DARE3Y0Z5W8AQSZCHXRXLJE6A.pcm

SwiftExplicitDependencyGeneratePcm arm64 /var/folders/sk/1y78dckn1fbdyvwtdtdy76680000gn/T/nosfy-session-commit-s4q40rbr/DerivedBaseline/ModuleCache.noindex/Accessibility-2DS3E09TWJSXIS4BLZOHKBACH.pcm

SwiftExplicitDependencyGeneratePcm arm64 /var/folders/sk/1y78dckn1fbdyvwtdtdy76680000gn/T/nosfy-session-commit-s4q40rbr/DerivedBaseline/ModuleCache.noindex/OpenGLES-5FMVVAX23CKVHK989V3YSMKBF.pcm

SwiftExplicitDependencyGeneratePcm arm64 /var/folders/sk/1y78dckn1fbdyvwtdtdy76680000gn/T/nosfy-session-commit-s4q40rbr/DerivedBaseline/ModuleCache.noindex/AppIntents-22IQTHW4ZAX869TN8ACTFRA45.pcm

SwiftExplicitDependencyGeneratePcm arm64 /var/folders/sk/1y78dckn1fbdyvwtdtdy76680000gn/T/nosfy-session-commit-s4q40rbr/DerivedBaseline/ModuleCache.noindex/OSLog-7OM2DUBGD4DTNKCKLRJOS9DG8.pcm

SwiftExplicitDependencyGeneratePcm arm64 /var/folders/sk/1y78dckn1fbdyvwtdtdy76680000gn/T/nosfy-session-commit-s4q40rbr/DerivedBaseline/ModuleCache.noindex/UIUtilities-6NO81KKQNOI0BF701YLA2JVAP.pcm

SwiftExplicitDependencyGeneratePcm arm64 /var/folders/sk/1y78dckn1fbdyvwtdtdy76680000gn/T/nosfy-session-commit-s4q40rbr/DerivedBaseline/ModuleCache.noindex/CoreHaptics-DD5P1AA0NCZAMTL7UZI035II8.pcm

SwiftExplicitDependencyGeneratePcm arm64 /var/folders/sk/1y78dckn1fbdyvwtdtdy76680000gn/T/nosfy-session-commit-s4q40rbr/DerivedBaseline/ModuleCache.noindex/CoreLocation-27P7K6OGF65EZE3XK07YN5BED.pcm

SwiftExplicitDependencyGeneratePcm arm64 /var/folders/sk/1y78dckn1fbdyvwtdtdy76680000gn/T/nosfy-session-commit-s4q40rbr/DerivedBaseline/ModuleCache.noindex/UniformTypeIdentifiers-14DUR5P48NV6ROE2UHD9JK1KN.pcm

SwiftExplicitDependencyGeneratePcm arm64 /var/folders/sk/1y78dckn1fbdyvwtdtdy76680000gn/T/nosfy-session-commit-s4q40rbr/DerivedBaseline/ModuleCache.noindex/LocalAuthentication-90Q0Z9KJA6BHH96X66PPQK4L1.pcm

SwiftExplicitDependencyGeneratePcm arm64 /var/folders/sk/1y78dckn1fbdyvwtdtdy76680000gn/T/nosfy-session-commit-s4q40rbr/DerivedBaseline/ModuleCache.noindex/IOSurface-9PU6TGKQB292IYFNY3NEL3Z5U.pcm

SwiftExplicitDependencyGeneratePcm arm64 /var/folders/sk/1y78dckn1fbdyvwtdtdy76680000gn/T/nosfy-session-commit-s4q40rbr/DerivedBaseline/ModuleCache.noindex/Network-AJ7FZE6IHRKE6B03B5XZ19MH3.pcm

SwiftExplicitDependencyGeneratePcm arm64 /var/folders/sk/1y78dckn1fbdyvwtdtdy76680000gn/T/nosfy-session-commit-s4q40rbr/DerivedBaseline/ModuleCache.noindex/CoreMIDI-3KD24KIF9FHVZZAMTTU7TVJCS.pcm

SwiftExplicitDependencyGeneratePcm arm64 /var/folders/sk/1y78dckn1fbdyvwtdtdy76680000gn/T/nosfy-session-commit-s4q40rbr/DerivedBaseline/ModuleCache.noindex/RelevanceKit-VK0E7CANSOSCD7PMFJ41I07.pcm

SwiftExplicitDependencyGeneratePcm arm64 /var/folders/sk/1y78dckn1fbdyvwtdtdy76680000gn/T/nosfy-session-commit-s4q40rbr/DerivedBaseline/ModuleCache.noindex/Intents-70FVSC54BHEZO93AGDD8HKTTY.pcm

SwiftExplicitDependencyGeneratePcm arm64 /var/folders/sk/1y78dckn1fbdyvwtdtdy76680000gn/T/nosfy-session-commit-s4q40rbr/DerivedBaseline/ModuleCache.noindex/CoreMotion-34W8KYMEJDA09WTPXJNH259X1.pcm

SwiftExplicitDependencyGeneratePcm arm64 /var/folders/sk/1y78dckn1fbdyvwtdtdy76680000gn/T/nosfy-session-commit-s4q40rbr/DerivedBaseline/ModuleCache.noindex/CoreSpotlight-5KYZ2K77Y4A29U7MH4LNJ9CRP.pcm

SwiftExplicitDependencyGeneratePcm arm64 /var/folders/sk/1y78dckn1fbdyvwtdtdy76680000gn/T/nosfy-session-commit-s4q40rbr/DerivedBaseline/ModuleCache.noindex/Metal-ATW54O0RUNBLY1B7ET3JSY2EM.pcm

SwiftExplicitDependencyGeneratePcm arm64 /var/folders/sk/1y78dckn1fbdyvwtdtdy76680000gn/T/nosfy-session-commit-s4q40rbr/DerivedBaseline/ModuleCache.noindex/ModelIO-9WYYQ5UOTJVKVII1RJ2YVJ6CG.pcm

SwiftExplicitDependencyGeneratePcm arm64 /var/folders/sk/1y78dckn1fbdyvwtdtdy76680000gn/T/nosfy-session-commit-s4q40rbr/DerivedBaseline/ModuleCache.noindex/AVRouting-9XHD12LS1CHDQYSI9S53YZSFX.pcm

SwiftExplicitDependencyGeneratePcm arm64 /var/folders/sk/1y78dckn1fbdyvwtdtdy76680000gn/T/nosfy-session-commit-s4q40rbr/DerivedBaseline/ModuleCache.noindex/AudioToolbox-5A2UO85AKE7JGNM92SP4EV071.pcm

CopyPNGFile /var/folders/sk/1y78dckn1fbdyvwtdtdy76680000gn/T/nosfy-session-commit-s4q40rbr/DerivedBaseline/Build/Products/Debug-iphonesimulator/Nosfy.app/booster-carte.png /var/folders/sk/1y78dckn1fbdyvwtdtdy76680000gn/T/nosfy-session-commit-s4q40rbr/baseline/Nosfy/Media/booster-carte.png (in target 'Nosfy' from project 'Nosfy')
    cd /var/folders/sk/1y78dckn1fbdyvwtdtdy76680000gn/T/nosfy-session-commit-s4q40rbr/baseline
    /Applications/Xcode.app/Contents/Developer/usr/bin/copypng -compress -strip-PNG-text /var/folders/sk/1y78dckn1fbdyvwtdtdy76680000gn/T/nosfy-session-commit-s4q40rbr/baseline/Nosfy/Media/booster-carte.png /var/folders/sk/1y78dckn1fbdyvwtdtdy76680000gn/T/nosfy-session-commit-s4q40rbr/DerivedBaseline/Build/Products/Debug-iphonesimulator/Nosfy.app/booster-carte.png

SwiftExplicitDependencyGeneratePcm arm64 /var/folders/sk/1y78dckn1fbdyvwtdtdy76680000gn/T/nosfy-session-commit-s4q40rbr/DerivedBaseline/ModuleCache.noindex/CoreVideo-6OLDWENA6H48C04W6TKGQEEKO.pcm

SwiftExplicitDependencyGeneratePcm arm64 /var/folders/sk/1y78dckn1fbdyvwtdtdy76680000gn/T/nosfy-session-commit-s4q40rbr/DerivedBaseline/ModuleCache.noindex/CoreImage-768SJ67KYIBP5M7YJZ0J5A04B.pcm

SwiftExplicitDependencyGeneratePcm arm64 /var/folders/sk/1y78dckn1fbdyvwtdtdy76680000gn/T/nosfy-session-commit-s4q40rbr/DerivedBaseline/ModuleCache.noindex/CoreMedia-1K81966ITLRSYPG9YHTXT8R96.pcm

SwiftExplicitDependencyGeneratePcm arm64 /var/folders/sk/1y78dckn1fbdyvwtdtdy76680000gn/T/nosfy-session-commit-s4q40rbr/DerivedBaseline/ModuleCache.noindex/QuartzCore-5TBFFKUJWO9CY1QG28NET44EW.pcm

SwiftExplicitDependencyGeneratePcm arm64 /var/folders/sk/1y78dckn1fbdyvwtdtdy76680000gn/T/nosfy-session-commit-s4q40rbr/DerivedBaseline/ModuleCache.noindex/SwiftUICore-BVB4KUK1506OEG715VG8XW34O.pcm

SwiftExplicitDependencyGeneratePcm arm64 /var/folders/sk/1y78dckn1fbdyvwtdtdy76680000gn/T/nosfy-session-commit-s4q40rbr/DerivedBaseline/ModuleCache.noindex/AVFAudio-23SJLHM6L8MAIGXQ1GXJ6UIVS.pcm

SwiftExplicitDependencyGeneratePcm arm64 /var/folders/sk/1y78dckn1fbdyvwtdtdy76680000gn/T/nosfy-session-commit-s4q40rbr/DerivedBaseline/ModuleCache.noindex/MediaToolbox-7ZZ5824ROW49G8A1JAV9S68W3.pcm

SwiftExplicitDependencyGeneratePcm arm64 /var/folders/sk/1y78dckn1fbdyvwtdtdy76680000gn/T/nosfy-session-commit-s4q40rbr/DerivedBaseline/ModuleCache.noindex/UIKit-EC4QO2X1K7EK52DUPIMJS903H.pcm

SwiftExplicitDependencyGeneratePcm arm64 /var/folders/sk/1y78dckn1fbdyvwtdtdy76680000gn/T/nosfy-session-commit-s4q40rbr/DerivedBaseline/ModuleCache.noindex/AVFoundation-3TZ9UB2GUCI0LT4OXH93BCJN4.pcm

SwiftExplicitDependencyGeneratePcm arm64 /var/folders/sk/1y78dckn1fbdyvwtdtdy76680000gn/T/nosfy-session-commit-s4q40rbr/DerivedBaseline/ModuleCache.noindex/SwiftUI-BKUFOBY2P0H1EHMCFRUEYVNLW.pcm

SwiftExplicitDependencyGeneratePcm arm64 /var/folders/sk/1y78dckn1fbdyvwtdtdy76680000gn/T/nosfy-session-commit-s4q40rbr/DerivedBaseline/ModuleCache.noindex/MetalKit-5IYN40W5FWIKLQDRCVQPYIEK1.pcm

SwiftExplicitDependencyGeneratePcm arm64 /var/folders/sk/1y78dckn1fbdyvwtdtdy76680000gn/T/nosfy-session-commit-s4q40rbr/DerivedBaseline/ModuleCache.noindex/GLKit-8PYGR7AZK57QOE6S5DSEG1IVJ.pcm

SwiftExplicitDependencyGeneratePcm arm64 /var/folders/sk/1y78dckn1fbdyvwtdtdy76680000gn/T/nosfy-session-commit-s4q40rbr/DerivedBaseline/ModuleCache.noindex/AuthenticationServices-251XKRLU9DNIZD30A9A601L3K.pcm

SwiftExplicitDependencyGeneratePcm arm64 /var/folders/sk/1y78dckn1fbdyvwtdtdy76680000gn/T/nosfy-session-commit-s4q40rbr/DerivedBaseline/ModuleCache.noindex/SceneKit-ASIH0D42H8WR2VWIWJLQSAU6Z.pcm

SwiftEmitModule normal arm64 Emitting\ module\ for\ Woop (in target 'Nosfy' from project 'Nosfy')
EmitSwiftModule normal arm64 (in target 'Nosfy' from project 'Nosfy')
    cd /var/folders/sk/1y78dckn1fbdyvwtdtdy76680000gn/T/nosfy-session-commit-s4q40rbr/baseline
    

SwiftCompile normal arm64 Compiling\ PanBande.swift,\ ParoleLigne.swift,\ PerleSemaineNative.swift,\ PiluleVagabonde.swift,\ PlayerMonde.swift,\ PorteApple.swift,\ PorteEntree.swift,\ PremiereArrivee.swift,\ ProfilLune.swift,\ ProgressionView.swift,\ ProgressPage.swift,\ RecentWorkoutCard.swift,\ RestartSheet.swift,\ RewardCard.swift,\ RewardChemin.swift,\ RewardCheminCard.swift,\ RewardCheminVariants.swift,\ RewardLab.swift,\ RythmeEcran.swift,\ SacreAccueil.swift /var/folders/sk/1y78dckn1fbdyvwtdtdy76680000gn/T/nosfy-session-commit-s4q40rbr/baseline/Nosfy/Views/PanBande.swift /var/folders/sk/1y78dckn1fbdyvwtdtdy76680000gn/T/nosfy-session-commit-s4q40rbr/baseline/Nosfy/Views/ParoleLigne.swift /var/folders/sk/1y78dckn1fbdyvwtdtdy76680000gn/T/nosfy-session-commit-s4q40rbr/baseline/Nosfy/Views/PerleSemaineNative.swift /var/folders/sk/1y78dckn1fbdyvwtdtdy76680000gn/T/nosfy-session-commit-s4q40rbr/baseline/Nosfy/Views/PiluleVagabonde.swift /var/folders/sk/1y78dckn1fbdyvwtdtdy76680000gn/T/nosfy-session-commit-s4q40rbr/baseline/Nosfy/Views/PlayerMonde.swift /var/folders/sk/1y78dckn1fbdyvwtdtdy76680000gn/T/nosfy-session-commit-s4q40rbr/baseline/Nosfy/Views/PorteApple.swift /var/folders/sk/1y78dckn1fbdyvwtdtdy76680000gn/T/nosfy-session-commit-s4q40rbr/baseline/Nosfy/Views/PorteEntree.swift /var/folders/sk/1y78dckn1fbdyvwtdtdy76680000gn/T/nosfy-session-commit-s4q40rbr/baseline/Nosfy/Views/PremiereArrivee.swift /var/folders/sk/1y78dckn1fbdyvwtdtdy76680000gn/T/nosfy-session-commit-s4q40rbr/baseline/Nosfy/Views/ProfilLune.swift /var/folders/sk/1y78dckn1fbdyvwtdtdy76680000gn/T/nosfy-session-commit-s4q40rbr/baseline/Nosfy/Views/ProgressionView.swift /var/folders/sk/1y78dckn1fbdyvwtdtdy76680000gn/T/nosfy-session-commit-s4q40rbr/baseline/Nosfy/Views/ProgressPage.swift /var/folders/sk/1y78dckn1fbdyvwtdtdy76680000gn/T/nosfy-session-commit-s4q40rbr/baseline/Nosfy/Views/RecentWorkoutCard.swift /var/folders/sk/1y78dckn1fbdyvwtdtdy76680000gn/T/nosfy-session-commit-s4q40rbr/baseline/Nosfy/Views/RestartSheet.swift /var/folders/sk/1y78dckn1fbdyvwtdtdy76680000gn/T/nosfy-session-commit-s4q40rbr/baseline/Nosfy/Views/RewardCard.swift /var/folders/sk/1y78dckn1fbdyvwtdtdy76680000gn/T/nosfy-session-commit-s4q40rbr/baseline/Nosfy/Views/RewardChemin.swift /var/folders/sk/1y78dckn1fbdyvwtdtdy76680000gn/T/nosfy-session-commit-s4q40rbr/baseline/Nosfy/Views/RewardCheminCard.swift /var/folders/sk/1y78dckn1fbdyvwtdtdy76680000gn/T/nosfy-session-commit-s4q40rbr/baseline/Nosfy/Views/RewardCheminVariants.swift /var/folders/sk/1y78dckn1fbdyvwtdtdy76680000gn/T/nosfy-session-commit-s4q40rbr/baseline/Nosfy/Views/RewardLab.swift /var/folders/sk/1y78dckn1fbdyvwtdtdy76680000gn/T/nosfy-session-commit-s4q40rbr/baseline/Nosfy/Views/RythmeEcran.swift /var/folders/sk/1y78dckn1fbdyvwtdtdy76680000gn/T/nosfy-session-commit-s4q40rbr/baseline/Nosfy/Views/SacreAccueil.swift (in target 'Nosfy' from project 'Nosfy')
SwiftCompile normal arm64 /var/folders/sk/1y78dckn1fbdyvwtdtdy76680000gn/T/nosfy-session-commit-s4q40rbr/baseline/Nosfy/Views/PanBande.swift (in target 'Nosfy' from project 'Nosfy')
    cd /var/folders/sk/1y78dckn1fbdyvwtdtdy76680000gn/T/nosfy-session-commit-s4q40rbr/baseline
    

SwiftCompile normal arm64 /var/folders/sk/1y78dckn1fbdyvwtdtdy76680000gn/T/nosfy-session-commit-s4q40rbr/baseline/Nosfy/Views/ParoleLigne.swift (in target 'Nosfy' from project 'Nosfy')
    cd /var/folders/sk/1y78dckn1fbdyvwtdtdy76680000gn/T/nosfy-session-commit-s4q40rbr/baseline
    

SwiftCompile normal arm64 /var/folders/sk/1y78dckn1fbdyvwtdtdy76680000gn/T/nosfy-session-commit-s4q40rbr/baseline/Nosfy/Views/PerleSemaineNative.swift (in target 'Nosfy' from project 'Nosfy')
    cd /var/folders/sk/1y78dckn1fbdyvwtdtdy76680000gn/T/nosfy-session-commit-s4q40rbr/baseline
    

SwiftCompile normal arm64 /var/folders/sk/1y78dckn1fbdyvwtdtdy76680000gn/T/nosfy-session-commit-s4q40rbr/baseline/Nosfy/Views/PiluleVagabonde.swift (in target 'Nosfy' from project 'Nosfy')
    cd /var/folders/sk/1y78dckn1fbdyvwtdtdy76680000gn/T/nosfy-session-commit-s4q40rbr/baseline
    

SwiftCompile normal arm64 /var/folders/sk/1y78dckn1fbdyvwtdtdy76680000gn/T/nosfy-session-commit-s4q40rbr/baseline/Nosfy/Views/PlayerMonde.swift (in target 'Nosfy' from project 'Nosfy')
    cd /var/folders/sk/1y78dckn1fbdyvwtdtdy76680000gn/T/nosfy-session-commit-s4q40rbr/baseline
    

SwiftCompile normal arm64 /var/folders/sk/1y78dckn1fbdyvwtdtdy76680000gn/T/nosfy-session-commit-s4q40rbr/baseline/Nosfy/Views/PorteApple.swift (in target 'Nosfy' from project 'Nosfy')
    cd /var/folders/sk/1y78dckn1fbdyvwtdtdy76680000gn/T/nosfy-session-commit-s4q40rbr/baseline
    

SwiftCompile normal arm64 /var/folders/sk/1y78dckn1fbdyvwtdtdy76680000gn/T/nosfy-session-commit-s4q40rbr/baseline/Nosfy/Views/PorteEntree.swift (in target 'Nosfy' from project 'Nosfy')
    cd /var/folders/sk/1y78dckn1fbdyvwtdtdy76680000gn/T/nosfy-session-commit-s4q40rbr/baseline
    

SwiftCompile normal arm64 /var/folders/sk/1y78dckn1fbdyvwtdtdy76680000gn/T/nosfy-session-commit-s4q40rbr/baseline/Nosfy/Views/PremiereArrivee.swift (in target 'Nosfy' from project 'Nosfy')
    cd /var/folders/sk/1y78dckn1fbdyvwtdtdy76680000gn/T/nosfy-session-commit-s4q40rbr/baseline
    

SwiftCompile normal arm64 /var/folders/sk/1y78dckn1fbdyvwtdtdy76680000gn/T/nosfy-session-commit-s4q40rbr/baseline/Nosfy/Views/ProfilLune.swift (in target 'Nosfy' from project 'Nosfy')
    cd /var/folders/sk/1y78dckn1fbdyvwtdtdy76680000gn/T/nosfy-session-commit-s4q40rbr/baseline
    

SwiftCompile normal arm64 /var/folders/sk/1y78dckn1fbdyvwtdtdy76680000gn/T/nosfy-session-commit-s4q40rbr/baseline/Nosfy/Views/ProgressionView.swift (in target 'Nosfy' from project 'Nosfy')
    cd /var/folders/sk/1y78dckn1fbdyvwtdtdy76680000gn/T/nosfy-session-commit-s4q40rbr/baseline
    

SwiftCompile normal arm64 /var/folders/sk/1y78dckn1fbdyvwtdtdy76680000gn/T/nosfy-session-commit-s4q40rbr/baseline/Nosfy/Views/ProgressPage.swift (in target 'Nosfy' from project 'Nosfy')
    cd /var/folders/sk/1y78dckn1fbdyvwtdtdy76680000gn/T/nosfy-session-commit-s4q40rbr/baseline
    

SwiftCompile normal arm64 /var/folders/sk/1y78dckn1fbdyvwtdtdy76680000gn/T/nosfy-session-commit-s4q40rbr/baseline/Nosfy/Views/RecentWorkoutCard.swift (in target 'Nosfy' from project 'Nosfy')
    cd /var/folders/sk/1y78dckn1fbdyvwtdtdy76680000gn/T/nosfy-session-commit-s4q40rbr/baseline
    

SwiftCompile normal arm64 /var/folders/sk/1y78dckn1fbdyvwtdtdy76680000gn/T/nosfy-session-commit-s4q40rbr/baseline/Nosfy/Views/RestartSheet.swift (in target 'Nosfy' from project 'Nosfy')
    cd /var/folders/sk/1y78dckn1fbdyvwtdtdy76680000gn/T/nosfy-session-commit-s4q40rbr/baseline
    

SwiftCompile normal arm64 /var/folders/sk/1y78dckn1fbdyvwtdtdy76680000gn/T/nosfy-session-commit-s4q40rbr/baseline/Nosfy/Views/RewardCard.swift (in target 'Nosfy' from project 'Nosfy')
    cd /var/folders/sk/1y78dckn1fbdyvwtdtdy76680000gn/T/nosfy-session-commit-s4q40rbr/baseline
    

SwiftCompile normal arm64 /var/folders/sk/1y78dckn1fbdyvwtdtdy76680000gn/T/nosfy-session-commit-s4q40rbr/baseline/Nosfy/Views/RewardChemin.swift (in target 'Nosfy' from project 'Nosfy')
    cd /var/folders/sk/1y78dckn1fbdyvwtdtdy76680000gn/T/nosfy-session-commit-s4q40rbr/baseline
    

SwiftCompile normal arm64 /var/folders/sk/1y78dckn1fbdyvwtdtdy76680000gn/T/nosfy-session-commit-s4q40rbr/baseline/Nosfy/Views/RewardCheminCard.swift (in target 'Nosfy' from project 'Nosfy')
    cd /var/folders/sk/1y78dckn1fbdyvwtdtdy76680000gn/T/nosfy-session-commit-s4q40rbr/baseline
    

SwiftCompile normal arm64 /var/folders/sk/1y78dckn1fbdyvwtdtdy76680000gn/T/nosfy-session-commit-s4q40rbr/baseline/Nosfy/Views/RewardCheminVariants.swift (in target 'Nosfy' from project 'Nosfy')
    cd /var/folders/sk/1y78dckn1fbdyvwtdtdy76680000gn/T/nosfy-session-commit-s4q40rbr/baseline
    

SwiftCompile normal arm64 /var/folders/sk/1y78dckn1fbdyvwtdtdy76680000gn/T/nosfy-session-commit-s4q40rbr/baseline/Nosfy/Views/RewardLab.swift (in target 'Nosfy' from project 'Nosfy')
    cd /var/folders/sk/1y78dckn1fbdyvwtdtdy76680000gn/T/nosfy-session-commit-s4q40rbr/baseline
    

SwiftCompile normal arm64 /var/folders/sk/1y78dckn1fbdyvwtdtdy76680000gn/T/nosfy-session-commit-s4q40rbr/baseline/Nosfy/Views/RythmeEcran.swift (in target 'Nosfy' from project 'Nosfy')
    cd /var/folders/sk/1y78dckn1fbdyvwtdtdy76680000gn/T/nosfy-session-commit-s4q40rbr/baseline
    

SwiftCompile normal arm64 /var/folders/sk/1y78dckn1fbdyvwtdtdy76680000gn/T/nosfy-session-commit-s4q40rbr/baseline/Nosfy/Views/SacreAccueil.swift (in target 'Nosfy' from project 'Nosfy')
    cd /var/folders/sk/1y78dckn1fbdyvwtdtdy76680000gn/T/nosfy-session-commit-s4q40rbr/baseline
    

SwiftCompile normal arm64 Compiling\ LuneDeSang.swift,\ MenuCouronne.swift,\ MenuNappe.swift,\ MoonCoinLab.swift,\ MoonSplash.swift,\ NavDiagnostic.swift,\ NavEncre.swift,\ NavLab.swift,\ NeonPrimaryButton.swift,\ NeonPrimaryLab.swift,\ NosfyOnboarding.swift,\ NotchedCard.swift,\ NotifCard.swift,\ NotifChasse.swift,\ NotifLab.swift,\ ObjectiveCard.swift,\ ObjectiveCardLab.swift,\ ObsidianCard.swift,\ ObsidianCardLab.swift,\ PageCard.swift /var/folders/sk/1y78dckn1fbdyvwtdtdy76680000gn/T/nosfy-session-commit-s4q40rbr/baseline/Nosfy/Views/LuneDeSang.swift /var/folders/sk/1y78dckn1fbdyvwtdtdy76680000gn/T/nosfy-session-commit-s4q40rbr/baseline/Nosfy/Views/MenuCouronne.swift /var/folders/sk/1y78dckn1fbdyvwtdtdy76680000gn/T/nosfy-session-commit-s4q40rbr/baseline/Nosfy/Views/MenuNappe.swift /var/folders/sk/1y78dckn1fbdyvwtdtdy76680000gn/T/nosfy-session-commit-s4q40rbr/baseline/Nosfy/Views/MoonCoinLab.swift /var/folders/sk/1y78dckn1fbdyvwtdtdy76680000gn/T/nosfy-session-commit-s4q40rbr/baseline/Nosfy/Views/MoonSplash.swift /var/folders/sk/1y78dckn1fbdyvwtdtdy76680000gn/T/nosfy-session-commit-s4q40rbr/baseline/Nosfy/Views/NavDiagnostic.swift /var/folders/sk/1y78dckn1fbdyvwtdtdy76680000gn/T/nosfy-session-commit-s4q40rbr/baseline/Nosfy/Views/NavEncre.swift /var/folders/sk/1y78dckn1fbdyvwtdtdy76680000gn/T/nosfy-session-commit-s4q40rbr/baseline/Nosfy/Views/NavLab.swift /var/folders/sk/1y78dckn1fbdyvwtdtdy76680000gn/T/nosfy-session-commit-s4q40rbr/baseline/Nosfy/Views/NeonPrimaryButton.swift /var/folders/sk/1y78dckn1fbdyvwtdtdy76680000gn/T/nosfy-session-commit-s4q40rbr/baseline/Nosfy/Views/NeonPrimaryLab.swift /var/folders/sk/1y78dckn1fbdyvwtdtdy76680000gn/T/nosfy-session-commit-s4q40rbr/baseline/Nosfy/Views/NosfyOnboarding.swift /var/folders/sk/1y78dckn1fbdyvwtdtdy76680000gn/T/nosfy-session-commit-s4q40rbr/baseline/Nosfy/Views/NotchedCard.swift /var/folders/sk/1y78dckn1fbdyvwtdtdy76680000gn/T/nosfy-session-commit-s4q40rbr/baseline/Nosfy/Views/NotifCard.swift /var/folders/sk/1y78dckn1fbdyvwtdtdy76680000gn/T/nosfy-session-commit-s4q40rbr/baseline/Nosfy/Views/NotifChasse.swift /var/folders/sk/1y78dckn1fbdyvwtdtdy76680000gn/T/nosfy-session-commit-s4q40rbr/baseline/Nosfy/Views/NotifLab.swift /var/folders/sk/1y78dckn1fbdyvwtdtdy76680000gn/T/nosfy-session-commit-s4q40rbr/baseline/Nosfy/Views/ObjectiveCard.swift /var/folders/sk/1y78dckn1fbdyvwtdtdy76680000gn/T/nosfy-session-commit-s4q40rbr/baseline/Nosfy/Views/ObjectiveCardLab.swift /var/folders/sk/1y78dckn1fbdyvwtdtdy76680000gn/T/nosfy-session-commit-s4q40rbr/baseline/Nosfy/Views/ObsidianCard.swift /var/folders/sk/1y78dckn1fbdyvwtdtdy76680000gn/T/nosfy-session-commit-s4q40rbr/baseline/Nosfy/Views/ObsidianCardLab.swift /var/folders/sk/1y78dckn1fbdyvwtdtdy76680000gn/T/nosfy-session-commit-s4q40rbr/baseline/Nosfy/Views/PageCard.swift (in target 'Nosfy' from project 'Nosfy')

SwiftCompile normal arm64 /var/folders/sk/1y78dckn1fbdyvwtdtdy76680000gn/T/nosfy-session-commit-s4q40rbr/baseline/Nosfy/Views/LuneDeSang.swift (in target 'Nosfy' from project 'Nosfy')
    cd /var/folders/sk/1y78dckn1fbdyvwtdtdy76680000gn/T/nosfy-session-commit-s4q40rbr/baseline
    

SwiftCompile normal arm64 /var/folders/sk/1y78dckn1fbdyvwtdtdy76680000gn/T/nosfy-session-commit-s4q40rbr/baseline/Nosfy/Views/MenuCouronne.swift (in target 'Nosfy' from project 'Nosfy')
    cd /var/folders/sk/1y78dckn1fbdyvwtdtdy76680000gn/T/nosfy-session-commit-s4q40rbr/baseline
    

SwiftCompile normal arm64 /var/folders/sk/1y78dckn1fbdyvwtdtdy76680000gn/T/nosfy-session-commit-s4q40rbr/baseline/Nosfy/Views/MenuNappe.swift (in target 'Nosfy' from project 'Nosfy')
    cd /var/folders/sk/1y78dckn1fbdyvwtdtdy76680000gn/T/nosfy-session-commit-s4q40rbr/baseline
    
/var/folders/sk/1y78dckn1fbdyvwtdtdy76680000gn/T/nosfy-session-commit-s4q40rbr/baseline/Nosfy/Views/MenuNappe.swift:1837:34: warning: call to main actor-isolated instance method 'dragLevel' in a synchronous nonisolated context
            RocketHaptics.shared.dragLevel(x * 0.55)
                                 ^
/var/folders/sk/1y78dckn1fbdyvwtdtdy76680000gn/T/nosfy-session-commit-s4q40rbr/baseline/Nosfy/Figures/RocketHaptics.swift:343:10: note: calls to instance method 'dragLevel' from outside of its actor context are implicitly asynchronous
    func dragLevel(_ climb: Double) {
         ^
/var/folders/sk/1y78dckn1fbdyvwtdtdy76680000gn/T/nosfy-session-commit-s4q40rbr/baseline/Nosfy/Views/MenuNappe.swift:1837:27: warning: main actor-isolated static property 'shared' can not be referenced from a Sendable closure
            RocketHaptics.shared.dragLevel(x * 0.55)
                          ^
/var/folders/sk/1y78dckn1fbdyvwtdtdy76680000gn/T/nosfy-session-commit-s4q40rbr/baseline/Nosfy/Figures/RocketHaptics.swift:25:16: note: static property declared here
    static let shared = RocketHaptics()
               ^

SwiftCompile normal arm64 /var/folders/sk/1y78dckn1fbdyvwtdtdy76680000gn/T/nosfy-session-commit-s4q40rbr/baseline/Nosfy/Views/MoonCoinLab.swift (in target 'Nosfy' from project 'Nosfy')
    cd /var/folders/sk/1y78dckn1fbdyvwtdtdy76680000gn/T/nosfy-session-commit-s4q40rbr/baseline
    

SwiftCompile normal arm64 /var/folders/sk/1y78dckn1fbdyvwtdtdy76680000gn/T/nosfy-session-commit-s4q40rbr/baseline/Nosfy/Views/MoonSplash.swift (in target 'Nosfy' from project 'Nosfy')
    cd /var/folders/sk/1y78dckn1fbdyvwtdtdy76680000gn/T/nosfy-session-commit-s4q40rbr/baseline
    
/var/folders/sk/1y78dckn1fbdyvwtdtdy76680000gn/T/nosfy-session-commit-s4q40rbr/baseline/Nosfy/Views/MoonSplash.swift:883:60: warning: main actor-isolated property 'start' cannot be accessed from outside of the actor; this is an error in the Swift 6 language mode
                let left = when - Date().timeIntervalSince(start)
                           ~~~~~~~~~~~~~~~~~~~~~~~~~~~~~~~~^~~~~~
                           await 

SwiftCompile normal arm64 /var/folders/sk/1y78dckn1fbdyvwtdtdy76680000gn/T/nosfy-session-commit-s4q40rbr/baseline/Nosfy/Views/NavDiagnostic.swift (in target 'Nosfy' from project 'Nosfy')
    cd /var/folders/sk/1y78dckn1fbdyvwtdtdy76680000gn/T/nosfy-session-commit-s4q40rbr/baseline
    

SwiftCompile normal arm64 /var/folders/sk/1y78dckn1fbdyvwtdtdy76680000gn/T/nosfy-session-commit-s4q40rbr/baseline/Nosfy/Views/NavEncre.swift (in target 'Nosfy' from project 'Nosfy')
    cd /var/folders/sk/1y78dckn1fbdyvwtdtdy76680000gn/T/nosfy-session-commit-s4q40rbr/baseline
    

SwiftCompile normal arm64 /var/folders/sk/1y78dckn1fbdyvwtdtdy76680000gn/T/nosfy-session-commit-s4q40rbr/baseline/Nosfy/Views/NavLab.swift (in target 'Nosfy' from project 'Nosfy')
    cd /var/folders/sk/1y78dckn1fbdyvwtdtdy76680000gn/T/nosfy-session-commit-s4q40rbr/baseline
    

SwiftCompile normal arm64 /var/folders/sk/1y78dckn1fbdyvwtdtdy76680000gn/T/nosfy-session-commit-s4q40rbr/baseline/Nosfy/Views/NeonPrimaryButton.swift (in target 'Nosfy' from project 'Nosfy')
    cd /var/folders/sk/1y78dckn1fbdyvwtdtdy76680000gn/T/nosfy-session-commit-s4q40rbr/baseline
    

SwiftCompile normal arm64 /var/folders/sk/1y78dckn1fbdyvwtdtdy76680000gn/T/nosfy-session-commit-s4q40rbr/baseline/Nosfy/Views/NeonPrimaryLab.swift (in target 'Nosfy' from project 'Nosfy')
    cd /var/folders/sk/1y78dckn1fbdyvwtdtdy76680000gn/T/nosfy-session-commit-s4q40rbr/baseline
    

SwiftCompile normal arm64 /var/folders/sk/1y78dckn1fbdyvwtdtdy76680000gn/T/nosfy-session-commit-s4q40rbr/baseline/Nosfy/Views/NosfyOnboarding.swift (in target 'Nosfy' from project 'Nosfy')
    cd /var/folders/sk/1y78dckn1fbdyvwtdtdy76680000gn/T/nosfy-session-commit-s4q40rbr/baseline
    
/var/folders/sk/1y78dckn1fbdyvwtdtdy76680000gn/T/nosfy-session-commit-s4q40rbr/baseline/Nosfy/Views/NosfyOnboarding.swift:501:65: warning: backward matching of the unlabeled trailing closure is deprecated; label the argument with 'onTap' to suppress this warning
                SemaineTapable(choisis: reponses.jours, en: en) { i in
                                                              ~ ^
                                                              , onTap: 
/var/folders/sk/1y78dckn1fbdyvwtdtdy76680000gn/T/nosfy-session-commit-s4q40rbr/baseline/Nosfy/Views/NosfyOnboarding.swift:1868:16: note: 'init(choisis:onTap:en:)' declared here
private struct SemaineTapable: View {
               ^
/var/folders/sk/1y78dckn1fbdyvwtdtdy76680000gn/T/nosfy-session-commit-s4q40rbr/baseline/Nosfy/Views/NosfyOnboarding.swift:755:23: warning: main actor-isolated property 'etape' cannot be accessed from outside of the actor; this is an error in the Swift 6 language mode
                while etape != e {
                      ^~~~~~~~~~
                      await 
/var/folders/sk/1y78dckn1fbdyvwtdtdy76680000gn/T/nosfy-session-commit-s4q40rbr/baseline/Nosfy/Views/NosfyOnboarding.swift:761:24: warning: main actor-isolated property 'etape' cannot be accessed from outside of the actor; this is an error in the Swift 6 language mode
                return etape == e
                       ^~~~~~~~~~
                       await 

SwiftCompile normal arm64 /var/folders/sk/1y78dckn1fbdyvwtdtdy76680000gn/T/nosfy-session-commit-s4q40rbr/baseline/Nosfy/Views/NotchedCard.swift (in target 'Nosfy' from project 'Nosfy')
    cd /var/folders/sk/1y78dckn1fbdyvwtdtdy76680000gn/T/nosfy-session-commit-s4q40rbr/baseline
    

SwiftCompile normal arm64 /var/folders/sk/1y78dckn1fbdyvwtdtdy76680000gn/T/nosfy-session-commit-s4q40rbr/baseline/Nosfy/Views/NotifCard.swift (in target 'Nosfy' from project 'Nosfy')
    cd /var/folders/sk/1y78dckn1fbdyvwtdtdy76680000gn/T/nosfy-session-commit-s4q40rbr/baseline
    

SwiftCompile normal arm64 /var/folders/sk/1y78dckn1fbdyvwtdtdy76680000gn/T/nosfy-session-commit-s4q40rbr/baseline/Nosfy/Views/NotifChasse.swift (in target 'Nosfy' from project 'Nosfy')
    cd /var/folders/sk/1y78dckn1fbdyvwtdtdy76680000gn/T/nosfy-session-commit-s4q40rbr/baseline
    

SwiftCompile normal arm64 /var/folders/sk/1y78dckn1fbdyvwtdtdy76680000gn/T/nosfy-session-commit-s4q40rbr/baseline/Nosfy/Views/NotifLab.swift (in target 'Nosfy' from project 'Nosfy')
    cd /var/folders/sk/1y78dckn1fbdyvwtdtdy76680000gn/T/nosfy-session-commit-s4q40rbr/baseline
    

SwiftCompile normal arm64 /var/folders/sk/1y78dckn1fbdyvwtdtdy76680000gn/T/nosfy-session-commit-s4q40rbr/baseline/Nosfy/Views/ObjectiveCard.swift (in target 'Nosfy' from project 'Nosfy')
    cd /var/folders/sk/1y78dckn1fbdyvwtdtdy76680000gn/T/nosfy-session-commit-s4q40rbr/baseline
    

SwiftCompile normal arm64 /var/folders/sk/1y78dckn1fbdyvwtdtdy76680000gn/T/nosfy-session-commit-s4q40rbr/baseline/Nosfy/Views/ObjectiveCardLab.swift (in target 'Nosfy' from project 'Nosfy')
    cd /var/folders/sk/1y78dckn1fbdyvwtdtdy76680000gn/T/nosfy-session-commit-s4q40rbr/baseline
    

SwiftCompile normal arm64 /var/folders/sk/1y78dckn1fbdyvwtdtdy76680000gn/T/nosfy-session-commit-s4q40rbr/baseline/Nosfy/Views/ObsidianCard.swift (in target 'Nosfy' from project 'Nosfy')
    cd /var/folders/sk/1y78dckn1fbdyvwtdtdy76680000gn/T/nosfy-session-commit-s4q40rbr/baseline
    

SwiftCompile normal arm64 /var/folders/sk/1y78dckn1fbdyvwtdtdy76680000gn/T/nosfy-session-commit-s4q40rbr/baseline/Nosfy/Views/ObsidianCardLab.swift (in target 'Nosfy' from project 'Nosfy')
    cd /var/folders/sk/1y78dckn1fbdyvwtdtdy76680000gn/T/nosfy-session-commit-s4q40rbr/baseline
    

SwiftCompile normal arm64 /var/folders/sk/1y78dckn1fbdyvwtdtdy76680000gn/T/nosfy-session-commit-s4q40rbr/baseline/Nosfy/Views/PageCard.swift (in target 'Nosfy' from project 'Nosfy')
    cd /var/folders/sk/1y78dckn1fbdyvwtdtdy76680000gn/T/nosfy-session-commit-s4q40rbr/baseline
    

SwiftCompile normal arm64 Compiling\ SessionSlate.swift,\ SetEntrySheet.swift,\ SetHistoryRow.swift,\ SliderLab.swift,\ SliderObsidienne.swift,\ SondeCadence.swift,\ SondeVol.swift,\ StopCard.swift,\ StopLab.swift,\ StopSessionSheet.swift,\ StoryEnded.swift,\ StoryFlow.swift,\ StorySuite.swift,\ StoryVideo.swift,\ SuccessLab.swift,\ SwapCardSurface.swift,\ SwapEmptyCard.swift,\ SynthesisCard.swift,\ TapisLab.swift,\ TapisScene.swift /var/folders/sk/1y78dckn1fbdyvwtdtdy76680000gn/T/nosfy-session-commit-s4q40rbr/baseline/Nosfy/Views/SessionSlate.swift /var/folders/sk/1y78dckn1fbdyvwtdtdy76680000gn/T/nosfy-session-commit-s4q40rbr/baseline/Nosfy/Views/SetEntrySheet.swift /var/folders/sk/1y78dckn1fbdyvwtdtdy76680000gn/T/nosfy-session-commit-s4q40rbr/baseline/Nosfy/Views/SetHistoryRow.swift /var/folders/sk/1y78dckn1fbdyvwtdtdy76680000gn/T/nosfy-session-commit-s4q40rbr/baseline/Nosfy/Views/SliderLab.swift /var/folders/sk/1y78dckn1fbdyvwtdtdy76680000gn/T/nosfy-session-commit-s4q40rbr/baseline/Nosfy/Views/SliderObsidienne.swift /var/folders/sk/1y78dckn1fbdyvwtdtdy76680000gn/T/nosfy-session-commit-s4q40rbr/baseline/Nosfy/Views/SondeCadence.swift /var/folders/sk/1y78dckn1fbdyvwtdtdy76680000gn/T/nosfy-session-commit-s4q40rbr/baseline/Nosfy/Views/SondeVol.swift /var/folders/sk/1y78dckn1fbdyvwtdtdy76680000gn/T/nosfy-session-commit-s4q40rbr/baseline/Nosfy/Views/StopCard.swift /var/folders/sk/1y78dckn1fbdyvwtdtdy76680000gn/T/nosfy-session-commit-s4q40rbr/baseline/Nosfy/Views/StopLab.swift /var/folders/sk/1y78dckn1fbdyvwtdtdy76680000gn/T/nosfy-session-commit-s4q40rbr/baseline/Nosfy/Views/StopSessionSheet.swift /var/folders/sk/1y78dckn1fbdyvwtdtdy76680000gn/T/nosfy-session-commit-s4q40rbr/baseline/Nosfy/Views/StoryEnded.swift /var/folders/sk/1y78dckn1fbdyvwtdtdy76680000gn/T/nosfy-session-commit-s4q40rbr/baseline/Nosfy/Views/StoryFlow.swift /var/folders/sk/1y78dckn1fbdyvwtdtdy76680000gn/T/nosfy-session-commit-s4q40rbr/baseline/Nosfy/Views/StorySuite.swift /var/folders/sk/1y78dckn1fbdyvwtdtdy76680000gn/T/nosfy-session-commit-s4q40rbr/baseline/Nosfy/Views/StoryVideo.swift /var/folders/sk/1y78dckn1fbdyvwtdtdy76680000gn/T/nosfy-session-commit-s4q40rbr/baseline/Nosfy/Views/SuccessLab.swift /var/folders/sk/1y78dckn1fbdyvwtdtdy76680000gn/T/nosfy-session-commit-s4q40rbr/baseline/Nosfy/Views/SwapCardSurface.swift /var/folders/sk/1y78dckn1fbdyvwtdtdy76680000gn/T/nosfy-session-commit-s4q40rbr/baseline/Nosfy/Views/SwapEmptyCard.swift /var/folders/sk/1y78dckn1fbdyvwtdtdy76680000gn/T/nosfy-session-commit-s4q40rbr/baseline/Nosfy/Views/SynthesisCard.swift /var/folders/sk/1y78dckn1fbdyvwtdtdy76680000gn/T/nosfy-session-commit-s4q40rbr/baseline/Nosfy/Views/TapisLab.swift /var/folders/sk/1y78dckn1fbdyvwtdtdy76680000gn/T/nosfy-session-commit-s4q40rbr/baseline/Nosfy/Views/TapisScene.swift (in target 'Nosfy' from project 'Nosfy')

SwiftCompile normal arm64 /var/folders/sk/1y78dckn1fbdyvwtdtdy76680000gn/T/nosfy-session-commit-s4q40rbr/baseline/Nosfy/Views/SessionSlate.swift (in target 'Nosfy' from project 'Nosfy')
    cd /var/folders/sk/1y78dckn1fbdyvwtdtdy76680000gn/T/nosfy-session-commit-s4q40rbr/baseline
    

SwiftCompile normal arm64 /var/folders/sk/1y78dckn1fbdyvwtdtdy76680000gn/T/nosfy-session-commit-s4q40rbr/baseline/Nosfy/Views/SetEntrySheet.swift (in target 'Nosfy' from project 'Nosfy')
    cd /var/folders/sk/1y78dckn1fbdyvwtdtdy76680000gn/T/nosfy-session-commit-s4q40rbr/baseline
    

SwiftCompile normal arm64 /var/folders/sk/1y78dckn1fbdyvwtdtdy76680000gn/T/nosfy-session-commit-s4q40rbr/baseline/Nosfy/Views/SetHistoryRow.swift (in target 'Nosfy' from project 'Nosfy')
    cd /var/folders/sk/1y78dckn1fbdyvwtdtdy76680000gn/T/nosfy-session-commit-s4q40rbr/baseline
    

SwiftCompile normal arm64 /var/folders/sk/1y78dckn1fbdyvwtdtdy76680000gn/T/nosfy-session-commit-s4q40rbr/baseline/Nosfy/Views/SliderLab.swift (in target 'Nosfy' from project 'Nosfy')
    cd /var/folders/sk/1y78dckn1fbdyvwtdtdy76680000gn/T/nosfy-session-commit-s4q40rbr/baseline
    

SwiftCompile normal arm64 /var/folders/sk/1y78dckn1fbdyvwtdtdy76680000gn/T/nosfy-session-commit-s4q40rbr/baseline/Nosfy/Views/SliderObsidienne.swift (in target 'Nosfy' from project 'Nosfy')
    cd /var/folders/sk/1y78dckn1fbdyvwtdtdy76680000gn/T/nosfy-session-commit-s4q40rbr/baseline
    

SwiftCompile normal arm64 /var/folders/sk/1y78dckn1fbdyvwtdtdy76680000gn/T/nosfy-session-commit-s4q40rbr/baseline/Nosfy/Views/SondeCadence.swift (in target 'Nosfy' from project 'Nosfy')
    cd /var/folders/sk/1y78dckn1fbdyvwtdtdy76680000gn/T/nosfy-session-commit-s4q40rbr/baseline
    

SwiftCompile normal arm64 /var/folders/sk/1y78dckn1fbdyvwtdtdy76680000gn/T/nosfy-session-commit-s4q40rbr/baseline/Nosfy/Views/SondeVol.swift (in target 'Nosfy' from project 'Nosfy')
    cd /var/folders/sk/1y78dckn1fbdyvwtdtdy76680000gn/T/nosfy-session-commit-s4q40rbr/baseline
    

SwiftCompile normal arm64 /var/folders/sk/1y78dckn1fbdyvwtdtdy76680000gn/T/nosfy-session-commit-s4q40rbr/baseline/Nosfy/Views/StopCard.swift (in target 'Nosfy' from project 'Nosfy')
    cd /var/folders/sk/1y78dckn1fbdyvwtdtdy76680000gn/T/nosfy-session-commit-s4q40rbr/baseline
    

SwiftCompile normal arm64 /var/folders/sk/1y78dckn1fbdyvwtdtdy76680000gn/T/nosfy-session-commit-s4q40rbr/baseline/Nosfy/Views/StopLab.swift (in target 'Nosfy' from project 'Nosfy')
    cd /var/folders/sk/1y78dckn1fbdyvwtdtdy76680000gn/T/nosfy-session-commit-s4q40rbr/baseline
    

SwiftCompile normal arm64 /var/folders/sk/1y78dckn1fbdyvwtdtdy76680000gn/T/nosfy-session-commit-s4q40rbr/baseline/Nosfy/Views/StopSessionSheet.swift (in target 'Nosfy' from project 'Nosfy')
    cd /var/folders/sk/1y78dckn1fbdyvwtdtdy76680000gn/T/nosfy-session-commit-s4q40rbr/baseline
    

SwiftCompile normal arm64 /var/folders/sk/1y78dckn1fbdyvwtdtdy76680000gn/T/nosfy-session-commit-s4q40rbr/baseline/Nosfy/Views/StoryEnded.swift (in target 'Nosfy' from project 'Nosfy')
    cd /var/folders/sk/1y78dckn1fbdyvwtdtdy76680000gn/T/nosfy-session-commit-s4q40rbr/baseline
    

SwiftCompile normal arm64 /var/folders/sk/1y78dckn1fbdyvwtdtdy76680000gn/T/nosfy-session-commit-s4q40rbr/baseline/Nosfy/Views/StoryFlow.swift (in target 'Nosfy' from project 'Nosfy')
    cd /var/folders/sk/1y78dckn1fbdyvwtdtdy76680000gn/T/nosfy-session-commit-s4q40rbr/baseline
    

SwiftCompile normal arm64 /var/folders/sk/1y78dckn1fbdyvwtdtdy76680000gn/T/nosfy-session-commit-s4q40rbr/baseline/Nosfy/Views/StorySuite.swift (in target 'Nosfy' from project 'Nosfy')
    cd /var/folders/sk/1y78dckn1fbdyvwtdtdy76680000gn/T/nosfy-session-commit-s4q40rbr/baseline
    

SwiftCompile normal arm64 /var/folders/sk/1y78dckn1fbdyvwtdtdy76680000gn/T/nosfy-session-commit-s4q40rbr/baseline/Nosfy/Views/StoryVideo.swift (in target 'Nosfy' from project 'Nosfy')
    cd /var/folders/sk/1y78dckn1fbdyvwtdtdy76680000gn/T/nosfy-session-commit-s4q40rbr/baseline
    

SwiftCompile normal arm64 /var/folders/sk/1y78dckn1fbdyvwtdtdy76680000gn/T/nosfy-session-commit-s4q40rbr/baseline/Nosfy/Views/SuccessLab.swift (in target 'Nosfy' from project 'Nosfy')
    cd /var/folders/sk/1y78dckn1fbdyvwtdtdy76680000gn/T/nosfy-session-commit-s4q40rbr/baseline
    

SwiftCompile normal arm64 /var/folders/sk/1y78dckn1fbdyvwtdtdy76680000gn/T/nosfy-session-commit-s4q40rbr/baseline/Nosfy/Views/SwapCardSurface.swift (in target 'Nosfy' from project 'Nosfy')
    cd /var/folders/sk/1y78dckn1fbdyvwtdtdy76680000gn/T/nosfy-session-commit-s4q40rbr/baseline
    

SwiftCompile normal arm64 /var/folders/sk/1y78dckn1fbdyvwtdtdy76680000gn/T/nosfy-session-commit-s4q40rbr/baseline/Nosfy/Views/SwapEmptyCard.swift (in target 'Nosfy' from project 'Nosfy')
    cd /var/folders/sk/1y78dckn1fbdyvwtdtdy76680000gn/T/nosfy-session-commit-s4q40rbr/baseline
    

SwiftCompile normal arm64 /var/folders/sk/1y78dckn1fbdyvwtdtdy76680000gn/T/nosfy-session-commit-s4q40rbr/baseline/Nosfy/Views/SynthesisCard.swift (in target 'Nosfy' from project 'Nosfy')
    cd /var/folders/sk/1y78dckn1fbdyvwtdtdy76680000gn/T/nosfy-session-commit-s4q40rbr/baseline
    

SwiftCompile normal arm64 /var/folders/sk/1y78dckn1fbdyvwtdtdy76680000gn/T/nosfy-session-commit-s4q40rbr/baseline/Nosfy/Views/TapisLab.swift (in target 'Nosfy' from project 'Nosfy')
    cd /var/folders/sk/1y78dckn1fbdyvwtdtdy76680000gn/T/nosfy-session-commit-s4q40rbr/baseline
    

SwiftCompile normal arm64 /var/folders/sk/1y78dckn1fbdyvwtdtdy76680000gn/T/nosfy-session-commit-s4q40rbr/baseline/Nosfy/Views/TapisScene.swift (in target 'Nosfy' from project 'Nosfy')
    cd /var/folders/sk/1y78dckn1fbdyvwtdtdy76680000gn/T/nosfy-session-commit-s4q40rbr/baseline
    

SwiftCompile normal arm64 Compiling\ VerificationCompte.swift,\ VerreCoulant.swift,\ VisiteExercice.swift,\ VisiteHome.swift,\ WahouReveal.swift,\ WidgetEdition.swift,\ WidgetsCards.swift,\ WorkoutPill.swift,\ WorkoutsListView.swift,\ Atmosphere.swift,\ DemonSky.swift,\ Models.swift,\ MoonPath.swift,\ MoonSDF.swift,\ NebulaConfiguration.swift,\ NebulaNoise.swift,\ NebulaStrip.swift,\ NosfyApp.swift,\ Theme.swift,\ GeneratedAssetSymbols.swift /var/folders/sk/1y78dckn1fbdyvwtdtdy76680000gn/T/nosfy-session-commit-s4q40rbr/baseline/Nosfy/Views/VerificationCompte.swift /var/folders/sk/1y78dckn1fbdyvwtdtdy76680000gn/T/nosfy-session-commit-s4q40rbr/baseline/Nosfy/Views/VerreCoulant.swift /var/folders/sk/1y78dckn1fbdyvwtdtdy76680000gn/T/nosfy-session-commit-s4q40rbr/baseline/Nosfy/Views/VisiteExercice.swift /var/folders/sk/1y78dckn1fbdyvwtdtdy76680000gn/T/nosfy-session-commit-s4q40rbr/baseline/Nosfy/Views/VisiteHome.swift /var/folders/sk/1y78dckn1fbdyvwtdtdy76680000gn/T/nosfy-session-commit-s4q40rbr/baseline/Nosfy/Views/WahouReveal.swift /var/folders/sk/1y78dckn1fbdyvwtdtdy76680000gn/T/nosfy-session-commit-s4q40rbr/baseline/Nosfy/Views/WidgetEdition.swift /var/folders/sk/1y78dckn1fbdyvwtdtdy76680000gn/T/nosfy-session-commit-s4q40rbr/baseline/Nosfy/Views/WidgetsCards.swift /var/folders/sk/1y78dckn1fbdyvwtdtdy76680000gn/T/nosfy-session-commit-s4q40rbr/baseline/Nosfy/Views/WorkoutPill.swift /var/folders/sk/1y78dckn1fbdyvwtdtdy76680000gn/T/nosfy-session-commit-s4q40rbr/baseline/Nosfy/Views/WorkoutsListView.swift /var/folders/sk/1y78dckn1fbdyvwtdtdy76680000gn/T/nosfy-session-commit-s4q40rbr/baseline/Nosfy/Atmosphere.swift /var/folders/sk/1y78dckn1fbdyvwtdtdy76680000gn/T/nosfy-session-commit-s4q40rbr/baseline/Nosfy/DemonSky.swift /var/folders/sk/1y78dckn1fbdyvwtdtdy76680000gn/T/nosfy-session-commit-s4q40rbr/baseline/Nosfy/Models.swift /var/folders/sk/1y78dckn1fbdyvwtdtdy76680000gn/T/nosfy-session-commit-s4q40rbr/baseline/Nosfy/MoonPath.swift /var/folders/sk/1y78dckn1fbdyvwtdtdy76680000gn/T/nosfy-session-commit-s4q40rbr/baseline/Nosfy/MoonSDF.swift /var/folders/sk/1y78dckn1fbdyvwtdtdy76680000gn/T/nosfy-session-commit-s4q40rbr/baseline/Nosfy/NebulaConfiguration.swift /var/folders/sk/1y78dckn1fbdyvwtdtdy76680000gn/T/nosfy-session-commit-s4q40rbr/baseline/Nosfy/NebulaNoise.swift /var/folders/sk/1y78dckn1fbdyvwtdtdy76680000gn/T/nosfy-session-commit-s4q40rbr/baseline/Nosfy/NebulaStrip.swift /var/folders/sk/1y78dckn1fbdyvwtdtdy76680000gn/T/nosfy-session-commit-s4q40rbr/baseline/Nosfy/NosfyApp.swift /var/folders/sk/1y78dckn1fbdyvwtdtdy76680000gn/T/nosfy-session-commit-s4q40rbr/baseline/Nosfy/Theme.swift /var/folders/sk/1y78dckn1fbdyvwtdtdy76680000gn/T/nosfy-session-commit-s4q40rbr/DerivedBaseline/Build/Intermediates.noindex/Nosfy.build/Debug-iphonesimulator/Nosfy.build/DerivedSources/GeneratedAssetSymbols.swift (in target 'Nosfy' from project 'Nosfy')
SwiftCompile normal arm64 /var/folders/sk/1y78dckn1fbdyvwtdtdy76680000gn/T/nosfy-session-commit-s4q40rbr/baseline/Nosfy/Views/VerificationCompte.swift (in target 'Nosfy' from project 'Nosfy')
    cd /var/folders/sk/1y78dckn1fbdyvwtdtdy76680000gn/T/nosfy-session-commit-s4q40rbr/baseline
    

SwiftCompile normal arm64 /var/folders/sk/1y78dckn1fbdyvwtdtdy76680000gn/T/nosfy-session-commit-s4q40rbr/baseline/Nosfy/Views/VerreCoulant.swift (in target 'Nosfy' from project 'Nosfy')
    cd /var/folders/sk/1y78dckn1fbdyvwtdtdy76680000gn/T/nosfy-session-commit-s4q40rbr/baseline
    

SwiftCompile normal arm64 /var/folders/sk/1y78dckn1fbdyvwtdtdy76680000gn/T/nosfy-session-commit-s4q40rbr/baseline/Nosfy/Views/VisiteExercice.swift (in target 'Nosfy' from project 'Nosfy')
    cd /var/folders/sk/1y78dckn1fbdyvwtdtdy76680000gn/T/nosfy-session-commit-s4q40rbr/baseline
    

SwiftCompile normal arm64 /var/folders/sk/1y78dckn1fbdyvwtdtdy76680000gn/T/nosfy-session-commit-s4q40rbr/baseline/Nosfy/Views/VisiteHome.swift (in target 'Nosfy' from project 'Nosfy')
    cd /var/folders/sk/1y78dckn1fbdyvwtdtdy76680000gn/T/nosfy-session-commit-s4q40rbr/baseline
    

SwiftCompile normal arm64 /var/folders/sk/1y78dckn1fbdyvwtdtdy76680000gn/T/nosfy-session-commit-s4q40rbr/baseline/Nosfy/Views/WahouReveal.swift (in target 'Nosfy' from project 'Nosfy')
    cd /var/folders/sk/1y78dckn1fbdyvwtdtdy76680000gn/T/nosfy-session-commit-s4q40rbr/baseline
    

SwiftCompile normal arm64 /var/folders/sk/1y78dckn1fbdyvwtdtdy76680000gn/T/nosfy-session-commit-s4q40rbr/baseline/Nosfy/Views/WidgetEdition.swift (in target 'Nosfy' from project 'Nosfy')
    cd /var/folders/sk/1y78dckn1fbdyvwtdtdy76680000gn/T/nosfy-session-commit-s4q40rbr/baseline
    

SwiftCompile normal arm64 /var/folders/sk/1y78dckn1fbdyvwtdtdy76680000gn/T/nosfy-session-commit-s4q40rbr/baseline/Nosfy/Views/WidgetsCards.swift (in target 'Nosfy' from project 'Nosfy')
    cd /var/folders/sk/1y78dckn1fbdyvwtdtdy76680000gn/T/nosfy-session-commit-s4q40rbr/baseline
    

SwiftCompile normal arm64 /var/folders/sk/1y78dckn1fbdyvwtdtdy76680000gn/T/nosfy-session-commit-s4q40rbr/baseline/Nosfy/Views/WorkoutPill.swift (in target 'Nosfy' from project 'Nosfy')
    cd /var/folders/sk/1y78dckn1fbdyvwtdtdy76680000gn/T/nosfy-session-commit-s4q40rbr/baseline
    

SwiftCompile normal arm64 /var/folders/sk/1y78dckn1fbdyvwtdtdy76680000gn/T/nosfy-session-commit-s4q40rbr/baseline/Nosfy/Views/WorkoutsListView.swift (in target 'Nosfy' from project 'Nosfy')
    cd /var/folders/sk/1y78dckn1fbdyvwtdtdy76680000gn/T/nosfy-session-commit-s4q40rbr/baseline
    

SwiftCompile normal arm64 /var/folders/sk/1y78dckn1fbdyvwtdtdy76680000gn/T/nosfy-session-commit-s4q40rbr/baseline/Nosfy/Atmosphere.swift (in target 'Nosfy' from project 'Nosfy')
    cd /var/folders/sk/1y78dckn1fbdyvwtdtdy76680000gn/T/nosfy-session-commit-s4q40rbr/baseline
    

SwiftCompile normal arm64 /var/folders/sk/1y78dckn1fbdyvwtdtdy76680000gn/T/nosfy-session-commit-s4q40rbr/baseline/Nosfy/DemonSky.swift (in target 'Nosfy' from project 'Nosfy')
    cd /var/folders/sk/1y78dckn1fbdyvwtdtdy76680000gn/T/nosfy-session-commit-s4q40rbr/baseline
    

SwiftCompile normal arm64 /var/folders/sk/1y78dckn1fbdyvwtdtdy76680000gn/T/nosfy-session-commit-s4q40rbr/baseline/Nosfy/Models.swift (in target 'Nosfy' from project 'Nosfy')
    cd /var/folders/sk/1y78dckn1fbdyvwtdtdy76680000gn/T/nosfy-session-commit-s4q40rbr/baseline
    

SwiftCompile normal arm64 /var/folders/sk/1y78dckn1fbdyvwtdtdy76680000gn/T/nosfy-session-commit-s4q40rbr/baseline/Nosfy/MoonPath.swift (in target 'Nosfy' from project 'Nosfy')
    cd /var/folders/sk/1y78dckn1fbdyvwtdtdy76680000gn/T/nosfy-session-commit-s4q40rbr/baseline
    

SwiftCompile normal arm64 /var/folders/sk/1y78dckn1fbdyvwtdtdy76680000gn/T/nosfy-session-commit-s4q40rbr/baseline/Nosfy/MoonSDF.swift (in target 'Nosfy' from project 'Nosfy')
    cd /var/folders/sk/1y78dckn1fbdyvwtdtdy76680000gn/T/nosfy-session-commit-s4q40rbr/baseline
    

SwiftCompile normal arm64 /var/folders/sk/1y78dckn1fbdyvwtdtdy76680000gn/T/nosfy-session-commit-s4q40rbr/baseline/Nosfy/NebulaConfiguration.swift (in target 'Nosfy' from project 'Nosfy')
    cd /var/folders/sk/1y78dckn1fbdyvwtdtdy76680000gn/T/nosfy-session-commit-s4q40rbr/baseline
    

SwiftCompile normal arm64 /var/folders/sk/1y78dckn1fbdyvwtdtdy76680000gn/T/nosfy-session-commit-s4q40rbr/baseline/Nosfy/NebulaNoise.swift (in target 'Nosfy' from project 'Nosfy')
    cd /var/folders/sk/1y78dckn1fbdyvwtdtdy76680000gn/T/nosfy-session-commit-s4q40rbr/baseline
    

SwiftCompile normal arm64 /var/folders/sk/1y78dckn1fbdyvwtdtdy76680000gn/T/nosfy-session-commit-s4q40rbr/baseline/Nosfy/NebulaStrip.swift (in target 'Nosfy' from project 'Nosfy')
    cd /var/folders/sk/1y78dckn1fbdyvwtdtdy76680000gn/T/nosfy-session-commit-s4q40rbr/baseline
    

SwiftCompile normal arm64 /var/folders/sk/1y78dckn1fbdyvwtdtdy76680000gn/T/nosfy-session-commit-s4q40rbr/baseline/Nosfy/NosfyApp.swift (in target 'Nosfy' from project 'Nosfy')
    cd /var/folders/sk/1y78dckn1fbdyvwtdtdy76680000gn/T/nosfy-session-commit-s4q40rbr/baseline
    

SwiftCompile normal arm64 /var/folders/sk/1y78dckn1fbdyvwtdtdy76680000gn/T/nosfy-session-commit-s4q40rbr/baseline/Nosfy/Theme.swift (in target 'Nosfy' from project 'Nosfy')
    cd /var/folders/sk/1y78dckn1fbdyvwtdtdy76680000gn/T/nosfy-session-commit-s4q40rbr/baseline
    

SwiftCompile normal arm64 /var/folders/sk/1y78dckn1fbdyvwtdtdy76680000gn/T/nosfy-session-commit-s4q40rbr/DerivedBaseline/Build/Intermediates.noindex/Nosfy.build/Debug-iphonesimulator/Nosfy.build/DerivedSources/GeneratedAssetSymbols.swift (in target 'Nosfy' from project 'Nosfy')
    cd /var/folders/sk/1y78dckn1fbdyvwtdtdy76680000gn/T/nosfy-session-commit-s4q40rbr/baseline
    

SwiftCompile normal arm64 Compiling\ EcranErreur.swift,\ EmberFlameLab.swift,\ ExerciseDetailView.swift,\ ExerciseEditor.swift,\ ImpGlyph.swift,\ MoonGlyph.swift,\ ProgressComet.swift,\ WorkoutActivity.swift,\ WorkoutLiveCard.swift,\ WorkoutLiveFocus.swift,\ ExercisePhoto.swift,\ ExerciseSetupCard.swift,\ ExercisesView.swift,\ ExosFond.swift,\ FilmDepartSeance.swift,\ FlameLab.swift,\ FlammeJauge.swift,\ FlammeJaugeLab.swift,\ FondVideoMetal.swift,\ Foyer.swift /var/folders/sk/1y78dckn1fbdyvwtdtdy76680000gn/T/nosfy-session-commit-s4q40rbr/baseline/Nosfy/Views/EcranErreur.swift /var/folders/sk/1y78dckn1fbdyvwtdtdy76680000gn/T/nosfy-session-commit-s4q40rbr/baseline/Nosfy/Views/EmberFlameLab.swift /var/folders/sk/1y78dckn1fbdyvwtdtdy76680000gn/T/nosfy-session-commit-s4q40rbr/baseline/Nosfy/Views/ExerciseDetailView.swift /var/folders/sk/1y78dckn1fbdyvwtdtdy76680000gn/T/nosfy-session-commit-s4q40rbr/baseline/Nosfy/Views/ExerciseEditor.swift /var/folders/sk/1y78dckn1fbdyvwtdtdy76680000gn/T/nosfy-session-commit-s4q40rbr/baseline/NosfyShared/ImpGlyph.swift /var/folders/sk/1y78dckn1fbdyvwtdtdy76680000gn/T/nosfy-session-commit-s4q40rbr/baseline/NosfyShared/MoonGlyph.swift /var/folders/sk/1y78dckn1fbdyvwtdtdy76680000gn/T/nosfy-session-commit-s4q40rbr/baseline/NosfyShared/ProgressComet.swift /var/folders/sk/1y78dckn1fbdyvwtdtdy76680000gn/T/nosfy-session-commit-s4q40rbr/baseline/NosfyShared/WorkoutActivity.swift /var/folders/sk/1y78dckn1fbdyvwtdtdy76680000gn/T/nosfy-session-commit-s4q40rbr/baseline/NosfyShared/WorkoutLiveCard.swift /var/folders/sk/1y78dckn1fbdyvwtdtdy76680000gn/T/nosfy-session-commit-s4q40rbr/baseline/NosfyShared/WorkoutLiveFocus.swift /var/folders/sk/1y78dckn1fbdyvwtdtdy76680000gn/T/nosfy-session-commit-s4q40rbr/baseline/Nosfy/Views/ExercisePhoto.swift /var/folders/sk/1y78dckn1fbdyvwtdtdy76680000gn/T/nosfy-session-commit-s4q40rbr/baseline/Nosfy/Views/ExerciseSetupCard.swift /var/folders/sk/1y78dckn1fbdyvwtdtdy76680000gn/T/nosfy-session-commit-s4q40rbr/baseline/Nosfy/Views/ExercisesView.swift /var/folders/sk/1y78dckn1fbdyvwtdtdy76680000gn/T/nosfy-session-commit-s4q40rbr/baseline/Nosfy/Views/ExosFond.swift /var/folders/sk/1y78dckn1fbdyvwtdtdy76680000gn/T/nosfy-session-commit-s4q40rbr/baseline/Nosfy/Views/FilmDepartSeance.swift /var/folders/sk/1y78dckn1fbdyvwtdtdy76680000gn/T/nosfy-session-commit-s4q40rbr/baseline/Nosfy/Views/FlameLab.swift /var/folders/sk/1y78dckn1fbdyvwtdtdy76680000gn/T/nosfy-session-commit-s4q40rbr/baseline/Nosfy/Views/FlammeJauge.swift /var/folders/sk/1y78dckn1fbdyvwtdtdy76680000gn/T/nosfy-session-commit-s4q40rbr/baseline/Nosfy/Views/FlammeJaugeLab.swift /var/folders/sk/1y78dckn1fbdyvwtdtdy76680000gn/T/nosfy-session-commit-s4q40rbr/baseline/Nosfy/Views/FondVideoMetal.swift /var/folders/sk/1y78dckn1fbdyvwtdtdy76680000gn/T/nosfy-session-commit-s4q40rbr/baseline/Nosfy/Views/Foyer.swift (in target 'Nosfy' from project 'Nosfy')

SwiftCompile normal arm64 /var/folders/sk/1y78dckn1fbdyvwtdtdy76680000gn/T/nosfy-session-commit-s4q40rbr/baseline/Nosfy/Views/EcranErreur.swift (in target 'Nosfy' from project 'Nosfy')
    cd /var/folders/sk/1y78dckn1fbdyvwtdtdy76680000gn/T/nosfy-session-commit-s4q40rbr/baseline
    

SwiftCompile normal arm64 /var/folders/sk/1y78dckn1fbdyvwtdtdy76680000gn/T/nosfy-session-commit-s4q40rbr/baseline/Nosfy/Views/EmberFlameLab.swift (in target 'Nosfy' from project 'Nosfy')
    cd /var/folders/sk/1y78dckn1fbdyvwtdtdy76680000gn/T/nosfy-session-commit-s4q40rbr/baseline
    

SwiftCompile normal arm64 /var/folders/sk/1y78dckn1fbdyvwtdtdy76680000gn/T/nosfy-session-commit-s4q40rbr/baseline/Nosfy/Views/ExerciseDetailView.swift (in target 'Nosfy' from project 'Nosfy')
    cd /var/folders/sk/1y78dckn1fbdyvwtdtdy76680000gn/T/nosfy-session-commit-s4q40rbr/baseline
    
/var/folders/sk/1y78dckn1fbdyvwtdtdy76680000gn/T/nosfy-session-commit-s4q40rbr/baseline/Nosfy/Views/ExerciseDetailView.swift:2092:13: warning: initialization of immutable value 'naissance' was never used; consider replacing with assignment to '_' or removing it
        let naissance = Self.sstep(0.45, 0.92, u)
        ~~~~^~~~~~~~~
        _

SwiftCompile normal arm64 /var/folders/sk/1y78dckn1fbdyvwtdtdy76680000gn/T/nosfy-session-commit-s4q40rbr/baseline/Nosfy/Views/ExerciseEditor.swift (in target 'Nosfy' from project 'Nosfy')
    cd /var/folders/sk/1y78dckn1fbdyvwtdtdy76680000gn/T/nosfy-session-commit-s4q40rbr/baseline
    

SwiftCompile normal arm64 /var/folders/sk/1y78dckn1fbdyvwtdtdy76680000gn/T/nosfy-session-commit-s4q40rbr/baseline/NosfyShared/ImpGlyph.swift (in target 'Nosfy' from project 'Nosfy')
    cd /var/folders/sk/1y78dckn1fbdyvwtdtdy76680000gn/T/nosfy-session-commit-s4q40rbr/baseline
    

SwiftCompile normal arm64 /var/folders/sk/1y78dckn1fbdyvwtdtdy76680000gn/T/nosfy-session-commit-s4q40rbr/baseline/NosfyShared/MoonGlyph.swift (in target 'Nosfy' from project 'Nosfy')
    cd /var/folders/sk/1y78dckn1fbdyvwtdtdy76680000gn/T/nosfy-session-commit-s4q40rbr/baseline
    

SwiftCompile normal arm64 /var/folders/sk/1y78dckn1fbdyvwtdtdy76680000gn/T/nosfy-session-commit-s4q40rbr/baseline/NosfyShared/ProgressComet.swift (in target 'Nosfy' from project 'Nosfy')
    cd /var/folders/sk/1y78dckn1fbdyvwtdtdy76680000gn/T/nosfy-session-commit-s4q40rbr/baseline
    

SwiftCompile normal arm64 /var/folders/sk/1y78dckn1fbdyvwtdtdy76680000gn/T/nosfy-session-commit-s4q40rbr/baseline/NosfyShared/WorkoutActivity.swift (in target 'Nosfy' from project 'Nosfy')
    cd /var/folders/sk/1y78dckn1fbdyvwtdtdy76680000gn/T/nosfy-session-commit-s4q40rbr/baseline
    

SwiftCompile normal arm64 /var/folders/sk/1y78dckn1fbdyvwtdtdy76680000gn/T/nosfy-session-commit-s4q40rbr/baseline/NosfyShared/WorkoutLiveCard.swift (in target 'Nosfy' from project 'Nosfy')
    cd /var/folders/sk/1y78dckn1fbdyvwtdtdy76680000gn/T/nosfy-session-commit-s4q40rbr/baseline
    

SwiftCompile normal arm64 /var/folders/sk/1y78dckn1fbdyvwtdtdy76680000gn/T/nosfy-session-commit-s4q40rbr/baseline/NosfyShared/WorkoutLiveFocus.swift (in target 'Nosfy' from project 'Nosfy')
    cd /var/folders/sk/1y78dckn1fbdyvwtdtdy76680000gn/T/nosfy-session-commit-s4q40rbr/baseline
    

SwiftCompile normal arm64 /var/folders/sk/1y78dckn1fbdyvwtdtdy76680000gn/T/nosfy-session-commit-s4q40rbr/baseline/Nosfy/Views/ExercisePhoto.swift (in target 'Nosfy' from project 'Nosfy')
    cd /var/folders/sk/1y78dckn1fbdyvwtdtdy76680000gn/T/nosfy-session-commit-s4q40rbr/baseline
    

SwiftCompile normal arm64 /var/folders/sk/1y78dckn1fbdyvwtdtdy76680000gn/T/nosfy-session-commit-s4q40rbr/baseline/Nosfy/Views/ExerciseSetupCard.swift (in target 'Nosfy' from project 'Nosfy')
    cd /var/folders/sk/1y78dckn1fbdyvwtdtdy76680000gn/T/nosfy-session-commit-s4q40rbr/baseline
    

SwiftCompile normal arm64 /var/folders/sk/1y78dckn1fbdyvwtdtdy76680000gn/T/nosfy-session-commit-s4q40rbr/baseline/Nosfy/Views/ExercisesView.swift (in target 'Nosfy' from project 'Nosfy')
    cd /var/folders/sk/1y78dckn1fbdyvwtdtdy76680000gn/T/nosfy-session-commit-s4q40rbr/baseline
    
/var/folders/sk/1y78dckn1fbdyvwtdtdy76680000gn/T/nosfy-session-commit-s4q40rbr/baseline/Nosfy/Views/ExercisesView.swift:2023:49: warning: call to main actor-isolated static method 'voileBas' in a synchronous nonisolated context
                    let bas = min(1, GrilleExos.voileBas(vh - f.maxY - 60) * 1.5)
                                                ^
/var/folders/sk/1y78dckn1fbdyvwtdtdy76680000gn/T/nosfy-session-commit-s4q40rbr/baseline/Nosfy/Views/ExercisesView.swift:1786:17: note: calls to static method 'voileBas' from outside of its actor context are implicitly asynchronous
    static func voileBas(_ d: CGFloat) -> Double {
                ^
/var/folders/sk/1y78dckn1fbdyvwtdtdy76680000gn/T/nosfy-session-commit-s4q40rbr/baseline/Nosfy/Views/ExercisesView.swift:1786:17: note: main actor isolation inferred from conformance to protocol 'View'
    static func voileBas(_ d: CGFloat) -> Double {
                ^
/var/folders/sk/1y78dckn1fbdyvwtdtdy76680000gn/T/nosfy-session-commit-s4q40rbr/baseline/Nosfy/Views/ExercisesView.swift:2024:43: warning: call to main actor-isolated static method 'voileHaut' in a synchronous nonisolated context
                    let haut = GrilleExos.voileHaut(reserve - f.minY)
                                          ^
/var/folders/sk/1y78dckn1fbdyvwtdtdy76680000gn/T/nosfy-session-commit-s4q40rbr/baseline/Nosfy/Views/ExercisesView.swift:1795:17: note: calls to static method 'voileHaut' from outside of its actor context are implicitly asynchronous
    static func voileHaut(_ d: CGFloat) -> Double {
                ^
/var/folders/sk/1y78dckn1fbdyvwtdtdy76680000gn/T/nosfy-session-commit-s4q40rbr/baseline/Nosfy/Views/ExercisesView.swift:1795:17: note: main actor isolation inferred from conformance to protocol 'View'
    static func voileHaut(_ d: CGFloat) -> Double {
                ^
/var/folders/sk/1y78dckn1fbdyvwtdtdy76680000gn/T/nosfy-session-commit-s4q40rbr/baseline/Nosfy/Views/ExercisesView.swift:2113:42: warning: call to main actor-isolated static method 'voileBas' in a synchronous nonisolated context
                    let bas = GrilleExos.voileBas(vh - f.maxY)
                                         ^
/var/folders/sk/1y78dckn1fbdyvwtdtdy76680000gn/T/nosfy-session-commit-s4q40rbr/baseline/Nosfy/Views/ExercisesView.swift:1786:17: note: calls to static method 'voileBas' from outside of its actor context are implicitly asynchronous
    static func voileBas(_ d: CGFloat) -> Double {
                ^
/var/folders/sk/1y78dckn1fbdyvwtdtdy76680000gn/T/nosfy-session-commit-s4q40rbr/baseline/Nosfy/Views/ExercisesView.swift:1786:17: note: main actor isolation inferred from conformance to protocol 'View'
    static func voileBas(_ d: CGFloat) -> Double {
                ^
/var/folders/sk/1y78dckn1fbdyvwtdtdy76680000gn/T/nosfy-session-commit-s4q40rbr/baseline/Nosfy/Views/ExercisesView.swift:2114:43: warning: call to main actor-isolated static method 'voileHaut' in a synchronous nonisolated context
                    let haut = GrilleExos.voileHaut(reserve - f.minY)
                                          ^
/var/folders/sk/1y78dckn1fbdyvwtdtdy76680000gn/T/nosfy-session-commit-s4q40rbr/baseline/Nosfy/Views/ExercisesView.swift:1795:17: note: calls to static method 'voileHaut' from outside of its actor context are implicitly asynchronous
    static func voileHaut(_ d: CGFloat) -> Double {
                ^
/var/folders/sk/1y78dckn1fbdyvwtdtdy76680000gn/T/nosfy-session-commit-s4q40rbr/baseline/Nosfy/Views/ExercisesView.swift:1795:17: note: main actor isolation inferred from conformance to protocol 'View'
    static func voileHaut(_ d: CGFloat) -> Double {
                ^

SwiftCompile normal arm64 /var/folders/sk/1y78dckn1fbdyvwtdtdy76680000gn/T/nosfy-session-commit-s4q40rbr/baseline/Nosfy/Views/ExosFond.swift (in target 'Nosfy' from project 'Nosfy')
    cd /var/folders/sk/1y78dckn1fbdyvwtdtdy76680000gn/T/nosfy-session-commit-s4q40rbr/baseline
    

SwiftCompile normal arm64 /var/folders/sk/1y78dckn1fbdyvwtdtdy76680000gn/T/nosfy-session-commit-s4q40rbr/baseline/Nosfy/Views/FilmDepartSeance.swift (in target 'Nosfy' from project 'Nosfy')
    cd /var/folders/sk/1y78dckn1fbdyvwtdtdy76680000gn/T/nosfy-session-commit-s4q40rbr/baseline
    

SwiftCompile normal arm64 /var/folders/sk/1y78dckn1fbdyvwtdtdy76680000gn/T/nosfy-session-commit-s4q40rbr/baseline/Nosfy/Views/FlameLab.swift (in target 'Nosfy' from project 'Nosfy')
    cd /var/folders/sk/1y78dckn1fbdyvwtdtdy76680000gn/T/nosfy-session-commit-s4q40rbr/baseline
    

SwiftCompile normal arm64 /var/folders/sk/1y78dckn1fbdyvwtdtdy76680000gn/T/nosfy-session-commit-s4q40rbr/baseline/Nosfy/Views/FlammeJauge.swift (in target 'Nosfy' from project 'Nosfy')
    cd /var/folders/sk/1y78dckn1fbdyvwtdtdy76680000gn/T/nosfy-session-commit-s4q40rbr/baseline
    

SwiftCompile normal arm64 /var/folders/sk/1y78dckn1fbdyvwtdtdy76680000gn/T/nosfy-session-commit-s4q40rbr/baseline/Nosfy/Views/FlammeJaugeLab.swift (in target 'Nosfy' from project 'Nosfy')
    cd /var/folders/sk/1y78dckn1fbdyvwtdtdy76680000gn/T/nosfy-session-commit-s4q40rbr/baseline
    

SwiftCompile normal arm64 /var/folders/sk/1y78dckn1fbdyvwtdtdy76680000gn/T/nosfy-session-commit-s4q40rbr/baseline/Nosfy/Views/FondVideoMetal.swift (in target 'Nosfy' from project 'Nosfy')
    cd /var/folders/sk/1y78dckn1fbdyvwtdtdy76680000gn/T/nosfy-session-commit-s4q40rbr/baseline
    

SwiftCompile normal arm64 /var/folders/sk/1y78dckn1fbdyvwtdtdy76680000gn/T/nosfy-session-commit-s4q40rbr/baseline/Nosfy/Views/Foyer.swift (in target 'Nosfy' from project 'Nosfy')
    cd /var/folders/sk/1y78dckn1fbdyvwtdtdy76680000gn/T/nosfy-session-commit-s4q40rbr/baseline
    

SwiftCompile normal arm64 Compiling\ BottleSplash.swift,\ CoinChime.swift,\ DiamondGlints.swift,\ Ink.swift,\ LightDial.swift,\ LuneDust.swift,\ MonolithChime.swift,\ NightBirds.swift,\ RocketHaptics.swift,\ SparkleBurst.swift,\ SplashBackground.swift,\ SplashWisp.swift,\ Annonces.swift,\ AppleAuth.swift,\ CartesQABanc.swift,\ CartesServeur.swift,\ ChambreServeur.swift,\ CoachServeur.swift,\ Compte.swift,\ EconomieNosfy.swift /var/folders/sk/1y78dckn1fbdyvwtdtdy76680000gn/T/nosfy-session-commit-s4q40rbr/baseline/Nosfy/Figures/BottleSplash.swift /var/folders/sk/1y78dckn1fbdyvwtdtdy76680000gn/T/nosfy-session-commit-s4q40rbr/baseline/Nosfy/Figures/CoinChime.swift /var/folders/sk/1y78dckn1fbdyvwtdtdy76680000gn/T/nosfy-session-commit-s4q40rbr/baseline/Nosfy/Figures/DiamondGlints.swift /var/folders/sk/1y78dckn1fbdyvwtdtdy76680000gn/T/nosfy-session-commit-s4q40rbr/baseline/Nosfy/Figures/Ink.swift /var/folders/sk/1y78dckn1fbdyvwtdtdy76680000gn/T/nosfy-session-commit-s4q40rbr/baseline/Nosfy/Figures/LightDial.swift /var/folders/sk/1y78dckn1fbdyvwtdtdy76680000gn/T/nosfy-session-commit-s4q40rbr/baseline/Nosfy/Figures/LuneDust.swift /var/folders/sk/1y78dckn1fbdyvwtdtdy76680000gn/T/nosfy-session-commit-s4q40rbr/baseline/Nosfy/Figures/MonolithChime.swift /var/folders/sk/1y78dckn1fbdyvwtdtdy76680000gn/T/nosfy-session-commit-s4q40rbr/baseline/Nosfy/Figures/NightBirds.swift /var/folders/sk/1y78dckn1fbdyvwtdtdy76680000gn/T/nosfy-session-commit-s4q40rbr/baseline/Nosfy/Figures/RocketHaptics.swift /var/folders/sk/1y78dckn1fbdyvwtdtdy76680000gn/T/nosfy-session-commit-s4q40rbr/baseline/Nosfy/Figures/SparkleBurst.swift /var/folders/sk/1y78dckn1fbdyvwtdtdy76680000gn/T/nosfy-session-commit-s4q40rbr/baseline/Nosfy/Figures/SplashBackground.swift /var/folders/sk/1y78dckn1fbdyvwtdtdy76680000gn/T/nosfy-session-commit-s4q40rbr/baseline/Nosfy/Figures/SplashWisp.swift /var/folders/sk/1y78dckn1fbdyvwtdtdy76680000gn/T/nosfy-session-commit-s4q40rbr/baseline/Nosfy/Services/Annonces.swift /var/folders/sk/1y78dckn1fbdyvwtdtdy76680000gn/T/nosfy-session-commit-s4q40rbr/baseline/Nosfy/Services/AppleAuth.swift /var/folders/sk/1y78dckn1fbdyvwtdtdy76680000gn/T/nosfy-session-commit-s4q40rbr/baseline/Nosfy/Services/CartesQABanc.swift /var/folders/sk/1y78dckn1fbdyvwtdtdy76680000gn/T/nosfy-session-commit-s4q40rbr/baseline/Nosfy/Services/CartesServeur.swift /var/folders/sk/1y78dckn1fbdyvwtdtdy76680000gn/T/nosfy-session-commit-s4q40rbr/baseline/Nosfy/Services/ChambreServeur.swift /var/folders/sk/1y78dckn1fbdyvwtdtdy76680000gn/T/nosfy-session-commit-s4q40rbr/baseline/Nosfy/Services/CoachServeur.swift /var/folders/sk/1y78dckn1fbdyvwtdtdy76680000gn/T/nosfy-session-commit-s4q40rbr/baseline/Nosfy/Services/Compte.swift /var/folders/sk/1y78dckn1fbdyvwtdtdy76680000gn/T/nosfy-session-commit-s4q40rbr/baseline/Nosfy/Services/EconomieNosfy.swift (in target 'Nosfy' from project 'Nosfy')
Failed frontend command:
/Applications/Xcode.app/Contents/Developer/Toolchains/XcodeDefault.xctoolchain/usr/bin/swift-frontend -frontend -c -filelist /var/folders/sk/1y78dckn1fbdyvwtdtdy76680000gn/T/nosfy-session-commit-s4q40rbr/DerivedBaseline/Build/Intermediates.noindex/Nosfy.build/Debug-iphonesimulator/Nosfy.build/Objects-normal/arm64/sources-1 -primary-file /var/folders/sk/1y78dckn1fbdyvwtdtdy76680000gn/T/nosfy-session-commit-s4q40rbr/baseline/Nosfy/Figures/BottleSplash.swift -primary-file /var/folders/sk/1y78dckn1fbdyvwtdtdy76680000gn/T/nosfy-session-commit-s4q40rbr/baseline/Nosfy/Figures/CoinChime.swift -primary-file /var/folders/sk/1y78dckn1fbdyvwtdtdy76680000gn/T/nosfy-session-commit-s4q40rbr/baseline/Nosfy/Figures/DiamondGlints.swift -primary-file /var/folders/sk/1y78dckn1fbdyvwtdtdy76680000gn/T/nosfy-session-commit-s4q40rbr/baseline/Nosfy/Figures/Ink.swift -primary-file /var/folders/sk/1y78dckn1fbdyvwtdtdy76680000gn/T/nosfy-session-commit-s4q40rbr/baseline/Nosfy/Figures/LightDial.swift -primary-file /var/folders/sk/1y78dckn1fbdyvwtdtdy76680000gn/T/nosfy-session-commit-s4q40rbr/baseline/Nosfy/Figures/LuneDust.swift -primary-file /var/folders/sk/1y78dckn1fbdyvwtdtdy76680000gn/T/nosfy-session-commit-s4q40rbr/baseline/Nosfy/Figures/MonolithChime.swift -primary-file /var/folders/sk/1y78dckn1fbdyvwtdtdy76680000gn/T/nosfy-session-commit-s4q40rbr/baseline/Nosfy/Figures/NightBirds.swift -primary-file /var/folders/sk/1y78dckn1fbdyvwtdtdy76680000gn/T/nosfy-session-commit-s4q40rbr/baseline/Nosfy/Figures/RocketHaptics.swift -primary-file /var/folders/sk/1y78dckn1fbdyvwtdtdy76680000gn/T/nosfy-session-commit-s4q40rbr/baseline/Nosfy/Figures/SparkleBurst.swift -primary-file /var/folders/sk/1y78dckn1fbdyvwtdtdy76680000gn/T/nosfy-session-commit-s4q40rbr/baseline/Nosfy/Figures/SplashBackground.swift -primary-file /var/folders/sk/1y78dckn1fbdyvwtdtdy76680000gn/T/nosfy-session-commit-s4q40rbr/baseline/Nosfy/Figures/SplashWisp.swift -primary-file /var/folders/sk/1y78dckn1fbdyvwtdtdy76680000gn/T/nosfy-session-commit-s4q40rbr/baseline/Nosfy/Services/Annonces.swift -primary-file /var/folders/sk/1y78dckn1fbdyvwtdtdy76680000gn/T/nosfy-session-commit-s4q40rbr/baseline/Nosfy/Services/AppleAuth.swift -primary-file /var/folders/sk/1y78dckn1fbdyvwtdtdy76680000gn/T/nosfy-session-commit-s4q40rbr/baseline/Nosfy/Services/CartesQABanc.swift -primary-file /var/folders/sk/1y78dckn1fbdyvwtdtdy76680000gn/T/nosfy-session-commit-s4q40rbr/baseline/Nosfy/Services/CartesServeur.swift -primary-file /var/folders/sk/1y78dckn1fbdyvwtdtdy76680000gn/T/nosfy-session-commit-s4q40rbr/baseline/Nosfy/Services/ChambreServeur.swift -primary-file /var/folders/sk/1y78dckn1fbdyvwtdtdy76680000gn/T/nosfy-session-commit-s4q40rbr/baseline/Nosfy/Services/CoachServeur.swift -primary-file /var/folders/sk/1y78dckn1fbdyvwtdtdy76680000gn/T/nosfy-session-commit-s4q40rbr/baseline/Nosfy/Services/Compte.swift -primary-file /var/folders/sk/1y78dckn1fbdyvwtdtdy76680000gn/T/nosfy-session-commit-s4q40rbr/baseline/Nosfy/Services/EconomieNosfy.swift -supplementary-output-file-map /var/folders/sk/1y78dckn1fbdyvwtdtdy76680000gn/T/nosfy-session-commit-s4q40rbr/DerivedBaseline/Build/Intermediates.noindex/Nosfy.build/Debug-iphonesimulator/Nosfy.build/Objects-normal/arm64/supplementaryOutputs-1 -emit-localized-strings -emit-localized-strings-path /var/folders/sk/1y78dckn1fbdyvwtdtdy76680000gn/T/nosfy-session-commit-s4q40rbr/DerivedBaseline/Build/Intermediates.noindex/Nosfy.build/Debug-iphonesimulator/Nosfy.build/Objects-normal/arm64 -target arm64-apple-ios26.0-simulator -module-can-import-version DeveloperToolsSupport 23.40.26 23.40.26 -disable-cross-import-overlay-search -swift-module-cross-import AuthenticationServices /Applications/Xcode.app/Contents/Developer/Platforms/iPhoneSimulator.platform/Developer/SDKs/iPhoneSimulator.sdk/System/Cryptexes/OS/System/Library/Frameworks/AuthenticationServices.framework/Modules/AuthenticationServices.swiftcrossimport/SwiftUI.swiftoverlay -swift-module-cross-import AuthenticationServices /Applications/Xcode.app/Contents/Developer/Platforms/iPhoneSimulator.platform/Developer/SDKs/iPhoneSimulator26.5.sdk/System/Library/Frameworks/AuthenticationServices.framework/Modules/AuthenticationServices.swiftcrossimport/SwiftUI.swiftoverlay -swift-module-cross-import SceneKit /Applications/Xcode.app/Contents/Developer/Platforms/iPhoneSimulator.platform/Developer/SDKs/iPhoneSimulator.sdk/System/Library/Frameworks/SceneKit.framework/Modules/SceneKit.swiftcrossimport/SwiftUI.swiftoverlay -swift-module-cross-import SwiftData /Applications/Xcode.app/Contents/Developer/Platforms/iPhoneSimulator.platform/Developer/SDKs/iPhoneSimulator26.5.sdk/System/Library/Frameworks/SwiftData.framework/Modules/SwiftData.swiftcrossimport/CoreData.swiftoverlay -swift-module-cross-import SwiftData /Applications/Xcode.app/Contents/Developer/Platforms/iPhoneSimulator.platform/Developer/SDKs/iPhoneSimulator26.5.sdk/System/Library/Frameworks/SwiftData.framework/Modules/SwiftData.swiftcrossimport/SwiftUI.swiftoverlay -load-resolved-plugin /Applications/Xcode.app/Contents/Developer/Platforms/iPhoneOS.platform/Developer/usr/lib/swift/host/plugins/libAppIntentsMacros.dylib\#/Applications/Xcode.app/Contents/Developer/Platforms/iPhoneOS.platform/Developer/usr/bin/swift-plugin-server\#AppIntentsMacros -load-resolved-plugin /Applications/Xcode.app/Contents/Developer/Platforms/iPhoneOS.platform/Developer/usr/lib/swift/host/plugins/libFoundationMacros.dylib\#/Applications/Xcode.app/Contents/Developer/Platforms/iPhoneOS.platform/Developer/usr/bin/swift-plugin-server\#FoundationMacros -load-resolved-plugin /Applications/Xcode.app/Contents/Developer/Platforms/iPhoneOS.platform/Developer/usr/lib/swift/host/plugins/libObservationMacros.dylib\#/Applications/Xcode.app/Contents/Developer/Platforms/iPhoneOS.platform/Developer/usr/bin/swift-plugin-server\#ObservationMacros -load-resolved-plugin /Applications/Xcode.app/Contents/Developer/Platforms/iPhoneOS.platform/Developer/usr/lib/swift/host/plugins/libPreviewsMacros.dylib\#/Applications/Xcode.app/Contents/Developer/Platforms/iPhoneOS.platform/Developer/usr/bin/swift-plugin-server\#PreviewsMacros -load-resolved-plugin /Applications/Xcode.app/Contents/Developer/Platforms/iPhoneOS.platform/Developer/usr/lib/swift/host/plugins/libSwiftDataMacros.dylib\#/Applications/Xcode.app/Contents/Developer/Platforms/iPhoneOS.platform/Developer/usr/bin/swift-plugin-server\#SwiftDataMacros -load-resolved-plugin /Applications/Xcode.app/Contents/Developer/Platforms/iPhoneOS.platform/Developer/usr/lib/swift/host/plugins/libSwiftMacros.dylib\#/Applications/Xcode.app/Contents/Developer/Platforms/iPhoneOS.platform/Developer/usr/bin/swift-plugin-server\#SwiftMacros -load-resolved-plugin /Applications/Xcode.app/Contents/Developer/Platforms/iPhoneOS.platform/Developer/usr/lib/swift/host/plugins/libSwiftUIMacros.dylib\#/Applications/Xcode.app/Contents/Developer/Platforms/iPhoneOS.platform/Developer/usr/bin/swift-plugin-server\#SwiftUIMacros -disable-implicit-swift-modules -Xcc -fno-implicit-modules -Xcc -fno-implicit-module-maps -explicit-swift-module-map-file /var/folders/sk/1y78dckn1fbdyvwtdtdy76680000gn/T/nosfy-session-commit-s4q40rbr/DerivedBaseline/Build/Intermediates.noindex/Nosfy.build/Debug-iphonesimulator/Nosfy.build/Objects-normal/arm64/Woop-dependencies-1.json -debug-module-path /var/folders/sk/1y78dckn1fbdyvwtdtdy76680000gn/T/nosfy-session-commit-s4q40rbr/DerivedBaseline/Build/Intermediates.noindex/Nosfy.build/Debug-iphonesimulator/Nosfy.build/Objects-normal/arm64/Woop.swiftmodule -Xllvm -aarch64-use-tbi -enable-objc-interop -sdk /Applications/Xcode.app/Contents/Developer/Platforms/iPhoneSimulator.platform/Developer/SDKs/iPhoneSimulator26.5.sdk -I /var/folders/sk/1y78dckn1fbdyvwtdtdy76680000gn/T/nosfy-session-commit-s4q40rbr/DerivedBaseline/Build/Products/Debug-iphonesimulator -F /var/folders/sk/1y78dckn1fbdyvwtdtdy76680000gn/T/nosfy-session-commit-s4q40rbr/DerivedBaseline/Build/Products/Debug-iphonesimulator -no-color-diagnostics -Xcc -fno-color-diagnostics -enable-testing -g -debug-info-format\=dwarf -dwarf-version\=5 -module-cache-path /var/folders/sk/1y78dckn1fbdyvwtdtdy76680000gn/T/nosfy-session-commit-s4q40rbr/DerivedBaseline/Build/Intermediates.noindex/SwiftExplicitPrecompiledModules -swift-version 5 -Onone -D DEBUG -serialize-debugging-options -const-gather-protocols-file /var/folders/sk/1y78dckn1fbdyvwtdtdy76680000gn/T/nosfy-session-commit-s4q40rbr/DerivedBaseline/Build/Intermediates.noindex/Nosfy.build/Debug-iphonesimulator/Nosfy.build/Objects-normal/arm64/Nosfy_const_extract_protocols.json -enable-experimental-feature DebugDescriptionMacro -enable-bare-slash-regex -empty-abi-descriptor -validate-clang-modules-once -clang-build-session-file /var/folders/sk/1y78dckn1fbdyvwtdtdy76680000gn/T/nosfy-session-commit-s4q40rbr/DerivedBaseline/ModuleCache.noindex/Session.modulevalidation -Xcc -working-directory -Xcc /var/folders/sk/1y78dckn1fbdyvwtdtdy76680000gn/T/nosfy-session-commit-s4q40rbr/baseline -enable-anonymous-context-mangled-names -file-compilation-dir /var/folders/sk/1y78dckn1fbdyvwtdtdy76680000gn/T/nosfy-session-commit-s4q40rbr/baseline -Xcc -D_LIBCPP_HARDENING_MODE\=_LIBCPP_HARDENING_MODE_DEBUG -Xcc -ivfsstatcache -Xcc /var/folders/sk/1y78dckn1fbdyvwtdtdy76680000gn/T/nosfy-session-commit-s4q40rbr/DerivedBaseline/SDKStatCaches.noindex/iphonesimulator26.5-23F73-688ef53f1462e2c8f657fdc38a81448f6cfe768891a92b912361537c460fe42b.sdkstatcache -Xcc -I/var/folders/sk/1y78dckn1fbdyvwtdtdy76680000gn/T/nosfy-session-commit-s4q40rbr/DerivedBaseline/Build/Intermediates.noindex/Nosfy.build/Debug-iphonesimulator/Nosfy.build/swift-overrides.hmap -Xcc -iquote -Xcc /var/folders/sk/1y78dckn1fbdyvwtdtdy76680000gn/T/nosfy-session-commit-s4q40rbr/DerivedBaseline/Build/Intermediates.noindex/Nosfy.build/Debug-iphonesimulator/Nosfy.build/Nosfy-generated-files.hmap -Xcc -I/var/folders/sk/1y78dckn1fbdyvwtdtdy76680000gn/T/nosfy-session-commit-s4q40rbr/DerivedBaseline/Build/Intermediates.noindex/Nosfy.build/Debug-iphonesimulator/Nosfy.build/Nosfy-own-target-headers.hmap -Xcc -I/var/folders/sk/1y78dckn1fbdyvwtdtdy76680000gn/T/nosfy-session-commit-s4q40rbr/DerivedBaseline/Build/Intermediates.noindex/Nosfy.build/Debug-iphonesimulator/Nosfy.build/Nosfy-all-target-headers.hmap -Xcc -iquote -Xcc /var/folders/sk/1y78dckn1fbdyvwtdtdy76680000gn/T/nosfy-session-commit-s4q40rbr/DerivedBaseline/Build/Intermediates.noindex/Nosfy.build/Debug-iphonesimulator/Nosfy.build/Nosfy-project-headers.hmap -Xcc -I/var/folders/sk/1y78dckn1fbdyvwtdtdy76680000gn/T/nosfy-session-commit-s4q40rbr/DerivedBaseline/Build/Products/Debug-iphonesimulator/include -Xcc -I/var/folders/sk/1y78dckn1fbdyvwtdtdy76680000gn/T/nosfy-session-commit-s4q40rbr/DerivedBaseline/Build/Intermediates.noindex/Nosfy.build/Debug-iphonesimulator/Nosfy.build/DerivedSources-normal/arm64 -Xcc -I/var/folders/sk/1y78dckn1fbdyvwtdtdy76680000gn/T/nosfy-session-commit-s4q40rbr/DerivedBaseline/Build/Intermediates.noindex/Nosfy.build/Debug-iphonesimulator/Nosfy.build/DerivedSources/arm64 -Xcc -I/var/folders/sk/1y78dckn1fbdyvwtdtdy76680000gn/T/nosfy-session-commit-s4q40rbr/DerivedBaseline/Build/Intermediates.noindex/Nosfy.build/Debug-iphonesimulator/Nosfy.build/DerivedSources -Xcc -DDEBUG\=1 -no-auto-bridging-header-chaining -module-name Woop -frontend-parseable-output -disable-clang-spi -clang-target arm64-apple-ios26.5-simulator -target-sdk-version 26.5 -target-sdk-name iphonesimulator26.5 -in-process-plugin-server-path /Applications/Xcode.app/Contents/Developer/Toolchains/XcodeDefault.xctoolchain/usr/lib/swift/host/libSwiftInProcPluginServer.dylib -o /var/folders/sk/1y78dckn1fbdyvwtdtdy76680000gn/T/nosfy-session-commit-s4q40rbr/DerivedBaseline/Build/Intermediates.noindex/Nosfy.build/Debug-iphonesimulator/Nosfy.build/Objects-normal/arm64/BottleSplash.o -o /var/folders/sk/1y78dckn1fbdyvwtdtdy76680000gn/T/nosfy-session-commit-s4q40rbr/DerivedBaseline/Build/Intermediates.noindex/Nosfy.build/Debug-iphonesimulator/Nosfy.build/Objects-normal/arm64/CoinChime.o -o /var/folders/sk/1y78dckn1fbdyvwtdtdy76680000gn/T/nosfy-session-commit-s4q40rbr/DerivedBaseline/Build/Intermediates.noindex/Nosfy.build/Debug-iphonesimulator/Nosfy.build/Objects-normal/arm64/DiamondGlints.o -o /var/folders/sk/1y78dckn1fbdyvwtdtdy76680000gn/T/nosfy-session-commit-s4q40rbr/DerivedBaseline/Build/Intermediates.noindex/Nosfy.build/Debug-iphonesimulator/Nosfy.build/Objects-normal/arm64/Ink.o -o /var/folders/sk/1y78dckn1fbdyvwtdtdy76680000gn/T/nosfy-session-commit-s4q40rbr/DerivedBaseline/Build/Intermediates.noindex/Nosfy.build/Debug-iphonesimulator/Nosfy.build/Objects-normal/arm64/LightDial.o -o /var/folders/sk/1y78dckn1fbdyvwtdtdy76680000gn/T/nosfy-session-commit-s4q40rbr/DerivedBaseline/Build/Intermediates.noindex/Nosfy.build/Debug-iphonesimulator/Nosfy.build/Objects-normal/arm64/LuneDust.o -o /var/folders/sk/1y78dckn1fbdyvwtdtdy76680000gn/T/nosfy-session-commit-s4q40rbr/DerivedBaseline/Build/Intermediates.noindex/Nosfy.build/Debug-iphonesimulator/Nosfy.build/Objects-normal/arm64/MonolithChime.o -o /var/folders/sk/1y78dckn1fbdyvwtdtdy76680000gn/T/nosfy-session-commit-s4q40rbr/DerivedBaseline/Build/Intermediates.noindex/Nosfy.build/Debug-iphonesimulator/Nosfy.build/Objects-normal/arm64/NightBirds.o -o /var/folders/sk/1y78dckn1fbdyvwtdtdy76680000gn/T/nosfy-session-commit-s4q40rbr/DerivedBaseline/Build/Intermediates.noindex/Nosfy.build/Debug-iphonesimulator/Nosfy.build/Objects-normal/arm64/RocketHaptics.o -o /var/folders/sk/1y78dckn1fbdyvwtdtdy76680000gn/T/nosfy-session-commit-s4q40rbr/DerivedBaseline/Build/Intermediates.noindex/Nosfy.build/Debug-iphonesimulator/Nosfy.build/Objects-normal/arm64/SparkleBurst.o -o /var/folders/sk/1y78dckn1fbdyvwtdtdy76680000gn/T/nosfy-session-commit-s4q40rbr/DerivedBaseline/Build/Intermediates.noindex/Nosfy.build/Debug-iphonesimulator/Nosfy.build/Objects-normal/arm64/SplashBackground.o -o /var/folders/sk/1y78dckn1fbdyvwtdtdy76680000gn/T/nosfy-session-commit-s4q40rbr/DerivedBaseline/Build/Intermediates.noindex/Nosfy.build/Debug-iphonesimulator/Nosfy.build/Objects-normal/arm64/SplashWisp.o -o /var/folders/sk/1y78dckn1fbdyvwtdtdy76680000gn/T/nosfy-session-commit-s4q40rbr/DerivedBaseline/Build/Intermediates.noindex/Nosfy.build/Debug-iphonesimulator/Nosfy.build/Objects-normal/arm64/Annonces.o -o /var/folders/sk/1y78dckn1fbdyvwtdtdy76680000gn/T/nosfy-session-commit-s4q40rbr/DerivedBaseline/Build/Intermediates.noindex/Nosfy.build/Debug-iphonesimulator/Nosfy.build/Objects-normal/arm64/AppleAuth.o -o /var/folders/sk/1y78dckn1fbdyvwtdtdy76680000gn/T/nosfy-session-commit-s4q40rbr/DerivedBaseline/Build/Intermediates.noindex/Nosfy.build/Debug-iphonesimulator/Nosfy.build/Objects-normal/arm64/CartesQABanc.o -o /var/folders/sk/1y78dckn1fbdyvwtdtdy76680000gn/T/nosfy-session-commit-s4q40rbr/DerivedBaseline/Build/Intermediates.noindex/Nosfy.build/Debug-iphonesimulator/Nosfy.build/Objects-normal/arm64/CartesServeur.o -o /var/folders/sk/1y78dckn1fbdyvwtdtdy76680000gn/T/nosfy-session-commit-s4q40rbr/DerivedBaseline/Build/Intermediates.noindex/Nosfy.build/Debug-iphonesimulator/Nosfy.build/Objects-normal/arm64/ChambreServeur.o -o /var/folders/sk/1y78dckn1fbdyvwtdtdy76680000gn/T/nosfy-session-commit-s4q40rbr/DerivedBaseline/Build/Intermediates.noindex/Nosfy.build/Debug-iphonesimulator/Nosfy.build/Objects-normal/arm64/CoachServeur.o -o /var/folders/sk/1y78dckn1fbdyvwtdtdy76680000gn/T/nosfy-session-commit-s4q40rbr/DerivedBaseline/Build/Intermediates.noindex/Nosfy.build/Debug-iphonesimulator/Nosfy.build/Objects-normal/arm64/Compte.o -o /var/folders/sk/1y78dckn1fbdyvwtdtdy76680000gn/T/nosfy-session-commit-s4q40rbr/DerivedBaseline/Build/Intermediates.noindex/Nosfy.build/Debug-iphonesimulator/Nosfy.build/Objects-normal/arm64/EconomieNosfy.o -index-unit-output-path /Nosfy.build/Debug-iphonesimulator/Nosfy.build/Objects-normal/arm64/BottleSplash.o -index-unit-output-path /Nosfy.build/Debug-iphonesimulator/Nosfy.build/Objects-normal/arm64/CoinChime.o -index-unit-output-path /Nosfy.build/Debug-iphonesimulator/Nosfy.build/Objects-normal/arm64/DiamondGlints.o -index-unit-output-path /Nosfy.build/Debug-iphonesimulator/Nosfy.build/Objects-normal/arm64/Ink.o -index-unit-output-path /Nosfy.build/Debug-iphonesimulator/Nosfy.build/Objects-normal/arm64/LightDial.o -index-unit-output-path /Nosfy.build/Debug-iphonesimulator/Nosfy.build/Objects-normal/arm64/LuneDust.o -index-unit-output-path /Nosfy.build/Debug-iphonesimulator/Nosfy.build/Objects-normal/arm64/MonolithChime.o -index-unit-output-path /Nosfy.build/Debug-iphonesimulator/Nosfy.build/Objects-normal/arm64/NightBirds.o -index-unit-output-path /Nosfy.build/Debug-iphonesimulator/Nosfy.build/Objects-normal/arm64/RocketHaptics.o -index-unit-output-path /Nosfy.build/Debug-iphonesimulator/Nosfy.build/Objects-normal/arm64/SparkleBurst.o -index-unit-output-path /Nosfy.build/Debug-iphonesimulator/Nosfy.build/Objects-normal/arm64/SplashBackground.o -index-unit-output-path /Nosfy.build/Debug-iphonesimulator/Nosfy.build/Objects-normal/arm64/SplashWisp.o -index-unit-output-path /Nosfy.build/Debug-iphonesimulator/Nosfy.build/Objects-normal/arm64/Annonces.o -index-unit-output-path /Nosfy.build/Debug-iphonesimulator/Nosfy.build/Objects-normal/arm64/AppleAuth.o -index-unit-output-path /Nosfy.build/Debug-iphonesimulator/Nosfy.build/Objects-normal/arm64/CartesQABanc.o -index-unit-output-path /Nosfy.build/Debug-iphonesimulator/Nosfy.build/Objects-normal/arm64/CartesServeur.o -index-unit-output-path /Nosfy.build/Debug-iphonesimulator/Nosfy.build/Objects-normal/arm64/ChambreServeur.o -index-unit-output-path /Nosfy.build/Debug-iphonesimulator/Nosfy.build/Objects-normal/arm64/CoachServeur.o -index-unit-output-path /Nosfy.build/Debug-iphonesimulator/Nosfy.build/Objects-normal/arm64/Compte.o -index-unit-output-path /Nosfy.build/Debug-iphonesimulator/Nosfy.build/Objects-normal/arm64/EconomieNosfy.o -index-store-path /var/folders/sk/1y78dckn1fbdyvwtdtdy76680000gn/T/nosfy-session-commit-s4q40rbr/DerivedBaseline/Index.noindex/DataStore -index-system-modules

SwiftCompile normal arm64 /var/folders/sk/1y78dckn1fbdyvwtdtdy76680000gn/T/nosfy-session-commit-s4q40rbr/baseline/Nosfy/Figures/BottleSplash.swift (in target 'Nosfy' from project 'Nosfy')
    cd /var/folders/sk/1y78dckn1fbdyvwtdtdy76680000gn/T/nosfy-session-commit-s4q40rbr/baseline
    

SwiftCompile normal arm64 /var/folders/sk/1y78dckn1fbdyvwtdtdy76680000gn/T/nosfy-session-commit-s4q40rbr/baseline/Nosfy/Figures/CoinChime.swift (in target 'Nosfy' from project 'Nosfy')
    cd /var/folders/sk/1y78dckn1fbdyvwtdtdy76680000gn/T/nosfy-session-commit-s4q40rbr/baseline
    

SwiftCompile normal arm64 /var/folders/sk/1y78dckn1fbdyvwtdtdy76680000gn/T/nosfy-session-commit-s4q40rbr/baseline/Nosfy/Figures/DiamondGlints.swift (in target 'Nosfy' from project 'Nosfy')
    cd /var/folders/sk/1y78dckn1fbdyvwtdtdy76680000gn/T/nosfy-session-commit-s4q40rbr/baseline
    

SwiftCompile normal arm64 /var/folders/sk/1y78dckn1fbdyvwtdtdy76680000gn/T/nosfy-session-commit-s4q40rbr/baseline/Nosfy/Figures/Ink.swift (in target 'Nosfy' from project 'Nosfy')
    cd /var/folders/sk/1y78dckn1fbdyvwtdtdy76680000gn/T/nosfy-session-commit-s4q40rbr/baseline
    

SwiftCompile normal arm64 /var/folders/sk/1y78dckn1fbdyvwtdtdy76680000gn/T/nosfy-session-commit-s4q40rbr/baseline/Nosfy/Figures/LightDial.swift (in target 'Nosfy' from project 'Nosfy')
    cd /var/folders/sk/1y78dckn1fbdyvwtdtdy76680000gn/T/nosfy-session-commit-s4q40rbr/baseline
    

SwiftCompile normal arm64 /var/folders/sk/1y78dckn1fbdyvwtdtdy76680000gn/T/nosfy-session-commit-s4q40rbr/baseline/Nosfy/Figures/LuneDust.swift (in target 'Nosfy' from project 'Nosfy')
    cd /var/folders/sk/1y78dckn1fbdyvwtdtdy76680000gn/T/nosfy-session-commit-s4q40rbr/baseline
    

SwiftCompile normal arm64 /var/folders/sk/1y78dckn1fbdyvwtdtdy76680000gn/T/nosfy-session-commit-s4q40rbr/baseline/Nosfy/Figures/MonolithChime.swift (in target 'Nosfy' from project 'Nosfy')
    cd /var/folders/sk/1y78dckn1fbdyvwtdtdy76680000gn/T/nosfy-session-commit-s4q40rbr/baseline
    

SwiftCompile normal arm64 /var/folders/sk/1y78dckn1fbdyvwtdtdy76680000gn/T/nosfy-session-commit-s4q40rbr/baseline/Nosfy/Figures/NightBirds.swift (in target 'Nosfy' from project 'Nosfy')
    cd /var/folders/sk/1y78dckn1fbdyvwtdtdy76680000gn/T/nosfy-session-commit-s4q40rbr/baseline
    

SwiftCompile normal arm64 /var/folders/sk/1y78dckn1fbdyvwtdtdy76680000gn/T/nosfy-session-commit-s4q40rbr/baseline/Nosfy/Figures/RocketHaptics.swift (in target 'Nosfy' from project 'Nosfy')
    cd /var/folders/sk/1y78dckn1fbdyvwtdtdy76680000gn/T/nosfy-session-commit-s4q40rbr/baseline
    

SwiftCompile normal arm64 /var/folders/sk/1y78dckn1fbdyvwtdtdy76680000gn/T/nosfy-session-commit-s4q40rbr/baseline/Nosfy/Figures/SparkleBurst.swift (in target 'Nosfy' from project 'Nosfy')
    cd /var/folders/sk/1y78dckn1fbdyvwtdtdy76680000gn/T/nosfy-session-commit-s4q40rbr/baseline
    

SwiftCompile normal arm64 /var/folders/sk/1y78dckn1fbdyvwtdtdy76680000gn/T/nosfy-session-commit-s4q40rbr/baseline/Nosfy/Figures/SplashBackground.swift (in target 'Nosfy' from project 'Nosfy')
    cd /var/folders/sk/1y78dckn1fbdyvwtdtdy76680000gn/T/nosfy-session-commit-s4q40rbr/baseline
    

SwiftCompile normal arm64 /var/folders/sk/1y78dckn1fbdyvwtdtdy76680000gn/T/nosfy-session-commit-s4q40rbr/baseline/Nosfy/Figures/SplashWisp.swift (in target 'Nosfy' from project 'Nosfy')
    cd /var/folders/sk/1y78dckn1fbdyvwtdtdy76680000gn/T/nosfy-session-commit-s4q40rbr/baseline
    

SwiftCompile normal arm64 /var/folders/sk/1y78dckn1fbdyvwtdtdy76680000gn/T/nosfy-session-commit-s4q40rbr/baseline/Nosfy/Services/Annonces.swift (in target 'Nosfy' from project 'Nosfy')
    cd /var/folders/sk/1y78dckn1fbdyvwtdtdy76680000gn/T/nosfy-session-commit-s4q40rbr/baseline
    
/var/folders/sk/1y78dckn1fbdyvwtdtdy76680000gn/T/nosfy-session-commit-s4q40rbr/baseline/Nosfy/Services/Annonces.swift:236:13: error: cannot find 'ToasterGain' in scope
            ToasterGain(gain: n, fraction: fraction, libelle: "COINS EARNED")
            ^~~~~~~~~~~
/var/folders/sk/1y78dckn1fbdyvwtdtdy76680000gn/T/nosfy-session-commit-s4q40rbr/baseline/Nosfy/Services/Annonces.swift:238:13: error: cannot find 'ToasterGain' in scope
            ToasterGain(gain: n, fraction: fraction, libelle: "CARDIO COINS")
            ^~~~~~~~~~~
/var/folders/sk/1y78dckn1fbdyvwtdtdy76680000gn/T/nosfy-session-commit-s4q40rbr/baseline/Nosfy/Services/Annonces.swift:240:13: error: cannot find 'ToasterGain' in scope
            ToasterGain(gain: n, fraction: fraction, libelle: "DAILY BONUS")
            ^~~~~~~~~~~
/var/folders/sk/1y78dckn1fbdyvwtdtdy76680000gn/T/nosfy-session-commit-s4q40rbr/baseline/Nosfy/Services/Annonces.swift:244:13: error: cannot find 'ToasterGain' in scope
            ToasterGain(gain: n, fraction: fraction, libelle: "SILVER COINS")
            ^~~~~~~~~~~
/var/folders/sk/1y78dckn1fbdyvwtdtdy76680000gn/T/nosfy-session-commit-s4q40rbr/baseline/Nosfy/Services/Annonces.swift:246:13: error: cannot find 'ToasterGain' in scope
            ToasterGain(gain: n, fraction: fraction, robe: .booster,
            ^~~~~~~~~~~

SwiftCompile normal arm64 /var/folders/sk/1y78dckn1fbdyvwtdtdy76680000gn/T/nosfy-session-commit-s4q40rbr/baseline/Nosfy/Services/AppleAuth.swift (in target 'Nosfy' from project 'Nosfy')
    cd /var/folders/sk/1y78dckn1fbdyvwtdtdy76680000gn/T/nosfy-session-commit-s4q40rbr/baseline
    
/var/folders/sk/1y78dckn1fbdyvwtdtdy76680000gn/T/nosfy-session-commit-s4q40rbr/baseline/Nosfy/Services/AppleAuth.swift:303:74: warning: 'init()' was deprecated in iOS 26.0: Use init(windowScene:) instead.
        return fenetres.first(where: \.isKeyWindow) ?? fenetres.first ?? ASPresentationAnchor()
                                                                         ^

SwiftCompile normal arm64 /var/folders/sk/1y78dckn1fbdyvwtdtdy76680000gn/T/nosfy-session-commit-s4q40rbr/baseline/Nosfy/Services/CartesQABanc.swift (in target 'Nosfy' from project 'Nosfy')
    cd /var/folders/sk/1y78dckn1fbdyvwtdtdy76680000gn/T/nosfy-session-commit-s4q40rbr/baseline
    

SwiftCompile normal arm64 /var/folders/sk/1y78dckn1fbdyvwtdtdy76680000gn/T/nosfy-session-commit-s4q40rbr/baseline/Nosfy/Services/CartesServeur.swift (in target 'Nosfy' from project 'Nosfy')
    cd /var/folders/sk/1y78dckn1fbdyvwtdtdy76680000gn/T/nosfy-session-commit-s4q40rbr/baseline
    

SwiftCompile normal arm64 /var/folders/sk/1y78dckn1fbdyvwtdtdy76680000gn/T/nosfy-session-commit-s4q40rbr/baseline/Nosfy/Services/ChambreServeur.swift (in target 'Nosfy' from project 'Nosfy')
    cd /var/folders/sk/1y78dckn1fbdyvwtdtdy76680000gn/T/nosfy-session-commit-s4q40rbr/baseline
    

SwiftCompile normal arm64 /var/folders/sk/1y78dckn1fbdyvwtdtdy76680000gn/T/nosfy-session-commit-s4q40rbr/baseline/Nosfy/Services/CoachServeur.swift (in target 'Nosfy' from project 'Nosfy')
    cd /var/folders/sk/1y78dckn1fbdyvwtdtdy76680000gn/T/nosfy-session-commit-s4q40rbr/baseline
    

SwiftCompile normal arm64 /var/folders/sk/1y78dckn1fbdyvwtdtdy76680000gn/T/nosfy-session-commit-s4q40rbr/baseline/Nosfy/Services/Compte.swift (in target 'Nosfy' from project 'Nosfy')
    cd /var/folders/sk/1y78dckn1fbdyvwtdtdy76680000gn/T/nosfy-session-commit-s4q40rbr/baseline
    

SwiftCompile normal arm64 /var/folders/sk/1y78dckn1fbdyvwtdtdy76680000gn/T/nosfy-session-commit-s4q40rbr/baseline/Nosfy/Services/EconomieNosfy.swift (in target 'Nosfy' from project 'Nosfy')
    cd /var/folders/sk/1y78dckn1fbdyvwtdtdy76680000gn/T/nosfy-session-commit-s4q40rbr/baseline
    

SwiftCompile normal arm64 Compiling\ BoosterCard.swift,\ BoosterLab.swift,\ BoosterPack.swift,\ BoosterPopup.swift,\ BordSeance.swift,\ BoutonPrimaire.swift,\ BravoLab.swift,\ CalendarView.swift,\ CalLab.swift,\ CardioFiche.swift,\ CardRoute.swift,\ CarnetLab.swift,\ CarnetScene.swift,\ CarteLuneLab.swift,\ CGUPage.swift,\ ChambreDonnees.swift,\ ChambreHiit.swift,\ ChambreLongue.swift,\ ChambrePeak.swift,\ ChambreRegularite.swift /var/folders/sk/1y78dckn1fbdyvwtdtdy76680000gn/T/nosfy-session-commit-s4q40rbr/baseline/Nosfy/Views/BoosterCard.swift /var/folders/sk/1y78dckn1fbdyvwtdtdy76680000gn/T/nosfy-session-commit-s4q40rbr/baseline/Nosfy/Views/BoosterLab.swift /var/folders/sk/1y78dckn1fbdyvwtdtdy76680000gn/T/nosfy-session-commit-s4q40rbr/baseline/Nosfy/Views/BoosterPack.swift /var/folders/sk/1y78dckn1fbdyvwtdtdy76680000gn/T/nosfy-session-commit-s4q40rbr/baseline/Nosfy/Views/BoosterPopup.swift /var/folders/sk/1y78dckn1fbdyvwtdtdy76680000gn/T/nosfy-session-commit-s4q40rbr/baseline/Nosfy/Views/BordSeance.swift /var/folders/sk/1y78dckn1fbdyvwtdtdy76680000gn/T/nosfy-session-commit-s4q40rbr/baseline/Nosfy/Views/BoutonPrimaire.swift /var/folders/sk/1y78dckn1fbdyvwtdtdy76680000gn/T/nosfy-session-commit-s4q40rbr/baseline/Nosfy/Views/BravoLab.swift /var/folders/sk/1y78dckn1fbdyvwtdtdy76680000gn/T/nosfy-session-commit-s4q40rbr/baseline/Nosfy/Views/CalendarView.swift /var/folders/sk/1y78dckn1fbdyvwtdtdy76680000gn/T/nosfy-session-commit-s4q40rbr/baseline/Nosfy/Views/CalLab.swift /var/folders/sk/1y78dckn1fbdyvwtdtdy76680000gn/T/nosfy-session-commit-s4q40rbr/baseline/Nosfy/Views/CardioFiche.swift /var/folders/sk/1y78dckn1fbdyvwtdtdy76680000gn/T/nosfy-session-commit-s4q40rbr/baseline/Nosfy/Views/CardRoute.swift /var/folders/sk/1y78dckn1fbdyvwtdtdy76680000gn/T/nosfy-session-commit-s4q40rbr/baseline/Nosfy/Views/CarnetLab.swift /var/folders/sk/1y78dckn1fbdyvwtdtdy76680000gn/T/nosfy-session-commit-s4q40rbr/baseline/Nosfy/Views/CarnetScene.swift /var/folders/sk/1y78dckn1fbdyvwtdtdy76680000gn/T/nosfy-session-commit-s4q40rbr/baseline/Nosfy/Views/CarteLuneLab.swift /var/folders/sk/1y78dckn1fbdyvwtdtdy76680000gn/T/nosfy-session-commit-s4q40rbr/baseline/Nosfy/Views/CGUPage.swift /var/folders/sk/1y78dckn1fbdyvwtdtdy76680000gn/T/nosfy-session-commit-s4q40rbr/baseline/Nosfy/Views/ChambreDonnees.swift /var/folders/sk/1y78dckn1fbdyvwtdtdy76680000gn/T/nosfy-session-commit-s4q40rbr/baseline/Nosfy/Views/ChambreHiit.swift /var/folders/sk/1y78dckn1fbdyvwtdtdy76680000gn/T/nosfy-session-commit-s4q40rbr/baseline/Nosfy/Views/ChambreLongue.swift /var/folders/sk/1y78dckn1fbdyvwtdtdy76680000gn/T/nosfy-session-commit-s4q40rbr/baseline/Nosfy/Views/ChambrePeak.swift /var/folders/sk/1y78dckn1fbdyvwtdtdy76680000gn/T/nosfy-session-commit-s4q40rbr/baseline/Nosfy/Views/ChambreRegularite.swift (in target 'Nosfy' from project 'Nosfy')

SwiftCompile normal arm64 /var/folders/sk/1y78dckn1fbdyvwtdtdy76680000gn/T/nosfy-session-commit-s4q40rbr/baseline/Nosfy/Views/BoosterCard.swift (in target 'Nosfy' from project 'Nosfy')
    cd /var/folders/sk/1y78dckn1fbdyvwtdtdy76680000gn/T/nosfy-session-commit-s4q40rbr/baseline
    

SwiftCompile normal arm64 /var/folders/sk/1y78dckn1fbdyvwtdtdy76680000gn/T/nosfy-session-commit-s4q40rbr/baseline/Nosfy/Views/BoosterLab.swift (in target 'Nosfy' from project 'Nosfy')
    cd /var/folders/sk/1y78dckn1fbdyvwtdtdy76680000gn/T/nosfy-session-commit-s4q40rbr/baseline
    

SwiftCompile normal arm64 /var/folders/sk/1y78dckn1fbdyvwtdtdy76680000gn/T/nosfy-session-commit-s4q40rbr/baseline/Nosfy/Views/BoosterPack.swift (in target 'Nosfy' from project 'Nosfy')
    cd /var/folders/sk/1y78dckn1fbdyvwtdtdy76680000gn/T/nosfy-session-commit-s4q40rbr/baseline
    

SwiftCompile normal arm64 /var/folders/sk/1y78dckn1fbdyvwtdtdy76680000gn/T/nosfy-session-commit-s4q40rbr/baseline/Nosfy/Views/BoosterPopup.swift (in target 'Nosfy' from project 'Nosfy')
    cd /var/folders/sk/1y78dckn1fbdyvwtdtdy76680000gn/T/nosfy-session-commit-s4q40rbr/baseline
    

SwiftCompile normal arm64 /var/folders/sk/1y78dckn1fbdyvwtdtdy76680000gn/T/nosfy-session-commit-s4q40rbr/baseline/Nosfy/Views/BordSeance.swift (in target 'Nosfy' from project 'Nosfy')
    cd /var/folders/sk/1y78dckn1fbdyvwtdtdy76680000gn/T/nosfy-session-commit-s4q40rbr/baseline
    

SwiftCompile normal arm64 /var/folders/sk/1y78dckn1fbdyvwtdtdy76680000gn/T/nosfy-session-commit-s4q40rbr/baseline/Nosfy/Views/BoutonPrimaire.swift (in target 'Nosfy' from project 'Nosfy')
    cd /var/folders/sk/1y78dckn1fbdyvwtdtdy76680000gn/T/nosfy-session-commit-s4q40rbr/baseline
    

SwiftCompile normal arm64 /var/folders/sk/1y78dckn1fbdyvwtdtdy76680000gn/T/nosfy-session-commit-s4q40rbr/baseline/Nosfy/Views/BravoLab.swift (in target 'Nosfy' from project 'Nosfy')
    cd /var/folders/sk/1y78dckn1fbdyvwtdtdy76680000gn/T/nosfy-session-commit-s4q40rbr/baseline
    

SwiftCompile normal arm64 /var/folders/sk/1y78dckn1fbdyvwtdtdy76680000gn/T/nosfy-session-commit-s4q40rbr/baseline/Nosfy/Views/CalendarView.swift (in target 'Nosfy' from project 'Nosfy')
    cd /var/folders/sk/1y78dckn1fbdyvwtdtdy76680000gn/T/nosfy-session-commit-s4q40rbr/baseline
    

SwiftCompile normal arm64 /var/folders/sk/1y78dckn1fbdyvwtdtdy76680000gn/T/nosfy-session-commit-s4q40rbr/baseline/Nosfy/Views/CalLab.swift (in target 'Nosfy' from project 'Nosfy')
    cd /var/folders/sk/1y78dckn1fbdyvwtdtdy76680000gn/T/nosfy-session-commit-s4q40rbr/baseline
    

SwiftCompile normal arm64 /var/folders/sk/1y78dckn1fbdyvwtdtdy76680000gn/T/nosfy-session-commit-s4q40rbr/baseline/Nosfy/Views/CardioFiche.swift (in target 'Nosfy' from project 'Nosfy')
    cd /var/folders/sk/1y78dckn1fbdyvwtdtdy76680000gn/T/nosfy-session-commit-s4q40rbr/baseline
    

SwiftCompile normal arm64 /var/folders/sk/1y78dckn1fbdyvwtdtdy76680000gn/T/nosfy-session-commit-s4q40rbr/baseline/Nosfy/Views/CardRoute.swift (in target 'Nosfy' from project 'Nosfy')
    cd /var/folders/sk/1y78dckn1fbdyvwtdtdy76680000gn/T/nosfy-session-commit-s4q40rbr/baseline
    

SwiftCompile normal arm64 /var/folders/sk/1y78dckn1fbdyvwtdtdy76680000gn/T/nosfy-session-commit-s4q40rbr/baseline/Nosfy/Views/CarnetLab.swift (in target 'Nosfy' from project 'Nosfy')
    cd /var/folders/sk/1y78dckn1fbdyvwtdtdy76680000gn/T/nosfy-session-commit-s4q40rbr/baseline
    

SwiftCompile normal arm64 /var/folders/sk/1y78dckn1fbdyvwtdtdy76680000gn/T/nosfy-session-commit-s4q40rbr/baseline/Nosfy/Views/CarnetScene.swift (in target 'Nosfy' from project 'Nosfy')
    cd /var/folders/sk/1y78dckn1fbdyvwtdtdy76680000gn/T/nosfy-session-commit-s4q40rbr/baseline
    

SwiftCompile normal arm64 /var/folders/sk/1y78dckn1fbdyvwtdtdy76680000gn/T/nosfy-session-commit-s4q40rbr/baseline/Nosfy/Views/CarteLuneLab.swift (in target 'Nosfy' from project 'Nosfy')
    cd /var/folders/sk/1y78dckn1fbdyvwtdtdy76680000gn/T/nosfy-session-commit-s4q40rbr/baseline
    

SwiftCompile normal arm64 /var/folders/sk/1y78dckn1fbdyvwtdtdy76680000gn/T/nosfy-session-commit-s4q40rbr/baseline/Nosfy/Views/CGUPage.swift (in target 'Nosfy' from project 'Nosfy')
    cd /var/folders/sk/1y78dckn1fbdyvwtdtdy76680000gn/T/nosfy-session-commit-s4q40rbr/baseline
    

SwiftCompile normal arm64 /var/folders/sk/1y78dckn1fbdyvwtdtdy76680000gn/T/nosfy-session-commit-s4q40rbr/baseline/Nosfy/Views/ChambreDonnees.swift (in target 'Nosfy' from project 'Nosfy')
    cd /var/folders/sk/1y78dckn1fbdyvwtdtdy76680000gn/T/nosfy-session-commit-s4q40rbr/baseline
    

SwiftCompile normal arm64 /var/folders/sk/1y78dckn1fbdyvwtdtdy76680000gn/T/nosfy-session-commit-s4q40rbr/baseline/Nosfy/Views/ChambreHiit.swift (in target 'Nosfy' from project 'Nosfy')
    cd /var/folders/sk/1y78dckn1fbdyvwtdtdy76680000gn/T/nosfy-session-commit-s4q40rbr/baseline
    

SwiftCompile normal arm64 /var/folders/sk/1y78dckn1fbdyvwtdtdy76680000gn/T/nosfy-session-commit-s4q40rbr/baseline/Nosfy/Views/ChambreLongue.swift (in target 'Nosfy' from project 'Nosfy')
    cd /var/folders/sk/1y78dckn1fbdyvwtdtdy76680000gn/T/nosfy-session-commit-s4q40rbr/baseline
    

SwiftCompile normal arm64 /var/folders/sk/1y78dckn1fbdyvwtdtdy76680000gn/T/nosfy-session-commit-s4q40rbr/baseline/Nosfy/Views/ChambrePeak.swift (in target 'Nosfy' from project 'Nosfy')
    cd /var/folders/sk/1y78dckn1fbdyvwtdtdy76680000gn/T/nosfy-session-commit-s4q40rbr/baseline
    

SwiftCompile normal arm64 /var/folders/sk/1y78dckn1fbdyvwtdtdy76680000gn/T/nosfy-session-commit-s4q40rbr/baseline/Nosfy/Views/ChambreRegularite.swift (in target 'Nosfy' from project 'Nosfy')
    cd /var/folders/sk/1y78dckn1fbdyvwtdtdy76680000gn/T/nosfy-session-commit-s4q40rbr/baseline
    

SwiftCompile normal arm64 Compiling\ ErreurNosfy.swift,\ ForgeServeur.swift,\ HomeTextes.swift,\ InscriptionCompte.swift,\ Langue.swift,\ LuneForge.swift,\ OutboxGains.swift,\ OuvertureSeanceServeur.swift,\ ProfilServeur.swift,\ SacreServeur.swift,\ Supabase.swift,\ SupabaseSync.swift,\ SynthesisService.swift,\ WorkoutActivityController.swift,\ ActiveWorkoutView.swift,\ AppelChapitre.swift,\ AppelProfilVisite.swift,\ AuroraBgLab.swift,\ AuthView.swift,\ BancCoutHome.swift /var/folders/sk/1y78dckn1fbdyvwtdtdy76680000gn/T/nosfy-session-commit-s4q40rbr/baseline/Nosfy/Services/ErreurNosfy.swift /var/folders/sk/1y78dckn1fbdyvwtdtdy76680000gn/T/nosfy-session-commit-s4q40rbr/baseline/Nosfy/Services/ForgeServeur.swift /var/folders/sk/1y78dckn1fbdyvwtdtdy76680000gn/T/nosfy-session-commit-s4q40rbr/baseline/Nosfy/Services/HomeTextes.swift /var/folders/sk/1y78dckn1fbdyvwtdtdy76680000gn/T/nosfy-session-commit-s4q40rbr/baseline/Nosfy/Services/InscriptionCompte.swift /var/folders/sk/1y78dckn1fbdyvwtdtdy76680000gn/T/nosfy-session-commit-s4q40rbr/baseline/Nosfy/Services/Langue.swift /var/folders/sk/1y78dckn1fbdyvwtdtdy76680000gn/T/nosfy-session-commit-s4q40rbr/baseline/Nosfy/Services/LuneForge.swift /var/folders/sk/1y78dckn1fbdyvwtdtdy76680000gn/T/nosfy-session-commit-s4q40rbr/baseline/Nosfy/Services/OutboxGains.swift /var/folders/sk/1y78dckn1fbdyvwtdtdy76680000gn/T/nosfy-session-commit-s4q40rbr/baseline/Nosfy/Services/OuvertureSeanceServeur.swift /var/folders/sk/1y78dckn1fbdyvwtdtdy76680000gn/T/nosfy-session-commit-s4q40rbr/baseline/Nosfy/Services/ProfilServeur.swift /var/folders/sk/1y78dckn1fbdyvwtdtdy76680000gn/T/nosfy-session-commit-s4q40rbr/baseline/Nosfy/Services/SacreServeur.swift /var/folders/sk/1y78dckn1fbdyvwtdtdy76680000gn/T/nosfy-session-commit-s4q40rbr/baseline/Nosfy/Services/Supabase.swift /var/folders/sk/1y78dckn1fbdyvwtdtdy76680000gn/T/nosfy-session-commit-s4q40rbr/baseline/Nosfy/Services/SupabaseSync.swift /var/folders/sk/1y78dckn1fbdyvwtdtdy76680000gn/T/nosfy-session-commit-s4q40rbr/baseline/Nosfy/Services/SynthesisService.swift /var/folders/sk/1y78dckn1fbdyvwtdtdy76680000gn/T/nosfy-session-commit-s4q40rbr/baseline/Nosfy/Services/WorkoutActivityController.swift /var/folders/sk/1y78dckn1fbdyvwtdtdy76680000gn/T/nosfy-session-commit-s4q40rbr/baseline/Nosfy/Views/ActiveWorkoutView.swift /var/folders/sk/1y78dckn1fbdyvwtdtdy76680000gn/T/nosfy-session-commit-s4q40rbr/baseline/Nosfy/Views/AppelChapitre.swift /var/folders/sk/1y78dckn1fbdyvwtdtdy76680000gn/T/nosfy-session-commit-s4q40rbr/baseline/Nosfy/Views/AppelProfilVisite.swift /var/folders/sk/1y78dckn1fbdyvwtdtdy76680000gn/T/nosfy-session-commit-s4q40rbr/baseline/Nosfy/Views/AuroraBgLab.swift /var/folders/sk/1y78dckn1fbdyvwtdtdy76680000gn/T/nosfy-session-commit-s4q40rbr/baseline/Nosfy/Views/AuthView.swift /var/folders/sk/1y78dckn1fbdyvwtdtdy76680000gn/T/nosfy-session-commit-s4q40rbr/baseline/Nosfy/Views/BancCoutHome.swift (in target 'Nosfy' from project 'Nosfy')

SwiftCompile normal arm64 /var/folders/sk/1y78dckn1fbdyvwtdtdy76680000gn/T/nosfy-session-commit-s4q40rbr/baseline/Nosfy/Services/ErreurNosfy.swift (in target 'Nosfy' from project 'Nosfy')
    cd /var/folders/sk/1y78dckn1fbdyvwtdtdy76680000gn/T/nosfy-session-commit-s4q40rbr/baseline
    

SwiftCompile normal arm64 /var/folders/sk/1y78dckn1fbdyvwtdtdy76680000gn/T/nosfy-session-commit-s4q40rbr/baseline/Nosfy/Services/ForgeServeur.swift (in target 'Nosfy' from project 'Nosfy')
    cd /var/folders/sk/1y78dckn1fbdyvwtdtdy76680000gn/T/nosfy-session-commit-s4q40rbr/baseline
    

SwiftCompile normal arm64 /var/folders/sk/1y78dckn1fbdyvwtdtdy76680000gn/T/nosfy-session-commit-s4q40rbr/baseline/Nosfy/Services/HomeTextes.swift (in target 'Nosfy' from project 'Nosfy')
    cd /var/folders/sk/1y78dckn1fbdyvwtdtdy76680000gn/T/nosfy-session-commit-s4q40rbr/baseline
    

SwiftCompile normal arm64 /var/folders/sk/1y78dckn1fbdyvwtdtdy76680000gn/T/nosfy-session-commit-s4q40rbr/baseline/Nosfy/Services/InscriptionCompte.swift (in target 'Nosfy' from project 'Nosfy')
    cd /var/folders/sk/1y78dckn1fbdyvwtdtdy76680000gn/T/nosfy-session-commit-s4q40rbr/baseline
    

SwiftCompile normal arm64 /var/folders/sk/1y78dckn1fbdyvwtdtdy76680000gn/T/nosfy-session-commit-s4q40rbr/baseline/Nosfy/Services/Langue.swift (in target 'Nosfy' from project 'Nosfy')
    cd /var/folders/sk/1y78dckn1fbdyvwtdtdy76680000gn/T/nosfy-session-commit-s4q40rbr/baseline
    

SwiftCompile normal arm64 /var/folders/sk/1y78dckn1fbdyvwtdtdy76680000gn/T/nosfy-session-commit-s4q40rbr/baseline/Nosfy/Services/LuneForge.swift (in target 'Nosfy' from project 'Nosfy')
    cd /var/folders/sk/1y78dckn1fbdyvwtdtdy76680000gn/T/nosfy-session-commit-s4q40rbr/baseline
    
/var/folders/sk/1y78dckn1fbdyvwtdtdy76680000gn/T/nosfy-session-commit-s4q40rbr/baseline/Nosfy/Services/LuneForge.swift:274:19: warning: value 'cadre' was defined but never used; consider replacing with boolean test
        guard let cadre = UIImage(named: "carte-cadre")
              ~~~~^~~~~~~~
              (

SwiftCompile normal arm64 /var/folders/sk/1y78dckn1fbdyvwtdtdy76680000gn/T/nosfy-session-commit-s4q40rbr/baseline/Nosfy/Services/OutboxGains.swift (in target 'Nosfy' from project 'Nosfy')
    cd /var/folders/sk/1y78dckn1fbdyvwtdtdy76680000gn/T/nosfy-session-commit-s4q40rbr/baseline
    

SwiftCompile normal arm64 /var/folders/sk/1y78dckn1fbdyvwtdtdy76680000gn/T/nosfy-session-commit-s4q40rbr/baseline/Nosfy/Services/OuvertureSeanceServeur.swift (in target 'Nosfy' from project 'Nosfy')
    cd /var/folders/sk/1y78dckn1fbdyvwtdtdy76680000gn/T/nosfy-session-commit-s4q40rbr/baseline
    

SwiftCompile normal arm64 /var/folders/sk/1y78dckn1fbdyvwtdtdy76680000gn/T/nosfy-session-commit-s4q40rbr/baseline/Nosfy/Services/ProfilServeur.swift (in target 'Nosfy' from project 'Nosfy')
    cd /var/folders/sk/1y78dckn1fbdyvwtdtdy76680000gn/T/nosfy-session-commit-s4q40rbr/baseline
    

SwiftCompile normal arm64 /var/folders/sk/1y78dckn1fbdyvwtdtdy76680000gn/T/nosfy-session-commit-s4q40rbr/baseline/Nosfy/Services/SacreServeur.swift (in target 'Nosfy' from project 'Nosfy')
    cd /var/folders/sk/1y78dckn1fbdyvwtdtdy76680000gn/T/nosfy-session-commit-s4q40rbr/baseline
    

SwiftCompile normal arm64 /var/folders/sk/1y78dckn1fbdyvwtdtdy76680000gn/T/nosfy-session-commit-s4q40rbr/baseline/Nosfy/Services/Supabase.swift (in target 'Nosfy' from project 'Nosfy')
    cd /var/folders/sk/1y78dckn1fbdyvwtdtdy76680000gn/T/nosfy-session-commit-s4q40rbr/baseline
    

SwiftCompile normal arm64 /var/folders/sk/1y78dckn1fbdyvwtdtdy76680000gn/T/nosfy-session-commit-s4q40rbr/baseline/Nosfy/Services/SupabaseSync.swift (in target 'Nosfy' from project 'Nosfy')
    cd /var/folders/sk/1y78dckn1fbdyvwtdtdy76680000gn/T/nosfy-session-commit-s4q40rbr/baseline
    

SwiftCompile normal arm64 /var/folders/sk/1y78dckn1fbdyvwtdtdy76680000gn/T/nosfy-session-commit-s4q40rbr/baseline/Nosfy/Services/SynthesisService.swift (in target 'Nosfy' from project 'Nosfy')
    cd /var/folders/sk/1y78dckn1fbdyvwtdtdy76680000gn/T/nosfy-session-commit-s4q40rbr/baseline
    

SwiftCompile normal arm64 /var/folders/sk/1y78dckn1fbdyvwtdtdy76680000gn/T/nosfy-session-commit-s4q40rbr/baseline/Nosfy/Services/WorkoutActivityController.swift (in target 'Nosfy' from project 'Nosfy')
    cd /var/folders/sk/1y78dckn1fbdyvwtdtdy76680000gn/T/nosfy-session-commit-s4q40rbr/baseline
    

SwiftCompile normal arm64 /var/folders/sk/1y78dckn1fbdyvwtdtdy76680000gn/T/nosfy-session-commit-s4q40rbr/baseline/Nosfy/Views/ActiveWorkoutView.swift (in target 'Nosfy' from project 'Nosfy')
    cd /var/folders/sk/1y78dckn1fbdyvwtdtdy76680000gn/T/nosfy-session-commit-s4q40rbr/baseline
    

SwiftCompile normal arm64 /var/folders/sk/1y78dckn1fbdyvwtdtdy76680000gn/T/nosfy-session-commit-s4q40rbr/baseline/Nosfy/Views/AppelChapitre.swift (in target 'Nosfy' from project 'Nosfy')
    cd /var/folders/sk/1y78dckn1fbdyvwtdtdy76680000gn/T/nosfy-session-commit-s4q40rbr/baseline
    

SwiftCompile normal arm64 /var/folders/sk/1y78dckn1fbdyvwtdtdy76680000gn/T/nosfy-session-commit-s4q40rbr/baseline/Nosfy/Views/AppelProfilVisite.swift (in target 'Nosfy' from project 'Nosfy')
    cd /var/folders/sk/1y78dckn1fbdyvwtdtdy76680000gn/T/nosfy-session-commit-s4q40rbr/baseline
    

SwiftCompile normal arm64 /var/folders/sk/1y78dckn1fbdyvwtdtdy76680000gn/T/nosfy-session-commit-s4q40rbr/baseline/Nosfy/Views/AuroraBgLab.swift (in target 'Nosfy' from project 'Nosfy')
    cd /var/folders/sk/1y78dckn1fbdyvwtdtdy76680000gn/T/nosfy-session-commit-s4q40rbr/baseline
    

SwiftCompile normal arm64 /var/folders/sk/1y78dckn1fbdyvwtdtdy76680000gn/T/nosfy-session-commit-s4q40rbr/baseline/Nosfy/Views/AuthView.swift (in target 'Nosfy' from project 'Nosfy')
    cd /var/folders/sk/1y78dckn1fbdyvwtdtdy76680000gn/T/nosfy-session-commit-s4q40rbr/baseline
    

SwiftCompile normal arm64 /var/folders/sk/1y78dckn1fbdyvwtdtdy76680000gn/T/nosfy-session-commit-s4q40rbr/baseline/Nosfy/Views/BancCoutHome.swift (in target 'Nosfy' from project 'Nosfy')
    cd /var/folders/sk/1y78dckn1fbdyvwtdtdy76680000gn/T/nosfy-session-commit-s4q40rbr/baseline
    

SwiftCompile normal arm64 Compiling\ FumeeInviteMetal.swift,\ GaletEtape.swift,\ GaletLab.swift,\ GaletSlide.swift,\ HaloDawnLab.swift,\ HarmonieLab.swift,\ HomeAuroraView.swift,\ HomeNuit.swift,\ HomeView.swift,\ JewelTabBar.swift,\ LaunchPebble.swift,\ LensParticles.swift,\ LiquidLensLab.swift,\ LisereCoreAnimation.swift,\ LisereImages.swift,\ LisereRespirant.swift,\ LiveExerciseView.swift,\ LivingNebulaBackground.swift,\ LoginLab.swift,\ LogoLab.swift /var/folders/sk/1y78dckn1fbdyvwtdtdy76680000gn/T/nosfy-session-commit-s4q40rbr/baseline/Nosfy/Views/FumeeInviteMetal.swift /var/folders/sk/1y78dckn1fbdyvwtdtdy76680000gn/T/nosfy-session-commit-s4q40rbr/baseline/Nosfy/Views/GaletEtape.swift /var/folders/sk/1y78dckn1fbdyvwtdtdy76680000gn/T/nosfy-session-commit-s4q40rbr/baseline/Nosfy/Views/GaletLab.swift /var/folders/sk/1y78dckn1fbdyvwtdtdy76680000gn/T/nosfy-session-commit-s4q40rbr/baseline/Nosfy/Views/GaletSlide.swift /var/folders/sk/1y78dckn1fbdyvwtdtdy76680000gn/T/nosfy-session-commit-s4q40rbr/baseline/Nosfy/Views/HaloDawnLab.swift /var/folders/sk/1y78dckn1fbdyvwtdtdy76680000gn/T/nosfy-session-commit-s4q40rbr/baseline/Nosfy/Views/HarmonieLab.swift /var/folders/sk/1y78dckn1fbdyvwtdtdy76680000gn/T/nosfy-session-commit-s4q40rbr/baseline/Nosfy/Views/HomeAuroraView.swift /var/folders/sk/1y78dckn1fbdyvwtdtdy76680000gn/T/nosfy-session-commit-s4q40rbr/baseline/Nosfy/Views/HomeNuit.swift /var/folders/sk/1y78dckn1fbdyvwtdtdy76680000gn/T/nosfy-session-commit-s4q40rbr/baseline/Nosfy/Views/HomeView.swift /var/folders/sk/1y78dckn1fbdyvwtdtdy76680000gn/T/nosfy-session-commit-s4q40rbr/baseline/Nosfy/Views/JewelTabBar.swift /var/folders/sk/1y78dckn1fbdyvwtdtdy76680000gn/T/nosfy-session-commit-s4q40rbr/baseline/Nosfy/Views/LaunchPebble.swift /var/folders/sk/1y78dckn1fbdyvwtdtdy76680000gn/T/nosfy-session-commit-s4q40rbr/baseline/Nosfy/Views/LensParticles.swift /var/folders/sk/1y78dckn1fbdyvwtdtdy76680000gn/T/nosfy-session-commit-s4q40rbr/baseline/Nosfy/Views/LiquidLensLab.swift /var/folders/sk/1y78dckn1fbdyvwtdtdy76680000gn/T/nosfy-session-commit-s4q40rbr/baseline/Nosfy/Views/LisereCoreAnimation.swift /var/folders/sk/1y78dckn1fbdyvwtdtdy76680000gn/T/nosfy-session-commit-s4q40rbr/baseline/Nosfy/Views/LisereImages.swift /var/folders/sk/1y78dckn1fbdyvwtdtdy76680000gn/T/nosfy-session-commit-s4q40rbr/baseline/Nosfy/Views/LisereRespirant.swift /var/folders/sk/1y78dckn1fbdyvwtdtdy76680000gn/T/nosfy-session-commit-s4q40rbr/baseline/Nosfy/Views/LiveExerciseView.swift /var/folders/sk/1y78dckn1fbdyvwtdtdy76680000gn/T/nosfy-session-commit-s4q40rbr/baseline/Nosfy/Views/LivingNebulaBackground.swift /var/folders/sk/1y78dckn1fbdyvwtdtdy76680000gn/T/nosfy-session-commit-s4q40rbr/baseline/Nosfy/Views/LoginLab.swift /var/folders/sk/1y78dckn1fbdyvwtdtdy76680000gn/T/nosfy-session-commit-s4q40rbr/baseline/Nosfy/Views/LogoLab.swift (in target 'Nosfy' from project 'Nosfy')

SwiftCompile normal arm64 /var/folders/sk/1y78dckn1fbdyvwtdtdy76680000gn/T/nosfy-session-commit-s4q40rbr/baseline/Nosfy/Views/FumeeInviteMetal.swift (in target 'Nosfy' from project 'Nosfy')
    cd /var/folders/sk/1y78dckn1fbdyvwtdtdy76680000gn/T/nosfy-session-commit-s4q40rbr/baseline
    

SwiftCompile normal arm64 /var/folders/sk/1y78dckn1fbdyvwtdtdy76680000gn/T/nosfy-session-commit-s4q40rbr/baseline/Nosfy/Views/GaletEtape.swift (in target 'Nosfy' from project 'Nosfy')
    cd /var/folders/sk/1y78dckn1fbdyvwtdtdy76680000gn/T/nosfy-session-commit-s4q40rbr/baseline
    

SwiftCompile normal arm64 /var/folders/sk/1y78dckn1fbdyvwtdtdy76680000gn/T/nosfy-session-commit-s4q40rbr/baseline/Nosfy/Views/GaletLab.swift (in target 'Nosfy' from project 'Nosfy')
    cd /var/folders/sk/1y78dckn1fbdyvwtdtdy76680000gn/T/nosfy-session-commit-s4q40rbr/baseline
    

SwiftCompile normal arm64 /var/folders/sk/1y78dckn1fbdyvwtdtdy76680000gn/T/nosfy-session-commit-s4q40rbr/baseline/Nosfy/Views/GaletSlide.swift (in target 'Nosfy' from project 'Nosfy')
    cd /var/folders/sk/1y78dckn1fbdyvwtdtdy76680000gn/T/nosfy-session-commit-s4q40rbr/baseline
    

SwiftCompile normal arm64 /var/folders/sk/1y78dckn1fbdyvwtdtdy76680000gn/T/nosfy-session-commit-s4q40rbr/baseline/Nosfy/Views/HaloDawnLab.swift (in target 'Nosfy' from project 'Nosfy')
    cd /var/folders/sk/1y78dckn1fbdyvwtdtdy76680000gn/T/nosfy-session-commit-s4q40rbr/baseline
    

SwiftCompile normal arm64 /var/folders/sk/1y78dckn1fbdyvwtdtdy76680000gn/T/nosfy-session-commit-s4q40rbr/baseline/Nosfy/Views/HarmonieLab.swift (in target 'Nosfy' from project 'Nosfy')
    cd /var/folders/sk/1y78dckn1fbdyvwtdtdy76680000gn/T/nosfy-session-commit-s4q40rbr/baseline
    

SwiftCompile normal arm64 /var/folders/sk/1y78dckn1fbdyvwtdtdy76680000gn/T/nosfy-session-commit-s4q40rbr/baseline/Nosfy/Views/HomeAuroraView.swift (in target 'Nosfy' from project 'Nosfy')
    cd /var/folders/sk/1y78dckn1fbdyvwtdtdy76680000gn/T/nosfy-session-commit-s4q40rbr/baseline
    

SwiftCompile normal arm64 /var/folders/sk/1y78dckn1fbdyvwtdtdy76680000gn/T/nosfy-session-commit-s4q40rbr/baseline/Nosfy/Views/HomeNuit.swift (in target 'Nosfy' from project 'Nosfy')
    cd /var/folders/sk/1y78dckn1fbdyvwtdtdy76680000gn/T/nosfy-session-commit-s4q40rbr/baseline
    

SwiftCompile normal arm64 /var/folders/sk/1y78dckn1fbdyvwtdtdy76680000gn/T/nosfy-session-commit-s4q40rbr/baseline/Nosfy/Views/HomeView.swift (in target 'Nosfy' from project 'Nosfy')
    cd /var/folders/sk/1y78dckn1fbdyvwtdtdy76680000gn/T/nosfy-session-commit-s4q40rbr/baseline
    

SwiftCompile normal arm64 /var/folders/sk/1y78dckn1fbdyvwtdtdy76680000gn/T/nosfy-session-commit-s4q40rbr/baseline/Nosfy/Views/JewelTabBar.swift (in target 'Nosfy' from project 'Nosfy')
    cd /var/folders/sk/1y78dckn1fbdyvwtdtdy76680000gn/T/nosfy-session-commit-s4q40rbr/baseline
    

SwiftCompile normal arm64 /var/folders/sk/1y78dckn1fbdyvwtdtdy76680000gn/T/nosfy-session-commit-s4q40rbr/baseline/Nosfy/Views/LaunchPebble.swift (in target 'Nosfy' from project 'Nosfy')
    cd /var/folders/sk/1y78dckn1fbdyvwtdtdy76680000gn/T/nosfy-session-commit-s4q40rbr/baseline
    

SwiftCompile normal arm64 /var/folders/sk/1y78dckn1fbdyvwtdtdy76680000gn/T/nosfy-session-commit-s4q40rbr/baseline/Nosfy/Views/LensParticles.swift (in target 'Nosfy' from project 'Nosfy')
    cd /var/folders/sk/1y78dckn1fbdyvwtdtdy76680000gn/T/nosfy-session-commit-s4q40rbr/baseline
    

SwiftCompile normal arm64 /var/folders/sk/1y78dckn1fbdyvwtdtdy76680000gn/T/nosfy-session-commit-s4q40rbr/baseline/Nosfy/Views/LiquidLensLab.swift (in target 'Nosfy' from project 'Nosfy')
    cd /var/folders/sk/1y78dckn1fbdyvwtdtdy76680000gn/T/nosfy-session-commit-s4q40rbr/baseline
    

SwiftCompile normal arm64 /var/folders/sk/1y78dckn1fbdyvwtdtdy76680000gn/T/nosfy-session-commit-s4q40rbr/baseline/Nosfy/Views/LisereCoreAnimation.swift (in target 'Nosfy' from project 'Nosfy')
    cd /var/folders/sk/1y78dckn1fbdyvwtdtdy76680000gn/T/nosfy-session-commit-s4q40rbr/baseline
    

SwiftCompile normal arm64 /var/folders/sk/1y78dckn1fbdyvwtdtdy76680000gn/T/nosfy-session-commit-s4q40rbr/baseline/Nosfy/Views/LisereImages.swift (in target 'Nosfy' from project 'Nosfy')
    cd /var/folders/sk/1y78dckn1fbdyvwtdtdy76680000gn/T/nosfy-session-commit-s4q40rbr/baseline
    

SwiftCompile normal arm64 /var/folders/sk/1y78dckn1fbdyvwtdtdy76680000gn/T/nosfy-session-commit-s4q40rbr/baseline/Nosfy/Views/LisereRespirant.swift (in target 'Nosfy' from project 'Nosfy')
    cd /var/folders/sk/1y78dckn1fbdyvwtdtdy76680000gn/T/nosfy-session-commit-s4q40rbr/baseline
    

SwiftCompile normal arm64 /var/folders/sk/1y78dckn1fbdyvwtdtdy76680000gn/T/nosfy-session-commit-s4q40rbr/baseline/Nosfy/Views/LiveExerciseView.swift (in target 'Nosfy' from project 'Nosfy')
    cd /var/folders/sk/1y78dckn1fbdyvwtdtdy76680000gn/T/nosfy-session-commit-s4q40rbr/baseline
    

SwiftCompile normal arm64 /var/folders/sk/1y78dckn1fbdyvwtdtdy76680000gn/T/nosfy-session-commit-s4q40rbr/baseline/Nosfy/Views/LivingNebulaBackground.swift (in target 'Nosfy' from project 'Nosfy')
    cd /var/folders/sk/1y78dckn1fbdyvwtdtdy76680000gn/T/nosfy-session-commit-s4q40rbr/baseline
    

SwiftCompile normal arm64 /var/folders/sk/1y78dckn1fbdyvwtdtdy76680000gn/T/nosfy-session-commit-s4q40rbr/baseline/Nosfy/Views/LoginLab.swift (in target 'Nosfy' from project 'Nosfy')
    cd /var/folders/sk/1y78dckn1fbdyvwtdtdy76680000gn/T/nosfy-session-commit-s4q40rbr/baseline
    

SwiftCompile normal arm64 /var/folders/sk/1y78dckn1fbdyvwtdtdy76680000gn/T/nosfy-session-commit-s4q40rbr/baseline/Nosfy/Views/LogoLab.swift (in target 'Nosfy' from project 'Nosfy')
    cd /var/folders/sk/1y78dckn1fbdyvwtdtdy76680000gn/T/nosfy-session-commit-s4q40rbr/baseline
    

LinkAssetCatalog /var/folders/sk/1y78dckn1fbdyvwtdtdy76680000gn/T/nosfy-session-commit-s4q40rbr/baseline/NosfyShared/LiveAssets.xcassets /var/folders/sk/1y78dckn1fbdyvwtdtdy76680000gn/T/nosfy-session-commit-s4q40rbr/baseline/Nosfy/AppIcon.icon /var/folders/sk/1y78dckn1fbdyvwtdtdy76680000gn/T/nosfy-session-commit-s4q40rbr/baseline/Nosfy/Assets.xcassets (in target 'Nosfy' from project 'Nosfy')
    cd /var/folders/sk/1y78dckn1fbdyvwtdtdy76680000gn/T/nosfy-session-commit-s4q40rbr/baseline
    builtin-linkAssetCatalog --thinned /var/folders/sk/1y78dckn1fbdyvwtdtdy76680000gn/T/nosfy-session-commit-s4q40rbr/DerivedBaseline/Build/Intermediates.noindex/Nosfy.build/Debug-iphonesimulator/Nosfy.build/assetcatalog_output/thinned --thinned-dependencies /var/folders/sk/1y78dckn1fbdyvwtdtdy76680000gn/T/nosfy-session-commit-s4q40rbr/DerivedBaseline/Build/Intermediates.noindex/Nosfy.build/Debug-iphonesimulator/Nosfy.build/assetcatalog_dependencies_thinned --thinned-info-plist-content /var/folders/sk/1y78dckn1fbdyvwtdtdy76680000gn/T/nosfy-session-commit-s4q40rbr/DerivedBaseline/Build/Intermediates.noindex/Nosfy.build/Debug-iphonesimulator/Nosfy.build/assetcatalog_generated_info.plist_thinned --unthinned /var/folders/sk/1y78dckn1fbdyvwtdtdy76680000gn/T/nosfy-session-commit-s4q40rbr/DerivedBaseline/Build/Intermediates.noindex/Nosfy.build/Debug-iphonesimulator/Nosfy.build/assetcatalog_output/unthinned --unthinned-dependencies /var/folders/sk/1y78dckn1fbdyvwtdtdy76680000gn/T/nosfy-session-commit-s4q40rbr/DerivedBaseline/Build/Intermediates.noindex/Nosfy.build/Debug-iphonesimulator/Nosfy.build/assetcatalog_dependencies_unthinned --unthinned-info-plist-content /var/folders/sk/1y78dckn1fbdyvwtdtdy76680000gn/T/nosfy-session-commit-s4q40rbr/DerivedBaseline/Build/Intermediates.noindex/Nosfy.build/Debug-iphonesimulator/Nosfy.build/assetcatalog_generated_info.plist_unthinned --output /var/folders/sk/1y78dckn1fbdyvwtdtdy76680000gn/T/nosfy-session-commit-s4q40rbr/DerivedBaseline/Build/Products/Debug-iphonesimulator/Nosfy.app --plist-output /var/folders/sk/1y78dckn1fbdyvwtdtdy76680000gn/T/nosfy-session-commit-s4q40rbr/DerivedBaseline/Build/Intermediates.noindex/Nosfy.build/Debug-iphonesimulator/Nosfy.build/assetcatalog_generated_info.plist
note: Emplaced /var/folders/sk/1y78dckn1fbdyvwtdtdy76680000gn/T/nosfy-session-commit-s4q40rbr/DerivedBaseline/Build/Products/Debug-iphonesimulator/Nosfy.app/AppIcon60x60@2x.png (in target 'Nosfy' from project 'Nosfy')
note: Emplaced /var/folders/sk/1y78dckn1fbdyvwtdtdy76680000gn/T/nosfy-session-commit-s4q40rbr/DerivedBaseline/Build/Products/Debug-iphonesimulator/Nosfy.app/Assets.car (in target 'Nosfy' from project 'Nosfy')
note: Emplaced /var/folders/sk/1y78dckn1fbdyvwtdtdy76680000gn/T/nosfy-session-commit-s4q40rbr/DerivedBaseline/Build/Products/Debug-iphonesimulator/Nosfy.app/AppIcon76x76@2x~ipad.png (in target 'Nosfy' from project 'Nosfy')

SwiftDriverJobDiscovery normal arm64 Emitting module for Woop (in target 'Nosfy' from project 'Nosfy')

SwiftDriver\ Compilation\ Requirements Nosfy normal arm64 com.apple.xcode.tools.swift.compiler (in target 'Nosfy' from project 'Nosfy')
    cd /var/folders/sk/1y78dckn1fbdyvwtdtdy76680000gn/T/nosfy-session-commit-s4q40rbr/baseline
    builtin-Swift-Compilation-Requirements -- /Applications/Xcode.app/Contents/Developer/Toolchains/XcodeDefault.xctoolchain/usr/bin/swiftc -module-name Woop -Onone @/var/folders/sk/1y78dckn1fbdyvwtdtdy76680000gn/T/nosfy-session-commit-s4q40rbr/DerivedBaseline/Build/Intermediates.noindex/Nosfy.build/Debug-iphonesimulator/Nosfy.build/Objects-normal/arm64/Nosfy.SwiftFileList -DDEBUG -enable-bare-slash-regex -enable-experimental-feature DebugDescriptionMacro -sdk /Applications/Xcode.app/Contents/Developer/Platforms/iPhoneSimulator.platform/Developer/SDKs/iPhoneSimulator26.5.sdk -target arm64-apple-ios26.0-simulator -g -module-cache-path /var/folders/sk/1y78dckn1fbdyvwtdtdy76680000gn/T/nosfy-session-commit-s4q40rbr/DerivedBaseline/ModuleCache.noindex -Xfrontend -serialize-debugging-options -enable-testing -index-store-path /var/folders/sk/1y78dckn1fbdyvwtdtdy76680000gn/T/nosfy-session-commit-s4q40rbr/DerivedBaseline/Index.noindex/DataStore -Xcc -D_LIBCPP_HARDENING_MODE\=_LIBCPP_HARDENING_MODE_DEBUG -swift-version 5 -I /var/folders/sk/1y78dckn1fbdyvwtdtdy76680000gn/T/nosfy-session-commit-s4q40rbr/DerivedBaseline/Build/Products/Debug-iphonesimulator -F /var/folders/sk/1y78dckn1fbdyvwtdtdy76680000gn/T/nosfy-session-commit-s4q40rbr/DerivedBaseline/Build/Products/Debug-iphonesimulator -emit-localized-strings -emit-localized-strings-path /var/folders/sk/1y78dckn1fbdyvwtdtdy76680000gn/T/nosfy-session-commit-s4q40rbr/DerivedBaseline/Build/Intermediates.noindex/Nosfy.build/Debug-iphonesimulator/Nosfy.build/Objects-normal/arm64 -c -j10 -enable-batch-mode -incremental -Xcc -ivfsstatcache -Xcc /var/folders/sk/1y78dckn1fbdyvwtdtdy76680000gn/T/nosfy-session-commit-s4q40rbr/DerivedBaseline/SDKStatCaches.noindex/iphonesimulator26.5-23F73-688ef53f1462e2c8f657fdc38a81448f6cfe768891a92b912361537c460fe42b.sdkstatcache -output-file-map /var/folders/sk/1y78dckn1fbdyvwtdtdy76680000gn/T/nosfy-session-commit-s4q40rbr/DerivedBaseline/Build/Intermediates.noindex/Nosfy.build/Debug-iphonesimulator/Nosfy.build/Objects-normal/arm64/Nosfy-OutputFileMap.json -use-frontend-parseable-output -save-temps -no-color-diagnostics -explicit-module-build -module-cache-path /var/folders/sk/1y78dckn1fbdyvwtdtdy76680000gn/T/nosfy-session-commit-s4q40rbr/DerivedBaseline/Build/Intermediates.noindex/SwiftExplicitPrecompiledModules -clang-scanner-module-cache-path /var/folders/sk/1y78dckn1fbdyvwtdtdy76680000gn/T/nosfy-session-commit-s4q40rbr/DerivedBaseline/ModuleCache.noindex -sdk-module-cache-path /var/folders/sk/1y78dckn1fbdyvwtdtdy76680000gn/T/nosfy-session-commit-s4q40rbr/DerivedBaseline/ModuleCache.noindex -serialize-diagnostics -emit-dependencies -emit-module -emit-module-path /var/folders/sk/1y78dckn1fbdyvwtdtdy76680000gn/T/nosfy-session-commit-s4q40rbr/DerivedBaseline/Build/Intermediates.noindex/Nosfy.build/Debug-iphonesimulator/Nosfy.build/Objects-normal/arm64/Woop.swiftmodule -validate-clang-modules-once -clang-build-session-file /var/folders/sk/1y78dckn1fbdyvwtdtdy76680000gn/T/nosfy-session-commit-s4q40rbr/DerivedBaseline/ModuleCache.noindex/Session.modulevalidation -Xcc -I/var/folders/sk/1y78dckn1fbdyvwtdtdy76680000gn/T/nosfy-session-commit-s4q40rbr/DerivedBaseline/Build/Intermediates.noindex/Nosfy.build/Debug-iphonesimulator/Nosfy.build/swift-overrides.hmap -emit-const-values -Xfrontend -const-gather-protocols-file -Xfrontend /var/folders/sk/1y78dckn1fbdyvwtdtdy76680000gn/T/nosfy-session-commit-s4q40rbr/DerivedBaseline/Build/Intermediates.noindex/Nosfy.build/Debug-iphonesimulator/Nosfy.build/Objects-normal/arm64/Nosfy_const_extract_protocols.json -Xcc -iquote -Xcc /var/folders/sk/1y78dckn1fbdyvwtdtdy76680000gn/T/nosfy-session-commit-s4q40rbr/DerivedBaseline/Build/Intermediates.noindex/Nosfy.build/Debug-iphonesimulator/Nosfy.build/Nosfy-generated-files.hmap -Xcc -I/var/folders/sk/1y78dckn1fbdyvwtdtdy76680000gn/T/nosfy-session-commit-s4q40rbr/DerivedBaseline/Build/Intermediates.noindex/Nosfy.build/Debug-iphonesimulator/Nosfy.build/Nosfy-own-target-headers.hmap -Xcc -I/var/folders/sk/1y78dckn1fbdyvwtdtdy76680000gn/T/nosfy-session-commit-s4q40rbr/DerivedBaseline/Build/Intermediates.noindex/Nosfy.build/Debug-iphonesimulator/Nosfy.build/Nosfy-all-target-headers.hmap -Xcc -iquote -Xcc /var/folders/sk/1y78dckn1fbdyvwtdtdy76680000gn/T/nosfy-session-commit-s4q40rbr/DerivedBaseline/Build/Intermediates.noindex/Nosfy.build/Debug-iphonesimulator/Nosfy.build/Nosfy-project-headers.hmap -Xcc -I/var/folders/sk/1y78dckn1fbdyvwtdtdy76680000gn/T/nosfy-session-commit-s4q40rbr/DerivedBaseline/Build/Products/Debug-iphonesimulator/include -Xcc -I/var/folders/sk/1y78dckn1fbdyvwtdtdy76680000gn/T/nosfy-session-commit-s4q40rbr/DerivedBaseline/Build/Intermediates.noindex/Nosfy.build/Debug-iphonesimulator/Nosfy.build/DerivedSources-normal/arm64 -Xcc -I/var/folders/sk/1y78dckn1fbdyvwtdtdy76680000gn/T/nosfy-session-commit-s4q40rbr/DerivedBaseline/Build/Intermediates.noindex/Nosfy.build/Debug-iphonesimulator/Nosfy.build/DerivedSources/arm64 -Xcc -I/var/folders/sk/1y78dckn1fbdyvwtdtdy76680000gn/T/nosfy-session-commit-s4q40rbr/DerivedBaseline/Build/Intermediates.noindex/Nosfy.build/Debug-iphonesimulator/Nosfy.build/DerivedSources -Xcc -DDEBUG\=1 -emit-objc-header -emit-objc-header-path /var/folders/sk/1y78dckn1fbdyvwtdtdy76680000gn/T/nosfy-session-commit-s4q40rbr/DerivedBaseline/Build/Intermediates.noindex/Nosfy.build/Debug-iphonesimulator/Nosfy.build/Objects-normal/arm64/Woop-Swift.h -working-directory /var/folders/sk/1y78dckn1fbdyvwtdtdy76680000gn/T/nosfy-session-commit-s4q40rbr/baseline -experimental-emit-module-separately -disable-cmo

SwiftCompile normal arm64 Compiling\ ChambreVolume.swift,\ ChargeFiche.swift,\ ChevronAppelNatif.swift,\ ChipVerre.swift,\ CinematicPlayer.swift,\ ClavierBraise.swift,\ CoffreFlipLab.swift,\ CoffreFortCoin.swift,\ CoffreFortPurse.swift,\ CoffreFortView.swift,\ CoffreV2.swift,\ ConnexionButtonLab.swift,\ ConnexionCinematic.swift,\ CorpsNacre.swift,\ CounterLab.swift,\ DemonVideo.swift,\ DepartCine.swift,\ DepartSeance.swift,\ DevilAuraOverlay.swift,\ DuolinguoPage.swift /var/folders/sk/1y78dckn1fbdyvwtdtdy76680000gn/T/nosfy-session-commit-s4q40rbr/baseline/Nosfy/Views/ChambreVolume.swift /var/folders/sk/1y78dckn1fbdyvwtdtdy76680000gn/T/nosfy-session-commit-s4q40rbr/baseline/Nosfy/Views/ChargeFiche.swift /var/folders/sk/1y78dckn1fbdyvwtdtdy76680000gn/T/nosfy-session-commit-s4q40rbr/baseline/Nosfy/Views/ChevronAppelNatif.swift /var/folders/sk/1y78dckn1fbdyvwtdtdy76680000gn/T/nosfy-session-commit-s4q40rbr/baseline/Nosfy/Views/ChipVerre.swift /var/folders/sk/1y78dckn1fbdyvwtdtdy76680000gn/T/nosfy-session-commit-s4q40rbr/baseline/Nosfy/Views/CinematicPlayer.swift /var/folders/sk/1y78dckn1fbdyvwtdtdy76680000gn/T/nosfy-session-commit-s4q40rbr/baseline/Nosfy/Views/ClavierBraise.swift /var/folders/sk/1y78dckn1fbdyvwtdtdy76680000gn/T/nosfy-session-commit-s4q40rbr/baseline/Nosfy/Views/CoffreFlipLab.swift /var/folders/sk/1y78dckn1fbdyvwtdtdy76680000gn/T/nosfy-session-commit-s4q40rbr/baseline/Nosfy/Views/CoffreFortCoin.swift /var/folders/sk/1y78dckn1fbdyvwtdtdy76680000gn/T/nosfy-session-commit-s4q40rbr/baseline/Nosfy/Views/CoffreFortPurse.swift /var/folders/sk/1y78dckn1fbdyvwtdtdy76680000gn/T/nosfy-session-commit-s4q40rbr/baseline/Nosfy/Views/CoffreFortView.swift /var/folders/sk/1y78dckn1fbdyvwtdtdy76680000gn/T/nosfy-session-commit-s4q40rbr/baseline/Nosfy/Views/CoffreV2.swift /var/folders/sk/1y78dckn1fbdyvwtdtdy76680000gn/T/nosfy-session-commit-s4q40rbr/baseline/Nosfy/Views/ConnexionButtonLab.swift /var/folders/sk/1y78dckn1fbdyvwtdtdy76680000gn/T/nosfy-session-commit-s4q40rbr/baseline/Nosfy/Views/ConnexionCinematic.swift /var/folders/sk/1y78dckn1fbdyvwtdtdy76680000gn/T/nosfy-session-commit-s4q40rbr/baseline/Nosfy/Views/CorpsNacre.swift /var/folders/sk/1y78dckn1fbdyvwtdtdy76680000gn/T/nosfy-session-commit-s4q40rbr/baseline/Nosfy/Views/CounterLab.swift /var/folders/sk/1y78dckn1fbdyvwtdtdy76680000gn/T/nosfy-session-commit-s4q40rbr/baseline/Nosfy/Views/DemonVideo.swift /var/folders/sk/1y78dckn1fbdyvwtdtdy76680000gn/T/nosfy-session-commit-s4q40rbr/baseline/Nosfy/Views/DepartCine.swift /var/folders/sk/1y78dckn1fbdyvwtdtdy76680000gn/T/nosfy-session-commit-s4q40rbr/baseline/Nosfy/Views/DepartSeance.swift /var/folders/sk/1y78dckn1fbdyvwtdtdy76680000gn/T/nosfy-session-commit-s4q40rbr/baseline/Nosfy/Views/DevilAuraOverlay.swift /var/folders/sk/1y78dckn1fbdyvwtdtdy76680000gn/T/nosfy-session-commit-s4q40rbr/baseline/Nosfy/Views/DuolinguoPage.swift (in target 'Nosfy' from project 'Nosfy')

SwiftCompile normal arm64 /var/folders/sk/1y78dckn1fbdyvwtdtdy76680000gn/T/nosfy-session-commit-s4q40rbr/baseline/Nosfy/Views/ChambreVolume.swift (in target 'Nosfy' from project 'Nosfy')
    cd /var/folders/sk/1y78dckn1fbdyvwtdtdy76680000gn/T/nosfy-session-commit-s4q40rbr/baseline
    

SwiftCompile normal arm64 /var/folders/sk/1y78dckn1fbdyvwtdtdy76680000gn/T/nosfy-session-commit-s4q40rbr/baseline/Nosfy/Views/ChargeFiche.swift (in target 'Nosfy' from project 'Nosfy')
    cd /var/folders/sk/1y78dckn1fbdyvwtdtdy76680000gn/T/nosfy-session-commit-s4q40rbr/baseline
    

SwiftCompile normal arm64 /var/folders/sk/1y78dckn1fbdyvwtdtdy76680000gn/T/nosfy-session-commit-s4q40rbr/baseline/Nosfy/Views/ChevronAppelNatif.swift (in target 'Nosfy' from project 'Nosfy')
    cd /var/folders/sk/1y78dckn1fbdyvwtdtdy76680000gn/T/nosfy-session-commit-s4q40rbr/baseline
    

SwiftCompile normal arm64 /var/folders/sk/1y78dckn1fbdyvwtdtdy76680000gn/T/nosfy-session-commit-s4q40rbr/baseline/Nosfy/Views/ChipVerre.swift (in target 'Nosfy' from project 'Nosfy')
    cd /var/folders/sk/1y78dckn1fbdyvwtdtdy76680000gn/T/nosfy-session-commit-s4q40rbr/baseline
    

SwiftCompile normal arm64 /var/folders/sk/1y78dckn1fbdyvwtdtdy76680000gn/T/nosfy-session-commit-s4q40rbr/baseline/Nosfy/Views/CinematicPlayer.swift (in target 'Nosfy' from project 'Nosfy')
    cd /var/folders/sk/1y78dckn1fbdyvwtdtdy76680000gn/T/nosfy-session-commit-s4q40rbr/baseline
    

SwiftCompile normal arm64 /var/folders/sk/1y78dckn1fbdyvwtdtdy76680000gn/T/nosfy-session-commit-s4q40rbr/baseline/Nosfy/Views/ClavierBraise.swift (in target 'Nosfy' from project 'Nosfy')
    cd /var/folders/sk/1y78dckn1fbdyvwtdtdy76680000gn/T/nosfy-session-commit-s4q40rbr/baseline
    

SwiftCompile normal arm64 /var/folders/sk/1y78dckn1fbdyvwtdtdy76680000gn/T/nosfy-session-commit-s4q40rbr/baseline/Nosfy/Views/CoffreFlipLab.swift (in target 'Nosfy' from project 'Nosfy')
    cd /var/folders/sk/1y78dckn1fbdyvwtdtdy76680000gn/T/nosfy-session-commit-s4q40rbr/baseline
    

SwiftCompile normal arm64 /var/folders/sk/1y78dckn1fbdyvwtdtdy76680000gn/T/nosfy-session-commit-s4q40rbr/baseline/Nosfy/Views/CoffreFortCoin.swift (in target 'Nosfy' from project 'Nosfy')
    cd /var/folders/sk/1y78dckn1fbdyvwtdtdy76680000gn/T/nosfy-session-commit-s4q40rbr/baseline
    

SwiftCompile normal arm64 /var/folders/sk/1y78dckn1fbdyvwtdtdy76680000gn/T/nosfy-session-commit-s4q40rbr/baseline/Nosfy/Views/CoffreFortPurse.swift (in target 'Nosfy' from project 'Nosfy')
    cd /var/folders/sk/1y78dckn1fbdyvwtdtdy76680000gn/T/nosfy-session-commit-s4q40rbr/baseline
    

SwiftCompile normal arm64 /var/folders/sk/1y78dckn1fbdyvwtdtdy76680000gn/T/nosfy-session-commit-s4q40rbr/baseline/Nosfy/Views/CoffreFortView.swift (in target 'Nosfy' from project 'Nosfy')
    cd /var/folders/sk/1y78dckn1fbdyvwtdtdy76680000gn/T/nosfy-session-commit-s4q40rbr/baseline
    

SwiftCompile normal arm64 /var/folders/sk/1y78dckn1fbdyvwtdtdy76680000gn/T/nosfy-session-commit-s4q40rbr/baseline/Nosfy/Views/CoffreV2.swift (in target 'Nosfy' from project 'Nosfy')
    cd /var/folders/sk/1y78dckn1fbdyvwtdtdy76680000gn/T/nosfy-session-commit-s4q40rbr/baseline
    

SwiftCompile normal arm64 /var/folders/sk/1y78dckn1fbdyvwtdtdy76680000gn/T/nosfy-session-commit-s4q40rbr/baseline/Nosfy/Views/ConnexionButtonLab.swift (in target 'Nosfy' from project 'Nosfy')
    cd /var/folders/sk/1y78dckn1fbdyvwtdtdy76680000gn/T/nosfy-session-commit-s4q40rbr/baseline
    

SwiftCompile normal arm64 /var/folders/sk/1y78dckn1fbdyvwtdtdy76680000gn/T/nosfy-session-commit-s4q40rbr/baseline/Nosfy/Views/ConnexionCinematic.swift (in target 'Nosfy' from project 'Nosfy')
    cd /var/folders/sk/1y78dckn1fbdyvwtdtdy76680000gn/T/nosfy-session-commit-s4q40rbr/baseline
    

SwiftCompile normal arm64 /var/folders/sk/1y78dckn1fbdyvwtdtdy76680000gn/T/nosfy-session-commit-s4q40rbr/baseline/Nosfy/Views/CorpsNacre.swift (in target 'Nosfy' from project 'Nosfy')
    cd /var/folders/sk/1y78dckn1fbdyvwtdtdy76680000gn/T/nosfy-session-commit-s4q40rbr/baseline
    

SwiftCompile normal arm64 /var/folders/sk/1y78dckn1fbdyvwtdtdy76680000gn/T/nosfy-session-commit-s4q40rbr/baseline/Nosfy/Views/CounterLab.swift (in target 'Nosfy' from project 'Nosfy')
    cd /var/folders/sk/1y78dckn1fbdyvwtdtdy76680000gn/T/nosfy-session-commit-s4q40rbr/baseline
    

SwiftCompile normal arm64 /var/folders/sk/1y78dckn1fbdyvwtdtdy76680000gn/T/nosfy-session-commit-s4q40rbr/baseline/Nosfy/Views/DemonVideo.swift (in target 'Nosfy' from project 'Nosfy')
    cd /var/folders/sk/1y78dckn1fbdyvwtdtdy76680000gn/T/nosfy-session-commit-s4q40rbr/baseline
    

SwiftCompile normal arm64 /var/folders/sk/1y78dckn1fbdyvwtdtdy76680000gn/T/nosfy-session-commit-s4q40rbr/baseline/Nosfy/Views/DepartCine.swift (in target 'Nosfy' from project 'Nosfy')
    cd /var/folders/sk/1y78dckn1fbdyvwtdtdy76680000gn/T/nosfy-session-commit-s4q40rbr/baseline
    

SwiftCompile normal arm64 /var/folders/sk/1y78dckn1fbdyvwtdtdy76680000gn/T/nosfy-session-commit-s4q40rbr/baseline/Nosfy/Views/DepartSeance.swift (in target 'Nosfy' from project 'Nosfy')
    cd /var/folders/sk/1y78dckn1fbdyvwtdtdy76680000gn/T/nosfy-session-commit-s4q40rbr/baseline
    

SwiftCompile normal arm64 /var/folders/sk/1y78dckn1fbdyvwtdtdy76680000gn/T/nosfy-session-commit-s4q40rbr/baseline/Nosfy/Views/DevilAuraOverlay.swift (in target 'Nosfy' from project 'Nosfy')
    cd /var/folders/sk/1y78dckn1fbdyvwtdtdy76680000gn/T/nosfy-session-commit-s4q40rbr/baseline
    

SwiftCompile normal arm64 /var/folders/sk/1y78dckn1fbdyvwtdtdy76680000gn/T/nosfy-session-commit-s4q40rbr/baseline/Nosfy/Views/DuolinguoPage.swift (in target 'Nosfy' from project 'Nosfy')
    cd /var/folders/sk/1y78dckn1fbdyvwtdtdy76680000gn/T/nosfy-session-commit-s4q40rbr/baseline
    

SwiftMergeGeneratedHeaders /var/folders/sk/1y78dckn1fbdyvwtdtdy76680000gn/T/nosfy-session-commit-s4q40rbr/DerivedBaseline/Build/Intermediates.noindex/Nosfy.build/Debug-iphonesimulator/Nosfy.build/DerivedSources/Woop-Swift.h /var/folders/sk/1y78dckn1fbdyvwtdtdy76680000gn/T/nosfy-session-commit-s4q40rbr/DerivedBaseline/Build/Intermediates.noindex/Nosfy.build/Debug-iphonesimulator/Nosfy.build/Objects-normal/arm64/Woop-Swift.h (in target 'Nosfy' from project 'Nosfy')
    cd /var/folders/sk/1y78dckn1fbdyvwtdtdy76680000gn/T/nosfy-session-commit-s4q40rbr/baseline
    builtin-swiftHeaderTool -arch arm64 /var/folders/sk/1y78dckn1fbdyvwtdtdy76680000gn/T/nosfy-session-commit-s4q40rbr/DerivedBaseline/Build/Intermediates.noindex/Nosfy.build/Debug-iphonesimulator/Nosfy.build/Objects-normal/arm64/Woop-Swift.h -o /var/folders/sk/1y78dckn1fbdyvwtdtdy76680000gn/T/nosfy-session-commit-s4q40rbr/DerivedBaseline/Build/Intermediates.noindex/Nosfy.build/Debug-iphonesimulator/Nosfy.build/DerivedSources/Woop-Swift.h

SwiftDriverJobDiscovery normal arm64 Compiling ErreurNosfy.swift, ForgeServeur.swift, HomeTextes.swift, InscriptionCompte.swift, Langue.swift, LuneForge.swift, OutboxGains.swift, OuvertureSeanceServeur.swift, ProfilServeur.swift, SacreServeur.swift, Supabase.swift, SupabaseSync.swift, SynthesisService.swift, WorkoutActivityController.swift, ActiveWorkoutView.swift, AppelChapitre.swift, AppelProfilVisite.swift, AuroraBgLab.swift, AuthView.swift, BancCoutHome.swift (in target 'Nosfy' from project 'Nosfy')

Copy /var/folders/sk/1y78dckn1fbdyvwtdtdy76680000gn/T/nosfy-session-commit-s4q40rbr/DerivedBaseline/Build/Products/Debug-iphonesimulator/Woop.swiftmodule/arm64-apple-ios-simulator.swiftmodule /var/folders/sk/1y78dckn1fbdyvwtdtdy76680000gn/T/nosfy-session-commit-s4q40rbr/DerivedBaseline/Build/Intermediates.noindex/Nosfy.build/Debug-iphonesimulator/Nosfy.build/Objects-normal/arm64/Woop.swiftmodule (in target 'Nosfy' from project 'Nosfy')
    cd /var/folders/sk/1y78dckn1fbdyvwtdtdy76680000gn/T/nosfy-session-commit-s4q40rbr/baseline
    builtin-copy -exclude .DS_Store -exclude CVS -exclude .svn -exclude .git -exclude .hg -resolve-src-symlinks -rename /var/folders/sk/1y78dckn1fbdyvwtdtdy76680000gn/T/nosfy-session-commit-s4q40rbr/DerivedBaseline/Build/Intermediates.noindex/Nosfy.build/Debug-iphonesimulator/Nosfy.build/Objects-normal/arm64/Woop.swiftmodule /var/folders/sk/1y78dckn1fbdyvwtdtdy76680000gn/T/nosfy-session-commit-s4q40rbr/DerivedBaseline/Build/Products/Debug-iphonesimulator/Woop.swiftmodule/arm64-apple-ios-simulator.swiftmodule

Copy /var/folders/sk/1y78dckn1fbdyvwtdtdy76680000gn/T/nosfy-session-commit-s4q40rbr/DerivedBaseline/Build/Products/Debug-iphonesimulator/Woop.swiftmodule/arm64-apple-ios-simulator.swiftdoc /var/folders/sk/1y78dckn1fbdyvwtdtdy76680000gn/T/nosfy-session-commit-s4q40rbr/DerivedBaseline/Build/Intermediates.noindex/Nosfy.build/Debug-iphonesimulator/Nosfy.build/Objects-normal/arm64/Woop.swiftdoc (in target 'Nosfy' from project 'Nosfy')
    cd /var/folders/sk/1y78dckn1fbdyvwtdtdy76680000gn/T/nosfy-session-commit-s4q40rbr/baseline
    builtin-copy -exclude .DS_Store -exclude CVS -exclude .svn -exclude .git -exclude .hg -resolve-src-symlinks -rename /var/folders/sk/1y78dckn1fbdyvwtdtdy76680000gn/T/nosfy-session-commit-s4q40rbr/DerivedBaseline/Build/Intermediates.noindex/Nosfy.build/Debug-iphonesimulator/Nosfy.build/Objects-normal/arm64/Woop.swiftdoc /var/folders/sk/1y78dckn1fbdyvwtdtdy76680000gn/T/nosfy-session-commit-s4q40rbr/DerivedBaseline/Build/Products/Debug-iphonesimulator/Woop.swiftmodule/arm64-apple-ios-simulator.swiftdoc

Copy /var/folders/sk/1y78dckn1fbdyvwtdtdy76680000gn/T/nosfy-session-commit-s4q40rbr/DerivedBaseline/Build/Products/Debug-iphonesimulator/Woop.swiftmodule/arm64-apple-ios-simulator.abi.json /var/folders/sk/1y78dckn1fbdyvwtdtdy76680000gn/T/nosfy-session-commit-s4q40rbr/DerivedBaseline/Build/Intermediates.noindex/Nosfy.build/Debug-iphonesimulator/Nosfy.build/Objects-normal/arm64/Woop.abi.json (in target 'Nosfy' from project 'Nosfy')
    cd /var/folders/sk/1y78dckn1fbdyvwtdtdy76680000gn/T/nosfy-session-commit-s4q40rbr/baseline
    builtin-copy -exclude .DS_Store -exclude CVS -exclude .svn -exclude .git -exclude .hg -resolve-src-symlinks -rename /var/folders/sk/1y78dckn1fbdyvwtdtdy76680000gn/T/nosfy-session-commit-s4q40rbr/DerivedBaseline/Build/Intermediates.noindex/Nosfy.build/Debug-iphonesimulator/Nosfy.build/Objects-normal/arm64/Woop.abi.json /var/folders/sk/1y78dckn1fbdyvwtdtdy76680000gn/T/nosfy-session-commit-s4q40rbr/DerivedBaseline/Build/Products/Debug-iphonesimulator/Woop.swiftmodule/arm64-apple-ios-simulator.abi.json

Copy /var/folders/sk/1y78dckn1fbdyvwtdtdy76680000gn/T/nosfy-session-commit-s4q40rbr/DerivedBaseline/Build/Products/Debug-iphonesimulator/Woop.swiftmodule/Project/arm64-apple-ios-simulator.swiftsourceinfo /var/folders/sk/1y78dckn1fbdyvwtdtdy76680000gn/T/nosfy-session-commit-s4q40rbr/DerivedBaseline/Build/Intermediates.noindex/Nosfy.build/Debug-iphonesimulator/Nosfy.build/Objects-normal/arm64/Woop.swiftsourceinfo (in target 'Nosfy' from project 'Nosfy')
    cd /var/folders/sk/1y78dckn1fbdyvwtdtdy76680000gn/T/nosfy-session-commit-s4q40rbr/baseline
    builtin-copy -exclude .DS_Store -exclude CVS -exclude .svn -exclude .git -exclude .hg -resolve-src-symlinks -rename /var/folders/sk/1y78dckn1fbdyvwtdtdy76680000gn/T/nosfy-session-commit-s4q40rbr/DerivedBaseline/Build/Intermediates.noindex/Nosfy.build/Debug-iphonesimulator/Nosfy.build/Objects-normal/arm64/Woop.swiftsourceinfo /var/folders/sk/1y78dckn1fbdyvwtdtdy76680000gn/T/nosfy-session-commit-s4q40rbr/DerivedBaseline/Build/Products/Debug-iphonesimulator/Woop.swiftmodule/Project/arm64-apple-ios-simulator.swiftsourceinfo

SwiftDriverJobDiscovery normal arm64 Compiling LuneDeSang.swift, MenuCouronne.swift, MenuNappe.swift, MoonCoinLab.swift, MoonSplash.swift, NavDiagnostic.swift, NavEncre.swift, NavLab.swift, NeonPrimaryButton.swift, NeonPrimaryLab.swift, NosfyOnboarding.swift, NotchedCard.swift, NotifCard.swift, NotifChasse.swift, NotifLab.swift, ObjectiveCard.swift, ObjectiveCardLab.swift, ObsidianCard.swift, ObsidianCardLab.swift, PageCard.swift (in target 'Nosfy' from project 'Nosfy')

SwiftDriverJobDiscovery normal arm64 Compiling EcranErreur.swift, EmberFlameLab.swift, ExerciseDetailView.swift, ExerciseEditor.swift, ImpGlyph.swift, MoonGlyph.swift, ProgressComet.swift, WorkoutActivity.swift, WorkoutLiveCard.swift, WorkoutLiveFocus.swift, ExercisePhoto.swift, ExerciseSetupCard.swift, ExercisesView.swift, ExosFond.swift, FilmDepartSeance.swift, FlameLab.swift, FlammeJauge.swift, FlammeJaugeLab.swift, FondVideoMetal.swift, Foyer.swift (in target 'Nosfy' from project 'Nosfy')

** BUILD FAILED **


The following build commands failed:
	SwiftCompile normal arm64 Compiling\ BottleSplash.swift,\ CoinChime.swift,\ DiamondGlints.swift,\ Ink.swift,\ LightDial.swift,\ LuneDust.swift,\ MonolithChime.swift,\ NightBirds.swift,\ RocketHaptics.swift,\ SparkleBurst.swift,\ SplashBackground.swift,\ SplashWisp.swift,\ Annonces.swift,\ AppleAuth.swift,\ CartesQABanc.swift,\ CartesServeur.swift,\ ChambreServeur.swift,\ CoachServeur.swift,\ Compte.swift,\ EconomieNosfy.swift /var/folders/sk/1y78dckn1fbdyvwtdtdy76680000gn/T/nosfy-session-commit-s4q40rbr/baseline/Nosfy/Figures/BottleSplash.swift /var/folders/sk/1y78dckn1fbdyvwtdtdy76680000gn/T/nosfy-session-commit-s4q40rbr/baseline/Nosfy/Figures/CoinChime.swift /var/folders/sk/1y78dckn1fbdyvwtdtdy76680000gn/T/nosfy-session-commit-s4q40rbr/baseline/Nosfy/Figures/DiamondGlints.swift /var/folders/sk/1y78dckn1fbdyvwtdtdy76680000gn/T/nosfy-session-commit-s4q40rbr/baseline/Nosfy/Figures/Ink.swift /var/folders/sk/1y78dckn1fbdyvwtdtdy76680000gn/T/nosfy-session-commit-s4q40rbr/baseline/Nosfy/Figures/LightDial.swift /var/folders/sk/1y78dckn1fbdyvwtdtdy76680000gn/T/nosfy-session-commit-s4q40rbr/baseline/Nosfy/Figures/LuneDust.swift /var/folders/sk/1y78dckn1fbdyvwtdtdy76680000gn/T/nosfy-session-commit-s4q40rbr/baseline/Nosfy/Figures/MonolithChime.swift /var/folders/sk/1y78dckn1fbdyvwtdtdy76680000gn/T/nosfy-session-commit-s4q40rbr/baseline/Nosfy/Figures/NightBirds.swift /var/folders/sk/1y78dckn1fbdyvwtdtdy76680000gn/T/nosfy-session-commit-s4q40rbr/baseline/Nosfy/Figures/RocketHaptics.swift /var/folders/sk/1y78dckn1fbdyvwtdtdy76680000gn/T/nosfy-session-commit-s4q40rbr/baseline/Nosfy/Figures/SparkleBurst.swift /var/folders/sk/1y78dckn1fbdyvwtdtdy76680000gn/T/nosfy-session-commit-s4q40rbr/baseline/Nosfy/Figures/SplashBackground.swift /var/folders/sk/1y78dckn1fbdyvwtdtdy76680000gn/T/nosfy-session-commit-s4q40rbr/baseline/Nosfy/Figures/SplashWisp.swift /var/folders/sk/1y78dckn1fbdyvwtdtdy76680000gn/T/nosfy-session-commit-s4q40rbr/baseline/Nosfy/Services/Annonces.swift /var/folders/sk/1y78dckn1fbdyvwtdtdy76680000gn/T/nosfy-session-commit-s4q40rbr/baseline/Nosfy/Services/AppleAuth.swift /var/folders/sk/1y78dckn1fbdyvwtdtdy76680000gn/T/nosfy-session-commit-s4q40rbr/baseline/Nosfy/Services/CartesQABanc.swift /var/folders/sk/1y78dckn1fbdyvwtdtdy76680000gn/T/nosfy-session-commit-s4q40rbr/baseline/Nosfy/Services/CartesServeur.swift /var/folders/sk/1y78dckn1fbdyvwtdtdy76680000gn/T/nosfy-session-commit-s4q40rbr/baseline/Nosfy/Services/ChambreServeur.swift /var/folders/sk/1y78dckn1fbdyvwtdtdy76680000gn/T/nosfy-session-commit-s4q40rbr/baseline/Nosfy/Services/CoachServeur.swift /var/folders/sk/1y78dckn1fbdyvwtdtdy76680000gn/T/nosfy-session-commit-s4q40rbr/baseline/Nosfy/Services/Compte.swift /var/folders/sk/1y78dckn1fbdyvwtdtdy76680000gn/T/nosfy-session-commit-s4q40rbr/baseline/Nosfy/Services/EconomieNosfy.swift (in target 'Nosfy' from project 'Nosfy')
	SwiftCompile normal arm64 /var/folders/sk/1y78dckn1fbdyvwtdtdy76680000gn/T/nosfy-session-commit-s4q40rbr/baseline/Nosfy/Services/Annonces.swift (in target 'Nosfy' from project 'Nosfy')
	Building project Nosfy with scheme Nosfy and configuration Debug
(3 failures)
