Command line invocation:
    /Applications/Xcode.app/Contents/Developer/usr/bin/xcodebuild -project Nosfy.xcodeproj -scheme Nosfy -configuration Debug -destination "generic/platform=iOS Simulator" -derivedDataPath /var/folders/sk/1y78dckn1fbdyvwtdtdy76680000gn/T/nosfy-session-commit-s4q40rbr/DerivedData CODE_SIGNING_ALLOWED=NO ARCHS=arm64 ONLY_ACTIVE_ARCH=YES build

Build settings from command line:
    ARCHS = arm64
    CODE_SIGNING_ALLOWED = NO
    ONLY_ACTIVE_ARCH = YES

ComputePackagePrebuildTargetDependencyGraph

Prepare packages

CreateBuildRequest

SendProjectDescription

CreateBuildOperation

ComputeTargetDependencyGraph
note: Building targets in dependency order
note: Target dependency graph (2 targets)
    Target 'Nosfy' in project 'Nosfy'
        ➜ Explicit dependency on target 'NosfyWidgets' in project 'Nosfy'
    Target 'NosfyWidgets' in project 'Nosfy' (no dependencies)

GatherProvisioningInputs

CreateBuildDescription

ExecuteExternalTool /Applications/Xcode.app/Contents/Developer/Toolchains/XcodeDefault.xctoolchain/usr/bin/clang -v -E -dM -isysroot /Applications/Xcode.app/Contents/Developer/Platforms/iPhoneSimulator.platform/Developer/SDKs/iPhoneSimulator26.5.sdk -x c -c /dev/null

ExecuteExternalTool /Applications/Xcode.app/Contents/Developer/usr/bin/actool --version --output-format xml1

ExecuteExternalTool /Applications/Xcode.app/Contents/Developer/usr/bin/actool --print-asset-tag-combinations --output-format xml1 /var/folders/sk/1y78dckn1fbdyvwtdtdy76680000gn/T/nosfy-session-commit-s4q40rbr/travail/NosfyShared/LiveAssets.xcassets /var/folders/sk/1y78dckn1fbdyvwtdtdy76680000gn/T/nosfy-session-commit-s4q40rbr/travail/Nosfy/AppIcon.icon /var/folders/sk/1y78dckn1fbdyvwtdtdy76680000gn/T/nosfy-session-commit-s4q40rbr/travail/Nosfy/Assets.xcassets

ExecuteExternalTool /Applications/Xcode.app/Contents/Developer/Toolchains/XcodeDefault.xctoolchain/usr/bin/swiftc --version

ExecuteExternalTool /Applications/Xcode.app/Contents/Developer/Toolchains/XcodeDefault.xctoolchain/usr/bin/ld -version_details

Build description signature: efda5e5af658a88a6330c9cee05bdaf0
Build description path: /var/folders/sk/1y78dckn1fbdyvwtdtdy76680000gn/T/nosfy-session-commit-s4q40rbr/DerivedData/Build/Intermediates.noindex/XCBuildData/efda5e5af658a88a6330c9cee05bdaf0.xcbuilddata
ClangStatCache /Applications/Xcode.app/Contents/Developer/Toolchains/XcodeDefault.xctoolchain/usr/bin/clang-stat-cache /Applications/Xcode.app/Contents/Developer/Platforms/iPhoneSimulator.platform/Developer/SDKs/iPhoneSimulator26.5.sdk /var/folders/sk/1y78dckn1fbdyvwtdtdy76680000gn/T/nosfy-session-commit-s4q40rbr/DerivedData/SDKStatCaches.noindex/iphonesimulator26.5-23F73-688ef53f1462e2c8f657fdc38a81448f6cfe768891a92b912361537c460fe42b.sdkstatcache
    cd /var/folders/sk/1y78dckn1fbdyvwtdtdy76680000gn/T/nosfy-session-commit-s4q40rbr/travail/Nosfy.xcodeproj
    /Applications/Xcode.app/Contents/Developer/Toolchains/XcodeDefault.xctoolchain/usr/bin/clang-stat-cache /Applications/Xcode.app/Contents/Developer/Platforms/iPhoneSimulator.platform/Developer/SDKs/iPhoneSimulator26.5.sdk -o /var/folders/sk/1y78dckn1fbdyvwtdtdy76680000gn/T/nosfy-session-commit-s4q40rbr/DerivedData/SDKStatCaches.noindex/iphonesimulator26.5-23F73-688ef53f1462e2c8f657fdc38a81448f6cfe768891a92b912361537c460fe42b.sdkstatcache

CreateBuildDirectory /var/folders/sk/1y78dckn1fbdyvwtdtdy76680000gn/T/nosfy-session-commit-s4q40rbr/DerivedData/Build/Products
    cd /var/folders/sk/1y78dckn1fbdyvwtdtdy76680000gn/T/nosfy-session-commit-s4q40rbr/travail/Nosfy.xcodeproj
    builtin-create-build-directory /var/folders/sk/1y78dckn1fbdyvwtdtdy76680000gn/T/nosfy-session-commit-s4q40rbr/DerivedData/Build/Products

CreateBuildDirectory /var/folders/sk/1y78dckn1fbdyvwtdtdy76680000gn/T/nosfy-session-commit-s4q40rbr/DerivedData/Build/Intermediates.noindex
    cd /var/folders/sk/1y78dckn1fbdyvwtdtdy76680000gn/T/nosfy-session-commit-s4q40rbr/travail/Nosfy.xcodeproj
    builtin-create-build-directory /var/folders/sk/1y78dckn1fbdyvwtdtdy76680000gn/T/nosfy-session-commit-s4q40rbr/DerivedData/Build/Intermediates.noindex

CreateBuildDirectory /var/folders/sk/1y78dckn1fbdyvwtdtdy76680000gn/T/nosfy-session-commit-s4q40rbr/DerivedData/Build/Products/Debug-iphonesimulator
    cd /var/folders/sk/1y78dckn1fbdyvwtdtdy76680000gn/T/nosfy-session-commit-s4q40rbr/travail/Nosfy.xcodeproj
    builtin-create-build-directory /var/folders/sk/1y78dckn1fbdyvwtdtdy76680000gn/T/nosfy-session-commit-s4q40rbr/DerivedData/Build/Products/Debug-iphonesimulator

CreateBuildDirectory /var/folders/sk/1y78dckn1fbdyvwtdtdy76680000gn/T/nosfy-session-commit-s4q40rbr/DerivedData/Build/Intermediates.noindex/ExplicitPrecompiledModules
    cd /var/folders/sk/1y78dckn1fbdyvwtdtdy76680000gn/T/nosfy-session-commit-s4q40rbr/travail/Nosfy.xcodeproj
    builtin-create-build-directory /var/folders/sk/1y78dckn1fbdyvwtdtdy76680000gn/T/nosfy-session-commit-s4q40rbr/DerivedData/Build/Intermediates.noindex/ExplicitPrecompiledModules

CreateBuildDirectory /var/folders/sk/1y78dckn1fbdyvwtdtdy76680000gn/T/nosfy-session-commit-s4q40rbr/DerivedData/Build/Intermediates.noindex/SwiftExplicitPrecompiledModules
    cd /var/folders/sk/1y78dckn1fbdyvwtdtdy76680000gn/T/nosfy-session-commit-s4q40rbr/travail/Nosfy.xcodeproj
    builtin-create-build-directory /var/folders/sk/1y78dckn1fbdyvwtdtdy76680000gn/T/nosfy-session-commit-s4q40rbr/DerivedData/Build/Intermediates.noindex/SwiftExplicitPrecompiledModules

CreateBuildDirectory /var/folders/sk/1y78dckn1fbdyvwtdtdy76680000gn/T/nosfy-session-commit-s4q40rbr/DerivedData/Build/Intermediates.noindex/EagerLinkingTBDs/Debug-iphonesimulator
    cd /var/folders/sk/1y78dckn1fbdyvwtdtdy76680000gn/T/nosfy-session-commit-s4q40rbr/travail/Nosfy.xcodeproj
    builtin-create-build-directory /var/folders/sk/1y78dckn1fbdyvwtdtdy76680000gn/T/nosfy-session-commit-s4q40rbr/DerivedData/Build/Intermediates.noindex/EagerLinkingTBDs/Debug-iphonesimulator

WriteAuxiliaryFile /var/folders/sk/1y78dckn1fbdyvwtdtdy76680000gn/T/nosfy-session-commit-s4q40rbr/DerivedData/Build/Intermediates.noindex/Nosfy.build/Debug-iphonesimulator/Nosfy-79457564d8ce4e0e3822ec51709fb743-VFS-iphonesimulator/all-product-headers.yaml
    cd /var/folders/sk/1y78dckn1fbdyvwtdtdy76680000gn/T/nosfy-session-commit-s4q40rbr/travail/Nosfy.xcodeproj
    write-file /var/folders/sk/1y78dckn1fbdyvwtdtdy76680000gn/T/nosfy-session-commit-s4q40rbr/DerivedData/Build/Intermediates.noindex/Nosfy.build/Debug-iphonesimulator/Nosfy-79457564d8ce4e0e3822ec51709fb743-VFS-iphonesimulator/all-product-headers.yaml

WriteAuxiliaryFile /var/folders/sk/1y78dckn1fbdyvwtdtdy76680000gn/T/nosfy-session-commit-s4q40rbr/DerivedData/Build/Intermediates.noindex/Nosfy.build/Debug-iphonesimulator/Nosfy.build/Nosfy.hmap (in target 'Nosfy' from project 'Nosfy')
    cd /var/folders/sk/1y78dckn1fbdyvwtdtdy76680000gn/T/nosfy-session-commit-s4q40rbr/travail
    write-file /var/folders/sk/1y78dckn1fbdyvwtdtdy76680000gn/T/nosfy-session-commit-s4q40rbr/DerivedData/Build/Intermediates.noindex/Nosfy.build/Debug-iphonesimulator/Nosfy.build/Nosfy.hmap

WriteAuxiliaryFile /var/folders/sk/1y78dckn1fbdyvwtdtdy76680000gn/T/nosfy-session-commit-s4q40rbr/DerivedData/Build/Intermediates.noindex/Nosfy.build/Debug-iphonesimulator/Nosfy.build/Nosfy-project-headers.hmap (in target 'Nosfy' from project 'Nosfy')
    cd /var/folders/sk/1y78dckn1fbdyvwtdtdy76680000gn/T/nosfy-session-commit-s4q40rbr/travail
    write-file /var/folders/sk/1y78dckn1fbdyvwtdtdy76680000gn/T/nosfy-session-commit-s4q40rbr/DerivedData/Build/Intermediates.noindex/Nosfy.build/Debug-iphonesimulator/Nosfy.build/Nosfy-project-headers.hmap

WriteAuxiliaryFile /var/folders/sk/1y78dckn1fbdyvwtdtdy76680000gn/T/nosfy-session-commit-s4q40rbr/DerivedData/Build/Intermediates.noindex/Nosfy.build/Debug-iphonesimulator/Nosfy.build/Nosfy-generated-files.hmap (in target 'Nosfy' from project 'Nosfy')
    cd /var/folders/sk/1y78dckn1fbdyvwtdtdy76680000gn/T/nosfy-session-commit-s4q40rbr/travail
    write-file /var/folders/sk/1y78dckn1fbdyvwtdtdy76680000gn/T/nosfy-session-commit-s4q40rbr/DerivedData/Build/Intermediates.noindex/Nosfy.build/Debug-iphonesimulator/Nosfy.build/Nosfy-generated-files.hmap

WriteAuxiliaryFile /var/folders/sk/1y78dckn1fbdyvwtdtdy76680000gn/T/nosfy-session-commit-s4q40rbr/DerivedData/Build/Intermediates.noindex/Nosfy.build/Debug-iphonesimulator/Nosfy.build/Nosfy-all-target-headers.hmap (in target 'Nosfy' from project 'Nosfy')
    cd /var/folders/sk/1y78dckn1fbdyvwtdtdy76680000gn/T/nosfy-session-commit-s4q40rbr/travail
    write-file /var/folders/sk/1y78dckn1fbdyvwtdtdy76680000gn/T/nosfy-session-commit-s4q40rbr/DerivedData/Build/Intermediates.noindex/Nosfy.build/Debug-iphonesimulator/Nosfy.build/Nosfy-all-target-headers.hmap

WriteAuxiliaryFile /var/folders/sk/1y78dckn1fbdyvwtdtdy76680000gn/T/nosfy-session-commit-s4q40rbr/DerivedData/Build/Intermediates.noindex/Nosfy.build/Debug-iphonesimulator/Nosfy.build/Nosfy-own-target-headers.hmap (in target 'Nosfy' from project 'Nosfy')
    cd /var/folders/sk/1y78dckn1fbdyvwtdtdy76680000gn/T/nosfy-session-commit-s4q40rbr/travail
    write-file /var/folders/sk/1y78dckn1fbdyvwtdtdy76680000gn/T/nosfy-session-commit-s4q40rbr/DerivedData/Build/Intermediates.noindex/Nosfy.build/Debug-iphonesimulator/Nosfy.build/Nosfy-own-target-headers.hmap

WriteAuxiliaryFile /var/folders/sk/1y78dckn1fbdyvwtdtdy76680000gn/T/nosfy-session-commit-s4q40rbr/DerivedData/Build/Intermediates.noindex/Nosfy.build/Debug-iphonesimulator/Nosfy.build/Objects-normal/arm64/Nosfy_const_extract_protocols.json (in target 'Nosfy' from project 'Nosfy')
    cd /var/folders/sk/1y78dckn1fbdyvwtdtdy76680000gn/T/nosfy-session-commit-s4q40rbr/travail
    write-file /var/folders/sk/1y78dckn1fbdyvwtdtdy76680000gn/T/nosfy-session-commit-s4q40rbr/DerivedData/Build/Intermediates.noindex/Nosfy.build/Debug-iphonesimulator/Nosfy.build/Objects-normal/arm64/Nosfy_const_extract_protocols.json

WriteAuxiliaryFile /var/folders/sk/1y78dckn1fbdyvwtdtdy76680000gn/T/nosfy-session-commit-s4q40rbr/DerivedData/Build/Intermediates.noindex/Nosfy.build/Debug-iphonesimulator/Nosfy.build/Objects-normal/arm64/Nosfy-OutputFileMap.json (in target 'Nosfy' from project 'Nosfy')
    cd /var/folders/sk/1y78dckn1fbdyvwtdtdy76680000gn/T/nosfy-session-commit-s4q40rbr/travail
    write-file /var/folders/sk/1y78dckn1fbdyvwtdtdy76680000gn/T/nosfy-session-commit-s4q40rbr/DerivedData/Build/Intermediates.noindex/Nosfy.build/Debug-iphonesimulator/Nosfy.build/Objects-normal/arm64/Nosfy-OutputFileMap.json

WriteAuxiliaryFile /var/folders/sk/1y78dckn1fbdyvwtdtdy76680000gn/T/nosfy-session-commit-s4q40rbr/DerivedData/Build/Intermediates.noindex/Nosfy.build/Debug-iphonesimulator/NosfyWidgets.build/Objects-normal/arm64/NosfyWidgets.SwiftFileList (in target 'NosfyWidgets' from project 'Nosfy')
    cd /var/folders/sk/1y78dckn1fbdyvwtdtdy76680000gn/T/nosfy-session-commit-s4q40rbr/travail
    write-file /var/folders/sk/1y78dckn1fbdyvwtdtdy76680000gn/T/nosfy-session-commit-s4q40rbr/DerivedData/Build/Intermediates.noindex/Nosfy.build/Debug-iphonesimulator/NosfyWidgets.build/Objects-normal/arm64/NosfyWidgets.SwiftFileList

WriteAuxiliaryFile /var/folders/sk/1y78dckn1fbdyvwtdtdy76680000gn/T/nosfy-session-commit-s4q40rbr/DerivedData/Build/Intermediates.noindex/Nosfy.build/Debug-iphonesimulator/NosfyWidgets.build/Objects-normal/arm64/NosfyWidgets_const_extract_protocols.json (in target 'NosfyWidgets' from project 'Nosfy')
    cd /var/folders/sk/1y78dckn1fbdyvwtdtdy76680000gn/T/nosfy-session-commit-s4q40rbr/travail
    write-file /var/folders/sk/1y78dckn1fbdyvwtdtdy76680000gn/T/nosfy-session-commit-s4q40rbr/DerivedData/Build/Intermediates.noindex/Nosfy.build/Debug-iphonesimulator/NosfyWidgets.build/Objects-normal/arm64/NosfyWidgets_const_extract_protocols.json

WriteAuxiliaryFile /var/folders/sk/1y78dckn1fbdyvwtdtdy76680000gn/T/nosfy-session-commit-s4q40rbr/DerivedData/Build/Intermediates.noindex/Nosfy.build/Debug-iphonesimulator/NosfyWidgets.build/Objects-normal/arm64/NosfyWidgets.SwiftConstValuesFileList (in target 'NosfyWidgets' from project 'Nosfy')
    cd /var/folders/sk/1y78dckn1fbdyvwtdtdy76680000gn/T/nosfy-session-commit-s4q40rbr/travail
    write-file /var/folders/sk/1y78dckn1fbdyvwtdtdy76680000gn/T/nosfy-session-commit-s4q40rbr/DerivedData/Build/Intermediates.noindex/Nosfy.build/Debug-iphonesimulator/NosfyWidgets.build/Objects-normal/arm64/NosfyWidgets.SwiftConstValuesFileList

WriteAuxiliaryFile /var/folders/sk/1y78dckn1fbdyvwtdtdy76680000gn/T/nosfy-session-commit-s4q40rbr/DerivedData/Build/Intermediates.noindex/Nosfy.build/Debug-iphonesimulator/NosfyWidgets.build/Objects-normal/arm64/NosfyWidgets.LinkFileList (in target 'NosfyWidgets' from project 'Nosfy')
    cd /var/folders/sk/1y78dckn1fbdyvwtdtdy76680000gn/T/nosfy-session-commit-s4q40rbr/travail
    write-file /var/folders/sk/1y78dckn1fbdyvwtdtdy76680000gn/T/nosfy-session-commit-s4q40rbr/DerivedData/Build/Intermediates.noindex/Nosfy.build/Debug-iphonesimulator/NosfyWidgets.build/Objects-normal/arm64/NosfyWidgets.LinkFileList

WriteAuxiliaryFile /var/folders/sk/1y78dckn1fbdyvwtdtdy76680000gn/T/nosfy-session-commit-s4q40rbr/DerivedData/Build/Intermediates.noindex/Nosfy.build/Debug-iphonesimulator/NosfyWidgets.build/Objects-normal/arm64/NosfyWidgets-OutputFileMap.json (in target 'NosfyWidgets' from project 'Nosfy')
    cd /var/folders/sk/1y78dckn1fbdyvwtdtdy76680000gn/T/nosfy-session-commit-s4q40rbr/travail
    write-file /var/folders/sk/1y78dckn1fbdyvwtdtdy76680000gn/T/nosfy-session-commit-s4q40rbr/DerivedData/Build/Intermediates.noindex/Nosfy.build/Debug-iphonesimulator/NosfyWidgets.build/Objects-normal/arm64/NosfyWidgets-OutputFileMap.json

WriteAuxiliaryFile /var/folders/sk/1y78dckn1fbdyvwtdtdy76680000gn/T/nosfy-session-commit-s4q40rbr/DerivedData/Build/Intermediates.noindex/Nosfy.build/Debug-iphonesimulator/NosfyWidgets.build/NosfyWidgets.hmap (in target 'NosfyWidgets' from project 'Nosfy')
    cd /var/folders/sk/1y78dckn1fbdyvwtdtdy76680000gn/T/nosfy-session-commit-s4q40rbr/travail
    write-file /var/folders/sk/1y78dckn1fbdyvwtdtdy76680000gn/T/nosfy-session-commit-s4q40rbr/DerivedData/Build/Intermediates.noindex/Nosfy.build/Debug-iphonesimulator/NosfyWidgets.build/NosfyWidgets.hmap

WriteAuxiliaryFile /var/folders/sk/1y78dckn1fbdyvwtdtdy76680000gn/T/nosfy-session-commit-s4q40rbr/DerivedData/Build/Intermediates.noindex/Nosfy.build/Debug-iphonesimulator/NosfyWidgets.build/NosfyWidgets.DependencyStaticMetadataFileList (in target 'NosfyWidgets' from project 'Nosfy')
    cd /var/folders/sk/1y78dckn1fbdyvwtdtdy76680000gn/T/nosfy-session-commit-s4q40rbr/travail
    write-file /var/folders/sk/1y78dckn1fbdyvwtdtdy76680000gn/T/nosfy-session-commit-s4q40rbr/DerivedData/Build/Intermediates.noindex/Nosfy.build/Debug-iphonesimulator/NosfyWidgets.build/NosfyWidgets.DependencyStaticMetadataFileList

WriteAuxiliaryFile /var/folders/sk/1y78dckn1fbdyvwtdtdy76680000gn/T/nosfy-session-commit-s4q40rbr/DerivedData/Build/Intermediates.noindex/Nosfy.build/Debug-iphonesimulator/NosfyWidgets.build/NosfyWidgets.DependencyMetadataFileList (in target 'NosfyWidgets' from project 'Nosfy')
    cd /var/folders/sk/1y78dckn1fbdyvwtdtdy76680000gn/T/nosfy-session-commit-s4q40rbr/travail
    write-file /var/folders/sk/1y78dckn1fbdyvwtdtdy76680000gn/T/nosfy-session-commit-s4q40rbr/DerivedData/Build/Intermediates.noindex/Nosfy.build/Debug-iphonesimulator/NosfyWidgets.build/NosfyWidgets.DependencyMetadataFileList

WriteAuxiliaryFile /var/folders/sk/1y78dckn1fbdyvwtdtdy76680000gn/T/nosfy-session-commit-s4q40rbr/DerivedData/Build/Intermediates.noindex/Nosfy.build/Debug-iphonesimulator/NosfyWidgets.build/NosfyWidgets-project-headers.hmap (in target 'NosfyWidgets' from project 'Nosfy')
    cd /var/folders/sk/1y78dckn1fbdyvwtdtdy76680000gn/T/nosfy-session-commit-s4q40rbr/travail
    write-file /var/folders/sk/1y78dckn1fbdyvwtdtdy76680000gn/T/nosfy-session-commit-s4q40rbr/DerivedData/Build/Intermediates.noindex/Nosfy.build/Debug-iphonesimulator/NosfyWidgets.build/NosfyWidgets-project-headers.hmap

WriteAuxiliaryFile /var/folders/sk/1y78dckn1fbdyvwtdtdy76680000gn/T/nosfy-session-commit-s4q40rbr/DerivedData/Build/Intermediates.noindex/Nosfy.build/Debug-iphonesimulator/NosfyWidgets.build/NosfyWidgets-own-target-headers.hmap (in target 'NosfyWidgets' from project 'Nosfy')
    cd /var/folders/sk/1y78dckn1fbdyvwtdtdy76680000gn/T/nosfy-session-commit-s4q40rbr/travail
    write-file /var/folders/sk/1y78dckn1fbdyvwtdtdy76680000gn/T/nosfy-session-commit-s4q40rbr/DerivedData/Build/Intermediates.noindex/Nosfy.build/Debug-iphonesimulator/NosfyWidgets.build/NosfyWidgets-own-target-headers.hmap

WriteAuxiliaryFile /var/folders/sk/1y78dckn1fbdyvwtdtdy76680000gn/T/nosfy-session-commit-s4q40rbr/DerivedData/Build/Intermediates.noindex/Nosfy.build/Debug-iphonesimulator/NosfyWidgets.build/NosfyWidgets-generated-files.hmap (in target 'NosfyWidgets' from project 'Nosfy')
    cd /var/folders/sk/1y78dckn1fbdyvwtdtdy76680000gn/T/nosfy-session-commit-s4q40rbr/travail
    write-file /var/folders/sk/1y78dckn1fbdyvwtdtdy76680000gn/T/nosfy-session-commit-s4q40rbr/DerivedData/Build/Intermediates.noindex/Nosfy.build/Debug-iphonesimulator/NosfyWidgets.build/NosfyWidgets-generated-files.hmap

WriteAuxiliaryFile /var/folders/sk/1y78dckn1fbdyvwtdtdy76680000gn/T/nosfy-session-commit-s4q40rbr/DerivedData/Build/Intermediates.noindex/Nosfy.build/Debug-iphonesimulator/NosfyWidgets.build/NosfyWidgets-all-target-headers.hmap (in target 'NosfyWidgets' from project 'Nosfy')
    cd /var/folders/sk/1y78dckn1fbdyvwtdtdy76680000gn/T/nosfy-session-commit-s4q40rbr/travail
    write-file /var/folders/sk/1y78dckn1fbdyvwtdtdy76680000gn/T/nosfy-session-commit-s4q40rbr/DerivedData/Build/Intermediates.noindex/Nosfy.build/Debug-iphonesimulator/NosfyWidgets.build/NosfyWidgets-all-target-headers.hmap

WriteAuxiliaryFile /var/folders/sk/1y78dckn1fbdyvwtdtdy76680000gn/T/nosfy-session-commit-s4q40rbr/DerivedData/Build/Intermediates.noindex/Nosfy.build/Debug-iphonesimulator/NosfyWidgets.build/NosfyWidgets-all-non-framework-target-headers.hmap (in target 'NosfyWidgets' from project 'Nosfy')
    cd /var/folders/sk/1y78dckn1fbdyvwtdtdy76680000gn/T/nosfy-session-commit-s4q40rbr/travail
    write-file /var/folders/sk/1y78dckn1fbdyvwtdtdy76680000gn/T/nosfy-session-commit-s4q40rbr/DerivedData/Build/Intermediates.noindex/Nosfy.build/Debug-iphonesimulator/NosfyWidgets.build/NosfyWidgets-all-non-framework-target-headers.hmap

WriteAuxiliaryFile /var/folders/sk/1y78dckn1fbdyvwtdtdy76680000gn/T/nosfy-session-commit-s4q40rbr/DerivedData/Build/Intermediates.noindex/Nosfy.build/Debug-iphonesimulator/NosfyWidgets.build/NosfyWidgets-DebugEntryPoint-normal-arm64.txt (in target 'NosfyWidgets' from project 'Nosfy')
    cd /var/folders/sk/1y78dckn1fbdyvwtdtdy76680000gn/T/nosfy-session-commit-s4q40rbr/travail
    write-file /var/folders/sk/1y78dckn1fbdyvwtdtdy76680000gn/T/nosfy-session-commit-s4q40rbr/DerivedData/Build/Intermediates.noindex/Nosfy.build/Debug-iphonesimulator/NosfyWidgets.build/NosfyWidgets-DebugEntryPoint-normal-arm64.txt

WriteAuxiliaryFile /var/folders/sk/1y78dckn1fbdyvwtdtdy76680000gn/T/nosfy-session-commit-s4q40rbr/DerivedData/Build/Intermediates.noindex/Nosfy.build/Debug-iphonesimulator/NosfyWidgets.build/NosfyWidgets-DebugDylibPath-normal-arm64.txt (in target 'NosfyWidgets' from project 'Nosfy')
    cd /var/folders/sk/1y78dckn1fbdyvwtdtdy76680000gn/T/nosfy-session-commit-s4q40rbr/travail
    write-file /var/folders/sk/1y78dckn1fbdyvwtdtdy76680000gn/T/nosfy-session-commit-s4q40rbr/DerivedData/Build/Intermediates.noindex/Nosfy.build/Debug-iphonesimulator/NosfyWidgets.build/NosfyWidgets-DebugDylibPath-normal-arm64.txt

WriteAuxiliaryFile /var/folders/sk/1y78dckn1fbdyvwtdtdy76680000gn/T/nosfy-session-commit-s4q40rbr/DerivedData/Build/Intermediates.noindex/Nosfy.build/Debug-iphonesimulator/NosfyWidgets.build/NosfyWidgets-DebugDylibInstallName-normal-arm64.txt (in target 'NosfyWidgets' from project 'Nosfy')
    cd /var/folders/sk/1y78dckn1fbdyvwtdtdy76680000gn/T/nosfy-session-commit-s4q40rbr/travail
    write-file /var/folders/sk/1y78dckn1fbdyvwtdtdy76680000gn/T/nosfy-session-commit-s4q40rbr/DerivedData/Build/Intermediates.noindex/Nosfy.build/Debug-iphonesimulator/NosfyWidgets.build/NosfyWidgets-DebugDylibInstallName-normal-arm64.txt

WriteAuxiliaryFile /var/folders/sk/1y78dckn1fbdyvwtdtdy76680000gn/T/nosfy-session-commit-s4q40rbr/DerivedData/Build/Intermediates.noindex/Nosfy.build/Debug-iphonesimulator/Nosfy.build/Objects-normal/arm64/Nosfy.SwiftFileList (in target 'Nosfy' from project 'Nosfy')
    cd /var/folders/sk/1y78dckn1fbdyvwtdtdy76680000gn/T/nosfy-session-commit-s4q40rbr/travail
    write-file /var/folders/sk/1y78dckn1fbdyvwtdtdy76680000gn/T/nosfy-session-commit-s4q40rbr/DerivedData/Build/Intermediates.noindex/Nosfy.build/Debug-iphonesimulator/Nosfy.build/Objects-normal/arm64/Nosfy.SwiftFileList

WriteAuxiliaryFile /var/folders/sk/1y78dckn1fbdyvwtdtdy76680000gn/T/nosfy-session-commit-s4q40rbr/DerivedData/Build/Intermediates.noindex/Nosfy.build/Debug-iphonesimulator/Nosfy.build/Objects-normal/arm64/Nosfy.SwiftConstValuesFileList (in target 'Nosfy' from project 'Nosfy')
    cd /var/folders/sk/1y78dckn1fbdyvwtdtdy76680000gn/T/nosfy-session-commit-s4q40rbr/travail
    write-file /var/folders/sk/1y78dckn1fbdyvwtdtdy76680000gn/T/nosfy-session-commit-s4q40rbr/DerivedData/Build/Intermediates.noindex/Nosfy.build/Debug-iphonesimulator/Nosfy.build/Objects-normal/arm64/Nosfy.SwiftConstValuesFileList

WriteAuxiliaryFile /var/folders/sk/1y78dckn1fbdyvwtdtdy76680000gn/T/nosfy-session-commit-s4q40rbr/DerivedData/Build/Intermediates.noindex/Nosfy.build/Debug-iphonesimulator/Nosfy.build/Objects-normal/arm64/Nosfy.LinkFileList (in target 'Nosfy' from project 'Nosfy')
    cd /var/folders/sk/1y78dckn1fbdyvwtdtdy76680000gn/T/nosfy-session-commit-s4q40rbr/travail
    write-file /var/folders/sk/1y78dckn1fbdyvwtdtdy76680000gn/T/nosfy-session-commit-s4q40rbr/DerivedData/Build/Intermediates.noindex/Nosfy.build/Debug-iphonesimulator/Nosfy.build/Objects-normal/arm64/Nosfy.LinkFileList

WriteAuxiliaryFile /var/folders/sk/1y78dckn1fbdyvwtdtdy76680000gn/T/nosfy-session-commit-s4q40rbr/DerivedData/Build/Intermediates.noindex/Nosfy.build/Debug-iphonesimulator/Nosfy.build/Nosfy.DependencyStaticMetadataFileList (in target 'Nosfy' from project 'Nosfy')
    cd /var/folders/sk/1y78dckn1fbdyvwtdtdy76680000gn/T/nosfy-session-commit-s4q40rbr/travail
    write-file /var/folders/sk/1y78dckn1fbdyvwtdtdy76680000gn/T/nosfy-session-commit-s4q40rbr/DerivedData/Build/Intermediates.noindex/Nosfy.build/Debug-iphonesimulator/Nosfy.build/Nosfy.DependencyStaticMetadataFileList

WriteAuxiliaryFile /var/folders/sk/1y78dckn1fbdyvwtdtdy76680000gn/T/nosfy-session-commit-s4q40rbr/DerivedData/Build/Intermediates.noindex/Nosfy.build/Debug-iphonesimulator/Nosfy.build/Nosfy.DependencyMetadataFileList (in target 'Nosfy' from project 'Nosfy')
    cd /var/folders/sk/1y78dckn1fbdyvwtdtdy76680000gn/T/nosfy-session-commit-s4q40rbr/travail
    write-file /var/folders/sk/1y78dckn1fbdyvwtdtdy76680000gn/T/nosfy-session-commit-s4q40rbr/DerivedData/Build/Intermediates.noindex/Nosfy.build/Debug-iphonesimulator/Nosfy.build/Nosfy.DependencyMetadataFileList

WriteAuxiliaryFile /var/folders/sk/1y78dckn1fbdyvwtdtdy76680000gn/T/nosfy-session-commit-s4q40rbr/DerivedData/Build/Intermediates.noindex/Nosfy.build/Debug-iphonesimulator/Nosfy.build/Nosfy-all-non-framework-target-headers.hmap (in target 'Nosfy' from project 'Nosfy')
    cd /var/folders/sk/1y78dckn1fbdyvwtdtdy76680000gn/T/nosfy-session-commit-s4q40rbr/travail
    write-file /var/folders/sk/1y78dckn1fbdyvwtdtdy76680000gn/T/nosfy-session-commit-s4q40rbr/DerivedData/Build/Intermediates.noindex/Nosfy.build/Debug-iphonesimulator/Nosfy.build/Nosfy-all-non-framework-target-headers.hmap

WriteAuxiliaryFile /var/folders/sk/1y78dckn1fbdyvwtdtdy76680000gn/T/nosfy-session-commit-s4q40rbr/DerivedData/Build/Intermediates.noindex/Nosfy.build/Debug-iphonesimulator/Nosfy.build/Nosfy-DebugDylibPath-normal-arm64.txt (in target 'Nosfy' from project 'Nosfy')
    cd /var/folders/sk/1y78dckn1fbdyvwtdtdy76680000gn/T/nosfy-session-commit-s4q40rbr/travail
    write-file /var/folders/sk/1y78dckn1fbdyvwtdtdy76680000gn/T/nosfy-session-commit-s4q40rbr/DerivedData/Build/Intermediates.noindex/Nosfy.build/Debug-iphonesimulator/Nosfy.build/Nosfy-DebugDylibPath-normal-arm64.txt

MkDir /var/folders/sk/1y78dckn1fbdyvwtdtdy76680000gn/T/nosfy-session-commit-s4q40rbr/DerivedData/Build/Products/Debug-iphonesimulator/NosfyWidgets.appex (in target 'NosfyWidgets' from project 'Nosfy')
    cd /var/folders/sk/1y78dckn1fbdyvwtdtdy76680000gn/T/nosfy-session-commit-s4q40rbr/travail
    /bin/mkdir -p /var/folders/sk/1y78dckn1fbdyvwtdtdy76680000gn/T/nosfy-session-commit-s4q40rbr/DerivedData/Build/Products/Debug-iphonesimulator/NosfyWidgets.appex

WriteAuxiliaryFile /var/folders/sk/1y78dckn1fbdyvwtdtdy76680000gn/T/nosfy-session-commit-s4q40rbr/DerivedData/Build/Intermediates.noindex/Nosfy.build/Debug-iphonesimulator/Nosfy.build/Nosfy-DebugDylibInstallName-normal-arm64.txt (in target 'Nosfy' from project 'Nosfy')
    cd /var/folders/sk/1y78dckn1fbdyvwtdtdy76680000gn/T/nosfy-session-commit-s4q40rbr/travail
    write-file /var/folders/sk/1y78dckn1fbdyvwtdtdy76680000gn/T/nosfy-session-commit-s4q40rbr/DerivedData/Build/Intermediates.noindex/Nosfy.build/Debug-iphonesimulator/Nosfy.build/Nosfy-DebugDylibInstallName-normal-arm64.txt

MkDir /var/folders/sk/1y78dckn1fbdyvwtdtdy76680000gn/T/nosfy-session-commit-s4q40rbr/DerivedData/Build/Products/Debug-iphonesimulator/Nosfy.app/PlugIns (in target 'Nosfy' from project 'Nosfy')
    cd /var/folders/sk/1y78dckn1fbdyvwtdtdy76680000gn/T/nosfy-session-commit-s4q40rbr/travail
    /bin/mkdir -p /var/folders/sk/1y78dckn1fbdyvwtdtdy76680000gn/T/nosfy-session-commit-s4q40rbr/DerivedData/Build/Products/Debug-iphonesimulator/Nosfy.app/PlugIns

MkDir /var/folders/sk/1y78dckn1fbdyvwtdtdy76680000gn/T/nosfy-session-commit-s4q40rbr/DerivedData/Build/Products/Debug-iphonesimulator/Nosfy.app (in target 'Nosfy' from project 'Nosfy')
    cd /var/folders/sk/1y78dckn1fbdyvwtdtdy76680000gn/T/nosfy-session-commit-s4q40rbr/travail
    /bin/mkdir -p /var/folders/sk/1y78dckn1fbdyvwtdtdy76680000gn/T/nosfy-session-commit-s4q40rbr/DerivedData/Build/Products/Debug-iphonesimulator/Nosfy.app

Ld /var/folders/sk/1y78dckn1fbdyvwtdtdy76680000gn/T/nosfy-session-commit-s4q40rbr/DerivedData/Build/Products/Debug-iphonesimulator/NosfyWidgets.appex/__preview.dylib normal (in target 'NosfyWidgets' from project 'Nosfy')
    cd /var/folders/sk/1y78dckn1fbdyvwtdtdy76680000gn/T/nosfy-session-commit-s4q40rbr/travail
    /Applications/Xcode.app/Contents/Developer/Toolchains/XcodeDefault.xctoolchain/usr/bin/clang -Xlinker -reproducible -target arm64-apple-ios26.0-simulator -dynamiclib -isysroot /Applications/Xcode.app/Contents/Developer/Platforms/iPhoneSimulator.platform/Developer/SDKs/iPhoneSimulator26.5.sdk -O0 -L/var/folders/sk/1y78dckn1fbdyvwtdtdy76680000gn/T/nosfy-session-commit-s4q40rbr/DerivedData/Build/Products/Debug-iphonesimulator -F/var/folders/sk/1y78dckn1fbdyvwtdtdy76680000gn/T/nosfy-session-commit-s4q40rbr/DerivedData/Build/Products/Debug-iphonesimulator -install_name @rpath/NosfyWidgets.debug.dylib -Xlinker -dead_strip -rdynamic -Xlinker -no_deduplicate -Xlinker -objc_abi_version -Xlinker 2 -Xlinker -dependency_info -Xlinker /var/folders/sk/1y78dckn1fbdyvwtdtdy76680000gn/T/nosfy-session-commit-s4q40rbr/DerivedData/Build/Intermediates.noindex/Nosfy.build/Debug-iphonesimulator/NosfyWidgets.build/Objects-normal/arm64/NosfyWidgets_dependency_info.dat -o /var/folders/sk/1y78dckn1fbdyvwtdtdy76680000gn/T/nosfy-session-commit-s4q40rbr/DerivedData/Build/Products/Debug-iphonesimulator/NosfyWidgets.appex/__preview.dylib

MkDir /var/folders/sk/1y78dckn1fbdyvwtdtdy76680000gn/T/nosfy-session-commit-s4q40rbr/DerivedData/Build/Intermediates.noindex/Nosfy.build/Debug-iphonesimulator/NosfyWidgets.build/assetcatalog_output/unthinned (in target 'NosfyWidgets' from project 'Nosfy')
    cd /var/folders/sk/1y78dckn1fbdyvwtdtdy76680000gn/T/nosfy-session-commit-s4q40rbr/travail
    /bin/mkdir -p /var/folders/sk/1y78dckn1fbdyvwtdtdy76680000gn/T/nosfy-session-commit-s4q40rbr/DerivedData/Build/Intermediates.noindex/Nosfy.build/Debug-iphonesimulator/NosfyWidgets.build/assetcatalog_output/unthinned

MkDir /var/folders/sk/1y78dckn1fbdyvwtdtdy76680000gn/T/nosfy-session-commit-s4q40rbr/DerivedData/Build/Intermediates.noindex/Nosfy.build/Debug-iphonesimulator/NosfyWidgets.build/assetcatalog_output/thinned (in target 'NosfyWidgets' from project 'Nosfy')
    cd /var/folders/sk/1y78dckn1fbdyvwtdtdy76680000gn/T/nosfy-session-commit-s4q40rbr/travail
    /bin/mkdir -p /var/folders/sk/1y78dckn1fbdyvwtdtdy76680000gn/T/nosfy-session-commit-s4q40rbr/DerivedData/Build/Intermediates.noindex/Nosfy.build/Debug-iphonesimulator/NosfyWidgets.build/assetcatalog_output/thinned

GenerateAssetSymbols /var/folders/sk/1y78dckn1fbdyvwtdtdy76680000gn/T/nosfy-session-commit-s4q40rbr/travail/NosfyShared/LiveAssets.xcassets (in target 'NosfyWidgets' from project 'Nosfy')
    cd /var/folders/sk/1y78dckn1fbdyvwtdtdy76680000gn/T/nosfy-session-commit-s4q40rbr/travail
    /Applications/Xcode.app/Contents/Developer/usr/bin/actool /var/folders/sk/1y78dckn1fbdyvwtdtdy76680000gn/T/nosfy-session-commit-s4q40rbr/travail/NosfyShared/LiveAssets.xcassets --compile /var/folders/sk/1y78dckn1fbdyvwtdtdy76680000gn/T/nosfy-session-commit-s4q40rbr/DerivedData/Build/Products/Debug-iphonesimulator/NosfyWidgets.appex --output-format human-readable-text --notices --warnings --export-dependency-info /var/folders/sk/1y78dckn1fbdyvwtdtdy76680000gn/T/nosfy-session-commit-s4q40rbr/DerivedData/Build/Intermediates.noindex/Nosfy.build/Debug-iphonesimulator/NosfyWidgets.build/assetcatalog_dependencies --output-partial-info-plist /var/folders/sk/1y78dckn1fbdyvwtdtdy76680000gn/T/nosfy-session-commit-s4q40rbr/DerivedData/Build/Intermediates.noindex/Nosfy.build/Debug-iphonesimulator/NosfyWidgets.build/assetcatalog_generated_info.plist --compress-pngs --enable-on-demand-resources NO --standalone-icon-behavior all --development-region fr --target-device iphone --minimum-deployment-target 26.0 --platform iphonesimulator --bundle-identifier fr.kathryn.woop.WoopWidgets --generate-swift-asset-symbol-extensions NO --generate-swift-asset-symbols /var/folders/sk/1y78dckn1fbdyvwtdtdy76680000gn/T/nosfy-session-commit-s4q40rbr/DerivedData/Build/Intermediates.noindex/Nosfy.build/Debug-iphonesimulator/NosfyWidgets.build/DerivedSources/GeneratedAssetSymbols.swift --generate-objc-asset-symbols /var/folders/sk/1y78dckn1fbdyvwtdtdy76680000gn/T/nosfy-session-commit-s4q40rbr/DerivedData/Build/Intermediates.noindex/Nosfy.build/Debug-iphonesimulator/NosfyWidgets.build/DerivedSources/GeneratedAssetSymbols.h --generate-asset-symbol-index /var/folders/sk/1y78dckn1fbdyvwtdtdy76680000gn/T/nosfy-session-commit-s4q40rbr/DerivedData/Build/Intermediates.noindex/Nosfy.build/Debug-iphonesimulator/NosfyWidgets.build/DerivedSources/GeneratedAssetSymbols-Index.plist
/* com.apple.actool.compilation-results */
/var/folders/sk/1y78dckn1fbdyvwtdtdy76680000gn/T/nosfy-session-commit-s4q40rbr/DerivedData/Build/Intermediates.noindex/Nosfy.build/Debug-iphonesimulator/NosfyWidgets.build/DerivedSources/GeneratedAssetSymbols-Index.plist
/var/folders/sk/1y78dckn1fbdyvwtdtdy76680000gn/T/nosfy-session-commit-s4q40rbr/DerivedData/Build/Intermediates.noindex/Nosfy.build/Debug-iphonesimulator/NosfyWidgets.build/DerivedSources/GeneratedAssetSymbols.h
/var/folders/sk/1y78dckn1fbdyvwtdtdy76680000gn/T/nosfy-session-commit-s4q40rbr/DerivedData/Build/Intermediates.noindex/Nosfy.build/Debug-iphonesimulator/NosfyWidgets.build/DerivedSources/GeneratedAssetSymbols.swift


CompileAssetCatalogVariant thinned /var/folders/sk/1y78dckn1fbdyvwtdtdy76680000gn/T/nosfy-session-commit-s4q40rbr/DerivedData/Build/Products/Debug-iphonesimulator/NosfyWidgets.appex /var/folders/sk/1y78dckn1fbdyvwtdtdy76680000gn/T/nosfy-session-commit-s4q40rbr/travail/NosfyShared/LiveAssets.xcassets (in target 'NosfyWidgets' from project 'Nosfy')
    cd /var/folders/sk/1y78dckn1fbdyvwtdtdy76680000gn/T/nosfy-session-commit-s4q40rbr/travail
    /Applications/Xcode.app/Contents/Developer/usr/bin/actool /var/folders/sk/1y78dckn1fbdyvwtdtdy76680000gn/T/nosfy-session-commit-s4q40rbr/travail/NosfyShared/LiveAssets.xcassets --compile /var/folders/sk/1y78dckn1fbdyvwtdtdy76680000gn/T/nosfy-session-commit-s4q40rbr/DerivedData/Build/Intermediates.noindex/Nosfy.build/Debug-iphonesimulator/NosfyWidgets.build/assetcatalog_output/thinned --output-format human-readable-text --notices --warnings --export-dependency-info /var/folders/sk/1y78dckn1fbdyvwtdtdy76680000gn/T/nosfy-session-commit-s4q40rbr/DerivedData/Build/Intermediates.noindex/Nosfy.build/Debug-iphonesimulator/NosfyWidgets.build/assetcatalog_dependencies_thinned --output-partial-info-plist /var/folders/sk/1y78dckn1fbdyvwtdtdy76680000gn/T/nosfy-session-commit-s4q40rbr/DerivedData/Build/Intermediates.noindex/Nosfy.build/Debug-iphonesimulator/NosfyWidgets.build/assetcatalog_generated_info.plist_thinned --compress-pngs --enable-on-demand-resources NO --standalone-icon-behavior all --development-region fr --target-device iphone --minimum-deployment-target 26.0 --platform iphonesimulator
/* com.apple.actool.compilation-results */
/var/folders/sk/1y78dckn1fbdyvwtdtdy76680000gn/T/nosfy-session-commit-s4q40rbr/DerivedData/Build/Intermediates.noindex/Nosfy.build/Debug-iphonesimulator/NosfyWidgets.build/assetcatalog_generated_info.plist_thinned
/var/folders/sk/1y78dckn1fbdyvwtdtdy76680000gn/T/nosfy-session-commit-s4q40rbr/DerivedData/Build/Intermediates.noindex/Nosfy.build/Debug-iphonesimulator/NosfyWidgets.build/assetcatalog_output/thinned/Assets.car


SwiftDriver NosfyWidgets normal arm64 com.apple.xcode.tools.swift.compiler (in target 'NosfyWidgets' from project 'Nosfy')
    cd /var/folders/sk/1y78dckn1fbdyvwtdtdy76680000gn/T/nosfy-session-commit-s4q40rbr/travail
    builtin-SwiftDriver -- /Applications/Xcode.app/Contents/Developer/Toolchains/XcodeDefault.xctoolchain/usr/bin/swiftc -module-name NosfyWidgets -Onone @/var/folders/sk/1y78dckn1fbdyvwtdtdy76680000gn/T/nosfy-session-commit-s4q40rbr/DerivedData/Build/Intermediates.noindex/Nosfy.build/Debug-iphonesimulator/NosfyWidgets.build/Objects-normal/arm64/NosfyWidgets.SwiftFileList -DDEBUG -enable-bare-slash-regex -enable-experimental-feature DebugDescriptionMacro -sdk /Applications/Xcode.app/Contents/Developer/Platforms/iPhoneSimulator.platform/Developer/SDKs/iPhoneSimulator26.5.sdk -target arm64-apple-ios26.0-simulator -g -module-cache-path /var/folders/sk/1y78dckn1fbdyvwtdtdy76680000gn/T/nosfy-session-commit-s4q40rbr/DerivedData/ModuleCache.noindex -Xfrontend -serialize-debugging-options -application-extension -enable-testing -index-store-path /var/folders/sk/1y78dckn1fbdyvwtdtdy76680000gn/T/nosfy-session-commit-s4q40rbr/DerivedData/Index.noindex/DataStore -Xcc -D_LIBCPP_HARDENING_MODE\=_LIBCPP_HARDENING_MODE_DEBUG -swift-version 5 -I /var/folders/sk/1y78dckn1fbdyvwtdtdy76680000gn/T/nosfy-session-commit-s4q40rbr/DerivedData/Build/Products/Debug-iphonesimulator -F /var/folders/sk/1y78dckn1fbdyvwtdtdy76680000gn/T/nosfy-session-commit-s4q40rbr/DerivedData/Build/Products/Debug-iphonesimulator -emit-localized-strings -emit-localized-strings-path /var/folders/sk/1y78dckn1fbdyvwtdtdy76680000gn/T/nosfy-session-commit-s4q40rbr/DerivedData/Build/Intermediates.noindex/Nosfy.build/Debug-iphonesimulator/NosfyWidgets.build/Objects-normal/arm64 -c -j10 -enable-batch-mode -incremental -Xcc -ivfsstatcache -Xcc /var/folders/sk/1y78dckn1fbdyvwtdtdy76680000gn/T/nosfy-session-commit-s4q40rbr/DerivedData/SDKStatCaches.noindex/iphonesimulator26.5-23F73-688ef53f1462e2c8f657fdc38a81448f6cfe768891a92b912361537c460fe42b.sdkstatcache -output-file-map /var/folders/sk/1y78dckn1fbdyvwtdtdy76680000gn/T/nosfy-session-commit-s4q40rbr/DerivedData/Build/Intermediates.noindex/Nosfy.build/Debug-iphonesimulator/NosfyWidgets.build/Objects-normal/arm64/NosfyWidgets-OutputFileMap.json -use-frontend-parseable-output -save-temps -no-color-diagnostics -explicit-module-build -module-cache-path /var/folders/sk/1y78dckn1fbdyvwtdtdy76680000gn/T/nosfy-session-commit-s4q40rbr/DerivedData/Build/Intermediates.noindex/SwiftExplicitPrecompiledModules -clang-scanner-module-cache-path /var/folders/sk/1y78dckn1fbdyvwtdtdy76680000gn/T/nosfy-session-commit-s4q40rbr/DerivedData/ModuleCache.noindex -sdk-module-cache-path /var/folders/sk/1y78dckn1fbdyvwtdtdy76680000gn/T/nosfy-session-commit-s4q40rbr/DerivedData/ModuleCache.noindex -serialize-diagnostics -emit-dependencies -emit-module -emit-module-path /var/folders/sk/1y78dckn1fbdyvwtdtdy76680000gn/T/nosfy-session-commit-s4q40rbr/DerivedData/Build/Intermediates.noindex/Nosfy.build/Debug-iphonesimulator/NosfyWidgets.build/Objects-normal/arm64/NosfyWidgets.swiftmodule -validate-clang-modules-once -clang-build-session-file /var/folders/sk/1y78dckn1fbdyvwtdtdy76680000gn/T/nosfy-session-commit-s4q40rbr/DerivedData/ModuleCache.noindex/Session.modulevalidation -Xcc -I/var/folders/sk/1y78dckn1fbdyvwtdtdy76680000gn/T/nosfy-session-commit-s4q40rbr/DerivedData/Build/Intermediates.noindex/Nosfy.build/Debug-iphonesimulator/NosfyWidgets.build/swift-overrides.hmap -emit-const-values -Xfrontend -const-gather-protocols-file -Xfrontend /var/folders/sk/1y78dckn1fbdyvwtdtdy76680000gn/T/nosfy-session-commit-s4q40rbr/DerivedData/Build/Intermediates.noindex/Nosfy.build/Debug-iphonesimulator/NosfyWidgets.build/Objects-normal/arm64/NosfyWidgets_const_extract_protocols.json -Xcc -iquote -Xcc /var/folders/sk/1y78dckn1fbdyvwtdtdy76680000gn/T/nosfy-session-commit-s4q40rbr/DerivedData/Build/Intermediates.noindex/Nosfy.build/Debug-iphonesimulator/NosfyWidgets.build/NosfyWidgets-generated-files.hmap -Xcc -I/var/folders/sk/1y78dckn1fbdyvwtdtdy76680000gn/T/nosfy-session-commit-s4q40rbr/DerivedData/Build/Intermediates.noindex/Nosfy.build/Debug-iphonesimulator/NosfyWidgets.build/NosfyWidgets-own-target-headers.hmap -Xcc -I/var/folders/sk/1y78dckn1fbdyvwtdtdy76680000gn/T/nosfy-session-commit-s4q40rbr/DerivedData/Build/Intermediates.noindex/Nosfy.build/Debug-iphonesimulator/NosfyWidgets.build/NosfyWidgets-all-target-headers.hmap -Xcc -iquote -Xcc /var/folders/sk/1y78dckn1fbdyvwtdtdy76680000gn/T/nosfy-session-commit-s4q40rbr/DerivedData/Build/Intermediates.noindex/Nosfy.build/Debug-iphonesimulator/NosfyWidgets.build/NosfyWidgets-project-headers.hmap -Xcc -I/var/folders/sk/1y78dckn1fbdyvwtdtdy76680000gn/T/nosfy-session-commit-s4q40rbr/DerivedData/Build/Products/Debug-iphonesimulator/include -Xcc -I/var/folders/sk/1y78dckn1fbdyvwtdtdy76680000gn/T/nosfy-session-commit-s4q40rbr/DerivedData/Build/Intermediates.noindex/Nosfy.build/Debug-iphonesimulator/NosfyWidgets.build/DerivedSources-normal/arm64 -Xcc -I/var/folders/sk/1y78dckn1fbdyvwtdtdy76680000gn/T/nosfy-session-commit-s4q40rbr/DerivedData/Build/Intermediates.noindex/Nosfy.build/Debug-iphonesimulator/NosfyWidgets.build/DerivedSources/arm64 -Xcc -I/var/folders/sk/1y78dckn1fbdyvwtdtdy76680000gn/T/nosfy-session-commit-s4q40rbr/DerivedData/Build/Intermediates.noindex/Nosfy.build/Debug-iphonesimulator/NosfyWidgets.build/DerivedSources -Xcc -DDEBUG\=1 -emit-objc-header -emit-objc-header-path /var/folders/sk/1y78dckn1fbdyvwtdtdy76680000gn/T/nosfy-session-commit-s4q40rbr/DerivedData/Build/Intermediates.noindex/Nosfy.build/Debug-iphonesimulator/NosfyWidgets.build/Objects-normal/arm64/NosfyWidgets-Swift.h -working-directory /var/folders/sk/1y78dckn1fbdyvwtdtdy76680000gn/T/nosfy-session-commit-s4q40rbr/travail -experimental-emit-module-separately -disable-cmo

SwiftExplicitDependencyGeneratePcm arm64 /var/folders/sk/1y78dckn1fbdyvwtdtdy76680000gn/T/nosfy-session-commit-s4q40rbr/DerivedData/ModuleCache.noindex/_Builtin_stdarg-6P9NPVV9F6UWWTOWQNOZXI7UX.pcm

SwiftExplicitDependencyGeneratePcm arm64 /var/folders/sk/1y78dckn1fbdyvwtdtdy76680000gn/T/nosfy-session-commit-s4q40rbr/DerivedData/ModuleCache.noindex/ActivityKit-EGAHVYTSFV21FNXWAZ6JQNT0A.pcm

SwiftExplicitDependencyGeneratePcm arm64 /var/folders/sk/1y78dckn1fbdyvwtdtdy76680000gn/T/nosfy-session-commit-s4q40rbr/DerivedData/ModuleCache.noindex/_SwiftConcurrencyShims-ENAME9IQBXTQBTITA4GFG7XT1.pcm

SwiftExplicitDependencyGeneratePcm arm64 /var/folders/sk/1y78dckn1fbdyvwtdtdy76680000gn/T/nosfy-session-commit-s4q40rbr/DerivedData/ModuleCache.noindex/_Builtin_stddef-84ZG8CSS5GZX9BOWP6AZI80JA.pcm

SwiftExplicitDependencyGeneratePcm arm64 /var/folders/sk/1y78dckn1fbdyvwtdtdy76680000gn/T/nosfy-session-commit-s4q40rbr/DerivedData/ModuleCache.noindex/_Builtin_float-DY6LIZK5FZ1JKTDHWVTVTBO4C.pcm

SwiftExplicitDependencyGeneratePcm arm64 /var/folders/sk/1y78dckn1fbdyvwtdtdy76680000gn/T/nosfy-session-commit-s4q40rbr/DerivedData/ModuleCache.noindex/ptrcheck-1EJG9X2UKNSAVCCERT7KITSNV.pcm

SwiftExplicitDependencyGeneratePcm arm64 /var/folders/sk/1y78dckn1fbdyvwtdtdy76680000gn/T/nosfy-session-commit-s4q40rbr/DerivedData/ModuleCache.noindex/ptrauth-8YC1U7P9HS2491MUJ2OD6JAJD.pcm

SwiftExplicitDependencyGeneratePcm arm64 /var/folders/sk/1y78dckn1fbdyvwtdtdy76680000gn/T/nosfy-session-commit-s4q40rbr/DerivedData/ModuleCache.noindex/SwiftShims-2I6IZ2HOA4373RCNEZHG22MKM.pcm

SwiftExplicitDependencyGeneratePcm arm64 /var/folders/sk/1y78dckn1fbdyvwtdtdy76680000gn/T/nosfy-session-commit-s4q40rbr/DerivedData/ModuleCache.noindex/_AvailabilityInternal-CUTUSQV6ORO5YRSEGN45NCOO5.pcm

SwiftExplicitDependencyGeneratePcm arm64 /var/folders/sk/1y78dckn1fbdyvwtdtdy76680000gn/T/nosfy-session-commit-s4q40rbr/DerivedData/ModuleCache.noindex/DeveloperToolsSupport-6QMSLBUDW29EOIG1WHZRRPY6J.pcm

SwiftExplicitDependencyGeneratePcm arm64 /var/folders/sk/1y78dckn1fbdyvwtdtdy76680000gn/T/nosfy-session-commit-s4q40rbr/DerivedData/ModuleCache.noindex/_Builtin_stdbool-EZEUELGFE7T635W9Q3K2C61G9.pcm

SwiftExplicitDependencyGeneratePcm arm64 /var/folders/sk/1y78dckn1fbdyvwtdtdy76680000gn/T/nosfy-session-commit-s4q40rbr/DerivedData/ModuleCache.noindex/_DarwinFoundation1-8EL5N8YISIAQ4WRJ5NE0QTT0H.pcm

SwiftExplicitDependencyGeneratePcm arm64 /var/folders/sk/1y78dckn1fbdyvwtdtdy76680000gn/T/nosfy-session-commit-s4q40rbr/DerivedData/ModuleCache.noindex/ExtensionFoundation-8C4VBOLW1UX6RSRUU0YD75DX5.pcm

SwiftExplicitDependencyGeneratePcm arm64 /var/folders/sk/1y78dckn1fbdyvwtdtdy76680000gn/T/nosfy-session-commit-s4q40rbr/DerivedData/ModuleCache.noindex/_Builtin_limits-14GTWGYNJFZDWMMB8KXFPH3NQ.pcm

SwiftExplicitDependencyGeneratePcm arm64 /var/folders/sk/1y78dckn1fbdyvwtdtdy76680000gn/T/nosfy-session-commit-s4q40rbr/DerivedData/ModuleCache.noindex/_DarwinFoundation2-9PZDWIHG0U0SVS3S1CEFBGP4W.pcm

SwiftExplicitDependencyGeneratePcm arm64 /var/folders/sk/1y78dckn1fbdyvwtdtdy76680000gn/T/nosfy-session-commit-s4q40rbr/DerivedData/ModuleCache.noindex/_Builtin_stdint-AQTOAW4Q9UVCYA468PIAO0OCQ.pcm

SwiftExplicitDependencyGeneratePcm arm64 /var/folders/sk/1y78dckn1fbdyvwtdtdy76680000gn/T/nosfy-session-commit-s4q40rbr/DerivedData/ModuleCache.noindex/_Builtin_tgmath-7EP6TW42NX53E7WBLJFGQA5ON.pcm

SwiftExplicitDependencyGeneratePcm arm64 /var/folders/sk/1y78dckn1fbdyvwtdtdy76680000gn/T/nosfy-session-commit-s4q40rbr/DerivedData/ModuleCache.noindex/sys_types-61GAMD6BJJEY9GNW69W3U51OV.pcm

SwiftExplicitDependencyGeneratePcm arm64 /var/folders/sk/1y78dckn1fbdyvwtdtdy76680000gn/T/nosfy-session-commit-s4q40rbr/DerivedData/ModuleCache.noindex/_DarwinFoundation3-6G3LDQJUAJ0TU0GQ06A0DDYS3.pcm

SwiftExplicitDependencyGeneratePcm arm64 /var/folders/sk/1y78dckn1fbdyvwtdtdy76680000gn/T/nosfy-session-commit-s4q40rbr/DerivedData/ModuleCache.noindex/_Builtin_intrinsics-8ZSFPSHD2027ZDLT4BIR44U8V.pcm

SwiftExplicitDependencyGeneratePcm arm64 /var/folders/sk/1y78dckn1fbdyvwtdtdy76680000gn/T/nosfy-session-commit-s4q40rbr/DerivedData/ModuleCache.noindex/_Builtin_stdatomic-DOZBBPKUYBX06WMX4JS905W2N.pcm

SwiftExplicitDependencyGeneratePcm arm64 /var/folders/sk/1y78dckn1fbdyvwtdtdy76680000gn/T/nosfy-session-commit-s4q40rbr/DerivedData/ModuleCache.noindex/_Builtin_inttypes-9ID1BNWSX9PKFEFWJR5OO21BT.pcm

SwiftExplicitDependencyGeneratePcm arm64 /var/folders/sk/1y78dckn1fbdyvwtdtdy76680000gn/T/nosfy-session-commit-s4q40rbr/DerivedData/ModuleCache.noindex/Darwin-8P4Y53071EBO2YAQS8LJACF62.pcm

SwiftExplicitDependencyGeneratePcm arm64 /var/folders/sk/1y78dckn1fbdyvwtdtdy76680000gn/T/nosfy-session-commit-s4q40rbr/DerivedData/ModuleCache.noindex/simd-19PD4YRTYPAVI469MP7AO8X2A.pcm

SwiftExplicitDependencyGeneratePcm arm64 /var/folders/sk/1y78dckn1fbdyvwtdtdy76680000gn/T/nosfy-session-commit-s4q40rbr/DerivedData/ModuleCache.noindex/MachO-9DUH6CDZHBHT9ELQ3V6KX6V6.pcm

SwiftExplicitDependencyGeneratePcm arm64 /var/folders/sk/1y78dckn1fbdyvwtdtdy76680000gn/T/nosfy-session-commit-s4q40rbr/DerivedData/ModuleCache.noindex/ObjectiveC-F19X0IB28D7W3OPM1KR9NM50T.pcm

SwiftExplicitDependencyGeneratePcm arm64 /var/folders/sk/1y78dckn1fbdyvwtdtdy76680000gn/T/nosfy-session-commit-s4q40rbr/DerivedData/ModuleCache.noindex/os_object-60GALC68UZ03CL8OBB8835TW7.pcm

SwiftExplicitDependencyGeneratePcm arm64 /var/folders/sk/1y78dckn1fbdyvwtdtdy76680000gn/T/nosfy-session-commit-s4q40rbr/DerivedData/ModuleCache.noindex/os_workgroup-CNSO7F7WF6N39EYU9C3X1SLEV.pcm

SwiftExplicitDependencyGeneratePcm arm64 /var/folders/sk/1y78dckn1fbdyvwtdtdy76680000gn/T/nosfy-session-commit-s4q40rbr/DerivedData/ModuleCache.noindex/Spatial-5WCS9WUIC7DLH9I3BI1M8BHYZ.pcm

SwiftExplicitDependencyGeneratePcm arm64 /var/folders/sk/1y78dckn1fbdyvwtdtdy76680000gn/T/nosfy-session-commit-s4q40rbr/DerivedData/ModuleCache.noindex/Dispatch-AV0Y7WQOMJ0WVJ6ZFL3AGA52V.pcm

SwiftExplicitDependencyGeneratePcm arm64 /var/folders/sk/1y78dckn1fbdyvwtdtdy76680000gn/T/nosfy-session-commit-s4q40rbr/DerivedData/ModuleCache.noindex/dnssd-6JMC40T4UWIHWY9W6TGIZR1DZ.pcm

SwiftExplicitDependencyGeneratePcm arm64 /var/folders/sk/1y78dckn1fbdyvwtdtdy76680000gn/T/nosfy-session-commit-s4q40rbr/DerivedData/ModuleCache.noindex/CoreFoundation-6J8SXTIQ5OGEZDJB1N76YC42D.pcm

SwiftExplicitDependencyGeneratePcm arm64 /var/folders/sk/1y78dckn1fbdyvwtdtdy76680000gn/T/nosfy-session-commit-s4q40rbr/DerivedData/ModuleCache.noindex/XPC-2AYSFKBZ5GGNVQIBYRWRWGO7S.pcm

SwiftExplicitDependencyGeneratePcm arm64 /var/folders/sk/1y78dckn1fbdyvwtdtdy76680000gn/T/nosfy-session-commit-s4q40rbr/DerivedData/ModuleCache.noindex/os-9UJTFTA1TQGF9XJ65SGNEF7RY.pcm

SwiftExplicitDependencyGeneratePcm arm64 /var/folders/sk/1y78dckn1fbdyvwtdtdy76680000gn/T/nosfy-session-commit-s4q40rbr/DerivedData/ModuleCache.noindex/Security-BAAP6LVUKBNSDQAW5IA1LCEO8.pcm

SwiftExplicitDependencyGeneratePcm arm64 /var/folders/sk/1y78dckn1fbdyvwtdtdy76680000gn/T/nosfy-session-commit-s4q40rbr/DerivedData/ModuleCache.noindex/CFNetwork-8HJJHP7W0BK7YVXOOAZIVN1I5.pcm

SwiftExplicitDependencyGeneratePcm arm64 /var/folders/sk/1y78dckn1fbdyvwtdtdy76680000gn/T/nosfy-session-commit-s4q40rbr/DerivedData/ModuleCache.noindex/CoreGraphics-CZA6D0KOUCMJQ13QP41O4FZZI.pcm

SwiftExplicitDependencyGeneratePcm arm64 /var/folders/sk/1y78dckn1fbdyvwtdtdy76680000gn/T/nosfy-session-commit-s4q40rbr/DerivedData/ModuleCache.noindex/Foundation-8E6LW1XB2APE6BLEJT1BHLG4X.pcm

SwiftExplicitDependencyGeneratePcm arm64 /var/folders/sk/1y78dckn1fbdyvwtdtdy76680000gn/T/nosfy-session-commit-s4q40rbr/DerivedData/ModuleCache.noindex/CoreText-LKMZWZT92O8DBTA064VPBD7B.pcm

SwiftExplicitDependencyGeneratePcm arm64 /var/folders/sk/1y78dckn1fbdyvwtdtdy76680000gn/T/nosfy-session-commit-s4q40rbr/DerivedData/ModuleCache.noindex/ImageIO-344YJZYTCUV9XILUNC71M5MCP.pcm

SwiftExplicitDependencyGeneratePcm arm64 /var/folders/sk/1y78dckn1fbdyvwtdtdy76680000gn/T/nosfy-session-commit-s4q40rbr/DerivedData/ModuleCache.noindex/CoreData-5ROUDNC1GHAKQS39LUNFFJYFC.pcm

SwiftExplicitDependencyGeneratePcm arm64 /var/folders/sk/1y78dckn1fbdyvwtdtdy76680000gn/T/nosfy-session-commit-s4q40rbr/DerivedData/ModuleCache.noindex/RelevanceKit-2YRMU8ITL4TR9CBIMR57YKPLO.pcm

SwiftExplicitDependencyGeneratePcm arm64 /var/folders/sk/1y78dckn1fbdyvwtdtdy76680000gn/T/nosfy-session-commit-s4q40rbr/DerivedData/ModuleCache.noindex/AppIntents-F4QPCKWOZQRFPH5X518EZI5ZX.pcm

SwiftExplicitDependencyGeneratePcm arm64 /var/folders/sk/1y78dckn1fbdyvwtdtdy76680000gn/T/nosfy-session-commit-s4q40rbr/DerivedData/ModuleCache.noindex/CoreTransferable-B14S6P9QY2PE1O6CX1HJDK1RR.pcm

SwiftExplicitDependencyGeneratePcm arm64 /var/folders/sk/1y78dckn1fbdyvwtdtdy76680000gn/T/nosfy-session-commit-s4q40rbr/DerivedData/ModuleCache.noindex/UniformTypeIdentifiers-8NLEAX0MZPSKNVAPESKQ9FLK0.pcm

SwiftExplicitDependencyGeneratePcm arm64 /var/folders/sk/1y78dckn1fbdyvwtdtdy76680000gn/T/nosfy-session-commit-s4q40rbr/DerivedData/ModuleCache.noindex/Accessibility-95XM5BIGSVAGEVXCCG9B7HTGW.pcm

SwiftExplicitDependencyGeneratePcm arm64 /var/folders/sk/1y78dckn1fbdyvwtdtdy76680000gn/T/nosfy-session-commit-s4q40rbr/DerivedData/ModuleCache.noindex/Symbols-1GJKVGRZTRXZELIIW0IC8QVVC.pcm

SwiftExplicitDependencyGeneratePcm arm64 /var/folders/sk/1y78dckn1fbdyvwtdtdy76680000gn/T/nosfy-session-commit-s4q40rbr/DerivedData/ModuleCache.noindex/_LocationEssentials-2P5MMUHMPI04A6DE3080LCMYS.pcm

SwiftExplicitDependencyGeneratePcm arm64 /var/folders/sk/1y78dckn1fbdyvwtdtdy76680000gn/T/nosfy-session-commit-s4q40rbr/DerivedData/ModuleCache.noindex/Network-5F20V8ER9HTIGKEJQOTEF9PBC.pcm

SwiftExplicitDependencyGeneratePcm arm64 /var/folders/sk/1y78dckn1fbdyvwtdtdy76680000gn/T/nosfy-session-commit-s4q40rbr/DerivedData/ModuleCache.noindex/DataDetection-9CBKKEG5ZISYZR1G5D0QXORC6.pcm

SwiftExplicitDependencyGeneratePcm arm64 /var/folders/sk/1y78dckn1fbdyvwtdtdy76680000gn/T/nosfy-session-commit-s4q40rbr/DerivedData/ModuleCache.noindex/OpenGLES-F0CAXUOCUJGRCLZP96Y1OXAKQ.pcm

SwiftExplicitDependencyGeneratePcm arm64 /var/folders/sk/1y78dckn1fbdyvwtdtdy76680000gn/T/nosfy-session-commit-s4q40rbr/DerivedData/ModuleCache.noindex/UserNotifications-6D0MCTCL3674UGPX2AFZSVOU7.pcm

SwiftExplicitDependencyGeneratePcm arm64 /var/folders/sk/1y78dckn1fbdyvwtdtdy76680000gn/T/nosfy-session-commit-s4q40rbr/DerivedData/ModuleCache.noindex/FileProvider-6TPZ50C6G08LLIHS2HIG9V5OE.pcm

SwiftExplicitDependencyGeneratePcm arm64 /var/folders/sk/1y78dckn1fbdyvwtdtdy76680000gn/T/nosfy-session-commit-s4q40rbr/DerivedData/ModuleCache.noindex/CoreLocation-5KDMKET5LI3QT6Z04EZRQ8FL6.pcm

SwiftExplicitDependencyGeneratePcm arm64 /var/folders/sk/1y78dckn1fbdyvwtdtdy76680000gn/T/nosfy-session-commit-s4q40rbr/DerivedData/ModuleCache.noindex/UIUtilities-25NOYEEADXBRAGT13BKL5YVZ5.pcm

SwiftExplicitDependencyGeneratePcm arm64 /var/folders/sk/1y78dckn1fbdyvwtdtdy76680000gn/T/nosfy-session-commit-s4q40rbr/DerivedData/ModuleCache.noindex/OSLog-3SWAS5IC1H4645U2LKK281WH2.pcm

SwiftExplicitDependencyGeneratePcm arm64 /var/folders/sk/1y78dckn1fbdyvwtdtdy76680000gn/T/nosfy-session-commit-s4q40rbr/DerivedData/ModuleCache.noindex/WidgetKit-BQP4WOIT3PAL47MGOQ46KICAC.pcm

SwiftExplicitDependencyGeneratePcm arm64 /var/folders/sk/1y78dckn1fbdyvwtdtdy76680000gn/T/nosfy-session-commit-s4q40rbr/DerivedData/ModuleCache.noindex/IOSurface-5MIVPKBT34AHIH6QUZELGET8T.pcm

SwiftExplicitDependencyGeneratePcm arm64 /var/folders/sk/1y78dckn1fbdyvwtdtdy76680000gn/T/nosfy-session-commit-s4q40rbr/DerivedData/ModuleCache.noindex/CoreSpotlight-EGN1DRTCOVF60PREKUNA27H4F.pcm

SwiftExplicitDependencyGeneratePcm arm64 /var/folders/sk/1y78dckn1fbdyvwtdtdy76680000gn/T/nosfy-session-commit-s4q40rbr/DerivedData/ModuleCache.noindex/Intents-A6XIYXS8QJYPFABNSAZD7WIT1.pcm

SwiftExplicitDependencyGeneratePcm arm64 /var/folders/sk/1y78dckn1fbdyvwtdtdy76680000gn/T/nosfy-session-commit-s4q40rbr/DerivedData/ModuleCache.noindex/Metal-7B9K13CVYE1HJI4XQII3B9KGF.pcm

SwiftExplicitDependencyGeneratePcm arm64 /var/folders/sk/1y78dckn1fbdyvwtdtdy76680000gn/T/nosfy-session-commit-s4q40rbr/DerivedData/ModuleCache.noindex/CoreVideo-DTY1KRM2POCDBMUNJMCXBX3G8.pcm

SwiftExplicitDependencyGeneratePcm arm64 /var/folders/sk/1y78dckn1fbdyvwtdtdy76680000gn/T/nosfy-session-commit-s4q40rbr/DerivedData/ModuleCache.noindex/CoreImage-7GUF2JN0K028QQX2XDK01CM4T.pcm

SwiftExplicitDependencyGeneratePcm arm64 /var/folders/sk/1y78dckn1fbdyvwtdtdy76680000gn/T/nosfy-session-commit-s4q40rbr/DerivedData/ModuleCache.noindex/QuartzCore-44VIV7EV9ZKIXBS855743STP5.pcm

SwiftExplicitDependencyGeneratePcm arm64 /var/folders/sk/1y78dckn1fbdyvwtdtdy76680000gn/T/nosfy-session-commit-s4q40rbr/DerivedData/ModuleCache.noindex/SwiftUICore-AIHUAT9IS62M60KFQU9KA760I.pcm

SwiftExplicitDependencyGeneratePcm arm64 /var/folders/sk/1y78dckn1fbdyvwtdtdy76680000gn/T/nosfy-session-commit-s4q40rbr/DerivedData/ModuleCache.noindex/UIKit-CJCLRKGK2CI02MN9B0H5Y81QW.pcm

SwiftExplicitDependencyGeneratePcm arm64 /var/folders/sk/1y78dckn1fbdyvwtdtdy76680000gn/T/nosfy-session-commit-s4q40rbr/DerivedData/ModuleCache.noindex/SwiftUI-5Y68N2I52DA96VUHMSVNFYYS9.pcm

SwiftEmitModule normal arm64 Emitting\ module\ for\ NosfyWidgets (in target 'NosfyWidgets' from project 'Nosfy')

EmitSwiftModule normal arm64 (in target 'NosfyWidgets' from project 'Nosfy')
    cd /var/folders/sk/1y78dckn1fbdyvwtdtdy76680000gn/T/nosfy-session-commit-s4q40rbr/travail
    

SwiftCompile normal arm64 Compiling\ GeneratedAssetSymbols.swift /var/folders/sk/1y78dckn1fbdyvwtdtdy76680000gn/T/nosfy-session-commit-s4q40rbr/DerivedData/Build/Intermediates.noindex/Nosfy.build/Debug-iphonesimulator/NosfyWidgets.build/DerivedSources/GeneratedAssetSymbols.swift (in target 'NosfyWidgets' from project 'Nosfy')

SwiftCompile normal arm64 /var/folders/sk/1y78dckn1fbdyvwtdtdy76680000gn/T/nosfy-session-commit-s4q40rbr/DerivedData/Build/Intermediates.noindex/Nosfy.build/Debug-iphonesimulator/NosfyWidgets.build/DerivedSources/GeneratedAssetSymbols.swift (in target 'NosfyWidgets' from project 'Nosfy')
    cd /var/folders/sk/1y78dckn1fbdyvwtdtdy76680000gn/T/nosfy-session-commit-s4q40rbr/travail
    

SwiftCompile normal arm64 Compiling\ ProgressComet.swift /var/folders/sk/1y78dckn1fbdyvwtdtdy76680000gn/T/nosfy-session-commit-s4q40rbr/travail/NosfyShared/ProgressComet.swift (in target 'NosfyWidgets' from project 'Nosfy')
SwiftCompile normal arm64 /var/folders/sk/1y78dckn1fbdyvwtdtdy76680000gn/T/nosfy-session-commit-s4q40rbr/travail/NosfyShared/ProgressComet.swift (in target 'NosfyWidgets' from project 'Nosfy')
    cd /var/folders/sk/1y78dckn1fbdyvwtdtdy76680000gn/T/nosfy-session-commit-s4q40rbr/travail
    

SwiftCompile normal arm64 Compiling\ WorkoutLiveCard.swift /var/folders/sk/1y78dckn1fbdyvwtdtdy76680000gn/T/nosfy-session-commit-s4q40rbr/travail/NosfyShared/WorkoutLiveCard.swift (in target 'NosfyWidgets' from project 'Nosfy')
SwiftCompile normal arm64 /var/folders/sk/1y78dckn1fbdyvwtdtdy76680000gn/T/nosfy-session-commit-s4q40rbr/travail/NosfyShared/WorkoutLiveCard.swift (in target 'NosfyWidgets' from project 'Nosfy')
    cd /var/folders/sk/1y78dckn1fbdyvwtdtdy76680000gn/T/nosfy-session-commit-s4q40rbr/travail
    

SwiftCompile normal arm64 Compiling\ WorkoutLiveFocus.swift /var/folders/sk/1y78dckn1fbdyvwtdtdy76680000gn/T/nosfy-session-commit-s4q40rbr/travail/NosfyShared/WorkoutLiveFocus.swift (in target 'NosfyWidgets' from project 'Nosfy')

SwiftCompile normal arm64 /var/folders/sk/1y78dckn1fbdyvwtdtdy76680000gn/T/nosfy-session-commit-s4q40rbr/travail/NosfyShared/WorkoutLiveFocus.swift (in target 'NosfyWidgets' from project 'Nosfy')
    cd /var/folders/sk/1y78dckn1fbdyvwtdtdy76680000gn/T/nosfy-session-commit-s4q40rbr/travail
    

SwiftCompile normal arm64 Compiling\ WorkoutLiveActivity.swift /var/folders/sk/1y78dckn1fbdyvwtdtdy76680000gn/T/nosfy-session-commit-s4q40rbr/travail/NosfyWidgets/WorkoutLiveActivity.swift (in target 'NosfyWidgets' from project 'Nosfy')
SwiftCompile normal arm64 /var/folders/sk/1y78dckn1fbdyvwtdtdy76680000gn/T/nosfy-session-commit-s4q40rbr/travail/NosfyWidgets/WorkoutLiveActivity.swift (in target 'NosfyWidgets' from project 'Nosfy')
    cd /var/folders/sk/1y78dckn1fbdyvwtdtdy76680000gn/T/nosfy-session-commit-s4q40rbr/travail
    

SwiftCompile normal arm64 Compiling\ ImpGlyph.swift /var/folders/sk/1y78dckn1fbdyvwtdtdy76680000gn/T/nosfy-session-commit-s4q40rbr/travail/NosfyShared/ImpGlyph.swift (in target 'NosfyWidgets' from project 'Nosfy')

SwiftCompile normal arm64 /var/folders/sk/1y78dckn1fbdyvwtdtdy76680000gn/T/nosfy-session-commit-s4q40rbr/travail/NosfyShared/ImpGlyph.swift (in target 'NosfyWidgets' from project 'Nosfy')
    cd /var/folders/sk/1y78dckn1fbdyvwtdtdy76680000gn/T/nosfy-session-commit-s4q40rbr/travail
    

SwiftCompile normal arm64 Compiling\ NosfyWidgetsBundle.swift /var/folders/sk/1y78dckn1fbdyvwtdtdy76680000gn/T/nosfy-session-commit-s4q40rbr/travail/NosfyWidgets/NosfyWidgetsBundle.swift (in target 'NosfyWidgets' from project 'Nosfy')

SwiftCompile normal arm64 /var/folders/sk/1y78dckn1fbdyvwtdtdy76680000gn/T/nosfy-session-commit-s4q40rbr/travail/NosfyWidgets/NosfyWidgetsBundle.swift (in target 'NosfyWidgets' from project 'Nosfy')
    cd /var/folders/sk/1y78dckn1fbdyvwtdtdy76680000gn/T/nosfy-session-commit-s4q40rbr/travail
    

SwiftCompile normal arm64 Compiling\ WorkoutActivity.swift /var/folders/sk/1y78dckn1fbdyvwtdtdy76680000gn/T/nosfy-session-commit-s4q40rbr/travail/NosfyShared/WorkoutActivity.swift (in target 'NosfyWidgets' from project 'Nosfy')

SwiftCompile normal arm64 /var/folders/sk/1y78dckn1fbdyvwtdtdy76680000gn/T/nosfy-session-commit-s4q40rbr/travail/NosfyShared/WorkoutActivity.swift (in target 'NosfyWidgets' from project 'Nosfy')
    cd /var/folders/sk/1y78dckn1fbdyvwtdtdy76680000gn/T/nosfy-session-commit-s4q40rbr/travail
    

SwiftCompile normal arm64 Compiling\ MoonGlyph.swift /var/folders/sk/1y78dckn1fbdyvwtdtdy76680000gn/T/nosfy-session-commit-s4q40rbr/travail/NosfyShared/MoonGlyph.swift (in target 'NosfyWidgets' from project 'Nosfy')

SwiftCompile normal arm64 /var/folders/sk/1y78dckn1fbdyvwtdtdy76680000gn/T/nosfy-session-commit-s4q40rbr/travail/NosfyShared/MoonGlyph.swift (in target 'NosfyWidgets' from project 'Nosfy')
    cd /var/folders/sk/1y78dckn1fbdyvwtdtdy76680000gn/T/nosfy-session-commit-s4q40rbr/travail
    

SwiftDriverJobDiscovery normal arm64 Emitting module for NosfyWidgets (in target 'NosfyWidgets' from project 'Nosfy')

SwiftDriver\ Compilation\ Requirements NosfyWidgets normal arm64 com.apple.xcode.tools.swift.compiler (in target 'NosfyWidgets' from project 'Nosfy')
    cd /var/folders/sk/1y78dckn1fbdyvwtdtdy76680000gn/T/nosfy-session-commit-s4q40rbr/travail
    builtin-Swift-Compilation-Requirements -- /Applications/Xcode.app/Contents/Developer/Toolchains/XcodeDefault.xctoolchain/usr/bin/swiftc -module-name NosfyWidgets -Onone @/var/folders/sk/1y78dckn1fbdyvwtdtdy76680000gn/T/nosfy-session-commit-s4q40rbr/DerivedData/Build/Intermediates.noindex/Nosfy.build/Debug-iphonesimulator/NosfyWidgets.build/Objects-normal/arm64/NosfyWidgets.SwiftFileList -DDEBUG -enable-bare-slash-regex -enable-experimental-feature DebugDescriptionMacro -sdk /Applications/Xcode.app/Contents/Developer/Platforms/iPhoneSimulator.platform/Developer/SDKs/iPhoneSimulator26.5.sdk -target arm64-apple-ios26.0-simulator -g -module-cache-path /var/folders/sk/1y78dckn1fbdyvwtdtdy76680000gn/T/nosfy-session-commit-s4q40rbr/DerivedData/ModuleCache.noindex -Xfrontend -serialize-debugging-options -application-extension -enable-testing -index-store-path /var/folders/sk/1y78dckn1fbdyvwtdtdy76680000gn/T/nosfy-session-commit-s4q40rbr/DerivedData/Index.noindex/DataStore -Xcc -D_LIBCPP_HARDENING_MODE\=_LIBCPP_HARDENING_MODE_DEBUG -swift-version 5 -I /var/folders/sk/1y78dckn1fbdyvwtdtdy76680000gn/T/nosfy-session-commit-s4q40rbr/DerivedData/Build/Products/Debug-iphonesimulator -F /var/folders/sk/1y78dckn1fbdyvwtdtdy76680000gn/T/nosfy-session-commit-s4q40rbr/DerivedData/Build/Products/Debug-iphonesimulator -emit-localized-strings -emit-localized-strings-path /var/folders/sk/1y78dckn1fbdyvwtdtdy76680000gn/T/nosfy-session-commit-s4q40rbr/DerivedData/Build/Intermediates.noindex/Nosfy.build/Debug-iphonesimulator/NosfyWidgets.build/Objects-normal/arm64 -c -j10 -enable-batch-mode -incremental -Xcc -ivfsstatcache -Xcc /var/folders/sk/1y78dckn1fbdyvwtdtdy76680000gn/T/nosfy-session-commit-s4q40rbr/DerivedData/SDKStatCaches.noindex/iphonesimulator26.5-23F73-688ef53f1462e2c8f657fdc38a81448f6cfe768891a92b912361537c460fe42b.sdkstatcache -output-file-map /var/folders/sk/1y78dckn1fbdyvwtdtdy76680000gn/T/nosfy-session-commit-s4q40rbr/DerivedData/Build/Intermediates.noindex/Nosfy.build/Debug-iphonesimulator/NosfyWidgets.build/Objects-normal/arm64/NosfyWidgets-OutputFileMap.json -use-frontend-parseable-output -save-temps -no-color-diagnostics -explicit-module-build -module-cache-path /var/folders/sk/1y78dckn1fbdyvwtdtdy76680000gn/T/nosfy-session-commit-s4q40rbr/DerivedData/Build/Intermediates.noindex/SwiftExplicitPrecompiledModules -clang-scanner-module-cache-path /var/folders/sk/1y78dckn1fbdyvwtdtdy76680000gn/T/nosfy-session-commit-s4q40rbr/DerivedData/ModuleCache.noindex -sdk-module-cache-path /var/folders/sk/1y78dckn1fbdyvwtdtdy76680000gn/T/nosfy-session-commit-s4q40rbr/DerivedData/ModuleCache.noindex -serialize-diagnostics -emit-dependencies -emit-module -emit-module-path /var/folders/sk/1y78dckn1fbdyvwtdtdy76680000gn/T/nosfy-session-commit-s4q40rbr/DerivedData/Build/Intermediates.noindex/Nosfy.build/Debug-iphonesimulator/NosfyWidgets.build/Objects-normal/arm64/NosfyWidgets.swiftmodule -validate-clang-modules-once -clang-build-session-file /var/folders/sk/1y78dckn1fbdyvwtdtdy76680000gn/T/nosfy-session-commit-s4q40rbr/DerivedData/ModuleCache.noindex/Session.modulevalidation -Xcc -I/var/folders/sk/1y78dckn1fbdyvwtdtdy76680000gn/T/nosfy-session-commit-s4q40rbr/DerivedData/Build/Intermediates.noindex/Nosfy.build/Debug-iphonesimulator/NosfyWidgets.build/swift-overrides.hmap -emit-const-values -Xfrontend -const-gather-protocols-file -Xfrontend /var/folders/sk/1y78dckn1fbdyvwtdtdy76680000gn/T/nosfy-session-commit-s4q40rbr/DerivedData/Build/Intermediates.noindex/Nosfy.build/Debug-iphonesimulator/NosfyWidgets.build/Objects-normal/arm64/NosfyWidgets_const_extract_protocols.json -Xcc -iquote -Xcc /var/folders/sk/1y78dckn1fbdyvwtdtdy76680000gn/T/nosfy-session-commit-s4q40rbr/DerivedData/Build/Intermediates.noindex/Nosfy.build/Debug-iphonesimulator/NosfyWidgets.build/NosfyWidgets-generated-files.hmap -Xcc -I/var/folders/sk/1y78dckn1fbdyvwtdtdy76680000gn/T/nosfy-session-commit-s4q40rbr/DerivedData/Build/Intermediates.noindex/Nosfy.build/Debug-iphonesimulator/NosfyWidgets.build/NosfyWidgets-own-target-headers.hmap -Xcc -I/var/folders/sk/1y78dckn1fbdyvwtdtdy76680000gn/T/nosfy-session-commit-s4q40rbr/DerivedData/Build/Intermediates.noindex/Nosfy.build/Debug-iphonesimulator/NosfyWidgets.build/NosfyWidgets-all-target-headers.hmap -Xcc -iquote -Xcc /var/folders/sk/1y78dckn1fbdyvwtdtdy76680000gn/T/nosfy-session-commit-s4q40rbr/DerivedData/Build/Intermediates.noindex/Nosfy.build/Debug-iphonesimulator/NosfyWidgets.build/NosfyWidgets-project-headers.hmap -Xcc -I/var/folders/sk/1y78dckn1fbdyvwtdtdy76680000gn/T/nosfy-session-commit-s4q40rbr/DerivedData/Build/Products/Debug-iphonesimulator/include -Xcc -I/var/folders/sk/1y78dckn1fbdyvwtdtdy76680000gn/T/nosfy-session-commit-s4q40rbr/DerivedData/Build/Intermediates.noindex/Nosfy.build/Debug-iphonesimulator/NosfyWidgets.build/DerivedSources-normal/arm64 -Xcc -I/var/folders/sk/1y78dckn1fbdyvwtdtdy76680000gn/T/nosfy-session-commit-s4q40rbr/DerivedData/Build/Intermediates.noindex/Nosfy.build/Debug-iphonesimulator/NosfyWidgets.build/DerivedSources/arm64 -Xcc -I/var/folders/sk/1y78dckn1fbdyvwtdtdy76680000gn/T/nosfy-session-commit-s4q40rbr/DerivedData/Build/Intermediates.noindex/Nosfy.build/Debug-iphonesimulator/NosfyWidgets.build/DerivedSources -Xcc -DDEBUG\=1 -emit-objc-header -emit-objc-header-path /var/folders/sk/1y78dckn1fbdyvwtdtdy76680000gn/T/nosfy-session-commit-s4q40rbr/DerivedData/Build/Intermediates.noindex/Nosfy.build/Debug-iphonesimulator/NosfyWidgets.build/Objects-normal/arm64/NosfyWidgets-Swift.h -working-directory /var/folders/sk/1y78dckn1fbdyvwtdtdy76680000gn/T/nosfy-session-commit-s4q40rbr/travail -experimental-emit-module-separately -disable-cmo

SwiftDriverJobDiscovery normal arm64 Compiling WorkoutActivity.swift (in target 'NosfyWidgets' from project 'Nosfy')

SwiftMergeGeneratedHeaders /var/folders/sk/1y78dckn1fbdyvwtdtdy76680000gn/T/nosfy-session-commit-s4q40rbr/DerivedData/Build/Intermediates.noindex/Nosfy.build/Debug-iphonesimulator/NosfyWidgets.build/DerivedSources/NosfyWidgets-Swift.h /var/folders/sk/1y78dckn1fbdyvwtdtdy76680000gn/T/nosfy-session-commit-s4q40rbr/DerivedData/Build/Intermediates.noindex/Nosfy.build/Debug-iphonesimulator/NosfyWidgets.build/Objects-normal/arm64/NosfyWidgets-Swift.h (in target 'NosfyWidgets' from project 'Nosfy')
    cd /var/folders/sk/1y78dckn1fbdyvwtdtdy76680000gn/T/nosfy-session-commit-s4q40rbr/travail
    builtin-swiftHeaderTool -arch arm64 /var/folders/sk/1y78dckn1fbdyvwtdtdy76680000gn/T/nosfy-session-commit-s4q40rbr/DerivedData/Build/Intermediates.noindex/Nosfy.build/Debug-iphonesimulator/NosfyWidgets.build/Objects-normal/arm64/NosfyWidgets-Swift.h -o /var/folders/sk/1y78dckn1fbdyvwtdtdy76680000gn/T/nosfy-session-commit-s4q40rbr/DerivedData/Build/Intermediates.noindex/Nosfy.build/Debug-iphonesimulator/NosfyWidgets.build/DerivedSources/NosfyWidgets-Swift.h

Copy /var/folders/sk/1y78dckn1fbdyvwtdtdy76680000gn/T/nosfy-session-commit-s4q40rbr/DerivedData/Build/Products/Debug-iphonesimulator/NosfyWidgets.swiftmodule/arm64-apple-ios-simulator.swiftmodule /var/folders/sk/1y78dckn1fbdyvwtdtdy76680000gn/T/nosfy-session-commit-s4q40rbr/DerivedData/Build/Intermediates.noindex/Nosfy.build/Debug-iphonesimulator/NosfyWidgets.build/Objects-normal/arm64/NosfyWidgets.swiftmodule (in target 'NosfyWidgets' from project 'Nosfy')
    cd /var/folders/sk/1y78dckn1fbdyvwtdtdy76680000gn/T/nosfy-session-commit-s4q40rbr/travail
    builtin-copy -exclude .DS_Store -exclude CVS -exclude .svn -exclude .git -exclude .hg -resolve-src-symlinks -rename /var/folders/sk/1y78dckn1fbdyvwtdtdy76680000gn/T/nosfy-session-commit-s4q40rbr/DerivedData/Build/Intermediates.noindex/Nosfy.build/Debug-iphonesimulator/NosfyWidgets.build/Objects-normal/arm64/NosfyWidgets.swiftmodule /var/folders/sk/1y78dckn1fbdyvwtdtdy76680000gn/T/nosfy-session-commit-s4q40rbr/DerivedData/Build/Products/Debug-iphonesimulator/NosfyWidgets.swiftmodule/arm64-apple-ios-simulator.swiftmodule

Copy /var/folders/sk/1y78dckn1fbdyvwtdtdy76680000gn/T/nosfy-session-commit-s4q40rbr/DerivedData/Build/Products/Debug-iphonesimulator/NosfyWidgets.swiftmodule/arm64-apple-ios-simulator.swiftdoc /var/folders/sk/1y78dckn1fbdyvwtdtdy76680000gn/T/nosfy-session-commit-s4q40rbr/DerivedData/Build/Intermediates.noindex/Nosfy.build/Debug-iphonesimulator/NosfyWidgets.build/Objects-normal/arm64/NosfyWidgets.swiftdoc (in target 'NosfyWidgets' from project 'Nosfy')
    cd /var/folders/sk/1y78dckn1fbdyvwtdtdy76680000gn/T/nosfy-session-commit-s4q40rbr/travail
    builtin-copy -exclude .DS_Store -exclude CVS -exclude .svn -exclude .git -exclude .hg -resolve-src-symlinks -rename /var/folders/sk/1y78dckn1fbdyvwtdtdy76680000gn/T/nosfy-session-commit-s4q40rbr/DerivedData/Build/Intermediates.noindex/Nosfy.build/Debug-iphonesimulator/NosfyWidgets.build/Objects-normal/arm64/NosfyWidgets.swiftdoc /var/folders/sk/1y78dckn1fbdyvwtdtdy76680000gn/T/nosfy-session-commit-s4q40rbr/DerivedData/Build/Products/Debug-iphonesimulator/NosfyWidgets.swiftmodule/arm64-apple-ios-simulator.swiftdoc

Copy /var/folders/sk/1y78dckn1fbdyvwtdtdy76680000gn/T/nosfy-session-commit-s4q40rbr/DerivedData/Build/Products/Debug-iphonesimulator/NosfyWidgets.swiftmodule/arm64-apple-ios-simulator.abi.json /var/folders/sk/1y78dckn1fbdyvwtdtdy76680000gn/T/nosfy-session-commit-s4q40rbr/DerivedData/Build/Intermediates.noindex/Nosfy.build/Debug-iphonesimulator/NosfyWidgets.build/Objects-normal/arm64/NosfyWidgets.abi.json (in target 'NosfyWidgets' from project 'Nosfy')
    cd /var/folders/sk/1y78dckn1fbdyvwtdtdy76680000gn/T/nosfy-session-commit-s4q40rbr/travail
    builtin-copy -exclude .DS_Store -exclude CVS -exclude .svn -exclude .git -exclude .hg -resolve-src-symlinks -rename /var/folders/sk/1y78dckn1fbdyvwtdtdy76680000gn/T/nosfy-session-commit-s4q40rbr/DerivedData/Build/Intermediates.noindex/Nosfy.build/Debug-iphonesimulator/NosfyWidgets.build/Objects-normal/arm64/NosfyWidgets.abi.json /var/folders/sk/1y78dckn1fbdyvwtdtdy76680000gn/T/nosfy-session-commit-s4q40rbr/DerivedData/Build/Products/Debug-iphonesimulator/NosfyWidgets.swiftmodule/arm64-apple-ios-simulator.abi.json

Copy /var/folders/sk/1y78dckn1fbdyvwtdtdy76680000gn/T/nosfy-session-commit-s4q40rbr/DerivedData/Build/Products/Debug-iphonesimulator/NosfyWidgets.swiftmodule/Project/arm64-apple-ios-simulator.swiftsourceinfo /var/folders/sk/1y78dckn1fbdyvwtdtdy76680000gn/T/nosfy-session-commit-s4q40rbr/DerivedData/Build/Intermediates.noindex/Nosfy.build/Debug-iphonesimulator/NosfyWidgets.build/Objects-normal/arm64/NosfyWidgets.swiftsourceinfo (in target 'NosfyWidgets' from project 'Nosfy')
    cd /var/folders/sk/1y78dckn1fbdyvwtdtdy76680000gn/T/nosfy-session-commit-s4q40rbr/travail
    builtin-copy -exclude .DS_Store -exclude CVS -exclude .svn -exclude .git -exclude .hg -resolve-src-symlinks -rename /var/folders/sk/1y78dckn1fbdyvwtdtdy76680000gn/T/nosfy-session-commit-s4q40rbr/DerivedData/Build/Intermediates.noindex/Nosfy.build/Debug-iphonesimulator/NosfyWidgets.build/Objects-normal/arm64/NosfyWidgets.swiftsourceinfo /var/folders/sk/1y78dckn1fbdyvwtdtdy76680000gn/T/nosfy-session-commit-s4q40rbr/DerivedData/Build/Products/Debug-iphonesimulator/NosfyWidgets.swiftmodule/Project/arm64-apple-ios-simulator.swiftsourceinfo

MkDir /var/folders/sk/1y78dckn1fbdyvwtdtdy76680000gn/T/nosfy-session-commit-s4q40rbr/DerivedData/Build/Intermediates.noindex/Nosfy.build/Debug-iphonesimulator/Nosfy.build/assetcatalog_output/unthinned (in target 'Nosfy' from project 'Nosfy')
    cd /var/folders/sk/1y78dckn1fbdyvwtdtdy76680000gn/T/nosfy-session-commit-s4q40rbr/travail
    /bin/mkdir -p /var/folders/sk/1y78dckn1fbdyvwtdtdy76680000gn/T/nosfy-session-commit-s4q40rbr/DerivedData/Build/Intermediates.noindex/Nosfy.build/Debug-iphonesimulator/Nosfy.build/assetcatalog_output/unthinned

MkDir /var/folders/sk/1y78dckn1fbdyvwtdtdy76680000gn/T/nosfy-session-commit-s4q40rbr/DerivedData/Build/Intermediates.noindex/Nosfy.build/Debug-iphonesimulator/Nosfy.build/assetcatalog_output/thinned (in target 'Nosfy' from project 'Nosfy')
    cd /var/folders/sk/1y78dckn1fbdyvwtdtdy76680000gn/T/nosfy-session-commit-s4q40rbr/travail
    /bin/mkdir -p /var/folders/sk/1y78dckn1fbdyvwtdtdy76680000gn/T/nosfy-session-commit-s4q40rbr/DerivedData/Build/Intermediates.noindex/Nosfy.build/Debug-iphonesimulator/Nosfy.build/assetcatalog_output/thinned

SwiftDriverJobDiscovery normal arm64 Compiling GeneratedAssetSymbols.swift (in target 'NosfyWidgets' from project 'Nosfy')

GenerateAssetSymbols /var/folders/sk/1y78dckn1fbdyvwtdtdy76680000gn/T/nosfy-session-commit-s4q40rbr/travail/NosfyShared/LiveAssets.xcassets /var/folders/sk/1y78dckn1fbdyvwtdtdy76680000gn/T/nosfy-session-commit-s4q40rbr/travail/Nosfy/AppIcon.icon /var/folders/sk/1y78dckn1fbdyvwtdtdy76680000gn/T/nosfy-session-commit-s4q40rbr/travail/Nosfy/Assets.xcassets (in target 'Nosfy' from project 'Nosfy')
    cd /var/folders/sk/1y78dckn1fbdyvwtdtdy76680000gn/T/nosfy-session-commit-s4q40rbr/travail
    /Applications/Xcode.app/Contents/Developer/usr/bin/actool /var/folders/sk/1y78dckn1fbdyvwtdtdy76680000gn/T/nosfy-session-commit-s4q40rbr/travail/NosfyShared/LiveAssets.xcassets /var/folders/sk/1y78dckn1fbdyvwtdtdy76680000gn/T/nosfy-session-commit-s4q40rbr/travail/Nosfy/AppIcon.icon /var/folders/sk/1y78dckn1fbdyvwtdtdy76680000gn/T/nosfy-session-commit-s4q40rbr/travail/Nosfy/Assets.xcassets --compile /var/folders/sk/1y78dckn1fbdyvwtdtdy76680000gn/T/nosfy-session-commit-s4q40rbr/DerivedData/Build/Products/Debug-iphonesimulator/Nosfy.app --output-format human-readable-text --notices --warnings --export-dependency-info /var/folders/sk/1y78dckn1fbdyvwtdtdy76680000gn/T/nosfy-session-commit-s4q40rbr/DerivedData/Build/Intermediates.noindex/Nosfy.build/Debug-iphonesimulator/Nosfy.build/assetcatalog_dependencies --output-partial-info-plist /var/folders/sk/1y78dckn1fbdyvwtdtdy76680000gn/T/nosfy-session-commit-s4q40rbr/DerivedData/Build/Intermediates.noindex/Nosfy.build/Debug-iphonesimulator/Nosfy.build/assetcatalog_generated_info.plist --app-icon AppIcon --accent-color AccentColor --compress-pngs --enable-on-demand-resources YES --development-region fr --target-device iphone --minimum-deployment-target 26.0 --platform iphonesimulator --bundle-identifier fr.kathryn.woop --generate-swift-asset-symbol-extensions NO --generate-swift-asset-symbols /var/folders/sk/1y78dckn1fbdyvwtdtdy76680000gn/T/nosfy-session-commit-s4q40rbr/DerivedData/Build/Intermediates.noindex/Nosfy.build/Debug-iphonesimulator/Nosfy.build/DerivedSources/GeneratedAssetSymbols.swift --generate-objc-asset-symbols /var/folders/sk/1y78dckn1fbdyvwtdtdy76680000gn/T/nosfy-session-commit-s4q40rbr/DerivedData/Build/Intermediates.noindex/Nosfy.build/Debug-iphonesimulator/Nosfy.build/DerivedSources/GeneratedAssetSymbols.h --generate-asset-symbol-index /var/folders/sk/1y78dckn1fbdyvwtdtdy76680000gn/T/nosfy-session-commit-s4q40rbr/DerivedData/Build/Intermediates.noindex/Nosfy.build/Debug-iphonesimulator/Nosfy.build/DerivedSources/GeneratedAssetSymbols-Index.plist
/* com.apple.actool.compilation-results */
/var/folders/sk/1y78dckn1fbdyvwtdtdy76680000gn/T/nosfy-session-commit-s4q40rbr/DerivedData/Build/Intermediates.noindex/Nosfy.build/Debug-iphonesimulator/Nosfy.build/DerivedSources/GeneratedAssetSymbols-Index.plist
/var/folders/sk/1y78dckn1fbdyvwtdtdy76680000gn/T/nosfy-session-commit-s4q40rbr/DerivedData/Build/Intermediates.noindex/Nosfy.build/Debug-iphonesimulator/Nosfy.build/DerivedSources/GeneratedAssetSymbols.h
/var/folders/sk/1y78dckn1fbdyvwtdtdy76680000gn/T/nosfy-session-commit-s4q40rbr/DerivedData/Build/Intermediates.noindex/Nosfy.build/Debug-iphonesimulator/Nosfy.build/DerivedSources/GeneratedAssetSymbols.swift


CompileMetalFile /var/folders/sk/1y78dckn1fbdyvwtdtdy76680000gn/T/nosfy-session-commit-s4q40rbr/travail/Nosfy/WahouAura.metal (in target 'Nosfy' from project 'Nosfy')
    cd /var/folders/sk/1y78dckn1fbdyvwtdtdy76680000gn/T/nosfy-session-commit-s4q40rbr/travail
    /var/run/com.apple.security.cryptexd/mnt/com.apple.MobileAsset.MetalToolchain-v17.6.42.0.BA5Ggr/Metal.xctoolchain/usr/bin/metal -c -target air64-apple-ios26.0-simulator -gline-tables-only -frecord-sources -I/var/folders/sk/1y78dckn1fbdyvwtdtdy76680000gn/T/nosfy-session-commit-s4q40rbr/DerivedData/Build/Products/Debug-iphonesimulator/include -F/var/folders/sk/1y78dckn1fbdyvwtdtdy76680000gn/T/nosfy-session-commit-s4q40rbr/DerivedData/Build/Products/Debug-iphonesimulator -isysroot /Applications/Xcode.app/Contents/Developer/Platforms/iPhoneSimulator.platform/Developer/SDKs/iPhoneSimulator26.5.sdk -fmetal-math-mode\=fast -fmetal-math-fp32-functions\=fast -serialize-diagnostics /var/folders/sk/1y78dckn1fbdyvwtdtdy76680000gn/T/nosfy-session-commit-s4q40rbr/DerivedData/Build/Intermediates.noindex/Nosfy.build/Debug-iphonesimulator/Nosfy.build/Metal/WahouAura.dia -o /var/folders/sk/1y78dckn1fbdyvwtdtdy76680000gn/T/nosfy-session-commit-s4q40rbr/DerivedData/Build/Intermediates.noindex/Nosfy.build/Debug-iphonesimulator/Nosfy.build/Metal/WahouAura.air -index-store-path /var/folders/sk/1y78dckn1fbdyvwtdtdy76680000gn/T/nosfy-session-commit-s4q40rbr/DerivedData/Index.noindex/DataStore -MMD -MT dependencies -MF /var/folders/sk/1y78dckn1fbdyvwtdtdy76680000gn/T/nosfy-session-commit-s4q40rbr/DerivedData/Build/Intermediates.noindex/Nosfy.build/Debug-iphonesimulator/Nosfy.build/Metal/WahouAura.dat /var/folders/sk/1y78dckn1fbdyvwtdtdy76680000gn/T/nosfy-session-commit-s4q40rbr/travail/Nosfy/WahouAura.metal

CompileMetalFile /var/folders/sk/1y78dckn1fbdyvwtdtdy76680000gn/T/nosfy-session-commit-s4q40rbr/travail/Nosfy/VerreGalet.metal (in target 'Nosfy' from project 'Nosfy')
    cd /var/folders/sk/1y78dckn1fbdyvwtdtdy76680000gn/T/nosfy-session-commit-s4q40rbr/travail
    /var/run/com.apple.security.cryptexd/mnt/com.apple.MobileAsset.MetalToolchain-v17.6.42.0.BA5Ggr/Metal.xctoolchain/usr/bin/metal -c -target air64-apple-ios26.0-simulator -gline-tables-only -frecord-sources -I/var/folders/sk/1y78dckn1fbdyvwtdtdy76680000gn/T/nosfy-session-commit-s4q40rbr/DerivedData/Build/Products/Debug-iphonesimulator/include -F/var/folders/sk/1y78dckn1fbdyvwtdtdy76680000gn/T/nosfy-session-commit-s4q40rbr/DerivedData/Build/Products/Debug-iphonesimulator -isysroot /Applications/Xcode.app/Contents/Developer/Platforms/iPhoneSimulator.platform/Developer/SDKs/iPhoneSimulator26.5.sdk -fmetal-math-mode\=fast -fmetal-math-fp32-functions\=fast -serialize-diagnostics /var/folders/sk/1y78dckn1fbdyvwtdtdy76680000gn/T/nosfy-session-commit-s4q40rbr/DerivedData/Build/Intermediates.noindex/Nosfy.build/Debug-iphonesimulator/Nosfy.build/Metal/VerreGalet.dia -o /var/folders/sk/1y78dckn1fbdyvwtdtdy76680000gn/T/nosfy-session-commit-s4q40rbr/DerivedData/Build/Intermediates.noindex/Nosfy.build/Debug-iphonesimulator/Nosfy.build/Metal/VerreGalet.air -index-store-path /var/folders/sk/1y78dckn1fbdyvwtdtdy76680000gn/T/nosfy-session-commit-s4q40rbr/DerivedData/Index.noindex/DataStore -MMD -MT dependencies -MF /var/folders/sk/1y78dckn1fbdyvwtdtdy76680000gn/T/nosfy-session-commit-s4q40rbr/DerivedData/Build/Intermediates.noindex/Nosfy.build/Debug-iphonesimulator/Nosfy.build/Metal/VerreGalet.dat /var/folders/sk/1y78dckn1fbdyvwtdtdy76680000gn/T/nosfy-session-commit-s4q40rbr/travail/Nosfy/VerreGalet.metal

SwiftDriverJobDiscovery normal arm64 Compiling WorkoutLiveFocus.swift (in target 'NosfyWidgets' from project 'Nosfy')

CompileMetalFile /var/folders/sk/1y78dckn1fbdyvwtdtdy76680000gn/T/nosfy-session-commit-s4q40rbr/travail/Nosfy/VerreCoulant.metal (in target 'Nosfy' from project 'Nosfy')
    cd /var/folders/sk/1y78dckn1fbdyvwtdtdy76680000gn/T/nosfy-session-commit-s4q40rbr/travail
    /var/run/com.apple.security.cryptexd/mnt/com.apple.MobileAsset.MetalToolchain-v17.6.42.0.BA5Ggr/Metal.xctoolchain/usr/bin/metal -c -target air64-apple-ios26.0-simulator -gline-tables-only -frecord-sources -I/var/folders/sk/1y78dckn1fbdyvwtdtdy76680000gn/T/nosfy-session-commit-s4q40rbr/DerivedData/Build/Products/Debug-iphonesimulator/include -F/var/folders/sk/1y78dckn1fbdyvwtdtdy76680000gn/T/nosfy-session-commit-s4q40rbr/DerivedData/Build/Products/Debug-iphonesimulator -isysroot /Applications/Xcode.app/Contents/Developer/Platforms/iPhoneSimulator.platform/Developer/SDKs/iPhoneSimulator26.5.sdk -fmetal-math-mode\=fast -fmetal-math-fp32-functions\=fast -serialize-diagnostics /var/folders/sk/1y78dckn1fbdyvwtdtdy76680000gn/T/nosfy-session-commit-s4q40rbr/DerivedData/Build/Intermediates.noindex/Nosfy.build/Debug-iphonesimulator/Nosfy.build/Metal/VerreCoulant-436520507507b34d781cfb4aa41ad7e5.dia -o /var/folders/sk/1y78dckn1fbdyvwtdtdy76680000gn/T/nosfy-session-commit-s4q40rbr/DerivedData/Build/Intermediates.noindex/Nosfy.build/Debug-iphonesimulator/Nosfy.build/Metal/VerreCoulant-436520507507b34d781cfb4aa41ad7e5.air -index-store-path /var/folders/sk/1y78dckn1fbdyvwtdtdy76680000gn/T/nosfy-session-commit-s4q40rbr/DerivedData/Index.noindex/DataStore -MMD -MT dependencies -MF /var/folders/sk/1y78dckn1fbdyvwtdtdy76680000gn/T/nosfy-session-commit-s4q40rbr/DerivedData/Build/Intermediates.noindex/Nosfy.build/Debug-iphonesimulator/Nosfy.build/Metal/VerreCoulant-436520507507b34d781cfb4aa41ad7e5.dat /var/folders/sk/1y78dckn1fbdyvwtdtdy76680000gn/T/nosfy-session-commit-s4q40rbr/travail/Nosfy/VerreCoulant.metal
/var/folders/sk/1y78dckn1fbdyvwtdtdy76680000gn/T/nosfy-session-commit-s4q40rbr/travail/Nosfy/VerreCoulant.metal:138:11: warning: unused variable 'swell' [-Wunused-variable]
    float swell = 1.0 + 0.050 * sin(t * 6.2832 / 8.7)
          ^
1 warning generated.

CompileMetalFile /var/folders/sk/1y78dckn1fbdyvwtdtdy76680000gn/T/nosfy-session-commit-s4q40rbr/travail/Nosfy/TreasureBadge.metal (in target 'Nosfy' from project 'Nosfy')
    cd /var/folders/sk/1y78dckn1fbdyvwtdtdy76680000gn/T/nosfy-session-commit-s4q40rbr/travail
    /var/run/com.apple.security.cryptexd/mnt/com.apple.MobileAsset.MetalToolchain-v17.6.42.0.BA5Ggr/Metal.xctoolchain/usr/bin/metal -c -target air64-apple-ios26.0-simulator -gline-tables-only -frecord-sources -I/var/folders/sk/1y78dckn1fbdyvwtdtdy76680000gn/T/nosfy-session-commit-s4q40rbr/DerivedData/Build/Products/Debug-iphonesimulator/include -F/var/folders/sk/1y78dckn1fbdyvwtdtdy76680000gn/T/nosfy-session-commit-s4q40rbr/DerivedData/Build/Products/Debug-iphonesimulator -isysroot /Applications/Xcode.app/Contents/Developer/Platforms/iPhoneSimulator.platform/Developer/SDKs/iPhoneSimulator26.5.sdk -fmetal-math-mode\=fast -fmetal-math-fp32-functions\=fast -serialize-diagnostics /var/folders/sk/1y78dckn1fbdyvwtdtdy76680000gn/T/nosfy-session-commit-s4q40rbr/DerivedData/Build/Intermediates.noindex/Nosfy.build/Debug-iphonesimulator/Nosfy.build/Metal/TreasureBadge.dia -o /var/folders/sk/1y78dckn1fbdyvwtdtdy76680000gn/T/nosfy-session-commit-s4q40rbr/DerivedData/Build/Intermediates.noindex/Nosfy.build/Debug-iphonesimulator/Nosfy.build/Metal/TreasureBadge.air -index-store-path /var/folders/sk/1y78dckn1fbdyvwtdtdy76680000gn/T/nosfy-session-commit-s4q40rbr/DerivedData/Index.noindex/DataStore -MMD -MT dependencies -MF /var/folders/sk/1y78dckn1fbdyvwtdtdy76680000gn/T/nosfy-session-commit-s4q40rbr/DerivedData/Build/Intermediates.noindex/Nosfy.build/Debug-iphonesimulator/Nosfy.build/Metal/TreasureBadge.dat /var/folders/sk/1y78dckn1fbdyvwtdtdy76680000gn/T/nosfy-session-commit-s4q40rbr/travail/Nosfy/TreasureBadge.metal

LinkAssetCatalog /var/folders/sk/1y78dckn1fbdyvwtdtdy76680000gn/T/nosfy-session-commit-s4q40rbr/travail/NosfyShared/LiveAssets.xcassets (in target 'NosfyWidgets' from project 'Nosfy')
    cd /var/folders/sk/1y78dckn1fbdyvwtdtdy76680000gn/T/nosfy-session-commit-s4q40rbr/travail
    builtin-linkAssetCatalog --thinned /var/folders/sk/1y78dckn1fbdyvwtdtdy76680000gn/T/nosfy-session-commit-s4q40rbr/DerivedData/Build/Intermediates.noindex/Nosfy.build/Debug-iphonesimulator/NosfyWidgets.build/assetcatalog_output/thinned --thinned-dependencies /var/folders/sk/1y78dckn1fbdyvwtdtdy76680000gn/T/nosfy-session-commit-s4q40rbr/DerivedData/Build/Intermediates.noindex/Nosfy.build/Debug-iphonesimulator/NosfyWidgets.build/assetcatalog_dependencies_thinned --thinned-info-plist-content /var/folders/sk/1y78dckn1fbdyvwtdtdy76680000gn/T/nosfy-session-commit-s4q40rbr/DerivedData/Build/Intermediates.noindex/Nosfy.build/Debug-iphonesimulator/NosfyWidgets.build/assetcatalog_generated_info.plist_thinned --unthinned /var/folders/sk/1y78dckn1fbdyvwtdtdy76680000gn/T/nosfy-session-commit-s4q40rbr/DerivedData/Build/Intermediates.noindex/Nosfy.build/Debug-iphonesimulator/NosfyWidgets.build/assetcatalog_output/unthinned --unthinned-dependencies /var/folders/sk/1y78dckn1fbdyvwtdtdy76680000gn/T/nosfy-session-commit-s4q40rbr/DerivedData/Build/Intermediates.noindex/Nosfy.build/Debug-iphonesimulator/NosfyWidgets.build/assetcatalog_dependencies_unthinned --unthinned-info-plist-content /var/folders/sk/1y78dckn1fbdyvwtdtdy76680000gn/T/nosfy-session-commit-s4q40rbr/DerivedData/Build/Intermediates.noindex/Nosfy.build/Debug-iphonesimulator/NosfyWidgets.build/assetcatalog_generated_info.plist_unthinned --output /var/folders/sk/1y78dckn1fbdyvwtdtdy76680000gn/T/nosfy-session-commit-s4q40rbr/DerivedData/Build/Products/Debug-iphonesimulator/NosfyWidgets.appex --plist-output /var/folders/sk/1y78dckn1fbdyvwtdtdy76680000gn/T/nosfy-session-commit-s4q40rbr/DerivedData/Build/Intermediates.noindex/Nosfy.build/Debug-iphonesimulator/NosfyWidgets.build/assetcatalog_generated_info.plist
note: Emplaced /var/folders/sk/1y78dckn1fbdyvwtdtdy76680000gn/T/nosfy-session-commit-s4q40rbr/DerivedData/Build/Products/Debug-iphonesimulator/NosfyWidgets.appex/Assets.car (in target 'NosfyWidgets' from project 'Nosfy')

CompileMetalFile /var/folders/sk/1y78dckn1fbdyvwtdtdy76680000gn/T/nosfy-session-commit-s4q40rbr/travail/Nosfy/PorteCaresse.metal (in target 'Nosfy' from project 'Nosfy')
    cd /var/folders/sk/1y78dckn1fbdyvwtdtdy76680000gn/T/nosfy-session-commit-s4q40rbr/travail
    /var/run/com.apple.security.cryptexd/mnt/com.apple.MobileAsset.MetalToolchain-v17.6.42.0.BA5Ggr/Metal.xctoolchain/usr/bin/metal -c -target air64-apple-ios26.0-simulator -gline-tables-only -frecord-sources -I/var/folders/sk/1y78dckn1fbdyvwtdtdy76680000gn/T/nosfy-session-commit-s4q40rbr/DerivedData/Build/Products/Debug-iphonesimulator/include -F/var/folders/sk/1y78dckn1fbdyvwtdtdy76680000gn/T/nosfy-session-commit-s4q40rbr/DerivedData/Build/Products/Debug-iphonesimulator -isysroot /Applications/Xcode.app/Contents/Developer/Platforms/iPhoneSimulator.platform/Developer/SDKs/iPhoneSimulator26.5.sdk -fmetal-math-mode\=fast -fmetal-math-fp32-functions\=fast -serialize-diagnostics /var/folders/sk/1y78dckn1fbdyvwtdtdy76680000gn/T/nosfy-session-commit-s4q40rbr/DerivedData/Build/Intermediates.noindex/Nosfy.build/Debug-iphonesimulator/Nosfy.build/Metal/PorteCaresse.dia -o /var/folders/sk/1y78dckn1fbdyvwtdtdy76680000gn/T/nosfy-session-commit-s4q40rbr/DerivedData/Build/Intermediates.noindex/Nosfy.build/Debug-iphonesimulator/Nosfy.build/Metal/PorteCaresse.air -index-store-path /var/folders/sk/1y78dckn1fbdyvwtdtdy76680000gn/T/nosfy-session-commit-s4q40rbr/DerivedData/Index.noindex/DataStore -MMD -MT dependencies -MF /var/folders/sk/1y78dckn1fbdyvwtdtdy76680000gn/T/nosfy-session-commit-s4q40rbr/DerivedData/Build/Intermediates.noindex/Nosfy.build/Debug-iphonesimulator/Nosfy.build/Metal/PorteCaresse.dat /var/folders/sk/1y78dckn1fbdyvwtdtdy76680000gn/T/nosfy-session-commit-s4q40rbr/travail/Nosfy/PorteCaresse.metal

CompileMetalFile /var/folders/sk/1y78dckn1fbdyvwtdtdy76680000gn/T/nosfy-session-commit-s4q40rbr/travail/Nosfy/PieceVerre.metal (in target 'Nosfy' from project 'Nosfy')
    cd /var/folders/sk/1y78dckn1fbdyvwtdtdy76680000gn/T/nosfy-session-commit-s4q40rbr/travail
    /var/run/com.apple.security.cryptexd/mnt/com.apple.MobileAsset.MetalToolchain-v17.6.42.0.BA5Ggr/Metal.xctoolchain/usr/bin/metal -c -target air64-apple-ios26.0-simulator -gline-tables-only -frecord-sources -I/var/folders/sk/1y78dckn1fbdyvwtdtdy76680000gn/T/nosfy-session-commit-s4q40rbr/DerivedData/Build/Products/Debug-iphonesimulator/include -F/var/folders/sk/1y78dckn1fbdyvwtdtdy76680000gn/T/nosfy-session-commit-s4q40rbr/DerivedData/Build/Products/Debug-iphonesimulator -isysroot /Applications/Xcode.app/Contents/Developer/Platforms/iPhoneSimulator.platform/Developer/SDKs/iPhoneSimulator26.5.sdk -fmetal-math-mode\=fast -fmetal-math-fp32-functions\=fast -serialize-diagnostics /var/folders/sk/1y78dckn1fbdyvwtdtdy76680000gn/T/nosfy-session-commit-s4q40rbr/DerivedData/Build/Intermediates.noindex/Nosfy.build/Debug-iphonesimulator/Nosfy.build/Metal/PieceVerre.dia -o /var/folders/sk/1y78dckn1fbdyvwtdtdy76680000gn/T/nosfy-session-commit-s4q40rbr/DerivedData/Build/Intermediates.noindex/Nosfy.build/Debug-iphonesimulator/Nosfy.build/Metal/PieceVerre.air -index-store-path /var/folders/sk/1y78dckn1fbdyvwtdtdy76680000gn/T/nosfy-session-commit-s4q40rbr/DerivedData/Index.noindex/DataStore -MMD -MT dependencies -MF /var/folders/sk/1y78dckn1fbdyvwtdtdy76680000gn/T/nosfy-session-commit-s4q40rbr/DerivedData/Build/Intermediates.noindex/Nosfy.build/Debug-iphonesimulator/Nosfy.build/Metal/PieceVerre.dat /var/folders/sk/1y78dckn1fbdyvwtdtdy76680000gn/T/nosfy-session-commit-s4q40rbr/travail/Nosfy/PieceVerre.metal

CompileMetalFile /var/folders/sk/1y78dckn1fbdyvwtdtdy76680000gn/T/nosfy-session-commit-s4q40rbr/travail/Nosfy/PebbleDust.metal (in target 'Nosfy' from project 'Nosfy')
    cd /var/folders/sk/1y78dckn1fbdyvwtdtdy76680000gn/T/nosfy-session-commit-s4q40rbr/travail
    /var/run/com.apple.security.cryptexd/mnt/com.apple.MobileAsset.MetalToolchain-v17.6.42.0.BA5Ggr/Metal.xctoolchain/usr/bin/metal -c -target air64-apple-ios26.0-simulator -gline-tables-only -frecord-sources -I/var/folders/sk/1y78dckn1fbdyvwtdtdy76680000gn/T/nosfy-session-commit-s4q40rbr/DerivedData/Build/Products/Debug-iphonesimulator/include -F/var/folders/sk/1y78dckn1fbdyvwtdtdy76680000gn/T/nosfy-session-commit-s4q40rbr/DerivedData/Build/Products/Debug-iphonesimulator -isysroot /Applications/Xcode.app/Contents/Developer/Platforms/iPhoneSimulator.platform/Developer/SDKs/iPhoneSimulator26.5.sdk -fmetal-math-mode\=fast -fmetal-math-fp32-functions\=fast -serialize-diagnostics /var/folders/sk/1y78dckn1fbdyvwtdtdy76680000gn/T/nosfy-session-commit-s4q40rbr/DerivedData/Build/Intermediates.noindex/Nosfy.build/Debug-iphonesimulator/Nosfy.build/Metal/PebbleDust.dia -o /var/folders/sk/1y78dckn1fbdyvwtdtdy76680000gn/T/nosfy-session-commit-s4q40rbr/DerivedData/Build/Intermediates.noindex/Nosfy.build/Debug-iphonesimulator/Nosfy.build/Metal/PebbleDust.air -index-store-path /var/folders/sk/1y78dckn1fbdyvwtdtdy76680000gn/T/nosfy-session-commit-s4q40rbr/DerivedData/Index.noindex/DataStore -MMD -MT dependencies -MF /var/folders/sk/1y78dckn1fbdyvwtdtdy76680000gn/T/nosfy-session-commit-s4q40rbr/DerivedData/Build/Intermediates.noindex/Nosfy.build/Debug-iphonesimulator/Nosfy.build/Metal/PebbleDust.dat /var/folders/sk/1y78dckn1fbdyvwtdtdy76680000gn/T/nosfy-session-commit-s4q40rbr/travail/Nosfy/PebbleDust.metal

CompileMetalFile /var/folders/sk/1y78dckn1fbdyvwtdtdy76680000gn/T/nosfy-session-commit-s4q40rbr/travail/Nosfy/ObsidianCard.metal (in target 'Nosfy' from project 'Nosfy')
    cd /var/folders/sk/1y78dckn1fbdyvwtdtdy76680000gn/T/nosfy-session-commit-s4q40rbr/travail
    /var/run/com.apple.security.cryptexd/mnt/com.apple.MobileAsset.MetalToolchain-v17.6.42.0.BA5Ggr/Metal.xctoolchain/usr/bin/metal -c -target air64-apple-ios26.0-simulator -gline-tables-only -frecord-sources -I/var/folders/sk/1y78dckn1fbdyvwtdtdy76680000gn/T/nosfy-session-commit-s4q40rbr/DerivedData/Build/Products/Debug-iphonesimulator/include -F/var/folders/sk/1y78dckn1fbdyvwtdtdy76680000gn/T/nosfy-session-commit-s4q40rbr/DerivedData/Build/Products/Debug-iphonesimulator -isysroot /Applications/Xcode.app/Contents/Developer/Platforms/iPhoneSimulator.platform/Developer/SDKs/iPhoneSimulator26.5.sdk -fmetal-math-mode\=fast -fmetal-math-fp32-functions\=fast -serialize-diagnostics /var/folders/sk/1y78dckn1fbdyvwtdtdy76680000gn/T/nosfy-session-commit-s4q40rbr/DerivedData/Build/Intermediates.noindex/Nosfy.build/Debug-iphonesimulator/Nosfy.build/Metal/ObsidianCard-b9fd9037b6d2c0dfdb2cb87409dc5093.dia -o /var/folders/sk/1y78dckn1fbdyvwtdtdy76680000gn/T/nosfy-session-commit-s4q40rbr/DerivedData/Build/Intermediates.noindex/Nosfy.build/Debug-iphonesimulator/Nosfy.build/Metal/ObsidianCard-b9fd9037b6d2c0dfdb2cb87409dc5093.air -index-store-path /var/folders/sk/1y78dckn1fbdyvwtdtdy76680000gn/T/nosfy-session-commit-s4q40rbr/DerivedData/Index.noindex/DataStore -MMD -MT dependencies -MF /var/folders/sk/1y78dckn1fbdyvwtdtdy76680000gn/T/nosfy-session-commit-s4q40rbr/DerivedData/Build/Intermediates.noindex/Nosfy.build/Debug-iphonesimulator/Nosfy.build/Metal/ObsidianCard-b9fd9037b6d2c0dfdb2cb87409dc5093.dat /var/folders/sk/1y78dckn1fbdyvwtdtdy76680000gn/T/nosfy-session-commit-s4q40rbr/travail/Nosfy/ObsidianCard.metal
/var/folders/sk/1y78dckn1fbdyvwtdtdy76680000gn/T/nosfy-session-commit-s4q40rbr/travail/Nosfy/ObsidianCard.metal:72:14: warning: unused function 'olobe' [-Wunused-function]
static float olobe(float2 p, float2 c, float2 s) {
             ^
/var/folders/sk/1y78dckn1fbdyvwtdtdy76680000gn/T/nosfy-session-commit-s4q40rbr/travail/Nosfy/ObsidianCard.metal:89:17: warning: unused variable 'kWarm' [-Wunused-const-variable]
constant float3 kWarm = float3(1.000, 0.456, 0.154);   // la source chaude
                ^
/var/folders/sk/1y78dckn1fbdyvwtdtdy76680000gn/T/nosfy-session-commit-s4q40rbr/travail/Nosfy/ObsidianCard.metal:97:17: warning: unused variable 'kRim' [-Wunused-const-variable]
constant float3 kRim  = float3(1.000, 0.600, 0.320);
                ^
3 warnings generated.

ProcessInfoPlistFile /var/folders/sk/1y78dckn1fbdyvwtdtdy76680000gn/T/nosfy-session-commit-s4q40rbr/DerivedData/Build/Products/Debug-iphonesimulator/NosfyWidgets.appex/Info.plist /var/folders/sk/1y78dckn1fbdyvwtdtdy76680000gn/T/nosfy-session-commit-s4q40rbr/travail/NosfyWidgets/Info.plist (in target 'NosfyWidgets' from project 'Nosfy')
    cd /var/folders/sk/1y78dckn1fbdyvwtdtdy76680000gn/T/nosfy-session-commit-s4q40rbr/travail
    builtin-infoPlistUtility /var/folders/sk/1y78dckn1fbdyvwtdtdy76680000gn/T/nosfy-session-commit-s4q40rbr/travail/NosfyWidgets/Info.plist -producttype com.apple.product-type.app-extension -expandbuildsettings -format binary -platform iphonesimulator -additionalcontentfile /var/folders/sk/1y78dckn1fbdyvwtdtdy76680000gn/T/nosfy-session-commit-s4q40rbr/DerivedData/Build/Intermediates.noindex/Nosfy.build/Debug-iphonesimulator/NosfyWidgets.build/assetcatalog_generated_info.plist -o /var/folders/sk/1y78dckn1fbdyvwtdtdy76680000gn/T/nosfy-session-commit-s4q40rbr/DerivedData/Build/Products/Debug-iphonesimulator/NosfyWidgets.appex/Info.plist

CompileMetalFile /var/folders/sk/1y78dckn1fbdyvwtdtdy76680000gn/T/nosfy-session-commit-s4q40rbr/travail/Nosfy/ObjectiveJewel.metal (in target 'Nosfy' from project 'Nosfy')
    cd /var/folders/sk/1y78dckn1fbdyvwtdtdy76680000gn/T/nosfy-session-commit-s4q40rbr/travail
    /var/run/com.apple.security.cryptexd/mnt/com.apple.MobileAsset.MetalToolchain-v17.6.42.0.BA5Ggr/Metal.xctoolchain/usr/bin/metal -c -target air64-apple-ios26.0-simulator -gline-tables-only -frecord-sources -I/var/folders/sk/1y78dckn1fbdyvwtdtdy76680000gn/T/nosfy-session-commit-s4q40rbr/DerivedData/Build/Products/Debug-iphonesimulator/include -F/var/folders/sk/1y78dckn1fbdyvwtdtdy76680000gn/T/nosfy-session-commit-s4q40rbr/DerivedData/Build/Products/Debug-iphonesimulator -isysroot /Applications/Xcode.app/Contents/Developer/Platforms/iPhoneSimulator.platform/Developer/SDKs/iPhoneSimulator26.5.sdk -fmetal-math-mode\=fast -fmetal-math-fp32-functions\=fast -serialize-diagnostics /var/folders/sk/1y78dckn1fbdyvwtdtdy76680000gn/T/nosfy-session-commit-s4q40rbr/DerivedData/Build/Intermediates.noindex/Nosfy.build/Debug-iphonesimulator/Nosfy.build/Metal/ObjectiveJewel.dia -o /var/folders/sk/1y78dckn1fbdyvwtdtdy76680000gn/T/nosfy-session-commit-s4q40rbr/DerivedData/Build/Intermediates.noindex/Nosfy.build/Debug-iphonesimulator/Nosfy.build/Metal/ObjectiveJewel.air -index-store-path /var/folders/sk/1y78dckn1fbdyvwtdtdy76680000gn/T/nosfy-session-commit-s4q40rbr/DerivedData/Index.noindex/DataStore -MMD -MT dependencies -MF /var/folders/sk/1y78dckn1fbdyvwtdtdy76680000gn/T/nosfy-session-commit-s4q40rbr/DerivedData/Build/Intermediates.noindex/Nosfy.build/Debug-iphonesimulator/Nosfy.build/Metal/ObjectiveJewel.dat /var/folders/sk/1y78dckn1fbdyvwtdtdy76680000gn/T/nosfy-session-commit-s4q40rbr/travail/Nosfy/ObjectiveJewel.metal

CompileMetalFile /var/folders/sk/1y78dckn1fbdyvwtdtdy76680000gn/T/nosfy-session-commit-s4q40rbr/travail/Nosfy/NeonPrimary.metal (in target 'Nosfy' from project 'Nosfy')
    cd /var/folders/sk/1y78dckn1fbdyvwtdtdy76680000gn/T/nosfy-session-commit-s4q40rbr/travail
    /var/run/com.apple.security.cryptexd/mnt/com.apple.MobileAsset.MetalToolchain-v17.6.42.0.BA5Ggr/Metal.xctoolchain/usr/bin/metal -c -target air64-apple-ios26.0-simulator -gline-tables-only -frecord-sources -I/var/folders/sk/1y78dckn1fbdyvwtdtdy76680000gn/T/nosfy-session-commit-s4q40rbr/DerivedData/Build/Products/Debug-iphonesimulator/include -F/var/folders/sk/1y78dckn1fbdyvwtdtdy76680000gn/T/nosfy-session-commit-s4q40rbr/DerivedData/Build/Products/Debug-iphonesimulator -isysroot /Applications/Xcode.app/Contents/Developer/Platforms/iPhoneSimulator.platform/Developer/SDKs/iPhoneSimulator26.5.sdk -fmetal-math-mode\=fast -fmetal-math-fp32-functions\=fast -serialize-diagnostics /var/folders/sk/1y78dckn1fbdyvwtdtdy76680000gn/T/nosfy-session-commit-s4q40rbr/DerivedData/Build/Intermediates.noindex/Nosfy.build/Debug-iphonesimulator/Nosfy.build/Metal/NeonPrimary.dia -o /var/folders/sk/1y78dckn1fbdyvwtdtdy76680000gn/T/nosfy-session-commit-s4q40rbr/DerivedData/Build/Intermediates.noindex/Nosfy.build/Debug-iphonesimulator/Nosfy.build/Metal/NeonPrimary.air -index-store-path /var/folders/sk/1y78dckn1fbdyvwtdtdy76680000gn/T/nosfy-session-commit-s4q40rbr/DerivedData/Index.noindex/DataStore -MMD -MT dependencies -MF /var/folders/sk/1y78dckn1fbdyvwtdtdy76680000gn/T/nosfy-session-commit-s4q40rbr/DerivedData/Build/Intermediates.noindex/Nosfy.build/Debug-iphonesimulator/Nosfy.build/Metal/NeonPrimary.dat /var/folders/sk/1y78dckn1fbdyvwtdtdy76680000gn/T/nosfy-session-commit-s4q40rbr/travail/Nosfy/NeonPrimary.metal

CompileMetalFile /var/folders/sk/1y78dckn1fbdyvwtdtdy76680000gn/T/nosfy-session-commit-s4q40rbr/travail/Nosfy/NebulaShaders.metal (in target 'Nosfy' from project 'Nosfy')
    cd /var/folders/sk/1y78dckn1fbdyvwtdtdy76680000gn/T/nosfy-session-commit-s4q40rbr/travail
    /var/run/com.apple.security.cryptexd/mnt/com.apple.MobileAsset.MetalToolchain-v17.6.42.0.BA5Ggr/Metal.xctoolchain/usr/bin/metal -c -target air64-apple-ios26.0-simulator -gline-tables-only -frecord-sources -I/var/folders/sk/1y78dckn1fbdyvwtdtdy76680000gn/T/nosfy-session-commit-s4q40rbr/DerivedData/Build/Products/Debug-iphonesimulator/include -F/var/folders/sk/1y78dckn1fbdyvwtdtdy76680000gn/T/nosfy-session-commit-s4q40rbr/DerivedData/Build/Products/Debug-iphonesimulator -isysroot /Applications/Xcode.app/Contents/Developer/Platforms/iPhoneSimulator.platform/Developer/SDKs/iPhoneSimulator26.5.sdk -fmetal-math-mode\=fast -fmetal-math-fp32-functions\=fast -serialize-diagnostics /var/folders/sk/1y78dckn1fbdyvwtdtdy76680000gn/T/nosfy-session-commit-s4q40rbr/DerivedData/Build/Intermediates.noindex/Nosfy.build/Debug-iphonesimulator/Nosfy.build/Metal/NebulaShaders.dia -o /var/folders/sk/1y78dckn1fbdyvwtdtdy76680000gn/T/nosfy-session-commit-s4q40rbr/DerivedData/Build/Intermediates.noindex/Nosfy.build/Debug-iphonesimulator/Nosfy.build/Metal/NebulaShaders.air -index-store-path /var/folders/sk/1y78dckn1fbdyvwtdtdy76680000gn/T/nosfy-session-commit-s4q40rbr/DerivedData/Index.noindex/DataStore -MMD -MT dependencies -MF /var/folders/sk/1y78dckn1fbdyvwtdtdy76680000gn/T/nosfy-session-commit-s4q40rbr/DerivedData/Build/Intermediates.noindex/Nosfy.build/Debug-iphonesimulator/Nosfy.build/Metal/NebulaShaders.dat /var/folders/sk/1y78dckn1fbdyvwtdtdy76680000gn/T/nosfy-session-commit-s4q40rbr/travail/Nosfy/NebulaShaders.metal

CompileMetalFile /var/folders/sk/1y78dckn1fbdyvwtdtdy76680000gn/T/nosfy-session-commit-s4q40rbr/travail/Nosfy/NavMonolith.metal (in target 'Nosfy' from project 'Nosfy')
    cd /var/folders/sk/1y78dckn1fbdyvwtdtdy76680000gn/T/nosfy-session-commit-s4q40rbr/travail
    /var/run/com.apple.security.cryptexd/mnt/com.apple.MobileAsset.MetalToolchain-v17.6.42.0.BA5Ggr/Metal.xctoolchain/usr/bin/metal -c -target air64-apple-ios26.0-simulator -gline-tables-only -frecord-sources -I/var/folders/sk/1y78dckn1fbdyvwtdtdy76680000gn/T/nosfy-session-commit-s4q40rbr/DerivedData/Build/Products/Debug-iphonesimulator/include -F/var/folders/sk/1y78dckn1fbdyvwtdtdy76680000gn/T/nosfy-session-commit-s4q40rbr/DerivedData/Build/Products/Debug-iphonesimulator -isysroot /Applications/Xcode.app/Contents/Developer/Platforms/iPhoneSimulator.platform/Developer/SDKs/iPhoneSimulator26.5.sdk -fmetal-math-mode\=fast -fmetal-math-fp32-functions\=fast -serialize-diagnostics /var/folders/sk/1y78dckn1fbdyvwtdtdy76680000gn/T/nosfy-session-commit-s4q40rbr/DerivedData/Build/Intermediates.noindex/Nosfy.build/Debug-iphonesimulator/Nosfy.build/Metal/NavMonolith.dia -o /var/folders/sk/1y78dckn1fbdyvwtdtdy76680000gn/T/nosfy-session-commit-s4q40rbr/DerivedData/Build/Intermediates.noindex/Nosfy.build/Debug-iphonesimulator/Nosfy.build/Metal/NavMonolith.air -index-store-path /var/folders/sk/1y78dckn1fbdyvwtdtdy76680000gn/T/nosfy-session-commit-s4q40rbr/DerivedData/Index.noindex/DataStore -MMD -MT dependencies -MF /var/folders/sk/1y78dckn1fbdyvwtdtdy76680000gn/T/nosfy-session-commit-s4q40rbr/DerivedData/Build/Intermediates.noindex/Nosfy.build/Debug-iphonesimulator/Nosfy.build/Metal/NavMonolith.dat /var/folders/sk/1y78dckn1fbdyvwtdtdy76680000gn/T/nosfy-session-commit-s4q40rbr/travail/Nosfy/NavMonolith.metal

SwiftDriverJobDiscovery normal arm64 Compiling ProgressComet.swift (in target 'NosfyWidgets' from project 'Nosfy')

CompileMetalFile /var/folders/sk/1y78dckn1fbdyvwtdtdy76680000gn/T/nosfy-session-commit-s4q40rbr/travail/Nosfy/MoonCoin.metal (in target 'Nosfy' from project 'Nosfy')
    cd /var/folders/sk/1y78dckn1fbdyvwtdtdy76680000gn/T/nosfy-session-commit-s4q40rbr/travail
    /var/run/com.apple.security.cryptexd/mnt/com.apple.MobileAsset.MetalToolchain-v17.6.42.0.BA5Ggr/Metal.xctoolchain/usr/bin/metal -c -target air64-apple-ios26.0-simulator -gline-tables-only -frecord-sources -I/var/folders/sk/1y78dckn1fbdyvwtdtdy76680000gn/T/nosfy-session-commit-s4q40rbr/DerivedData/Build/Products/Debug-iphonesimulator/include -F/var/folders/sk/1y78dckn1fbdyvwtdtdy76680000gn/T/nosfy-session-commit-s4q40rbr/DerivedData/Build/Products/Debug-iphonesimulator -isysroot /Applications/Xcode.app/Contents/Developer/Platforms/iPhoneSimulator.platform/Developer/SDKs/iPhoneSimulator26.5.sdk -fmetal-math-mode\=fast -fmetal-math-fp32-functions\=fast -serialize-diagnostics /var/folders/sk/1y78dckn1fbdyvwtdtdy76680000gn/T/nosfy-session-commit-s4q40rbr/DerivedData/Build/Intermediates.noindex/Nosfy.build/Debug-iphonesimulator/Nosfy.build/Metal/MoonCoin.dia -o /var/folders/sk/1y78dckn1fbdyvwtdtdy76680000gn/T/nosfy-session-commit-s4q40rbr/DerivedData/Build/Intermediates.noindex/Nosfy.build/Debug-iphonesimulator/Nosfy.build/Metal/MoonCoin.air -index-store-path /var/folders/sk/1y78dckn1fbdyvwtdtdy76680000gn/T/nosfy-session-commit-s4q40rbr/DerivedData/Index.noindex/DataStore -MMD -MT dependencies -MF /var/folders/sk/1y78dckn1fbdyvwtdtdy76680000gn/T/nosfy-session-commit-s4q40rbr/DerivedData/Build/Intermediates.noindex/Nosfy.build/Debug-iphonesimulator/Nosfy.build/Metal/MoonCoin.dat /var/folders/sk/1y78dckn1fbdyvwtdtdy76680000gn/T/nosfy-session-commit-s4q40rbr/travail/Nosfy/MoonCoin.metal

SwiftDriverJobDiscovery normal arm64 Compiling MoonGlyph.swift (in target 'NosfyWidgets' from project 'Nosfy')

CompileMetalFile /var/folders/sk/1y78dckn1fbdyvwtdtdy76680000gn/T/nosfy-session-commit-s4q40rbr/travail/Nosfy/LogoMonolith.metal (in target 'Nosfy' from project 'Nosfy')
    cd /var/folders/sk/1y78dckn1fbdyvwtdtdy76680000gn/T/nosfy-session-commit-s4q40rbr/travail
    /var/run/com.apple.security.cryptexd/mnt/com.apple.MobileAsset.MetalToolchain-v17.6.42.0.BA5Ggr/Metal.xctoolchain/usr/bin/metal -c -target air64-apple-ios26.0-simulator -gline-tables-only -frecord-sources -I/var/folders/sk/1y78dckn1fbdyvwtdtdy76680000gn/T/nosfy-session-commit-s4q40rbr/DerivedData/Build/Products/Debug-iphonesimulator/include -F/var/folders/sk/1y78dckn1fbdyvwtdtdy76680000gn/T/nosfy-session-commit-s4q40rbr/DerivedData/Build/Products/Debug-iphonesimulator -isysroot /Applications/Xcode.app/Contents/Developer/Platforms/iPhoneSimulator.platform/Developer/SDKs/iPhoneSimulator26.5.sdk -fmetal-math-mode\=fast -fmetal-math-fp32-functions\=fast -serialize-diagnostics /var/folders/sk/1y78dckn1fbdyvwtdtdy76680000gn/T/nosfy-session-commit-s4q40rbr/DerivedData/Build/Intermediates.noindex/Nosfy.build/Debug-iphonesimulator/Nosfy.build/Metal/LogoMonolith.dia -o /var/folders/sk/1y78dckn1fbdyvwtdtdy76680000gn/T/nosfy-session-commit-s4q40rbr/DerivedData/Build/Intermediates.noindex/Nosfy.build/Debug-iphonesimulator/Nosfy.build/Metal/LogoMonolith.air -index-store-path /var/folders/sk/1y78dckn1fbdyvwtdtdy76680000gn/T/nosfy-session-commit-s4q40rbr/DerivedData/Index.noindex/DataStore -MMD -MT dependencies -MF /var/folders/sk/1y78dckn1fbdyvwtdtdy76680000gn/T/nosfy-session-commit-s4q40rbr/DerivedData/Build/Intermediates.noindex/Nosfy.build/Debug-iphonesimulator/Nosfy.build/Metal/LogoMonolith.dat /var/folders/sk/1y78dckn1fbdyvwtdtdy76680000gn/T/nosfy-session-commit-s4q40rbr/travail/Nosfy/LogoMonolith.metal

CompileMetalFile /var/folders/sk/1y78dckn1fbdyvwtdtdy76680000gn/T/nosfy-session-commit-s4q40rbr/travail/Nosfy/LoginAurora.metal (in target 'Nosfy' from project 'Nosfy')
    cd /var/folders/sk/1y78dckn1fbdyvwtdtdy76680000gn/T/nosfy-session-commit-s4q40rbr/travail
    /var/run/com.apple.security.cryptexd/mnt/com.apple.MobileAsset.MetalToolchain-v17.6.42.0.BA5Ggr/Metal.xctoolchain/usr/bin/metal -c -target air64-apple-ios26.0-simulator -gline-tables-only -frecord-sources -I/var/folders/sk/1y78dckn1fbdyvwtdtdy76680000gn/T/nosfy-session-commit-s4q40rbr/DerivedData/Build/Products/Debug-iphonesimulator/include -F/var/folders/sk/1y78dckn1fbdyvwtdtdy76680000gn/T/nosfy-session-commit-s4q40rbr/DerivedData/Build/Products/Debug-iphonesimulator -isysroot /Applications/Xcode.app/Contents/Developer/Platforms/iPhoneSimulator.platform/Developer/SDKs/iPhoneSimulator26.5.sdk -fmetal-math-mode\=fast -fmetal-math-fp32-functions\=fast -serialize-diagnostics /var/folders/sk/1y78dckn1fbdyvwtdtdy76680000gn/T/nosfy-session-commit-s4q40rbr/DerivedData/Build/Intermediates.noindex/Nosfy.build/Debug-iphonesimulator/Nosfy.build/Metal/LoginAurora.dia -o /var/folders/sk/1y78dckn1fbdyvwtdtdy76680000gn/T/nosfy-session-commit-s4q40rbr/DerivedData/Build/Intermediates.noindex/Nosfy.build/Debug-iphonesimulator/Nosfy.build/Metal/LoginAurora.air -index-store-path /var/folders/sk/1y78dckn1fbdyvwtdtdy76680000gn/T/nosfy-session-commit-s4q40rbr/DerivedData/Index.noindex/DataStore -MMD -MT dependencies -MF /var/folders/sk/1y78dckn1fbdyvwtdtdy76680000gn/T/nosfy-session-commit-s4q40rbr/DerivedData/Build/Intermediates.noindex/Nosfy.build/Debug-iphonesimulator/Nosfy.build/Metal/LoginAurora.dat /var/folders/sk/1y78dckn1fbdyvwtdtdy76680000gn/T/nosfy-session-commit-s4q40rbr/travail/Nosfy/LoginAurora.metal

SwiftDriverJobDiscovery normal arm64 Compiling ImpGlyph.swift (in target 'NosfyWidgets' from project 'Nosfy')

CompileMetalFile /var/folders/sk/1y78dckn1fbdyvwtdtdy76680000gn/T/nosfy-session-commit-s4q40rbr/travail/Nosfy/LiquidLens.metal (in target 'Nosfy' from project 'Nosfy')
    cd /var/folders/sk/1y78dckn1fbdyvwtdtdy76680000gn/T/nosfy-session-commit-s4q40rbr/travail
    /var/run/com.apple.security.cryptexd/mnt/com.apple.MobileAsset.MetalToolchain-v17.6.42.0.BA5Ggr/Metal.xctoolchain/usr/bin/metal -c -target air64-apple-ios26.0-simulator -gline-tables-only -frecord-sources -I/var/folders/sk/1y78dckn1fbdyvwtdtdy76680000gn/T/nosfy-session-commit-s4q40rbr/DerivedData/Build/Products/Debug-iphonesimulator/include -F/var/folders/sk/1y78dckn1fbdyvwtdtdy76680000gn/T/nosfy-session-commit-s4q40rbr/DerivedData/Build/Products/Debug-iphonesimulator -isysroot /Applications/Xcode.app/Contents/Developer/Platforms/iPhoneSimulator.platform/Developer/SDKs/iPhoneSimulator26.5.sdk -fmetal-math-mode\=fast -fmetal-math-fp32-functions\=fast -serialize-diagnostics /var/folders/sk/1y78dckn1fbdyvwtdtdy76680000gn/T/nosfy-session-commit-s4q40rbr/DerivedData/Build/Intermediates.noindex/Nosfy.build/Debug-iphonesimulator/Nosfy.build/Metal/LiquidLens.dia -o /var/folders/sk/1y78dckn1fbdyvwtdtdy76680000gn/T/nosfy-session-commit-s4q40rbr/DerivedData/Build/Intermediates.noindex/Nosfy.build/Debug-iphonesimulator/Nosfy.build/Metal/LiquidLens.air -index-store-path /var/folders/sk/1y78dckn1fbdyvwtdtdy76680000gn/T/nosfy-session-commit-s4q40rbr/DerivedData/Index.noindex/DataStore -MMD -MT dependencies -MF /var/folders/sk/1y78dckn1fbdyvwtdtdy76680000gn/T/nosfy-session-commit-s4q40rbr/DerivedData/Build/Intermediates.noindex/Nosfy.build/Debug-iphonesimulator/Nosfy.build/Metal/LiquidLens.dat /var/folders/sk/1y78dckn1fbdyvwtdtdy76680000gn/T/nosfy-session-commit-s4q40rbr/travail/Nosfy/LiquidLens.metal

CompileMetalFile /var/folders/sk/1y78dckn1fbdyvwtdtdy76680000gn/T/nosfy-session-commit-s4q40rbr/travail/Nosfy/JaugeLacque.metal (in target 'Nosfy' from project 'Nosfy')
    cd /var/folders/sk/1y78dckn1fbdyvwtdtdy76680000gn/T/nosfy-session-commit-s4q40rbr/travail
    /var/run/com.apple.security.cryptexd/mnt/com.apple.MobileAsset.MetalToolchain-v17.6.42.0.BA5Ggr/Metal.xctoolchain/usr/bin/metal -c -target air64-apple-ios26.0-simulator -gline-tables-only -frecord-sources -I/var/folders/sk/1y78dckn1fbdyvwtdtdy76680000gn/T/nosfy-session-commit-s4q40rbr/DerivedData/Build/Products/Debug-iphonesimulator/include -F/var/folders/sk/1y78dckn1fbdyvwtdtdy76680000gn/T/nosfy-session-commit-s4q40rbr/DerivedData/Build/Products/Debug-iphonesimulator -isysroot /Applications/Xcode.app/Contents/Developer/Platforms/iPhoneSimulator.platform/Developer/SDKs/iPhoneSimulator26.5.sdk -fmetal-math-mode\=fast -fmetal-math-fp32-functions\=fast -serialize-diagnostics /var/folders/sk/1y78dckn1fbdyvwtdtdy76680000gn/T/nosfy-session-commit-s4q40rbr/DerivedData/Build/Intermediates.noindex/Nosfy.build/Debug-iphonesimulator/Nosfy.build/Metal/JaugeLacque.dia -o /var/folders/sk/1y78dckn1fbdyvwtdtdy76680000gn/T/nosfy-session-commit-s4q40rbr/DerivedData/Build/Intermediates.noindex/Nosfy.build/Debug-iphonesimulator/Nosfy.build/Metal/JaugeLacque.air -index-store-path /var/folders/sk/1y78dckn1fbdyvwtdtdy76680000gn/T/nosfy-session-commit-s4q40rbr/DerivedData/Index.noindex/DataStore -MMD -MT dependencies -MF /var/folders/sk/1y78dckn1fbdyvwtdtdy76680000gn/T/nosfy-session-commit-s4q40rbr/DerivedData/Build/Intermediates.noindex/Nosfy.build/Debug-iphonesimulator/Nosfy.build/Metal/JaugeLacque.dat /var/folders/sk/1y78dckn1fbdyvwtdtdy76680000gn/T/nosfy-session-commit-s4q40rbr/travail/Nosfy/JaugeLacque.metal

CompileMetalFile /var/folders/sk/1y78dckn1fbdyvwtdtdy76680000gn/T/nosfy-session-commit-s4q40rbr/travail/Nosfy/HomeNuit.metal (in target 'Nosfy' from project 'Nosfy')
    cd /var/folders/sk/1y78dckn1fbdyvwtdtdy76680000gn/T/nosfy-session-commit-s4q40rbr/travail
    /var/run/com.apple.security.cryptexd/mnt/com.apple.MobileAsset.MetalToolchain-v17.6.42.0.BA5Ggr/Metal.xctoolchain/usr/bin/metal -c -target air64-apple-ios26.0-simulator -gline-tables-only -frecord-sources -I/var/folders/sk/1y78dckn1fbdyvwtdtdy76680000gn/T/nosfy-session-commit-s4q40rbr/DerivedData/Build/Products/Debug-iphonesimulator/include -F/var/folders/sk/1y78dckn1fbdyvwtdtdy76680000gn/T/nosfy-session-commit-s4q40rbr/DerivedData/Build/Products/Debug-iphonesimulator -isysroot /Applications/Xcode.app/Contents/Developer/Platforms/iPhoneSimulator.platform/Developer/SDKs/iPhoneSimulator26.5.sdk -fmetal-math-mode\=fast -fmetal-math-fp32-functions\=fast -serialize-diagnostics /var/folders/sk/1y78dckn1fbdyvwtdtdy76680000gn/T/nosfy-session-commit-s4q40rbr/DerivedData/Build/Intermediates.noindex/Nosfy.build/Debug-iphonesimulator/Nosfy.build/Metal/HomeNuit-9850bc366ef46401998b69ad1a351f56.dia -o /var/folders/sk/1y78dckn1fbdyvwtdtdy76680000gn/T/nosfy-session-commit-s4q40rbr/DerivedData/Build/Intermediates.noindex/Nosfy.build/Debug-iphonesimulator/Nosfy.build/Metal/HomeNuit-9850bc366ef46401998b69ad1a351f56.air -index-store-path /var/folders/sk/1y78dckn1fbdyvwtdtdy76680000gn/T/nosfy-session-commit-s4q40rbr/DerivedData/Index.noindex/DataStore -MMD -MT dependencies -MF /var/folders/sk/1y78dckn1fbdyvwtdtdy76680000gn/T/nosfy-session-commit-s4q40rbr/DerivedData/Build/Intermediates.noindex/Nosfy.build/Debug-iphonesimulator/Nosfy.build/Metal/HomeNuit-9850bc366ef46401998b69ad1a351f56.dat /var/folders/sk/1y78dckn1fbdyvwtdtdy76680000gn/T/nosfy-session-commit-s4q40rbr/travail/Nosfy/HomeNuit.metal
/var/folders/sk/1y78dckn1fbdyvwtdtdy76680000gn/T/nosfy-session-commit-s4q40rbr/travail/Nosfy/HomeNuit.metal:41:17: warning: unused variable 'NR_BRAISE' [-Wunused-const-variable]
constant float3 NR_BRAISE = float3(1.00, 0.62, 0.24);
                ^
1 warning generated.

CompileMetalFile /var/folders/sk/1y78dckn1fbdyvwtdtdy76680000gn/T/nosfy-session-commit-s4q40rbr/travail/Nosfy/HaloDawn.metal (in target 'Nosfy' from project 'Nosfy')
    cd /var/folders/sk/1y78dckn1fbdyvwtdtdy76680000gn/T/nosfy-session-commit-s4q40rbr/travail
    /var/run/com.apple.security.cryptexd/mnt/com.apple.MobileAsset.MetalToolchain-v17.6.42.0.BA5Ggr/Metal.xctoolchain/usr/bin/metal -c -target air64-apple-ios26.0-simulator -gline-tables-only -frecord-sources -I/var/folders/sk/1y78dckn1fbdyvwtdtdy76680000gn/T/nosfy-session-commit-s4q40rbr/DerivedData/Build/Products/Debug-iphonesimulator/include -F/var/folders/sk/1y78dckn1fbdyvwtdtdy76680000gn/T/nosfy-session-commit-s4q40rbr/DerivedData/Build/Products/Debug-iphonesimulator -isysroot /Applications/Xcode.app/Contents/Developer/Platforms/iPhoneSimulator.platform/Developer/SDKs/iPhoneSimulator26.5.sdk -fmetal-math-mode\=fast -fmetal-math-fp32-functions\=fast -serialize-diagnostics /var/folders/sk/1y78dckn1fbdyvwtdtdy76680000gn/T/nosfy-session-commit-s4q40rbr/DerivedData/Build/Intermediates.noindex/Nosfy.build/Debug-iphonesimulator/Nosfy.build/Metal/HaloDawn.dia -o /var/folders/sk/1y78dckn1fbdyvwtdtdy76680000gn/T/nosfy-session-commit-s4q40rbr/DerivedData/Build/Intermediates.noindex/Nosfy.build/Debug-iphonesimulator/Nosfy.build/Metal/HaloDawn.air -index-store-path /var/folders/sk/1y78dckn1fbdyvwtdtdy76680000gn/T/nosfy-session-commit-s4q40rbr/DerivedData/Index.noindex/DataStore -MMD -MT dependencies -MF /var/folders/sk/1y78dckn1fbdyvwtdtdy76680000gn/T/nosfy-session-commit-s4q40rbr/DerivedData/Build/Intermediates.noindex/Nosfy.build/Debug-iphonesimulator/Nosfy.build/Metal/HaloDawn.dat /var/folders/sk/1y78dckn1fbdyvwtdtdy76680000gn/T/nosfy-session-commit-s4q40rbr/travail/Nosfy/HaloDawn.metal

CompileMetalFile /var/folders/sk/1y78dckn1fbdyvwtdtdy76680000gn/T/nosfy-session-commit-s4q40rbr/travail/Nosfy/GaletStage.metal (in target 'Nosfy' from project 'Nosfy')
    cd /var/folders/sk/1y78dckn1fbdyvwtdtdy76680000gn/T/nosfy-session-commit-s4q40rbr/travail
    /var/run/com.apple.security.cryptexd/mnt/com.apple.MobileAsset.MetalToolchain-v17.6.42.0.BA5Ggr/Metal.xctoolchain/usr/bin/metal -c -target air64-apple-ios26.0-simulator -gline-tables-only -frecord-sources -I/var/folders/sk/1y78dckn1fbdyvwtdtdy76680000gn/T/nosfy-session-commit-s4q40rbr/DerivedData/Build/Products/Debug-iphonesimulator/include -F/var/folders/sk/1y78dckn1fbdyvwtdtdy76680000gn/T/nosfy-session-commit-s4q40rbr/DerivedData/Build/Products/Debug-iphonesimulator -isysroot /Applications/Xcode.app/Contents/Developer/Platforms/iPhoneSimulator.platform/Developer/SDKs/iPhoneSimulator26.5.sdk -fmetal-math-mode\=fast -fmetal-math-fp32-functions\=fast -serialize-diagnostics /var/folders/sk/1y78dckn1fbdyvwtdtdy76680000gn/T/nosfy-session-commit-s4q40rbr/DerivedData/Build/Intermediates.noindex/Nosfy.build/Debug-iphonesimulator/Nosfy.build/Metal/GaletStage.dia -o /var/folders/sk/1y78dckn1fbdyvwtdtdy76680000gn/T/nosfy-session-commit-s4q40rbr/DerivedData/Build/Intermediates.noindex/Nosfy.build/Debug-iphonesimulator/Nosfy.build/Metal/GaletStage.air -index-store-path /var/folders/sk/1y78dckn1fbdyvwtdtdy76680000gn/T/nosfy-session-commit-s4q40rbr/DerivedData/Index.noindex/DataStore -MMD -MT dependencies -MF /var/folders/sk/1y78dckn1fbdyvwtdtdy76680000gn/T/nosfy-session-commit-s4q40rbr/DerivedData/Build/Intermediates.noindex/Nosfy.build/Debug-iphonesimulator/Nosfy.build/Metal/GaletStage.dat /var/folders/sk/1y78dckn1fbdyvwtdtdy76680000gn/T/nosfy-session-commit-s4q40rbr/travail/Nosfy/GaletStage.metal

CompileMetalFile /var/folders/sk/1y78dckn1fbdyvwtdtdy76680000gn/T/nosfy-session-commit-s4q40rbr/travail/Nosfy/GaletMedaillon.metal (in target 'Nosfy' from project 'Nosfy')
    cd /var/folders/sk/1y78dckn1fbdyvwtdtdy76680000gn/T/nosfy-session-commit-s4q40rbr/travail
    /var/run/com.apple.security.cryptexd/mnt/com.apple.MobileAsset.MetalToolchain-v17.6.42.0.BA5Ggr/Metal.xctoolchain/usr/bin/metal -c -target air64-apple-ios26.0-simulator -gline-tables-only -frecord-sources -I/var/folders/sk/1y78dckn1fbdyvwtdtdy76680000gn/T/nosfy-session-commit-s4q40rbr/DerivedData/Build/Products/Debug-iphonesimulator/include -F/var/folders/sk/1y78dckn1fbdyvwtdtdy76680000gn/T/nosfy-session-commit-s4q40rbr/DerivedData/Build/Products/Debug-iphonesimulator -isysroot /Applications/Xcode.app/Contents/Developer/Platforms/iPhoneSimulator.platform/Developer/SDKs/iPhoneSimulator26.5.sdk -fmetal-math-mode\=fast -fmetal-math-fp32-functions\=fast -serialize-diagnostics /var/folders/sk/1y78dckn1fbdyvwtdtdy76680000gn/T/nosfy-session-commit-s4q40rbr/DerivedData/Build/Intermediates.noindex/Nosfy.build/Debug-iphonesimulator/Nosfy.build/Metal/GaletMedaillon.dia -o /var/folders/sk/1y78dckn1fbdyvwtdtdy76680000gn/T/nosfy-session-commit-s4q40rbr/DerivedData/Build/Intermediates.noindex/Nosfy.build/Debug-iphonesimulator/Nosfy.build/Metal/GaletMedaillon.air -index-store-path /var/folders/sk/1y78dckn1fbdyvwtdtdy76680000gn/T/nosfy-session-commit-s4q40rbr/DerivedData/Index.noindex/DataStore -MMD -MT dependencies -MF /var/folders/sk/1y78dckn1fbdyvwtdtdy76680000gn/T/nosfy-session-commit-s4q40rbr/DerivedData/Build/Intermediates.noindex/Nosfy.build/Debug-iphonesimulator/Nosfy.build/Metal/GaletMedaillon.dat /var/folders/sk/1y78dckn1fbdyvwtdtdy76680000gn/T/nosfy-session-commit-s4q40rbr/travail/Nosfy/GaletMedaillon.metal

CompileMetalFile /var/folders/sk/1y78dckn1fbdyvwtdtdy76680000gn/T/nosfy-session-commit-s4q40rbr/travail/Nosfy/GaletLisere.metal (in target 'Nosfy' from project 'Nosfy')
    cd /var/folders/sk/1y78dckn1fbdyvwtdtdy76680000gn/T/nosfy-session-commit-s4q40rbr/travail
    /var/run/com.apple.security.cryptexd/mnt/com.apple.MobileAsset.MetalToolchain-v17.6.42.0.BA5Ggr/Metal.xctoolchain/usr/bin/metal -c -target air64-apple-ios26.0-simulator -gline-tables-only -frecord-sources -I/var/folders/sk/1y78dckn1fbdyvwtdtdy76680000gn/T/nosfy-session-commit-s4q40rbr/DerivedData/Build/Products/Debug-iphonesimulator/include -F/var/folders/sk/1y78dckn1fbdyvwtdtdy76680000gn/T/nosfy-session-commit-s4q40rbr/DerivedData/Build/Products/Debug-iphonesimulator -isysroot /Applications/Xcode.app/Contents/Developer/Platforms/iPhoneSimulator.platform/Developer/SDKs/iPhoneSimulator26.5.sdk -fmetal-math-mode\=fast -fmetal-math-fp32-functions\=fast -serialize-diagnostics /var/folders/sk/1y78dckn1fbdyvwtdtdy76680000gn/T/nosfy-session-commit-s4q40rbr/DerivedData/Build/Intermediates.noindex/Nosfy.build/Debug-iphonesimulator/Nosfy.build/Metal/GaletLisere.dia -o /var/folders/sk/1y78dckn1fbdyvwtdtdy76680000gn/T/nosfy-session-commit-s4q40rbr/DerivedData/Build/Intermediates.noindex/Nosfy.build/Debug-iphonesimulator/Nosfy.build/Metal/GaletLisere.air -index-store-path /var/folders/sk/1y78dckn1fbdyvwtdtdy76680000gn/T/nosfy-session-commit-s4q40rbr/DerivedData/Index.noindex/DataStore -MMD -MT dependencies -MF /var/folders/sk/1y78dckn1fbdyvwtdtdy76680000gn/T/nosfy-session-commit-s4q40rbr/DerivedData/Build/Intermediates.noindex/Nosfy.build/Debug-iphonesimulator/Nosfy.build/Metal/GaletLisere.dat /var/folders/sk/1y78dckn1fbdyvwtdtdy76680000gn/T/nosfy-session-commit-s4q40rbr/travail/Nosfy/GaletLisere.metal

CompileMetalFile /var/folders/sk/1y78dckn1fbdyvwtdtdy76680000gn/T/nosfy-session-commit-s4q40rbr/travail/Nosfy/FumeeX2.metal (in target 'Nosfy' from project 'Nosfy')
    cd /var/folders/sk/1y78dckn1fbdyvwtdtdy76680000gn/T/nosfy-session-commit-s4q40rbr/travail
    /var/run/com.apple.security.cryptexd/mnt/com.apple.MobileAsset.MetalToolchain-v17.6.42.0.BA5Ggr/Metal.xctoolchain/usr/bin/metal -c -target air64-apple-ios26.0-simulator -gline-tables-only -frecord-sources -I/var/folders/sk/1y78dckn1fbdyvwtdtdy76680000gn/T/nosfy-session-commit-s4q40rbr/DerivedData/Build/Products/Debug-iphonesimulator/include -F/var/folders/sk/1y78dckn1fbdyvwtdtdy76680000gn/T/nosfy-session-commit-s4q40rbr/DerivedData/Build/Products/Debug-iphonesimulator -isysroot /Applications/Xcode.app/Contents/Developer/Platforms/iPhoneSimulator.platform/Developer/SDKs/iPhoneSimulator26.5.sdk -fmetal-math-mode\=fast -fmetal-math-fp32-functions\=fast -serialize-diagnostics /var/folders/sk/1y78dckn1fbdyvwtdtdy76680000gn/T/nosfy-session-commit-s4q40rbr/DerivedData/Build/Intermediates.noindex/Nosfy.build/Debug-iphonesimulator/Nosfy.build/Metal/FumeeX2.dia -o /var/folders/sk/1y78dckn1fbdyvwtdtdy76680000gn/T/nosfy-session-commit-s4q40rbr/DerivedData/Build/Intermediates.noindex/Nosfy.build/Debug-iphonesimulator/Nosfy.build/Metal/FumeeX2.air -index-store-path /var/folders/sk/1y78dckn1fbdyvwtdtdy76680000gn/T/nosfy-session-commit-s4q40rbr/DerivedData/Index.noindex/DataStore -MMD -MT dependencies -MF /var/folders/sk/1y78dckn1fbdyvwtdtdy76680000gn/T/nosfy-session-commit-s4q40rbr/DerivedData/Build/Intermediates.noindex/Nosfy.build/Debug-iphonesimulator/Nosfy.build/Metal/FumeeX2.dat /var/folders/sk/1y78dckn1fbdyvwtdtdy76680000gn/T/nosfy-session-commit-s4q40rbr/travail/Nosfy/FumeeX2.metal

CompileMetalFile /var/folders/sk/1y78dckn1fbdyvwtdtdy76680000gn/T/nosfy-session-commit-s4q40rbr/travail/Nosfy/FondVideoMetal.metal (in target 'Nosfy' from project 'Nosfy')
    cd /var/folders/sk/1y78dckn1fbdyvwtdtdy76680000gn/T/nosfy-session-commit-s4q40rbr/travail
    /var/run/com.apple.security.cryptexd/mnt/com.apple.MobileAsset.MetalToolchain-v17.6.42.0.BA5Ggr/Metal.xctoolchain/usr/bin/metal -c -target air64-apple-ios26.0-simulator -gline-tables-only -frecord-sources -I/var/folders/sk/1y78dckn1fbdyvwtdtdy76680000gn/T/nosfy-session-commit-s4q40rbr/DerivedData/Build/Products/Debug-iphonesimulator/include -F/var/folders/sk/1y78dckn1fbdyvwtdtdy76680000gn/T/nosfy-session-commit-s4q40rbr/DerivedData/Build/Products/Debug-iphonesimulator -isysroot /Applications/Xcode.app/Contents/Developer/Platforms/iPhoneSimulator.platform/Developer/SDKs/iPhoneSimulator26.5.sdk -fmetal-math-mode\=fast -fmetal-math-fp32-functions\=fast -serialize-diagnostics /var/folders/sk/1y78dckn1fbdyvwtdtdy76680000gn/T/nosfy-session-commit-s4q40rbr/DerivedData/Build/Intermediates.noindex/Nosfy.build/Debug-iphonesimulator/Nosfy.build/Metal/FondVideoMetal-0e88d8f472e3946cfd37a6cdd8768c3a.dia -o /var/folders/sk/1y78dckn1fbdyvwtdtdy76680000gn/T/nosfy-session-commit-s4q40rbr/DerivedData/Build/Intermediates.noindex/Nosfy.build/Debug-iphonesimulator/Nosfy.build/Metal/FondVideoMetal-0e88d8f472e3946cfd37a6cdd8768c3a.air -index-store-path /var/folders/sk/1y78dckn1fbdyvwtdtdy76680000gn/T/nosfy-session-commit-s4q40rbr/DerivedData/Index.noindex/DataStore -MMD -MT dependencies -MF /var/folders/sk/1y78dckn1fbdyvwtdtdy76680000gn/T/nosfy-session-commit-s4q40rbr/DerivedData/Build/Intermediates.noindex/Nosfy.build/Debug-iphonesimulator/Nosfy.build/Metal/FondVideoMetal-0e88d8f472e3946cfd37a6cdd8768c3a.dat /var/folders/sk/1y78dckn1fbdyvwtdtdy76680000gn/T/nosfy-session-commit-s4q40rbr/travail/Nosfy/FondVideoMetal.metal

SwiftDriverJobDiscovery normal arm64 Compiling WorkoutLiveCard.swift (in target 'NosfyWidgets' from project 'Nosfy')

CompileMetalFile /var/folders/sk/1y78dckn1fbdyvwtdtdy76680000gn/T/nosfy-session-commit-s4q40rbr/travail/Nosfy/FlameJewel.metal (in target 'Nosfy' from project 'Nosfy')
    cd /var/folders/sk/1y78dckn1fbdyvwtdtdy76680000gn/T/nosfy-session-commit-s4q40rbr/travail
    /var/run/com.apple.security.cryptexd/mnt/com.apple.MobileAsset.MetalToolchain-v17.6.42.0.BA5Ggr/Metal.xctoolchain/usr/bin/metal -c -target air64-apple-ios26.0-simulator -gline-tables-only -frecord-sources -I/var/folders/sk/1y78dckn1fbdyvwtdtdy76680000gn/T/nosfy-session-commit-s4q40rbr/DerivedData/Build/Products/Debug-iphonesimulator/include -F/var/folders/sk/1y78dckn1fbdyvwtdtdy76680000gn/T/nosfy-session-commit-s4q40rbr/DerivedData/Build/Products/Debug-iphonesimulator -isysroot /Applications/Xcode.app/Contents/Developer/Platforms/iPhoneSimulator.platform/Developer/SDKs/iPhoneSimulator26.5.sdk -fmetal-math-mode\=fast -fmetal-math-fp32-functions\=fast -serialize-diagnostics /var/folders/sk/1y78dckn1fbdyvwtdtdy76680000gn/T/nosfy-session-commit-s4q40rbr/DerivedData/Build/Intermediates.noindex/Nosfy.build/Debug-iphonesimulator/Nosfy.build/Metal/FlameJewel.dia -o /var/folders/sk/1y78dckn1fbdyvwtdtdy76680000gn/T/nosfy-session-commit-s4q40rbr/DerivedData/Build/Intermediates.noindex/Nosfy.build/Debug-iphonesimulator/Nosfy.build/Metal/FlameJewel.air -index-store-path /var/folders/sk/1y78dckn1fbdyvwtdtdy76680000gn/T/nosfy-session-commit-s4q40rbr/DerivedData/Index.noindex/DataStore -MMD -MT dependencies -MF /var/folders/sk/1y78dckn1fbdyvwtdtdy76680000gn/T/nosfy-session-commit-s4q40rbr/DerivedData/Build/Intermediates.noindex/Nosfy.build/Debug-iphonesimulator/Nosfy.build/Metal/FlameJewel.dat /var/folders/sk/1y78dckn1fbdyvwtdtdy76680000gn/T/nosfy-session-commit-s4q40rbr/travail/Nosfy/FlameJewel.metal

CompileMetalFile /var/folders/sk/1y78dckn1fbdyvwtdtdy76680000gn/T/nosfy-session-commit-s4q40rbr/travail/Nosfy/Figures/InkGrain.metal (in target 'Nosfy' from project 'Nosfy')
    cd /var/folders/sk/1y78dckn1fbdyvwtdtdy76680000gn/T/nosfy-session-commit-s4q40rbr/travail
    /var/run/com.apple.security.cryptexd/mnt/com.apple.MobileAsset.MetalToolchain-v17.6.42.0.BA5Ggr/Metal.xctoolchain/usr/bin/metal -c -target air64-apple-ios26.0-simulator -gline-tables-only -frecord-sources -I/var/folders/sk/1y78dckn1fbdyvwtdtdy76680000gn/T/nosfy-session-commit-s4q40rbr/DerivedData/Build/Products/Debug-iphonesimulator/include -F/var/folders/sk/1y78dckn1fbdyvwtdtdy76680000gn/T/nosfy-session-commit-s4q40rbr/DerivedData/Build/Products/Debug-iphonesimulator -isysroot /Applications/Xcode.app/Contents/Developer/Platforms/iPhoneSimulator.platform/Developer/SDKs/iPhoneSimulator26.5.sdk -fmetal-math-mode\=fast -fmetal-math-fp32-functions\=fast -serialize-diagnostics /var/folders/sk/1y78dckn1fbdyvwtdtdy76680000gn/T/nosfy-session-commit-s4q40rbr/DerivedData/Build/Intermediates.noindex/Nosfy.build/Debug-iphonesimulator/Nosfy.build/Metal/InkGrain.dia -o /var/folders/sk/1y78dckn1fbdyvwtdtdy76680000gn/T/nosfy-session-commit-s4q40rbr/DerivedData/Build/Intermediates.noindex/Nosfy.build/Debug-iphonesimulator/Nosfy.build/Metal/InkGrain.air -index-store-path /var/folders/sk/1y78dckn1fbdyvwtdtdy76680000gn/T/nosfy-session-commit-s4q40rbr/DerivedData/Index.noindex/DataStore -MMD -MT dependencies -MF /var/folders/sk/1y78dckn1fbdyvwtdtdy76680000gn/T/nosfy-session-commit-s4q40rbr/DerivedData/Build/Intermediates.noindex/Nosfy.build/Debug-iphonesimulator/Nosfy.build/Metal/InkGrain.dat /var/folders/sk/1y78dckn1fbdyvwtdtdy76680000gn/T/nosfy-session-commit-s4q40rbr/travail/Nosfy/Figures/InkGrain.metal

CompileMetalFile /var/folders/sk/1y78dckn1fbdyvwtdtdy76680000gn/T/nosfy-session-commit-s4q40rbr/travail/Nosfy/Figures/GlassFX.metal (in target 'Nosfy' from project 'Nosfy')
    cd /var/folders/sk/1y78dckn1fbdyvwtdtdy76680000gn/T/nosfy-session-commit-s4q40rbr/travail
    /var/run/com.apple.security.cryptexd/mnt/com.apple.MobileAsset.MetalToolchain-v17.6.42.0.BA5Ggr/Metal.xctoolchain/usr/bin/metal -c -target air64-apple-ios26.0-simulator -gline-tables-only -frecord-sources -I/var/folders/sk/1y78dckn1fbdyvwtdtdy76680000gn/T/nosfy-session-commit-s4q40rbr/DerivedData/Build/Products/Debug-iphonesimulator/include -F/var/folders/sk/1y78dckn1fbdyvwtdtdy76680000gn/T/nosfy-session-commit-s4q40rbr/DerivedData/Build/Products/Debug-iphonesimulator -isysroot /Applications/Xcode.app/Contents/Developer/Platforms/iPhoneSimulator.platform/Developer/SDKs/iPhoneSimulator26.5.sdk -fmetal-math-mode\=fast -fmetal-math-fp32-functions\=fast -serialize-diagnostics /var/folders/sk/1y78dckn1fbdyvwtdtdy76680000gn/T/nosfy-session-commit-s4q40rbr/DerivedData/Build/Intermediates.noindex/Nosfy.build/Debug-iphonesimulator/Nosfy.build/Metal/GlassFX.dia -o /var/folders/sk/1y78dckn1fbdyvwtdtdy76680000gn/T/nosfy-session-commit-s4q40rbr/DerivedData/Build/Intermediates.noindex/Nosfy.build/Debug-iphonesimulator/Nosfy.build/Metal/GlassFX.air -index-store-path /var/folders/sk/1y78dckn1fbdyvwtdtdy76680000gn/T/nosfy-session-commit-s4q40rbr/DerivedData/Index.noindex/DataStore -MMD -MT dependencies -MF /var/folders/sk/1y78dckn1fbdyvwtdtdy76680000gn/T/nosfy-session-commit-s4q40rbr/DerivedData/Build/Intermediates.noindex/Nosfy.build/Debug-iphonesimulator/Nosfy.build/Metal/GlassFX.dat /var/folders/sk/1y78dckn1fbdyvwtdtdy76680000gn/T/nosfy-session-commit-s4q40rbr/travail/Nosfy/Figures/GlassFX.metal

CompileMetalFile /var/folders/sk/1y78dckn1fbdyvwtdtdy76680000gn/T/nosfy-session-commit-s4q40rbr/travail/Nosfy/ExosHalo.metal (in target 'Nosfy' from project 'Nosfy')
    cd /var/folders/sk/1y78dckn1fbdyvwtdtdy76680000gn/T/nosfy-session-commit-s4q40rbr/travail
    /var/run/com.apple.security.cryptexd/mnt/com.apple.MobileAsset.MetalToolchain-v17.6.42.0.BA5Ggr/Metal.xctoolchain/usr/bin/metal -c -target air64-apple-ios26.0-simulator -gline-tables-only -frecord-sources -I/var/folders/sk/1y78dckn1fbdyvwtdtdy76680000gn/T/nosfy-session-commit-s4q40rbr/DerivedData/Build/Products/Debug-iphonesimulator/include -F/var/folders/sk/1y78dckn1fbdyvwtdtdy76680000gn/T/nosfy-session-commit-s4q40rbr/DerivedData/Build/Products/Debug-iphonesimulator -isysroot /Applications/Xcode.app/Contents/Developer/Platforms/iPhoneSimulator.platform/Developer/SDKs/iPhoneSimulator26.5.sdk -fmetal-math-mode\=fast -fmetal-math-fp32-functions\=fast -serialize-diagnostics /var/folders/sk/1y78dckn1fbdyvwtdtdy76680000gn/T/nosfy-session-commit-s4q40rbr/DerivedData/Build/Intermediates.noindex/Nosfy.build/Debug-iphonesimulator/Nosfy.build/Metal/ExosHalo.dia -o /var/folders/sk/1y78dckn1fbdyvwtdtdy76680000gn/T/nosfy-session-commit-s4q40rbr/DerivedData/Build/Intermediates.noindex/Nosfy.build/Debug-iphonesimulator/Nosfy.build/Metal/ExosHalo.air -index-store-path /var/folders/sk/1y78dckn1fbdyvwtdtdy76680000gn/T/nosfy-session-commit-s4q40rbr/DerivedData/Index.noindex/DataStore -MMD -MT dependencies -MF /var/folders/sk/1y78dckn1fbdyvwtdtdy76680000gn/T/nosfy-session-commit-s4q40rbr/DerivedData/Build/Intermediates.noindex/Nosfy.build/Debug-iphonesimulator/Nosfy.build/Metal/ExosHalo.dat /var/folders/sk/1y78dckn1fbdyvwtdtdy76680000gn/T/nosfy-session-commit-s4q40rbr/travail/Nosfy/ExosHalo.metal

CompileMetalFile /var/folders/sk/1y78dckn1fbdyvwtdtdy76680000gn/T/nosfy-session-commit-s4q40rbr/travail/Nosfy/ExoHeaderGlow.metal (in target 'Nosfy' from project 'Nosfy')
    cd /var/folders/sk/1y78dckn1fbdyvwtdtdy76680000gn/T/nosfy-session-commit-s4q40rbr/travail
    /var/run/com.apple.security.cryptexd/mnt/com.apple.MobileAsset.MetalToolchain-v17.6.42.0.BA5Ggr/Metal.xctoolchain/usr/bin/metal -c -target air64-apple-ios26.0-simulator -gline-tables-only -frecord-sources -I/var/folders/sk/1y78dckn1fbdyvwtdtdy76680000gn/T/nosfy-session-commit-s4q40rbr/DerivedData/Build/Products/Debug-iphonesimulator/include -F/var/folders/sk/1y78dckn1fbdyvwtdtdy76680000gn/T/nosfy-session-commit-s4q40rbr/DerivedData/Build/Products/Debug-iphonesimulator -isysroot /Applications/Xcode.app/Contents/Developer/Platforms/iPhoneSimulator.platform/Developer/SDKs/iPhoneSimulator26.5.sdk -fmetal-math-mode\=fast -fmetal-math-fp32-functions\=fast -serialize-diagnostics /var/folders/sk/1y78dckn1fbdyvwtdtdy76680000gn/T/nosfy-session-commit-s4q40rbr/DerivedData/Build/Intermediates.noindex/Nosfy.build/Debug-iphonesimulator/Nosfy.build/Metal/ExoHeaderGlow.dia -o /var/folders/sk/1y78dckn1fbdyvwtdtdy76680000gn/T/nosfy-session-commit-s4q40rbr/DerivedData/Build/Intermediates.noindex/Nosfy.build/Debug-iphonesimulator/Nosfy.build/Metal/ExoHeaderGlow.air -index-store-path /var/folders/sk/1y78dckn1fbdyvwtdtdy76680000gn/T/nosfy-session-commit-s4q40rbr/DerivedData/Index.noindex/DataStore -MMD -MT dependencies -MF /var/folders/sk/1y78dckn1fbdyvwtdtdy76680000gn/T/nosfy-session-commit-s4q40rbr/DerivedData/Build/Intermediates.noindex/Nosfy.build/Debug-iphonesimulator/Nosfy.build/Metal/ExoHeaderGlow.dat /var/folders/sk/1y78dckn1fbdyvwtdtdy76680000gn/T/nosfy-session-commit-s4q40rbr/travail/Nosfy/ExoHeaderGlow.metal
/var/folders/sk/1y78dckn1fbdyvwtdtdy76680000gn/T/nosfy-session-commit-s4q40rbr/travail/Nosfy/ExoHeaderGlow.metal:57:17: warning: unused variable 'EHG_CREME' [-Wunused-const-variable]
constant float3 EHG_CREME  = float3(1.000, 0.938, 0.790);  // le cœur
                ^
1 warning generated.

CompileMetalFile /var/folders/sk/1y78dckn1fbdyvwtdtdy76680000gn/T/nosfy-session-commit-s4q40rbr/travail/Nosfy/EmberFlame.metal (in target 'Nosfy' from project 'Nosfy')
    cd /var/folders/sk/1y78dckn1fbdyvwtdtdy76680000gn/T/nosfy-session-commit-s4q40rbr/travail
    /var/run/com.apple.security.cryptexd/mnt/com.apple.MobileAsset.MetalToolchain-v17.6.42.0.BA5Ggr/Metal.xctoolchain/usr/bin/metal -c -target air64-apple-ios26.0-simulator -gline-tables-only -frecord-sources -I/var/folders/sk/1y78dckn1fbdyvwtdtdy76680000gn/T/nosfy-session-commit-s4q40rbr/DerivedData/Build/Products/Debug-iphonesimulator/include -F/var/folders/sk/1y78dckn1fbdyvwtdtdy76680000gn/T/nosfy-session-commit-s4q40rbr/DerivedData/Build/Products/Debug-iphonesimulator -isysroot /Applications/Xcode.app/Contents/Developer/Platforms/iPhoneSimulator.platform/Developer/SDKs/iPhoneSimulator26.5.sdk -fmetal-math-mode\=fast -fmetal-math-fp32-functions\=fast -serialize-diagnostics /var/folders/sk/1y78dckn1fbdyvwtdtdy76680000gn/T/nosfy-session-commit-s4q40rbr/DerivedData/Build/Intermediates.noindex/Nosfy.build/Debug-iphonesimulator/Nosfy.build/Metal/EmberFlame.dia -o /var/folders/sk/1y78dckn1fbdyvwtdtdy76680000gn/T/nosfy-session-commit-s4q40rbr/DerivedData/Build/Intermediates.noindex/Nosfy.build/Debug-iphonesimulator/Nosfy.build/Metal/EmberFlame.air -index-store-path /var/folders/sk/1y78dckn1fbdyvwtdtdy76680000gn/T/nosfy-session-commit-s4q40rbr/DerivedData/Index.noindex/DataStore -MMD -MT dependencies -MF /var/folders/sk/1y78dckn1fbdyvwtdtdy76680000gn/T/nosfy-session-commit-s4q40rbr/DerivedData/Build/Intermediates.noindex/Nosfy.build/Debug-iphonesimulator/Nosfy.build/Metal/EmberFlame.dat /var/folders/sk/1y78dckn1fbdyvwtdtdy76680000gn/T/nosfy-session-commit-s4q40rbr/travail/Nosfy/EmberFlame.metal

CompileMetalFile /var/folders/sk/1y78dckn1fbdyvwtdtdy76680000gn/T/nosfy-session-commit-s4q40rbr/travail/Nosfy/EclipseHalo.metal (in target 'Nosfy' from project 'Nosfy')
    cd /var/folders/sk/1y78dckn1fbdyvwtdtdy76680000gn/T/nosfy-session-commit-s4q40rbr/travail
    /var/run/com.apple.security.cryptexd/mnt/com.apple.MobileAsset.MetalToolchain-v17.6.42.0.BA5Ggr/Metal.xctoolchain/usr/bin/metal -c -target air64-apple-ios26.0-simulator -gline-tables-only -frecord-sources -I/var/folders/sk/1y78dckn1fbdyvwtdtdy76680000gn/T/nosfy-session-commit-s4q40rbr/DerivedData/Build/Products/Debug-iphonesimulator/include -F/var/folders/sk/1y78dckn1fbdyvwtdtdy76680000gn/T/nosfy-session-commit-s4q40rbr/DerivedData/Build/Products/Debug-iphonesimulator -isysroot /Applications/Xcode.app/Contents/Developer/Platforms/iPhoneSimulator.platform/Developer/SDKs/iPhoneSimulator26.5.sdk -fmetal-math-mode\=fast -fmetal-math-fp32-functions\=fast -serialize-diagnostics /var/folders/sk/1y78dckn1fbdyvwtdtdy76680000gn/T/nosfy-session-commit-s4q40rbr/DerivedData/Build/Intermediates.noindex/Nosfy.build/Debug-iphonesimulator/Nosfy.build/Metal/EclipseHalo.dia -o /var/folders/sk/1y78dckn1fbdyvwtdtdy76680000gn/T/nosfy-session-commit-s4q40rbr/DerivedData/Build/Intermediates.noindex/Nosfy.build/Debug-iphonesimulator/Nosfy.build/Metal/EclipseHalo.air -index-store-path /var/folders/sk/1y78dckn1fbdyvwtdtdy76680000gn/T/nosfy-session-commit-s4q40rbr/DerivedData/Index.noindex/DataStore -MMD -MT dependencies -MF /var/folders/sk/1y78dckn1fbdyvwtdtdy76680000gn/T/nosfy-session-commit-s4q40rbr/DerivedData/Build/Intermediates.noindex/Nosfy.build/Debug-iphonesimulator/Nosfy.build/Metal/EclipseHalo.dat /var/folders/sk/1y78dckn1fbdyvwtdtdy76680000gn/T/nosfy-session-commit-s4q40rbr/travail/Nosfy/EclipseHalo.metal

CompileMetalFile /var/folders/sk/1y78dckn1fbdyvwtdtdy76680000gn/T/nosfy-session-commit-s4q40rbr/travail/Nosfy/DiamondButton.metal (in target 'Nosfy' from project 'Nosfy')
    cd /var/folders/sk/1y78dckn1fbdyvwtdtdy76680000gn/T/nosfy-session-commit-s4q40rbr/travail
    /var/run/com.apple.security.cryptexd/mnt/com.apple.MobileAsset.MetalToolchain-v17.6.42.0.BA5Ggr/Metal.xctoolchain/usr/bin/metal -c -target air64-apple-ios26.0-simulator -gline-tables-only -frecord-sources -I/var/folders/sk/1y78dckn1fbdyvwtdtdy76680000gn/T/nosfy-session-commit-s4q40rbr/DerivedData/Build/Products/Debug-iphonesimulator/include -F/var/folders/sk/1y78dckn1fbdyvwtdtdy76680000gn/T/nosfy-session-commit-s4q40rbr/DerivedData/Build/Products/Debug-iphonesimulator -isysroot /Applications/Xcode.app/Contents/Developer/Platforms/iPhoneSimulator.platform/Developer/SDKs/iPhoneSimulator26.5.sdk -fmetal-math-mode\=fast -fmetal-math-fp32-functions\=fast -serialize-diagnostics /var/folders/sk/1y78dckn1fbdyvwtdtdy76680000gn/T/nosfy-session-commit-s4q40rbr/DerivedData/Build/Intermediates.noindex/Nosfy.build/Debug-iphonesimulator/Nosfy.build/Metal/DiamondButton.dia -o /var/folders/sk/1y78dckn1fbdyvwtdtdy76680000gn/T/nosfy-session-commit-s4q40rbr/DerivedData/Build/Intermediates.noindex/Nosfy.build/Debug-iphonesimulator/Nosfy.build/Metal/DiamondButton.air -index-store-path /var/folders/sk/1y78dckn1fbdyvwtdtdy76680000gn/T/nosfy-session-commit-s4q40rbr/DerivedData/Index.noindex/DataStore -MMD -MT dependencies -MF /var/folders/sk/1y78dckn1fbdyvwtdtdy76680000gn/T/nosfy-session-commit-s4q40rbr/DerivedData/Build/Intermediates.noindex/Nosfy.build/Debug-iphonesimulator/Nosfy.build/Metal/DiamondButton.dat /var/folders/sk/1y78dckn1fbdyvwtdtdy76680000gn/T/nosfy-session-commit-s4q40rbr/travail/Nosfy/DiamondButton.metal

CompileMetalFile /var/folders/sk/1y78dckn1fbdyvwtdtdy76680000gn/T/nosfy-session-commit-s4q40rbr/travail/Nosfy/DemonSky.metal (in target 'Nosfy' from project 'Nosfy')
    cd /var/folders/sk/1y78dckn1fbdyvwtdtdy76680000gn/T/nosfy-session-commit-s4q40rbr/travail
    /var/run/com.apple.security.cryptexd/mnt/com.apple.MobileAsset.MetalToolchain-v17.6.42.0.BA5Ggr/Metal.xctoolchain/usr/bin/metal -c -target air64-apple-ios26.0-simulator -gline-tables-only -frecord-sources -I/var/folders/sk/1y78dckn1fbdyvwtdtdy76680000gn/T/nosfy-session-commit-s4q40rbr/DerivedData/Build/Products/Debug-iphonesimulator/include -F/var/folders/sk/1y78dckn1fbdyvwtdtdy76680000gn/T/nosfy-session-commit-s4q40rbr/DerivedData/Build/Products/Debug-iphonesimulator -isysroot /Applications/Xcode.app/Contents/Developer/Platforms/iPhoneSimulator.platform/Developer/SDKs/iPhoneSimulator26.5.sdk -fmetal-math-mode\=fast -fmetal-math-fp32-functions\=fast -serialize-diagnostics /var/folders/sk/1y78dckn1fbdyvwtdtdy76680000gn/T/nosfy-session-commit-s4q40rbr/DerivedData/Build/Intermediates.noindex/Nosfy.build/Debug-iphonesimulator/Nosfy.build/Metal/DemonSky-634d924f80a778ecdee3e0fb8c3bc2ec.dia -o /var/folders/sk/1y78dckn1fbdyvwtdtdy76680000gn/T/nosfy-session-commit-s4q40rbr/DerivedData/Build/Intermediates.noindex/Nosfy.build/Debug-iphonesimulator/Nosfy.build/Metal/DemonSky-634d924f80a778ecdee3e0fb8c3bc2ec.air -index-store-path /var/folders/sk/1y78dckn1fbdyvwtdtdy76680000gn/T/nosfy-session-commit-s4q40rbr/DerivedData/Index.noindex/DataStore -MMD -MT dependencies -MF /var/folders/sk/1y78dckn1fbdyvwtdtdy76680000gn/T/nosfy-session-commit-s4q40rbr/DerivedData/Build/Intermediates.noindex/Nosfy.build/Debug-iphonesimulator/Nosfy.build/Metal/DemonSky-634d924f80a778ecdee3e0fb8c3bc2ec.dat /var/folders/sk/1y78dckn1fbdyvwtdtdy76680000gn/T/nosfy-session-commit-s4q40rbr/travail/Nosfy/DemonSky.metal
/var/folders/sk/1y78dckn1fbdyvwtdtdy76680000gn/T/nosfy-session-commit-s4q40rbr/travail/Nosfy/DemonSky.metal:34:19: warning: unused variable 'kStrip' [-Wunused-const-variable]
constexpr sampler kStrip(s_address::repeat, t_address::clamp_to_edge,
                  ^
1 warning generated.

CompileMetalFile /var/folders/sk/1y78dckn1fbdyvwtdtdy76680000gn/T/nosfy-session-commit-s4q40rbr/travail/Nosfy/CorpsLisere.metal (in target 'Nosfy' from project 'Nosfy')
    cd /var/folders/sk/1y78dckn1fbdyvwtdtdy76680000gn/T/nosfy-session-commit-s4q40rbr/travail
    /var/run/com.apple.security.cryptexd/mnt/com.apple.MobileAsset.MetalToolchain-v17.6.42.0.BA5Ggr/Metal.xctoolchain/usr/bin/metal -c -target air64-apple-ios26.0-simulator -gline-tables-only -frecord-sources -I/var/folders/sk/1y78dckn1fbdyvwtdtdy76680000gn/T/nosfy-session-commit-s4q40rbr/DerivedData/Build/Products/Debug-iphonesimulator/include -F/var/folders/sk/1y78dckn1fbdyvwtdtdy76680000gn/T/nosfy-session-commit-s4q40rbr/DerivedData/Build/Products/Debug-iphonesimulator -isysroot /Applications/Xcode.app/Contents/Developer/Platforms/iPhoneSimulator.platform/Developer/SDKs/iPhoneSimulator26.5.sdk -fmetal-math-mode\=fast -fmetal-math-fp32-functions\=fast -serialize-diagnostics /var/folders/sk/1y78dckn1fbdyvwtdtdy76680000gn/T/nosfy-session-commit-s4q40rbr/DerivedData/Build/Intermediates.noindex/Nosfy.build/Debug-iphonesimulator/Nosfy.build/Metal/CorpsLisere.dia -o /var/folders/sk/1y78dckn1fbdyvwtdtdy76680000gn/T/nosfy-session-commit-s4q40rbr/DerivedData/Build/Intermediates.noindex/Nosfy.build/Debug-iphonesimulator/Nosfy.build/Metal/CorpsLisere.air -index-store-path /var/folders/sk/1y78dckn1fbdyvwtdtdy76680000gn/T/nosfy-session-commit-s4q40rbr/DerivedData/Index.noindex/DataStore -MMD -MT dependencies -MF /var/folders/sk/1y78dckn1fbdyvwtdtdy76680000gn/T/nosfy-session-commit-s4q40rbr/DerivedData/Build/Intermediates.noindex/Nosfy.build/Debug-iphonesimulator/Nosfy.build/Metal/CorpsLisere.dat /var/folders/sk/1y78dckn1fbdyvwtdtdy76680000gn/T/nosfy-session-commit-s4q40rbr/travail/Nosfy/CorpsLisere.metal

CompileMetalFile /var/folders/sk/1y78dckn1fbdyvwtdtdy76680000gn/T/nosfy-session-commit-s4q40rbr/travail/Nosfy/CarteLune.metal (in target 'Nosfy' from project 'Nosfy')
    cd /var/folders/sk/1y78dckn1fbdyvwtdtdy76680000gn/T/nosfy-session-commit-s4q40rbr/travail
    /var/run/com.apple.security.cryptexd/mnt/com.apple.MobileAsset.MetalToolchain-v17.6.42.0.BA5Ggr/Metal.xctoolchain/usr/bin/metal -c -target air64-apple-ios26.0-simulator -gline-tables-only -frecord-sources -I/var/folders/sk/1y78dckn1fbdyvwtdtdy76680000gn/T/nosfy-session-commit-s4q40rbr/DerivedData/Build/Products/Debug-iphonesimulator/include -F/var/folders/sk/1y78dckn1fbdyvwtdtdy76680000gn/T/nosfy-session-commit-s4q40rbr/DerivedData/Build/Products/Debug-iphonesimulator -isysroot /Applications/Xcode.app/Contents/Developer/Platforms/iPhoneSimulator.platform/Developer/SDKs/iPhoneSimulator26.5.sdk -fmetal-math-mode\=fast -fmetal-math-fp32-functions\=fast -serialize-diagnostics /var/folders/sk/1y78dckn1fbdyvwtdtdy76680000gn/T/nosfy-session-commit-s4q40rbr/DerivedData/Build/Intermediates.noindex/Nosfy.build/Debug-iphonesimulator/Nosfy.build/Metal/CarteLune.dia -o /var/folders/sk/1y78dckn1fbdyvwtdtdy76680000gn/T/nosfy-session-commit-s4q40rbr/DerivedData/Build/Intermediates.noindex/Nosfy.build/Debug-iphonesimulator/Nosfy.build/Metal/CarteLune.air -index-store-path /var/folders/sk/1y78dckn1fbdyvwtdtdy76680000gn/T/nosfy-session-commit-s4q40rbr/DerivedData/Index.noindex/DataStore -MMD -MT dependencies -MF /var/folders/sk/1y78dckn1fbdyvwtdtdy76680000gn/T/nosfy-session-commit-s4q40rbr/DerivedData/Build/Intermediates.noindex/Nosfy.build/Debug-iphonesimulator/Nosfy.build/Metal/CarteLune.dat /var/folders/sk/1y78dckn1fbdyvwtdtdy76680000gn/T/nosfy-session-commit-s4q40rbr/travail/Nosfy/CarteLune.metal

CompileMetalFile /var/folders/sk/1y78dckn1fbdyvwtdtdy76680000gn/T/nosfy-session-commit-s4q40rbr/travail/Nosfy/CarnetCuir.metal (in target 'Nosfy' from project 'Nosfy')
    cd /var/folders/sk/1y78dckn1fbdyvwtdtdy76680000gn/T/nosfy-session-commit-s4q40rbr/travail
    /var/run/com.apple.security.cryptexd/mnt/com.apple.MobileAsset.MetalToolchain-v17.6.42.0.BA5Ggr/Metal.xctoolchain/usr/bin/metal -c -target air64-apple-ios26.0-simulator -gline-tables-only -frecord-sources -I/var/folders/sk/1y78dckn1fbdyvwtdtdy76680000gn/T/nosfy-session-commit-s4q40rbr/DerivedData/Build/Products/Debug-iphonesimulator/include -F/var/folders/sk/1y78dckn1fbdyvwtdtdy76680000gn/T/nosfy-session-commit-s4q40rbr/DerivedData/Build/Products/Debug-iphonesimulator -isysroot /Applications/Xcode.app/Contents/Developer/Platforms/iPhoneSimulator.platform/Developer/SDKs/iPhoneSimulator26.5.sdk -fmetal-math-mode\=fast -fmetal-math-fp32-functions\=fast -serialize-diagnostics /var/folders/sk/1y78dckn1fbdyvwtdtdy76680000gn/T/nosfy-session-commit-s4q40rbr/DerivedData/Build/Intermediates.noindex/Nosfy.build/Debug-iphonesimulator/Nosfy.build/Metal/CarnetCuir.dia -o /var/folders/sk/1y78dckn1fbdyvwtdtdy76680000gn/T/nosfy-session-commit-s4q40rbr/DerivedData/Build/Intermediates.noindex/Nosfy.build/Debug-iphonesimulator/Nosfy.build/Metal/CarnetCuir.air -index-store-path /var/folders/sk/1y78dckn1fbdyvwtdtdy76680000gn/T/nosfy-session-commit-s4q40rbr/DerivedData/Index.noindex/DataStore -MMD -MT dependencies -MF /var/folders/sk/1y78dckn1fbdyvwtdtdy76680000gn/T/nosfy-session-commit-s4q40rbr/DerivedData/Build/Intermediates.noindex/Nosfy.build/Debug-iphonesimulator/Nosfy.build/Metal/CarnetCuir.dat /var/folders/sk/1y78dckn1fbdyvwtdtdy76680000gn/T/nosfy-session-commit-s4q40rbr/travail/Nosfy/CarnetCuir.metal

CompileMetalFile /var/folders/sk/1y78dckn1fbdyvwtdtdy76680000gn/T/nosfy-session-commit-s4q40rbr/travail/Nosfy/BravoPill.metal (in target 'Nosfy' from project 'Nosfy')
    cd /var/folders/sk/1y78dckn1fbdyvwtdtdy76680000gn/T/nosfy-session-commit-s4q40rbr/travail
    /var/run/com.apple.security.cryptexd/mnt/com.apple.MobileAsset.MetalToolchain-v17.6.42.0.BA5Ggr/Metal.xctoolchain/usr/bin/metal -c -target air64-apple-ios26.0-simulator -gline-tables-only -frecord-sources -I/var/folders/sk/1y78dckn1fbdyvwtdtdy76680000gn/T/nosfy-session-commit-s4q40rbr/DerivedData/Build/Products/Debug-iphonesimulator/include -F/var/folders/sk/1y78dckn1fbdyvwtdtdy76680000gn/T/nosfy-session-commit-s4q40rbr/DerivedData/Build/Products/Debug-iphonesimulator -isysroot /Applications/Xcode.app/Contents/Developer/Platforms/iPhoneSimulator.platform/Developer/SDKs/iPhoneSimulator26.5.sdk -fmetal-math-mode\=fast -fmetal-math-fp32-functions\=fast -serialize-diagnostics /var/folders/sk/1y78dckn1fbdyvwtdtdy76680000gn/T/nosfy-session-commit-s4q40rbr/DerivedData/Build/Intermediates.noindex/Nosfy.build/Debug-iphonesimulator/Nosfy.build/Metal/BravoPill.dia -o /var/folders/sk/1y78dckn1fbdyvwtdtdy76680000gn/T/nosfy-session-commit-s4q40rbr/DerivedData/Build/Intermediates.noindex/Nosfy.build/Debug-iphonesimulator/Nosfy.build/Metal/BravoPill.air -index-store-path /var/folders/sk/1y78dckn1fbdyvwtdtdy76680000gn/T/nosfy-session-commit-s4q40rbr/DerivedData/Index.noindex/DataStore -MMD -MT dependencies -MF /var/folders/sk/1y78dckn1fbdyvwtdtdy76680000gn/T/nosfy-session-commit-s4q40rbr/DerivedData/Build/Intermediates.noindex/Nosfy.build/Debug-iphonesimulator/Nosfy.build/Metal/BravoPill.dat /var/folders/sk/1y78dckn1fbdyvwtdtdy76680000gn/T/nosfy-session-commit-s4q40rbr/travail/Nosfy/BravoPill.metal

CompileMetalFile /var/folders/sk/1y78dckn1fbdyvwtdtdy76680000gn/T/nosfy-session-commit-s4q40rbr/travail/Nosfy/AuthNebula.metal (in target 'Nosfy' from project 'Nosfy')
    cd /var/folders/sk/1y78dckn1fbdyvwtdtdy76680000gn/T/nosfy-session-commit-s4q40rbr/travail
    /var/run/com.apple.security.cryptexd/mnt/com.apple.MobileAsset.MetalToolchain-v17.6.42.0.BA5Ggr/Metal.xctoolchain/usr/bin/metal -c -target air64-apple-ios26.0-simulator -gline-tables-only -frecord-sources -I/var/folders/sk/1y78dckn1fbdyvwtdtdy76680000gn/T/nosfy-session-commit-s4q40rbr/DerivedData/Build/Products/Debug-iphonesimulator/include -F/var/folders/sk/1y78dckn1fbdyvwtdtdy76680000gn/T/nosfy-session-commit-s4q40rbr/DerivedData/Build/Products/Debug-iphonesimulator -isysroot /Applications/Xcode.app/Contents/Developer/Platforms/iPhoneSimulator.platform/Developer/SDKs/iPhoneSimulator26.5.sdk -fmetal-math-mode\=fast -fmetal-math-fp32-functions\=fast -serialize-diagnostics /var/folders/sk/1y78dckn1fbdyvwtdtdy76680000gn/T/nosfy-session-commit-s4q40rbr/DerivedData/Build/Intermediates.noindex/Nosfy.build/Debug-iphonesimulator/Nosfy.build/Metal/AuthNebula.dia -o /var/folders/sk/1y78dckn1fbdyvwtdtdy76680000gn/T/nosfy-session-commit-s4q40rbr/DerivedData/Build/Intermediates.noindex/Nosfy.build/Debug-iphonesimulator/Nosfy.build/Metal/AuthNebula.air -index-store-path /var/folders/sk/1y78dckn1fbdyvwtdtdy76680000gn/T/nosfy-session-commit-s4q40rbr/DerivedData/Index.noindex/DataStore -MMD -MT dependencies -MF /var/folders/sk/1y78dckn1fbdyvwtdtdy76680000gn/T/nosfy-session-commit-s4q40rbr/DerivedData/Build/Intermediates.noindex/Nosfy.build/Debug-iphonesimulator/Nosfy.build/Metal/AuthNebula.dat /var/folders/sk/1y78dckn1fbdyvwtdtdy76680000gn/T/nosfy-session-commit-s4q40rbr/travail/Nosfy/AuthNebula.metal

CompileMetalFile /var/folders/sk/1y78dckn1fbdyvwtdtdy76680000gn/T/nosfy-session-commit-s4q40rbr/travail/Nosfy/AuroraHome.metal (in target 'Nosfy' from project 'Nosfy')
    cd /var/folders/sk/1y78dckn1fbdyvwtdtdy76680000gn/T/nosfy-session-commit-s4q40rbr/travail
    /var/run/com.apple.security.cryptexd/mnt/com.apple.MobileAsset.MetalToolchain-v17.6.42.0.BA5Ggr/Metal.xctoolchain/usr/bin/metal -c -target air64-apple-ios26.0-simulator -gline-tables-only -frecord-sources -I/var/folders/sk/1y78dckn1fbdyvwtdtdy76680000gn/T/nosfy-session-commit-s4q40rbr/DerivedData/Build/Products/Debug-iphonesimulator/include -F/var/folders/sk/1y78dckn1fbdyvwtdtdy76680000gn/T/nosfy-session-commit-s4q40rbr/DerivedData/Build/Products/Debug-iphonesimulator -isysroot /Applications/Xcode.app/Contents/Developer/Platforms/iPhoneSimulator.platform/Developer/SDKs/iPhoneSimulator26.5.sdk -fmetal-math-mode\=fast -fmetal-math-fp32-functions\=fast -serialize-diagnostics /var/folders/sk/1y78dckn1fbdyvwtdtdy76680000gn/T/nosfy-session-commit-s4q40rbr/DerivedData/Build/Intermediates.noindex/Nosfy.build/Debug-iphonesimulator/Nosfy.build/Metal/AuroraHome.dia -o /var/folders/sk/1y78dckn1fbdyvwtdtdy76680000gn/T/nosfy-session-commit-s4q40rbr/DerivedData/Build/Intermediates.noindex/Nosfy.build/Debug-iphonesimulator/Nosfy.build/Metal/AuroraHome.air -index-store-path /var/folders/sk/1y78dckn1fbdyvwtdtdy76680000gn/T/nosfy-session-commit-s4q40rbr/DerivedData/Index.noindex/DataStore -MMD -MT dependencies -MF /var/folders/sk/1y78dckn1fbdyvwtdtdy76680000gn/T/nosfy-session-commit-s4q40rbr/DerivedData/Build/Intermediates.noindex/Nosfy.build/Debug-iphonesimulator/Nosfy.build/Metal/AuroraHome.dat /var/folders/sk/1y78dckn1fbdyvwtdtdy76680000gn/T/nosfy-session-commit-s4q40rbr/travail/Nosfy/AuroraHome.metal

CompileMetalFile /var/folders/sk/1y78dckn1fbdyvwtdtdy76680000gn/T/nosfy-session-commit-s4q40rbr/travail/Nosfy/AuroraBg.metal (in target 'Nosfy' from project 'Nosfy')
    cd /var/folders/sk/1y78dckn1fbdyvwtdtdy76680000gn/T/nosfy-session-commit-s4q40rbr/travail
    /var/run/com.apple.security.cryptexd/mnt/com.apple.MobileAsset.MetalToolchain-v17.6.42.0.BA5Ggr/Metal.xctoolchain/usr/bin/metal -c -target air64-apple-ios26.0-simulator -gline-tables-only -frecord-sources -I/var/folders/sk/1y78dckn1fbdyvwtdtdy76680000gn/T/nosfy-session-commit-s4q40rbr/DerivedData/Build/Products/Debug-iphonesimulator/include -F/var/folders/sk/1y78dckn1fbdyvwtdtdy76680000gn/T/nosfy-session-commit-s4q40rbr/DerivedData/Build/Products/Debug-iphonesimulator -isysroot /Applications/Xcode.app/Contents/Developer/Platforms/iPhoneSimulator.platform/Developer/SDKs/iPhoneSimulator26.5.sdk -fmetal-math-mode\=fast -fmetal-math-fp32-functions\=fast -serialize-diagnostics /var/folders/sk/1y78dckn1fbdyvwtdtdy76680000gn/T/nosfy-session-commit-s4q40rbr/DerivedData/Build/Intermediates.noindex/Nosfy.build/Debug-iphonesimulator/Nosfy.build/Metal/AuroraBg.dia -o /var/folders/sk/1y78dckn1fbdyvwtdtdy76680000gn/T/nosfy-session-commit-s4q40rbr/DerivedData/Build/Intermediates.noindex/Nosfy.build/Debug-iphonesimulator/Nosfy.build/Metal/AuroraBg.air -index-store-path /var/folders/sk/1y78dckn1fbdyvwtdtdy76680000gn/T/nosfy-session-commit-s4q40rbr/DerivedData/Index.noindex/DataStore -MMD -MT dependencies -MF /var/folders/sk/1y78dckn1fbdyvwtdtdy76680000gn/T/nosfy-session-commit-s4q40rbr/DerivedData/Build/Intermediates.noindex/Nosfy.build/Debug-iphonesimulator/Nosfy.build/Metal/AuroraBg.dat /var/folders/sk/1y78dckn1fbdyvwtdtdy76680000gn/T/nosfy-session-commit-s4q40rbr/travail/Nosfy/AuroraBg.metal

CompileAssetCatalogVariant thinned /var/folders/sk/1y78dckn1fbdyvwtdtdy76680000gn/T/nosfy-session-commit-s4q40rbr/DerivedData/Build/Products/Debug-iphonesimulator/Nosfy.app /var/folders/sk/1y78dckn1fbdyvwtdtdy76680000gn/T/nosfy-session-commit-s4q40rbr/travail/NosfyShared/LiveAssets.xcassets /var/folders/sk/1y78dckn1fbdyvwtdtdy76680000gn/T/nosfy-session-commit-s4q40rbr/travail/Nosfy/AppIcon.icon /var/folders/sk/1y78dckn1fbdyvwtdtdy76680000gn/T/nosfy-session-commit-s4q40rbr/travail/Nosfy/Assets.xcassets (in target 'Nosfy' from project 'Nosfy')
    cd /var/folders/sk/1y78dckn1fbdyvwtdtdy76680000gn/T/nosfy-session-commit-s4q40rbr/travail
    /Applications/Xcode.app/Contents/Developer/usr/bin/actool /var/folders/sk/1y78dckn1fbdyvwtdtdy76680000gn/T/nosfy-session-commit-s4q40rbr/travail/NosfyShared/LiveAssets.xcassets /var/folders/sk/1y78dckn1fbdyvwtdtdy76680000gn/T/nosfy-session-commit-s4q40rbr/travail/Nosfy/AppIcon.icon /var/folders/sk/1y78dckn1fbdyvwtdtdy76680000gn/T/nosfy-session-commit-s4q40rbr/travail/Nosfy/Assets.xcassets --compile /var/folders/sk/1y78dckn1fbdyvwtdtdy76680000gn/T/nosfy-session-commit-s4q40rbr/DerivedData/Build/Intermediates.noindex/Nosfy.build/Debug-iphonesimulator/Nosfy.build/assetcatalog_output/thinned --output-format human-readable-text --notices --warnings --export-dependency-info /var/folders/sk/1y78dckn1fbdyvwtdtdy76680000gn/T/nosfy-session-commit-s4q40rbr/DerivedData/Build/Intermediates.noindex/Nosfy.build/Debug-iphonesimulator/Nosfy.build/assetcatalog_dependencies_thinned --output-partial-info-plist /var/folders/sk/1y78dckn1fbdyvwtdtdy76680000gn/T/nosfy-session-commit-s4q40rbr/DerivedData/Build/Intermediates.noindex/Nosfy.build/Debug-iphonesimulator/Nosfy.build/assetcatalog_generated_info.plist_thinned --app-icon AppIcon --accent-color AccentColor --compress-pngs --enable-on-demand-resources YES --development-region fr --target-device iphone --minimum-deployment-target 26.0 --platform iphonesimulator
2026-09-19 10:31:22.153 AssetCatalogSimulatorAgent[29590:20217428] The filter 'CIPortraitEffectSpillCorrection' is not implemented in the bundle at /Library/Developer/CoreSimulator/Volumes/iOS_23F77/Library/Developer/CoreSimulator/Profiles/Runtimes/iOS 26.5.simruntime/Contents/Resources/RuntimeRoot/System/Library/CoreImage/PortraitFilters.cifilter.
/* com.apple.actool.compilation-results */
/var/folders/sk/1y78dckn1fbdyvwtdtdy76680000gn/T/nosfy-session-commit-s4q40rbr/DerivedData/Build/Intermediates.noindex/Nosfy.build/Debug-iphonesimulator/Nosfy.build/assetcatalog_generated_info.plist_thinned
/var/folders/sk/1y78dckn1fbdyvwtdtdy76680000gn/T/nosfy-session-commit-s4q40rbr/DerivedData/Build/Intermediates.noindex/Nosfy.build/Debug-iphonesimulator/Nosfy.build/assetcatalog_output/thinned/AppIcon60x60@2x.png
/var/folders/sk/1y78dckn1fbdyvwtdtdy76680000gn/T/nosfy-session-commit-s4q40rbr/DerivedData/Build/Intermediates.noindex/Nosfy.build/Debug-iphonesimulator/Nosfy.build/assetcatalog_output/thinned/AppIcon76x76@2x~ipad.png
/var/folders/sk/1y78dckn1fbdyvwtdtdy76680000gn/T/nosfy-session-commit-s4q40rbr/DerivedData/Build/Intermediates.noindex/Nosfy.build/Debug-iphonesimulator/Nosfy.build/assetcatalog_output/thinned/Assets.car


SwiftDriver Nosfy normal arm64 com.apple.xcode.tools.swift.compiler (in target 'Nosfy' from project 'Nosfy')
    cd /var/folders/sk/1y78dckn1fbdyvwtdtdy76680000gn/T/nosfy-session-commit-s4q40rbr/travail
    builtin-SwiftDriver -- /Applications/Xcode.app/Contents/Developer/Toolchains/XcodeDefault.xctoolchain/usr/bin/swiftc -module-name Woop -Onone @/var/folders/sk/1y78dckn1fbdyvwtdtdy76680000gn/T/nosfy-session-commit-s4q40rbr/DerivedData/Build/Intermediates.noindex/Nosfy.build/Debug-iphonesimulator/Nosfy.build/Objects-normal/arm64/Nosfy.SwiftFileList -DDEBUG -enable-bare-slash-regex -enable-experimental-feature DebugDescriptionMacro -sdk /Applications/Xcode.app/Contents/Developer/Platforms/iPhoneSimulator.platform/Developer/SDKs/iPhoneSimulator26.5.sdk -target arm64-apple-ios26.0-simulator -g -module-cache-path /var/folders/sk/1y78dckn1fbdyvwtdtdy76680000gn/T/nosfy-session-commit-s4q40rbr/DerivedData/ModuleCache.noindex -Xfrontend -serialize-debugging-options -enable-testing -index-store-path /var/folders/sk/1y78dckn1fbdyvwtdtdy76680000gn/T/nosfy-session-commit-s4q40rbr/DerivedData/Index.noindex/DataStore -Xcc -D_LIBCPP_HARDENING_MODE\=_LIBCPP_HARDENING_MODE_DEBUG -swift-version 5 -I /var/folders/sk/1y78dckn1fbdyvwtdtdy76680000gn/T/nosfy-session-commit-s4q40rbr/DerivedData/Build/Products/Debug-iphonesimulator -F /var/folders/sk/1y78dckn1fbdyvwtdtdy76680000gn/T/nosfy-session-commit-s4q40rbr/DerivedData/Build/Products/Debug-iphonesimulator -emit-localized-strings -emit-localized-strings-path /var/folders/sk/1y78dckn1fbdyvwtdtdy76680000gn/T/nosfy-session-commit-s4q40rbr/DerivedData/Build/Intermediates.noindex/Nosfy.build/Debug-iphonesimulator/Nosfy.build/Objects-normal/arm64 -c -j10 -enable-batch-mode -incremental -Xcc -ivfsstatcache -Xcc /var/folders/sk/1y78dckn1fbdyvwtdtdy76680000gn/T/nosfy-session-commit-s4q40rbr/DerivedData/SDKStatCaches.noindex/iphonesimulator26.5-23F73-688ef53f1462e2c8f657fdc38a81448f6cfe768891a92b912361537c460fe42b.sdkstatcache -output-file-map /var/folders/sk/1y78dckn1fbdyvwtdtdy76680000gn/T/nosfy-session-commit-s4q40rbr/DerivedData/Build/Intermediates.noindex/Nosfy.build/Debug-iphonesimulator/Nosfy.build/Objects-normal/arm64/Nosfy-OutputFileMap.json -use-frontend-parseable-output -save-temps -no-color-diagnostics -explicit-module-build -module-cache-path /var/folders/sk/1y78dckn1fbdyvwtdtdy76680000gn/T/nosfy-session-commit-s4q40rbr/DerivedData/Build/Intermediates.noindex/SwiftExplicitPrecompiledModules -clang-scanner-module-cache-path /var/folders/sk/1y78dckn1fbdyvwtdtdy76680000gn/T/nosfy-session-commit-s4q40rbr/DerivedData/ModuleCache.noindex -sdk-module-cache-path /var/folders/sk/1y78dckn1fbdyvwtdtdy76680000gn/T/nosfy-session-commit-s4q40rbr/DerivedData/ModuleCache.noindex -serialize-diagnostics -emit-dependencies -emit-module -emit-module-path /var/folders/sk/1y78dckn1fbdyvwtdtdy76680000gn/T/nosfy-session-commit-s4q40rbr/DerivedData/Build/Intermediates.noindex/Nosfy.build/Debug-iphonesimulator/Nosfy.build/Objects-normal/arm64/Woop.swiftmodule -validate-clang-modules-once -clang-build-session-file /var/folders/sk/1y78dckn1fbdyvwtdtdy76680000gn/T/nosfy-session-commit-s4q40rbr/DerivedData/ModuleCache.noindex/Session.modulevalidation -Xcc -I/var/folders/sk/1y78dckn1fbdyvwtdtdy76680000gn/T/nosfy-session-commit-s4q40rbr/DerivedData/Build/Intermediates.noindex/Nosfy.build/Debug-iphonesimulator/Nosfy.build/swift-overrides.hmap -emit-const-values -Xfrontend -const-gather-protocols-file -Xfrontend /var/folders/sk/1y78dckn1fbdyvwtdtdy76680000gn/T/nosfy-session-commit-s4q40rbr/DerivedData/Build/Intermediates.noindex/Nosfy.build/Debug-iphonesimulator/Nosfy.build/Objects-normal/arm64/Nosfy_const_extract_protocols.json -Xcc -iquote -Xcc /var/folders/sk/1y78dckn1fbdyvwtdtdy76680000gn/T/nosfy-session-commit-s4q40rbr/DerivedData/Build/Intermediates.noindex/Nosfy.build/Debug-iphonesimulator/Nosfy.build/Nosfy-generated-files.hmap -Xcc -I/var/folders/sk/1y78dckn1fbdyvwtdtdy76680000gn/T/nosfy-session-commit-s4q40rbr/DerivedData/Build/Intermediates.noindex/Nosfy.build/Debug-iphonesimulator/Nosfy.build/Nosfy-own-target-headers.hmap -Xcc -I/var/folders/sk/1y78dckn1fbdyvwtdtdy76680000gn/T/nosfy-session-commit-s4q40rbr/DerivedData/Build/Intermediates.noindex/Nosfy.build/Debug-iphonesimulator/Nosfy.build/Nosfy-all-target-headers.hmap -Xcc -iquote -Xcc /var/folders/sk/1y78dckn1fbdyvwtdtdy76680000gn/T/nosfy-session-commit-s4q40rbr/DerivedData/Build/Intermediates.noindex/Nosfy.build/Debug-iphonesimulator/Nosfy.build/Nosfy-project-headers.hmap -Xcc -I/var/folders/sk/1y78dckn1fbdyvwtdtdy76680000gn/T/nosfy-session-commit-s4q40rbr/DerivedData/Build/Products/Debug-iphonesimulator/include -Xcc -I/var/folders/sk/1y78dckn1fbdyvwtdtdy76680000gn/T/nosfy-session-commit-s4q40rbr/DerivedData/Build/Intermediates.noindex/Nosfy.build/Debug-iphonesimulator/Nosfy.build/DerivedSources-normal/arm64 -Xcc -I/var/folders/sk/1y78dckn1fbdyvwtdtdy76680000gn/T/nosfy-session-commit-s4q40rbr/DerivedData/Build/Intermediates.noindex/Nosfy.build/Debug-iphonesimulator/Nosfy.build/DerivedSources/arm64 -Xcc -I/var/folders/sk/1y78dckn1fbdyvwtdtdy76680000gn/T/nosfy-session-commit-s4q40rbr/DerivedData/Build/Intermediates.noindex/Nosfy.build/Debug-iphonesimulator/Nosfy.build/DerivedSources -Xcc -DDEBUG\=1 -emit-objc-header -emit-objc-header-path /var/folders/sk/1y78dckn1fbdyvwtdtdy76680000gn/T/nosfy-session-commit-s4q40rbr/DerivedData/Build/Intermediates.noindex/Nosfy.build/Debug-iphonesimulator/Nosfy.build/Objects-normal/arm64/Woop-Swift.h -working-directory /var/folders/sk/1y78dckn1fbdyvwtdtdy76680000gn/T/nosfy-session-commit-s4q40rbr/travail -experimental-emit-module-separately -disable-cmo

MetalLink /var/folders/sk/1y78dckn1fbdyvwtdtdy76680000gn/T/nosfy-session-commit-s4q40rbr/DerivedData/Build/Products/Debug-iphonesimulator/Nosfy.app/default.metallib (in target 'Nosfy' from project 'Nosfy')
    cd /var/folders/sk/1y78dckn1fbdyvwtdtdy76680000gn/T/nosfy-session-commit-s4q40rbr/travail
    /var/run/com.apple.security.cryptexd/mnt/com.apple.MobileAsset.MetalToolchain-v17.6.42.0.BA5Ggr/Metal.xctoolchain/usr/bin/metal -target air64-apple-ios26.0-simulator -frecord-sources -o /var/folders/sk/1y78dckn1fbdyvwtdtdy76680000gn/T/nosfy-session-commit-s4q40rbr/DerivedData/Build/Products/Debug-iphonesimulator/Nosfy.app/default.metallib /var/folders/sk/1y78dckn1fbdyvwtdtdy76680000gn/T/nosfy-session-commit-s4q40rbr/DerivedData/Build/Intermediates.noindex/Nosfy.build/Debug-iphonesimulator/Nosfy.build/Metal/GlassFX.air /var/folders/sk/1y78dckn1fbdyvwtdtdy76680000gn/T/nosfy-session-commit-s4q40rbr/DerivedData/Build/Intermediates.noindex/Nosfy.build/Debug-iphonesimulator/Nosfy.build/Metal/InkGrain.air /var/folders/sk/1y78dckn1fbdyvwtdtdy76680000gn/T/nosfy-session-commit-s4q40rbr/DerivedData/Build/Intermediates.noindex/Nosfy.build/Debug-iphonesimulator/Nosfy.build/Metal/AuroraBg.air /var/folders/sk/1y78dckn1fbdyvwtdtdy76680000gn/T/nosfy-session-commit-s4q40rbr/DerivedData/Build/Intermediates.noindex/Nosfy.build/Debug-iphonesimulator/Nosfy.build/Metal/AuroraHome.air /var/folders/sk/1y78dckn1fbdyvwtdtdy76680000gn/T/nosfy-session-commit-s4q40rbr/DerivedData/Build/Intermediates.noindex/Nosfy.build/Debug-iphonesimulator/Nosfy.build/Metal/AuthNebula.air /var/folders/sk/1y78dckn1fbdyvwtdtdy76680000gn/T/nosfy-session-commit-s4q40rbr/DerivedData/Build/Intermediates.noindex/Nosfy.build/Debug-iphonesimulator/Nosfy.build/Metal/BravoPill.air /var/folders/sk/1y78dckn1fbdyvwtdtdy76680000gn/T/nosfy-session-commit-s4q40rbr/DerivedData/Build/Intermediates.noindex/Nosfy.build/Debug-iphonesimulator/Nosfy.build/Metal/CarnetCuir.air /var/folders/sk/1y78dckn1fbdyvwtdtdy76680000gn/T/nosfy-session-commit-s4q40rbr/DerivedData/Build/Intermediates.noindex/Nosfy.build/Debug-iphonesimulator/Nosfy.build/Metal/CarteLune.air /var/folders/sk/1y78dckn1fbdyvwtdtdy76680000gn/T/nosfy-session-commit-s4q40rbr/DerivedData/Build/Intermediates.noindex/Nosfy.build/Debug-iphonesimulator/Nosfy.build/Metal/CorpsLisere.air /var/folders/sk/1y78dckn1fbdyvwtdtdy76680000gn/T/nosfy-session-commit-s4q40rbr/DerivedData/Build/Intermediates.noindex/Nosfy.build/Debug-iphonesimulator/Nosfy.build/Metal/DemonSky-634d924f80a778ecdee3e0fb8c3bc2ec.air /var/folders/sk/1y78dckn1fbdyvwtdtdy76680000gn/T/nosfy-session-commit-s4q40rbr/DerivedData/Build/Intermediates.noindex/Nosfy.build/Debug-iphonesimulator/Nosfy.build/Metal/DiamondButton.air /var/folders/sk/1y78dckn1fbdyvwtdtdy76680000gn/T/nosfy-session-commit-s4q40rbr/DerivedData/Build/Intermediates.noindex/Nosfy.build/Debug-iphonesimulator/Nosfy.build/Metal/EclipseHalo.air /var/folders/sk/1y78dckn1fbdyvwtdtdy76680000gn/T/nosfy-session-commit-s4q40rbr/DerivedData/Build/Intermediates.noindex/Nosfy.build/Debug-iphonesimulator/Nosfy.build/Metal/EmberFlame.air /var/folders/sk/1y78dckn1fbdyvwtdtdy76680000gn/T/nosfy-session-commit-s4q40rbr/DerivedData/Build/Intermediates.noindex/Nosfy.build/Debug-iphonesimulator/Nosfy.build/Metal/ExoHeaderGlow.air /var/folders/sk/1y78dckn1fbdyvwtdtdy76680000gn/T/nosfy-session-commit-s4q40rbr/DerivedData/Build/Intermediates.noindex/Nosfy.build/Debug-iphonesimulator/Nosfy.build/Metal/ExosHalo.air /var/folders/sk/1y78dckn1fbdyvwtdtdy76680000gn/T/nosfy-session-commit-s4q40rbr/DerivedData/Build/Intermediates.noindex/Nosfy.build/Debug-iphonesimulator/Nosfy.build/Metal/FlameJewel.air /var/folders/sk/1y78dckn1fbdyvwtdtdy76680000gn/T/nosfy-session-commit-s4q40rbr/DerivedData/Build/Intermediates.noindex/Nosfy.build/Debug-iphonesimulator/Nosfy.build/Metal/FondVideoMetal-0e88d8f472e3946cfd37a6cdd8768c3a.air /var/folders/sk/1y78dckn1fbdyvwtdtdy76680000gn/T/nosfy-session-commit-s4q40rbr/DerivedData/Build/Intermediates.noindex/Nosfy.build/Debug-iphonesimulator/Nosfy.build/Metal/FumeeX2.air /var/folders/sk/1y78dckn1fbdyvwtdtdy76680000gn/T/nosfy-session-commit-s4q40rbr/DerivedData/Build/Intermediates.noindex/Nosfy.build/Debug-iphonesimulator/Nosfy.build/Metal/GaletLisere.air /var/folders/sk/1y78dckn1fbdyvwtdtdy76680000gn/T/nosfy-session-commit-s4q40rbr/DerivedData/Build/Intermediates.noindex/Nosfy.build/Debug-iphonesimulator/Nosfy.build/Metal/GaletMedaillon.air /var/folders/sk/1y78dckn1fbdyvwtdtdy76680000gn/T/nosfy-session-commit-s4q40rbr/DerivedData/Build/Intermediates.noindex/Nosfy.build/Debug-iphonesimulator/Nosfy.build/Metal/GaletStage.air /var/folders/sk/1y78dckn1fbdyvwtdtdy76680000gn/T/nosfy-session-commit-s4q40rbr/DerivedData/Build/Intermediates.noindex/Nosfy.build/Debug-iphonesimulator/Nosfy.build/Metal/HaloDawn.air /var/folders/sk/1y78dckn1fbdyvwtdtdy76680000gn/T/nosfy-session-commit-s4q40rbr/DerivedData/Build/Intermediates.noindex/Nosfy.build/Debug-iphonesimulator/Nosfy.build/Metal/HomeNuit-9850bc366ef46401998b69ad1a351f56.air /var/folders/sk/1y78dckn1fbdyvwtdtdy76680000gn/T/nosfy-session-commit-s4q40rbr/DerivedData/Build/Intermediates.noindex/Nosfy.build/Debug-iphonesimulator/Nosfy.build/Metal/JaugeLacque.air /var/folders/sk/1y78dckn1fbdyvwtdtdy76680000gn/T/nosfy-session-commit-s4q40rbr/DerivedData/Build/Intermediates.noindex/Nosfy.build/Debug-iphonesimulator/Nosfy.build/Metal/LiquidLens.air /var/folders/sk/1y78dckn1fbdyvwtdtdy76680000gn/T/nosfy-session-commit-s4q40rbr/DerivedData/Build/Intermediates.noindex/Nosfy.build/Debug-iphonesimulator/Nosfy.build/Metal/LoginAurora.air /var/folders/sk/1y78dckn1fbdyvwtdtdy76680000gn/T/nosfy-session-commit-s4q40rbr/DerivedData/Build/Intermediates.noindex/Nosfy.build/Debug-iphonesimulator/Nosfy.build/Metal/LogoMonolith.air /var/folders/sk/1y78dckn1fbdyvwtdtdy76680000gn/T/nosfy-session-commit-s4q40rbr/DerivedData/Build/Intermediates.noindex/Nosfy.build/Debug-iphonesimulator/Nosfy.build/Metal/MoonCoin.air /var/folders/sk/1y78dckn1fbdyvwtdtdy76680000gn/T/nosfy-session-commit-s4q40rbr/DerivedData/Build/Intermediates.noindex/Nosfy.build/Debug-iphonesimulator/Nosfy.build/Metal/NavMonolith.air /var/folders/sk/1y78dckn1fbdyvwtdtdy76680000gn/T/nosfy-session-commit-s4q40rbr/DerivedData/Build/Intermediates.noindex/Nosfy.build/Debug-iphonesimulator/Nosfy.build/Metal/NebulaShaders.air /var/folders/sk/1y78dckn1fbdyvwtdtdy76680000gn/T/nosfy-session-commit-s4q40rbr/DerivedData/Build/Intermediates.noindex/Nosfy.build/Debug-iphonesimulator/Nosfy.build/Metal/NeonPrimary.air /var/folders/sk/1y78dckn1fbdyvwtdtdy76680000gn/T/nosfy-session-commit-s4q40rbr/DerivedData/Build/Intermediates.noindex/Nosfy.build/Debug-iphonesimulator/Nosfy.build/Metal/ObjectiveJewel.air /var/folders/sk/1y78dckn1fbdyvwtdtdy76680000gn/T/nosfy-session-commit-s4q40rbr/DerivedData/Build/Intermediates.noindex/Nosfy.build/Debug-iphonesimulator/Nosfy.build/Metal/ObsidianCard-b9fd9037b6d2c0dfdb2cb87409dc5093.air /var/folders/sk/1y78dckn1fbdyvwtdtdy76680000gn/T/nosfy-session-commit-s4q40rbr/DerivedData/Build/Intermediates.noindex/Nosfy.build/Debug-iphonesimulator/Nosfy.build/Metal/PebbleDust.air /var/folders/sk/1y78dckn1fbdyvwtdtdy76680000gn/T/nosfy-session-commit-s4q40rbr/DerivedData/Build/Intermediates.noindex/Nosfy.build/Debug-iphonesimulator/Nosfy.build/Metal/PieceVerre.air /var/folders/sk/1y78dckn1fbdyvwtdtdy76680000gn/T/nosfy-session-commit-s4q40rbr/DerivedData/Build/Intermediates.noindex/Nosfy.build/Debug-iphonesimulator/Nosfy.build/Metal/PorteCaresse.air /var/folders/sk/1y78dckn1fbdyvwtdtdy76680000gn/T/nosfy-session-commit-s4q40rbr/DerivedData/Build/Intermediates.noindex/Nosfy.build/Debug-iphonesimulator/Nosfy.build/Metal/TreasureBadge.air /var/folders/sk/1y78dckn1fbdyvwtdtdy76680000gn/T/nosfy-session-commit-s4q40rbr/DerivedData/Build/Intermediates.noindex/Nosfy.build/Debug-iphonesimulator/Nosfy.build/Metal/VerreCoulant-436520507507b34d781cfb4aa41ad7e5.air /var/folders/sk/1y78dckn1fbdyvwtdtdy76680000gn/T/nosfy-session-commit-s4q40rbr/DerivedData/Build/Intermediates.noindex/Nosfy.build/Debug-iphonesimulator/Nosfy.build/Metal/VerreGalet.air /var/folders/sk/1y78dckn1fbdyvwtdtdy76680000gn/T/nosfy-session-commit-s4q40rbr/DerivedData/Build/Intermediates.noindex/Nosfy.build/Debug-iphonesimulator/Nosfy.build/Metal/WahouAura.air

SwiftDriverJobDiscovery normal arm64 Compiling NosfyWidgetsBundle.swift (in target 'NosfyWidgets' from project 'Nosfy')

SwiftDriverJobDiscovery normal arm64 Compiling WorkoutLiveActivity.swift (in target 'NosfyWidgets' from project 'Nosfy')

SwiftDriver\ Compilation NosfyWidgets normal arm64 com.apple.xcode.tools.swift.compiler (in target 'NosfyWidgets' from project 'Nosfy')
    cd /var/folders/sk/1y78dckn1fbdyvwtdtdy76680000gn/T/nosfy-session-commit-s4q40rbr/travail
    builtin-Swift-Compilation -- /Applications/Xcode.app/Contents/Developer/Toolchains/XcodeDefault.xctoolchain/usr/bin/swiftc -module-name NosfyWidgets -Onone @/var/folders/sk/1y78dckn1fbdyvwtdtdy76680000gn/T/nosfy-session-commit-s4q40rbr/DerivedData/Build/Intermediates.noindex/Nosfy.build/Debug-iphonesimulator/NosfyWidgets.build/Objects-normal/arm64/NosfyWidgets.SwiftFileList -DDEBUG -enable-bare-slash-regex -enable-experimental-feature DebugDescriptionMacro -sdk /Applications/Xcode.app/Contents/Developer/Platforms/iPhoneSimulator.platform/Developer/SDKs/iPhoneSimulator26.5.sdk -target arm64-apple-ios26.0-simulator -g -module-cache-path /var/folders/sk/1y78dckn1fbdyvwtdtdy76680000gn/T/nosfy-session-commit-s4q40rbr/DerivedData/ModuleCache.noindex -Xfrontend -serialize-debugging-options -application-extension -enable-testing -index-store-path /var/folders/sk/1y78dckn1fbdyvwtdtdy76680000gn/T/nosfy-session-commit-s4q40rbr/DerivedData/Index.noindex/DataStore -Xcc -D_LIBCPP_HARDENING_MODE\=_LIBCPP_HARDENING_MODE_DEBUG -swift-version 5 -I /var/folders/sk/1y78dckn1fbdyvwtdtdy76680000gn/T/nosfy-session-commit-s4q40rbr/DerivedData/Build/Products/Debug-iphonesimulator -F /var/folders/sk/1y78dckn1fbdyvwtdtdy76680000gn/T/nosfy-session-commit-s4q40rbr/DerivedData/Build/Products/Debug-iphonesimulator -emit-localized-strings -emit-localized-strings-path /var/folders/sk/1y78dckn1fbdyvwtdtdy76680000gn/T/nosfy-session-commit-s4q40rbr/DerivedData/Build/Intermediates.noindex/Nosfy.build/Debug-iphonesimulator/NosfyWidgets.build/Objects-normal/arm64 -c -j10 -enable-batch-mode -incremental -Xcc -ivfsstatcache -Xcc /var/folders/sk/1y78dckn1fbdyvwtdtdy76680000gn/T/nosfy-session-commit-s4q40rbr/DerivedData/SDKStatCaches.noindex/iphonesimulator26.5-23F73-688ef53f1462e2c8f657fdc38a81448f6cfe768891a92b912361537c460fe42b.sdkstatcache -output-file-map /var/folders/sk/1y78dckn1fbdyvwtdtdy76680000gn/T/nosfy-session-commit-s4q40rbr/DerivedData/Build/Intermediates.noindex/Nosfy.build/Debug-iphonesimulator/NosfyWidgets.build/Objects-normal/arm64/NosfyWidgets-OutputFileMap.json -use-frontend-parseable-output -save-temps -no-color-diagnostics -explicit-module-build -module-cache-path /var/folders/sk/1y78dckn1fbdyvwtdtdy76680000gn/T/nosfy-session-commit-s4q40rbr/DerivedData/Build/Intermediates.noindex/SwiftExplicitPrecompiledModules -clang-scanner-module-cache-path /var/folders/sk/1y78dckn1fbdyvwtdtdy76680000gn/T/nosfy-session-commit-s4q40rbr/DerivedData/ModuleCache.noindex -sdk-module-cache-path /var/folders/sk/1y78dckn1fbdyvwtdtdy76680000gn/T/nosfy-session-commit-s4q40rbr/DerivedData/ModuleCache.noindex -serialize-diagnostics -emit-dependencies -emit-module -emit-module-path /var/folders/sk/1y78dckn1fbdyvwtdtdy76680000gn/T/nosfy-session-commit-s4q40rbr/DerivedData/Build/Intermediates.noindex/Nosfy.build/Debug-iphonesimulator/NosfyWidgets.build/Objects-normal/arm64/NosfyWidgets.swiftmodule -validate-clang-modules-once -clang-build-session-file /var/folders/sk/1y78dckn1fbdyvwtdtdy76680000gn/T/nosfy-session-commit-s4q40rbr/DerivedData/ModuleCache.noindex/Session.modulevalidation -Xcc -I/var/folders/sk/1y78dckn1fbdyvwtdtdy76680000gn/T/nosfy-session-commit-s4q40rbr/DerivedData/Build/Intermediates.noindex/Nosfy.build/Debug-iphonesimulator/NosfyWidgets.build/swift-overrides.hmap -emit-const-values -Xfrontend -const-gather-protocols-file -Xfrontend /var/folders/sk/1y78dckn1fbdyvwtdtdy76680000gn/T/nosfy-session-commit-s4q40rbr/DerivedData/Build/Intermediates.noindex/Nosfy.build/Debug-iphonesimulator/NosfyWidgets.build/Objects-normal/arm64/NosfyWidgets_const_extract_protocols.json -Xcc -iquote -Xcc /var/folders/sk/1y78dckn1fbdyvwtdtdy76680000gn/T/nosfy-session-commit-s4q40rbr/DerivedData/Build/Intermediates.noindex/Nosfy.build/Debug-iphonesimulator/NosfyWidgets.build/NosfyWidgets-generated-files.hmap -Xcc -I/var/folders/sk/1y78dckn1fbdyvwtdtdy76680000gn/T/nosfy-session-commit-s4q40rbr/DerivedData/Build/Intermediates.noindex/Nosfy.build/Debug-iphonesimulator/NosfyWidgets.build/NosfyWidgets-own-target-headers.hmap -Xcc -I/var/folders/sk/1y78dckn1fbdyvwtdtdy76680000gn/T/nosfy-session-commit-s4q40rbr/DerivedData/Build/Intermediates.noindex/Nosfy.build/Debug-iphonesimulator/NosfyWidgets.build/NosfyWidgets-all-target-headers.hmap -Xcc -iquote -Xcc /var/folders/sk/1y78dckn1fbdyvwtdtdy76680000gn/T/nosfy-session-commit-s4q40rbr/DerivedData/Build/Intermediates.noindex/Nosfy.build/Debug-iphonesimulator/NosfyWidgets.build/NosfyWidgets-project-headers.hmap -Xcc -I/var/folders/sk/1y78dckn1fbdyvwtdtdy76680000gn/T/nosfy-session-commit-s4q40rbr/DerivedData/Build/Products/Debug-iphonesimulator/include -Xcc -I/var/folders/sk/1y78dckn1fbdyvwtdtdy76680000gn/T/nosfy-session-commit-s4q40rbr/DerivedData/Build/Intermediates.noindex/Nosfy.build/Debug-iphonesimulator/NosfyWidgets.build/DerivedSources-normal/arm64 -Xcc -I/var/folders/sk/1y78dckn1fbdyvwtdtdy76680000gn/T/nosfy-session-commit-s4q40rbr/DerivedData/Build/Intermediates.noindex/Nosfy.build/Debug-iphonesimulator/NosfyWidgets.build/DerivedSources/arm64 -Xcc -I/var/folders/sk/1y78dckn1fbdyvwtdtdy76680000gn/T/nosfy-session-commit-s4q40rbr/DerivedData/Build/Intermediates.noindex/Nosfy.build/Debug-iphonesimulator/NosfyWidgets.build/DerivedSources -Xcc -DDEBUG\=1 -emit-objc-header -emit-objc-header-path /var/folders/sk/1y78dckn1fbdyvwtdtdy76680000gn/T/nosfy-session-commit-s4q40rbr/DerivedData/Build/Intermediates.noindex/Nosfy.build/Debug-iphonesimulator/NosfyWidgets.build/Objects-normal/arm64/NosfyWidgets-Swift.h -working-directory /var/folders/sk/1y78dckn1fbdyvwtdtdy76680000gn/T/nosfy-session-commit-s4q40rbr/travail -experimental-emit-module-separately -disable-cmo

Ld /var/folders/sk/1y78dckn1fbdyvwtdtdy76680000gn/T/nosfy-session-commit-s4q40rbr/DerivedData/Build/Products/Debug-iphonesimulator/NosfyWidgets.appex/NosfyWidgets.debug.dylib normal (in target 'NosfyWidgets' from project 'Nosfy')
    cd /var/folders/sk/1y78dckn1fbdyvwtdtdy76680000gn/T/nosfy-session-commit-s4q40rbr/travail
    /Applications/Xcode.app/Contents/Developer/Toolchains/XcodeDefault.xctoolchain/usr/bin/clang -Xlinker -reproducible -target arm64-apple-ios26.0-simulator -dynamiclib -isysroot /Applications/Xcode.app/Contents/Developer/Platforms/iPhoneSimulator.platform/Developer/SDKs/iPhoneSimulator26.5.sdk -O0 -L/var/folders/sk/1y78dckn1fbdyvwtdtdy76680000gn/T/nosfy-session-commit-s4q40rbr/DerivedData/Build/Intermediates.noindex/EagerLinkingTBDs/Debug-iphonesimulator -L/var/folders/sk/1y78dckn1fbdyvwtdtdy76680000gn/T/nosfy-session-commit-s4q40rbr/DerivedData/Build/Products/Debug-iphonesimulator -F/var/folders/sk/1y78dckn1fbdyvwtdtdy76680000gn/T/nosfy-session-commit-s4q40rbr/DerivedData/Build/Intermediates.noindex/EagerLinkingTBDs/Debug-iphonesimulator -F/var/folders/sk/1y78dckn1fbdyvwtdtdy76680000gn/T/nosfy-session-commit-s4q40rbr/DerivedData/Build/Products/Debug-iphonesimulator -filelist /var/folders/sk/1y78dckn1fbdyvwtdtdy76680000gn/T/nosfy-session-commit-s4q40rbr/DerivedData/Build/Intermediates.noindex/Nosfy.build/Debug-iphonesimulator/NosfyWidgets.build/Objects-normal/arm64/NosfyWidgets.LinkFileList -install_name @rpath/NosfyWidgets.debug.dylib -Xlinker -rpath -Xlinker @executable_path/Frameworks -Xlinker -rpath -Xlinker @executable_path/../../Frameworks -Xlinker -dead_strip -Xlinker -object_path_lto -Xlinker /var/folders/sk/1y78dckn1fbdyvwtdtdy76680000gn/T/nosfy-session-commit-s4q40rbr/DerivedData/Build/Intermediates.noindex/Nosfy.build/Debug-iphonesimulator/NosfyWidgets.build/Objects-normal/arm64/NosfyWidgets_lto.o -rdynamic -Xlinker -no_deduplicate -Xlinker -objc_abi_version -Xlinker 2 -Xlinker -dependency_info -Xlinker /var/folders/sk/1y78dckn1fbdyvwtdtdy76680000gn/T/nosfy-session-commit-s4q40rbr/DerivedData/Build/Intermediates.noindex/Nosfy.build/Debug-iphonesimulator/NosfyWidgets.build/Objects-normal/arm64/NosfyWidgets_dependency_info.dat -fapplication-extension -fobjc-link-runtime -L/Applications/Xcode.app/Contents/Developer/Toolchains/XcodeDefault.xctoolchain/usr/lib/swift/iphonesimulator -L/usr/lib/swift -Xlinker -add_ast_path -Xlinker /var/folders/sk/1y78dckn1fbdyvwtdtdy76680000gn/T/nosfy-session-commit-s4q40rbr/DerivedData/Build/Intermediates.noindex/Nosfy.build/Debug-iphonesimulator/NosfyWidgets.build/Objects-normal/arm64/NosfyWidgets.swiftmodule @/var/folders/sk/1y78dckn1fbdyvwtdtdy76680000gn/T/nosfy-session-commit-s4q40rbr/DerivedData/Build/Intermediates.noindex/Nosfy.build/Debug-iphonesimulator/NosfyWidgets.build/Objects-normal/arm64/NosfyWidgets-linker-args.resp -Xlinker -alias -Xlinker _NSExtensionMain -Xlinker ___debug_main_executable_dylib_entry_point -o /var/folders/sk/1y78dckn1fbdyvwtdtdy76680000gn/T/nosfy-session-commit-s4q40rbr/DerivedData/Build/Products/Debug-iphonesimulator/NosfyWidgets.appex/NosfyWidgets.debug.dylib

ConstructStubExecutorLinkFileList /var/folders/sk/1y78dckn1fbdyvwtdtdy76680000gn/T/nosfy-session-commit-s4q40rbr/DerivedData/Build/Intermediates.noindex/Nosfy.build/Debug-iphonesimulator/NosfyWidgets.build/NosfyWidgets-ExecutorLinkFileList-normal-arm64.txt (in target 'NosfyWidgets' from project 'Nosfy')
    cd /var/folders/sk/1y78dckn1fbdyvwtdtdy76680000gn/T/nosfy-session-commit-s4q40rbr/travail
    construct-stub-executor-link-file-list /var/folders/sk/1y78dckn1fbdyvwtdtdy76680000gn/T/nosfy-session-commit-s4q40rbr/DerivedData/Build/Products/Debug-iphonesimulator/NosfyWidgets.appex/NosfyWidgets.debug.dylib /Applications/Xcode.app/Contents/Developer/Platforms/iPhoneSimulator.platform/Developer/usr/lib/libPreviewsJITStubExecutor_no_swift_entry_point.a /Applications/Xcode.app/Contents/Developer/Platforms/iPhoneSimulator.platform/Developer/usr/lib/libPreviewsJITStubExecutor.a --output /var/folders/sk/1y78dckn1fbdyvwtdtdy76680000gn/T/nosfy-session-commit-s4q40rbr/DerivedData/Build/Intermediates.noindex/Nosfy.build/Debug-iphonesimulator/NosfyWidgets.build/NosfyWidgets-ExecutorLinkFileList-normal-arm64.txt
note: Using stub executor library with Swift entry point. (in target 'NosfyWidgets' from project 'Nosfy')

Ld /var/folders/sk/1y78dckn1fbdyvwtdtdy76680000gn/T/nosfy-session-commit-s4q40rbr/DerivedData/Build/Products/Debug-iphonesimulator/NosfyWidgets.appex/NosfyWidgets normal (in target 'NosfyWidgets' from project 'Nosfy')
    cd /var/folders/sk/1y78dckn1fbdyvwtdtdy76680000gn/T/nosfy-session-commit-s4q40rbr/travail
    /Applications/Xcode.app/Contents/Developer/Toolchains/XcodeDefault.xctoolchain/usr/bin/clang -Xlinker -reproducible -target arm64-apple-ios26.0-simulator -isysroot /Applications/Xcode.app/Contents/Developer/Platforms/iPhoneSimulator.platform/Developer/SDKs/iPhoneSimulator26.5.sdk -O0 -L/var/folders/sk/1y78dckn1fbdyvwtdtdy76680000gn/T/nosfy-session-commit-s4q40rbr/DerivedData/Build/Products/Debug-iphonesimulator -F/var/folders/sk/1y78dckn1fbdyvwtdtdy76680000gn/T/nosfy-session-commit-s4q40rbr/DerivedData/Build/Products/Debug-iphonesimulator -Xlinker -rpath -Xlinker @executable_path -Xlinker -rpath -Xlinker @executable_path/Frameworks -Xlinker -rpath -Xlinker @executable_path/../../Frameworks -rdynamic -Xlinker -no_deduplicate -Xlinker -objc_abi_version -Xlinker 2 -e ___debug_blank_executor_main -Xlinker -sectcreate -Xlinker __TEXT -Xlinker __debug_dylib -Xlinker /var/folders/sk/1y78dckn1fbdyvwtdtdy76680000gn/T/nosfy-session-commit-s4q40rbr/DerivedData/Build/Intermediates.noindex/Nosfy.build/Debug-iphonesimulator/NosfyWidgets.build/NosfyWidgets-DebugDylibPath-normal-arm64.txt -Xlinker -sectcreate -Xlinker __TEXT -Xlinker __debug_entry -Xlinker /var/folders/sk/1y78dckn1fbdyvwtdtdy76680000gn/T/nosfy-session-commit-s4q40rbr/DerivedData/Build/Intermediates.noindex/Nosfy.build/Debug-iphonesimulator/NosfyWidgets.build/NosfyWidgets-DebugEntryPoint-normal-arm64.txt -Xlinker -sectcreate -Xlinker __TEXT -Xlinker __debug_instlnm -Xlinker /var/folders/sk/1y78dckn1fbdyvwtdtdy76680000gn/T/nosfy-session-commit-s4q40rbr/DerivedData/Build/Intermediates.noindex/Nosfy.build/Debug-iphonesimulator/NosfyWidgets.build/NosfyWidgets-DebugDylibInstallName-normal-arm64.txt -Xlinker -filelist -Xlinker /var/folders/sk/1y78dckn1fbdyvwtdtdy76680000gn/T/nosfy-session-commit-s4q40rbr/DerivedData/Build/Intermediates.noindex/Nosfy.build/Debug-iphonesimulator/NosfyWidgets.build/NosfyWidgets-ExecutorLinkFileList-normal-arm64.txt /var/folders/sk/1y78dckn1fbdyvwtdtdy76680000gn/T/nosfy-session-commit-s4q40rbr/DerivedData/Build/Products/Debug-iphonesimulator/NosfyWidgets.appex/NosfyWidgets.debug.dylib -o /var/folders/sk/1y78dckn1fbdyvwtdtdy76680000gn/T/nosfy-session-commit-s4q40rbr/DerivedData/Build/Products/Debug-iphonesimulator/NosfyWidgets.appex/NosfyWidgets

ExtractAppIntentsMetadata (in target 'NosfyWidgets' from project 'Nosfy')
    cd /var/folders/sk/1y78dckn1fbdyvwtdtdy76680000gn/T/nosfy-session-commit-s4q40rbr/travail
    /Applications/Xcode.app/Contents/Developer/Toolchains/XcodeDefault.xctoolchain/usr/bin/appintentsmetadataprocessor --toolchain-dir /var/run/com.apple.security.cryptexd/mnt/com.apple.MobileAsset.MetalToolchain-v17.6.42.0.BA5Ggr/Metal.xctoolchain --module-name NosfyWidgets --sdk-root /Applications/Xcode.app/Contents/Developer/Platforms/iPhoneSimulator.platform/Developer/SDKs/iPhoneSimulator26.5.sdk --xcode-version 17F42 --platform-family iOS --deployment-target 26.0 --bundle-identifier fr.kathryn.woop.WoopWidgets --output /var/folders/sk/1y78dckn1fbdyvwtdtdy76680000gn/T/nosfy-session-commit-s4q40rbr/DerivedData/Build/Products/Debug-iphonesimulator/NosfyWidgets.appex --target-triple arm64-apple-ios26.0-simulator --binary-file /var/folders/sk/1y78dckn1fbdyvwtdtdy76680000gn/T/nosfy-session-commit-s4q40rbr/DerivedData/Build/Products/Debug-iphonesimulator/NosfyWidgets.appex/NosfyWidgets --dependency-file /var/folders/sk/1y78dckn1fbdyvwtdtdy76680000gn/T/nosfy-session-commit-s4q40rbr/DerivedData/Build/Intermediates.noindex/Nosfy.build/Debug-iphonesimulator/NosfyWidgets.build/Objects-normal/arm64/NosfyWidgets_dependency_info.dat --stringsdata-file /var/folders/sk/1y78dckn1fbdyvwtdtdy76680000gn/T/nosfy-session-commit-s4q40rbr/DerivedData/Build/Intermediates.noindex/Nosfy.build/Debug-iphonesimulator/NosfyWidgets.build/Objects-normal/arm64/ExtractedAppShortcutsMetadata.stringsdata --source-file-list /var/folders/sk/1y78dckn1fbdyvwtdtdy76680000gn/T/nosfy-session-commit-s4q40rbr/DerivedData/Build/Intermediates.noindex/Nosfy.build/Debug-iphonesimulator/NosfyWidgets.build/Objects-normal/arm64/NosfyWidgets.SwiftFileList --metadata-file-list /var/folders/sk/1y78dckn1fbdyvwtdtdy76680000gn/T/nosfy-session-commit-s4q40rbr/DerivedData/Build/Intermediates.noindex/Nosfy.build/Debug-iphonesimulator/NosfyWidgets.build/NosfyWidgets.DependencyMetadataFileList --static-metadata-file-list /var/folders/sk/1y78dckn1fbdyvwtdtdy76680000gn/T/nosfy-session-commit-s4q40rbr/DerivedData/Build/Intermediates.noindex/Nosfy.build/Debug-iphonesimulator/NosfyWidgets.build/NosfyWidgets.DependencyStaticMetadataFileList --swift-const-vals-list /var/folders/sk/1y78dckn1fbdyvwtdtdy76680000gn/T/nosfy-session-commit-s4q40rbr/DerivedData/Build/Intermediates.noindex/Nosfy.build/Debug-iphonesimulator/NosfyWidgets.build/Objects-normal/arm64/NosfyWidgets.SwiftConstValuesFileList --compile-time-extraction --deployment-aware-processing --validate-assistant-intents --no-app-shortcuts-localization
2026-09-19 10:31:21.628 appintentsmetadataprocessor[29595:20217403] Starting appintentsmetadataprocessor export
2026-09-19 10:31:21.647 appintentsmetadataprocessor[29595:20217403] Extracted no relevant App Intents symbols, skipping writing output

AppIntentsSSUTraining (in target 'NosfyWidgets' from project 'Nosfy')
    cd /var/folders/sk/1y78dckn1fbdyvwtdtdy76680000gn/T/nosfy-session-commit-s4q40rbr/travail
    /Applications/Xcode.app/Contents/Developer/Toolchains/XcodeDefault.xctoolchain/usr/bin/appintentsnltrainingprocessor --infoplist-path /var/folders/sk/1y78dckn1fbdyvwtdtdy76680000gn/T/nosfy-session-commit-s4q40rbr/DerivedData/Build/Products/Debug-iphonesimulator/NosfyWidgets.appex/Info.plist --temp-dir-path /var/folders/sk/1y78dckn1fbdyvwtdtdy76680000gn/T/nosfy-session-commit-s4q40rbr/DerivedData/Build/Intermediates.noindex/Nosfy.build/Debug-iphonesimulator/NosfyWidgets.build/ssu --bundle-id fr.kathryn.woop.WoopWidgets --product-path /var/folders/sk/1y78dckn1fbdyvwtdtdy76680000gn/T/nosfy-session-commit-s4q40rbr/DerivedData/Build/Products/Debug-iphonesimulator/NosfyWidgets.appex --extracted-metadata-path /var/folders/sk/1y78dckn1fbdyvwtdtdy76680000gn/T/nosfy-session-commit-s4q40rbr/DerivedData/Build/Products/Debug-iphonesimulator/NosfyWidgets.appex/Metadata.appintents --metadata-file-list /var/folders/sk/1y78dckn1fbdyvwtdtdy76680000gn/T/nosfy-session-commit-s4q40rbr/DerivedData/Build/Intermediates.noindex/Nosfy.build/Debug-iphonesimulator/NosfyWidgets.build/NosfyWidgets.DependencyMetadataFileList --source-file /var/folders/sk/1y78dckn1fbdyvwtdtdy76680000gn/T/nosfy-session-commit-s4q40rbr/DerivedData/Build/Products/Debug-iphonesimulator/NosfyWidgets.appex/Info.plist --archive-ssu-assets
2026-09-19 10:31:21.664 appintentsnltrainingprocessor[29596:20217406] Parsing options for appintentsnltrainingprocessor
2026-09-19 10:31:21.664 appintentsnltrainingprocessor[29596:20217406] Starting AppIntents SSU YAML Generation
2026-09-19 10:31:21.666 appintentsnltrainingprocessor[29596:20217406] No AppShortcuts found - Skipping.

RegisterExecutionPolicyException /var/folders/sk/1y78dckn1fbdyvwtdtdy76680000gn/T/nosfy-session-commit-s4q40rbr/DerivedData/Build/Products/Debug-iphonesimulator/NosfyWidgets.appex (in target 'NosfyWidgets' from project 'Nosfy')
    cd /var/folders/sk/1y78dckn1fbdyvwtdtdy76680000gn/T/nosfy-session-commit-s4q40rbr/travail
    builtin-RegisterExecutionPolicyException /var/folders/sk/1y78dckn1fbdyvwtdtdy76680000gn/T/nosfy-session-commit-s4q40rbr/DerivedData/Build/Products/Debug-iphonesimulator/NosfyWidgets.appex

Touch /var/folders/sk/1y78dckn1fbdyvwtdtdy76680000gn/T/nosfy-session-commit-s4q40rbr/DerivedData/Build/Products/Debug-iphonesimulator/NosfyWidgets.appex (in target 'NosfyWidgets' from project 'Nosfy')
    cd /var/folders/sk/1y78dckn1fbdyvwtdtdy76680000gn/T/nosfy-session-commit-s4q40rbr/travail
    /usr/bin/touch -c /var/folders/sk/1y78dckn1fbdyvwtdtdy76680000gn/T/nosfy-session-commit-s4q40rbr/DerivedData/Build/Products/Debug-iphonesimulator/NosfyWidgets.appex

CpResource /var/folders/sk/1y78dckn1fbdyvwtdtdy76680000gn/T/nosfy-session-commit-s4q40rbr/DerivedData/Build/Products/Debug-iphonesimulator/Nosfy.app/video_demon_3.mp4 /var/folders/sk/1y78dckn1fbdyvwtdtdy76680000gn/T/nosfy-session-commit-s4q40rbr/travail/Nosfy/Media/video_demon_3.mp4 (in target 'Nosfy' from project 'Nosfy')
    cd /var/folders/sk/1y78dckn1fbdyvwtdtdy76680000gn/T/nosfy-session-commit-s4q40rbr/travail
    builtin-copy -exclude .DS_Store -exclude CVS -exclude .svn -exclude .git -exclude .hg -resolve-src-symlinks /var/folders/sk/1y78dckn1fbdyvwtdtdy76680000gn/T/nosfy-session-commit-s4q40rbr/travail/Nosfy/Media/video_demon_3.mp4 /var/folders/sk/1y78dckn1fbdyvwtdtdy76680000gn/T/nosfy-session-commit-s4q40rbr/DerivedData/Build/Products/Debug-iphonesimulator/Nosfy.app

CpResource /var/folders/sk/1y78dckn1fbdyvwtdtdy76680000gn/T/nosfy-session-commit-s4q40rbr/DerivedData/Build/Products/Debug-iphonesimulator/Nosfy.app/welcome-galet-premiere.mp4 /var/folders/sk/1y78dckn1fbdyvwtdtdy76680000gn/T/nosfy-session-commit-s4q40rbr/travail/Nosfy/Media/welcome-galet-premiere.mp4 (in target 'Nosfy' from project 'Nosfy')
    cd /var/folders/sk/1y78dckn1fbdyvwtdtdy76680000gn/T/nosfy-session-commit-s4q40rbr/travail
    builtin-copy -exclude .DS_Store -exclude CVS -exclude .svn -exclude .git -exclude .hg -resolve-src-symlinks /var/folders/sk/1y78dckn1fbdyvwtdtdy76680000gn/T/nosfy-session-commit-s4q40rbr/travail/Nosfy/Media/welcome-galet-premiere.mp4 /var/folders/sk/1y78dckn1fbdyvwtdtdy76680000gn/T/nosfy-session-commit-s4q40rbr/DerivedData/Build/Products/Debug-iphonesimulator/Nosfy.app

CpResource /var/folders/sk/1y78dckn1fbdyvwtdtdy76680000gn/T/nosfy-session-commit-s4q40rbr/DerivedData/Build/Products/Debug-iphonesimulator/Nosfy.app/welcome-nosfy-premiere.mp4 /var/folders/sk/1y78dckn1fbdyvwtdtdy76680000gn/T/nosfy-session-commit-s4q40rbr/travail/Nosfy/Media/welcome-nosfy-premiere.mp4 (in target 'Nosfy' from project 'Nosfy')
    cd /var/folders/sk/1y78dckn1fbdyvwtdtdy76680000gn/T/nosfy-session-commit-s4q40rbr/travail
    builtin-copy -exclude .DS_Store -exclude CVS -exclude .svn -exclude .git -exclude .hg -resolve-src-symlinks /var/folders/sk/1y78dckn1fbdyvwtdtdy76680000gn/T/nosfy-session-commit-s4q40rbr/travail/Nosfy/Media/welcome-nosfy-premiere.mp4 /var/folders/sk/1y78dckn1fbdyvwtdtdy76680000gn/T/nosfy-session-commit-s4q40rbr/DerivedData/Build/Products/Debug-iphonesimulator/Nosfy.app

CpResource /var/folders/sk/1y78dckn1fbdyvwtdtdy76680000gn/T/nosfy-session-commit-s4q40rbr/DerivedData/Build/Products/Debug-iphonesimulator/Nosfy.app/video_demon_2.mp4 /var/folders/sk/1y78dckn1fbdyvwtdtdy76680000gn/T/nosfy-session-commit-s4q40rbr/travail/Nosfy/Media/video_demon_2.mp4 (in target 'Nosfy' from project 'Nosfy')
    cd /var/folders/sk/1y78dckn1fbdyvwtdtdy76680000gn/T/nosfy-session-commit-s4q40rbr/travail
    builtin-copy -exclude .DS_Store -exclude CVS -exclude .svn -exclude .git -exclude .hg -resolve-src-symlinks /var/folders/sk/1y78dckn1fbdyvwtdtdy76680000gn/T/nosfy-session-commit-s4q40rbr/travail/Nosfy/Media/video_demon_2.mp4 /var/folders/sk/1y78dckn1fbdyvwtdtdy76680000gn/T/nosfy-session-commit-s4q40rbr/DerivedData/Build/Products/Debug-iphonesimulator/Nosfy.app

CpResource /var/folders/sk/1y78dckn1fbdyvwtdtdy76680000gn/T/nosfy-session-commit-s4q40rbr/DerivedData/Build/Products/Debug-iphonesimulator/Nosfy.app/video_demon_1.mp4 /var/folders/sk/1y78dckn1fbdyvwtdtdy76680000gn/T/nosfy-session-commit-s4q40rbr/travail/Nosfy/Media/video_demon_1.mp4 (in target 'Nosfy' from project 'Nosfy')
    cd /var/folders/sk/1y78dckn1fbdyvwtdtdy76680000gn/T/nosfy-session-commit-s4q40rbr/travail
    builtin-copy -exclude .DS_Store -exclude CVS -exclude .svn -exclude .git -exclude .hg -resolve-src-symlinks /var/folders/sk/1y78dckn1fbdyvwtdtdy76680000gn/T/nosfy-session-commit-s4q40rbr/travail/Nosfy/Media/video_demon_1.mp4 /var/folders/sk/1y78dckn1fbdyvwtdtdy76680000gn/T/nosfy-session-commit-s4q40rbr/DerivedData/Build/Products/Debug-iphonesimulator/Nosfy.app

CpResource /var/folders/sk/1y78dckn1fbdyvwtdtdy76680000gn/T/nosfy-session-commit-s4q40rbr/DerivedData/Build/Products/Debug-iphonesimulator/Nosfy.app/story-pilule-top.mp4 /var/folders/sk/1y78dckn1fbdyvwtdtdy76680000gn/T/nosfy-session-commit-s4q40rbr/travail/Nosfy/Media/story-pilule-top.mp4 (in target 'Nosfy' from project 'Nosfy')
    cd /var/folders/sk/1y78dckn1fbdyvwtdtdy76680000gn/T/nosfy-session-commit-s4q40rbr/travail
    builtin-copy -exclude .DS_Store -exclude CVS -exclude .svn -exclude .git -exclude .hg -resolve-src-symlinks /var/folders/sk/1y78dckn1fbdyvwtdtdy76680000gn/T/nosfy-session-commit-s4q40rbr/travail/Nosfy/Media/story-pilule-top.mp4 /var/folders/sk/1y78dckn1fbdyvwtdtdy76680000gn/T/nosfy-session-commit-s4q40rbr/DerivedData/Build/Products/Debug-iphonesimulator/Nosfy.app

Ld /var/folders/sk/1y78dckn1fbdyvwtdtdy76680000gn/T/nosfy-session-commit-s4q40rbr/DerivedData/Build/Products/Debug-iphonesimulator/Nosfy.app/__preview.dylib normal (in target 'Nosfy' from project 'Nosfy')
    cd /var/folders/sk/1y78dckn1fbdyvwtdtdy76680000gn/T/nosfy-session-commit-s4q40rbr/travail
    /Applications/Xcode.app/Contents/Developer/Toolchains/XcodeDefault.xctoolchain/usr/bin/clang -Xlinker -reproducible -target arm64-apple-ios26.0-simulator -dynamiclib -isysroot /Applications/Xcode.app/Contents/Developer/Platforms/iPhoneSimulator.platform/Developer/SDKs/iPhoneSimulator26.5.sdk -O0 -L/var/folders/sk/1y78dckn1fbdyvwtdtdy76680000gn/T/nosfy-session-commit-s4q40rbr/DerivedData/Build/Products/Debug-iphonesimulator -F/var/folders/sk/1y78dckn1fbdyvwtdtdy76680000gn/T/nosfy-session-commit-s4q40rbr/DerivedData/Build/Products/Debug-iphonesimulator -install_name @rpath/Nosfy.debug.dylib -Xlinker -dead_strip -rdynamic -Xlinker -no_deduplicate -Xlinker -objc_abi_version -Xlinker 2 -Xlinker -dependency_info -Xlinker /var/folders/sk/1y78dckn1fbdyvwtdtdy76680000gn/T/nosfy-session-commit-s4q40rbr/DerivedData/Build/Intermediates.noindex/Nosfy.build/Debug-iphonesimulator/Nosfy.build/Objects-normal/arm64/Nosfy_dependency_info.dat -o /var/folders/sk/1y78dckn1fbdyvwtdtdy76680000gn/T/nosfy-session-commit-s4q40rbr/DerivedData/Build/Products/Debug-iphonesimulator/Nosfy.app/__preview.dylib

CpResource /var/folders/sk/1y78dckn1fbdyvwtdtdy76680000gn/T/nosfy-session-commit-s4q40rbr/DerivedData/Build/Products/Debug-iphonesimulator/Nosfy.app/story-pilule-droite.mp4 /var/folders/sk/1y78dckn1fbdyvwtdtdy76680000gn/T/nosfy-session-commit-s4q40rbr/travail/Nosfy/Media/story-pilule-droite.mp4 (in target 'Nosfy' from project 'Nosfy')
    cd /var/folders/sk/1y78dckn1fbdyvwtdtdy76680000gn/T/nosfy-session-commit-s4q40rbr/travail
    builtin-copy -exclude .DS_Store -exclude CVS -exclude .svn -exclude .git -exclude .hg -resolve-src-symlinks /var/folders/sk/1y78dckn1fbdyvwtdtdy76680000gn/T/nosfy-session-commit-s4q40rbr/travail/Nosfy/Media/story-pilule-droite.mp4 /var/folders/sk/1y78dckn1fbdyvwtdtdy76680000gn/T/nosfy-session-commit-s4q40rbr/DerivedData/Build/Products/Debug-iphonesimulator/Nosfy.app

CpResource /var/folders/sk/1y78dckn1fbdyvwtdtdy76680000gn/T/nosfy-session-commit-s4q40rbr/DerivedData/Build/Products/Debug-iphonesimulator/Nosfy.app/story-macro-or.mp4 /var/folders/sk/1y78dckn1fbdyvwtdtdy76680000gn/T/nosfy-session-commit-s4q40rbr/travail/Nosfy/Media/story-macro-or.mp4 (in target 'Nosfy' from project 'Nosfy')
    cd /var/folders/sk/1y78dckn1fbdyvwtdtdy76680000gn/T/nosfy-session-commit-s4q40rbr/travail
    builtin-copy -exclude .DS_Store -exclude CVS -exclude .svn -exclude .git -exclude .hg -resolve-src-symlinks /var/folders/sk/1y78dckn1fbdyvwtdtdy76680000gn/T/nosfy-session-commit-s4q40rbr/travail/Nosfy/Media/story-macro-or.mp4 /var/folders/sk/1y78dckn1fbdyvwtdtdy76680000gn/T/nosfy-session-commit-s4q40rbr/DerivedData/Build/Products/Debug-iphonesimulator/Nosfy.app

CpResource /var/folders/sk/1y78dckn1fbdyvwtdtdy76680000gn/T/nosfy-session-commit-s4q40rbr/DerivedData/Build/Products/Debug-iphonesimulator/Nosfy.app/story-macro-flanc.mp4 /var/folders/sk/1y78dckn1fbdyvwtdtdy76680000gn/T/nosfy-session-commit-s4q40rbr/travail/Nosfy/Media/story-macro-flanc.mp4 (in target 'Nosfy' from project 'Nosfy')
    cd /var/folders/sk/1y78dckn1fbdyvwtdtdy76680000gn/T/nosfy-session-commit-s4q40rbr/travail
    builtin-copy -exclude .DS_Store -exclude CVS -exclude .svn -exclude .git -exclude .hg -resolve-src-symlinks /var/folders/sk/1y78dckn1fbdyvwtdtdy76680000gn/T/nosfy-session-commit-s4q40rbr/travail/Nosfy/Media/story-macro-flanc.mp4 /var/folders/sk/1y78dckn1fbdyvwtdtdy76680000gn/T/nosfy-session-commit-s4q40rbr/DerivedData/Build/Products/Debug-iphonesimulator/Nosfy.app

CpResource /var/folders/sk/1y78dckn1fbdyvwtdtdy76680000gn/T/nosfy-session-commit-s4q40rbr/DerivedData/Build/Products/Debug-iphonesimulator/Nosfy.app/story-macro-bas.mp4 /var/folders/sk/1y78dckn1fbdyvwtdtdy76680000gn/T/nosfy-session-commit-s4q40rbr/travail/Nosfy/Media/story-macro-bas.mp4 (in target 'Nosfy' from project 'Nosfy')
    cd /var/folders/sk/1y78dckn1fbdyvwtdtdy76680000gn/T/nosfy-session-commit-s4q40rbr/travail
    builtin-copy -exclude .DS_Store -exclude CVS -exclude .svn -exclude .git -exclude .hg -resolve-src-symlinks /var/folders/sk/1y78dckn1fbdyvwtdtdy76680000gn/T/nosfy-session-commit-s4q40rbr/travail/Nosfy/Media/story-macro-bas.mp4 /var/folders/sk/1y78dckn1fbdyvwtdtdy76680000gn/T/nosfy-session-commit-s4q40rbr/DerivedData/Build/Products/Debug-iphonesimulator/Nosfy.app

CpResource /var/folders/sk/1y78dckn1fbdyvwtdtdy76680000gn/T/nosfy-session-commit-s4q40rbr/DerivedData/Build/Products/Debug-iphonesimulator/Nosfy.app/story-ended-verre-b.mp4 /var/folders/sk/1y78dckn1fbdyvwtdtdy76680000gn/T/nosfy-session-commit-s4q40rbr/travail/Nosfy/Media/story-ended-verre-b.mp4 (in target 'Nosfy' from project 'Nosfy')
    cd /var/folders/sk/1y78dckn1fbdyvwtdtdy76680000gn/T/nosfy-session-commit-s4q40rbr/travail
    builtin-copy -exclude .DS_Store -exclude CVS -exclude .svn -exclude .git -exclude .hg -resolve-src-symlinks /var/folders/sk/1y78dckn1fbdyvwtdtdy76680000gn/T/nosfy-session-commit-s4q40rbr/travail/Nosfy/Media/story-ended-verre-b.mp4 /var/folders/sk/1y78dckn1fbdyvwtdtdy76680000gn/T/nosfy-session-commit-s4q40rbr/DerivedData/Build/Products/Debug-iphonesimulator/Nosfy.app

CpResource /var/folders/sk/1y78dckn1fbdyvwtdtdy76680000gn/T/nosfy-session-commit-s4q40rbr/DerivedData/Build/Products/Debug-iphonesimulator/Nosfy.app/story-ended-verre-a.mp4 /var/folders/sk/1y78dckn1fbdyvwtdtdy76680000gn/T/nosfy-session-commit-s4q40rbr/travail/Nosfy/Media/story-ended-verre-a.mp4 (in target 'Nosfy' from project 'Nosfy')
    cd /var/folders/sk/1y78dckn1fbdyvwtdtdy76680000gn/T/nosfy-session-commit-s4q40rbr/travail
    builtin-copy -exclude .DS_Store -exclude CVS -exclude .svn -exclude .git -exclude .hg -resolve-src-symlinks /var/folders/sk/1y78dckn1fbdyvwtdtdy76680000gn/T/nosfy-session-commit-s4q40rbr/travail/Nosfy/Media/story-ended-verre-a.mp4 /var/folders/sk/1y78dckn1fbdyvwtdtdy76680000gn/T/nosfy-session-commit-s4q40rbr/DerivedData/Build/Products/Debug-iphonesimulator/Nosfy.app

CpResource /var/folders/sk/1y78dckn1fbdyvwtdtdy76680000gn/T/nosfy-session-commit-s4q40rbr/DerivedData/Build/Products/Debug-iphonesimulator/Nosfy.app/story-eclair-loop.mp4 /var/folders/sk/1y78dckn1fbdyvwtdtdy76680000gn/T/nosfy-session-commit-s4q40rbr/travail/Nosfy/Media/story-eclair-loop.mp4 (in target 'Nosfy' from project 'Nosfy')
    cd /var/folders/sk/1y78dckn1fbdyvwtdtdy76680000gn/T/nosfy-session-commit-s4q40rbr/travail
    builtin-copy -exclude .DS_Store -exclude CVS -exclude .svn -exclude .git -exclude .hg -resolve-src-symlinks /var/folders/sk/1y78dckn1fbdyvwtdtdy76680000gn/T/nosfy-session-commit-s4q40rbr/travail/Nosfy/Media/story-eclair-loop.mp4 /var/folders/sk/1y78dckn1fbdyvwtdtdy76680000gn/T/nosfy-session-commit-s4q40rbr/DerivedData/Build/Products/Debug-iphonesimulator/Nosfy.app

CpResource /var/folders/sk/1y78dckn1fbdyvwtdtdy76680000gn/T/nosfy-session-commit-s4q40rbr/DerivedData/Build/Products/Debug-iphonesimulator/Nosfy.app/story-booster-noir.mp4 /var/folders/sk/1y78dckn1fbdyvwtdtdy76680000gn/T/nosfy-session-commit-s4q40rbr/travail/Nosfy/Media/story-booster-noir.mp4 (in target 'Nosfy' from project 'Nosfy')
    cd /var/folders/sk/1y78dckn1fbdyvwtdtdy76680000gn/T/nosfy-session-commit-s4q40rbr/travail
    builtin-copy -exclude .DS_Store -exclude CVS -exclude .svn -exclude .git -exclude .hg -resolve-src-symlinks /var/folders/sk/1y78dckn1fbdyvwtdtdy76680000gn/T/nosfy-session-commit-s4q40rbr/travail/Nosfy/Media/story-booster-noir.mp4 /var/folders/sk/1y78dckn1fbdyvwtdtdy76680000gn/T/nosfy-session-commit-s4q40rbr/DerivedData/Build/Products/Debug-iphonesimulator/Nosfy.app

CpResource /var/folders/sk/1y78dckn1fbdyvwtdtdy76680000gn/T/nosfy-session-commit-s4q40rbr/DerivedData/Build/Products/Debug-iphonesimulator/Nosfy.app/story-booster-lune.mp4 /var/folders/sk/1y78dckn1fbdyvwtdtdy76680000gn/T/nosfy-session-commit-s4q40rbr/travail/Nosfy/Media/story-booster-lune.mp4 (in target 'Nosfy' from project 'Nosfy')
    cd /var/folders/sk/1y78dckn1fbdyvwtdtdy76680000gn/T/nosfy-session-commit-s4q40rbr/travail
    builtin-copy -exclude .DS_Store -exclude CVS -exclude .svn -exclude .git -exclude .hg -resolve-src-symlinks /var/folders/sk/1y78dckn1fbdyvwtdtdy76680000gn/T/nosfy-session-commit-s4q40rbr/travail/Nosfy/Media/story-booster-lune.mp4 /var/folders/sk/1y78dckn1fbdyvwtdtdy76680000gn/T/nosfy-session-commit-s4q40rbr/DerivedData/Build/Products/Debug-iphonesimulator/Nosfy.app

CpResource /var/folders/sk/1y78dckn1fbdyvwtdtdy76680000gn/T/nosfy-session-commit-s4q40rbr/DerivedData/Build/Products/Debug-iphonesimulator/Nosfy.app/stop-bat-loop.mp4 /var/folders/sk/1y78dckn1fbdyvwtdtdy76680000gn/T/nosfy-session-commit-s4q40rbr/travail/Nosfy/Media/stop-bat-loop.mp4 (in target 'Nosfy' from project 'Nosfy')
    cd /var/folders/sk/1y78dckn1fbdyvwtdtdy76680000gn/T/nosfy-session-commit-s4q40rbr/travail
    builtin-copy -exclude .DS_Store -exclude CVS -exclude .svn -exclude .git -exclude .hg -resolve-src-symlinks /var/folders/sk/1y78dckn1fbdyvwtdtdy76680000gn/T/nosfy-session-commit-s4q40rbr/travail/Nosfy/Media/stop-bat-loop.mp4 /var/folders/sk/1y78dckn1fbdyvwtdtdy76680000gn/T/nosfy-session-commit-s4q40rbr/DerivedData/Build/Products/Debug-iphonesimulator/Nosfy.app

CpResource /var/folders/sk/1y78dckn1fbdyvwtdtdy76680000gn/T/nosfy-session-commit-s4q40rbr/DerivedData/Build/Products/Debug-iphonesimulator/Nosfy.app/start-entrainement-loop.mp4 /var/folders/sk/1y78dckn1fbdyvwtdtdy76680000gn/T/nosfy-session-commit-s4q40rbr/travail/Nosfy/Media/start-entrainement-loop.mp4 (in target 'Nosfy' from project 'Nosfy')
    cd /var/folders/sk/1y78dckn1fbdyvwtdtdy76680000gn/T/nosfy-session-commit-s4q40rbr/travail
    builtin-copy -exclude .DS_Store -exclude CVS -exclude .svn -exclude .git -exclude .hg -resolve-src-symlinks /var/folders/sk/1y78dckn1fbdyvwtdtdy76680000gn/T/nosfy-session-commit-s4q40rbr/travail/Nosfy/Media/start-entrainement-loop.mp4 /var/folders/sk/1y78dckn1fbdyvwtdtdy76680000gn/T/nosfy-session-commit-s4q40rbr/DerivedData/Build/Products/Debug-iphonesimulator/Nosfy.app

CpResource /var/folders/sk/1y78dckn1fbdyvwtdtdy76680000gn/T/nosfy-session-commit-s4q40rbr/DerivedData/Build/Products/Debug-iphonesimulator/Nosfy.app/sacre-noir.caf /var/folders/sk/1y78dckn1fbdyvwtdtdy76680000gn/T/nosfy-session-commit-s4q40rbr/travail/Nosfy/Media/sacre-noir.caf (in target 'Nosfy' from project 'Nosfy')
    cd /var/folders/sk/1y78dckn1fbdyvwtdtdy76680000gn/T/nosfy-session-commit-s4q40rbr/travail
    builtin-copy -exclude .DS_Store -exclude CVS -exclude .svn -exclude .git -exclude .hg -resolve-src-symlinks /var/folders/sk/1y78dckn1fbdyvwtdtdy76680000gn/T/nosfy-session-commit-s4q40rbr/travail/Nosfy/Media/sacre-noir.caf /var/folders/sk/1y78dckn1fbdyvwtdtdy76680000gn/T/nosfy-session-commit-s4q40rbr/DerivedData/Build/Products/Debug-iphonesimulator/Nosfy.app

CpResource /var/folders/sk/1y78dckn1fbdyvwtdtdy76680000gn/T/nosfy-session-commit-s4q40rbr/DerivedData/Build/Products/Debug-iphonesimulator/Nosfy.app/sacre-lune.caf /var/folders/sk/1y78dckn1fbdyvwtdtdy76680000gn/T/nosfy-session-commit-s4q40rbr/travail/Nosfy/Media/sacre-lune.caf (in target 'Nosfy' from project 'Nosfy')
    cd /var/folders/sk/1y78dckn1fbdyvwtdtdy76680000gn/T/nosfy-session-commit-s4q40rbr/travail
    builtin-copy -exclude .DS_Store -exclude CVS -exclude .svn -exclude .git -exclude .hg -resolve-src-symlinks /var/folders/sk/1y78dckn1fbdyvwtdtdy76680000gn/T/nosfy-session-commit-s4q40rbr/travail/Nosfy/Media/sacre-lune.caf /var/folders/sk/1y78dckn1fbdyvwtdtdy76680000gn/T/nosfy-session-commit-s4q40rbr/DerivedData/Build/Products/Debug-iphonesimulator/Nosfy.app

CpResource /var/folders/sk/1y78dckn1fbdyvwtdtdy76680000gn/T/nosfy-session-commit-s4q40rbr/DerivedData/Build/Products/Debug-iphonesimulator/Nosfy.app/sacre-legendaire.caf /var/folders/sk/1y78dckn1fbdyvwtdtdy76680000gn/T/nosfy-session-commit-s4q40rbr/travail/Nosfy/Media/sacre-legendaire.caf (in target 'Nosfy' from project 'Nosfy')
    cd /var/folders/sk/1y78dckn1fbdyvwtdtdy76680000gn/T/nosfy-session-commit-s4q40rbr/travail
    builtin-copy -exclude .DS_Store -exclude CVS -exclude .svn -exclude .git -exclude .hg -resolve-src-symlinks /var/folders/sk/1y78dckn1fbdyvwtdtdy76680000gn/T/nosfy-session-commit-s4q40rbr/travail/Nosfy/Media/sacre-legendaire.caf /var/folders/sk/1y78dckn1fbdyvwtdtdy76680000gn/T/nosfy-session-commit-s4q40rbr/DerivedData/Build/Products/Debug-iphonesimulator/Nosfy.app

CpResource /var/folders/sk/1y78dckn1fbdyvwtdtdy76680000gn/T/nosfy-session-commit-s4q40rbr/DerivedData/Build/Products/Debug-iphonesimulator/Nosfy.app/sacre-epique.caf /var/folders/sk/1y78dckn1fbdyvwtdtdy76680000gn/T/nosfy-session-commit-s4q40rbr/travail/Nosfy/Media/sacre-epique.caf (in target 'Nosfy' from project 'Nosfy')
    cd /var/folders/sk/1y78dckn1fbdyvwtdtdy76680000gn/T/nosfy-session-commit-s4q40rbr/travail
    builtin-copy -exclude .DS_Store -exclude CVS -exclude .svn -exclude .git -exclude .hg -resolve-src-symlinks /var/folders/sk/1y78dckn1fbdyvwtdtdy76680000gn/T/nosfy-session-commit-s4q40rbr/travail/Nosfy/Media/sacre-epique.caf /var/folders/sk/1y78dckn1fbdyvwtdtdy76680000gn/T/nosfy-session-commit-s4q40rbr/DerivedData/Build/Products/Debug-iphonesimulator/Nosfy.app

CpResource /var/folders/sk/1y78dckn1fbdyvwtdtdy76680000gn/T/nosfy-session-commit-s4q40rbr/DerivedData/Build/Products/Debug-iphonesimulator/Nosfy.app/sacre-commune.caf /var/folders/sk/1y78dckn1fbdyvwtdtdy76680000gn/T/nosfy-session-commit-s4q40rbr/travail/Nosfy/Media/sacre-commune.caf (in target 'Nosfy' from project 'Nosfy')
    cd /var/folders/sk/1y78dckn1fbdyvwtdtdy76680000gn/T/nosfy-session-commit-s4q40rbr/travail
    builtin-copy -exclude .DS_Store -exclude CVS -exclude .svn -exclude .git -exclude .hg -resolve-src-symlinks /var/folders/sk/1y78dckn1fbdyvwtdtdy76680000gn/T/nosfy-session-commit-s4q40rbr/travail/Nosfy/Media/sacre-commune.caf /var/folders/sk/1y78dckn1fbdyvwtdtdy76680000gn/T/nosfy-session-commit-s4q40rbr/DerivedData/Build/Products/Debug-iphonesimulator/Nosfy.app

CpResource /var/folders/sk/1y78dckn1fbdyvwtdtdy76680000gn/T/nosfy-session-commit-s4q40rbr/DerivedData/Build/Products/Debug-iphonesimulator/Nosfy.app/reward-welcome.mp4 /var/folders/sk/1y78dckn1fbdyvwtdtdy76680000gn/T/nosfy-session-commit-s4q40rbr/travail/Nosfy/Media/reward-welcome.mp4 (in target 'Nosfy' from project 'Nosfy')
    cd /var/folders/sk/1y78dckn1fbdyvwtdtdy76680000gn/T/nosfy-session-commit-s4q40rbr/travail
    builtin-copy -exclude .DS_Store -exclude CVS -exclude .svn -exclude .git -exclude .hg -resolve-src-symlinks /var/folders/sk/1y78dckn1fbdyvwtdtdy76680000gn/T/nosfy-session-commit-s4q40rbr/travail/Nosfy/Media/reward-welcome.mp4 /var/folders/sk/1y78dckn1fbdyvwtdtdy76680000gn/T/nosfy-session-commit-s4q40rbr/DerivedData/Build/Products/Debug-iphonesimulator/Nosfy.app

CpResource /var/folders/sk/1y78dckn1fbdyvwtdtdy76680000gn/T/nosfy-session-commit-s4q40rbr/DerivedData/Build/Products/Debug-iphonesimulator/Nosfy.app/reward-welcome-loop.mp4 /var/folders/sk/1y78dckn1fbdyvwtdtdy76680000gn/T/nosfy-session-commit-s4q40rbr/travail/Nosfy/Media/reward-welcome-loop.mp4 (in target 'Nosfy' from project 'Nosfy')
    cd /var/folders/sk/1y78dckn1fbdyvwtdtdy76680000gn/T/nosfy-session-commit-s4q40rbr/travail
    builtin-copy -exclude .DS_Store -exclude CVS -exclude .svn -exclude .git -exclude .hg -resolve-src-symlinks /var/folders/sk/1y78dckn1fbdyvwtdtdy76680000gn/T/nosfy-session-commit-s4q40rbr/travail/Nosfy/Media/reward-welcome-loop.mp4 /var/folders/sk/1y78dckn1fbdyvwtdtdy76680000gn/T/nosfy-session-commit-s4q40rbr/DerivedData/Build/Products/Debug-iphonesimulator/Nosfy.app

CpResource /var/folders/sk/1y78dckn1fbdyvwtdtdy76680000gn/T/nosfy-session-commit-s4q40rbr/DerivedData/Build/Products/Debug-iphonesimulator/Nosfy.app/reward-rare.mp4 /var/folders/sk/1y78dckn1fbdyvwtdtdy76680000gn/T/nosfy-session-commit-s4q40rbr/travail/Nosfy/Media/reward-rare.mp4 (in target 'Nosfy' from project 'Nosfy')
    cd /var/folders/sk/1y78dckn1fbdyvwtdtdy76680000gn/T/nosfy-session-commit-s4q40rbr/travail
    builtin-copy -exclude .DS_Store -exclude CVS -exclude .svn -exclude .git -exclude .hg -resolve-src-symlinks /var/folders/sk/1y78dckn1fbdyvwtdtdy76680000gn/T/nosfy-session-commit-s4q40rbr/travail/Nosfy/Media/reward-rare.mp4 /var/folders/sk/1y78dckn1fbdyvwtdtdy76680000gn/T/nosfy-session-commit-s4q40rbr/DerivedData/Build/Products/Debug-iphonesimulator/Nosfy.app

CpResource /var/folders/sk/1y78dckn1fbdyvwtdtdy76680000gn/T/nosfy-session-commit-s4q40rbr/DerivedData/Build/Products/Debug-iphonesimulator/Nosfy.app/reward-piece-5.mp4 /var/folders/sk/1y78dckn1fbdyvwtdtdy76680000gn/T/nosfy-session-commit-s4q40rbr/travail/Nosfy/Media/reward-piece-5.mp4 (in target 'Nosfy' from project 'Nosfy')
    cd /var/folders/sk/1y78dckn1fbdyvwtdtdy76680000gn/T/nosfy-session-commit-s4q40rbr/travail
    builtin-copy -exclude .DS_Store -exclude CVS -exclude .svn -exclude .git -exclude .hg -resolve-src-symlinks /var/folders/sk/1y78dckn1fbdyvwtdtdy76680000gn/T/nosfy-session-commit-s4q40rbr/travail/Nosfy/Media/reward-piece-5.mp4 /var/folders/sk/1y78dckn1fbdyvwtdtdy76680000gn/T/nosfy-session-commit-s4q40rbr/DerivedData/Build/Products/Debug-iphonesimulator/Nosfy.app

CpResource /var/folders/sk/1y78dckn1fbdyvwtdtdy76680000gn/T/nosfy-session-commit-s4q40rbr/DerivedData/Build/Products/Debug-iphonesimulator/Nosfy.app/reward-piece-4.mp4 /var/folders/sk/1y78dckn1fbdyvwtdtdy76680000gn/T/nosfy-session-commit-s4q40rbr/travail/Nosfy/Media/reward-piece-4.mp4 (in target 'Nosfy' from project 'Nosfy')
    cd /var/folders/sk/1y78dckn1fbdyvwtdtdy76680000gn/T/nosfy-session-commit-s4q40rbr/travail
    builtin-copy -exclude .DS_Store -exclude CVS -exclude .svn -exclude .git -exclude .hg -resolve-src-symlinks /var/folders/sk/1y78dckn1fbdyvwtdtdy76680000gn/T/nosfy-session-commit-s4q40rbr/travail/Nosfy/Media/reward-piece-4.mp4 /var/folders/sk/1y78dckn1fbdyvwtdtdy76680000gn/T/nosfy-session-commit-s4q40rbr/DerivedData/Build/Products/Debug-iphonesimulator/Nosfy.app

CpResource /var/folders/sk/1y78dckn1fbdyvwtdtdy76680000gn/T/nosfy-session-commit-s4q40rbr/DerivedData/Build/Products/Debug-iphonesimulator/Nosfy.app/reward-piece-3.mp4 /var/folders/sk/1y78dckn1fbdyvwtdtdy76680000gn/T/nosfy-session-commit-s4q40rbr/travail/Nosfy/Media/reward-piece-3.mp4 (in target 'Nosfy' from project 'Nosfy')
    cd /var/folders/sk/1y78dckn1fbdyvwtdtdy76680000gn/T/nosfy-session-commit-s4q40rbr/travail
    builtin-copy -exclude .DS_Store -exclude CVS -exclude .svn -exclude .git -exclude .hg -resolve-src-symlinks /var/folders/sk/1y78dckn1fbdyvwtdtdy76680000gn/T/nosfy-session-commit-s4q40rbr/travail/Nosfy/Media/reward-piece-3.mp4 /var/folders/sk/1y78dckn1fbdyvwtdtdy76680000gn/T/nosfy-session-commit-s4q40rbr/DerivedData/Build/Products/Debug-iphonesimulator/Nosfy.app

CpResource /var/folders/sk/1y78dckn1fbdyvwtdtdy76680000gn/T/nosfy-session-commit-s4q40rbr/DerivedData/Build/Products/Debug-iphonesimulator/Nosfy.app/reward-piece-2.mp4 /var/folders/sk/1y78dckn1fbdyvwtdtdy76680000gn/T/nosfy-session-commit-s4q40rbr/travail/Nosfy/Media/reward-piece-2.mp4 (in target 'Nosfy' from project 'Nosfy')
    cd /var/folders/sk/1y78dckn1fbdyvwtdtdy76680000gn/T/nosfy-session-commit-s4q40rbr/travail
    builtin-copy -exclude .DS_Store -exclude CVS -exclude .svn -exclude .git -exclude .hg -resolve-src-symlinks /var/folders/sk/1y78dckn1fbdyvwtdtdy76680000gn/T/nosfy-session-commit-s4q40rbr/travail/Nosfy/Media/reward-piece-2.mp4 /var/folders/sk/1y78dckn1fbdyvwtdtdy76680000gn/T/nosfy-session-commit-s4q40rbr/DerivedData/Build/Products/Debug-iphonesimulator/Nosfy.app

CpResource /var/folders/sk/1y78dckn1fbdyvwtdtdy76680000gn/T/nosfy-session-commit-s4q40rbr/DerivedData/Build/Products/Debug-iphonesimulator/Nosfy.app/reward-piece-1.mp4 /var/folders/sk/1y78dckn1fbdyvwtdtdy76680000gn/T/nosfy-session-commit-s4q40rbr/travail/Nosfy/Media/reward-piece-1.mp4 (in target 'Nosfy' from project 'Nosfy')
    cd /var/folders/sk/1y78dckn1fbdyvwtdtdy76680000gn/T/nosfy-session-commit-s4q40rbr/travail
    builtin-copy -exclude .DS_Store -exclude CVS -exclude .svn -exclude .git -exclude .hg -resolve-src-symlinks /var/folders/sk/1y78dckn1fbdyvwtdtdy76680000gn/T/nosfy-session-commit-s4q40rbr/travail/Nosfy/Media/reward-piece-1.mp4 /var/folders/sk/1y78dckn1fbdyvwtdtdy76680000gn/T/nosfy-session-commit-s4q40rbr/DerivedData/Build/Products/Debug-iphonesimulator/Nosfy.app

CpResource /var/folders/sk/1y78dckn1fbdyvwtdtdy76680000gn/T/nosfy-session-commit-s4q40rbr/DerivedData/Build/Products/Debug-iphonesimulator/Nosfy.app/reward-nosfy-coins.mp4 /var/folders/sk/1y78dckn1fbdyvwtdtdy76680000gn/T/nosfy-session-commit-s4q40rbr/travail/Nosfy/Media/reward-nosfy-coins.mp4 (in target 'Nosfy' from project 'Nosfy')
    cd /var/folders/sk/1y78dckn1fbdyvwtdtdy76680000gn/T/nosfy-session-commit-s4q40rbr/travail
    builtin-copy -exclude .DS_Store -exclude CVS -exclude .svn -exclude .git -exclude .hg -resolve-src-symlinks /var/folders/sk/1y78dckn1fbdyvwtdtdy76680000gn/T/nosfy-session-commit-s4q40rbr/travail/Nosfy/Media/reward-nosfy-coins.mp4 /var/folders/sk/1y78dckn1fbdyvwtdtdy76680000gn/T/nosfy-session-commit-s4q40rbr/DerivedData/Build/Products/Debug-iphonesimulator/Nosfy.app

CpResource /var/folders/sk/1y78dckn1fbdyvwtdtdy76680000gn/T/nosfy-session-commit-s4q40rbr/DerivedData/Build/Products/Debug-iphonesimulator/Nosfy.app/reward-lune.mp4 /var/folders/sk/1y78dckn1fbdyvwtdtdy76680000gn/T/nosfy-session-commit-s4q40rbr/travail/Nosfy/Media/reward-lune.mp4 (in target 'Nosfy' from project 'Nosfy')
    cd /var/folders/sk/1y78dckn1fbdyvwtdtdy76680000gn/T/nosfy-session-commit-s4q40rbr/travail
    builtin-copy -exclude .DS_Store -exclude CVS -exclude .svn -exclude .git -exclude .hg -resolve-src-symlinks /var/folders/sk/1y78dckn1fbdyvwtdtdy76680000gn/T/nosfy-session-commit-s4q40rbr/travail/Nosfy/Media/reward-lune.mp4 /var/folders/sk/1y78dckn1fbdyvwtdtdy76680000gn/T/nosfy-session-commit-s4q40rbr/DerivedData/Build/Products/Debug-iphonesimulator/Nosfy.app

CpResource /var/folders/sk/1y78dckn1fbdyvwtdtdy76680000gn/T/nosfy-session-commit-s4q40rbr/DerivedData/Build/Products/Debug-iphonesimulator/Nosfy.app/reward-fire.mp4 /var/folders/sk/1y78dckn1fbdyvwtdtdy76680000gn/T/nosfy-session-commit-s4q40rbr/travail/Nosfy/Media/reward-fire.mp4 (in target 'Nosfy' from project 'Nosfy')
    cd /var/folders/sk/1y78dckn1fbdyvwtdtdy76680000gn/T/nosfy-session-commit-s4q40rbr/travail
    builtin-copy -exclude .DS_Store -exclude CVS -exclude .svn -exclude .git -exclude .hg -resolve-src-symlinks /var/folders/sk/1y78dckn1fbdyvwtdtdy76680000gn/T/nosfy-session-commit-s4q40rbr/travail/Nosfy/Media/reward-fire.mp4 /var/folders/sk/1y78dckn1fbdyvwtdtdy76680000gn/T/nosfy-session-commit-s4q40rbr/DerivedData/Build/Products/Debug-iphonesimulator/Nosfy.app

CpResource /var/folders/sk/1y78dckn1fbdyvwtdtdy76680000gn/T/nosfy-session-commit-s4q40rbr/DerivedData/Build/Products/Debug-iphonesimulator/Nosfy.app/piece-sol.mp4 /var/folders/sk/1y78dckn1fbdyvwtdtdy76680000gn/T/nosfy-session-commit-s4q40rbr/travail/Nosfy/Media/piece-sol.mp4 (in target 'Nosfy' from project 'Nosfy')
    cd /var/folders/sk/1y78dckn1fbdyvwtdtdy76680000gn/T/nosfy-session-commit-s4q40rbr/travail
    builtin-copy -exclude .DS_Store -exclude CVS -exclude .svn -exclude .git -exclude .hg -resolve-src-symlinks /var/folders/sk/1y78dckn1fbdyvwtdtdy76680000gn/T/nosfy-session-commit-s4q40rbr/travail/Nosfy/Media/piece-sol.mp4 /var/folders/sk/1y78dckn1fbdyvwtdtdy76680000gn/T/nosfy-session-commit-s4q40rbr/DerivedData/Build/Products/Debug-iphonesimulator/Nosfy.app

CpResource /var/folders/sk/1y78dckn1fbdyvwtdtdy76680000gn/T/nosfy-session-commit-s4q40rbr/DerivedData/Build/Products/Debug-iphonesimulator/Nosfy.app/piece-bravo.mp4 /var/folders/sk/1y78dckn1fbdyvwtdtdy76680000gn/T/nosfy-session-commit-s4q40rbr/travail/Nosfy/Media/piece-bravo.mp4 (in target 'Nosfy' from project 'Nosfy')
    cd /var/folders/sk/1y78dckn1fbdyvwtdtdy76680000gn/T/nosfy-session-commit-s4q40rbr/travail
    builtin-copy -exclude .DS_Store -exclude CVS -exclude .svn -exclude .git -exclude .hg -resolve-src-symlinks /var/folders/sk/1y78dckn1fbdyvwtdtdy76680000gn/T/nosfy-session-commit-s4q40rbr/travail/Nosfy/Media/piece-bravo.mp4 /var/folders/sk/1y78dckn1fbdyvwtdtdy76680000gn/T/nosfy-session-commit-s4q40rbr/DerivedData/Build/Products/Debug-iphonesimulator/Nosfy.app

CpResource /var/folders/sk/1y78dckn1fbdyvwtdtdy76680000gn/T/nosfy-session-commit-s4q40rbr/DerivedData/Build/Products/Debug-iphonesimulator/Nosfy.app/piece-bravo-loop.mp4 /var/folders/sk/1y78dckn1fbdyvwtdtdy76680000gn/T/nosfy-session-commit-s4q40rbr/travail/Nosfy/Media/piece-bravo-loop.mp4 (in target 'Nosfy' from project 'Nosfy')
    cd /var/folders/sk/1y78dckn1fbdyvwtdtdy76680000gn/T/nosfy-session-commit-s4q40rbr/travail
    builtin-copy -exclude .DS_Store -exclude CVS -exclude .svn -exclude .git -exclude .hg -resolve-src-symlinks /var/folders/sk/1y78dckn1fbdyvwtdtdy76680000gn/T/nosfy-session-commit-s4q40rbr/travail/Nosfy/Media/piece-bravo-loop.mp4 /var/folders/sk/1y78dckn1fbdyvwtdtdy76680000gn/T/nosfy-session-commit-s4q40rbr/DerivedData/Build/Products/Debug-iphonesimulator/Nosfy.app

CpResource /var/folders/sk/1y78dckn1fbdyvwtdtdy76680000gn/T/nosfy-session-commit-s4q40rbr/DerivedData/Build/Products/Debug-iphonesimulator/Nosfy.app/pause-overlay-loop.mp4 /var/folders/sk/1y78dckn1fbdyvwtdtdy76680000gn/T/nosfy-session-commit-s4q40rbr/travail/Nosfy/Media/pause-overlay-loop.mp4 (in target 'Nosfy' from project 'Nosfy')
    cd /var/folders/sk/1y78dckn1fbdyvwtdtdy76680000gn/T/nosfy-session-commit-s4q40rbr/travail
    builtin-copy -exclude .DS_Store -exclude CVS -exclude .svn -exclude .git -exclude .hg -resolve-src-symlinks /var/folders/sk/1y78dckn1fbdyvwtdtdy76680000gn/T/nosfy-session-commit-s4q40rbr/travail/Nosfy/Media/pause-overlay-loop.mp4 /var/folders/sk/1y78dckn1fbdyvwtdtdy76680000gn/T/nosfy-session-commit-s4q40rbr/DerivedData/Build/Products/Debug-iphonesimulator/Nosfy.app

CpResource /var/folders/sk/1y78dckn1fbdyvwtdtdy76680000gn/T/nosfy-session-commit-s4q40rbr/DerivedData/Build/Products/Debug-iphonesimulator/Nosfy.app/onb-track-loop.mp4 /var/folders/sk/1y78dckn1fbdyvwtdtdy76680000gn/T/nosfy-session-commit-s4q40rbr/travail/Nosfy/Media/onb-track-loop.mp4 (in target 'Nosfy' from project 'Nosfy')
    cd /var/folders/sk/1y78dckn1fbdyvwtdtdy76680000gn/T/nosfy-session-commit-s4q40rbr/travail
    builtin-copy -exclude .DS_Store -exclude CVS -exclude .svn -exclude .git -exclude .hg -resolve-src-symlinks /var/folders/sk/1y78dckn1fbdyvwtdtdy76680000gn/T/nosfy-session-commit-s4q40rbr/travail/Nosfy/Media/onb-track-loop.mp4 /var/folders/sk/1y78dckn1fbdyvwtdtdy76680000gn/T/nosfy-session-commit-s4q40rbr/DerivedData/Build/Products/Debug-iphonesimulator/Nosfy.app

CpResource /var/folders/sk/1y78dckn1fbdyvwtdtdy76680000gn/T/nosfy-session-commit-s4q40rbr/DerivedData/Build/Products/Debug-iphonesimulator/Nosfy.app/onb-lune-loop.mp4 /var/folders/sk/1y78dckn1fbdyvwtdtdy76680000gn/T/nosfy-session-commit-s4q40rbr/travail/Nosfy/Media/onb-lune-loop.mp4 (in target 'Nosfy' from project 'Nosfy')
    cd /var/folders/sk/1y78dckn1fbdyvwtdtdy76680000gn/T/nosfy-session-commit-s4q40rbr/travail
    builtin-copy -exclude .DS_Store -exclude CVS -exclude .svn -exclude .git -exclude .hg -resolve-src-symlinks /var/folders/sk/1y78dckn1fbdyvwtdtdy76680000gn/T/nosfy-session-commit-s4q40rbr/travail/Nosfy/Media/onb-lune-loop.mp4 /var/folders/sk/1y78dckn1fbdyvwtdtdy76680000gn/T/nosfy-session-commit-s4q40rbr/DerivedData/Build/Products/Debug-iphonesimulator/Nosfy.app

CpResource /var/folders/sk/1y78dckn1fbdyvwtdtdy76680000gn/T/nosfy-session-commit-s4q40rbr/DerivedData/Build/Products/Debug-iphonesimulator/Nosfy.app/onb-exos-loop.mp4 /var/folders/sk/1y78dckn1fbdyvwtdtdy76680000gn/T/nosfy-session-commit-s4q40rbr/travail/Nosfy/Media/onb-exos-loop.mp4 (in target 'Nosfy' from project 'Nosfy')
    cd /var/folders/sk/1y78dckn1fbdyvwtdtdy76680000gn/T/nosfy-session-commit-s4q40rbr/travail
    builtin-copy -exclude .DS_Store -exclude CVS -exclude .svn -exclude .git -exclude .hg -resolve-src-symlinks /var/folders/sk/1y78dckn1fbdyvwtdtdy76680000gn/T/nosfy-session-commit-s4q40rbr/travail/Nosfy/Media/onb-exos-loop.mp4 /var/folders/sk/1y78dckn1fbdyvwtdtdy76680000gn/T/nosfy-session-commit-s4q40rbr/DerivedData/Build/Products/Debug-iphonesimulator/Nosfy.app

CpResource /var/folders/sk/1y78dckn1fbdyvwtdtdy76680000gn/T/nosfy-session-commit-s4q40rbr/DerivedData/Build/Products/Debug-iphonesimulator/Nosfy.app/onb-arrivee.mp4 /var/folders/sk/1y78dckn1fbdyvwtdtdy76680000gn/T/nosfy-session-commit-s4q40rbr/travail/Nosfy/Media/onb-arrivee.mp4 (in target 'Nosfy' from project 'Nosfy')
    cd /var/folders/sk/1y78dckn1fbdyvwtdtdy76680000gn/T/nosfy-session-commit-s4q40rbr/travail
    builtin-copy -exclude .DS_Store -exclude CVS -exclude .svn -exclude .git -exclude .hg -resolve-src-symlinks /var/folders/sk/1y78dckn1fbdyvwtdtdy76680000gn/T/nosfy-session-commit-s4q40rbr/travail/Nosfy/Media/onb-arrivee.mp4 /var/folders/sk/1y78dckn1fbdyvwtdtdy76680000gn/T/nosfy-session-commit-s4q40rbr/DerivedData/Build/Products/Debug-iphonesimulator/Nosfy.app

CpResource /var/folders/sk/1y78dckn1fbdyvwtdtdy76680000gn/T/nosfy-session-commit-s4q40rbr/DerivedData/Build/Products/Debug-iphonesimulator/Nosfy.app/nosfy-nuit.mp4 /var/folders/sk/1y78dckn1fbdyvwtdtdy76680000gn/T/nosfy-session-commit-s4q40rbr/travail/Nosfy/Media/nosfy-nuit.mp4 (in target 'Nosfy' from project 'Nosfy')
    cd /var/folders/sk/1y78dckn1fbdyvwtdtdy76680000gn/T/nosfy-session-commit-s4q40rbr/travail
    builtin-copy -exclude .DS_Store -exclude CVS -exclude .svn -exclude .git -exclude .hg -resolve-src-symlinks /var/folders/sk/1y78dckn1fbdyvwtdtdy76680000gn/T/nosfy-session-commit-s4q40rbr/travail/Nosfy/Media/nosfy-nuit.mp4 /var/folders/sk/1y78dckn1fbdyvwtdtdy76680000gn/T/nosfy-session-commit-s4q40rbr/DerivedData/Build/Products/Debug-iphonesimulator/Nosfy.app

CpResource /var/folders/sk/1y78dckn1fbdyvwtdtdy76680000gn/T/nosfy-session-commit-s4q40rbr/DerivedData/Build/Products/Debug-iphonesimulator/Nosfy.app/nosfy-notif-loop.mp4 /var/folders/sk/1y78dckn1fbdyvwtdtdy76680000gn/T/nosfy-session-commit-s4q40rbr/travail/Nosfy/Media/nosfy-notif-loop.mp4 (in target 'Nosfy' from project 'Nosfy')
    cd /var/folders/sk/1y78dckn1fbdyvwtdtdy76680000gn/T/nosfy-session-commit-s4q40rbr/travail
    builtin-copy -exclude .DS_Store -exclude CVS -exclude .svn -exclude .git -exclude .hg -resolve-src-symlinks /var/folders/sk/1y78dckn1fbdyvwtdtdy76680000gn/T/nosfy-session-commit-s4q40rbr/travail/Nosfy/Media/nosfy-notif-loop.mp4 /var/folders/sk/1y78dckn1fbdyvwtdtdy76680000gn/T/nosfy-session-commit-s4q40rbr/DerivedData/Build/Products/Debug-iphonesimulator/Nosfy.app

CpResource /var/folders/sk/1y78dckn1fbdyvwtdtdy76680000gn/T/nosfy-session-commit-s4q40rbr/DerivedData/Build/Products/Debug-iphonesimulator/Nosfy.app/nosfy-end.mp4 /var/folders/sk/1y78dckn1fbdyvwtdtdy76680000gn/T/nosfy-session-commit-s4q40rbr/travail/Nosfy/Media/nosfy-end.mp4 (in target 'Nosfy' from project 'Nosfy')
    cd /var/folders/sk/1y78dckn1fbdyvwtdtdy76680000gn/T/nosfy-session-commit-s4q40rbr/travail
    builtin-copy -exclude .DS_Store -exclude CVS -exclude .svn -exclude .git -exclude .hg -resolve-src-symlinks /var/folders/sk/1y78dckn1fbdyvwtdtdy76680000gn/T/nosfy-session-commit-s4q40rbr/travail/Nosfy/Media/nosfy-end.mp4 /var/folders/sk/1y78dckn1fbdyvwtdtdy76680000gn/T/nosfy-session-commit-s4q40rbr/DerivedData/Build/Products/Debug-iphonesimulator/Nosfy.app

CpResource /var/folders/sk/1y78dckn1fbdyvwtdtdy76680000gn/T/nosfy-session-commit-s4q40rbr/DerivedData/Build/Products/Debug-iphonesimulator/Nosfy.app/nosfy-accueil-loop.mp4 /var/folders/sk/1y78dckn1fbdyvwtdtdy76680000gn/T/nosfy-session-commit-s4q40rbr/travail/Nosfy/Media/nosfy-accueil-loop.mp4 (in target 'Nosfy' from project 'Nosfy')
    cd /var/folders/sk/1y78dckn1fbdyvwtdtdy76680000gn/T/nosfy-session-commit-s4q40rbr/travail
    builtin-copy -exclude .DS_Store -exclude CVS -exclude .svn -exclude .git -exclude .hg -resolve-src-symlinks /var/folders/sk/1y78dckn1fbdyvwtdtdy76680000gn/T/nosfy-session-commit-s4q40rbr/travail/Nosfy/Media/nosfy-accueil-loop.mp4 /var/folders/sk/1y78dckn1fbdyvwtdtdy76680000gn/T/nosfy-session-commit-s4q40rbr/DerivedData/Build/Products/Debug-iphonesimulator/Nosfy.app

CpResource /var/folders/sk/1y78dckn1fbdyvwtdtdy76680000gn/T/nosfy-session-commit-s4q40rbr/DerivedData/Build/Products/Debug-iphonesimulator/Nosfy.app/molette-glass-loop.mp4 /var/folders/sk/1y78dckn1fbdyvwtdtdy76680000gn/T/nosfy-session-commit-s4q40rbr/travail/Nosfy/Media/molette-glass-loop.mp4 (in target 'Nosfy' from project 'Nosfy')
    cd /var/folders/sk/1y78dckn1fbdyvwtdtdy76680000gn/T/nosfy-session-commit-s4q40rbr/travail
    builtin-copy -exclude .DS_Store -exclude CVS -exclude .svn -exclude .git -exclude .hg -resolve-src-symlinks /var/folders/sk/1y78dckn1fbdyvwtdtdy76680000gn/T/nosfy-session-commit-s4q40rbr/travail/Nosfy/Media/molette-glass-loop.mp4 /var/folders/sk/1y78dckn1fbdyvwtdtdy76680000gn/T/nosfy-session-commit-s4q40rbr/DerivedData/Build/Products/Debug-iphonesimulator/Nosfy.app

CpResource /var/folders/sk/1y78dckn1fbdyvwtdtdy76680000gn/T/nosfy-session-commit-s4q40rbr/DerivedData/Build/Products/Debug-iphonesimulator/Nosfy.app/manege-noir.caf /var/folders/sk/1y78dckn1fbdyvwtdtdy76680000gn/T/nosfy-session-commit-s4q40rbr/travail/Nosfy/Media/manege-noir.caf (in target 'Nosfy' from project 'Nosfy')
    cd /var/folders/sk/1y78dckn1fbdyvwtdtdy76680000gn/T/nosfy-session-commit-s4q40rbr/travail
    builtin-copy -exclude .DS_Store -exclude CVS -exclude .svn -exclude .git -exclude .hg -resolve-src-symlinks /var/folders/sk/1y78dckn1fbdyvwtdtdy76680000gn/T/nosfy-session-commit-s4q40rbr/travail/Nosfy/Media/manege-noir.caf /var/folders/sk/1y78dckn1fbdyvwtdtdy76680000gn/T/nosfy-session-commit-s4q40rbr/DerivedData/Build/Products/Debug-iphonesimulator/Nosfy.app

CpResource /var/folders/sk/1y78dckn1fbdyvwtdtdy76680000gn/T/nosfy-session-commit-s4q40rbr/DerivedData/Build/Products/Debug-iphonesimulator/Nosfy.app/manege-nappe.caf /var/folders/sk/1y78dckn1fbdyvwtdtdy76680000gn/T/nosfy-session-commit-s4q40rbr/travail/Nosfy/Media/manege-nappe.caf (in target 'Nosfy' from project 'Nosfy')
    cd /var/folders/sk/1y78dckn1fbdyvwtdtdy76680000gn/T/nosfy-session-commit-s4q40rbr/travail
    builtin-copy -exclude .DS_Store -exclude CVS -exclude .svn -exclude .git -exclude .hg -resolve-src-symlinks /var/folders/sk/1y78dckn1fbdyvwtdtdy76680000gn/T/nosfy-session-commit-s4q40rbr/travail/Nosfy/Media/manege-nappe.caf /var/folders/sk/1y78dckn1fbdyvwtdtdy76680000gn/T/nosfy-session-commit-s4q40rbr/DerivedData/Build/Products/Debug-iphonesimulator/Nosfy.app

CpResource /var/folders/sk/1y78dckn1fbdyvwtdtdy76680000gn/T/nosfy-session-commit-s4q40rbr/DerivedData/Build/Products/Debug-iphonesimulator/Nosfy.app/ile-sortie.wav /var/folders/sk/1y78dckn1fbdyvwtdtdy76680000gn/T/nosfy-session-commit-s4q40rbr/travail/Nosfy/Media/ile-sortie.wav (in target 'Nosfy' from project 'Nosfy')
    cd /var/folders/sk/1y78dckn1fbdyvwtdtdy76680000gn/T/nosfy-session-commit-s4q40rbr/travail
    builtin-copy -exclude .DS_Store -exclude CVS -exclude .svn -exclude .git -exclude .hg -resolve-src-symlinks /var/folders/sk/1y78dckn1fbdyvwtdtdy76680000gn/T/nosfy-session-commit-s4q40rbr/travail/Nosfy/Media/ile-sortie.wav /var/folders/sk/1y78dckn1fbdyvwtdtdy76680000gn/T/nosfy-session-commit-s4q40rbr/DerivedData/Build/Products/Debug-iphonesimulator/Nosfy.app

CpResource /var/folders/sk/1y78dckn1fbdyvwtdtdy76680000gn/T/nosfy-session-commit-s4q40rbr/DerivedData/Build/Products/Debug-iphonesimulator/Nosfy.app/ile-entree.wav /var/folders/sk/1y78dckn1fbdyvwtdtdy76680000gn/T/nosfy-session-commit-s4q40rbr/travail/Nosfy/Media/ile-entree.wav (in target 'Nosfy' from project 'Nosfy')
    cd /var/folders/sk/1y78dckn1fbdyvwtdtdy76680000gn/T/nosfy-session-commit-s4q40rbr/travail
    builtin-copy -exclude .DS_Store -exclude CVS -exclude .svn -exclude .git -exclude .hg -resolve-src-symlinks /var/folders/sk/1y78dckn1fbdyvwtdtdy76680000gn/T/nosfy-session-commit-s4q40rbr/travail/Nosfy/Media/ile-entree.wav /var/folders/sk/1y78dckn1fbdyvwtdtdy76680000gn/T/nosfy-session-commit-s4q40rbr/DerivedData/Build/Products/Debug-iphonesimulator/Nosfy.app

CpResource /var/folders/sk/1y78dckn1fbdyvwtdtdy76680000gn/T/nosfy-session-commit-s4q40rbr/DerivedData/Build/Products/Debug-iphonesimulator/Nosfy.app/home-textes.json /var/folders/sk/1y78dckn1fbdyvwtdtdy76680000gn/T/nosfy-session-commit-s4q40rbr/travail/Nosfy/Resources/home-textes.json (in target 'Nosfy' from project 'Nosfy')
    cd /var/folders/sk/1y78dckn1fbdyvwtdtdy76680000gn/T/nosfy-session-commit-s4q40rbr/travail
    builtin-copy -exclude .DS_Store -exclude CVS -exclude .svn -exclude .git -exclude .hg -resolve-src-symlinks /var/folders/sk/1y78dckn1fbdyvwtdtdy76680000gn/T/nosfy-session-commit-s4q40rbr/travail/Nosfy/Resources/home-textes.json /var/folders/sk/1y78dckn1fbdyvwtdtdy76680000gn/T/nosfy-session-commit-s4q40rbr/DerivedData/Build/Products/Debug-iphonesimulator/Nosfy.app

CpResource /var/folders/sk/1y78dckn1fbdyvwtdtdy76680000gn/T/nosfy-session-commit-s4q40rbr/DerivedData/Build/Products/Debug-iphonesimulator/Nosfy.app/home-fond-precompose-393x709.mp4 /var/folders/sk/1y78dckn1fbdyvwtdtdy76680000gn/T/nosfy-session-commit-s4q40rbr/travail/Nosfy/Media/home-fond-precompose-393x709.mp4 (in target 'Nosfy' from project 'Nosfy')
    cd /var/folders/sk/1y78dckn1fbdyvwtdtdy76680000gn/T/nosfy-session-commit-s4q40rbr/travail
    builtin-copy -exclude .DS_Store -exclude CVS -exclude .svn -exclude .git -exclude .hg -resolve-src-symlinks /var/folders/sk/1y78dckn1fbdyvwtdtdy76680000gn/T/nosfy-session-commit-s4q40rbr/travail/Nosfy/Media/home-fond-precompose-393x709.mp4 /var/folders/sk/1y78dckn1fbdyvwtdtdy76680000gn/T/nosfy-session-commit-s4q40rbr/DerivedData/Build/Products/Debug-iphonesimulator/Nosfy.app

CpResource /var/folders/sk/1y78dckn1fbdyvwtdtdy76680000gn/T/nosfy-session-commit-s4q40rbr/DerivedData/Build/Products/Debug-iphonesimulator/Nosfy.app/home-fond-pilule.mp4 /var/folders/sk/1y78dckn1fbdyvwtdtdy76680000gn/T/nosfy-session-commit-s4q40rbr/travail/Nosfy/Media/home-fond-pilule.mp4 (in target 'Nosfy' from project 'Nosfy')
    cd /var/folders/sk/1y78dckn1fbdyvwtdtdy76680000gn/T/nosfy-session-commit-s4q40rbr/travail
    builtin-copy -exclude .DS_Store -exclude CVS -exclude .svn -exclude .git -exclude .hg -resolve-src-symlinks /var/folders/sk/1y78dckn1fbdyvwtdtdy76680000gn/T/nosfy-session-commit-s4q40rbr/travail/Nosfy/Media/home-fond-pilule.mp4 /var/folders/sk/1y78dckn1fbdyvwtdtdy76680000gn/T/nosfy-session-commit-s4q40rbr/DerivedData/Build/Products/Debug-iphonesimulator/Nosfy.app

CpResource /var/folders/sk/1y78dckn1fbdyvwtdtdy76680000gn/T/nosfy-session-commit-s4q40rbr/DerivedData/Build/Products/Debug-iphonesimulator/Nosfy.app/home-fond-loop.mp4 /var/folders/sk/1y78dckn1fbdyvwtdtdy76680000gn/T/nosfy-session-commit-s4q40rbr/travail/Nosfy/Media/home-fond-loop.mp4 (in target 'Nosfy' from project 'Nosfy')
    cd /var/folders/sk/1y78dckn1fbdyvwtdtdy76680000gn/T/nosfy-session-commit-s4q40rbr/travail
    builtin-copy -exclude .DS_Store -exclude CVS -exclude .svn -exclude .git -exclude .hg -resolve-src-symlinks /var/folders/sk/1y78dckn1fbdyvwtdtdy76680000gn/T/nosfy-session-commit-s4q40rbr/travail/Nosfy/Media/home-fond-loop.mp4 /var/folders/sk/1y78dckn1fbdyvwtdtdy76680000gn/T/nosfy-session-commit-s4q40rbr/DerivedData/Build/Products/Debug-iphonesimulator/Nosfy.app

CpResource /var/folders/sk/1y78dckn1fbdyvwtdtdy76680000gn/T/nosfy-session-commit-s4q40rbr/DerivedData/Build/Products/Debug-iphonesimulator/Nosfy.app/home-fond-flamme.mp4 /var/folders/sk/1y78dckn1fbdyvwtdtdy76680000gn/T/nosfy-session-commit-s4q40rbr/travail/Nosfy/Media/home-fond-flamme.mp4 (in target 'Nosfy' from project 'Nosfy')
    cd /var/folders/sk/1y78dckn1fbdyvwtdtdy76680000gn/T/nosfy-session-commit-s4q40rbr/travail
    builtin-copy -exclude .DS_Store -exclude CVS -exclude .svn -exclude .git -exclude .hg -resolve-src-symlinks /var/folders/sk/1y78dckn1fbdyvwtdtdy76680000gn/T/nosfy-session-commit-s4q40rbr/travail/Nosfy/Media/home-fond-flamme.mp4 /var/folders/sk/1y78dckn1fbdyvwtdtdy76680000gn/T/nosfy-session-commit-s4q40rbr/DerivedData/Build/Products/Debug-iphonesimulator/Nosfy.app

CpResource /var/folders/sk/1y78dckn1fbdyvwtdtdy76680000gn/T/nosfy-session-commit-s4q40rbr/DerivedData/Build/Products/Debug-iphonesimulator/Nosfy.app/fond-matrice-loop.mp4 /var/folders/sk/1y78dckn1fbdyvwtdtdy76680000gn/T/nosfy-session-commit-s4q40rbr/travail/Nosfy/Media/fond-matrice-loop.mp4 (in target 'Nosfy' from project 'Nosfy')
    cd /var/folders/sk/1y78dckn1fbdyvwtdtdy76680000gn/T/nosfy-session-commit-s4q40rbr/travail
    builtin-copy -exclude .DS_Store -exclude CVS -exclude .svn -exclude .git -exclude .hg -resolve-src-symlinks /var/folders/sk/1y78dckn1fbdyvwtdtdy76680000gn/T/nosfy-session-commit-s4q40rbr/travail/Nosfy/Media/fond-matrice-loop.mp4 /var/folders/sk/1y78dckn1fbdyvwtdtdy76680000gn/T/nosfy-session-commit-s4q40rbr/DerivedData/Build/Products/Debug-iphonesimulator/Nosfy.app

CpResource /var/folders/sk/1y78dckn1fbdyvwtdtdy76680000gn/T/nosfy-session-commit-s4q40rbr/DerivedData/Build/Products/Debug-iphonesimulator/Nosfy.app/flamme_overlay.mp4 /var/folders/sk/1y78dckn1fbdyvwtdtdy76680000gn/T/nosfy-session-commit-s4q40rbr/travail/Nosfy/Media/flamme_overlay.mp4 (in target 'Nosfy' from project 'Nosfy')
    cd /var/folders/sk/1y78dckn1fbdyvwtdtdy76680000gn/T/nosfy-session-commit-s4q40rbr/travail
    builtin-copy -exclude .DS_Store -exclude CVS -exclude .svn -exclude .git -exclude .hg -resolve-src-symlinks /var/folders/sk/1y78dckn1fbdyvwtdtdy76680000gn/T/nosfy-session-commit-s4q40rbr/travail/Nosfy/Media/flamme_overlay.mp4 /var/folders/sk/1y78dckn1fbdyvwtdtdy76680000gn/T/nosfy-session-commit-s4q40rbr/DerivedData/Build/Products/Debug-iphonesimulator/Nosfy.app

CpResource /var/folders/sk/1y78dckn1fbdyvwtdtdy76680000gn/T/nosfy-session-commit-s4q40rbr/DerivedData/Build/Products/Debug-iphonesimulator/Nosfy.app/feerie-carillon.caf /var/folders/sk/1y78dckn1fbdyvwtdtdy76680000gn/T/nosfy-session-commit-s4q40rbr/travail/Nosfy/Media/feerie-carillon.caf (in target 'Nosfy' from project 'Nosfy')
    cd /var/folders/sk/1y78dckn1fbdyvwtdtdy76680000gn/T/nosfy-session-commit-s4q40rbr/travail
    builtin-copy -exclude .DS_Store -exclude CVS -exclude .svn -exclude .git -exclude .hg -resolve-src-symlinks /var/folders/sk/1y78dckn1fbdyvwtdtdy76680000gn/T/nosfy-session-commit-s4q40rbr/travail/Nosfy/Media/feerie-carillon.caf /var/folders/sk/1y78dckn1fbdyvwtdtdy76680000gn/T/nosfy-session-commit-s4q40rbr/DerivedData/Build/Products/Debug-iphonesimulator/Nosfy.app

CpResource /var/folders/sk/1y78dckn1fbdyvwtdtdy76680000gn/T/nosfy-session-commit-s4q40rbr/DerivedData/Build/Products/Debug-iphonesimulator/Nosfy.app/exos-fond-loop.mp4 /var/folders/sk/1y78dckn1fbdyvwtdtdy76680000gn/T/nosfy-session-commit-s4q40rbr/travail/Nosfy/Media/exos-fond-loop.mp4 (in target 'Nosfy' from project 'Nosfy')
    cd /var/folders/sk/1y78dckn1fbdyvwtdtdy76680000gn/T/nosfy-session-commit-s4q40rbr/travail
    builtin-copy -exclude .DS_Store -exclude CVS -exclude .svn -exclude .git -exclude .hg -resolve-src-symlinks /var/folders/sk/1y78dckn1fbdyvwtdtdy76680000gn/T/nosfy-session-commit-s4q40rbr/travail/Nosfy/Media/exos-fond-loop.mp4 /var/folders/sk/1y78dckn1fbdyvwtdtdy76680000gn/T/nosfy-session-commit-s4q40rbr/DerivedData/Build/Products/Debug-iphonesimulator/Nosfy.app

CpResource /var/folders/sk/1y78dckn1fbdyvwtdtdy76680000gn/T/nosfy-session-commit-s4q40rbr/DerivedData/Build/Products/Debug-iphonesimulator/Nosfy.app/erreur-loop.mp4 /var/folders/sk/1y78dckn1fbdyvwtdtdy76680000gn/T/nosfy-session-commit-s4q40rbr/travail/Nosfy/Media/erreur-loop.mp4 (in target 'Nosfy' from project 'Nosfy')
    cd /var/folders/sk/1y78dckn1fbdyvwtdtdy76680000gn/T/nosfy-session-commit-s4q40rbr/travail
    builtin-copy -exclude .DS_Store -exclude CVS -exclude .svn -exclude .git -exclude .hg -resolve-src-symlinks /var/folders/sk/1y78dckn1fbdyvwtdtdy76680000gn/T/nosfy-session-commit-s4q40rbr/travail/Nosfy/Media/erreur-loop.mp4 /var/folders/sk/1y78dckn1fbdyvwtdtdy76680000gn/T/nosfy-session-commit-s4q40rbr/DerivedData/Build/Products/Debug-iphonesimulator/Nosfy.app

CpResource /var/folders/sk/1y78dckn1fbdyvwtdtdy76680000gn/T/nosfy-session-commit-s4q40rbr/DerivedData/Build/Products/Debug-iphonesimulator/Nosfy.app/duo-nosfy-reward.mp4 /var/folders/sk/1y78dckn1fbdyvwtdtdy76680000gn/T/nosfy-session-commit-s4q40rbr/travail/Nosfy/Media/duo-nosfy-reward.mp4 (in target 'Nosfy' from project 'Nosfy')
    cd /var/folders/sk/1y78dckn1fbdyvwtdtdy76680000gn/T/nosfy-session-commit-s4q40rbr/travail
    builtin-copy -exclude .DS_Store -exclude CVS -exclude .svn -exclude .git -exclude .hg -resolve-src-symlinks /var/folders/sk/1y78dckn1fbdyvwtdtdy76680000gn/T/nosfy-session-commit-s4q40rbr/travail/Nosfy/Media/duo-nosfy-reward.mp4 /var/folders/sk/1y78dckn1fbdyvwtdtdy76680000gn/T/nosfy-session-commit-s4q40rbr/DerivedData/Build/Products/Debug-iphonesimulator/Nosfy.app

CpResource /var/folders/sk/1y78dckn1fbdyvwtdtdy76680000gn/T/nosfy-session-commit-s4q40rbr/DerivedData/Build/Products/Debug-iphonesimulator/Nosfy.app/duo-galet-rougebleu.mp4 /var/folders/sk/1y78dckn1fbdyvwtdtdy76680000gn/T/nosfy-session-commit-s4q40rbr/travail/Nosfy/Media/duo-galet-rougebleu.mp4 (in target 'Nosfy' from project 'Nosfy')
    cd /var/folders/sk/1y78dckn1fbdyvwtdtdy76680000gn/T/nosfy-session-commit-s4q40rbr/travail
    builtin-copy -exclude .DS_Store -exclude CVS -exclude .svn -exclude .git -exclude .hg -resolve-src-symlinks /var/folders/sk/1y78dckn1fbdyvwtdtdy76680000gn/T/nosfy-session-commit-s4q40rbr/travail/Nosfy/Media/duo-galet-rougebleu.mp4 /var/folders/sk/1y78dckn1fbdyvwtdtdy76680000gn/T/nosfy-session-commit-s4q40rbr/DerivedData/Build/Products/Debug-iphonesimulator/Nosfy.app

CpResource /var/folders/sk/1y78dckn1fbdyvwtdtdy76680000gn/T/nosfy-session-commit-s4q40rbr/DerivedData/Build/Products/Debug-iphonesimulator/Nosfy.app/duo-galet-rouge.mp4 /var/folders/sk/1y78dckn1fbdyvwtdtdy76680000gn/T/nosfy-session-commit-s4q40rbr/travail/Nosfy/Media/duo-galet-rouge.mp4 (in target 'Nosfy' from project 'Nosfy')
    cd /var/folders/sk/1y78dckn1fbdyvwtdtdy76680000gn/T/nosfy-session-commit-s4q40rbr/travail
    builtin-copy -exclude .DS_Store -exclude CVS -exclude .svn -exclude .git -exclude .hg -resolve-src-symlinks /var/folders/sk/1y78dckn1fbdyvwtdtdy76680000gn/T/nosfy-session-commit-s4q40rbr/travail/Nosfy/Media/duo-galet-rouge.mp4 /var/folders/sk/1y78dckn1fbdyvwtdtdy76680000gn/T/nosfy-session-commit-s4q40rbr/DerivedData/Build/Products/Debug-iphonesimulator/Nosfy.app

CpResource /var/folders/sk/1y78dckn1fbdyvwtdtdy76680000gn/T/nosfy-session-commit-s4q40rbr/DerivedData/Build/Products/Debug-iphonesimulator/Nosfy.app/duo-galet-noir.mp4 /var/folders/sk/1y78dckn1fbdyvwtdtdy76680000gn/T/nosfy-session-commit-s4q40rbr/travail/Nosfy/Media/duo-galet-noir.mp4 (in target 'Nosfy' from project 'Nosfy')
    cd /var/folders/sk/1y78dckn1fbdyvwtdtdy76680000gn/T/nosfy-session-commit-s4q40rbr/travail
    builtin-copy -exclude .DS_Store -exclude CVS -exclude .svn -exclude .git -exclude .hg -resolve-src-symlinks /var/folders/sk/1y78dckn1fbdyvwtdtdy76680000gn/T/nosfy-session-commit-s4q40rbr/travail/Nosfy/Media/duo-galet-noir.mp4 /var/folders/sk/1y78dckn1fbdyvwtdtdy76680000gn/T/nosfy-session-commit-s4q40rbr/DerivedData/Build/Products/Debug-iphonesimulator/Nosfy.app

CpResource /var/folders/sk/1y78dckn1fbdyvwtdtdy76680000gn/T/nosfy-session-commit-s4q40rbr/DerivedData/Build/Products/Debug-iphonesimulator/Nosfy.app/duo-flamme-bleue.mp4 /var/folders/sk/1y78dckn1fbdyvwtdtdy76680000gn/T/nosfy-session-commit-s4q40rbr/travail/Nosfy/Media/duo-flamme-bleue.mp4 (in target 'Nosfy' from project 'Nosfy')
    cd /var/folders/sk/1y78dckn1fbdyvwtdtdy76680000gn/T/nosfy-session-commit-s4q40rbr/travail
    builtin-copy -exclude .DS_Store -exclude CVS -exclude .svn -exclude .git -exclude .hg -resolve-src-symlinks /var/folders/sk/1y78dckn1fbdyvwtdtdy76680000gn/T/nosfy-session-commit-s4q40rbr/travail/Nosfy/Media/duo-flamme-bleue.mp4 /var/folders/sk/1y78dckn1fbdyvwtdtdy76680000gn/T/nosfy-session-commit-s4q40rbr/DerivedData/Build/Products/Debug-iphonesimulator/Nosfy.app

CpResource /var/folders/sk/1y78dckn1fbdyvwtdtdy76680000gn/T/nosfy-session-commit-s4q40rbr/DerivedData/Build/Products/Debug-iphonesimulator/Nosfy.app/duo-feu-rouge.mp4 /var/folders/sk/1y78dckn1fbdyvwtdtdy76680000gn/T/nosfy-session-commit-s4q40rbr/travail/Nosfy/Media/duo-feu-rouge.mp4 (in target 'Nosfy' from project 'Nosfy')
    cd /var/folders/sk/1y78dckn1fbdyvwtdtdy76680000gn/T/nosfy-session-commit-s4q40rbr/travail
    builtin-copy -exclude .DS_Store -exclude CVS -exclude .svn -exclude .git -exclude .hg -resolve-src-symlinks /var/folders/sk/1y78dckn1fbdyvwtdtdy76680000gn/T/nosfy-session-commit-s4q40rbr/travail/Nosfy/Media/duo-feu-rouge.mp4 /var/folders/sk/1y78dckn1fbdyvwtdtdy76680000gn/T/nosfy-session-commit-s4q40rbr/DerivedData/Build/Products/Debug-iphonesimulator/Nosfy.app

CpResource /var/folders/sk/1y78dckn1fbdyvwtdtdy76680000gn/T/nosfy-session-commit-s4q40rbr/DerivedData/Build/Products/Debug-iphonesimulator/Nosfy.app/duo-feu-blanc.mp4 /var/folders/sk/1y78dckn1fbdyvwtdtdy76680000gn/T/nosfy-session-commit-s4q40rbr/travail/Nosfy/Media/duo-feu-blanc.mp4 (in target 'Nosfy' from project 'Nosfy')
    cd /var/folders/sk/1y78dckn1fbdyvwtdtdy76680000gn/T/nosfy-session-commit-s4q40rbr/travail
    builtin-copy -exclude .DS_Store -exclude CVS -exclude .svn -exclude .git -exclude .hg -resolve-src-symlinks /var/folders/sk/1y78dckn1fbdyvwtdtdy76680000gn/T/nosfy-session-commit-s4q40rbr/travail/Nosfy/Media/duo-feu-blanc.mp4 /var/folders/sk/1y78dckn1fbdyvwtdtdy76680000gn/T/nosfy-session-commit-s4q40rbr/DerivedData/Build/Products/Debug-iphonesimulator/Nosfy.app

CpResource /var/folders/sk/1y78dckn1fbdyvwtdtdy76680000gn/T/nosfy-session-commit-s4q40rbr/DerivedData/Build/Products/Debug-iphonesimulator/Nosfy.app/dechirure-lente.caf /var/folders/sk/1y78dckn1fbdyvwtdtdy76680000gn/T/nosfy-session-commit-s4q40rbr/travail/Nosfy/Media/dechirure-lente.caf (in target 'Nosfy' from project 'Nosfy')
    cd /var/folders/sk/1y78dckn1fbdyvwtdtdy76680000gn/T/nosfy-session-commit-s4q40rbr/travail
    builtin-copy -exclude .DS_Store -exclude CVS -exclude .svn -exclude .git -exclude .hg -resolve-src-symlinks /var/folders/sk/1y78dckn1fbdyvwtdtdy76680000gn/T/nosfy-session-commit-s4q40rbr/travail/Nosfy/Media/dechirure-lente.caf /var/folders/sk/1y78dckn1fbdyvwtdtdy76680000gn/T/nosfy-session-commit-s4q40rbr/DerivedData/Build/Products/Debug-iphonesimulator/Nosfy.app

CpResource /var/folders/sk/1y78dckn1fbdyvwtdtdy76680000gn/T/nosfy-session-commit-s4q40rbr/DerivedData/Build/Products/Debug-iphonesimulator/Nosfy.app/dechirure-franche.caf /var/folders/sk/1y78dckn1fbdyvwtdtdy76680000gn/T/nosfy-session-commit-s4q40rbr/travail/Nosfy/Media/dechirure-franche.caf (in target 'Nosfy' from project 'Nosfy')
    cd /var/folders/sk/1y78dckn1fbdyvwtdtdy76680000gn/T/nosfy-session-commit-s4q40rbr/travail
    builtin-copy -exclude .DS_Store -exclude CVS -exclude .svn -exclude .git -exclude .hg -resolve-src-symlinks /var/folders/sk/1y78dckn1fbdyvwtdtdy76680000gn/T/nosfy-session-commit-s4q40rbr/travail/Nosfy/Media/dechirure-franche.caf /var/folders/sk/1y78dckn1fbdyvwtdtdy76680000gn/T/nosfy-session-commit-s4q40rbr/DerivedData/Build/Products/Debug-iphonesimulator/Nosfy.app

CpResource /var/folders/sk/1y78dckn1fbdyvwtdtdy76680000gn/T/nosfy-session-commit-s4q40rbr/DerivedData/Build/Products/Debug-iphonesimulator/Nosfy.app/dechirure-finale.caf /var/folders/sk/1y78dckn1fbdyvwtdtdy76680000gn/T/nosfy-session-commit-s4q40rbr/travail/Nosfy/Media/dechirure-finale.caf (in target 'Nosfy' from project 'Nosfy')
    cd /var/folders/sk/1y78dckn1fbdyvwtdtdy76680000gn/T/nosfy-session-commit-s4q40rbr/travail
    builtin-copy -exclude .DS_Store -exclude CVS -exclude .svn -exclude .git -exclude .hg -resolve-src-symlinks /var/folders/sk/1y78dckn1fbdyvwtdtdy76680000gn/T/nosfy-session-commit-s4q40rbr/travail/Nosfy/Media/dechirure-finale.caf /var/folders/sk/1y78dckn1fbdyvwtdtdy76680000gn/T/nosfy-session-commit-s4q40rbr/DerivedData/Build/Products/Debug-iphonesimulator/Nosfy.app

CpResource /var/folders/sk/1y78dckn1fbdyvwtdtdy76680000gn/T/nosfy-session-commit-s4q40rbr/DerivedData/Build/Products/Debug-iphonesimulator/Nosfy.app/count.mp4 /var/folders/sk/1y78dckn1fbdyvwtdtdy76680000gn/T/nosfy-session-commit-s4q40rbr/travail/Nosfy/Media/count.mp4 (in target 'Nosfy' from project 'Nosfy')
    cd /var/folders/sk/1y78dckn1fbdyvwtdtdy76680000gn/T/nosfy-session-commit-s4q40rbr/travail
    builtin-copy -exclude .DS_Store -exclude CVS -exclude .svn -exclude .git -exclude .hg -resolve-src-symlinks /var/folders/sk/1y78dckn1fbdyvwtdtdy76680000gn/T/nosfy-session-commit-s4q40rbr/travail/Nosfy/Media/count.mp4 /var/folders/sk/1y78dckn1fbdyvwtdtdy76680000gn/T/nosfy-session-commit-s4q40rbr/DerivedData/Build/Products/Debug-iphonesimulator/Nosfy.app

CpResource /var/folders/sk/1y78dckn1fbdyvwtdtdy76680000gn/T/nosfy-session-commit-s4q40rbr/DerivedData/Build/Products/Debug-iphonesimulator/Nosfy.app/coffre-spot-loop.mp4 /var/folders/sk/1y78dckn1fbdyvwtdtdy76680000gn/T/nosfy-session-commit-s4q40rbr/travail/Nosfy/Media/coffre-spot-loop.mp4 (in target 'Nosfy' from project 'Nosfy')
    cd /var/folders/sk/1y78dckn1fbdyvwtdtdy76680000gn/T/nosfy-session-commit-s4q40rbr/travail
    builtin-copy -exclude .DS_Store -exclude CVS -exclude .svn -exclude .git -exclude .hg -resolve-src-symlinks /var/folders/sk/1y78dckn1fbdyvwtdtdy76680000gn/T/nosfy-session-commit-s4q40rbr/travail/Nosfy/Media/coffre-spot-loop.mp4 /var/folders/sk/1y78dckn1fbdyvwtdtdy76680000gn/T/nosfy-session-commit-s4q40rbr/DerivedData/Build/Products/Debug-iphonesimulator/Nosfy.app

CpResource /var/folders/sk/1y78dckn1fbdyvwtdtdy76680000gn/T/nosfy-session-commit-s4q40rbr/DerivedData/Build/Products/Debug-iphonesimulator/Nosfy.app/coffre-salut.mp4 /var/folders/sk/1y78dckn1fbdyvwtdtdy76680000gn/T/nosfy-session-commit-s4q40rbr/travail/Nosfy/Media/coffre-salut.mp4 (in target 'Nosfy' from project 'Nosfy')
    cd /var/folders/sk/1y78dckn1fbdyvwtdtdy76680000gn/T/nosfy-session-commit-s4q40rbr/travail
    builtin-copy -exclude .DS_Store -exclude CVS -exclude .svn -exclude .git -exclude .hg -resolve-src-symlinks /var/folders/sk/1y78dckn1fbdyvwtdtdy76680000gn/T/nosfy-session-commit-s4q40rbr/travail/Nosfy/Media/coffre-salut.mp4 /var/folders/sk/1y78dckn1fbdyvwtdtdy76680000gn/T/nosfy-session-commit-s4q40rbr/DerivedData/Build/Products/Debug-iphonesimulator/Nosfy.app

CpResource /var/folders/sk/1y78dckn1fbdyvwtdtdy76680000gn/T/nosfy-session-commit-s4q40rbr/DerivedData/Build/Products/Debug-iphonesimulator/Nosfy.app/coffre-salle-loop.mp4 /var/folders/sk/1y78dckn1fbdyvwtdtdy76680000gn/T/nosfy-session-commit-s4q40rbr/travail/Nosfy/Media/coffre-salle-loop.mp4 (in target 'Nosfy' from project 'Nosfy')
    cd /var/folders/sk/1y78dckn1fbdyvwtdtdy76680000gn/T/nosfy-session-commit-s4q40rbr/travail
    builtin-copy -exclude .DS_Store -exclude CVS -exclude .svn -exclude .git -exclude .hg -resolve-src-symlinks /var/folders/sk/1y78dckn1fbdyvwtdtdy76680000gn/T/nosfy-session-commit-s4q40rbr/travail/Nosfy/Media/coffre-salle-loop.mp4 /var/folders/sk/1y78dckn1fbdyvwtdtdy76680000gn/T/nosfy-session-commit-s4q40rbr/DerivedData/Build/Products/Debug-iphonesimulator/Nosfy.app

CpResource /var/folders/sk/1y78dckn1fbdyvwtdtdy76680000gn/T/nosfy-session-commit-s4q40rbr/DerivedData/Build/Products/Debug-iphonesimulator/Nosfy.app/coffre-beau.mp4 /var/folders/sk/1y78dckn1fbdyvwtdtdy76680000gn/T/nosfy-session-commit-s4q40rbr/travail/Nosfy/Media/coffre-beau.mp4 (in target 'Nosfy' from project 'Nosfy')
    cd /var/folders/sk/1y78dckn1fbdyvwtdtdy76680000gn/T/nosfy-session-commit-s4q40rbr/travail
    builtin-copy -exclude .DS_Store -exclude CVS -exclude .svn -exclude .git -exclude .hg -resolve-src-symlinks /var/folders/sk/1y78dckn1fbdyvwtdtdy76680000gn/T/nosfy-session-commit-s4q40rbr/travail/Nosfy/Media/coffre-beau.mp4 /var/folders/sk/1y78dckn1fbdyvwtdtdy76680000gn/T/nosfy-session-commit-s4q40rbr/DerivedData/Build/Products/Debug-iphonesimulator/Nosfy.app

CpResource /var/folders/sk/1y78dckn1fbdyvwtdtdy76680000gn/T/nosfy-session-commit-s4q40rbr/DerivedData/Build/Products/Debug-iphonesimulator/Nosfy.app/coffre-arrivee.mp4 /var/folders/sk/1y78dckn1fbdyvwtdtdy76680000gn/T/nosfy-session-commit-s4q40rbr/travail/Nosfy/Media/coffre-arrivee.mp4 (in target 'Nosfy' from project 'Nosfy')
    cd /var/folders/sk/1y78dckn1fbdyvwtdtdy76680000gn/T/nosfy-session-commit-s4q40rbr/travail
    builtin-copy -exclude .DS_Store -exclude CVS -exclude .svn -exclude .git -exclude .hg -resolve-src-symlinks /var/folders/sk/1y78dckn1fbdyvwtdtdy76680000gn/T/nosfy-session-commit-s4q40rbr/travail/Nosfy/Media/coffre-arrivee.mp4 /var/folders/sk/1y78dckn1fbdyvwtdtdy76680000gn/T/nosfy-session-commit-s4q40rbr/DerivedData/Build/Products/Debug-iphonesimulator/Nosfy.app

CpResource /var/folders/sk/1y78dckn1fbdyvwtdtdy76680000gn/T/nosfy-session-commit-s4q40rbr/DerivedData/Build/Products/Debug-iphonesimulator/Nosfy.app/braise-veille.caf /var/folders/sk/1y78dckn1fbdyvwtdtdy76680000gn/T/nosfy-session-commit-s4q40rbr/travail/Nosfy/Media/braise-veille.caf (in target 'Nosfy' from project 'Nosfy')
    cd /var/folders/sk/1y78dckn1fbdyvwtdtdy76680000gn/T/nosfy-session-commit-s4q40rbr/travail
    builtin-copy -exclude .DS_Store -exclude CVS -exclude .svn -exclude .git -exclude .hg -resolve-src-symlinks /var/folders/sk/1y78dckn1fbdyvwtdtdy76680000gn/T/nosfy-session-commit-s4q40rbr/travail/Nosfy/Media/braise-veille.caf /var/folders/sk/1y78dckn1fbdyvwtdtdy76680000gn/T/nosfy-session-commit-s4q40rbr/DerivedData/Build/Products/Debug-iphonesimulator/Nosfy.app

CpResource /var/folders/sk/1y78dckn1fbdyvwtdtdy76680000gn/T/nosfy-session-commit-s4q40rbr/DerivedData/Build/Products/Debug-iphonesimulator/Nosfy.app/booster.bin /var/folders/sk/1y78dckn1fbdyvwtdtdy76680000gn/T/nosfy-session-commit-s4q40rbr/travail/Nosfy/Media/booster.bin (in target 'Nosfy' from project 'Nosfy')
    cd /var/folders/sk/1y78dckn1fbdyvwtdtdy76680000gn/T/nosfy-session-commit-s4q40rbr/travail
    builtin-copy -exclude .DS_Store -exclude CVS -exclude .svn -exclude .git -exclude .hg -resolve-src-symlinks /var/folders/sk/1y78dckn1fbdyvwtdtdy76680000gn/T/nosfy-session-commit-s4q40rbr/travail/Nosfy/Media/booster.bin /var/folders/sk/1y78dckn1fbdyvwtdtdy76680000gn/T/nosfy-session-commit-s4q40rbr/DerivedData/Build/Products/Debug-iphonesimulator/Nosfy.app

CpResource /var/folders/sk/1y78dckn1fbdyvwtdtdy76680000gn/T/nosfy-session-commit-s4q40rbr/DerivedData/Build/Products/Debug-iphonesimulator/Nosfy.app/booster-loop.mp4 /var/folders/sk/1y78dckn1fbdyvwtdtdy76680000gn/T/nosfy-session-commit-s4q40rbr/travail/Nosfy/Media/booster-loop.mp4 (in target 'Nosfy' from project 'Nosfy')
    cd /var/folders/sk/1y78dckn1fbdyvwtdtdy76680000gn/T/nosfy-session-commit-s4q40rbr/travail
    builtin-copy -exclude .DS_Store -exclude CVS -exclude .svn -exclude .git -exclude .hg -resolve-src-symlinks /var/folders/sk/1y78dckn1fbdyvwtdtdy76680000gn/T/nosfy-session-commit-s4q40rbr/travail/Nosfy/Media/booster-loop.mp4 /var/folders/sk/1y78dckn1fbdyvwtdtdy76680000gn/T/nosfy-session-commit-s4q40rbr/DerivedData/Build/Products/Debug-iphonesimulator/Nosfy.app

CpResource /var/folders/sk/1y78dckn1fbdyvwtdtdy76680000gn/T/nosfy-session-commit-s4q40rbr/DerivedData/Build/Products/Debug-iphonesimulator/Nosfy.app/booster-loop-noir.mp4 /var/folders/sk/1y78dckn1fbdyvwtdtdy76680000gn/T/nosfy-session-commit-s4q40rbr/travail/Nosfy/Media/booster-loop-noir.mp4 (in target 'Nosfy' from project 'Nosfy')
    cd /var/folders/sk/1y78dckn1fbdyvwtdtdy76680000gn/T/nosfy-session-commit-s4q40rbr/travail
    builtin-copy -exclude .DS_Store -exclude CVS -exclude .svn -exclude .git -exclude .hg -resolve-src-symlinks /var/folders/sk/1y78dckn1fbdyvwtdtdy76680000gn/T/nosfy-session-commit-s4q40rbr/travail/Nosfy/Media/booster-loop-noir.mp4 /var/folders/sk/1y78dckn1fbdyvwtdtdy76680000gn/T/nosfy-session-commit-s4q40rbr/DerivedData/Build/Products/Debug-iphonesimulator/Nosfy.app

CpResource /var/folders/sk/1y78dckn1fbdyvwtdtdy76680000gn/T/nosfy-session-commit-s4q40rbr/DerivedData/Build/Products/Debug-iphonesimulator/Nosfy.app/booster-dot-loop.mp4 /var/folders/sk/1y78dckn1fbdyvwtdtdy76680000gn/T/nosfy-session-commit-s4q40rbr/travail/Nosfy/Media/booster-dot-loop.mp4 (in target 'Nosfy' from project 'Nosfy')
    cd /var/folders/sk/1y78dckn1fbdyvwtdtdy76680000gn/T/nosfy-session-commit-s4q40rbr/travail
    builtin-copy -exclude .DS_Store -exclude CVS -exclude .svn -exclude .git -exclude .hg -resolve-src-symlinks /var/folders/sk/1y78dckn1fbdyvwtdtdy76680000gn/T/nosfy-session-commit-s4q40rbr/travail/Nosfy/Media/booster-dot-loop.mp4 /var/folders/sk/1y78dckn1fbdyvwtdtdy76680000gn/T/nosfy-session-commit-s4q40rbr/DerivedData/Build/Products/Debug-iphonesimulator/Nosfy.app

CpResource /var/folders/sk/1y78dckn1fbdyvwtdtdy76680000gn/T/nosfy-session-commit-s4q40rbr/DerivedData/Build/Products/Debug-iphonesimulator/Nosfy.app/background-calendar-loop.mp4 /var/folders/sk/1y78dckn1fbdyvwtdtdy76680000gn/T/nosfy-session-commit-s4q40rbr/travail/Nosfy/Media/background-calendar-loop.mp4 (in target 'Nosfy' from project 'Nosfy')
    cd /var/folders/sk/1y78dckn1fbdyvwtdtdy76680000gn/T/nosfy-session-commit-s4q40rbr/travail
    builtin-copy -exclude .DS_Store -exclude CVS -exclude .svn -exclude .git -exclude .hg -resolve-src-symlinks /var/folders/sk/1y78dckn1fbdyvwtdtdy76680000gn/T/nosfy-session-commit-s4q40rbr/travail/Nosfy/Media/background-calendar-loop.mp4 /var/folders/sk/1y78dckn1fbdyvwtdtdy76680000gn/T/nosfy-session-commit-s4q40rbr/DerivedData/Build/Products/Debug-iphonesimulator/Nosfy.app

CpResource /var/folders/sk/1y78dckn1fbdyvwtdtdy76680000gn/T/nosfy-session-commit-s4q40rbr/DerivedData/Build/Products/Debug-iphonesimulator/Nosfy.app/PrivacyInfo.xcprivacy /var/folders/sk/1y78dckn1fbdyvwtdtdy76680000gn/T/nosfy-session-commit-s4q40rbr/travail/Nosfy/PrivacyInfo.xcprivacy (in target 'Nosfy' from project 'Nosfy')
    cd /var/folders/sk/1y78dckn1fbdyvwtdtdy76680000gn/T/nosfy-session-commit-s4q40rbr/travail
    builtin-copy -exclude .DS_Store -exclude CVS -exclude .svn -exclude .git -exclude .hg -resolve-src-symlinks /var/folders/sk/1y78dckn1fbdyvwtdtdy76680000gn/T/nosfy-session-commit-s4q40rbr/travail/Nosfy/PrivacyInfo.xcprivacy /var/folders/sk/1y78dckn1fbdyvwtdtdy76680000gn/T/nosfy-session-commit-s4q40rbr/DerivedData/Build/Products/Debug-iphonesimulator/Nosfy.app

CpResource /var/folders/sk/1y78dckn1fbdyvwtdtdy76680000gn/T/nosfy-session-commit-s4q40rbr/DerivedData/Build/Products/Debug-iphonesimulator/Nosfy.app/PoussiereLune.wav /var/folders/sk/1y78dckn1fbdyvwtdtdy76680000gn/T/nosfy-session-commit-s4q40rbr/travail/Nosfy/Media/PoussiereLune.wav (in target 'Nosfy' from project 'Nosfy')
    cd /var/folders/sk/1y78dckn1fbdyvwtdtdy76680000gn/T/nosfy-session-commit-s4q40rbr/travail
    builtin-copy -exclude .DS_Store -exclude CVS -exclude .svn -exclude .git -exclude .hg -resolve-src-symlinks /var/folders/sk/1y78dckn1fbdyvwtdtdy76680000gn/T/nosfy-session-commit-s4q40rbr/travail/Nosfy/Media/PoussiereLune.wav /var/folders/sk/1y78dckn1fbdyvwtdtdy76680000gn/T/nosfy-session-commit-s4q40rbr/DerivedData/Build/Products/Debug-iphonesimulator/Nosfy.app

CpResource /var/folders/sk/1y78dckn1fbdyvwtdtdy76680000gn/T/nosfy-session-commit-s4q40rbr/DerivedData/Build/Products/Debug-iphonesimulator/Nosfy.app/Paillette.wav /var/folders/sk/1y78dckn1fbdyvwtdtdy76680000gn/T/nosfy-session-commit-s4q40rbr/travail/Nosfy/Sounds/Paillette.wav (in target 'Nosfy' from project 'Nosfy')
    cd /var/folders/sk/1y78dckn1fbdyvwtdtdy76680000gn/T/nosfy-session-commit-s4q40rbr/travail
    builtin-copy -exclude .DS_Store -exclude CVS -exclude .svn -exclude .git -exclude .hg -resolve-src-symlinks /var/folders/sk/1y78dckn1fbdyvwtdtdy76680000gn/T/nosfy-session-commit-s4q40rbr/travail/Nosfy/Sounds/Paillette.wav /var/folders/sk/1y78dckn1fbdyvwtdtdy76680000gn/T/nosfy-session-commit-s4q40rbr/DerivedData/Build/Products/Debug-iphonesimulator/Nosfy.app

CpResource /var/folders/sk/1y78dckn1fbdyvwtdtdy76680000gn/T/nosfy-session-commit-s4q40rbr/DerivedData/Build/Products/Debug-iphonesimulator/Nosfy.app/NosfyTheme.m4a /var/folders/sk/1y78dckn1fbdyvwtdtdy76680000gn/T/nosfy-session-commit-s4q40rbr/travail/Nosfy/Sounds/NosfyTheme.m4a (in target 'Nosfy' from project 'Nosfy')
    cd /var/folders/sk/1y78dckn1fbdyvwtdtdy76680000gn/T/nosfy-session-commit-s4q40rbr/travail
    builtin-copy -exclude .DS_Store -exclude CVS -exclude .svn -exclude .git -exclude .hg -resolve-src-symlinks /var/folders/sk/1y78dckn1fbdyvwtdtdy76680000gn/T/nosfy-session-commit-s4q40rbr/travail/Nosfy/Sounds/NosfyTheme.m4a /var/folders/sk/1y78dckn1fbdyvwtdtdy76680000gn/T/nosfy-session-commit-s4q40rbr/DerivedData/Build/Products/Debug-iphonesimulator/Nosfy.app

CpResource /var/folders/sk/1y78dckn1fbdyvwtdtdy76680000gn/T/nosfy-session-commit-s4q40rbr/DerivedData/Build/Products/Debug-iphonesimulator/Nosfy.app/NosfyTap.wav /var/folders/sk/1y78dckn1fbdyvwtdtdy76680000gn/T/nosfy-session-commit-s4q40rbr/travail/Nosfy/Sounds/NosfyTap.wav (in target 'Nosfy' from project 'Nosfy')
    cd /var/folders/sk/1y78dckn1fbdyvwtdtdy76680000gn/T/nosfy-session-commit-s4q40rbr/travail
    builtin-copy -exclude .DS_Store -exclude CVS -exclude .svn -exclude .git -exclude .hg -resolve-src-symlinks /var/folders/sk/1y78dckn1fbdyvwtdtdy76680000gn/T/nosfy-session-commit-s4q40rbr/travail/Nosfy/Sounds/NosfyTap.wav /var/folders/sk/1y78dckn1fbdyvwtdtdy76680000gn/T/nosfy-session-commit-s4q40rbr/DerivedData/Build/Products/Debug-iphonesimulator/Nosfy.app

CpResource /var/folders/sk/1y78dckn1fbdyvwtdtdy76680000gn/T/nosfy-session-commit-s4q40rbr/DerivedData/Build/Products/Debug-iphonesimulator/Nosfy.app/NosfyPaillette.wav /var/folders/sk/1y78dckn1fbdyvwtdtdy76680000gn/T/nosfy-session-commit-s4q40rbr/travail/Nosfy/Sounds/NosfyPaillette.wav (in target 'Nosfy' from project 'Nosfy')
    cd /var/folders/sk/1y78dckn1fbdyvwtdtdy76680000gn/T/nosfy-session-commit-s4q40rbr/travail
    builtin-copy -exclude .DS_Store -exclude CVS -exclude .svn -exclude .git -exclude .hg -resolve-src-symlinks /var/folders/sk/1y78dckn1fbdyvwtdtdy76680000gn/T/nosfy-session-commit-s4q40rbr/travail/Nosfy/Sounds/NosfyPaillette.wav /var/folders/sk/1y78dckn1fbdyvwtdtdy76680000gn/T/nosfy-session-commit-s4q40rbr/DerivedData/Build/Products/Debug-iphonesimulator/Nosfy.app

CpResource /var/folders/sk/1y78dckn1fbdyvwtdtdy76680000gn/T/nosfy-session-commit-s4q40rbr/DerivedData/Build/Products/Debug-iphonesimulator/Nosfy.app/NosfyFin.m4a /var/folders/sk/1y78dckn1fbdyvwtdtdy76680000gn/T/nosfy-session-commit-s4q40rbr/travail/Nosfy/Sounds/NosfyFin.m4a (in target 'Nosfy' from project 'Nosfy')
    cd /var/folders/sk/1y78dckn1fbdyvwtdtdy76680000gn/T/nosfy-session-commit-s4q40rbr/travail
    builtin-copy -exclude .DS_Store -exclude CVS -exclude .svn -exclude .git -exclude .hg -resolve-src-symlinks /var/folders/sk/1y78dckn1fbdyvwtdtdy76680000gn/T/nosfy-session-commit-s4q40rbr/travail/Nosfy/Sounds/NosfyFin.m4a /var/folders/sk/1y78dckn1fbdyvwtdtdy76680000gn/T/nosfy-session-commit-s4q40rbr/DerivedData/Build/Products/Debug-iphonesimulator/Nosfy.app

CpResource /var/folders/sk/1y78dckn1fbdyvwtdtdy76680000gn/T/nosfy-session-commit-s4q40rbr/DerivedData/Build/Products/Debug-iphonesimulator/Nosfy.app/NeonIgnite.wav /var/folders/sk/1y78dckn1fbdyvwtdtdy76680000gn/T/nosfy-session-commit-s4q40rbr/travail/Nosfy/Sounds/NeonIgnite.wav (in target 'Nosfy' from project 'Nosfy')
    cd /var/folders/sk/1y78dckn1fbdyvwtdtdy76680000gn/T/nosfy-session-commit-s4q40rbr/travail
    builtin-copy -exclude .DS_Store -exclude CVS -exclude .svn -exclude .git -exclude .hg -resolve-src-symlinks /var/folders/sk/1y78dckn1fbdyvwtdtdy76680000gn/T/nosfy-session-commit-s4q40rbr/travail/Nosfy/Sounds/NeonIgnite.wav /var/folders/sk/1y78dckn1fbdyvwtdtdy76680000gn/T/nosfy-session-commit-s4q40rbr/DerivedData/Build/Products/Debug-iphonesimulator/Nosfy.app

CpResource /var/folders/sk/1y78dckn1fbdyvwtdtdy76680000gn/T/nosfy-session-commit-s4q40rbr/DerivedData/Build/Products/Debug-iphonesimulator/Nosfy.app/MoonSplashTheme.m4a /var/folders/sk/1y78dckn1fbdyvwtdtdy76680000gn/T/nosfy-session-commit-s4q40rbr/travail/Nosfy/Sounds/MoonSplashTheme.m4a (in target 'Nosfy' from project 'Nosfy')
    cd /var/folders/sk/1y78dckn1fbdyvwtdtdy76680000gn/T/nosfy-session-commit-s4q40rbr/travail
    builtin-copy -exclude .DS_Store -exclude CVS -exclude .svn -exclude .git -exclude .hg -resolve-src-symlinks /var/folders/sk/1y78dckn1fbdyvwtdtdy76680000gn/T/nosfy-session-commit-s4q40rbr/travail/Nosfy/Sounds/MoonSplashTheme.m4a /var/folders/sk/1y78dckn1fbdyvwtdtdy76680000gn/T/nosfy-session-commit-s4q40rbr/DerivedData/Build/Products/Debug-iphonesimulator/Nosfy.app

CpResource /var/folders/sk/1y78dckn1fbdyvwtdtdy76680000gn/T/nosfy-session-commit-s4q40rbr/DerivedData/Build/Products/Debug-iphonesimulator/Nosfy.app/MoonGraze.wav /var/folders/sk/1y78dckn1fbdyvwtdtdy76680000gn/T/nosfy-session-commit-s4q40rbr/travail/Nosfy/Sounds/MoonGraze.wav (in target 'Nosfy' from project 'Nosfy')
    cd /var/folders/sk/1y78dckn1fbdyvwtdtdy76680000gn/T/nosfy-session-commit-s4q40rbr/travail
    builtin-copy -exclude .DS_Store -exclude CVS -exclude .svn -exclude .git -exclude .hg -resolve-src-symlinks /var/folders/sk/1y78dckn1fbdyvwtdtdy76680000gn/T/nosfy-session-commit-s4q40rbr/travail/Nosfy/Sounds/MoonGraze.wav /var/folders/sk/1y78dckn1fbdyvwtdtdy76680000gn/T/nosfy-session-commit-s4q40rbr/DerivedData/Build/Products/Debug-iphonesimulator/Nosfy.app

CpResource /var/folders/sk/1y78dckn1fbdyvwtdtdy76680000gn/T/nosfy-session-commit-s4q40rbr/DerivedData/Build/Products/Debug-iphonesimulator/Nosfy.app/MoonSDF.bin /var/folders/sk/1y78dckn1fbdyvwtdtdy76680000gn/T/nosfy-session-commit-s4q40rbr/travail/Nosfy/MoonSDF.bin (in target 'Nosfy' from project 'Nosfy')
    cd /var/folders/sk/1y78dckn1fbdyvwtdtdy76680000gn/T/nosfy-session-commit-s4q40rbr/travail
    builtin-copy -exclude .DS_Store -exclude CVS -exclude .svn -exclude .git -exclude .hg -resolve-src-symlinks /var/folders/sk/1y78dckn1fbdyvwtdtdy76680000gn/T/nosfy-session-commit-s4q40rbr/travail/Nosfy/MoonSDF.bin /var/folders/sk/1y78dckn1fbdyvwtdtdy76680000gn/T/nosfy-session-commit-s4q40rbr/DerivedData/Build/Products/Debug-iphonesimulator/Nosfy.app

CpResource /var/folders/sk/1y78dckn1fbdyvwtdtdy76680000gn/T/nosfy-session-commit-s4q40rbr/DerivedData/Build/Products/Debug-iphonesimulator/Nosfy.app/MoonGlide.wav /var/folders/sk/1y78dckn1fbdyvwtdtdy76680000gn/T/nosfy-session-commit-s4q40rbr/travail/Nosfy/Sounds/MoonGlide.wav (in target 'Nosfy' from project 'Nosfy')
    cd /var/folders/sk/1y78dckn1fbdyvwtdtdy76680000gn/T/nosfy-session-commit-s4q40rbr/travail
    builtin-copy -exclude .DS_Store -exclude CVS -exclude .svn -exclude .git -exclude .hg -resolve-src-symlinks /var/folders/sk/1y78dckn1fbdyvwtdtdy76680000gn/T/nosfy-session-commit-s4q40rbr/travail/Nosfy/Sounds/MoonGlide.wav /var/folders/sk/1y78dckn1fbdyvwtdtdy76680000gn/T/nosfy-session-commit-s4q40rbr/DerivedData/Build/Products/Debug-iphonesimulator/Nosfy.app

CpResource /var/folders/sk/1y78dckn1fbdyvwtdtdy76680000gn/T/nosfy-session-commit-s4q40rbr/DerivedData/Build/Products/Debug-iphonesimulator/Nosfy.app/LuneSangTheme.m4a /var/folders/sk/1y78dckn1fbdyvwtdtdy76680000gn/T/nosfy-session-commit-s4q40rbr/travail/Nosfy/Sounds/LuneSangTheme.m4a (in target 'Nosfy' from project 'Nosfy')
    cd /var/folders/sk/1y78dckn1fbdyvwtdtdy76680000gn/T/nosfy-session-commit-s4q40rbr/travail
    builtin-copy -exclude .DS_Store -exclude CVS -exclude .svn -exclude .git -exclude .hg -resolve-src-symlinks /var/folders/sk/1y78dckn1fbdyvwtdtdy76680000gn/T/nosfy-session-commit-s4q40rbr/travail/Nosfy/Sounds/LuneSangTheme.m4a /var/folders/sk/1y78dckn1fbdyvwtdtdy76680000gn/T/nosfy-session-commit-s4q40rbr/DerivedData/Build/Products/Debug-iphonesimulator/Nosfy.app

CpResource /var/folders/sk/1y78dckn1fbdyvwtdtdy76680000gn/T/nosfy-session-commit-s4q40rbr/DerivedData/Build/Products/Debug-iphonesimulator/Nosfy.app/LensTheme.m4a /var/folders/sk/1y78dckn1fbdyvwtdtdy76680000gn/T/nosfy-session-commit-s4q40rbr/travail/Nosfy/Sounds/LensTheme.m4a (in target 'Nosfy' from project 'Nosfy')
    cd /var/folders/sk/1y78dckn1fbdyvwtdtdy76680000gn/T/nosfy-session-commit-s4q40rbr/travail
    builtin-copy -exclude .DS_Store -exclude CVS -exclude .svn -exclude .git -exclude .hg -resolve-src-symlinks /var/folders/sk/1y78dckn1fbdyvwtdtdy76680000gn/T/nosfy-session-commit-s4q40rbr/travail/Nosfy/Sounds/LensTheme.m4a /var/folders/sk/1y78dckn1fbdyvwtdtdy76680000gn/T/nosfy-session-commit-s4q40rbr/DerivedData/Build/Products/Debug-iphonesimulator/Nosfy.app

CpResource /var/folders/sk/1y78dckn1fbdyvwtdtdy76680000gn/T/nosfy-session-commit-s4q40rbr/DerivedData/Build/Products/Debug-iphonesimulator/Nosfy.app/Inter-SemiBold.otf /var/folders/sk/1y78dckn1fbdyvwtdtdy76680000gn/T/nosfy-session-commit-s4q40rbr/travail/Nosfy/Fonts/Inter-SemiBold.otf (in target 'Nosfy' from project 'Nosfy')
    cd /var/folders/sk/1y78dckn1fbdyvwtdtdy76680000gn/T/nosfy-session-commit-s4q40rbr/travail
    builtin-copy -exclude .DS_Store -exclude CVS -exclude .svn -exclude .git -exclude .hg -resolve-src-symlinks /var/folders/sk/1y78dckn1fbdyvwtdtdy76680000gn/T/nosfy-session-commit-s4q40rbr/travail/Nosfy/Fonts/Inter-SemiBold.otf /var/folders/sk/1y78dckn1fbdyvwtdtdy76680000gn/T/nosfy-session-commit-s4q40rbr/DerivedData/Build/Products/Debug-iphonesimulator/Nosfy.app

CpResource /var/folders/sk/1y78dckn1fbdyvwtdtdy76680000gn/T/nosfy-session-commit-s4q40rbr/DerivedData/Build/Products/Debug-iphonesimulator/Nosfy.app/Inter-Regular.otf /var/folders/sk/1y78dckn1fbdyvwtdtdy76680000gn/T/nosfy-session-commit-s4q40rbr/travail/Nosfy/Fonts/Inter-Regular.otf (in target 'Nosfy' from project 'Nosfy')
    cd /var/folders/sk/1y78dckn1fbdyvwtdtdy76680000gn/T/nosfy-session-commit-s4q40rbr/travail
    builtin-copy -exclude .DS_Store -exclude CVS -exclude .svn -exclude .git -exclude .hg -resolve-src-symlinks /var/folders/sk/1y78dckn1fbdyvwtdtdy76680000gn/T/nosfy-session-commit-s4q40rbr/travail/Nosfy/Fonts/Inter-Regular.otf /var/folders/sk/1y78dckn1fbdyvwtdtdy76680000gn/T/nosfy-session-commit-s4q40rbr/DerivedData/Build/Products/Debug-iphonesimulator/Nosfy.app

CpResource /var/folders/sk/1y78dckn1fbdyvwtdtdy76680000gn/T/nosfy-session-commit-s4q40rbr/DerivedData/Build/Products/Debug-iphonesimulator/Nosfy.app/Inter-Medium.otf /var/folders/sk/1y78dckn1fbdyvwtdtdy76680000gn/T/nosfy-session-commit-s4q40rbr/travail/Nosfy/Fonts/Inter-Medium.otf (in target 'Nosfy' from project 'Nosfy')
    cd /var/folders/sk/1y78dckn1fbdyvwtdtdy76680000gn/T/nosfy-session-commit-s4q40rbr/travail
    builtin-copy -exclude .DS_Store -exclude CVS -exclude .svn -exclude .git -exclude .hg -resolve-src-symlinks /var/folders/sk/1y78dckn1fbdyvwtdtdy76680000gn/T/nosfy-session-commit-s4q40rbr/travail/Nosfy/Fonts/Inter-Medium.otf /var/folders/sk/1y78dckn1fbdyvwtdtdy76680000gn/T/nosfy-session-commit-s4q40rbr/DerivedData/Build/Products/Debug-iphonesimulator/Nosfy.app

CpResource /var/folders/sk/1y78dckn1fbdyvwtdtdy76680000gn/T/nosfy-session-commit-s4q40rbr/DerivedData/Build/Products/Debug-iphonesimulator/Nosfy.app/Inter-Light.otf /var/folders/sk/1y78dckn1fbdyvwtdtdy76680000gn/T/nosfy-session-commit-s4q40rbr/travail/Nosfy/Fonts/Inter-Light.otf (in target 'Nosfy' from project 'Nosfy')
    cd /var/folders/sk/1y78dckn1fbdyvwtdtdy76680000gn/T/nosfy-session-commit-s4q40rbr/travail
    builtin-copy -exclude .DS_Store -exclude CVS -exclude .svn -exclude .git -exclude .hg -resolve-src-symlinks /var/folders/sk/1y78dckn1fbdyvwtdtdy76680000gn/T/nosfy-session-commit-s4q40rbr/travail/Nosfy/Fonts/Inter-Light.otf /var/folders/sk/1y78dckn1fbdyvwtdtdy76680000gn/T/nosfy-session-commit-s4q40rbr/DerivedData/Build/Products/Debug-iphonesimulator/Nosfy.app

CpResource /var/folders/sk/1y78dckn1fbdyvwtdtdy76680000gn/T/nosfy-session-commit-s4q40rbr/DerivedData/Build/Products/Debug-iphonesimulator/Nosfy.app/Inter-Bold.otf /var/folders/sk/1y78dckn1fbdyvwtdtdy76680000gn/T/nosfy-session-commit-s4q40rbr/travail/Nosfy/Fonts/Inter-Bold.otf (in target 'Nosfy' from project 'Nosfy')
    cd /var/folders/sk/1y78dckn1fbdyvwtdtdy76680000gn/T/nosfy-session-commit-s4q40rbr/travail
    builtin-copy -exclude .DS_Store -exclude CVS -exclude .svn -exclude .git -exclude .hg -resolve-src-symlinks /var/folders/sk/1y78dckn1fbdyvwtdtdy76680000gn/T/nosfy-session-commit-s4q40rbr/travail/Nosfy/Fonts/Inter-Bold.otf /var/folders/sk/1y78dckn1fbdyvwtdtdy76680000gn/T/nosfy-session-commit-s4q40rbr/DerivedData/Build/Products/Debug-iphonesimulator/Nosfy.app

CpResource /var/folders/sk/1y78dckn1fbdyvwtdtdy76680000gn/T/nosfy-session-commit-s4q40rbr/DerivedData/Build/Products/Debug-iphonesimulator/Nosfy.app/DialTock.wav /var/folders/sk/1y78dckn1fbdyvwtdtdy76680000gn/T/nosfy-session-commit-s4q40rbr/travail/Nosfy/Sounds/DialTock.wav (in target 'Nosfy' from project 'Nosfy')
    cd /var/folders/sk/1y78dckn1fbdyvwtdtdy76680000gn/T/nosfy-session-commit-s4q40rbr/travail
    builtin-copy -exclude .DS_Store -exclude CVS -exclude .svn -exclude .git -exclude .hg -resolve-src-symlinks /var/folders/sk/1y78dckn1fbdyvwtdtdy76680000gn/T/nosfy-session-commit-s4q40rbr/travail/Nosfy/Sounds/DialTock.wav /var/folders/sk/1y78dckn1fbdyvwtdtdy76680000gn/T/nosfy-session-commit-s4q40rbr/DerivedData/Build/Products/Debug-iphonesimulator/Nosfy.app

CpResource /var/folders/sk/1y78dckn1fbdyvwtdtdy76680000gn/T/nosfy-session-commit-s4q40rbr/DerivedData/Build/Products/Debug-iphonesimulator/Nosfy.app/DialTick.wav /var/folders/sk/1y78dckn1fbdyvwtdtdy76680000gn/T/nosfy-session-commit-s4q40rbr/travail/Nosfy/Sounds/DialTick.wav (in target 'Nosfy' from project 'Nosfy')
    cd /var/folders/sk/1y78dckn1fbdyvwtdtdy76680000gn/T/nosfy-session-commit-s4q40rbr/travail
    builtin-copy -exclude .DS_Store -exclude CVS -exclude .svn -exclude .git -exclude .hg -resolve-src-symlinks /var/folders/sk/1y78dckn1fbdyvwtdtdy76680000gn/T/nosfy-session-commit-s4q40rbr/travail/Nosfy/Sounds/DialTick.wav /var/folders/sk/1y78dckn1fbdyvwtdtdy76680000gn/T/nosfy-session-commit-s4q40rbr/DerivedData/Build/Products/Debug-iphonesimulator/Nosfy.app

CpResource /var/folders/sk/1y78dckn1fbdyvwtdtdy76680000gn/T/nosfy-session-commit-s4q40rbr/DerivedData/Build/Products/Debug-iphonesimulator/Nosfy.app/DialTap.wav /var/folders/sk/1y78dckn1fbdyvwtdtdy76680000gn/T/nosfy-session-commit-s4q40rbr/travail/Nosfy/Sounds/DialTap.wav (in target 'Nosfy' from project 'Nosfy')
    cd /var/folders/sk/1y78dckn1fbdyvwtdtdy76680000gn/T/nosfy-session-commit-s4q40rbr/travail
    builtin-copy -exclude .DS_Store -exclude CVS -exclude .svn -exclude .git -exclude .hg -resolve-src-symlinks /var/folders/sk/1y78dckn1fbdyvwtdtdy76680000gn/T/nosfy-session-commit-s4q40rbr/travail/Nosfy/Sounds/DialTap.wav /var/folders/sk/1y78dckn1fbdyvwtdtdy76680000gn/T/nosfy-session-commit-s4q40rbr/DerivedData/Build/Products/Debug-iphonesimulator/Nosfy.app

CpResource /var/folders/sk/1y78dckn1fbdyvwtdtdy76680000gn/T/nosfy-session-commit-s4q40rbr/DerivedData/Build/Products/Debug-iphonesimulator/Nosfy.app/CoinChink.wav /var/folders/sk/1y78dckn1fbdyvwtdtdy76680000gn/T/nosfy-session-commit-s4q40rbr/travail/Nosfy/Media/CoinChink.wav (in target 'Nosfy' from project 'Nosfy')
    cd /var/folders/sk/1y78dckn1fbdyvwtdtdy76680000gn/T/nosfy-session-commit-s4q40rbr/travail
    builtin-copy -exclude .DS_Store -exclude CVS -exclude .svn -exclude .git -exclude .hg -resolve-src-symlinks /var/folders/sk/1y78dckn1fbdyvwtdtdy76680000gn/T/nosfy-session-commit-s4q40rbr/travail/Nosfy/Media/CoinChink.wav /var/folders/sk/1y78dckn1fbdyvwtdtdy76680000gn/T/nosfy-session-commit-s4q40rbr/DerivedData/Build/Products/Debug-iphonesimulator/Nosfy.app

CpResource /var/folders/sk/1y78dckn1fbdyvwtdtdy76680000gn/T/nosfy-session-commit-s4q40rbr/DerivedData/Build/Products/Debug-iphonesimulator/Nosfy.app/BoosterLeve.wav /var/folders/sk/1y78dckn1fbdyvwtdtdy76680000gn/T/nosfy-session-commit-s4q40rbr/travail/Nosfy/Media/BoosterLeve.wav (in target 'Nosfy' from project 'Nosfy')
    cd /var/folders/sk/1y78dckn1fbdyvwtdtdy76680000gn/T/nosfy-session-commit-s4q40rbr/travail
    builtin-copy -exclude .DS_Store -exclude CVS -exclude .svn -exclude .git -exclude .hg -resolve-src-symlinks /var/folders/sk/1y78dckn1fbdyvwtdtdy76680000gn/T/nosfy-session-commit-s4q40rbr/travail/Nosfy/Media/BoosterLeve.wav /var/folders/sk/1y78dckn1fbdyvwtdtdy76680000gn/T/nosfy-session-commit-s4q40rbr/DerivedData/Build/Products/Debug-iphonesimulator/Nosfy.app

CpResource /var/folders/sk/1y78dckn1fbdyvwtdtdy76680000gn/T/nosfy-session-commit-s4q40rbr/DerivedData/Build/Products/Debug-iphonesimulator/Nosfy.app/AuroraSwipe.wav /var/folders/sk/1y78dckn1fbdyvwtdtdy76680000gn/T/nosfy-session-commit-s4q40rbr/travail/Nosfy/Sounds/AuroraSwipe.wav (in target 'Nosfy' from project 'Nosfy')
    cd /var/folders/sk/1y78dckn1fbdyvwtdtdy76680000gn/T/nosfy-session-commit-s4q40rbr/travail
    builtin-copy -exclude .DS_Store -exclude CVS -exclude .svn -exclude .git -exclude .hg -resolve-src-symlinks /var/folders/sk/1y78dckn1fbdyvwtdtdy76680000gn/T/nosfy-session-commit-s4q40rbr/travail/Nosfy/Sounds/AuroraSwipe.wav /var/folders/sk/1y78dckn1fbdyvwtdtdy76680000gn/T/nosfy-session-commit-s4q40rbr/DerivedData/Build/Products/Debug-iphonesimulator/Nosfy.app

CpResource /var/folders/sk/1y78dckn1fbdyvwtdtdy76680000gn/T/nosfy-session-commit-s4q40rbr/DerivedData/Build/Products/Debug-iphonesimulator/Nosfy.app/AuroraSparkle.wav /var/folders/sk/1y78dckn1fbdyvwtdtdy76680000gn/T/nosfy-session-commit-s4q40rbr/travail/Nosfy/Sounds/AuroraSparkle.wav (in target 'Nosfy' from project 'Nosfy')
    cd /var/folders/sk/1y78dckn1fbdyvwtdtdy76680000gn/T/nosfy-session-commit-s4q40rbr/travail
    builtin-copy -exclude .DS_Store -exclude CVS -exclude .svn -exclude .git -exclude .hg -resolve-src-symlinks /var/folders/sk/1y78dckn1fbdyvwtdtdy76680000gn/T/nosfy-session-commit-s4q40rbr/travail/Nosfy/Sounds/AuroraSparkle.wav /var/folders/sk/1y78dckn1fbdyvwtdtdy76680000gn/T/nosfy-session-commit-s4q40rbr/DerivedData/Build/Products/Debug-iphonesimulator/Nosfy.app

CpResource /var/folders/sk/1y78dckn1fbdyvwtdtdy76680000gn/T/nosfy-session-commit-s4q40rbr/DerivedData/Build/Products/Debug-iphonesimulator/Nosfy.app/AuroraBreath.wav /var/folders/sk/1y78dckn1fbdyvwtdtdy76680000gn/T/nosfy-session-commit-s4q40rbr/travail/Nosfy/Sounds/AuroraBreath.wav (in target 'Nosfy' from project 'Nosfy')
    cd /var/folders/sk/1y78dckn1fbdyvwtdtdy76680000gn/T/nosfy-session-commit-s4q40rbr/travail
    builtin-copy -exclude .DS_Store -exclude CVS -exclude .svn -exclude .git -exclude .hg -resolve-src-symlinks /var/folders/sk/1y78dckn1fbdyvwtdtdy76680000gn/T/nosfy-session-commit-s4q40rbr/travail/Nosfy/Sounds/AuroraBreath.wav /var/folders/sk/1y78dckn1fbdyvwtdtdy76680000gn/T/nosfy-session-commit-s4q40rbr/DerivedData/Build/Products/Debug-iphonesimulator/Nosfy.app

CopyPNGFile /var/folders/sk/1y78dckn1fbdyvwtdtdy76680000gn/T/nosfy-session-commit-s4q40rbr/DerivedData/Build/Products/Debug-iphonesimulator/Nosfy.app/coffre-spot.png /var/folders/sk/1y78dckn1fbdyvwtdtdy76680000gn/T/nosfy-session-commit-s4q40rbr/travail/Nosfy/Media/coffre-spot.png (in target 'Nosfy' from project 'Nosfy')
    cd /var/folders/sk/1y78dckn1fbdyvwtdtdy76680000gn/T/nosfy-session-commit-s4q40rbr/travail
    /Applications/Xcode.app/Contents/Developer/usr/bin/copypng -compress -strip-PNG-text /var/folders/sk/1y78dckn1fbdyvwtdtdy76680000gn/T/nosfy-session-commit-s4q40rbr/travail/Nosfy/Media/coffre-spot.png /var/folders/sk/1y78dckn1fbdyvwtdtdy76680000gn/T/nosfy-session-commit-s4q40rbr/DerivedData/Build/Products/Debug-iphonesimulator/Nosfy.app/coffre-spot.png

CopyPNGFile /var/folders/sk/1y78dckn1fbdyvwtdtdy76680000gn/T/nosfy-session-commit-s4q40rbr/DerivedData/Build/Products/Debug-iphonesimulator/Nosfy.app/coffre-arche.png /var/folders/sk/1y78dckn1fbdyvwtdtdy76680000gn/T/nosfy-session-commit-s4q40rbr/travail/Nosfy/Media/coffre-arche.png (in target 'Nosfy' from project 'Nosfy')
    cd /var/folders/sk/1y78dckn1fbdyvwtdtdy76680000gn/T/nosfy-session-commit-s4q40rbr/travail
    /Applications/Xcode.app/Contents/Developer/usr/bin/copypng -compress -strip-PNG-text /var/folders/sk/1y78dckn1fbdyvwtdtdy76680000gn/T/nosfy-session-commit-s4q40rbr/travail/Nosfy/Media/coffre-arche.png /var/folders/sk/1y78dckn1fbdyvwtdtdy76680000gn/T/nosfy-session-commit-s4q40rbr/DerivedData/Build/Products/Debug-iphonesimulator/Nosfy.app/coffre-arche.png

CopyPNGFile /var/folders/sk/1y78dckn1fbdyvwtdtdy76680000gn/T/nosfy-session-commit-s4q40rbr/DerivedData/Build/Products/Debug-iphonesimulator/Nosfy.app/coffre-arche-neon.png /var/folders/sk/1y78dckn1fbdyvwtdtdy76680000gn/T/nosfy-session-commit-s4q40rbr/travail/Nosfy/Media/coffre-arche-neon.png (in target 'Nosfy' from project 'Nosfy')
    cd /var/folders/sk/1y78dckn1fbdyvwtdtdy76680000gn/T/nosfy-session-commit-s4q40rbr/travail
    /Applications/Xcode.app/Contents/Developer/usr/bin/copypng -compress -strip-PNG-text /var/folders/sk/1y78dckn1fbdyvwtdtdy76680000gn/T/nosfy-session-commit-s4q40rbr/travail/Nosfy/Media/coffre-arche-neon.png /var/folders/sk/1y78dckn1fbdyvwtdtdy76680000gn/T/nosfy-session-commit-s4q40rbr/DerivedData/Build/Products/Debug-iphonesimulator/Nosfy.app/coffre-arche-neon.png

CopyPNGFile /var/folders/sk/1y78dckn1fbdyvwtdtdy76680000gn/T/nosfy-session-commit-s4q40rbr/DerivedData/Build/Products/Debug-iphonesimulator/Nosfy.app/carte-lune-L3.png /var/folders/sk/1y78dckn1fbdyvwtdtdy76680000gn/T/nosfy-session-commit-s4q40rbr/travail/Nosfy/Media/carte-lune-L3.png (in target 'Nosfy' from project 'Nosfy')
    cd /var/folders/sk/1y78dckn1fbdyvwtdtdy76680000gn/T/nosfy-session-commit-s4q40rbr/travail
    /Applications/Xcode.app/Contents/Developer/usr/bin/copypng -compress -strip-PNG-text /var/folders/sk/1y78dckn1fbdyvwtdtdy76680000gn/T/nosfy-session-commit-s4q40rbr/travail/Nosfy/Media/carte-lune-L3.png /var/folders/sk/1y78dckn1fbdyvwtdtdy76680000gn/T/nosfy-session-commit-s4q40rbr/DerivedData/Build/Products/Debug-iphonesimulator/Nosfy.app/carte-lune-L3.png

CopyPNGFile /var/folders/sk/1y78dckn1fbdyvwtdtdy76680000gn/T/nosfy-session-commit-s4q40rbr/DerivedData/Build/Products/Debug-iphonesimulator/Nosfy.app/carte-lune-L2.png /var/folders/sk/1y78dckn1fbdyvwtdtdy76680000gn/T/nosfy-session-commit-s4q40rbr/travail/Nosfy/Media/carte-lune-L2.png (in target 'Nosfy' from project 'Nosfy')
    cd /var/folders/sk/1y78dckn1fbdyvwtdtdy76680000gn/T/nosfy-session-commit-s4q40rbr/travail
    /Applications/Xcode.app/Contents/Developer/usr/bin/copypng -compress -strip-PNG-text /var/folders/sk/1y78dckn1fbdyvwtdtdy76680000gn/T/nosfy-session-commit-s4q40rbr/travail/Nosfy/Media/carte-lune-L2.png /var/folders/sk/1y78dckn1fbdyvwtdtdy76680000gn/T/nosfy-session-commit-s4q40rbr/DerivedData/Build/Products/Debug-iphonesimulator/Nosfy.app/carte-lune-L2.png

CopyPNGFile /var/folders/sk/1y78dckn1fbdyvwtdtdy76680000gn/T/nosfy-session-commit-s4q40rbr/DerivedData/Build/Products/Debug-iphonesimulator/Nosfy.app/carte-lune-L1.png /var/folders/sk/1y78dckn1fbdyvwtdtdy76680000gn/T/nosfy-session-commit-s4q40rbr/travail/Nosfy/Media/carte-lune-L1.png (in target 'Nosfy' from project 'Nosfy')
    cd /var/folders/sk/1y78dckn1fbdyvwtdtdy76680000gn/T/nosfy-session-commit-s4q40rbr/travail
    /Applications/Xcode.app/Contents/Developer/usr/bin/copypng -compress -strip-PNG-text /var/folders/sk/1y78dckn1fbdyvwtdtdy76680000gn/T/nosfy-session-commit-s4q40rbr/travail/Nosfy/Media/carte-lune-L1.png /var/folders/sk/1y78dckn1fbdyvwtdtdy76680000gn/T/nosfy-session-commit-s4q40rbr/DerivedData/Build/Products/Debug-iphonesimulator/Nosfy.app/carte-lune-L1.png

CopyPNGFile /var/folders/sk/1y78dckn1fbdyvwtdtdy76680000gn/T/nosfy-session-commit-s4q40rbr/DerivedData/Build/Products/Debug-iphonesimulator/Nosfy.app/carte-lune-L0.png /var/folders/sk/1y78dckn1fbdyvwtdtdy76680000gn/T/nosfy-session-commit-s4q40rbr/travail/Nosfy/Media/carte-lune-L0.png (in target 'Nosfy' from project 'Nosfy')
    cd /var/folders/sk/1y78dckn1fbdyvwtdtdy76680000gn/T/nosfy-session-commit-s4q40rbr/travail
    /Applications/Xcode.app/Contents/Developer/usr/bin/copypng -compress -strip-PNG-text /var/folders/sk/1y78dckn1fbdyvwtdtdy76680000gn/T/nosfy-session-commit-s4q40rbr/travail/Nosfy/Media/carte-lune-L0.png /var/folders/sk/1y78dckn1fbdyvwtdtdy76680000gn/T/nosfy-session-commit-s4q40rbr/DerivedData/Build/Products/Debug-iphonesimulator/Nosfy.app/carte-lune-L0.png

CopyPNGFile /var/folders/sk/1y78dckn1fbdyvwtdtdy76680000gn/T/nosfy-session-commit-s4q40rbr/DerivedData/Build/Products/Debug-iphonesimulator/Nosfy.app/carte-lune-1.png /var/folders/sk/1y78dckn1fbdyvwtdtdy76680000gn/T/nosfy-session-commit-s4q40rbr/travail/Nosfy/Media/carte-lune-1.png (in target 'Nosfy' from project 'Nosfy')
    cd /var/folders/sk/1y78dckn1fbdyvwtdtdy76680000gn/T/nosfy-session-commit-s4q40rbr/travail
    /Applications/Xcode.app/Contents/Developer/usr/bin/copypng -compress -strip-PNG-text /var/folders/sk/1y78dckn1fbdyvwtdtdy76680000gn/T/nosfy-session-commit-s4q40rbr/travail/Nosfy/Media/carte-lune-1.png /var/folders/sk/1y78dckn1fbdyvwtdtdy76680000gn/T/nosfy-session-commit-s4q40rbr/DerivedData/Build/Products/Debug-iphonesimulator/Nosfy.app/carte-lune-1.png

CopyPNGFile /var/folders/sk/1y78dckn1fbdyvwtdtdy76680000gn/T/nosfy-session-commit-s4q40rbr/DerivedData/Build/Products/Debug-iphonesimulator/Nosfy.app/carte-lune-1-depth.png /var/folders/sk/1y78dckn1fbdyvwtdtdy76680000gn/T/nosfy-session-commit-s4q40rbr/travail/Nosfy/Media/carte-lune-1-depth.png (in target 'Nosfy' from project 'Nosfy')
    cd /var/folders/sk/1y78dckn1fbdyvwtdtdy76680000gn/T/nosfy-session-commit-s4q40rbr/travail
    /Applications/Xcode.app/Contents/Developer/usr/bin/copypng -compress -strip-PNG-text /var/folders/sk/1y78dckn1fbdyvwtdtdy76680000gn/T/nosfy-session-commit-s4q40rbr/travail/Nosfy/Media/carte-lune-1-depth.png /var/folders/sk/1y78dckn1fbdyvwtdtdy76680000gn/T/nosfy-session-commit-s4q40rbr/DerivedData/Build/Products/Debug-iphonesimulator/Nosfy.app/carte-lune-1-depth.png

SwiftExplicitDependencyGeneratePcm arm64 /var/folders/sk/1y78dckn1fbdyvwtdtdy76680000gn/T/nosfy-session-commit-s4q40rbr/DerivedData/ModuleCache.noindex/_Builtin_stddef-S6IH1K9020SF0592R4H8E1A5.pcm

SwiftExplicitDependencyGeneratePcm arm64 /var/folders/sk/1y78dckn1fbdyvwtdtdy76680000gn/T/nosfy-session-commit-s4q40rbr/DerivedData/ModuleCache.noindex/_Builtin_stdbool-1NHBFN05YMC99Z49P3O6PGP2B.pcm

SwiftExplicitDependencyGeneratePcm arm64 /var/folders/sk/1y78dckn1fbdyvwtdtdy76680000gn/T/nosfy-session-commit-s4q40rbr/DerivedData/ModuleCache.noindex/_Builtin_stdarg-4GZZK1UD9H67ZJ0MMX7QWUET0.pcm

SwiftExplicitDependencyGeneratePcm arm64 /var/folders/sk/1y78dckn1fbdyvwtdtdy76680000gn/T/nosfy-session-commit-s4q40rbr/DerivedData/ModuleCache.noindex/DeveloperToolsSupport-1YV3V8XXSEIQWTM7BDIRC5J53.pcm

SwiftExplicitDependencyGeneratePcm arm64 /var/folders/sk/1y78dckn1fbdyvwtdtdy76680000gn/T/nosfy-session-commit-s4q40rbr/DerivedData/ModuleCache.noindex/_Builtin_float-1HPX4WUX0OHXUSV095V4K50CB.pcm

SwiftExplicitDependencyGeneratePcm arm64 /var/folders/sk/1y78dckn1fbdyvwtdtdy76680000gn/T/nosfy-session-commit-s4q40rbr/DerivedData/ModuleCache.noindex/_SwiftConcurrencyShims-55BHSBHO8L7221WOE7V71LKF5.pcm

SwiftExplicitDependencyGeneratePcm arm64 /var/folders/sk/1y78dckn1fbdyvwtdtdy76680000gn/T/nosfy-session-commit-s4q40rbr/DerivedData/ModuleCache.noindex/SwiftShims-5E2N6NNWK20U0HZQUGG9PACON.pcm

SwiftExplicitDependencyGeneratePcm arm64 /var/folders/sk/1y78dckn1fbdyvwtdtdy76680000gn/T/nosfy-session-commit-s4q40rbr/DerivedData/ModuleCache.noindex/_AvailabilityInternal-F28T2D1QKPEDN0IIQO26UQMVD.pcm

SwiftExplicitDependencyGeneratePcm arm64 /var/folders/sk/1y78dckn1fbdyvwtdtdy76680000gn/T/nosfy-session-commit-s4q40rbr/DerivedData/ModuleCache.noindex/ptrcheck-4EJ9SYXR6UQWWUV5Q8TYMLQRA.pcm

SwiftExplicitDependencyGeneratePcm arm64 /var/folders/sk/1y78dckn1fbdyvwtdtdy76680000gn/T/nosfy-session-commit-s4q40rbr/DerivedData/ModuleCache.noindex/ActivityKit-4LZ741JJYQ62MY442IROGIBKI.pcm

SwiftExplicitDependencyGeneratePcm arm64 /var/folders/sk/1y78dckn1fbdyvwtdtdy76680000gn/T/nosfy-session-commit-s4q40rbr/DerivedData/ModuleCache.noindex/ptrauth-CPP6QC0FHVPPSZJCD1ZMRI2JF.pcm

CopyPNGFile /var/folders/sk/1y78dckn1fbdyvwtdtdy76680000gn/T/nosfy-session-commit-s4q40rbr/DerivedData/Build/Products/Debug-iphonesimulator/Nosfy.app/carte-logo-ref.png /var/folders/sk/1y78dckn1fbdyvwtdtdy76680000gn/T/nosfy-session-commit-s4q40rbr/travail/Nosfy/Media/carte-logo-ref.png (in target 'Nosfy' from project 'Nosfy')
    cd /var/folders/sk/1y78dckn1fbdyvwtdtdy76680000gn/T/nosfy-session-commit-s4q40rbr/travail
    /Applications/Xcode.app/Contents/Developer/usr/bin/copypng -compress -strip-PNG-text /var/folders/sk/1y78dckn1fbdyvwtdtdy76680000gn/T/nosfy-session-commit-s4q40rbr/travail/Nosfy/Media/carte-logo-ref.png /var/folders/sk/1y78dckn1fbdyvwtdtdy76680000gn/T/nosfy-session-commit-s4q40rbr/DerivedData/Build/Products/Debug-iphonesimulator/Nosfy.app/carte-logo-ref.png

CopyPNGFile /var/folders/sk/1y78dckn1fbdyvwtdtdy76680000gn/T/nosfy-session-commit-s4q40rbr/DerivedData/Build/Products/Debug-iphonesimulator/Nosfy.app/carte-dos.png /var/folders/sk/1y78dckn1fbdyvwtdtdy76680000gn/T/nosfy-session-commit-s4q40rbr/travail/Nosfy/Media/carte-dos.png (in target 'Nosfy' from project 'Nosfy')
    cd /var/folders/sk/1y78dckn1fbdyvwtdtdy76680000gn/T/nosfy-session-commit-s4q40rbr/travail
    /Applications/Xcode.app/Contents/Developer/usr/bin/copypng -compress -strip-PNG-text /var/folders/sk/1y78dckn1fbdyvwtdtdy76680000gn/T/nosfy-session-commit-s4q40rbr/travail/Nosfy/Media/carte-dos.png /var/folders/sk/1y78dckn1fbdyvwtdtdy76680000gn/T/nosfy-session-commit-s4q40rbr/DerivedData/Build/Products/Debug-iphonesimulator/Nosfy.app/carte-dos.png

CopyPNGFile /var/folders/sk/1y78dckn1fbdyvwtdtdy76680000gn/T/nosfy-session-commit-s4q40rbr/DerivedData/Build/Products/Debug-iphonesimulator/Nosfy.app/carte-dos-vide.png /var/folders/sk/1y78dckn1fbdyvwtdtdy76680000gn/T/nosfy-session-commit-s4q40rbr/travail/Nosfy/Media/carte-dos-vide.png (in target 'Nosfy' from project 'Nosfy')
    cd /var/folders/sk/1y78dckn1fbdyvwtdtdy76680000gn/T/nosfy-session-commit-s4q40rbr/travail
    /Applications/Xcode.app/Contents/Developer/usr/bin/copypng -compress -strip-PNG-text /var/folders/sk/1y78dckn1fbdyvwtdtdy76680000gn/T/nosfy-session-commit-s4q40rbr/travail/Nosfy/Media/carte-dos-vide.png /var/folders/sk/1y78dckn1fbdyvwtdtdy76680000gn/T/nosfy-session-commit-s4q40rbr/DerivedData/Build/Products/Debug-iphonesimulator/Nosfy.app/carte-dos-vide.png

CopyPNGFile /var/folders/sk/1y78dckn1fbdyvwtdtdy76680000gn/T/nosfy-session-commit-s4q40rbr/DerivedData/Build/Products/Debug-iphonesimulator/Nosfy.app/carte-cadre.png /var/folders/sk/1y78dckn1fbdyvwtdtdy76680000gn/T/nosfy-session-commit-s4q40rbr/travail/Nosfy/Media/carte-cadre.png (in target 'Nosfy' from project 'Nosfy')
    cd /var/folders/sk/1y78dckn1fbdyvwtdtdy76680000gn/T/nosfy-session-commit-s4q40rbr/travail
    /Applications/Xcode.app/Contents/Developer/usr/bin/copypng -compress -strip-PNG-text /var/folders/sk/1y78dckn1fbdyvwtdtdy76680000gn/T/nosfy-session-commit-s4q40rbr/travail/Nosfy/Media/carte-cadre.png /var/folders/sk/1y78dckn1fbdyvwtdtdy76680000gn/T/nosfy-session-commit-s4q40rbr/DerivedData/Build/Products/Debug-iphonesimulator/Nosfy.app/carte-cadre.png

SwiftExplicitDependencyGeneratePcm arm64 /var/folders/sk/1y78dckn1fbdyvwtdtdy76680000gn/T/nosfy-session-commit-s4q40rbr/DerivedData/ModuleCache.noindex/_DarwinFoundation1-ESPIMXEANA78VQ121W92Y62GZ.pcm

CopyPNGFile /var/folders/sk/1y78dckn1fbdyvwtdtdy76680000gn/T/nosfy-session-commit-s4q40rbr/DerivedData/Build/Products/Debug-iphonesimulator/Nosfy.app/carte-cadre-legendaire.png /var/folders/sk/1y78dckn1fbdyvwtdtdy76680000gn/T/nosfy-session-commit-s4q40rbr/travail/Nosfy/Media/carte-cadre-legendaire.png (in target 'Nosfy' from project 'Nosfy')
    cd /var/folders/sk/1y78dckn1fbdyvwtdtdy76680000gn/T/nosfy-session-commit-s4q40rbr/travail
    /Applications/Xcode.app/Contents/Developer/usr/bin/copypng -compress -strip-PNG-text /var/folders/sk/1y78dckn1fbdyvwtdtdy76680000gn/T/nosfy-session-commit-s4q40rbr/travail/Nosfy/Media/carte-cadre-legendaire.png /var/folders/sk/1y78dckn1fbdyvwtdtdy76680000gn/T/nosfy-session-commit-s4q40rbr/DerivedData/Build/Products/Debug-iphonesimulator/Nosfy.app/carte-cadre-legendaire.png

CopyPNGFile /var/folders/sk/1y78dckn1fbdyvwtdtdy76680000gn/T/nosfy-session-commit-s4q40rbr/DerivedData/Build/Products/Debug-iphonesimulator/Nosfy.app/carnet-ouvert.png /var/folders/sk/1y78dckn1fbdyvwtdtdy76680000gn/T/nosfy-session-commit-s4q40rbr/travail/Nosfy/Media/carnet-ouvert.png (in target 'Nosfy' from project 'Nosfy')
    cd /var/folders/sk/1y78dckn1fbdyvwtdtdy76680000gn/T/nosfy-session-commit-s4q40rbr/travail
    /Applications/Xcode.app/Contents/Developer/usr/bin/copypng -compress -strip-PNG-text /var/folders/sk/1y78dckn1fbdyvwtdtdy76680000gn/T/nosfy-session-commit-s4q40rbr/travail/Nosfy/Media/carnet-ouvert.png /var/folders/sk/1y78dckn1fbdyvwtdtdy76680000gn/T/nosfy-session-commit-s4q40rbr/DerivedData/Build/Products/Debug-iphonesimulator/Nosfy.app/carnet-ouvert.png

SwiftExplicitDependencyGeneratePcm arm64 /var/folders/sk/1y78dckn1fbdyvwtdtdy76680000gn/T/nosfy-session-commit-s4q40rbr/DerivedData/ModuleCache.noindex/ExtensionFoundation-AZNA5E4DNZ75KVZXCEP2N5O2C.pcm

SwiftExplicitDependencyGeneratePcm arm64 /var/folders/sk/1y78dckn1fbdyvwtdtdy76680000gn/T/nosfy-session-commit-s4q40rbr/DerivedData/ModuleCache.noindex/_DarwinFoundation2-9PS8XNJA3XELESCS5F20NQC0K.pcm

SwiftExplicitDependencyGeneratePcm arm64 /var/folders/sk/1y78dckn1fbdyvwtdtdy76680000gn/T/nosfy-session-commit-s4q40rbr/DerivedData/ModuleCache.noindex/_Builtin_limits-2I9LS9O7DJZ52KON1AVQEFFCQ.pcm

CopyPNGFile /var/folders/sk/1y78dckn1fbdyvwtdtdy76680000gn/T/nosfy-session-commit-s4q40rbr/DerivedData/Build/Products/Debug-iphonesimulator/Nosfy.app/carnet-ferme.png /var/folders/sk/1y78dckn1fbdyvwtdtdy76680000gn/T/nosfy-session-commit-s4q40rbr/travail/Nosfy/Media/carnet-ferme.png (in target 'Nosfy' from project 'Nosfy')
    cd /var/folders/sk/1y78dckn1fbdyvwtdtdy76680000gn/T/nosfy-session-commit-s4q40rbr/travail
    /Applications/Xcode.app/Contents/Developer/usr/bin/copypng -compress -strip-PNG-text /var/folders/sk/1y78dckn1fbdyvwtdtdy76680000gn/T/nosfy-session-commit-s4q40rbr/travail/Nosfy/Media/carnet-ferme.png /var/folders/sk/1y78dckn1fbdyvwtdtdy76680000gn/T/nosfy-session-commit-s4q40rbr/DerivedData/Build/Products/Debug-iphonesimulator/Nosfy.app/carnet-ferme.png

SwiftExplicitDependencyGeneratePcm arm64 /var/folders/sk/1y78dckn1fbdyvwtdtdy76680000gn/T/nosfy-session-commit-s4q40rbr/DerivedData/ModuleCache.noindex/_Builtin_tgmath-E6SETGEGMRJ7CSGHL8JR3PT8Y.pcm

SwiftExplicitDependencyGeneratePcm arm64 /var/folders/sk/1y78dckn1fbdyvwtdtdy76680000gn/T/nosfy-session-commit-s4q40rbr/DerivedData/ModuleCache.noindex/sys_types-2OUV8VFLFPNN5NWM9L7HWV1YN.pcm

SwiftExplicitDependencyGeneratePcm arm64 /var/folders/sk/1y78dckn1fbdyvwtdtdy76680000gn/T/nosfy-session-commit-s4q40rbr/DerivedData/ModuleCache.noindex/_Builtin_stdint-5U6BDHOT4TZ4G8DUYGPHAYFPH.pcm

CopyPNGFile /var/folders/sk/1y78dckn1fbdyvwtdtdy76680000gn/T/nosfy-session-commit-s4q40rbr/DerivedData/Build/Products/Debug-iphonesimulator/Nosfy.app/booster-pill.png /var/folders/sk/1y78dckn1fbdyvwtdtdy76680000gn/T/nosfy-session-commit-s4q40rbr/travail/Nosfy/Media/booster-pill.png (in target 'Nosfy' from project 'Nosfy')
    cd /var/folders/sk/1y78dckn1fbdyvwtdtdy76680000gn/T/nosfy-session-commit-s4q40rbr/travail
    /Applications/Xcode.app/Contents/Developer/usr/bin/copypng -compress -strip-PNG-text /var/folders/sk/1y78dckn1fbdyvwtdtdy76680000gn/T/nosfy-session-commit-s4q40rbr/travail/Nosfy/Media/booster-pill.png /var/folders/sk/1y78dckn1fbdyvwtdtdy76680000gn/T/nosfy-session-commit-s4q40rbr/DerivedData/Build/Products/Debug-iphonesimulator/Nosfy.app/booster-pill.png

SwiftExplicitDependencyGeneratePcm arm64 /var/folders/sk/1y78dckn1fbdyvwtdtdy76680000gn/T/nosfy-session-commit-s4q40rbr/DerivedData/ModuleCache.noindex/_Builtin_stdatomic-6D4QSCIKNMXJQ64KCJ08HNZDW.pcm

SwiftExplicitDependencyGeneratePcm arm64 /var/folders/sk/1y78dckn1fbdyvwtdtdy76680000gn/T/nosfy-session-commit-s4q40rbr/DerivedData/ModuleCache.noindex/_DarwinFoundation3-540BW4LIKKIDM6327B3L4ML7Z.pcm

SwiftExplicitDependencyGeneratePcm arm64 /var/folders/sk/1y78dckn1fbdyvwtdtdy76680000gn/T/nosfy-session-commit-s4q40rbr/DerivedData/ModuleCache.noindex/_Builtin_intrinsics-DVG3NJSJQN0YLOAGZ0LGKUOBH.pcm

CopyPNGFile /var/folders/sk/1y78dckn1fbdyvwtdtdy76680000gn/T/nosfy-session-commit-s4q40rbr/DerivedData/Build/Products/Debug-iphonesimulator/Nosfy.app/booster-pill-noir.png /var/folders/sk/1y78dckn1fbdyvwtdtdy76680000gn/T/nosfy-session-commit-s4q40rbr/travail/Nosfy/Media/booster-pill-noir.png (in target 'Nosfy' from project 'Nosfy')
    cd /var/folders/sk/1y78dckn1fbdyvwtdtdy76680000gn/T/nosfy-session-commit-s4q40rbr/travail
    /Applications/Xcode.app/Contents/Developer/usr/bin/copypng -compress -strip-PNG-text /var/folders/sk/1y78dckn1fbdyvwtdtdy76680000gn/T/nosfy-session-commit-s4q40rbr/travail/Nosfy/Media/booster-pill-noir.png /var/folders/sk/1y78dckn1fbdyvwtdtdy76680000gn/T/nosfy-session-commit-s4q40rbr/DerivedData/Build/Products/Debug-iphonesimulator/Nosfy.app/booster-pill-noir.png

SwiftExplicitDependencyGeneratePcm arm64 /var/folders/sk/1y78dckn1fbdyvwtdtdy76680000gn/T/nosfy-session-commit-s4q40rbr/DerivedData/ModuleCache.noindex/_Builtin_inttypes-DJG13NBPGKUC8FEUM6MH2MQSX.pcm

CopyPNGFile /var/folders/sk/1y78dckn1fbdyvwtdtdy76680000gn/T/nosfy-session-commit-s4q40rbr/DerivedData/Build/Products/Debug-iphonesimulator/Nosfy.app/booster-normal.png /var/folders/sk/1y78dckn1fbdyvwtdtdy76680000gn/T/nosfy-session-commit-s4q40rbr/travail/Nosfy/Media/booster-normal.png (in target 'Nosfy' from project 'Nosfy')
    cd /var/folders/sk/1y78dckn1fbdyvwtdtdy76680000gn/T/nosfy-session-commit-s4q40rbr/travail
    /Applications/Xcode.app/Contents/Developer/usr/bin/copypng -compress -strip-PNG-text /var/folders/sk/1y78dckn1fbdyvwtdtdy76680000gn/T/nosfy-session-commit-s4q40rbr/travail/Nosfy/Media/booster-normal.png /var/folders/sk/1y78dckn1fbdyvwtdtdy76680000gn/T/nosfy-session-commit-s4q40rbr/DerivedData/Build/Products/Debug-iphonesimulator/Nosfy.app/booster-normal.png

SwiftExplicitDependencyGeneratePcm arm64 /var/folders/sk/1y78dckn1fbdyvwtdtdy76680000gn/T/nosfy-session-commit-s4q40rbr/DerivedData/ModuleCache.noindex/Darwin-5FCQ74F9GSYDYPQJY9WFQ6U1K.pcm

SwiftExplicitDependencyGeneratePcm arm64 /var/folders/sk/1y78dckn1fbdyvwtdtdy76680000gn/T/nosfy-session-commit-s4q40rbr/DerivedData/ModuleCache.noindex/simd-2Y09SPPCK5TTL9D0745IF0X0R.pcm

CopyPNGFile /var/folders/sk/1y78dckn1fbdyvwtdtdy76680000gn/T/nosfy-session-commit-s4q40rbr/DerivedData/Build/Products/Debug-iphonesimulator/Nosfy.app/booster-noir-emiss.png /var/folders/sk/1y78dckn1fbdyvwtdtdy76680000gn/T/nosfy-session-commit-s4q40rbr/travail/Nosfy/Media/booster-noir-emiss.png (in target 'Nosfy' from project 'Nosfy')
    cd /var/folders/sk/1y78dckn1fbdyvwtdtdy76680000gn/T/nosfy-session-commit-s4q40rbr/travail
    /Applications/Xcode.app/Contents/Developer/usr/bin/copypng -compress -strip-PNG-text /var/folders/sk/1y78dckn1fbdyvwtdtdy76680000gn/T/nosfy-session-commit-s4q40rbr/travail/Nosfy/Media/booster-noir-emiss.png /var/folders/sk/1y78dckn1fbdyvwtdtdy76680000gn/T/nosfy-session-commit-s4q40rbr/DerivedData/Build/Products/Debug-iphonesimulator/Nosfy.app/booster-noir-emiss.png

CopyPNGFile /var/folders/sk/1y78dckn1fbdyvwtdtdy76680000gn/T/nosfy-session-commit-s4q40rbr/DerivedData/Build/Products/Debug-iphonesimulator/Nosfy.app/booster-noir-color.png /var/folders/sk/1y78dckn1fbdyvwtdtdy76680000gn/T/nosfy-session-commit-s4q40rbr/travail/Nosfy/Media/booster-noir-color.png (in target 'Nosfy' from project 'Nosfy')
    cd /var/folders/sk/1y78dckn1fbdyvwtdtdy76680000gn/T/nosfy-session-commit-s4q40rbr/travail
    /Applications/Xcode.app/Contents/Developer/usr/bin/copypng -compress -strip-PNG-text /var/folders/sk/1y78dckn1fbdyvwtdtdy76680000gn/T/nosfy-session-commit-s4q40rbr/travail/Nosfy/Media/booster-noir-color.png /var/folders/sk/1y78dckn1fbdyvwtdtdy76680000gn/T/nosfy-session-commit-s4q40rbr/DerivedData/Build/Products/Debug-iphonesimulator/Nosfy.app/booster-noir-color.png

CopyPNGFile /var/folders/sk/1y78dckn1fbdyvwtdtdy76680000gn/T/nosfy-session-commit-s4q40rbr/DerivedData/Build/Products/Debug-iphonesimulator/Nosfy.app/booster-emiss.png /var/folders/sk/1y78dckn1fbdyvwtdtdy76680000gn/T/nosfy-session-commit-s4q40rbr/travail/Nosfy/Media/booster-emiss.png (in target 'Nosfy' from project 'Nosfy')
    cd /var/folders/sk/1y78dckn1fbdyvwtdtdy76680000gn/T/nosfy-session-commit-s4q40rbr/travail
    /Applications/Xcode.app/Contents/Developer/usr/bin/copypng -compress -strip-PNG-text /var/folders/sk/1y78dckn1fbdyvwtdtdy76680000gn/T/nosfy-session-commit-s4q40rbr/travail/Nosfy/Media/booster-emiss.png /var/folders/sk/1y78dckn1fbdyvwtdtdy76680000gn/T/nosfy-session-commit-s4q40rbr/DerivedData/Build/Products/Debug-iphonesimulator/Nosfy.app/booster-emiss.png

SwiftExplicitDependencyGeneratePcm arm64 /var/folders/sk/1y78dckn1fbdyvwtdtdy76680000gn/T/nosfy-session-commit-s4q40rbr/DerivedData/ModuleCache.noindex/MachO-9XB3TKO59Q8KIMYWTR06B9LVH.pcm

SwiftExplicitDependencyGeneratePcm arm64 /var/folders/sk/1y78dckn1fbdyvwtdtdy76680000gn/T/nosfy-session-commit-s4q40rbr/DerivedData/ModuleCache.noindex/ObjectiveC-C9JH342S7VX4P529LBEBFWHJS.pcm

SwiftExplicitDependencyGeneratePcm arm64 /var/folders/sk/1y78dckn1fbdyvwtdtdy76680000gn/T/nosfy-session-commit-s4q40rbr/DerivedData/ModuleCache.noindex/Spatial-1US1O6RW99JF3RJ8YDL3EFRIF.pcm

CopyPNGFile /var/folders/sk/1y78dckn1fbdyvwtdtdy76680000gn/T/nosfy-session-commit-s4q40rbr/DerivedData/Build/Products/Debug-iphonesimulator/Nosfy.app/booster-color.png /var/folders/sk/1y78dckn1fbdyvwtdtdy76680000gn/T/nosfy-session-commit-s4q40rbr/travail/Nosfy/Media/booster-color.png (in target 'Nosfy' from project 'Nosfy')
    cd /var/folders/sk/1y78dckn1fbdyvwtdtdy76680000gn/T/nosfy-session-commit-s4q40rbr/travail
    /Applications/Xcode.app/Contents/Developer/usr/bin/copypng -compress -strip-PNG-text /var/folders/sk/1y78dckn1fbdyvwtdtdy76680000gn/T/nosfy-session-commit-s4q40rbr/travail/Nosfy/Media/booster-color.png /var/folders/sk/1y78dckn1fbdyvwtdtdy76680000gn/T/nosfy-session-commit-s4q40rbr/DerivedData/Build/Products/Debug-iphonesimulator/Nosfy.app/booster-color.png

SwiftExplicitDependencyGeneratePcm arm64 /var/folders/sk/1y78dckn1fbdyvwtdtdy76680000gn/T/nosfy-session-commit-s4q40rbr/DerivedData/ModuleCache.noindex/os_object-E1PWNI6Q1E8ZF3V8491W11CU8.pcm

CopyPNGFile /var/folders/sk/1y78dckn1fbdyvwtdtdy76680000gn/T/nosfy-session-commit-s4q40rbr/DerivedData/Build/Products/Debug-iphonesimulator/Nosfy.app/booster-carte.png /var/folders/sk/1y78dckn1fbdyvwtdtdy76680000gn/T/nosfy-session-commit-s4q40rbr/travail/Nosfy/Media/booster-carte.png (in target 'Nosfy' from project 'Nosfy')
    cd /var/folders/sk/1y78dckn1fbdyvwtdtdy76680000gn/T/nosfy-session-commit-s4q40rbr/travail
    /Applications/Xcode.app/Contents/Developer/usr/bin/copypng -compress -strip-PNG-text /var/folders/sk/1y78dckn1fbdyvwtdtdy76680000gn/T/nosfy-session-commit-s4q40rbr/travail/Nosfy/Media/booster-carte.png /var/folders/sk/1y78dckn1fbdyvwtdtdy76680000gn/T/nosfy-session-commit-s4q40rbr/DerivedData/Build/Products/Debug-iphonesimulator/Nosfy.app/booster-carte.png

SwiftExplicitDependencyGeneratePcm arm64 /var/folders/sk/1y78dckn1fbdyvwtdtdy76680000gn/T/nosfy-session-commit-s4q40rbr/DerivedData/ModuleCache.noindex/os_workgroup-D73GPR5MO5WGQ62TI8Q2RSXSY.pcm

SwiftExplicitDependencyGeneratePcm arm64 /var/folders/sk/1y78dckn1fbdyvwtdtdy76680000gn/T/nosfy-session-commit-s4q40rbr/DerivedData/ModuleCache.noindex/Dispatch-9HT638IGTMIXQJZI5J04Z6CAP.pcm

SwiftExplicitDependencyGeneratePcm arm64 /var/folders/sk/1y78dckn1fbdyvwtdtdy76680000gn/T/nosfy-session-commit-s4q40rbr/DerivedData/ModuleCache.noindex/XPC-7R2BID80UZC3ARPYUVEIB6KIS.pcm

SwiftExplicitDependencyGeneratePcm arm64 /var/folders/sk/1y78dckn1fbdyvwtdtdy76680000gn/T/nosfy-session-commit-s4q40rbr/DerivedData/ModuleCache.noindex/dnssd-DOF9RK9IUTBDQEJPMOKD26WE9.pcm

SwiftExplicitDependencyGeneratePcm arm64 /var/folders/sk/1y78dckn1fbdyvwtdtdy76680000gn/T/nosfy-session-commit-s4q40rbr/DerivedData/ModuleCache.noindex/CoreFoundation-37NZ8T1EH5BYA6UE4772JSK53.pcm

SwiftExplicitDependencyGeneratePcm arm64 /var/folders/sk/1y78dckn1fbdyvwtdtdy76680000gn/T/nosfy-session-commit-s4q40rbr/DerivedData/ModuleCache.noindex/os-2ASBVF29CW8EV0CZJQRA2DYG3.pcm

SwiftExplicitDependencyGeneratePcm arm64 /var/folders/sk/1y78dckn1fbdyvwtdtdy76680000gn/T/nosfy-session-commit-s4q40rbr/DerivedData/ModuleCache.noindex/CoreAudioTypes-1F5RMS7KP56I5V9PJ9OL4ZRWY.pcm

SwiftExplicitDependencyGeneratePcm arm64 /var/folders/sk/1y78dckn1fbdyvwtdtdy76680000gn/T/nosfy-session-commit-s4q40rbr/DerivedData/ModuleCache.noindex/CoreGraphics-7C1W80ZENA23OTW8FVK9ZSY9.pcm

SwiftExplicitDependencyGeneratePcm arm64 /var/folders/sk/1y78dckn1fbdyvwtdtdy76680000gn/T/nosfy-session-commit-s4q40rbr/DerivedData/ModuleCache.noindex/Security-B28A38G0KJJSOGNN3GXZR1XID.pcm

SwiftExplicitDependencyGeneratePcm arm64 /var/folders/sk/1y78dckn1fbdyvwtdtdy76680000gn/T/nosfy-session-commit-s4q40rbr/DerivedData/ModuleCache.noindex/CFNetwork-1TW79OXF3O9QK7DG6HC8FVXI4.pcm

SwiftExplicitDependencyGeneratePcm arm64 /var/folders/sk/1y78dckn1fbdyvwtdtdy76680000gn/T/nosfy-session-commit-s4q40rbr/DerivedData/ModuleCache.noindex/CoreAudio-6YEEUXXT01YCYALAAJW8HBXC3.pcm

SwiftExplicitDependencyGeneratePcm arm64 /var/folders/sk/1y78dckn1fbdyvwtdtdy76680000gn/T/nosfy-session-commit-s4q40rbr/DerivedData/ModuleCache.noindex/CoreText-31FHWHCO6TT12AAI2PVIAGSPP.pcm

SwiftExplicitDependencyGeneratePcm arm64 /var/folders/sk/1y78dckn1fbdyvwtdtdy76680000gn/T/nosfy-session-commit-s4q40rbr/DerivedData/ModuleCache.noindex/ImageIO-20O67W977F2F41K228ZSS24ZN.pcm

SwiftExplicitDependencyGeneratePcm arm64 /var/folders/sk/1y78dckn1fbdyvwtdtdy76680000gn/T/nosfy-session-commit-s4q40rbr/DerivedData/ModuleCache.noindex/Foundation-9NCFP42FV2JBOSTKLZ8DXTZY9.pcm

SwiftExplicitDependencyGeneratePcm arm64 /var/folders/sk/1y78dckn1fbdyvwtdtdy76680000gn/T/nosfy-session-commit-s4q40rbr/DerivedData/ModuleCache.noindex/_LocationEssentials-1I3Q1TF9RJCXOKH9OJVHF56TE.pcm

SwiftExplicitDependencyGeneratePcm arm64 /var/folders/sk/1y78dckn1fbdyvwtdtdy76680000gn/T/nosfy-session-commit-s4q40rbr/DerivedData/ModuleCache.noindex/DataDetection-53JWGK8KQB61HUCRNAT3YDROJ.pcm

SwiftExplicitDependencyGeneratePcm arm64 /var/folders/sk/1y78dckn1fbdyvwtdtdy76680000gn/T/nosfy-session-commit-s4q40rbr/DerivedData/ModuleCache.noindex/CoreData-70XXJQN5MPEF9YV5BBIY0ENUK.pcm

SwiftExplicitDependencyGeneratePcm arm64 /var/folders/sk/1y78dckn1fbdyvwtdtdy76680000gn/T/nosfy-session-commit-s4q40rbr/DerivedData/ModuleCache.noindex/UniformTypeIdentifiers-2UMEY18DGUQP7DLQ0TYXSH0L.pcm

SwiftExplicitDependencyGeneratePcm arm64 /var/folders/sk/1y78dckn1fbdyvwtdtdy76680000gn/T/nosfy-session-commit-s4q40rbr/DerivedData/ModuleCache.noindex/Network-25NYEQH5RBO4L90QETGJSMK37.pcm

SwiftExplicitDependencyGeneratePcm arm64 /var/folders/sk/1y78dckn1fbdyvwtdtdy76680000gn/T/nosfy-session-commit-s4q40rbr/DerivedData/ModuleCache.noindex/FileProvider-D14231K0QWZDGADQFAG3VKQCR.pcm

SwiftExplicitDependencyGeneratePcm arm64 /var/folders/sk/1y78dckn1fbdyvwtdtdy76680000gn/T/nosfy-session-commit-s4q40rbr/DerivedData/ModuleCache.noindex/Symbols-AJ1EPAQH9G3IP92DLA2C62ZTX.pcm

SwiftExplicitDependencyGeneratePcm arm64 /var/folders/sk/1y78dckn1fbdyvwtdtdy76680000gn/T/nosfy-session-commit-s4q40rbr/DerivedData/ModuleCache.noindex/CoreHaptics-5W0KN7QIAVYHOGQ708YCBTFCM.pcm

SwiftExplicitDependencyGeneratePcm arm64 /var/folders/sk/1y78dckn1fbdyvwtdtdy76680000gn/T/nosfy-session-commit-s4q40rbr/DerivedData/ModuleCache.noindex/CoreTransferable-7BLJ679U3SGBIED0DV4Z1B330.pcm

SwiftExplicitDependencyGeneratePcm arm64 /var/folders/sk/1y78dckn1fbdyvwtdtdy76680000gn/T/nosfy-session-commit-s4q40rbr/DerivedData/ModuleCache.noindex/UIUtilities-AQH1A9FFH1OL44PB1GFW9YW9O.pcm

SwiftExplicitDependencyGeneratePcm arm64 /var/folders/sk/1y78dckn1fbdyvwtdtdy76680000gn/T/nosfy-session-commit-s4q40rbr/DerivedData/ModuleCache.noindex/IOSurface-251HY44C6RWTDLK5D4EMHKZD4.pcm

SwiftExplicitDependencyGeneratePcm arm64 /var/folders/sk/1y78dckn1fbdyvwtdtdy76680000gn/T/nosfy-session-commit-s4q40rbr/DerivedData/ModuleCache.noindex/UserNotifications-5S34JXBJVB3T9X6RIO71OH7CZ.pcm

SwiftExplicitDependencyGeneratePcm arm64 /var/folders/sk/1y78dckn1fbdyvwtdtdy76680000gn/T/nosfy-session-commit-s4q40rbr/DerivedData/ModuleCache.noindex/CoreSpotlight-73ERE4OFW6CCG3EIJAV56ORJU.pcm

SwiftExplicitDependencyGeneratePcm arm64 /var/folders/sk/1y78dckn1fbdyvwtdtdy76680000gn/T/nosfy-session-commit-s4q40rbr/DerivedData/ModuleCache.noindex/OpenGLES-D7GNW36FWUNSTBNTSN5CK5DRB.pcm

SwiftExplicitDependencyGeneratePcm arm64 /var/folders/sk/1y78dckn1fbdyvwtdtdy76680000gn/T/nosfy-session-commit-s4q40rbr/DerivedData/ModuleCache.noindex/Accessibility-CX12K8B69N1H7NT99L4CQ34EC.pcm

SwiftExplicitDependencyGeneratePcm arm64 /var/folders/sk/1y78dckn1fbdyvwtdtdy76680000gn/T/nosfy-session-commit-s4q40rbr/DerivedData/ModuleCache.noindex/RelevanceKit-450LYRWV6IB7Q0WFT7V6STDHW.pcm

SwiftExplicitDependencyGeneratePcm arm64 /var/folders/sk/1y78dckn1fbdyvwtdtdy76680000gn/T/nosfy-session-commit-s4q40rbr/DerivedData/ModuleCache.noindex/CoreMIDI-5I4K360XWX9X7YIREK3GZAAST.pcm

SwiftExplicitDependencyGeneratePcm arm64 /var/folders/sk/1y78dckn1fbdyvwtdtdy76680000gn/T/nosfy-session-commit-s4q40rbr/DerivedData/ModuleCache.noindex/AppIntents-EMP2I1A0RH4VV3P6TSNXC6Y1U.pcm

SwiftExplicitDependencyGeneratePcm arm64 /var/folders/sk/1y78dckn1fbdyvwtdtdy76680000gn/T/nosfy-session-commit-s4q40rbr/DerivedData/ModuleCache.noindex/AVRouting-EWGCFI9PQ3F97C7L5N9T4WXEY.pcm

SwiftExplicitDependencyGeneratePcm arm64 /var/folders/sk/1y78dckn1fbdyvwtdtdy76680000gn/T/nosfy-session-commit-s4q40rbr/DerivedData/ModuleCache.noindex/Metal-AJ677YURVYDTGDPGFNH6XLQE3.pcm

SwiftExplicitDependencyGeneratePcm arm64 /var/folders/sk/1y78dckn1fbdyvwtdtdy76680000gn/T/nosfy-session-commit-s4q40rbr/DerivedData/ModuleCache.noindex/CoreLocation-5X4V52RSFCBCOQ2VACG3GP6IA.pcm

SwiftExplicitDependencyGeneratePcm arm64 /var/folders/sk/1y78dckn1fbdyvwtdtdy76680000gn/T/nosfy-session-commit-s4q40rbr/DerivedData/ModuleCache.noindex/WidgetKit-8T4I3WDIWSINMDAQJE3WP1NIM.pcm

SwiftExplicitDependencyGeneratePcm arm64 /var/folders/sk/1y78dckn1fbdyvwtdtdy76680000gn/T/nosfy-session-commit-s4q40rbr/DerivedData/ModuleCache.noindex/OSLog-EJ3PVA1EG0MH7KBPZ0ZFJ4TG6.pcm

SwiftExplicitDependencyGeneratePcm arm64 /var/folders/sk/1y78dckn1fbdyvwtdtdy76680000gn/T/nosfy-session-commit-s4q40rbr/DerivedData/ModuleCache.noindex/ModelIO-2VDAQHR9SX8MW40UXQOX7I37V.pcm

SwiftExplicitDependencyGeneratePcm arm64 /var/folders/sk/1y78dckn1fbdyvwtdtdy76680000gn/T/nosfy-session-commit-s4q40rbr/DerivedData/ModuleCache.noindex/LocalAuthentication-3GOAIRQJDQ1AI36XO9UC3Z62D.pcm

SwiftExplicitDependencyGeneratePcm arm64 /var/folders/sk/1y78dckn1fbdyvwtdtdy76680000gn/T/nosfy-session-commit-s4q40rbr/DerivedData/ModuleCache.noindex/AudioToolbox-8ATTOSP5O4NCRSG24OCWCRO1.pcm

SwiftExplicitDependencyGeneratePcm arm64 /var/folders/sk/1y78dckn1fbdyvwtdtdy76680000gn/T/nosfy-session-commit-s4q40rbr/DerivedData/ModuleCache.noindex/Intents-8WDRSC7YPMJ6SUGOPR1H3QHU3.pcm

SwiftExplicitDependencyGeneratePcm arm64 /var/folders/sk/1y78dckn1fbdyvwtdtdy76680000gn/T/nosfy-session-commit-s4q40rbr/DerivedData/ModuleCache.noindex/CoreMotion-53U95T6B48J6NXZ1FKV6A5ZC6.pcm

SwiftExplicitDependencyGeneratePcm arm64 /var/folders/sk/1y78dckn1fbdyvwtdtdy76680000gn/T/nosfy-session-commit-s4q40rbr/DerivedData/ModuleCache.noindex/CoreVideo-FQILJ2INGJQWG876U1LVVBKK.pcm

SwiftExplicitDependencyGeneratePcm arm64 /var/folders/sk/1y78dckn1fbdyvwtdtdy76680000gn/T/nosfy-session-commit-s4q40rbr/DerivedData/ModuleCache.noindex/CoreImage-9F18XJXCWLRS4RD5GDJ9Z1O5P.pcm

SwiftExplicitDependencyGeneratePcm arm64 /var/folders/sk/1y78dckn1fbdyvwtdtdy76680000gn/T/nosfy-session-commit-s4q40rbr/DerivedData/ModuleCache.noindex/QuartzCore-8CA56Q8HM7Z4B58J0H2SSVX5N.pcm

SwiftExplicitDependencyGeneratePcm arm64 /var/folders/sk/1y78dckn1fbdyvwtdtdy76680000gn/T/nosfy-session-commit-s4q40rbr/DerivedData/ModuleCache.noindex/CoreMedia-5V2ZF0NASSEJ1XZMJET3OE6O4.pcm

SwiftExplicitDependencyGeneratePcm arm64 /var/folders/sk/1y78dckn1fbdyvwtdtdy76680000gn/T/nosfy-session-commit-s4q40rbr/DerivedData/ModuleCache.noindex/AVFAudio-756ANH72VOHWLP5YHNUS0QVUM.pcm

SwiftExplicitDependencyGeneratePcm arm64 /var/folders/sk/1y78dckn1fbdyvwtdtdy76680000gn/T/nosfy-session-commit-s4q40rbr/DerivedData/ModuleCache.noindex/MediaToolbox-3WCT4NN5HKWRBRKAK1LTPPYCX.pcm

SwiftExplicitDependencyGeneratePcm arm64 /var/folders/sk/1y78dckn1fbdyvwtdtdy76680000gn/T/nosfy-session-commit-s4q40rbr/DerivedData/ModuleCache.noindex/SwiftUICore-3OOPF8J1EPOJY0LMTY4EPELFO.pcm

SwiftExplicitDependencyGeneratePcm arm64 /var/folders/sk/1y78dckn1fbdyvwtdtdy76680000gn/T/nosfy-session-commit-s4q40rbr/DerivedData/ModuleCache.noindex/UIKit-BMN0ZWAWZ4MN0DJA7865TAMAR.pcm

SwiftExplicitDependencyGeneratePcm arm64 /var/folders/sk/1y78dckn1fbdyvwtdtdy76680000gn/T/nosfy-session-commit-s4q40rbr/DerivedData/ModuleCache.noindex/AVFoundation-58EE6CKWJ7OADJXONLKOD3BN1.pcm

SwiftExplicitDependencyGeneratePcm arm64 /var/folders/sk/1y78dckn1fbdyvwtdtdy76680000gn/T/nosfy-session-commit-s4q40rbr/DerivedData/ModuleCache.noindex/SwiftUI-2JSO02JTXMKA9GZA9BL67ZCJK.pcm

SwiftExplicitDependencyGeneratePcm arm64 /var/folders/sk/1y78dckn1fbdyvwtdtdy76680000gn/T/nosfy-session-commit-s4q40rbr/DerivedData/ModuleCache.noindex/AuthenticationServices-5AZMKMXFPI4LSZIN4BOFCJH5R.pcm

SwiftExplicitDependencyGeneratePcm arm64 /var/folders/sk/1y78dckn1fbdyvwtdtdy76680000gn/T/nosfy-session-commit-s4q40rbr/DerivedData/ModuleCache.noindex/MetalKit-EH2CDX1X1ISNLQKYVTXJA23CC.pcm

SwiftExplicitDependencyGeneratePcm arm64 /var/folders/sk/1y78dckn1fbdyvwtdtdy76680000gn/T/nosfy-session-commit-s4q40rbr/DerivedData/ModuleCache.noindex/GLKit-EOPNHKFUNW1VD2UKNU6265QH0.pcm

SwiftExplicitDependencyGeneratePcm arm64 /var/folders/sk/1y78dckn1fbdyvwtdtdy76680000gn/T/nosfy-session-commit-s4q40rbr/DerivedData/ModuleCache.noindex/SceneKit-AYP064O1JBXX9VUZXGONV0H4W.pcm

SwiftCompile normal arm64 Compiling\ BoosterLab.swift,\ BoosterPack.swift,\ BoosterPopup.swift,\ BordSeance.swift,\ BoutonPrimaire.swift,\ BravoLab.swift,\ CalendarView.swift,\ CalLab.swift,\ CardioFiche.swift,\ CardRoute.swift,\ CarnetLab.swift,\ CarnetScene.swift,\ CarteLuneLab.swift,\ CGUPage.swift,\ ChambreDonnees.swift,\ ChambreHiit.swift,\ ChambreLongue.swift,\ ChambrePeak.swift,\ ChambreRegularite.swift,\ ChambreVolume.swift /var/folders/sk/1y78dckn1fbdyvwtdtdy76680000gn/T/nosfy-session-commit-s4q40rbr/travail/Nosfy/Views/BoosterLab.swift /var/folders/sk/1y78dckn1fbdyvwtdtdy76680000gn/T/nosfy-session-commit-s4q40rbr/travail/Nosfy/Views/BoosterPack.swift /var/folders/sk/1y78dckn1fbdyvwtdtdy76680000gn/T/nosfy-session-commit-s4q40rbr/travail/Nosfy/Views/BoosterPopup.swift /var/folders/sk/1y78dckn1fbdyvwtdtdy76680000gn/T/nosfy-session-commit-s4q40rbr/travail/Nosfy/Views/BordSeance.swift /var/folders/sk/1y78dckn1fbdyvwtdtdy76680000gn/T/nosfy-session-commit-s4q40rbr/travail/Nosfy/Views/BoutonPrimaire.swift /var/folders/sk/1y78dckn1fbdyvwtdtdy76680000gn/T/nosfy-session-commit-s4q40rbr/travail/Nosfy/Views/BravoLab.swift /var/folders/sk/1y78dckn1fbdyvwtdtdy76680000gn/T/nosfy-session-commit-s4q40rbr/travail/Nosfy/Views/CalendarView.swift /var/folders/sk/1y78dckn1fbdyvwtdtdy76680000gn/T/nosfy-session-commit-s4q40rbr/travail/Nosfy/Views/CalLab.swift /var/folders/sk/1y78dckn1fbdyvwtdtdy76680000gn/T/nosfy-session-commit-s4q40rbr/travail/Nosfy/Views/CardioFiche.swift /var/folders/sk/1y78dckn1fbdyvwtdtdy76680000gn/T/nosfy-session-commit-s4q40rbr/travail/Nosfy/Views/CardRoute.swift /var/folders/sk/1y78dckn1fbdyvwtdtdy76680000gn/T/nosfy-session-commit-s4q40rbr/travail/Nosfy/Views/CarnetLab.swift /var/folders/sk/1y78dckn1fbdyvwtdtdy76680000gn/T/nosfy-session-commit-s4q40rbr/travail/Nosfy/Views/CarnetScene.swift /var/folders/sk/1y78dckn1fbdyvwtdtdy76680000gn/T/nosfy-session-commit-s4q40rbr/travail/Nosfy/Views/CarteLuneLab.swift /var/folders/sk/1y78dckn1fbdyvwtdtdy76680000gn/T/nosfy-session-commit-s4q40rbr/travail/Nosfy/Views/CGUPage.swift /var/folders/sk/1y78dckn1fbdyvwtdtdy76680000gn/T/nosfy-session-commit-s4q40rbr/travail/Nosfy/Views/ChambreDonnees.swift /var/folders/sk/1y78dckn1fbdyvwtdtdy76680000gn/T/nosfy-session-commit-s4q40rbr/travail/Nosfy/Views/ChambreHiit.swift /var/folders/sk/1y78dckn1fbdyvwtdtdy76680000gn/T/nosfy-session-commit-s4q40rbr/travail/Nosfy/Views/ChambreLongue.swift /var/folders/sk/1y78dckn1fbdyvwtdtdy76680000gn/T/nosfy-session-commit-s4q40rbr/travail/Nosfy/Views/ChambrePeak.swift /var/folders/sk/1y78dckn1fbdyvwtdtdy76680000gn/T/nosfy-session-commit-s4q40rbr/travail/Nosfy/Views/ChambreRegularite.swift /var/folders/sk/1y78dckn1fbdyvwtdtdy76680000gn/T/nosfy-session-commit-s4q40rbr/travail/Nosfy/Views/ChambreVolume.swift (in target 'Nosfy' from project 'Nosfy')
SwiftCompile normal arm64 /var/folders/sk/1y78dckn1fbdyvwtdtdy76680000gn/T/nosfy-session-commit-s4q40rbr/travail/Nosfy/Views/BoosterLab.swift (in target 'Nosfy' from project 'Nosfy')
    cd /var/folders/sk/1y78dckn1fbdyvwtdtdy76680000gn/T/nosfy-session-commit-s4q40rbr/travail
    

SwiftCompile normal arm64 /var/folders/sk/1y78dckn1fbdyvwtdtdy76680000gn/T/nosfy-session-commit-s4q40rbr/travail/Nosfy/Views/BoosterPack.swift (in target 'Nosfy' from project 'Nosfy')
    cd /var/folders/sk/1y78dckn1fbdyvwtdtdy76680000gn/T/nosfy-session-commit-s4q40rbr/travail
    

SwiftCompile normal arm64 /var/folders/sk/1y78dckn1fbdyvwtdtdy76680000gn/T/nosfy-session-commit-s4q40rbr/travail/Nosfy/Views/BoosterPopup.swift (in target 'Nosfy' from project 'Nosfy')
    cd /var/folders/sk/1y78dckn1fbdyvwtdtdy76680000gn/T/nosfy-session-commit-s4q40rbr/travail
    

SwiftCompile normal arm64 /var/folders/sk/1y78dckn1fbdyvwtdtdy76680000gn/T/nosfy-session-commit-s4q40rbr/travail/Nosfy/Views/BordSeance.swift (in target 'Nosfy' from project 'Nosfy')
    cd /var/folders/sk/1y78dckn1fbdyvwtdtdy76680000gn/T/nosfy-session-commit-s4q40rbr/travail
    

SwiftCompile normal arm64 /var/folders/sk/1y78dckn1fbdyvwtdtdy76680000gn/T/nosfy-session-commit-s4q40rbr/travail/Nosfy/Views/BoutonPrimaire.swift (in target 'Nosfy' from project 'Nosfy')
    cd /var/folders/sk/1y78dckn1fbdyvwtdtdy76680000gn/T/nosfy-session-commit-s4q40rbr/travail
    

SwiftCompile normal arm64 /var/folders/sk/1y78dckn1fbdyvwtdtdy76680000gn/T/nosfy-session-commit-s4q40rbr/travail/Nosfy/Views/BravoLab.swift (in target 'Nosfy' from project 'Nosfy')
    cd /var/folders/sk/1y78dckn1fbdyvwtdtdy76680000gn/T/nosfy-session-commit-s4q40rbr/travail
    

SwiftCompile normal arm64 /var/folders/sk/1y78dckn1fbdyvwtdtdy76680000gn/T/nosfy-session-commit-s4q40rbr/travail/Nosfy/Views/CalendarView.swift (in target 'Nosfy' from project 'Nosfy')
    cd /var/folders/sk/1y78dckn1fbdyvwtdtdy76680000gn/T/nosfy-session-commit-s4q40rbr/travail
    

SwiftCompile normal arm64 /var/folders/sk/1y78dckn1fbdyvwtdtdy76680000gn/T/nosfy-session-commit-s4q40rbr/travail/Nosfy/Views/CalLab.swift (in target 'Nosfy' from project 'Nosfy')
    cd /var/folders/sk/1y78dckn1fbdyvwtdtdy76680000gn/T/nosfy-session-commit-s4q40rbr/travail
    

SwiftCompile normal arm64 /var/folders/sk/1y78dckn1fbdyvwtdtdy76680000gn/T/nosfy-session-commit-s4q40rbr/travail/Nosfy/Views/CardioFiche.swift (in target 'Nosfy' from project 'Nosfy')
    cd /var/folders/sk/1y78dckn1fbdyvwtdtdy76680000gn/T/nosfy-session-commit-s4q40rbr/travail
    

SwiftCompile normal arm64 /var/folders/sk/1y78dckn1fbdyvwtdtdy76680000gn/T/nosfy-session-commit-s4q40rbr/travail/Nosfy/Views/CardRoute.swift (in target 'Nosfy' from project 'Nosfy')
    cd /var/folders/sk/1y78dckn1fbdyvwtdtdy76680000gn/T/nosfy-session-commit-s4q40rbr/travail
    

SwiftCompile normal arm64 /var/folders/sk/1y78dckn1fbdyvwtdtdy76680000gn/T/nosfy-session-commit-s4q40rbr/travail/Nosfy/Views/CarnetLab.swift (in target 'Nosfy' from project 'Nosfy')
    cd /var/folders/sk/1y78dckn1fbdyvwtdtdy76680000gn/T/nosfy-session-commit-s4q40rbr/travail
    

SwiftCompile normal arm64 /var/folders/sk/1y78dckn1fbdyvwtdtdy76680000gn/T/nosfy-session-commit-s4q40rbr/travail/Nosfy/Views/CarnetScene.swift (in target 'Nosfy' from project 'Nosfy')
    cd /var/folders/sk/1y78dckn1fbdyvwtdtdy76680000gn/T/nosfy-session-commit-s4q40rbr/travail
    

SwiftCompile normal arm64 /var/folders/sk/1y78dckn1fbdyvwtdtdy76680000gn/T/nosfy-session-commit-s4q40rbr/travail/Nosfy/Views/CarteLuneLab.swift (in target 'Nosfy' from project 'Nosfy')
    cd /var/folders/sk/1y78dckn1fbdyvwtdtdy76680000gn/T/nosfy-session-commit-s4q40rbr/travail
    

SwiftCompile normal arm64 /var/folders/sk/1y78dckn1fbdyvwtdtdy76680000gn/T/nosfy-session-commit-s4q40rbr/travail/Nosfy/Views/CGUPage.swift (in target 'Nosfy' from project 'Nosfy')
    cd /var/folders/sk/1y78dckn1fbdyvwtdtdy76680000gn/T/nosfy-session-commit-s4q40rbr/travail
    

SwiftCompile normal arm64 /var/folders/sk/1y78dckn1fbdyvwtdtdy76680000gn/T/nosfy-session-commit-s4q40rbr/travail/Nosfy/Views/ChambreDonnees.swift (in target 'Nosfy' from project 'Nosfy')
    cd /var/folders/sk/1y78dckn1fbdyvwtdtdy76680000gn/T/nosfy-session-commit-s4q40rbr/travail
    

SwiftCompile normal arm64 /var/folders/sk/1y78dckn1fbdyvwtdtdy76680000gn/T/nosfy-session-commit-s4q40rbr/travail/Nosfy/Views/ChambreHiit.swift (in target 'Nosfy' from project 'Nosfy')
    cd /var/folders/sk/1y78dckn1fbdyvwtdtdy76680000gn/T/nosfy-session-commit-s4q40rbr/travail
    

SwiftCompile normal arm64 /var/folders/sk/1y78dckn1fbdyvwtdtdy76680000gn/T/nosfy-session-commit-s4q40rbr/travail/Nosfy/Views/ChambreLongue.swift (in target 'Nosfy' from project 'Nosfy')
    cd /var/folders/sk/1y78dckn1fbdyvwtdtdy76680000gn/T/nosfy-session-commit-s4q40rbr/travail
    

SwiftCompile normal arm64 /var/folders/sk/1y78dckn1fbdyvwtdtdy76680000gn/T/nosfy-session-commit-s4q40rbr/travail/Nosfy/Views/ChambrePeak.swift (in target 'Nosfy' from project 'Nosfy')
    cd /var/folders/sk/1y78dckn1fbdyvwtdtdy76680000gn/T/nosfy-session-commit-s4q40rbr/travail
    

SwiftCompile normal arm64 /var/folders/sk/1y78dckn1fbdyvwtdtdy76680000gn/T/nosfy-session-commit-s4q40rbr/travail/Nosfy/Views/ChambreRegularite.swift (in target 'Nosfy' from project 'Nosfy')
    cd /var/folders/sk/1y78dckn1fbdyvwtdtdy76680000gn/T/nosfy-session-commit-s4q40rbr/travail
    

SwiftCompile normal arm64 /var/folders/sk/1y78dckn1fbdyvwtdtdy76680000gn/T/nosfy-session-commit-s4q40rbr/travail/Nosfy/Views/ChambreVolume.swift (in target 'Nosfy' from project 'Nosfy')
    cd /var/folders/sk/1y78dckn1fbdyvwtdtdy76680000gn/T/nosfy-session-commit-s4q40rbr/travail
    

SwiftCompile normal arm64 Compiling\ BottleSplash.swift,\ CoinChime.swift,\ DiamondGlints.swift,\ Ink.swift,\ LightDial.swift,\ LuneDust.swift,\ MonolithChime.swift,\ NightBirds.swift,\ RocketHaptics.swift,\ SparkleBurst.swift,\ SplashBackground.swift,\ SplashWisp.swift,\ Annonces.swift,\ AppleAuth.swift,\ CartesQABanc.swift,\ CartesServeur.swift,\ ChambreServeur.swift,\ CoachServeur.swift,\ Compte.swift,\ EconomieNosfy.swift,\ ErreurNosfy.swift /var/folders/sk/1y78dckn1fbdyvwtdtdy76680000gn/T/nosfy-session-commit-s4q40rbr/travail/Nosfy/Figures/BottleSplash.swift /var/folders/sk/1y78dckn1fbdyvwtdtdy76680000gn/T/nosfy-session-commit-s4q40rbr/travail/Nosfy/Figures/CoinChime.swift /var/folders/sk/1y78dckn1fbdyvwtdtdy76680000gn/T/nosfy-session-commit-s4q40rbr/travail/Nosfy/Figures/DiamondGlints.swift /var/folders/sk/1y78dckn1fbdyvwtdtdy76680000gn/T/nosfy-session-commit-s4q40rbr/travail/Nosfy/Figures/Ink.swift /var/folders/sk/1y78dckn1fbdyvwtdtdy76680000gn/T/nosfy-session-commit-s4q40rbr/travail/Nosfy/Figures/LightDial.swift /var/folders/sk/1y78dckn1fbdyvwtdtdy76680000gn/T/nosfy-session-commit-s4q40rbr/travail/Nosfy/Figures/LuneDust.swift /var/folders/sk/1y78dckn1fbdyvwtdtdy76680000gn/T/nosfy-session-commit-s4q40rbr/travail/Nosfy/Figures/MonolithChime.swift /var/folders/sk/1y78dckn1fbdyvwtdtdy76680000gn/T/nosfy-session-commit-s4q40rbr/travail/Nosfy/Figures/NightBirds.swift /var/folders/sk/1y78dckn1fbdyvwtdtdy76680000gn/T/nosfy-session-commit-s4q40rbr/travail/Nosfy/Figures/RocketHaptics.swift /var/folders/sk/1y78dckn1fbdyvwtdtdy76680000gn/T/nosfy-session-commit-s4q40rbr/travail/Nosfy/Figures/SparkleBurst.swift /var/folders/sk/1y78dckn1fbdyvwtdtdy76680000gn/T/nosfy-session-commit-s4q40rbr/travail/Nosfy/Figures/SplashBackground.swift /var/folders/sk/1y78dckn1fbdyvwtdtdy76680000gn/T/nosfy-session-commit-s4q40rbr/travail/Nosfy/Figures/SplashWisp.swift /var/folders/sk/1y78dckn1fbdyvwtdtdy76680000gn/T/nosfy-session-commit-s4q40rbr/travail/Nosfy/Services/Annonces.swift /var/folders/sk/1y78dckn1fbdyvwtdtdy76680000gn/T/nosfy-session-commit-s4q40rbr/travail/Nosfy/Services/AppleAuth.swift /var/folders/sk/1y78dckn1fbdyvwtdtdy76680000gn/T/nosfy-session-commit-s4q40rbr/travail/Nosfy/Services/CartesQABanc.swift /var/folders/sk/1y78dckn1fbdyvwtdtdy76680000gn/T/nosfy-session-commit-s4q40rbr/travail/Nosfy/Services/CartesServeur.swift /var/folders/sk/1y78dckn1fbdyvwtdtdy76680000gn/T/nosfy-session-commit-s4q40rbr/travail/Nosfy/Services/ChambreServeur.swift /var/folders/sk/1y78dckn1fbdyvwtdtdy76680000gn/T/nosfy-session-commit-s4q40rbr/travail/Nosfy/Services/CoachServeur.swift /var/folders/sk/1y78dckn1fbdyvwtdtdy76680000gn/T/nosfy-session-commit-s4q40rbr/travail/Nosfy/Services/Compte.swift /var/folders/sk/1y78dckn1fbdyvwtdtdy76680000gn/T/nosfy-session-commit-s4q40rbr/travail/Nosfy/Services/EconomieNosfy.swift /var/folders/sk/1y78dckn1fbdyvwtdtdy76680000gn/T/nosfy-session-commit-s4q40rbr/travail/Nosfy/Services/ErreurNosfy.swift (in target 'Nosfy' from project 'Nosfy')
Failed frontend command:
/Applications/Xcode.app/Contents/Developer/Toolchains/XcodeDefault.xctoolchain/usr/bin/swift-frontend -frontend -c -filelist /var/folders/sk/1y78dckn1fbdyvwtdtdy76680000gn/T/nosfy-session-commit-s4q40rbr/DerivedData/Build/Intermediates.noindex/Nosfy.build/Debug-iphonesimulator/Nosfy.build/Objects-normal/arm64/sources-1 -primary-file /var/folders/sk/1y78dckn1fbdyvwtdtdy76680000gn/T/nosfy-session-commit-s4q40rbr/travail/Nosfy/Figures/BottleSplash.swift -primary-file /var/folders/sk/1y78dckn1fbdyvwtdtdy76680000gn/T/nosfy-session-commit-s4q40rbr/travail/Nosfy/Figures/CoinChime.swift -primary-file /var/folders/sk/1y78dckn1fbdyvwtdtdy76680000gn/T/nosfy-session-commit-s4q40rbr/travail/Nosfy/Figures/DiamondGlints.swift -primary-file /var/folders/sk/1y78dckn1fbdyvwtdtdy76680000gn/T/nosfy-session-commit-s4q40rbr/travail/Nosfy/Figures/Ink.swift -primary-file /var/folders/sk/1y78dckn1fbdyvwtdtdy76680000gn/T/nosfy-session-commit-s4q40rbr/travail/Nosfy/Figures/LightDial.swift -primary-file /var/folders/sk/1y78dckn1fbdyvwtdtdy76680000gn/T/nosfy-session-commit-s4q40rbr/travail/Nosfy/Figures/LuneDust.swift -primary-file /var/folders/sk/1y78dckn1fbdyvwtdtdy76680000gn/T/nosfy-session-commit-s4q40rbr/travail/Nosfy/Figures/MonolithChime.swift -primary-file /var/folders/sk/1y78dckn1fbdyvwtdtdy76680000gn/T/nosfy-session-commit-s4q40rbr/travail/Nosfy/Figures/NightBirds.swift -primary-file /var/folders/sk/1y78dckn1fbdyvwtdtdy76680000gn/T/nosfy-session-commit-s4q40rbr/travail/Nosfy/Figures/RocketHaptics.swift -primary-file /var/folders/sk/1y78dckn1fbdyvwtdtdy76680000gn/T/nosfy-session-commit-s4q40rbr/travail/Nosfy/Figures/SparkleBurst.swift -primary-file /var/folders/sk/1y78dckn1fbdyvwtdtdy76680000gn/T/nosfy-session-commit-s4q40rbr/travail/Nosfy/Figures/SplashBackground.swift -primary-file /var/folders/sk/1y78dckn1fbdyvwtdtdy76680000gn/T/nosfy-session-commit-s4q40rbr/travail/Nosfy/Figures/SplashWisp.swift -primary-file /var/folders/sk/1y78dckn1fbdyvwtdtdy76680000gn/T/nosfy-session-commit-s4q40rbr/travail/Nosfy/Services/Annonces.swift -primary-file /var/folders/sk/1y78dckn1fbdyvwtdtdy76680000gn/T/nosfy-session-commit-s4q40rbr/travail/Nosfy/Services/AppleAuth.swift -primary-file /var/folders/sk/1y78dckn1fbdyvwtdtdy76680000gn/T/nosfy-session-commit-s4q40rbr/travail/Nosfy/Services/CartesQABanc.swift -primary-file /var/folders/sk/1y78dckn1fbdyvwtdtdy76680000gn/T/nosfy-session-commit-s4q40rbr/travail/Nosfy/Services/CartesServeur.swift -primary-file /var/folders/sk/1y78dckn1fbdyvwtdtdy76680000gn/T/nosfy-session-commit-s4q40rbr/travail/Nosfy/Services/ChambreServeur.swift -primary-file /var/folders/sk/1y78dckn1fbdyvwtdtdy76680000gn/T/nosfy-session-commit-s4q40rbr/travail/Nosfy/Services/CoachServeur.swift -primary-file /var/folders/sk/1y78dckn1fbdyvwtdtdy76680000gn/T/nosfy-session-commit-s4q40rbr/travail/Nosfy/Services/Compte.swift -primary-file /var/folders/sk/1y78dckn1fbdyvwtdtdy76680000gn/T/nosfy-session-commit-s4q40rbr/travail/Nosfy/Services/EconomieNosfy.swift -primary-file /var/folders/sk/1y78dckn1fbdyvwtdtdy76680000gn/T/nosfy-session-commit-s4q40rbr/travail/Nosfy/Services/ErreurNosfy.swift -supplementary-output-file-map /var/folders/sk/1y78dckn1fbdyvwtdtdy76680000gn/T/nosfy-session-commit-s4q40rbr/DerivedData/Build/Intermediates.noindex/Nosfy.build/Debug-iphonesimulator/Nosfy.build/Objects-normal/arm64/supplementaryOutputs-1 -emit-localized-strings -emit-localized-strings-path /var/folders/sk/1y78dckn1fbdyvwtdtdy76680000gn/T/nosfy-session-commit-s4q40rbr/DerivedData/Build/Intermediates.noindex/Nosfy.build/Debug-iphonesimulator/Nosfy.build/Objects-normal/arm64 -target arm64-apple-ios26.0-simulator -module-can-import-version DeveloperToolsSupport 23.40.26 23.40.26 -disable-cross-import-overlay-search -swift-module-cross-import AuthenticationServices /Applications/Xcode.app/Contents/Developer/Platforms/iPhoneSimulator.platform/Developer/SDKs/iPhoneSimulator.sdk/System/Cryptexes/OS/System/Library/Frameworks/AuthenticationServices.framework/Modules/AuthenticationServices.swiftcrossimport/SwiftUI.swiftoverlay -swift-module-cross-import AuthenticationServices /Applications/Xcode.app/Contents/Developer/Platforms/iPhoneSimulator.platform/Developer/SDKs/iPhoneSimulator26.5.sdk/System/Library/Frameworks/AuthenticationServices.framework/Modules/AuthenticationServices.swiftcrossimport/SwiftUI.swiftoverlay -swift-module-cross-import SceneKit /Applications/Xcode.app/Contents/Developer/Platforms/iPhoneSimulator.platform/Developer/SDKs/iPhoneSimulator.sdk/System/Library/Frameworks/SceneKit.framework/Modules/SceneKit.swiftcrossimport/SwiftUI.swiftoverlay -swift-module-cross-import SwiftData /Applications/Xcode.app/Contents/Developer/Platforms/iPhoneSimulator.platform/Developer/SDKs/iPhoneSimulator26.5.sdk/System/Library/Frameworks/SwiftData.framework/Modules/SwiftData.swiftcrossimport/CoreData.swiftoverlay -swift-module-cross-import SwiftData /Applications/Xcode.app/Contents/Developer/Platforms/iPhoneSimulator.platform/Developer/SDKs/iPhoneSimulator26.5.sdk/System/Library/Frameworks/SwiftData.framework/Modules/SwiftData.swiftcrossimport/SwiftUI.swiftoverlay -load-resolved-plugin /Applications/Xcode.app/Contents/Developer/Platforms/iPhoneOS.platform/Developer/usr/lib/swift/host/plugins/libAppIntentsMacros.dylib\#/Applications/Xcode.app/Contents/Developer/Platforms/iPhoneOS.platform/Developer/usr/bin/swift-plugin-server\#AppIntentsMacros -load-resolved-plugin /Applications/Xcode.app/Contents/Developer/Platforms/iPhoneOS.platform/Developer/usr/lib/swift/host/plugins/libFoundationMacros.dylib\#/Applications/Xcode.app/Contents/Developer/Platforms/iPhoneOS.platform/Developer/usr/bin/swift-plugin-server\#FoundationMacros -load-resolved-plugin /Applications/Xcode.app/Contents/Developer/Platforms/iPhoneOS.platform/Developer/usr/lib/swift/host/plugins/libObservationMacros.dylib\#/Applications/Xcode.app/Contents/Developer/Platforms/iPhoneOS.platform/Developer/usr/bin/swift-plugin-server\#ObservationMacros -load-resolved-plugin /Applications/Xcode.app/Contents/Developer/Platforms/iPhoneOS.platform/Developer/usr/lib/swift/host/plugins/libPreviewsMacros.dylib\#/Applications/Xcode.app/Contents/Developer/Platforms/iPhoneOS.platform/Developer/usr/bin/swift-plugin-server\#PreviewsMacros -load-resolved-plugin /Applications/Xcode.app/Contents/Developer/Platforms/iPhoneOS.platform/Developer/usr/lib/swift/host/plugins/libSwiftDataMacros.dylib\#/Applications/Xcode.app/Contents/Developer/Platforms/iPhoneOS.platform/Developer/usr/bin/swift-plugin-server\#SwiftDataMacros -load-resolved-plugin /Applications/Xcode.app/Contents/Developer/Platforms/iPhoneOS.platform/Developer/usr/lib/swift/host/plugins/libSwiftMacros.dylib\#/Applications/Xcode.app/Contents/Developer/Platforms/iPhoneOS.platform/Developer/usr/bin/swift-plugin-server\#SwiftMacros -load-resolved-plugin /Applications/Xcode.app/Contents/Developer/Platforms/iPhoneOS.platform/Developer/usr/lib/swift/host/plugins/libSwiftUIMacros.dylib\#/Applications/Xcode.app/Contents/Developer/Platforms/iPhoneOS.platform/Developer/usr/bin/swift-plugin-server\#SwiftUIMacros -disable-implicit-swift-modules -Xcc -fno-implicit-modules -Xcc -fno-implicit-module-maps -explicit-swift-module-map-file /var/folders/sk/1y78dckn1fbdyvwtdtdy76680000gn/T/nosfy-session-commit-s4q40rbr/DerivedData/Build/Intermediates.noindex/Nosfy.build/Debug-iphonesimulator/Nosfy.build/Objects-normal/arm64/Woop-dependencies-1.json -debug-module-path /var/folders/sk/1y78dckn1fbdyvwtdtdy76680000gn/T/nosfy-session-commit-s4q40rbr/DerivedData/Build/Intermediates.noindex/Nosfy.build/Debug-iphonesimulator/Nosfy.build/Objects-normal/arm64/Woop.swiftmodule -Xllvm -aarch64-use-tbi -enable-objc-interop -sdk /Applications/Xcode.app/Contents/Developer/Platforms/iPhoneSimulator.platform/Developer/SDKs/iPhoneSimulator26.5.sdk -I /var/folders/sk/1y78dckn1fbdyvwtdtdy76680000gn/T/nosfy-session-commit-s4q40rbr/DerivedData/Build/Products/Debug-iphonesimulator -F /var/folders/sk/1y78dckn1fbdyvwtdtdy76680000gn/T/nosfy-session-commit-s4q40rbr/DerivedData/Build/Products/Debug-iphonesimulator -no-color-diagnostics -Xcc -fno-color-diagnostics -enable-testing -g -debug-info-format\=dwarf -dwarf-version\=5 -module-cache-path /var/folders/sk/1y78dckn1fbdyvwtdtdy76680000gn/T/nosfy-session-commit-s4q40rbr/DerivedData/Build/Intermediates.noindex/SwiftExplicitPrecompiledModules -swift-version 5 -Onone -D DEBUG -serialize-debugging-options -const-gather-protocols-file /var/folders/sk/1y78dckn1fbdyvwtdtdy76680000gn/T/nosfy-session-commit-s4q40rbr/DerivedData/Build/Intermediates.noindex/Nosfy.build/Debug-iphonesimulator/Nosfy.build/Objects-normal/arm64/Nosfy_const_extract_protocols.json -enable-experimental-feature DebugDescriptionMacro -enable-bare-slash-regex -empty-abi-descriptor -validate-clang-modules-once -clang-build-session-file /var/folders/sk/1y78dckn1fbdyvwtdtdy76680000gn/T/nosfy-session-commit-s4q40rbr/DerivedData/ModuleCache.noindex/Session.modulevalidation -Xcc -working-directory -Xcc /var/folders/sk/1y78dckn1fbdyvwtdtdy76680000gn/T/nosfy-session-commit-s4q40rbr/travail -enable-anonymous-context-mangled-names -file-compilation-dir /var/folders/sk/1y78dckn1fbdyvwtdtdy76680000gn/T/nosfy-session-commit-s4q40rbr/travail -Xcc -D_LIBCPP_HARDENING_MODE\=_LIBCPP_HARDENING_MODE_DEBUG -Xcc -ivfsstatcache -Xcc /var/folders/sk/1y78dckn1fbdyvwtdtdy76680000gn/T/nosfy-session-commit-s4q40rbr/DerivedData/SDKStatCaches.noindex/iphonesimulator26.5-23F73-688ef53f1462e2c8f657fdc38a81448f6cfe768891a92b912361537c460fe42b.sdkstatcache -Xcc -I/var/folders/sk/1y78dckn1fbdyvwtdtdy76680000gn/T/nosfy-session-commit-s4q40rbr/DerivedData/Build/Intermediates.noindex/Nosfy.build/Debug-iphonesimulator/Nosfy.build/swift-overrides.hmap -Xcc -iquote -Xcc /var/folders/sk/1y78dckn1fbdyvwtdtdy76680000gn/T/nosfy-session-commit-s4q40rbr/DerivedData/Build/Intermediates.noindex/Nosfy.build/Debug-iphonesimulator/Nosfy.build/Nosfy-generated-files.hmap -Xcc -I/var/folders/sk/1y78dckn1fbdyvwtdtdy76680000gn/T/nosfy-session-commit-s4q40rbr/DerivedData/Build/Intermediates.noindex/Nosfy.build/Debug-iphonesimulator/Nosfy.build/Nosfy-own-target-headers.hmap -Xcc -I/var/folders/sk/1y78dckn1fbdyvwtdtdy76680000gn/T/nosfy-session-commit-s4q40rbr/DerivedData/Build/Intermediates.noindex/Nosfy.build/Debug-iphonesimulator/Nosfy.build/Nosfy-all-target-headers.hmap -Xcc -iquote -Xcc /var/folders/sk/1y78dckn1fbdyvwtdtdy76680000gn/T/nosfy-session-commit-s4q40rbr/DerivedData/Build/Intermediates.noindex/Nosfy.build/Debug-iphonesimulator/Nosfy.build/Nosfy-project-headers.hmap -Xcc -I/var/folders/sk/1y78dckn1fbdyvwtdtdy76680000gn/T/nosfy-session-commit-s4q40rbr/DerivedData/Build/Products/Debug-iphonesimulator/include -Xcc -I/var/folders/sk/1y78dckn1fbdyvwtdtdy76680000gn/T/nosfy-session-commit-s4q40rbr/DerivedData/Build/Intermediates.noindex/Nosfy.build/Debug-iphonesimulator/Nosfy.build/DerivedSources-normal/arm64 -Xcc -I/var/folders/sk/1y78dckn1fbdyvwtdtdy76680000gn/T/nosfy-session-commit-s4q40rbr/DerivedData/Build/Intermediates.noindex/Nosfy.build/Debug-iphonesimulator/Nosfy.build/DerivedSources/arm64 -Xcc -I/var/folders/sk/1y78dckn1fbdyvwtdtdy76680000gn/T/nosfy-session-commit-s4q40rbr/DerivedData/Build/Intermediates.noindex/Nosfy.build/Debug-iphonesimulator/Nosfy.build/DerivedSources -Xcc -DDEBUG\=1 -no-auto-bridging-header-chaining -module-name Woop -frontend-parseable-output -disable-clang-spi -clang-target arm64-apple-ios26.5-simulator -target-sdk-version 26.5 -target-sdk-name iphonesimulator26.5 -in-process-plugin-server-path /Applications/Xcode.app/Contents/Developer/Toolchains/XcodeDefault.xctoolchain/usr/lib/swift/host/libSwiftInProcPluginServer.dylib -o /var/folders/sk/1y78dckn1fbdyvwtdtdy76680000gn/T/nosfy-session-commit-s4q40rbr/DerivedData/Build/Intermediates.noindex/Nosfy.build/Debug-iphonesimulator/Nosfy.build/Objects-normal/arm64/BottleSplash.o -o /var/folders/sk/1y78dckn1fbdyvwtdtdy76680000gn/T/nosfy-session-commit-s4q40rbr/DerivedData/Build/Intermediates.noindex/Nosfy.build/Debug-iphonesimulator/Nosfy.build/Objects-normal/arm64/CoinChime.o -o /var/folders/sk/1y78dckn1fbdyvwtdtdy76680000gn/T/nosfy-session-commit-s4q40rbr/DerivedData/Build/Intermediates.noindex/Nosfy.build/Debug-iphonesimulator/Nosfy.build/Objects-normal/arm64/DiamondGlints.o -o /var/folders/sk/1y78dckn1fbdyvwtdtdy76680000gn/T/nosfy-session-commit-s4q40rbr/DerivedData/Build/Intermediates.noindex/Nosfy.build/Debug-iphonesimulator/Nosfy.build/Objects-normal/arm64/Ink.o -o /var/folders/sk/1y78dckn1fbdyvwtdtdy76680000gn/T/nosfy-session-commit-s4q40rbr/DerivedData/Build/Intermediates.noindex/Nosfy.build/Debug-iphonesimulator/Nosfy.build/Objects-normal/arm64/LightDial.o -o /var/folders/sk/1y78dckn1fbdyvwtdtdy76680000gn/T/nosfy-session-commit-s4q40rbr/DerivedData/Build/Intermediates.noindex/Nosfy.build/Debug-iphonesimulator/Nosfy.build/Objects-normal/arm64/LuneDust.o -o /var/folders/sk/1y78dckn1fbdyvwtdtdy76680000gn/T/nosfy-session-commit-s4q40rbr/DerivedData/Build/Intermediates.noindex/Nosfy.build/Debug-iphonesimulator/Nosfy.build/Objects-normal/arm64/MonolithChime.o -o /var/folders/sk/1y78dckn1fbdyvwtdtdy76680000gn/T/nosfy-session-commit-s4q40rbr/DerivedData/Build/Intermediates.noindex/Nosfy.build/Debug-iphonesimulator/Nosfy.build/Objects-normal/arm64/NightBirds.o -o /var/folders/sk/1y78dckn1fbdyvwtdtdy76680000gn/T/nosfy-session-commit-s4q40rbr/DerivedData/Build/Intermediates.noindex/Nosfy.build/Debug-iphonesimulator/Nosfy.build/Objects-normal/arm64/RocketHaptics.o -o /var/folders/sk/1y78dckn1fbdyvwtdtdy76680000gn/T/nosfy-session-commit-s4q40rbr/DerivedData/Build/Intermediates.noindex/Nosfy.build/Debug-iphonesimulator/Nosfy.build/Objects-normal/arm64/SparkleBurst.o -o /var/folders/sk/1y78dckn1fbdyvwtdtdy76680000gn/T/nosfy-session-commit-s4q40rbr/DerivedData/Build/Intermediates.noindex/Nosfy.build/Debug-iphonesimulator/Nosfy.build/Objects-normal/arm64/SplashBackground.o -o /var/folders/sk/1y78dckn1fbdyvwtdtdy76680000gn/T/nosfy-session-commit-s4q40rbr/DerivedData/Build/Intermediates.noindex/Nosfy.build/Debug-iphonesimulator/Nosfy.build/Objects-normal/arm64/SplashWisp.o -o /var/folders/sk/1y78dckn1fbdyvwtdtdy76680000gn/T/nosfy-session-commit-s4q40rbr/DerivedData/Build/Intermediates.noindex/Nosfy.build/Debug-iphonesimulator/Nosfy.build/Objects-normal/arm64/Annonces.o -o /var/folders/sk/1y78dckn1fbdyvwtdtdy76680000gn/T/nosfy-session-commit-s4q40rbr/DerivedData/Build/Intermediates.noindex/Nosfy.build/Debug-iphonesimulator/Nosfy.build/Objects-normal/arm64/AppleAuth.o -o /var/folders/sk/1y78dckn1fbdyvwtdtdy76680000gn/T/nosfy-session-commit-s4q40rbr/DerivedData/Build/Intermediates.noindex/Nosfy.build/Debug-iphonesimulator/Nosfy.build/Objects-normal/arm64/CartesQABanc.o -o /var/folders/sk/1y78dckn1fbdyvwtdtdy76680000gn/T/nosfy-session-commit-s4q40rbr/DerivedData/Build/Intermediates.noindex/Nosfy.build/Debug-iphonesimulator/Nosfy.build/Objects-normal/arm64/CartesServeur.o -o /var/folders/sk/1y78dckn1fbdyvwtdtdy76680000gn/T/nosfy-session-commit-s4q40rbr/DerivedData/Build/Intermediates.noindex/Nosfy.build/Debug-iphonesimulator/Nosfy.build/Objects-normal/arm64/ChambreServeur.o -o /var/folders/sk/1y78dckn1fbdyvwtdtdy76680000gn/T/nosfy-session-commit-s4q40rbr/DerivedData/Build/Intermediates.noindex/Nosfy.build/Debug-iphonesimulator/Nosfy.build/Objects-normal/arm64/CoachServeur.o -o /var/folders/sk/1y78dckn1fbdyvwtdtdy76680000gn/T/nosfy-session-commit-s4q40rbr/DerivedData/Build/Intermediates.noindex/Nosfy.build/Debug-iphonesimulator/Nosfy.build/Objects-normal/arm64/Compte.o -o /var/folders/sk/1y78dckn1fbdyvwtdtdy76680000gn/T/nosfy-session-commit-s4q40rbr/DerivedData/Build/Intermediates.noindex/Nosfy.build/Debug-iphonesimulator/Nosfy.build/Objects-normal/arm64/EconomieNosfy.o -o /var/folders/sk/1y78dckn1fbdyvwtdtdy76680000gn/T/nosfy-session-commit-s4q40rbr/DerivedData/Build/Intermediates.noindex/Nosfy.build/Debug-iphonesimulator/Nosfy.build/Objects-normal/arm64/ErreurNosfy.o -index-unit-output-path /Nosfy.build/Debug-iphonesimulator/Nosfy.build/Objects-normal/arm64/BottleSplash.o -index-unit-output-path /Nosfy.build/Debug-iphonesimulator/Nosfy.build/Objects-normal/arm64/CoinChime.o -index-unit-output-path /Nosfy.build/Debug-iphonesimulator/Nosfy.build/Objects-normal/arm64/DiamondGlints.o -index-unit-output-path /Nosfy.build/Debug-iphonesimulator/Nosfy.build/Objects-normal/arm64/Ink.o -index-unit-output-path /Nosfy.build/Debug-iphonesimulator/Nosfy.build/Objects-normal/arm64/LightDial.o -index-unit-output-path /Nosfy.build/Debug-iphonesimulator/Nosfy.build/Objects-normal/arm64/LuneDust.o -index-unit-output-path /Nosfy.build/Debug-iphonesimulator/Nosfy.build/Objects-normal/arm64/MonolithChime.o -index-unit-output-path /Nosfy.build/Debug-iphonesimulator/Nosfy.build/Objects-normal/arm64/NightBirds.o -index-unit-output-path /Nosfy.build/Debug-iphonesimulator/Nosfy.build/Objects-normal/arm64/RocketHaptics.o -index-unit-output-path /Nosfy.build/Debug-iphonesimulator/Nosfy.build/Objects-normal/arm64/SparkleBurst.o -index-unit-output-path /Nosfy.build/Debug-iphonesimulator/Nosfy.build/Objects-normal/arm64/SplashBackground.o -index-unit-output-path /Nosfy.build/Debug-iphonesimulator/Nosfy.build/Objects-normal/arm64/SplashWisp.o -index-unit-output-path /Nosfy.build/Debug-iphonesimulator/Nosfy.build/Objects-normal/arm64/Annonces.o -index-unit-output-path /Nosfy.build/Debug-iphonesimulator/Nosfy.build/Objects-normal/arm64/AppleAuth.o -index-unit-output-path /Nosfy.build/Debug-iphonesimulator/Nosfy.build/Objects-normal/arm64/CartesQABanc.o -index-unit-output-path /Nosfy.build/Debug-iphonesimulator/Nosfy.build/Objects-normal/arm64/CartesServeur.o -index-unit-output-path /Nosfy.build/Debug-iphonesimulator/Nosfy.build/Objects-normal/arm64/ChambreServeur.o -index-unit-output-path /Nosfy.build/Debug-iphonesimulator/Nosfy.build/Objects-normal/arm64/CoachServeur.o -index-unit-output-path /Nosfy.build/Debug-iphonesimulator/Nosfy.build/Objects-normal/arm64/Compte.o -index-unit-output-path /Nosfy.build/Debug-iphonesimulator/Nosfy.build/Objects-normal/arm64/EconomieNosfy.o -index-unit-output-path /Nosfy.build/Debug-iphonesimulator/Nosfy.build/Objects-normal/arm64/ErreurNosfy.o -index-store-path /var/folders/sk/1y78dckn1fbdyvwtdtdy76680000gn/T/nosfy-session-commit-s4q40rbr/DerivedData/Index.noindex/DataStore -index-system-modules

SwiftCompile normal arm64 /var/folders/sk/1y78dckn1fbdyvwtdtdy76680000gn/T/nosfy-session-commit-s4q40rbr/travail/Nosfy/Figures/BottleSplash.swift (in target 'Nosfy' from project 'Nosfy')
    cd /var/folders/sk/1y78dckn1fbdyvwtdtdy76680000gn/T/nosfy-session-commit-s4q40rbr/travail
    

SwiftCompile normal arm64 /var/folders/sk/1y78dckn1fbdyvwtdtdy76680000gn/T/nosfy-session-commit-s4q40rbr/travail/Nosfy/Figures/CoinChime.swift (in target 'Nosfy' from project 'Nosfy')
    cd /var/folders/sk/1y78dckn1fbdyvwtdtdy76680000gn/T/nosfy-session-commit-s4q40rbr/travail
    

SwiftCompile normal arm64 /var/folders/sk/1y78dckn1fbdyvwtdtdy76680000gn/T/nosfy-session-commit-s4q40rbr/travail/Nosfy/Figures/DiamondGlints.swift (in target 'Nosfy' from project 'Nosfy')
    cd /var/folders/sk/1y78dckn1fbdyvwtdtdy76680000gn/T/nosfy-session-commit-s4q40rbr/travail
    

SwiftCompile normal arm64 /var/folders/sk/1y78dckn1fbdyvwtdtdy76680000gn/T/nosfy-session-commit-s4q40rbr/travail/Nosfy/Figures/Ink.swift (in target 'Nosfy' from project 'Nosfy')
    cd /var/folders/sk/1y78dckn1fbdyvwtdtdy76680000gn/T/nosfy-session-commit-s4q40rbr/travail
    

SwiftCompile normal arm64 /var/folders/sk/1y78dckn1fbdyvwtdtdy76680000gn/T/nosfy-session-commit-s4q40rbr/travail/Nosfy/Figures/LightDial.swift (in target 'Nosfy' from project 'Nosfy')
    cd /var/folders/sk/1y78dckn1fbdyvwtdtdy76680000gn/T/nosfy-session-commit-s4q40rbr/travail
    

SwiftCompile normal arm64 /var/folders/sk/1y78dckn1fbdyvwtdtdy76680000gn/T/nosfy-session-commit-s4q40rbr/travail/Nosfy/Figures/LuneDust.swift (in target 'Nosfy' from project 'Nosfy')
    cd /var/folders/sk/1y78dckn1fbdyvwtdtdy76680000gn/T/nosfy-session-commit-s4q40rbr/travail
    

SwiftCompile normal arm64 /var/folders/sk/1y78dckn1fbdyvwtdtdy76680000gn/T/nosfy-session-commit-s4q40rbr/travail/Nosfy/Figures/MonolithChime.swift (in target 'Nosfy' from project 'Nosfy')
    cd /var/folders/sk/1y78dckn1fbdyvwtdtdy76680000gn/T/nosfy-session-commit-s4q40rbr/travail
    

SwiftCompile normal arm64 /var/folders/sk/1y78dckn1fbdyvwtdtdy76680000gn/T/nosfy-session-commit-s4q40rbr/travail/Nosfy/Figures/NightBirds.swift (in target 'Nosfy' from project 'Nosfy')
    cd /var/folders/sk/1y78dckn1fbdyvwtdtdy76680000gn/T/nosfy-session-commit-s4q40rbr/travail
    

SwiftCompile normal arm64 /var/folders/sk/1y78dckn1fbdyvwtdtdy76680000gn/T/nosfy-session-commit-s4q40rbr/travail/Nosfy/Figures/RocketHaptics.swift (in target 'Nosfy' from project 'Nosfy')
    cd /var/folders/sk/1y78dckn1fbdyvwtdtdy76680000gn/T/nosfy-session-commit-s4q40rbr/travail
    

SwiftCompile normal arm64 /var/folders/sk/1y78dckn1fbdyvwtdtdy76680000gn/T/nosfy-session-commit-s4q40rbr/travail/Nosfy/Figures/SparkleBurst.swift (in target 'Nosfy' from project 'Nosfy')
    cd /var/folders/sk/1y78dckn1fbdyvwtdtdy76680000gn/T/nosfy-session-commit-s4q40rbr/travail
    

SwiftCompile normal arm64 /var/folders/sk/1y78dckn1fbdyvwtdtdy76680000gn/T/nosfy-session-commit-s4q40rbr/travail/Nosfy/Figures/SplashBackground.swift (in target 'Nosfy' from project 'Nosfy')
    cd /var/folders/sk/1y78dckn1fbdyvwtdtdy76680000gn/T/nosfy-session-commit-s4q40rbr/travail
    

SwiftCompile normal arm64 /var/folders/sk/1y78dckn1fbdyvwtdtdy76680000gn/T/nosfy-session-commit-s4q40rbr/travail/Nosfy/Figures/SplashWisp.swift (in target 'Nosfy' from project 'Nosfy')
    cd /var/folders/sk/1y78dckn1fbdyvwtdtdy76680000gn/T/nosfy-session-commit-s4q40rbr/travail
    

SwiftCompile normal arm64 /var/folders/sk/1y78dckn1fbdyvwtdtdy76680000gn/T/nosfy-session-commit-s4q40rbr/travail/Nosfy/Services/Annonces.swift (in target 'Nosfy' from project 'Nosfy')
    cd /var/folders/sk/1y78dckn1fbdyvwtdtdy76680000gn/T/nosfy-session-commit-s4q40rbr/travail
    
/var/folders/sk/1y78dckn1fbdyvwtdtdy76680000gn/T/nosfy-session-commit-s4q40rbr/travail/Nosfy/Services/Annonces.swift:236:13: error: cannot find 'ToasterGain' in scope
            ToasterGain(gain: n, fraction: fraction, libelle: "COINS EARNED")
            ^~~~~~~~~~~
/var/folders/sk/1y78dckn1fbdyvwtdtdy76680000gn/T/nosfy-session-commit-s4q40rbr/travail/Nosfy/Services/Annonces.swift:238:13: error: cannot find 'ToasterGain' in scope
            ToasterGain(gain: n, fraction: fraction, libelle: "CARDIO COINS")
            ^~~~~~~~~~~
/var/folders/sk/1y78dckn1fbdyvwtdtdy76680000gn/T/nosfy-session-commit-s4q40rbr/travail/Nosfy/Services/Annonces.swift:240:13: error: cannot find 'ToasterGain' in scope
            ToasterGain(gain: n, fraction: fraction, libelle: "DAILY BONUS")
            ^~~~~~~~~~~
/var/folders/sk/1y78dckn1fbdyvwtdtdy76680000gn/T/nosfy-session-commit-s4q40rbr/travail/Nosfy/Services/Annonces.swift:244:13: error: cannot find 'ToasterGain' in scope
            ToasterGain(gain: n, fraction: fraction, libelle: "SILVER COINS")
            ^~~~~~~~~~~
/var/folders/sk/1y78dckn1fbdyvwtdtdy76680000gn/T/nosfy-session-commit-s4q40rbr/travail/Nosfy/Services/Annonces.swift:246:13: error: cannot find 'ToasterGain' in scope
            ToasterGain(gain: n, fraction: fraction, robe: .booster,
            ^~~~~~~~~~~

SwiftCompile normal arm64 /var/folders/sk/1y78dckn1fbdyvwtdtdy76680000gn/T/nosfy-session-commit-s4q40rbr/travail/Nosfy/Services/AppleAuth.swift (in target 'Nosfy' from project 'Nosfy')
    cd /var/folders/sk/1y78dckn1fbdyvwtdtdy76680000gn/T/nosfy-session-commit-s4q40rbr/travail
    
/var/folders/sk/1y78dckn1fbdyvwtdtdy76680000gn/T/nosfy-session-commit-s4q40rbr/travail/Nosfy/Services/AppleAuth.swift:303:74: warning: 'init()' was deprecated in iOS 26.0: Use init(windowScene:) instead.
        return fenetres.first(where: \.isKeyWindow) ?? fenetres.first ?? ASPresentationAnchor()
                                                                         ^

SwiftCompile normal arm64 /var/folders/sk/1y78dckn1fbdyvwtdtdy76680000gn/T/nosfy-session-commit-s4q40rbr/travail/Nosfy/Services/CartesQABanc.swift (in target 'Nosfy' from project 'Nosfy')
    cd /var/folders/sk/1y78dckn1fbdyvwtdtdy76680000gn/T/nosfy-session-commit-s4q40rbr/travail
    

SwiftCompile normal arm64 /var/folders/sk/1y78dckn1fbdyvwtdtdy76680000gn/T/nosfy-session-commit-s4q40rbr/travail/Nosfy/Services/CartesServeur.swift (in target 'Nosfy' from project 'Nosfy')
    cd /var/folders/sk/1y78dckn1fbdyvwtdtdy76680000gn/T/nosfy-session-commit-s4q40rbr/travail
    

SwiftCompile normal arm64 /var/folders/sk/1y78dckn1fbdyvwtdtdy76680000gn/T/nosfy-session-commit-s4q40rbr/travail/Nosfy/Services/ChambreServeur.swift (in target 'Nosfy' from project 'Nosfy')
    cd /var/folders/sk/1y78dckn1fbdyvwtdtdy76680000gn/T/nosfy-session-commit-s4q40rbr/travail
    

SwiftCompile normal arm64 /var/folders/sk/1y78dckn1fbdyvwtdtdy76680000gn/T/nosfy-session-commit-s4q40rbr/travail/Nosfy/Services/CoachServeur.swift (in target 'Nosfy' from project 'Nosfy')
    cd /var/folders/sk/1y78dckn1fbdyvwtdtdy76680000gn/T/nosfy-session-commit-s4q40rbr/travail
    

SwiftCompile normal arm64 /var/folders/sk/1y78dckn1fbdyvwtdtdy76680000gn/T/nosfy-session-commit-s4q40rbr/travail/Nosfy/Services/Compte.swift (in target 'Nosfy' from project 'Nosfy')
    cd /var/folders/sk/1y78dckn1fbdyvwtdtdy76680000gn/T/nosfy-session-commit-s4q40rbr/travail
    

SwiftCompile normal arm64 /var/folders/sk/1y78dckn1fbdyvwtdtdy76680000gn/T/nosfy-session-commit-s4q40rbr/travail/Nosfy/Services/EconomieNosfy.swift (in target 'Nosfy' from project 'Nosfy')
    cd /var/folders/sk/1y78dckn1fbdyvwtdtdy76680000gn/T/nosfy-session-commit-s4q40rbr/travail
    

SwiftCompile normal arm64 /var/folders/sk/1y78dckn1fbdyvwtdtdy76680000gn/T/nosfy-session-commit-s4q40rbr/travail/Nosfy/Services/ErreurNosfy.swift (in target 'Nosfy' from project 'Nosfy')
    cd /var/folders/sk/1y78dckn1fbdyvwtdtdy76680000gn/T/nosfy-session-commit-s4q40rbr/travail
    

SwiftCompile normal arm64 Compiling\ HomeAuroraView.swift,\ HomeNuit.swift,\ HomeView.swift,\ JewelTabBar.swift,\ LaunchPebble.swift,\ LensParticles.swift,\ LiquidLensLab.swift,\ LisereCoreAnimation.swift,\ LisereImages.swift,\ LisereRespirant.swift,\ LiveExerciseView.swift,\ LivingNebulaBackground.swift,\ LoginLab.swift,\ LogoLab.swift,\ LuneDeSang.swift,\ MenuCouronne.swift,\ MenuNappe.swift,\ MoonCoinLab.swift,\ MoonSplash.swift,\ NavDiagnostic.swift /var/folders/sk/1y78dckn1fbdyvwtdtdy76680000gn/T/nosfy-session-commit-s4q40rbr/travail/Nosfy/Views/HomeAuroraView.swift /var/folders/sk/1y78dckn1fbdyvwtdtdy76680000gn/T/nosfy-session-commit-s4q40rbr/travail/Nosfy/Views/HomeNuit.swift /var/folders/sk/1y78dckn1fbdyvwtdtdy76680000gn/T/nosfy-session-commit-s4q40rbr/travail/Nosfy/Views/HomeView.swift /var/folders/sk/1y78dckn1fbdyvwtdtdy76680000gn/T/nosfy-session-commit-s4q40rbr/travail/Nosfy/Views/JewelTabBar.swift /var/folders/sk/1y78dckn1fbdyvwtdtdy76680000gn/T/nosfy-session-commit-s4q40rbr/travail/Nosfy/Views/LaunchPebble.swift /var/folders/sk/1y78dckn1fbdyvwtdtdy76680000gn/T/nosfy-session-commit-s4q40rbr/travail/Nosfy/Views/LensParticles.swift /var/folders/sk/1y78dckn1fbdyvwtdtdy76680000gn/T/nosfy-session-commit-s4q40rbr/travail/Nosfy/Views/LiquidLensLab.swift /var/folders/sk/1y78dckn1fbdyvwtdtdy76680000gn/T/nosfy-session-commit-s4q40rbr/travail/Nosfy/Views/LisereCoreAnimation.swift /var/folders/sk/1y78dckn1fbdyvwtdtdy76680000gn/T/nosfy-session-commit-s4q40rbr/travail/Nosfy/Views/LisereImages.swift /var/folders/sk/1y78dckn1fbdyvwtdtdy76680000gn/T/nosfy-session-commit-s4q40rbr/travail/Nosfy/Views/LisereRespirant.swift /var/folders/sk/1y78dckn1fbdyvwtdtdy76680000gn/T/nosfy-session-commit-s4q40rbr/travail/Nosfy/Views/LiveExerciseView.swift /var/folders/sk/1y78dckn1fbdyvwtdtdy76680000gn/T/nosfy-session-commit-s4q40rbr/travail/Nosfy/Views/LivingNebulaBackground.swift /var/folders/sk/1y78dckn1fbdyvwtdtdy76680000gn/T/nosfy-session-commit-s4q40rbr/travail/Nosfy/Views/LoginLab.swift /var/folders/sk/1y78dckn1fbdyvwtdtdy76680000gn/T/nosfy-session-commit-s4q40rbr/travail/Nosfy/Views/LogoLab.swift /var/folders/sk/1y78dckn1fbdyvwtdtdy76680000gn/T/nosfy-session-commit-s4q40rbr/travail/Nosfy/Views/LuneDeSang.swift /var/folders/sk/1y78dckn1fbdyvwtdtdy76680000gn/T/nosfy-session-commit-s4q40rbr/travail/Nosfy/Views/MenuCouronne.swift /var/folders/sk/1y78dckn1fbdyvwtdtdy76680000gn/T/nosfy-session-commit-s4q40rbr/travail/Nosfy/Views/MenuNappe.swift /var/folders/sk/1y78dckn1fbdyvwtdtdy76680000gn/T/nosfy-session-commit-s4q40rbr/travail/Nosfy/Views/MoonCoinLab.swift /var/folders/sk/1y78dckn1fbdyvwtdtdy76680000gn/T/nosfy-session-commit-s4q40rbr/travail/Nosfy/Views/MoonSplash.swift /var/folders/sk/1y78dckn1fbdyvwtdtdy76680000gn/T/nosfy-session-commit-s4q40rbr/travail/Nosfy/Views/NavDiagnostic.swift (in target 'Nosfy' from project 'Nosfy')

SwiftCompile normal arm64 /var/folders/sk/1y78dckn1fbdyvwtdtdy76680000gn/T/nosfy-session-commit-s4q40rbr/travail/Nosfy/Views/HomeAuroraView.swift (in target 'Nosfy' from project 'Nosfy')
    cd /var/folders/sk/1y78dckn1fbdyvwtdtdy76680000gn/T/nosfy-session-commit-s4q40rbr/travail
    

SwiftCompile normal arm64 /var/folders/sk/1y78dckn1fbdyvwtdtdy76680000gn/T/nosfy-session-commit-s4q40rbr/travail/Nosfy/Views/HomeNuit.swift (in target 'Nosfy' from project 'Nosfy')
    cd /var/folders/sk/1y78dckn1fbdyvwtdtdy76680000gn/T/nosfy-session-commit-s4q40rbr/travail
    

SwiftCompile normal arm64 /var/folders/sk/1y78dckn1fbdyvwtdtdy76680000gn/T/nosfy-session-commit-s4q40rbr/travail/Nosfy/Views/HomeView.swift (in target 'Nosfy' from project 'Nosfy')
    cd /var/folders/sk/1y78dckn1fbdyvwtdtdy76680000gn/T/nosfy-session-commit-s4q40rbr/travail
    

SwiftCompile normal arm64 /var/folders/sk/1y78dckn1fbdyvwtdtdy76680000gn/T/nosfy-session-commit-s4q40rbr/travail/Nosfy/Views/JewelTabBar.swift (in target 'Nosfy' from project 'Nosfy')
    cd /var/folders/sk/1y78dckn1fbdyvwtdtdy76680000gn/T/nosfy-session-commit-s4q40rbr/travail
    

SwiftCompile normal arm64 /var/folders/sk/1y78dckn1fbdyvwtdtdy76680000gn/T/nosfy-session-commit-s4q40rbr/travail/Nosfy/Views/LaunchPebble.swift (in target 'Nosfy' from project 'Nosfy')
    cd /var/folders/sk/1y78dckn1fbdyvwtdtdy76680000gn/T/nosfy-session-commit-s4q40rbr/travail
    

SwiftCompile normal arm64 /var/folders/sk/1y78dckn1fbdyvwtdtdy76680000gn/T/nosfy-session-commit-s4q40rbr/travail/Nosfy/Views/LensParticles.swift (in target 'Nosfy' from project 'Nosfy')
    cd /var/folders/sk/1y78dckn1fbdyvwtdtdy76680000gn/T/nosfy-session-commit-s4q40rbr/travail
    

SwiftCompile normal arm64 /var/folders/sk/1y78dckn1fbdyvwtdtdy76680000gn/T/nosfy-session-commit-s4q40rbr/travail/Nosfy/Views/LiquidLensLab.swift (in target 'Nosfy' from project 'Nosfy')
    cd /var/folders/sk/1y78dckn1fbdyvwtdtdy76680000gn/T/nosfy-session-commit-s4q40rbr/travail
    

SwiftCompile normal arm64 /var/folders/sk/1y78dckn1fbdyvwtdtdy76680000gn/T/nosfy-session-commit-s4q40rbr/travail/Nosfy/Views/LisereCoreAnimation.swift (in target 'Nosfy' from project 'Nosfy')
    cd /var/folders/sk/1y78dckn1fbdyvwtdtdy76680000gn/T/nosfy-session-commit-s4q40rbr/travail
    

SwiftCompile normal arm64 /var/folders/sk/1y78dckn1fbdyvwtdtdy76680000gn/T/nosfy-session-commit-s4q40rbr/travail/Nosfy/Views/LisereImages.swift (in target 'Nosfy' from project 'Nosfy')
    cd /var/folders/sk/1y78dckn1fbdyvwtdtdy76680000gn/T/nosfy-session-commit-s4q40rbr/travail
    

SwiftCompile normal arm64 /var/folders/sk/1y78dckn1fbdyvwtdtdy76680000gn/T/nosfy-session-commit-s4q40rbr/travail/Nosfy/Views/LisereRespirant.swift (in target 'Nosfy' from project 'Nosfy')
    cd /var/folders/sk/1y78dckn1fbdyvwtdtdy76680000gn/T/nosfy-session-commit-s4q40rbr/travail
    

SwiftCompile normal arm64 /var/folders/sk/1y78dckn1fbdyvwtdtdy76680000gn/T/nosfy-session-commit-s4q40rbr/travail/Nosfy/Views/LiveExerciseView.swift (in target 'Nosfy' from project 'Nosfy')
    cd /var/folders/sk/1y78dckn1fbdyvwtdtdy76680000gn/T/nosfy-session-commit-s4q40rbr/travail
    

SwiftCompile normal arm64 /var/folders/sk/1y78dckn1fbdyvwtdtdy76680000gn/T/nosfy-session-commit-s4q40rbr/travail/Nosfy/Views/LivingNebulaBackground.swift (in target 'Nosfy' from project 'Nosfy')
    cd /var/folders/sk/1y78dckn1fbdyvwtdtdy76680000gn/T/nosfy-session-commit-s4q40rbr/travail
    

SwiftCompile normal arm64 /var/folders/sk/1y78dckn1fbdyvwtdtdy76680000gn/T/nosfy-session-commit-s4q40rbr/travail/Nosfy/Views/LoginLab.swift (in target 'Nosfy' from project 'Nosfy')
    cd /var/folders/sk/1y78dckn1fbdyvwtdtdy76680000gn/T/nosfy-session-commit-s4q40rbr/travail
    

SwiftCompile normal arm64 /var/folders/sk/1y78dckn1fbdyvwtdtdy76680000gn/T/nosfy-session-commit-s4q40rbr/travail/Nosfy/Views/LogoLab.swift (in target 'Nosfy' from project 'Nosfy')
    cd /var/folders/sk/1y78dckn1fbdyvwtdtdy76680000gn/T/nosfy-session-commit-s4q40rbr/travail
    

SwiftCompile normal arm64 /var/folders/sk/1y78dckn1fbdyvwtdtdy76680000gn/T/nosfy-session-commit-s4q40rbr/travail/Nosfy/Views/LuneDeSang.swift (in target 'Nosfy' from project 'Nosfy')
    cd /var/folders/sk/1y78dckn1fbdyvwtdtdy76680000gn/T/nosfy-session-commit-s4q40rbr/travail
    

SwiftCompile normal arm64 /var/folders/sk/1y78dckn1fbdyvwtdtdy76680000gn/T/nosfy-session-commit-s4q40rbr/travail/Nosfy/Views/MenuCouronne.swift (in target 'Nosfy' from project 'Nosfy')
    cd /var/folders/sk/1y78dckn1fbdyvwtdtdy76680000gn/T/nosfy-session-commit-s4q40rbr/travail
    

SwiftCompile normal arm64 /var/folders/sk/1y78dckn1fbdyvwtdtdy76680000gn/T/nosfy-session-commit-s4q40rbr/travail/Nosfy/Views/MenuNappe.swift (in target 'Nosfy' from project 'Nosfy')
    cd /var/folders/sk/1y78dckn1fbdyvwtdtdy76680000gn/T/nosfy-session-commit-s4q40rbr/travail
    

SwiftCompile normal arm64 /var/folders/sk/1y78dckn1fbdyvwtdtdy76680000gn/T/nosfy-session-commit-s4q40rbr/travail/Nosfy/Views/MoonCoinLab.swift (in target 'Nosfy' from project 'Nosfy')
    cd /var/folders/sk/1y78dckn1fbdyvwtdtdy76680000gn/T/nosfy-session-commit-s4q40rbr/travail
    

SwiftCompile normal arm64 /var/folders/sk/1y78dckn1fbdyvwtdtdy76680000gn/T/nosfy-session-commit-s4q40rbr/travail/Nosfy/Views/MoonSplash.swift (in target 'Nosfy' from project 'Nosfy')
    cd /var/folders/sk/1y78dckn1fbdyvwtdtdy76680000gn/T/nosfy-session-commit-s4q40rbr/travail
    

SwiftCompile normal arm64 /var/folders/sk/1y78dckn1fbdyvwtdtdy76680000gn/T/nosfy-session-commit-s4q40rbr/travail/Nosfy/Views/NavDiagnostic.swift (in target 'Nosfy' from project 'Nosfy')
    cd /var/folders/sk/1y78dckn1fbdyvwtdtdy76680000gn/T/nosfy-session-commit-s4q40rbr/travail
    

SwiftCompile normal arm64 Compiling\ EmberFlameLab.swift,\ ExerciseDetailView.swift,\ ExerciseEditor.swift,\ ExercisePhoto.swift,\ ExerciseSetupCard.swift,\ ExercisesView.swift,\ ExosFond.swift,\ FilmDepartSeance.swift,\ FlameLab.swift,\ FlammeJauge.swift,\ FlammeJaugeLab.swift,\ FondVideoMetal.swift,\ Foyer.swift,\ FumeeInviteMetal.swift,\ GaletEtape.swift,\ GaletLab.swift,\ GaletSlide.swift,\ HaloDawnLab.swift,\ HarmonieLab.swift,\ HistoriqueStories.swift /var/folders/sk/1y78dckn1fbdyvwtdtdy76680000gn/T/nosfy-session-commit-s4q40rbr/travail/Nosfy/Views/EmberFlameLab.swift /var/folders/sk/1y78dckn1fbdyvwtdtdy76680000gn/T/nosfy-session-commit-s4q40rbr/travail/Nosfy/Views/ExerciseDetailView.swift /var/folders/sk/1y78dckn1fbdyvwtdtdy76680000gn/T/nosfy-session-commit-s4q40rbr/travail/Nosfy/Views/ExerciseEditor.swift /var/folders/sk/1y78dckn1fbdyvwtdtdy76680000gn/T/nosfy-session-commit-s4q40rbr/travail/Nosfy/Views/ExercisePhoto.swift /var/folders/sk/1y78dckn1fbdyvwtdtdy76680000gn/T/nosfy-session-commit-s4q40rbr/travail/Nosfy/Views/ExerciseSetupCard.swift /var/folders/sk/1y78dckn1fbdyvwtdtdy76680000gn/T/nosfy-session-commit-s4q40rbr/travail/Nosfy/Views/ExercisesView.swift /var/folders/sk/1y78dckn1fbdyvwtdtdy76680000gn/T/nosfy-session-commit-s4q40rbr/travail/Nosfy/Views/ExosFond.swift /var/folders/sk/1y78dckn1fbdyvwtdtdy76680000gn/T/nosfy-session-commit-s4q40rbr/travail/Nosfy/Views/FilmDepartSeance.swift /var/folders/sk/1y78dckn1fbdyvwtdtdy76680000gn/T/nosfy-session-commit-s4q40rbr/travail/Nosfy/Views/FlameLab.swift /var/folders/sk/1y78dckn1fbdyvwtdtdy76680000gn/T/nosfy-session-commit-s4q40rbr/travail/Nosfy/Views/FlammeJauge.swift /var/folders/sk/1y78dckn1fbdyvwtdtdy76680000gn/T/nosfy-session-commit-s4q40rbr/travail/Nosfy/Views/FlammeJaugeLab.swift /var/folders/sk/1y78dckn1fbdyvwtdtdy76680000gn/T/nosfy-session-commit-s4q40rbr/travail/Nosfy/Views/FondVideoMetal.swift /var/folders/sk/1y78dckn1fbdyvwtdtdy76680000gn/T/nosfy-session-commit-s4q40rbr/travail/Nosfy/Views/Foyer.swift /var/folders/sk/1y78dckn1fbdyvwtdtdy76680000gn/T/nosfy-session-commit-s4q40rbr/travail/Nosfy/Views/FumeeInviteMetal.swift /var/folders/sk/1y78dckn1fbdyvwtdtdy76680000gn/T/nosfy-session-commit-s4q40rbr/travail/Nosfy/Views/GaletEtape.swift /var/folders/sk/1y78dckn1fbdyvwtdtdy76680000gn/T/nosfy-session-commit-s4q40rbr/travail/Nosfy/Views/GaletLab.swift /var/folders/sk/1y78dckn1fbdyvwtdtdy76680000gn/T/nosfy-session-commit-s4q40rbr/travail/Nosfy/Views/GaletSlide.swift /var/folders/sk/1y78dckn1fbdyvwtdtdy76680000gn/T/nosfy-session-commit-s4q40rbr/travail/Nosfy/Views/HaloDawnLab.swift /var/folders/sk/1y78dckn1fbdyvwtdtdy76680000gn/T/nosfy-session-commit-s4q40rbr/travail/Nosfy/Views/HarmonieLab.swift /var/folders/sk/1y78dckn1fbdyvwtdtdy76680000gn/T/nosfy-session-commit-s4q40rbr/travail/Nosfy/Views/HistoriqueStories.swift (in target 'Nosfy' from project 'Nosfy')
SwiftCompile normal arm64 /var/folders/sk/1y78dckn1fbdyvwtdtdy76680000gn/T/nosfy-session-commit-s4q40rbr/travail/Nosfy/Views/EmberFlameLab.swift (in target 'Nosfy' from project 'Nosfy')
    cd /var/folders/sk/1y78dckn1fbdyvwtdtdy76680000gn/T/nosfy-session-commit-s4q40rbr/travail
    

SwiftCompile normal arm64 /var/folders/sk/1y78dckn1fbdyvwtdtdy76680000gn/T/nosfy-session-commit-s4q40rbr/travail/Nosfy/Views/ExerciseDetailView.swift (in target 'Nosfy' from project 'Nosfy')
    cd /var/folders/sk/1y78dckn1fbdyvwtdtdy76680000gn/T/nosfy-session-commit-s4q40rbr/travail
    

SwiftCompile normal arm64 /var/folders/sk/1y78dckn1fbdyvwtdtdy76680000gn/T/nosfy-session-commit-s4q40rbr/travail/Nosfy/Views/ExerciseEditor.swift (in target 'Nosfy' from project 'Nosfy')
    cd /var/folders/sk/1y78dckn1fbdyvwtdtdy76680000gn/T/nosfy-session-commit-s4q40rbr/travail
    

SwiftCompile normal arm64 /var/folders/sk/1y78dckn1fbdyvwtdtdy76680000gn/T/nosfy-session-commit-s4q40rbr/travail/Nosfy/Views/ExercisePhoto.swift (in target 'Nosfy' from project 'Nosfy')
    cd /var/folders/sk/1y78dckn1fbdyvwtdtdy76680000gn/T/nosfy-session-commit-s4q40rbr/travail
    

SwiftCompile normal arm64 /var/folders/sk/1y78dckn1fbdyvwtdtdy76680000gn/T/nosfy-session-commit-s4q40rbr/travail/Nosfy/Views/ExerciseSetupCard.swift (in target 'Nosfy' from project 'Nosfy')
    cd /var/folders/sk/1y78dckn1fbdyvwtdtdy76680000gn/T/nosfy-session-commit-s4q40rbr/travail
    

SwiftCompile normal arm64 /var/folders/sk/1y78dckn1fbdyvwtdtdy76680000gn/T/nosfy-session-commit-s4q40rbr/travail/Nosfy/Views/ExercisesView.swift (in target 'Nosfy' from project 'Nosfy')
    cd /var/folders/sk/1y78dckn1fbdyvwtdtdy76680000gn/T/nosfy-session-commit-s4q40rbr/travail
    

SwiftCompile normal arm64 /var/folders/sk/1y78dckn1fbdyvwtdtdy76680000gn/T/nosfy-session-commit-s4q40rbr/travail/Nosfy/Views/ExosFond.swift (in target 'Nosfy' from project 'Nosfy')
    cd /var/folders/sk/1y78dckn1fbdyvwtdtdy76680000gn/T/nosfy-session-commit-s4q40rbr/travail
    

SwiftCompile normal arm64 /var/folders/sk/1y78dckn1fbdyvwtdtdy76680000gn/T/nosfy-session-commit-s4q40rbr/travail/Nosfy/Views/FilmDepartSeance.swift (in target 'Nosfy' from project 'Nosfy')
    cd /var/folders/sk/1y78dckn1fbdyvwtdtdy76680000gn/T/nosfy-session-commit-s4q40rbr/travail
    

SwiftCompile normal arm64 /var/folders/sk/1y78dckn1fbdyvwtdtdy76680000gn/T/nosfy-session-commit-s4q40rbr/travail/Nosfy/Views/FlameLab.swift (in target 'Nosfy' from project 'Nosfy')
    cd /var/folders/sk/1y78dckn1fbdyvwtdtdy76680000gn/T/nosfy-session-commit-s4q40rbr/travail
    

SwiftCompile normal arm64 /var/folders/sk/1y78dckn1fbdyvwtdtdy76680000gn/T/nosfy-session-commit-s4q40rbr/travail/Nosfy/Views/FlammeJauge.swift (in target 'Nosfy' from project 'Nosfy')
    cd /var/folders/sk/1y78dckn1fbdyvwtdtdy76680000gn/T/nosfy-session-commit-s4q40rbr/travail
    

SwiftCompile normal arm64 /var/folders/sk/1y78dckn1fbdyvwtdtdy76680000gn/T/nosfy-session-commit-s4q40rbr/travail/Nosfy/Views/FlammeJaugeLab.swift (in target 'Nosfy' from project 'Nosfy')
    cd /var/folders/sk/1y78dckn1fbdyvwtdtdy76680000gn/T/nosfy-session-commit-s4q40rbr/travail
    

SwiftCompile normal arm64 /var/folders/sk/1y78dckn1fbdyvwtdtdy76680000gn/T/nosfy-session-commit-s4q40rbr/travail/Nosfy/Views/FondVideoMetal.swift (in target 'Nosfy' from project 'Nosfy')
    cd /var/folders/sk/1y78dckn1fbdyvwtdtdy76680000gn/T/nosfy-session-commit-s4q40rbr/travail
    

SwiftCompile normal arm64 /var/folders/sk/1y78dckn1fbdyvwtdtdy76680000gn/T/nosfy-session-commit-s4q40rbr/travail/Nosfy/Views/Foyer.swift (in target 'Nosfy' from project 'Nosfy')
    cd /var/folders/sk/1y78dckn1fbdyvwtdtdy76680000gn/T/nosfy-session-commit-s4q40rbr/travail
    

SwiftCompile normal arm64 /var/folders/sk/1y78dckn1fbdyvwtdtdy76680000gn/T/nosfy-session-commit-s4q40rbr/travail/Nosfy/Views/FumeeInviteMetal.swift (in target 'Nosfy' from project 'Nosfy')
    cd /var/folders/sk/1y78dckn1fbdyvwtdtdy76680000gn/T/nosfy-session-commit-s4q40rbr/travail
    

SwiftCompile normal arm64 /var/folders/sk/1y78dckn1fbdyvwtdtdy76680000gn/T/nosfy-session-commit-s4q40rbr/travail/Nosfy/Views/GaletEtape.swift (in target 'Nosfy' from project 'Nosfy')
    cd /var/folders/sk/1y78dckn1fbdyvwtdtdy76680000gn/T/nosfy-session-commit-s4q40rbr/travail
    

SwiftCompile normal arm64 /var/folders/sk/1y78dckn1fbdyvwtdtdy76680000gn/T/nosfy-session-commit-s4q40rbr/travail/Nosfy/Views/GaletLab.swift (in target 'Nosfy' from project 'Nosfy')
    cd /var/folders/sk/1y78dckn1fbdyvwtdtdy76680000gn/T/nosfy-session-commit-s4q40rbr/travail
    

SwiftCompile normal arm64 /var/folders/sk/1y78dckn1fbdyvwtdtdy76680000gn/T/nosfy-session-commit-s4q40rbr/travail/Nosfy/Views/GaletSlide.swift (in target 'Nosfy' from project 'Nosfy')
    cd /var/folders/sk/1y78dckn1fbdyvwtdtdy76680000gn/T/nosfy-session-commit-s4q40rbr/travail
    

SwiftCompile normal arm64 /var/folders/sk/1y78dckn1fbdyvwtdtdy76680000gn/T/nosfy-session-commit-s4q40rbr/travail/Nosfy/Views/HaloDawnLab.swift (in target 'Nosfy' from project 'Nosfy')
    cd /var/folders/sk/1y78dckn1fbdyvwtdtdy76680000gn/T/nosfy-session-commit-s4q40rbr/travail
    

SwiftCompile normal arm64 /var/folders/sk/1y78dckn1fbdyvwtdtdy76680000gn/T/nosfy-session-commit-s4q40rbr/travail/Nosfy/Views/HarmonieLab.swift (in target 'Nosfy' from project 'Nosfy')
    cd /var/folders/sk/1y78dckn1fbdyvwtdtdy76680000gn/T/nosfy-session-commit-s4q40rbr/travail
    

SwiftCompile normal arm64 /var/folders/sk/1y78dckn1fbdyvwtdtdy76680000gn/T/nosfy-session-commit-s4q40rbr/travail/Nosfy/Views/HistoriqueStories.swift (in target 'Nosfy' from project 'Nosfy')
    cd /var/folders/sk/1y78dckn1fbdyvwtdtdy76680000gn/T/nosfy-session-commit-s4q40rbr/travail
    

SwiftEmitModule normal arm64 Emitting\ module\ for\ Woop (in target 'Nosfy' from project 'Nosfy')

EmitSwiftModule normal arm64 (in target 'Nosfy' from project 'Nosfy')
    cd /var/folders/sk/1y78dckn1fbdyvwtdtdy76680000gn/T/nosfy-session-commit-s4q40rbr/travail
    

SwiftCompile normal arm64 Compiling\ PorteEntree.swift,\ PremiereArrivee.swift,\ ProfilLune.swift,\ ProgressionView.swift,\ ProgressPage.swift,\ RecentWorkoutCard.swift,\ RestartSheet.swift,\ RewardCard.swift,\ RewardChemin.swift,\ RewardCheminCard.swift,\ RewardCheminVariants.swift,\ RewardLab.swift,\ RythmeEcran.swift,\ SacreAccueil.swift,\ SessionSlate.swift,\ SetEntrySheet.swift,\ SetHistoryRow.swift,\ SliderLab.swift,\ SliderObsidienne.swift,\ SondeCadence.swift /var/folders/sk/1y78dckn1fbdyvwtdtdy76680000gn/T/nosfy-session-commit-s4q40rbr/travail/Nosfy/Views/PorteEntree.swift /var/folders/sk/1y78dckn1fbdyvwtdtdy76680000gn/T/nosfy-session-commit-s4q40rbr/travail/Nosfy/Views/PremiereArrivee.swift /var/folders/sk/1y78dckn1fbdyvwtdtdy76680000gn/T/nosfy-session-commit-s4q40rbr/travail/Nosfy/Views/ProfilLune.swift /var/folders/sk/1y78dckn1fbdyvwtdtdy76680000gn/T/nosfy-session-commit-s4q40rbr/travail/Nosfy/Views/ProgressionView.swift /var/folders/sk/1y78dckn1fbdyvwtdtdy76680000gn/T/nosfy-session-commit-s4q40rbr/travail/Nosfy/Views/ProgressPage.swift /var/folders/sk/1y78dckn1fbdyvwtdtdy76680000gn/T/nosfy-session-commit-s4q40rbr/travail/Nosfy/Views/RecentWorkoutCard.swift /var/folders/sk/1y78dckn1fbdyvwtdtdy76680000gn/T/nosfy-session-commit-s4q40rbr/travail/Nosfy/Views/RestartSheet.swift /var/folders/sk/1y78dckn1fbdyvwtdtdy76680000gn/T/nosfy-session-commit-s4q40rbr/travail/Nosfy/Views/RewardCard.swift /var/folders/sk/1y78dckn1fbdyvwtdtdy76680000gn/T/nosfy-session-commit-s4q40rbr/travail/Nosfy/Views/RewardChemin.swift /var/folders/sk/1y78dckn1fbdyvwtdtdy76680000gn/T/nosfy-session-commit-s4q40rbr/travail/Nosfy/Views/RewardCheminCard.swift /var/folders/sk/1y78dckn1fbdyvwtdtdy76680000gn/T/nosfy-session-commit-s4q40rbr/travail/Nosfy/Views/RewardCheminVariants.swift /var/folders/sk/1y78dckn1fbdyvwtdtdy76680000gn/T/nosfy-session-commit-s4q40rbr/travail/Nosfy/Views/RewardLab.swift /var/folders/sk/1y78dckn1fbdyvwtdtdy76680000gn/T/nosfy-session-commit-s4q40rbr/travail/Nosfy/Views/RythmeEcran.swift /var/folders/sk/1y78dckn1fbdyvwtdtdy76680000gn/T/nosfy-session-commit-s4q40rbr/travail/Nosfy/Views/SacreAccueil.swift /var/folders/sk/1y78dckn1fbdyvwtdtdy76680000gn/T/nosfy-session-commit-s4q40rbr/travail/Nosfy/Views/SessionSlate.swift /var/folders/sk/1y78dckn1fbdyvwtdtdy76680000gn/T/nosfy-session-commit-s4q40rbr/travail/Nosfy/Views/SetEntrySheet.swift /var/folders/sk/1y78dckn1fbdyvwtdtdy76680000gn/T/nosfy-session-commit-s4q40rbr/travail/Nosfy/Views/SetHistoryRow.swift /var/folders/sk/1y78dckn1fbdyvwtdtdy76680000gn/T/nosfy-session-commit-s4q40rbr/travail/Nosfy/Views/SliderLab.swift /var/folders/sk/1y78dckn1fbdyvwtdtdy76680000gn/T/nosfy-session-commit-s4q40rbr/travail/Nosfy/Views/SliderObsidienne.swift /var/folders/sk/1y78dckn1fbdyvwtdtdy76680000gn/T/nosfy-session-commit-s4q40rbr/travail/Nosfy/Views/SondeCadence.swift (in target 'Nosfy' from project 'Nosfy')

SwiftCompile normal arm64 /var/folders/sk/1y78dckn1fbdyvwtdtdy76680000gn/T/nosfy-session-commit-s4q40rbr/travail/Nosfy/Views/PorteEntree.swift (in target 'Nosfy' from project 'Nosfy')
    cd /var/folders/sk/1y78dckn1fbdyvwtdtdy76680000gn/T/nosfy-session-commit-s4q40rbr/travail
    

SwiftCompile normal arm64 /var/folders/sk/1y78dckn1fbdyvwtdtdy76680000gn/T/nosfy-session-commit-s4q40rbr/travail/Nosfy/Views/PremiereArrivee.swift (in target 'Nosfy' from project 'Nosfy')
    cd /var/folders/sk/1y78dckn1fbdyvwtdtdy76680000gn/T/nosfy-session-commit-s4q40rbr/travail
    

SwiftCompile normal arm64 /var/folders/sk/1y78dckn1fbdyvwtdtdy76680000gn/T/nosfy-session-commit-s4q40rbr/travail/Nosfy/Views/ProfilLune.swift (in target 'Nosfy' from project 'Nosfy')
    cd /var/folders/sk/1y78dckn1fbdyvwtdtdy76680000gn/T/nosfy-session-commit-s4q40rbr/travail
    

SwiftCompile normal arm64 /var/folders/sk/1y78dckn1fbdyvwtdtdy76680000gn/T/nosfy-session-commit-s4q40rbr/travail/Nosfy/Views/ProgressionView.swift (in target 'Nosfy' from project 'Nosfy')
    cd /var/folders/sk/1y78dckn1fbdyvwtdtdy76680000gn/T/nosfy-session-commit-s4q40rbr/travail
    

SwiftCompile normal arm64 /var/folders/sk/1y78dckn1fbdyvwtdtdy76680000gn/T/nosfy-session-commit-s4q40rbr/travail/Nosfy/Views/ProgressPage.swift (in target 'Nosfy' from project 'Nosfy')
    cd /var/folders/sk/1y78dckn1fbdyvwtdtdy76680000gn/T/nosfy-session-commit-s4q40rbr/travail
    

SwiftCompile normal arm64 /var/folders/sk/1y78dckn1fbdyvwtdtdy76680000gn/T/nosfy-session-commit-s4q40rbr/travail/Nosfy/Views/RecentWorkoutCard.swift (in target 'Nosfy' from project 'Nosfy')
    cd /var/folders/sk/1y78dckn1fbdyvwtdtdy76680000gn/T/nosfy-session-commit-s4q40rbr/travail
    

SwiftCompile normal arm64 /var/folders/sk/1y78dckn1fbdyvwtdtdy76680000gn/T/nosfy-session-commit-s4q40rbr/travail/Nosfy/Views/RestartSheet.swift (in target 'Nosfy' from project 'Nosfy')
    cd /var/folders/sk/1y78dckn1fbdyvwtdtdy76680000gn/T/nosfy-session-commit-s4q40rbr/travail
    

SwiftCompile normal arm64 /var/folders/sk/1y78dckn1fbdyvwtdtdy76680000gn/T/nosfy-session-commit-s4q40rbr/travail/Nosfy/Views/RewardCard.swift (in target 'Nosfy' from project 'Nosfy')
    cd /var/folders/sk/1y78dckn1fbdyvwtdtdy76680000gn/T/nosfy-session-commit-s4q40rbr/travail
    

SwiftCompile normal arm64 /var/folders/sk/1y78dckn1fbdyvwtdtdy76680000gn/T/nosfy-session-commit-s4q40rbr/travail/Nosfy/Views/RewardChemin.swift (in target 'Nosfy' from project 'Nosfy')
    cd /var/folders/sk/1y78dckn1fbdyvwtdtdy76680000gn/T/nosfy-session-commit-s4q40rbr/travail
    

SwiftCompile normal arm64 /var/folders/sk/1y78dckn1fbdyvwtdtdy76680000gn/T/nosfy-session-commit-s4q40rbr/travail/Nosfy/Views/RewardCheminCard.swift (in target 'Nosfy' from project 'Nosfy')
    cd /var/folders/sk/1y78dckn1fbdyvwtdtdy76680000gn/T/nosfy-session-commit-s4q40rbr/travail
    

SwiftCompile normal arm64 /var/folders/sk/1y78dckn1fbdyvwtdtdy76680000gn/T/nosfy-session-commit-s4q40rbr/travail/Nosfy/Views/RewardCheminVariants.swift (in target 'Nosfy' from project 'Nosfy')
    cd /var/folders/sk/1y78dckn1fbdyvwtdtdy76680000gn/T/nosfy-session-commit-s4q40rbr/travail
    

SwiftCompile normal arm64 /var/folders/sk/1y78dckn1fbdyvwtdtdy76680000gn/T/nosfy-session-commit-s4q40rbr/travail/Nosfy/Views/RewardLab.swift (in target 'Nosfy' from project 'Nosfy')
    cd /var/folders/sk/1y78dckn1fbdyvwtdtdy76680000gn/T/nosfy-session-commit-s4q40rbr/travail
    

SwiftCompile normal arm64 /var/folders/sk/1y78dckn1fbdyvwtdtdy76680000gn/T/nosfy-session-commit-s4q40rbr/travail/Nosfy/Views/RythmeEcran.swift (in target 'Nosfy' from project 'Nosfy')
    cd /var/folders/sk/1y78dckn1fbdyvwtdtdy76680000gn/T/nosfy-session-commit-s4q40rbr/travail
    

SwiftCompile normal arm64 /var/folders/sk/1y78dckn1fbdyvwtdtdy76680000gn/T/nosfy-session-commit-s4q40rbr/travail/Nosfy/Views/SacreAccueil.swift (in target 'Nosfy' from project 'Nosfy')
    cd /var/folders/sk/1y78dckn1fbdyvwtdtdy76680000gn/T/nosfy-session-commit-s4q40rbr/travail
    

SwiftCompile normal arm64 /var/folders/sk/1y78dckn1fbdyvwtdtdy76680000gn/T/nosfy-session-commit-s4q40rbr/travail/Nosfy/Views/SessionSlate.swift (in target 'Nosfy' from project 'Nosfy')
    cd /var/folders/sk/1y78dckn1fbdyvwtdtdy76680000gn/T/nosfy-session-commit-s4q40rbr/travail
    

SwiftCompile normal arm64 /var/folders/sk/1y78dckn1fbdyvwtdtdy76680000gn/T/nosfy-session-commit-s4q40rbr/travail/Nosfy/Views/SetEntrySheet.swift (in target 'Nosfy' from project 'Nosfy')
    cd /var/folders/sk/1y78dckn1fbdyvwtdtdy76680000gn/T/nosfy-session-commit-s4q40rbr/travail
    

SwiftCompile normal arm64 /var/folders/sk/1y78dckn1fbdyvwtdtdy76680000gn/T/nosfy-session-commit-s4q40rbr/travail/Nosfy/Views/SetHistoryRow.swift (in target 'Nosfy' from project 'Nosfy')
    cd /var/folders/sk/1y78dckn1fbdyvwtdtdy76680000gn/T/nosfy-session-commit-s4q40rbr/travail
    

SwiftCompile normal arm64 /var/folders/sk/1y78dckn1fbdyvwtdtdy76680000gn/T/nosfy-session-commit-s4q40rbr/travail/Nosfy/Views/SliderLab.swift (in target 'Nosfy' from project 'Nosfy')
    cd /var/folders/sk/1y78dckn1fbdyvwtdtdy76680000gn/T/nosfy-session-commit-s4q40rbr/travail
    

SwiftCompile normal arm64 /var/folders/sk/1y78dckn1fbdyvwtdtdy76680000gn/T/nosfy-session-commit-s4q40rbr/travail/Nosfy/Views/SliderObsidienne.swift (in target 'Nosfy' from project 'Nosfy')
    cd /var/folders/sk/1y78dckn1fbdyvwtdtdy76680000gn/T/nosfy-session-commit-s4q40rbr/travail
    

SwiftCompile normal arm64 /var/folders/sk/1y78dckn1fbdyvwtdtdy76680000gn/T/nosfy-session-commit-s4q40rbr/travail/Nosfy/Views/SondeCadence.swift (in target 'Nosfy' from project 'Nosfy')
    cd /var/folders/sk/1y78dckn1fbdyvwtdtdy76680000gn/T/nosfy-session-commit-s4q40rbr/travail
    

SwiftCompile normal arm64 Compiling\ NavEncre.swift,\ NavLab.swift,\ NeonPrimaryButton.swift,\ NeonPrimaryLab.swift,\ NosfyOnboarding.swift,\ NotchedCard.swift,\ NotifCard.swift,\ NotifChasse.swift,\ NotifLab.swift,\ ObjectiveCard.swift,\ ObjectiveCardLab.swift,\ ObsidianCard.swift,\ ObsidianCardLab.swift,\ PageCard.swift,\ PanBande.swift,\ ParoleLigne.swift,\ PerleSemaineNative.swift,\ PiluleVagabonde.swift,\ PlayerMonde.swift,\ PorteApple.swift /var/folders/sk/1y78dckn1fbdyvwtdtdy76680000gn/T/nosfy-session-commit-s4q40rbr/travail/Nosfy/Views/NavEncre.swift /var/folders/sk/1y78dckn1fbdyvwtdtdy76680000gn/T/nosfy-session-commit-s4q40rbr/travail/Nosfy/Views/NavLab.swift /var/folders/sk/1y78dckn1fbdyvwtdtdy76680000gn/T/nosfy-session-commit-s4q40rbr/travail/Nosfy/Views/NeonPrimaryButton.swift /var/folders/sk/1y78dckn1fbdyvwtdtdy76680000gn/T/nosfy-session-commit-s4q40rbr/travail/Nosfy/Views/NeonPrimaryLab.swift /var/folders/sk/1y78dckn1fbdyvwtdtdy76680000gn/T/nosfy-session-commit-s4q40rbr/travail/Nosfy/Views/NosfyOnboarding.swift /var/folders/sk/1y78dckn1fbdyvwtdtdy76680000gn/T/nosfy-session-commit-s4q40rbr/travail/Nosfy/Views/NotchedCard.swift /var/folders/sk/1y78dckn1fbdyvwtdtdy76680000gn/T/nosfy-session-commit-s4q40rbr/travail/Nosfy/Views/NotifCard.swift /var/folders/sk/1y78dckn1fbdyvwtdtdy76680000gn/T/nosfy-session-commit-s4q40rbr/travail/Nosfy/Views/NotifChasse.swift /var/folders/sk/1y78dckn1fbdyvwtdtdy76680000gn/T/nosfy-session-commit-s4q40rbr/travail/Nosfy/Views/NotifLab.swift /var/folders/sk/1y78dckn1fbdyvwtdtdy76680000gn/T/nosfy-session-commit-s4q40rbr/travail/Nosfy/Views/ObjectiveCard.swift /var/folders/sk/1y78dckn1fbdyvwtdtdy76680000gn/T/nosfy-session-commit-s4q40rbr/travail/Nosfy/Views/ObjectiveCardLab.swift /var/folders/sk/1y78dckn1fbdyvwtdtdy76680000gn/T/nosfy-session-commit-s4q40rbr/travail/Nosfy/Views/ObsidianCard.swift /var/folders/sk/1y78dckn1fbdyvwtdtdy76680000gn/T/nosfy-session-commit-s4q40rbr/travail/Nosfy/Views/ObsidianCardLab.swift /var/folders/sk/1y78dckn1fbdyvwtdtdy76680000gn/T/nosfy-session-commit-s4q40rbr/travail/Nosfy/Views/PageCard.swift /var/folders/sk/1y78dckn1fbdyvwtdtdy76680000gn/T/nosfy-session-commit-s4q40rbr/travail/Nosfy/Views/PanBande.swift /var/folders/sk/1y78dckn1fbdyvwtdtdy76680000gn/T/nosfy-session-commit-s4q40rbr/travail/Nosfy/Views/ParoleLigne.swift /var/folders/sk/1y78dckn1fbdyvwtdtdy76680000gn/T/nosfy-session-commit-s4q40rbr/travail/Nosfy/Views/PerleSemaineNative.swift /var/folders/sk/1y78dckn1fbdyvwtdtdy76680000gn/T/nosfy-session-commit-s4q40rbr/travail/Nosfy/Views/PiluleVagabonde.swift /var/folders/sk/1y78dckn1fbdyvwtdtdy76680000gn/T/nosfy-session-commit-s4q40rbr/travail/Nosfy/Views/PlayerMonde.swift /var/folders/sk/1y78dckn1fbdyvwtdtdy76680000gn/T/nosfy-session-commit-s4q40rbr/travail/Nosfy/Views/PorteApple.swift (in target 'Nosfy' from project 'Nosfy')

SwiftCompile normal arm64 /var/folders/sk/1y78dckn1fbdyvwtdtdy76680000gn/T/nosfy-session-commit-s4q40rbr/travail/Nosfy/Views/NavEncre.swift (in target 'Nosfy' from project 'Nosfy')
    cd /var/folders/sk/1y78dckn1fbdyvwtdtdy76680000gn/T/nosfy-session-commit-s4q40rbr/travail
    

SwiftCompile normal arm64 /var/folders/sk/1y78dckn1fbdyvwtdtdy76680000gn/T/nosfy-session-commit-s4q40rbr/travail/Nosfy/Views/NavLab.swift (in target 'Nosfy' from project 'Nosfy')
    cd /var/folders/sk/1y78dckn1fbdyvwtdtdy76680000gn/T/nosfy-session-commit-s4q40rbr/travail
    

SwiftCompile normal arm64 /var/folders/sk/1y78dckn1fbdyvwtdtdy76680000gn/T/nosfy-session-commit-s4q40rbr/travail/Nosfy/Views/NeonPrimaryButton.swift (in target 'Nosfy' from project 'Nosfy')
    cd /var/folders/sk/1y78dckn1fbdyvwtdtdy76680000gn/T/nosfy-session-commit-s4q40rbr/travail
    

SwiftCompile normal arm64 /var/folders/sk/1y78dckn1fbdyvwtdtdy76680000gn/T/nosfy-session-commit-s4q40rbr/travail/Nosfy/Views/NeonPrimaryLab.swift (in target 'Nosfy' from project 'Nosfy')
    cd /var/folders/sk/1y78dckn1fbdyvwtdtdy76680000gn/T/nosfy-session-commit-s4q40rbr/travail
    

SwiftCompile normal arm64 /var/folders/sk/1y78dckn1fbdyvwtdtdy76680000gn/T/nosfy-session-commit-s4q40rbr/travail/Nosfy/Views/NosfyOnboarding.swift (in target 'Nosfy' from project 'Nosfy')
    cd /var/folders/sk/1y78dckn1fbdyvwtdtdy76680000gn/T/nosfy-session-commit-s4q40rbr/travail
    
/var/folders/sk/1y78dckn1fbdyvwtdtdy76680000gn/T/nosfy-session-commit-s4q40rbr/travail/Nosfy/Views/NosfyOnboarding.swift:501:65: warning: backward matching of the unlabeled trailing closure is deprecated; label the argument with 'onTap' to suppress this warning
                SemaineTapable(choisis: reponses.jours, en: en) { i in
                                                              ~ ^
                                                              , onTap: 
/var/folders/sk/1y78dckn1fbdyvwtdtdy76680000gn/T/nosfy-session-commit-s4q40rbr/travail/Nosfy/Views/NosfyOnboarding.swift:1868:16: note: 'init(choisis:onTap:en:)' declared here
private struct SemaineTapable: View {
               ^
/var/folders/sk/1y78dckn1fbdyvwtdtdy76680000gn/T/nosfy-session-commit-s4q40rbr/travail/Nosfy/Views/NosfyOnboarding.swift:755:23: warning: main actor-isolated property 'etape' cannot be accessed from outside of the actor; this is an error in the Swift 6 language mode
                while etape != e {
                      ^~~~~~~~~~
                      await 
/var/folders/sk/1y78dckn1fbdyvwtdtdy76680000gn/T/nosfy-session-commit-s4q40rbr/travail/Nosfy/Views/NosfyOnboarding.swift:761:24: warning: main actor-isolated property 'etape' cannot be accessed from outside of the actor; this is an error in the Swift 6 language mode
                return etape == e
                       ^~~~~~~~~~
                       await 

SwiftCompile normal arm64 /var/folders/sk/1y78dckn1fbdyvwtdtdy76680000gn/T/nosfy-session-commit-s4q40rbr/travail/Nosfy/Views/NotchedCard.swift (in target 'Nosfy' from project 'Nosfy')
    cd /var/folders/sk/1y78dckn1fbdyvwtdtdy76680000gn/T/nosfy-session-commit-s4q40rbr/travail
    

SwiftCompile normal arm64 /var/folders/sk/1y78dckn1fbdyvwtdtdy76680000gn/T/nosfy-session-commit-s4q40rbr/travail/Nosfy/Views/NotifCard.swift (in target 'Nosfy' from project 'Nosfy')
    cd /var/folders/sk/1y78dckn1fbdyvwtdtdy76680000gn/T/nosfy-session-commit-s4q40rbr/travail
    

SwiftCompile normal arm64 /var/folders/sk/1y78dckn1fbdyvwtdtdy76680000gn/T/nosfy-session-commit-s4q40rbr/travail/Nosfy/Views/NotifChasse.swift (in target 'Nosfy' from project 'Nosfy')
    cd /var/folders/sk/1y78dckn1fbdyvwtdtdy76680000gn/T/nosfy-session-commit-s4q40rbr/travail
    

SwiftCompile normal arm64 /var/folders/sk/1y78dckn1fbdyvwtdtdy76680000gn/T/nosfy-session-commit-s4q40rbr/travail/Nosfy/Views/NotifLab.swift (in target 'Nosfy' from project 'Nosfy')
    cd /var/folders/sk/1y78dckn1fbdyvwtdtdy76680000gn/T/nosfy-session-commit-s4q40rbr/travail
    

SwiftCompile normal arm64 /var/folders/sk/1y78dckn1fbdyvwtdtdy76680000gn/T/nosfy-session-commit-s4q40rbr/travail/Nosfy/Views/ObjectiveCard.swift (in target 'Nosfy' from project 'Nosfy')
    cd /var/folders/sk/1y78dckn1fbdyvwtdtdy76680000gn/T/nosfy-session-commit-s4q40rbr/travail
    

SwiftCompile normal arm64 /var/folders/sk/1y78dckn1fbdyvwtdtdy76680000gn/T/nosfy-session-commit-s4q40rbr/travail/Nosfy/Views/ObjectiveCardLab.swift (in target 'Nosfy' from project 'Nosfy')
    cd /var/folders/sk/1y78dckn1fbdyvwtdtdy76680000gn/T/nosfy-session-commit-s4q40rbr/travail
    

SwiftCompile normal arm64 /var/folders/sk/1y78dckn1fbdyvwtdtdy76680000gn/T/nosfy-session-commit-s4q40rbr/travail/Nosfy/Views/ObsidianCard.swift (in target 'Nosfy' from project 'Nosfy')
    cd /var/folders/sk/1y78dckn1fbdyvwtdtdy76680000gn/T/nosfy-session-commit-s4q40rbr/travail
    

SwiftCompile normal arm64 /var/folders/sk/1y78dckn1fbdyvwtdtdy76680000gn/T/nosfy-session-commit-s4q40rbr/travail/Nosfy/Views/ObsidianCardLab.swift (in target 'Nosfy' from project 'Nosfy')
    cd /var/folders/sk/1y78dckn1fbdyvwtdtdy76680000gn/T/nosfy-session-commit-s4q40rbr/travail
    

SwiftCompile normal arm64 /var/folders/sk/1y78dckn1fbdyvwtdtdy76680000gn/T/nosfy-session-commit-s4q40rbr/travail/Nosfy/Views/PageCard.swift (in target 'Nosfy' from project 'Nosfy')
    cd /var/folders/sk/1y78dckn1fbdyvwtdtdy76680000gn/T/nosfy-session-commit-s4q40rbr/travail
    

SwiftCompile normal arm64 /var/folders/sk/1y78dckn1fbdyvwtdtdy76680000gn/T/nosfy-session-commit-s4q40rbr/travail/Nosfy/Views/PanBande.swift (in target 'Nosfy' from project 'Nosfy')
    cd /var/folders/sk/1y78dckn1fbdyvwtdtdy76680000gn/T/nosfy-session-commit-s4q40rbr/travail
    

SwiftCompile normal arm64 /var/folders/sk/1y78dckn1fbdyvwtdtdy76680000gn/T/nosfy-session-commit-s4q40rbr/travail/Nosfy/Views/ParoleLigne.swift (in target 'Nosfy' from project 'Nosfy')
    cd /var/folders/sk/1y78dckn1fbdyvwtdtdy76680000gn/T/nosfy-session-commit-s4q40rbr/travail
    

SwiftCompile normal arm64 /var/folders/sk/1y78dckn1fbdyvwtdtdy76680000gn/T/nosfy-session-commit-s4q40rbr/travail/Nosfy/Views/PerleSemaineNative.swift (in target 'Nosfy' from project 'Nosfy')
    cd /var/folders/sk/1y78dckn1fbdyvwtdtdy76680000gn/T/nosfy-session-commit-s4q40rbr/travail
    

SwiftCompile normal arm64 /var/folders/sk/1y78dckn1fbdyvwtdtdy76680000gn/T/nosfy-session-commit-s4q40rbr/travail/Nosfy/Views/PiluleVagabonde.swift (in target 'Nosfy' from project 'Nosfy')
    cd /var/folders/sk/1y78dckn1fbdyvwtdtdy76680000gn/T/nosfy-session-commit-s4q40rbr/travail
    
/var/folders/sk/1y78dckn1fbdyvwtdtdy76680000gn/T/nosfy-session-commit-s4q40rbr/travail/Nosfy/Views/PiluleVagabonde.swift:377:25: warning: 'main' was deprecated in iOS 26.0: Use a UIScreen instance found through context instead (i.e, view.window.windowScene.screen), or for properties like UIScreen.scale with trait equivalents, use a traitCollection found through context.
        130...(UIScreen.main.bounds.height - 138)
                        ^
/var/folders/sk/1y78dckn1fbdyvwtdtdy76680000gn/T/nosfy-session-commit-s4q40rbr/travail/Nosfy/Views/PiluleVagabonde.swift:390:26: warning: 'main' was deprecated in iOS 26.0: Use a UIScreen instance found through context instead (i.e, view.window.windowScene.screen), or for properties like UIScreen.scale with trait equivalents, use a traitCollection found through context.
        let W = UIScreen.main.bounds.width
                         ^
/var/folders/sk/1y78dckn1fbdyvwtdtdy76680000gn/T/nosfy-session-commit-s4q40rbr/travail/Nosfy/Views/PiluleVagabonde.swift:443:26: warning: 'main' was deprecated in iOS 26.0: Use a UIScreen instance found through context instead (i.e, view.window.windowScene.screen), or for properties like UIScreen.scale with trait equivalents, use a traitCollection found through context.
        let W = UIScreen.main.bounds.width
                         ^
/var/folders/sk/1y78dckn1fbdyvwtdtdy76680000gn/T/nosfy-session-commit-s4q40rbr/travail/Nosfy/Views/PiluleVagabonde.swift:920:35: warning: 'main' was deprecated in iOS 26.0: Use a UIScreen instance found through context instead (i.e, view.window.windowScene.screen), or for properties like UIScreen.scale with trait equivalents, use a traitCollection found through context.
            .position(x: UIScreen.main.bounds.width / 2,
                                  ^
/var/folders/sk/1y78dckn1fbdyvwtdtdy76680000gn/T/nosfy-session-commit-s4q40rbr/travail/Nosfy/Views/PiluleVagabonde.swift:1092:31: warning: 'main' was deprecated in iOS 26.0: Use a UIScreen instance found through context instead (i.e, view.window.windowScene.screen), or for properties like UIScreen.scale with trait equivalents, use a traitCollection found through context.
        .position(x: UIScreen.main.bounds.width / 2, y: IleGeo.centreY)
                              ^
/var/folders/sk/1y78dckn1fbdyvwtdtdy76680000gn/T/nosfy-session-commit-s4q40rbr/travail/Nosfy/Views/PiluleVagabonde.swift:1181:31: warning: 'main' was deprecated in iOS 26.0: Use a UIScreen instance found through context instead (i.e, view.window.windowScene.screen), or for properties like UIScreen.scale with trait equivalents, use a traitCollection found through context.
        .position(x: UIScreen.main.bounds.width / 2,
                              ^
/var/folders/sk/1y78dckn1fbdyvwtdtdy76680000gn/T/nosfy-session-commit-s4q40rbr/travail/Nosfy/Views/PiluleVagabonde.swift:1431:36: warning: 'main' was deprecated in iOS 26.0: Use a UIScreen instance found through context instead (i.e, view.window.windowScene.screen), or for properties like UIScreen.scale with trait equivalents, use a traitCollection found through context.
            .frame(width: UIScreen.main.bounds.width - NotifGeo.margeH * 2,
                                   ^
/var/folders/sk/1y78dckn1fbdyvwtdtdy76680000gn/T/nosfy-session-commit-s4q40rbr/travail/Nosfy/Views/PiluleVagabonde.swift:1502:35: warning: 'main' was deprecated in iOS 26.0: Use a UIScreen instance found through context instead (i.e, view.window.windowScene.screen), or for properties like UIScreen.scale with trait equivalents, use a traitCollection found through context.
            .position(x: UIScreen.main.bounds.width / 2, y: y)
                                  ^

SwiftCompile normal arm64 /var/folders/sk/1y78dckn1fbdyvwtdtdy76680000gn/T/nosfy-session-commit-s4q40rbr/travail/Nosfy/Views/PlayerMonde.swift (in target 'Nosfy' from project 'Nosfy')
    cd /var/folders/sk/1y78dckn1fbdyvwtdtdy76680000gn/T/nosfy-session-commit-s4q40rbr/travail
    

SwiftCompile normal arm64 /var/folders/sk/1y78dckn1fbdyvwtdtdy76680000gn/T/nosfy-session-commit-s4q40rbr/travail/Nosfy/Views/PorteApple.swift (in target 'Nosfy' from project 'Nosfy')
    cd /var/folders/sk/1y78dckn1fbdyvwtdtdy76680000gn/T/nosfy-session-commit-s4q40rbr/travail
    

SwiftCompile normal arm64 Compiling\ WidgetsCards.swift,\ WorkoutPill.swift,\ WorkoutsListView.swift,\ Atmosphere.swift,\ DemonSky.swift,\ Models.swift,\ MoonPath.swift,\ MoonSDF.swift,\ NebulaConfiguration.swift,\ NebulaNoise.swift,\ ImpGlyph.swift,\ MoonGlyph.swift,\ ProgressComet.swift,\ WorkoutActivity.swift,\ WorkoutLiveCard.swift,\ WorkoutLiveFocus.swift,\ NebulaStrip.swift,\ NosfyApp.swift,\ Theme.swift,\ GeneratedAssetSymbols.swift /var/folders/sk/1y78dckn1fbdyvwtdtdy76680000gn/T/nosfy-session-commit-s4q40rbr/travail/Nosfy/Views/WidgetsCards.swift /var/folders/sk/1y78dckn1fbdyvwtdtdy76680000gn/T/nosfy-session-commit-s4q40rbr/travail/Nosfy/Views/WorkoutPill.swift /var/folders/sk/1y78dckn1fbdyvwtdtdy76680000gn/T/nosfy-session-commit-s4q40rbr/travail/Nosfy/Views/WorkoutsListView.swift /var/folders/sk/1y78dckn1fbdyvwtdtdy76680000gn/T/nosfy-session-commit-s4q40rbr/travail/Nosfy/Atmosphere.swift /var/folders/sk/1y78dckn1fbdyvwtdtdy76680000gn/T/nosfy-session-commit-s4q40rbr/travail/Nosfy/DemonSky.swift /var/folders/sk/1y78dckn1fbdyvwtdtdy76680000gn/T/nosfy-session-commit-s4q40rbr/travail/Nosfy/Models.swift /var/folders/sk/1y78dckn1fbdyvwtdtdy76680000gn/T/nosfy-session-commit-s4q40rbr/travail/Nosfy/MoonPath.swift /var/folders/sk/1y78dckn1fbdyvwtdtdy76680000gn/T/nosfy-session-commit-s4q40rbr/travail/Nosfy/MoonSDF.swift /var/folders/sk/1y78dckn1fbdyvwtdtdy76680000gn/T/nosfy-session-commit-s4q40rbr/travail/Nosfy/NebulaConfiguration.swift /var/folders/sk/1y78dckn1fbdyvwtdtdy76680000gn/T/nosfy-session-commit-s4q40rbr/travail/Nosfy/NebulaNoise.swift /var/folders/sk/1y78dckn1fbdyvwtdtdy76680000gn/T/nosfy-session-commit-s4q40rbr/travail/NosfyShared/ImpGlyph.swift /var/folders/sk/1y78dckn1fbdyvwtdtdy76680000gn/T/nosfy-session-commit-s4q40rbr/travail/NosfyShared/MoonGlyph.swift /var/folders/sk/1y78dckn1fbdyvwtdtdy76680000gn/T/nosfy-session-commit-s4q40rbr/travail/NosfyShared/ProgressComet.swift /var/folders/sk/1y78dckn1fbdyvwtdtdy76680000gn/T/nosfy-session-commit-s4q40rbr/travail/NosfyShared/WorkoutActivity.swift /var/folders/sk/1y78dckn1fbdyvwtdtdy76680000gn/T/nosfy-session-commit-s4q40rbr/travail/NosfyShared/WorkoutLiveCard.swift /var/folders/sk/1y78dckn1fbdyvwtdtdy76680000gn/T/nosfy-session-commit-s4q40rbr/travail/NosfyShared/WorkoutLiveFocus.swift /var/folders/sk/1y78dckn1fbdyvwtdtdy76680000gn/T/nosfy-session-commit-s4q40rbr/travail/Nosfy/NebulaStrip.swift /var/folders/sk/1y78dckn1fbdyvwtdtdy76680000gn/T/nosfy-session-commit-s4q40rbr/travail/Nosfy/NosfyApp.swift /var/folders/sk/1y78dckn1fbdyvwtdtdy76680000gn/T/nosfy-session-commit-s4q40rbr/travail/Nosfy/Theme.swift /var/folders/sk/1y78dckn1fbdyvwtdtdy76680000gn/T/nosfy-session-commit-s4q40rbr/DerivedData/Build/Intermediates.noindex/Nosfy.build/Debug-iphonesimulator/Nosfy.build/DerivedSources/GeneratedAssetSymbols.swift (in target 'Nosfy' from project 'Nosfy')

SwiftCompile normal arm64 /var/folders/sk/1y78dckn1fbdyvwtdtdy76680000gn/T/nosfy-session-commit-s4q40rbr/travail/Nosfy/Views/WidgetsCards.swift (in target 'Nosfy' from project 'Nosfy')
    cd /var/folders/sk/1y78dckn1fbdyvwtdtdy76680000gn/T/nosfy-session-commit-s4q40rbr/travail
    

SwiftCompile normal arm64 /var/folders/sk/1y78dckn1fbdyvwtdtdy76680000gn/T/nosfy-session-commit-s4q40rbr/travail/Nosfy/Views/WorkoutPill.swift (in target 'Nosfy' from project 'Nosfy')
    cd /var/folders/sk/1y78dckn1fbdyvwtdtdy76680000gn/T/nosfy-session-commit-s4q40rbr/travail
    

SwiftCompile normal arm64 /var/folders/sk/1y78dckn1fbdyvwtdtdy76680000gn/T/nosfy-session-commit-s4q40rbr/travail/Nosfy/Views/WorkoutsListView.swift (in target 'Nosfy' from project 'Nosfy')
    cd /var/folders/sk/1y78dckn1fbdyvwtdtdy76680000gn/T/nosfy-session-commit-s4q40rbr/travail
    

SwiftCompile normal arm64 /var/folders/sk/1y78dckn1fbdyvwtdtdy76680000gn/T/nosfy-session-commit-s4q40rbr/travail/Nosfy/Atmosphere.swift (in target 'Nosfy' from project 'Nosfy')
    cd /var/folders/sk/1y78dckn1fbdyvwtdtdy76680000gn/T/nosfy-session-commit-s4q40rbr/travail
    

SwiftCompile normal arm64 /var/folders/sk/1y78dckn1fbdyvwtdtdy76680000gn/T/nosfy-session-commit-s4q40rbr/travail/Nosfy/DemonSky.swift (in target 'Nosfy' from project 'Nosfy')
    cd /var/folders/sk/1y78dckn1fbdyvwtdtdy76680000gn/T/nosfy-session-commit-s4q40rbr/travail
    

SwiftCompile normal arm64 /var/folders/sk/1y78dckn1fbdyvwtdtdy76680000gn/T/nosfy-session-commit-s4q40rbr/travail/Nosfy/Models.swift (in target 'Nosfy' from project 'Nosfy')
    cd /var/folders/sk/1y78dckn1fbdyvwtdtdy76680000gn/T/nosfy-session-commit-s4q40rbr/travail
    

SwiftCompile normal arm64 /var/folders/sk/1y78dckn1fbdyvwtdtdy76680000gn/T/nosfy-session-commit-s4q40rbr/travail/Nosfy/MoonPath.swift (in target 'Nosfy' from project 'Nosfy')
    cd /var/folders/sk/1y78dckn1fbdyvwtdtdy76680000gn/T/nosfy-session-commit-s4q40rbr/travail
    

SwiftCompile normal arm64 /var/folders/sk/1y78dckn1fbdyvwtdtdy76680000gn/T/nosfy-session-commit-s4q40rbr/travail/Nosfy/MoonSDF.swift (in target 'Nosfy' from project 'Nosfy')
    cd /var/folders/sk/1y78dckn1fbdyvwtdtdy76680000gn/T/nosfy-session-commit-s4q40rbr/travail
    

SwiftCompile normal arm64 /var/folders/sk/1y78dckn1fbdyvwtdtdy76680000gn/T/nosfy-session-commit-s4q40rbr/travail/Nosfy/NebulaConfiguration.swift (in target 'Nosfy' from project 'Nosfy')
    cd /var/folders/sk/1y78dckn1fbdyvwtdtdy76680000gn/T/nosfy-session-commit-s4q40rbr/travail
    

SwiftCompile normal arm64 /var/folders/sk/1y78dckn1fbdyvwtdtdy76680000gn/T/nosfy-session-commit-s4q40rbr/travail/Nosfy/NebulaNoise.swift (in target 'Nosfy' from project 'Nosfy')
    cd /var/folders/sk/1y78dckn1fbdyvwtdtdy76680000gn/T/nosfy-session-commit-s4q40rbr/travail
    

SwiftCompile normal arm64 /var/folders/sk/1y78dckn1fbdyvwtdtdy76680000gn/T/nosfy-session-commit-s4q40rbr/travail/NosfyShared/ImpGlyph.swift (in target 'Nosfy' from project 'Nosfy')
    cd /var/folders/sk/1y78dckn1fbdyvwtdtdy76680000gn/T/nosfy-session-commit-s4q40rbr/travail
    

SwiftCompile normal arm64 /var/folders/sk/1y78dckn1fbdyvwtdtdy76680000gn/T/nosfy-session-commit-s4q40rbr/travail/NosfyShared/MoonGlyph.swift (in target 'Nosfy' from project 'Nosfy')
    cd /var/folders/sk/1y78dckn1fbdyvwtdtdy76680000gn/T/nosfy-session-commit-s4q40rbr/travail
    

SwiftCompile normal arm64 /var/folders/sk/1y78dckn1fbdyvwtdtdy76680000gn/T/nosfy-session-commit-s4q40rbr/travail/NosfyShared/ProgressComet.swift (in target 'Nosfy' from project 'Nosfy')
    cd /var/folders/sk/1y78dckn1fbdyvwtdtdy76680000gn/T/nosfy-session-commit-s4q40rbr/travail
    

SwiftCompile normal arm64 /var/folders/sk/1y78dckn1fbdyvwtdtdy76680000gn/T/nosfy-session-commit-s4q40rbr/travail/NosfyShared/WorkoutActivity.swift (in target 'Nosfy' from project 'Nosfy')
    cd /var/folders/sk/1y78dckn1fbdyvwtdtdy76680000gn/T/nosfy-session-commit-s4q40rbr/travail
    

SwiftCompile normal arm64 /var/folders/sk/1y78dckn1fbdyvwtdtdy76680000gn/T/nosfy-session-commit-s4q40rbr/travail/NosfyShared/WorkoutLiveCard.swift (in target 'Nosfy' from project 'Nosfy')
    cd /var/folders/sk/1y78dckn1fbdyvwtdtdy76680000gn/T/nosfy-session-commit-s4q40rbr/travail
    

SwiftCompile normal arm64 /var/folders/sk/1y78dckn1fbdyvwtdtdy76680000gn/T/nosfy-session-commit-s4q40rbr/travail/NosfyShared/WorkoutLiveFocus.swift (in target 'Nosfy' from project 'Nosfy')
    cd /var/folders/sk/1y78dckn1fbdyvwtdtdy76680000gn/T/nosfy-session-commit-s4q40rbr/travail
    

SwiftCompile normal arm64 /var/folders/sk/1y78dckn1fbdyvwtdtdy76680000gn/T/nosfy-session-commit-s4q40rbr/travail/Nosfy/NebulaStrip.swift (in target 'Nosfy' from project 'Nosfy')
    cd /var/folders/sk/1y78dckn1fbdyvwtdtdy76680000gn/T/nosfy-session-commit-s4q40rbr/travail
    

SwiftCompile normal arm64 /var/folders/sk/1y78dckn1fbdyvwtdtdy76680000gn/T/nosfy-session-commit-s4q40rbr/travail/Nosfy/NosfyApp.swift (in target 'Nosfy' from project 'Nosfy')
    cd /var/folders/sk/1y78dckn1fbdyvwtdtdy76680000gn/T/nosfy-session-commit-s4q40rbr/travail
    

SwiftCompile normal arm64 /var/folders/sk/1y78dckn1fbdyvwtdtdy76680000gn/T/nosfy-session-commit-s4q40rbr/travail/Nosfy/Theme.swift (in target 'Nosfy' from project 'Nosfy')
    cd /var/folders/sk/1y78dckn1fbdyvwtdtdy76680000gn/T/nosfy-session-commit-s4q40rbr/travail
    

SwiftCompile normal arm64 /var/folders/sk/1y78dckn1fbdyvwtdtdy76680000gn/T/nosfy-session-commit-s4q40rbr/DerivedData/Build/Intermediates.noindex/Nosfy.build/Debug-iphonesimulator/Nosfy.build/DerivedSources/GeneratedAssetSymbols.swift (in target 'Nosfy' from project 'Nosfy')
    cd /var/folders/sk/1y78dckn1fbdyvwtdtdy76680000gn/T/nosfy-session-commit-s4q40rbr/travail
    

SwiftCompile normal arm64 Compiling\ ForgeServeur.swift,\ HomeTextes.swift,\ InscriptionCompte.swift,\ Langue.swift,\ LuneForge.swift,\ OutboxGains.swift,\ OuvertureSeanceServeur.swift,\ ProfilServeur.swift,\ ReglementSeance.swift,\ SacreServeur.swift,\ Supabase.swift,\ SupabaseSync.swift,\ SynthesisService.swift,\ WorkoutActivityController.swift,\ ActiveWorkoutView.swift,\ AppelChapitre.swift,\ AppelProfilVisite.swift,\ AuroraBgLab.swift,\ AuthView.swift,\ BancCoutHome.swift,\ BoosterCard.swift /var/folders/sk/1y78dckn1fbdyvwtdtdy76680000gn/T/nosfy-session-commit-s4q40rbr/travail/Nosfy/Services/ForgeServeur.swift /var/folders/sk/1y78dckn1fbdyvwtdtdy76680000gn/T/nosfy-session-commit-s4q40rbr/travail/Nosfy/Services/HomeTextes.swift /var/folders/sk/1y78dckn1fbdyvwtdtdy76680000gn/T/nosfy-session-commit-s4q40rbr/travail/Nosfy/Services/InscriptionCompte.swift /var/folders/sk/1y78dckn1fbdyvwtdtdy76680000gn/T/nosfy-session-commit-s4q40rbr/travail/Nosfy/Services/Langue.swift /var/folders/sk/1y78dckn1fbdyvwtdtdy76680000gn/T/nosfy-session-commit-s4q40rbr/travail/Nosfy/Services/LuneForge.swift /var/folders/sk/1y78dckn1fbdyvwtdtdy76680000gn/T/nosfy-session-commit-s4q40rbr/travail/Nosfy/Services/OutboxGains.swift /var/folders/sk/1y78dckn1fbdyvwtdtdy76680000gn/T/nosfy-session-commit-s4q40rbr/travail/Nosfy/Services/OuvertureSeanceServeur.swift /var/folders/sk/1y78dckn1fbdyvwtdtdy76680000gn/T/nosfy-session-commit-s4q40rbr/travail/Nosfy/Services/ProfilServeur.swift /var/folders/sk/1y78dckn1fbdyvwtdtdy76680000gn/T/nosfy-session-commit-s4q40rbr/travail/Nosfy/Services/ReglementSeance.swift /var/folders/sk/1y78dckn1fbdyvwtdtdy76680000gn/T/nosfy-session-commit-s4q40rbr/travail/Nosfy/Services/SacreServeur.swift /var/folders/sk/1y78dckn1fbdyvwtdtdy76680000gn/T/nosfy-session-commit-s4q40rbr/travail/Nosfy/Services/Supabase.swift /var/folders/sk/1y78dckn1fbdyvwtdtdy76680000gn/T/nosfy-session-commit-s4q40rbr/travail/Nosfy/Services/SupabaseSync.swift /var/folders/sk/1y78dckn1fbdyvwtdtdy76680000gn/T/nosfy-session-commit-s4q40rbr/travail/Nosfy/Services/SynthesisService.swift /var/folders/sk/1y78dckn1fbdyvwtdtdy76680000gn/T/nosfy-session-commit-s4q40rbr/travail/Nosfy/Services/WorkoutActivityController.swift /var/folders/sk/1y78dckn1fbdyvwtdtdy76680000gn/T/nosfy-session-commit-s4q40rbr/travail/Nosfy/Views/ActiveWorkoutView.swift /var/folders/sk/1y78dckn1fbdyvwtdtdy76680000gn/T/nosfy-session-commit-s4q40rbr/travail/Nosfy/Views/AppelChapitre.swift /var/folders/sk/1y78dckn1fbdyvwtdtdy76680000gn/T/nosfy-session-commit-s4q40rbr/travail/Nosfy/Views/AppelProfilVisite.swift /var/folders/sk/1y78dckn1fbdyvwtdtdy76680000gn/T/nosfy-session-commit-s4q40rbr/travail/Nosfy/Views/AuroraBgLab.swift /var/folders/sk/1y78dckn1fbdyvwtdtdy76680000gn/T/nosfy-session-commit-s4q40rbr/travail/Nosfy/Views/AuthView.swift /var/folders/sk/1y78dckn1fbdyvwtdtdy76680000gn/T/nosfy-session-commit-s4q40rbr/travail/Nosfy/Views/BancCoutHome.swift /var/folders/sk/1y78dckn1fbdyvwtdtdy76680000gn/T/nosfy-session-commit-s4q40rbr/travail/Nosfy/Views/BoosterCard.swift (in target 'Nosfy' from project 'Nosfy')

SwiftCompile normal arm64 /var/folders/sk/1y78dckn1fbdyvwtdtdy76680000gn/T/nosfy-session-commit-s4q40rbr/travail/Nosfy/Services/ForgeServeur.swift (in target 'Nosfy' from project 'Nosfy')
    cd /var/folders/sk/1y78dckn1fbdyvwtdtdy76680000gn/T/nosfy-session-commit-s4q40rbr/travail
    

SwiftCompile normal arm64 /var/folders/sk/1y78dckn1fbdyvwtdtdy76680000gn/T/nosfy-session-commit-s4q40rbr/travail/Nosfy/Services/HomeTextes.swift (in target 'Nosfy' from project 'Nosfy')
    cd /var/folders/sk/1y78dckn1fbdyvwtdtdy76680000gn/T/nosfy-session-commit-s4q40rbr/travail
    

SwiftCompile normal arm64 /var/folders/sk/1y78dckn1fbdyvwtdtdy76680000gn/T/nosfy-session-commit-s4q40rbr/travail/Nosfy/Services/InscriptionCompte.swift (in target 'Nosfy' from project 'Nosfy')
    cd /var/folders/sk/1y78dckn1fbdyvwtdtdy76680000gn/T/nosfy-session-commit-s4q40rbr/travail
    

SwiftCompile normal arm64 /var/folders/sk/1y78dckn1fbdyvwtdtdy76680000gn/T/nosfy-session-commit-s4q40rbr/travail/Nosfy/Services/Langue.swift (in target 'Nosfy' from project 'Nosfy')
    cd /var/folders/sk/1y78dckn1fbdyvwtdtdy76680000gn/T/nosfy-session-commit-s4q40rbr/travail
    

SwiftCompile normal arm64 /var/folders/sk/1y78dckn1fbdyvwtdtdy76680000gn/T/nosfy-session-commit-s4q40rbr/travail/Nosfy/Services/LuneForge.swift (in target 'Nosfy' from project 'Nosfy')
    cd /var/folders/sk/1y78dckn1fbdyvwtdtdy76680000gn/T/nosfy-session-commit-s4q40rbr/travail
    
/var/folders/sk/1y78dckn1fbdyvwtdtdy76680000gn/T/nosfy-session-commit-s4q40rbr/travail/Nosfy/Services/LuneForge.swift:274:19: warning: value 'cadre' was defined but never used; consider replacing with boolean test
        guard let cadre = UIImage(named: "carte-cadre")
              ~~~~^~~~~~~~
              (

SwiftCompile normal arm64 /var/folders/sk/1y78dckn1fbdyvwtdtdy76680000gn/T/nosfy-session-commit-s4q40rbr/travail/Nosfy/Services/OutboxGains.swift (in target 'Nosfy' from project 'Nosfy')
    cd /var/folders/sk/1y78dckn1fbdyvwtdtdy76680000gn/T/nosfy-session-commit-s4q40rbr/travail
    

SwiftCompile normal arm64 /var/folders/sk/1y78dckn1fbdyvwtdtdy76680000gn/T/nosfy-session-commit-s4q40rbr/travail/Nosfy/Services/OuvertureSeanceServeur.swift (in target 'Nosfy' from project 'Nosfy')
    cd /var/folders/sk/1y78dckn1fbdyvwtdtdy76680000gn/T/nosfy-session-commit-s4q40rbr/travail
    

SwiftCompile normal arm64 /var/folders/sk/1y78dckn1fbdyvwtdtdy76680000gn/T/nosfy-session-commit-s4q40rbr/travail/Nosfy/Services/ProfilServeur.swift (in target 'Nosfy' from project 'Nosfy')
    cd /var/folders/sk/1y78dckn1fbdyvwtdtdy76680000gn/T/nosfy-session-commit-s4q40rbr/travail
    

SwiftCompile normal arm64 /var/folders/sk/1y78dckn1fbdyvwtdtdy76680000gn/T/nosfy-session-commit-s4q40rbr/travail/Nosfy/Services/ReglementSeance.swift (in target 'Nosfy' from project 'Nosfy')
    cd /var/folders/sk/1y78dckn1fbdyvwtdtdy76680000gn/T/nosfy-session-commit-s4q40rbr/travail
    

SwiftCompile normal arm64 /var/folders/sk/1y78dckn1fbdyvwtdtdy76680000gn/T/nosfy-session-commit-s4q40rbr/travail/Nosfy/Services/SacreServeur.swift (in target 'Nosfy' from project 'Nosfy')
    cd /var/folders/sk/1y78dckn1fbdyvwtdtdy76680000gn/T/nosfy-session-commit-s4q40rbr/travail
    

SwiftCompile normal arm64 /var/folders/sk/1y78dckn1fbdyvwtdtdy76680000gn/T/nosfy-session-commit-s4q40rbr/travail/Nosfy/Services/Supabase.swift (in target 'Nosfy' from project 'Nosfy')
    cd /var/folders/sk/1y78dckn1fbdyvwtdtdy76680000gn/T/nosfy-session-commit-s4q40rbr/travail
    

SwiftCompile normal arm64 /var/folders/sk/1y78dckn1fbdyvwtdtdy76680000gn/T/nosfy-session-commit-s4q40rbr/travail/Nosfy/Services/SupabaseSync.swift (in target 'Nosfy' from project 'Nosfy')
    cd /var/folders/sk/1y78dckn1fbdyvwtdtdy76680000gn/T/nosfy-session-commit-s4q40rbr/travail
    

SwiftCompile normal arm64 /var/folders/sk/1y78dckn1fbdyvwtdtdy76680000gn/T/nosfy-session-commit-s4q40rbr/travail/Nosfy/Services/SynthesisService.swift (in target 'Nosfy' from project 'Nosfy')
    cd /var/folders/sk/1y78dckn1fbdyvwtdtdy76680000gn/T/nosfy-session-commit-s4q40rbr/travail
    

SwiftCompile normal arm64 /var/folders/sk/1y78dckn1fbdyvwtdtdy76680000gn/T/nosfy-session-commit-s4q40rbr/travail/Nosfy/Services/WorkoutActivityController.swift (in target 'Nosfy' from project 'Nosfy')
    cd /var/folders/sk/1y78dckn1fbdyvwtdtdy76680000gn/T/nosfy-session-commit-s4q40rbr/travail
    

SwiftCompile normal arm64 /var/folders/sk/1y78dckn1fbdyvwtdtdy76680000gn/T/nosfy-session-commit-s4q40rbr/travail/Nosfy/Views/ActiveWorkoutView.swift (in target 'Nosfy' from project 'Nosfy')
    cd /var/folders/sk/1y78dckn1fbdyvwtdtdy76680000gn/T/nosfy-session-commit-s4q40rbr/travail
    

SwiftCompile normal arm64 /var/folders/sk/1y78dckn1fbdyvwtdtdy76680000gn/T/nosfy-session-commit-s4q40rbr/travail/Nosfy/Views/AppelChapitre.swift (in target 'Nosfy' from project 'Nosfy')
    cd /var/folders/sk/1y78dckn1fbdyvwtdtdy76680000gn/T/nosfy-session-commit-s4q40rbr/travail
    

SwiftCompile normal arm64 /var/folders/sk/1y78dckn1fbdyvwtdtdy76680000gn/T/nosfy-session-commit-s4q40rbr/travail/Nosfy/Views/AppelProfilVisite.swift (in target 'Nosfy' from project 'Nosfy')
    cd /var/folders/sk/1y78dckn1fbdyvwtdtdy76680000gn/T/nosfy-session-commit-s4q40rbr/travail
    

SwiftCompile normal arm64 /var/folders/sk/1y78dckn1fbdyvwtdtdy76680000gn/T/nosfy-session-commit-s4q40rbr/travail/Nosfy/Views/AuroraBgLab.swift (in target 'Nosfy' from project 'Nosfy')
    cd /var/folders/sk/1y78dckn1fbdyvwtdtdy76680000gn/T/nosfy-session-commit-s4q40rbr/travail
    

SwiftCompile normal arm64 /var/folders/sk/1y78dckn1fbdyvwtdtdy76680000gn/T/nosfy-session-commit-s4q40rbr/travail/Nosfy/Views/AuthView.swift (in target 'Nosfy' from project 'Nosfy')
    cd /var/folders/sk/1y78dckn1fbdyvwtdtdy76680000gn/T/nosfy-session-commit-s4q40rbr/travail
    

SwiftCompile normal arm64 /var/folders/sk/1y78dckn1fbdyvwtdtdy76680000gn/T/nosfy-session-commit-s4q40rbr/travail/Nosfy/Views/BancCoutHome.swift (in target 'Nosfy' from project 'Nosfy')
    cd /var/folders/sk/1y78dckn1fbdyvwtdtdy76680000gn/T/nosfy-session-commit-s4q40rbr/travail
    

SwiftCompile normal arm64 /var/folders/sk/1y78dckn1fbdyvwtdtdy76680000gn/T/nosfy-session-commit-s4q40rbr/travail/Nosfy/Views/BoosterCard.swift (in target 'Nosfy' from project 'Nosfy')
    cd /var/folders/sk/1y78dckn1fbdyvwtdtdy76680000gn/T/nosfy-session-commit-s4q40rbr/travail
    

SwiftCompile normal arm64 Compiling\ ChargeFiche.swift,\ ChevronAppelNatif.swift,\ ChipVerre.swift,\ CinematicPlayer.swift,\ ClavierBraise.swift,\ CoffreFlipLab.swift,\ CoffreFortCoin.swift,\ CoffreFortPurse.swift,\ CoffreFortView.swift,\ CoffreV2.swift,\ ConnexionButtonLab.swift,\ ConnexionCinematic.swift,\ CorpsNacre.swift,\ CounterLab.swift,\ DemonVideo.swift,\ DepartCine.swift,\ DepartSeance.swift,\ DevilAuraOverlay.swift,\ DuolinguoPage.swift,\ EcranErreur.swift /var/folders/sk/1y78dckn1fbdyvwtdtdy76680000gn/T/nosfy-session-commit-s4q40rbr/travail/Nosfy/Views/ChargeFiche.swift /var/folders/sk/1y78dckn1fbdyvwtdtdy76680000gn/T/nosfy-session-commit-s4q40rbr/travail/Nosfy/Views/ChevronAppelNatif.swift /var/folders/sk/1y78dckn1fbdyvwtdtdy76680000gn/T/nosfy-session-commit-s4q40rbr/travail/Nosfy/Views/ChipVerre.swift /var/folders/sk/1y78dckn1fbdyvwtdtdy76680000gn/T/nosfy-session-commit-s4q40rbr/travail/Nosfy/Views/CinematicPlayer.swift /var/folders/sk/1y78dckn1fbdyvwtdtdy76680000gn/T/nosfy-session-commit-s4q40rbr/travail/Nosfy/Views/ClavierBraise.swift /var/folders/sk/1y78dckn1fbdyvwtdtdy76680000gn/T/nosfy-session-commit-s4q40rbr/travail/Nosfy/Views/CoffreFlipLab.swift /var/folders/sk/1y78dckn1fbdyvwtdtdy76680000gn/T/nosfy-session-commit-s4q40rbr/travail/Nosfy/Views/CoffreFortCoin.swift /var/folders/sk/1y78dckn1fbdyvwtdtdy76680000gn/T/nosfy-session-commit-s4q40rbr/travail/Nosfy/Views/CoffreFortPurse.swift /var/folders/sk/1y78dckn1fbdyvwtdtdy76680000gn/T/nosfy-session-commit-s4q40rbr/travail/Nosfy/Views/CoffreFortView.swift /var/folders/sk/1y78dckn1fbdyvwtdtdy76680000gn/T/nosfy-session-commit-s4q40rbr/travail/Nosfy/Views/CoffreV2.swift /var/folders/sk/1y78dckn1fbdyvwtdtdy76680000gn/T/nosfy-session-commit-s4q40rbr/travail/Nosfy/Views/ConnexionButtonLab.swift /var/folders/sk/1y78dckn1fbdyvwtdtdy76680000gn/T/nosfy-session-commit-s4q40rbr/travail/Nosfy/Views/ConnexionCinematic.swift /var/folders/sk/1y78dckn1fbdyvwtdtdy76680000gn/T/nosfy-session-commit-s4q40rbr/travail/Nosfy/Views/CorpsNacre.swift /var/folders/sk/1y78dckn1fbdyvwtdtdy76680000gn/T/nosfy-session-commit-s4q40rbr/travail/Nosfy/Views/CounterLab.swift /var/folders/sk/1y78dckn1fbdyvwtdtdy76680000gn/T/nosfy-session-commit-s4q40rbr/travail/Nosfy/Views/DemonVideo.swift /var/folders/sk/1y78dckn1fbdyvwtdtdy76680000gn/T/nosfy-session-commit-s4q40rbr/travail/Nosfy/Views/DepartCine.swift /var/folders/sk/1y78dckn1fbdyvwtdtdy76680000gn/T/nosfy-session-commit-s4q40rbr/travail/Nosfy/Views/DepartSeance.swift /var/folders/sk/1y78dckn1fbdyvwtdtdy76680000gn/T/nosfy-session-commit-s4q40rbr/travail/Nosfy/Views/DevilAuraOverlay.swift /var/folders/sk/1y78dckn1fbdyvwtdtdy76680000gn/T/nosfy-session-commit-s4q40rbr/travail/Nosfy/Views/DuolinguoPage.swift /var/folders/sk/1y78dckn1fbdyvwtdtdy76680000gn/T/nosfy-session-commit-s4q40rbr/travail/Nosfy/Views/EcranErreur.swift (in target 'Nosfy' from project 'Nosfy')

SwiftCompile normal arm64 /var/folders/sk/1y78dckn1fbdyvwtdtdy76680000gn/T/nosfy-session-commit-s4q40rbr/travail/Nosfy/Views/ChargeFiche.swift (in target 'Nosfy' from project 'Nosfy')
    cd /var/folders/sk/1y78dckn1fbdyvwtdtdy76680000gn/T/nosfy-session-commit-s4q40rbr/travail
    

SwiftCompile normal arm64 /var/folders/sk/1y78dckn1fbdyvwtdtdy76680000gn/T/nosfy-session-commit-s4q40rbr/travail/Nosfy/Views/ChevronAppelNatif.swift (in target 'Nosfy' from project 'Nosfy')
    cd /var/folders/sk/1y78dckn1fbdyvwtdtdy76680000gn/T/nosfy-session-commit-s4q40rbr/travail
    

SwiftCompile normal arm64 /var/folders/sk/1y78dckn1fbdyvwtdtdy76680000gn/T/nosfy-session-commit-s4q40rbr/travail/Nosfy/Views/ChipVerre.swift (in target 'Nosfy' from project 'Nosfy')
    cd /var/folders/sk/1y78dckn1fbdyvwtdtdy76680000gn/T/nosfy-session-commit-s4q40rbr/travail
    

SwiftCompile normal arm64 /var/folders/sk/1y78dckn1fbdyvwtdtdy76680000gn/T/nosfy-session-commit-s4q40rbr/travail/Nosfy/Views/CinematicPlayer.swift (in target 'Nosfy' from project 'Nosfy')
    cd /var/folders/sk/1y78dckn1fbdyvwtdtdy76680000gn/T/nosfy-session-commit-s4q40rbr/travail
    

SwiftCompile normal arm64 /var/folders/sk/1y78dckn1fbdyvwtdtdy76680000gn/T/nosfy-session-commit-s4q40rbr/travail/Nosfy/Views/ClavierBraise.swift (in target 'Nosfy' from project 'Nosfy')
    cd /var/folders/sk/1y78dckn1fbdyvwtdtdy76680000gn/T/nosfy-session-commit-s4q40rbr/travail
    

SwiftCompile normal arm64 /var/folders/sk/1y78dckn1fbdyvwtdtdy76680000gn/T/nosfy-session-commit-s4q40rbr/travail/Nosfy/Views/CoffreFlipLab.swift (in target 'Nosfy' from project 'Nosfy')
    cd /var/folders/sk/1y78dckn1fbdyvwtdtdy76680000gn/T/nosfy-session-commit-s4q40rbr/travail
    

SwiftCompile normal arm64 /var/folders/sk/1y78dckn1fbdyvwtdtdy76680000gn/T/nosfy-session-commit-s4q40rbr/travail/Nosfy/Views/CoffreFortCoin.swift (in target 'Nosfy' from project 'Nosfy')
    cd /var/folders/sk/1y78dckn1fbdyvwtdtdy76680000gn/T/nosfy-session-commit-s4q40rbr/travail
    

SwiftCompile normal arm64 /var/folders/sk/1y78dckn1fbdyvwtdtdy76680000gn/T/nosfy-session-commit-s4q40rbr/travail/Nosfy/Views/CoffreFortPurse.swift (in target 'Nosfy' from project 'Nosfy')
    cd /var/folders/sk/1y78dckn1fbdyvwtdtdy76680000gn/T/nosfy-session-commit-s4q40rbr/travail
    

SwiftCompile normal arm64 /var/folders/sk/1y78dckn1fbdyvwtdtdy76680000gn/T/nosfy-session-commit-s4q40rbr/travail/Nosfy/Views/CoffreFortView.swift (in target 'Nosfy' from project 'Nosfy')
    cd /var/folders/sk/1y78dckn1fbdyvwtdtdy76680000gn/T/nosfy-session-commit-s4q40rbr/travail
    

SwiftCompile normal arm64 /var/folders/sk/1y78dckn1fbdyvwtdtdy76680000gn/T/nosfy-session-commit-s4q40rbr/travail/Nosfy/Views/CoffreV2.swift (in target 'Nosfy' from project 'Nosfy')
    cd /var/folders/sk/1y78dckn1fbdyvwtdtdy76680000gn/T/nosfy-session-commit-s4q40rbr/travail
    

SwiftCompile normal arm64 /var/folders/sk/1y78dckn1fbdyvwtdtdy76680000gn/T/nosfy-session-commit-s4q40rbr/travail/Nosfy/Views/ConnexionButtonLab.swift (in target 'Nosfy' from project 'Nosfy')
    cd /var/folders/sk/1y78dckn1fbdyvwtdtdy76680000gn/T/nosfy-session-commit-s4q40rbr/travail
    

SwiftCompile normal arm64 /var/folders/sk/1y78dckn1fbdyvwtdtdy76680000gn/T/nosfy-session-commit-s4q40rbr/travail/Nosfy/Views/ConnexionCinematic.swift (in target 'Nosfy' from project 'Nosfy')
    cd /var/folders/sk/1y78dckn1fbdyvwtdtdy76680000gn/T/nosfy-session-commit-s4q40rbr/travail
    

SwiftCompile normal arm64 /var/folders/sk/1y78dckn1fbdyvwtdtdy76680000gn/T/nosfy-session-commit-s4q40rbr/travail/Nosfy/Views/CorpsNacre.swift (in target 'Nosfy' from project 'Nosfy')
    cd /var/folders/sk/1y78dckn1fbdyvwtdtdy76680000gn/T/nosfy-session-commit-s4q40rbr/travail
    

SwiftCompile normal arm64 /var/folders/sk/1y78dckn1fbdyvwtdtdy76680000gn/T/nosfy-session-commit-s4q40rbr/travail/Nosfy/Views/CounterLab.swift (in target 'Nosfy' from project 'Nosfy')
    cd /var/folders/sk/1y78dckn1fbdyvwtdtdy76680000gn/T/nosfy-session-commit-s4q40rbr/travail
    

SwiftCompile normal arm64 /var/folders/sk/1y78dckn1fbdyvwtdtdy76680000gn/T/nosfy-session-commit-s4q40rbr/travail/Nosfy/Views/DemonVideo.swift (in target 'Nosfy' from project 'Nosfy')
    cd /var/folders/sk/1y78dckn1fbdyvwtdtdy76680000gn/T/nosfy-session-commit-s4q40rbr/travail
    

SwiftCompile normal arm64 /var/folders/sk/1y78dckn1fbdyvwtdtdy76680000gn/T/nosfy-session-commit-s4q40rbr/travail/Nosfy/Views/DepartCine.swift (in target 'Nosfy' from project 'Nosfy')
    cd /var/folders/sk/1y78dckn1fbdyvwtdtdy76680000gn/T/nosfy-session-commit-s4q40rbr/travail
    

SwiftCompile normal arm64 /var/folders/sk/1y78dckn1fbdyvwtdtdy76680000gn/T/nosfy-session-commit-s4q40rbr/travail/Nosfy/Views/DepartSeance.swift (in target 'Nosfy' from project 'Nosfy')
    cd /var/folders/sk/1y78dckn1fbdyvwtdtdy76680000gn/T/nosfy-session-commit-s4q40rbr/travail
    

SwiftCompile normal arm64 /var/folders/sk/1y78dckn1fbdyvwtdtdy76680000gn/T/nosfy-session-commit-s4q40rbr/travail/Nosfy/Views/DevilAuraOverlay.swift (in target 'Nosfy' from project 'Nosfy')
    cd /var/folders/sk/1y78dckn1fbdyvwtdtdy76680000gn/T/nosfy-session-commit-s4q40rbr/travail
    

SwiftCompile normal arm64 /var/folders/sk/1y78dckn1fbdyvwtdtdy76680000gn/T/nosfy-session-commit-s4q40rbr/travail/Nosfy/Views/DuolinguoPage.swift (in target 'Nosfy' from project 'Nosfy')
    cd /var/folders/sk/1y78dckn1fbdyvwtdtdy76680000gn/T/nosfy-session-commit-s4q40rbr/travail
    

SwiftCompile normal arm64 /var/folders/sk/1y78dckn1fbdyvwtdtdy76680000gn/T/nosfy-session-commit-s4q40rbr/travail/Nosfy/Views/EcranErreur.swift (in target 'Nosfy' from project 'Nosfy')
    cd /var/folders/sk/1y78dckn1fbdyvwtdtdy76680000gn/T/nosfy-session-commit-s4q40rbr/travail
    

LinkAssetCatalog /var/folders/sk/1y78dckn1fbdyvwtdtdy76680000gn/T/nosfy-session-commit-s4q40rbr/travail/NosfyShared/LiveAssets.xcassets /var/folders/sk/1y78dckn1fbdyvwtdtdy76680000gn/T/nosfy-session-commit-s4q40rbr/travail/Nosfy/AppIcon.icon /var/folders/sk/1y78dckn1fbdyvwtdtdy76680000gn/T/nosfy-session-commit-s4q40rbr/travail/Nosfy/Assets.xcassets (in target 'Nosfy' from project 'Nosfy')
    cd /var/folders/sk/1y78dckn1fbdyvwtdtdy76680000gn/T/nosfy-session-commit-s4q40rbr/travail
    builtin-linkAssetCatalog --thinned /var/folders/sk/1y78dckn1fbdyvwtdtdy76680000gn/T/nosfy-session-commit-s4q40rbr/DerivedData/Build/Intermediates.noindex/Nosfy.build/Debug-iphonesimulator/Nosfy.build/assetcatalog_output/thinned --thinned-dependencies /var/folders/sk/1y78dckn1fbdyvwtdtdy76680000gn/T/nosfy-session-commit-s4q40rbr/DerivedData/Build/Intermediates.noindex/Nosfy.build/Debug-iphonesimulator/Nosfy.build/assetcatalog_dependencies_thinned --thinned-info-plist-content /var/folders/sk/1y78dckn1fbdyvwtdtdy76680000gn/T/nosfy-session-commit-s4q40rbr/DerivedData/Build/Intermediates.noindex/Nosfy.build/Debug-iphonesimulator/Nosfy.build/assetcatalog_generated_info.plist_thinned --unthinned /var/folders/sk/1y78dckn1fbdyvwtdtdy76680000gn/T/nosfy-session-commit-s4q40rbr/DerivedData/Build/Intermediates.noindex/Nosfy.build/Debug-iphonesimulator/Nosfy.build/assetcatalog_output/unthinned --unthinned-dependencies /var/folders/sk/1y78dckn1fbdyvwtdtdy76680000gn/T/nosfy-session-commit-s4q40rbr/DerivedData/Build/Intermediates.noindex/Nosfy.build/Debug-iphonesimulator/Nosfy.build/assetcatalog_dependencies_unthinned --unthinned-info-plist-content /var/folders/sk/1y78dckn1fbdyvwtdtdy76680000gn/T/nosfy-session-commit-s4q40rbr/DerivedData/Build/Intermediates.noindex/Nosfy.build/Debug-iphonesimulator/Nosfy.build/assetcatalog_generated_info.plist_unthinned --output /var/folders/sk/1y78dckn1fbdyvwtdtdy76680000gn/T/nosfy-session-commit-s4q40rbr/DerivedData/Build/Products/Debug-iphonesimulator/Nosfy.app --plist-output /var/folders/sk/1y78dckn1fbdyvwtdtdy76680000gn/T/nosfy-session-commit-s4q40rbr/DerivedData/Build/Intermediates.noindex/Nosfy.build/Debug-iphonesimulator/Nosfy.build/assetcatalog_generated_info.plist
note: Emplaced /var/folders/sk/1y78dckn1fbdyvwtdtdy76680000gn/T/nosfy-session-commit-s4q40rbr/DerivedData/Build/Products/Debug-iphonesimulator/Nosfy.app/Assets.car (in target 'Nosfy' from project 'Nosfy')
note: Emplaced /var/folders/sk/1y78dckn1fbdyvwtdtdy76680000gn/T/nosfy-session-commit-s4q40rbr/DerivedData/Build/Products/Debug-iphonesimulator/Nosfy.app/AppIcon76x76@2x~ipad.png (in target 'Nosfy' from project 'Nosfy')
note: Emplaced /var/folders/sk/1y78dckn1fbdyvwtdtdy76680000gn/T/nosfy-session-commit-s4q40rbr/DerivedData/Build/Products/Debug-iphonesimulator/Nosfy.app/AppIcon60x60@2x.png (in target 'Nosfy' from project 'Nosfy')

SwiftDriverJobDiscovery normal arm64 Emitting module for Woop (in target 'Nosfy' from project 'Nosfy')

SwiftDriver\ Compilation\ Requirements Nosfy normal arm64 com.apple.xcode.tools.swift.compiler (in target 'Nosfy' from project 'Nosfy')
    cd /var/folders/sk/1y78dckn1fbdyvwtdtdy76680000gn/T/nosfy-session-commit-s4q40rbr/travail
    builtin-Swift-Compilation-Requirements -- /Applications/Xcode.app/Contents/Developer/Toolchains/XcodeDefault.xctoolchain/usr/bin/swiftc -module-name Woop -Onone @/var/folders/sk/1y78dckn1fbdyvwtdtdy76680000gn/T/nosfy-session-commit-s4q40rbr/DerivedData/Build/Intermediates.noindex/Nosfy.build/Debug-iphonesimulator/Nosfy.build/Objects-normal/arm64/Nosfy.SwiftFileList -DDEBUG -enable-bare-slash-regex -enable-experimental-feature DebugDescriptionMacro -sdk /Applications/Xcode.app/Contents/Developer/Platforms/iPhoneSimulator.platform/Developer/SDKs/iPhoneSimulator26.5.sdk -target arm64-apple-ios26.0-simulator -g -module-cache-path /var/folders/sk/1y78dckn1fbdyvwtdtdy76680000gn/T/nosfy-session-commit-s4q40rbr/DerivedData/ModuleCache.noindex -Xfrontend -serialize-debugging-options -enable-testing -index-store-path /var/folders/sk/1y78dckn1fbdyvwtdtdy76680000gn/T/nosfy-session-commit-s4q40rbr/DerivedData/Index.noindex/DataStore -Xcc -D_LIBCPP_HARDENING_MODE\=_LIBCPP_HARDENING_MODE_DEBUG -swift-version 5 -I /var/folders/sk/1y78dckn1fbdyvwtdtdy76680000gn/T/nosfy-session-commit-s4q40rbr/DerivedData/Build/Products/Debug-iphonesimulator -F /var/folders/sk/1y78dckn1fbdyvwtdtdy76680000gn/T/nosfy-session-commit-s4q40rbr/DerivedData/Build/Products/Debug-iphonesimulator -emit-localized-strings -emit-localized-strings-path /var/folders/sk/1y78dckn1fbdyvwtdtdy76680000gn/T/nosfy-session-commit-s4q40rbr/DerivedData/Build/Intermediates.noindex/Nosfy.build/Debug-iphonesimulator/Nosfy.build/Objects-normal/arm64 -c -j10 -enable-batch-mode -incremental -Xcc -ivfsstatcache -Xcc /var/folders/sk/1y78dckn1fbdyvwtdtdy76680000gn/T/nosfy-session-commit-s4q40rbr/DerivedData/SDKStatCaches.noindex/iphonesimulator26.5-23F73-688ef53f1462e2c8f657fdc38a81448f6cfe768891a92b912361537c460fe42b.sdkstatcache -output-file-map /var/folders/sk/1y78dckn1fbdyvwtdtdy76680000gn/T/nosfy-session-commit-s4q40rbr/DerivedData/Build/Intermediates.noindex/Nosfy.build/Debug-iphonesimulator/Nosfy.build/Objects-normal/arm64/Nosfy-OutputFileMap.json -use-frontend-parseable-output -save-temps -no-color-diagnostics -explicit-module-build -module-cache-path /var/folders/sk/1y78dckn1fbdyvwtdtdy76680000gn/T/nosfy-session-commit-s4q40rbr/DerivedData/Build/Intermediates.noindex/SwiftExplicitPrecompiledModules -clang-scanner-module-cache-path /var/folders/sk/1y78dckn1fbdyvwtdtdy76680000gn/T/nosfy-session-commit-s4q40rbr/DerivedData/ModuleCache.noindex -sdk-module-cache-path /var/folders/sk/1y78dckn1fbdyvwtdtdy76680000gn/T/nosfy-session-commit-s4q40rbr/DerivedData/ModuleCache.noindex -serialize-diagnostics -emit-dependencies -emit-module -emit-module-path /var/folders/sk/1y78dckn1fbdyvwtdtdy76680000gn/T/nosfy-session-commit-s4q40rbr/DerivedData/Build/Intermediates.noindex/Nosfy.build/Debug-iphonesimulator/Nosfy.build/Objects-normal/arm64/Woop.swiftmodule -validate-clang-modules-once -clang-build-session-file /var/folders/sk/1y78dckn1fbdyvwtdtdy76680000gn/T/nosfy-session-commit-s4q40rbr/DerivedData/ModuleCache.noindex/Session.modulevalidation -Xcc -I/var/folders/sk/1y78dckn1fbdyvwtdtdy76680000gn/T/nosfy-session-commit-s4q40rbr/DerivedData/Build/Intermediates.noindex/Nosfy.build/Debug-iphonesimulator/Nosfy.build/swift-overrides.hmap -emit-const-values -Xfrontend -const-gather-protocols-file -Xfrontend /var/folders/sk/1y78dckn1fbdyvwtdtdy76680000gn/T/nosfy-session-commit-s4q40rbr/DerivedData/Build/Intermediates.noindex/Nosfy.build/Debug-iphonesimulator/Nosfy.build/Objects-normal/arm64/Nosfy_const_extract_protocols.json -Xcc -iquote -Xcc /var/folders/sk/1y78dckn1fbdyvwtdtdy76680000gn/T/nosfy-session-commit-s4q40rbr/DerivedData/Build/Intermediates.noindex/Nosfy.build/Debug-iphonesimulator/Nosfy.build/Nosfy-generated-files.hmap -Xcc -I/var/folders/sk/1y78dckn1fbdyvwtdtdy76680000gn/T/nosfy-session-commit-s4q40rbr/DerivedData/Build/Intermediates.noindex/Nosfy.build/Debug-iphonesimulator/Nosfy.build/Nosfy-own-target-headers.hmap -Xcc -I/var/folders/sk/1y78dckn1fbdyvwtdtdy76680000gn/T/nosfy-session-commit-s4q40rbr/DerivedData/Build/Intermediates.noindex/Nosfy.build/Debug-iphonesimulator/Nosfy.build/Nosfy-all-target-headers.hmap -Xcc -iquote -Xcc /var/folders/sk/1y78dckn1fbdyvwtdtdy76680000gn/T/nosfy-session-commit-s4q40rbr/DerivedData/Build/Intermediates.noindex/Nosfy.build/Debug-iphonesimulator/Nosfy.build/Nosfy-project-headers.hmap -Xcc -I/var/folders/sk/1y78dckn1fbdyvwtdtdy76680000gn/T/nosfy-session-commit-s4q40rbr/DerivedData/Build/Products/Debug-iphonesimulator/include -Xcc -I/var/folders/sk/1y78dckn1fbdyvwtdtdy76680000gn/T/nosfy-session-commit-s4q40rbr/DerivedData/Build/Intermediates.noindex/Nosfy.build/Debug-iphonesimulator/Nosfy.build/DerivedSources-normal/arm64 -Xcc -I/var/folders/sk/1y78dckn1fbdyvwtdtdy76680000gn/T/nosfy-session-commit-s4q40rbr/DerivedData/Build/Intermediates.noindex/Nosfy.build/Debug-iphonesimulator/Nosfy.build/DerivedSources/arm64 -Xcc -I/var/folders/sk/1y78dckn1fbdyvwtdtdy76680000gn/T/nosfy-session-commit-s4q40rbr/DerivedData/Build/Intermediates.noindex/Nosfy.build/Debug-iphonesimulator/Nosfy.build/DerivedSources -Xcc -DDEBUG\=1 -emit-objc-header -emit-objc-header-path /var/folders/sk/1y78dckn1fbdyvwtdtdy76680000gn/T/nosfy-session-commit-s4q40rbr/DerivedData/Build/Intermediates.noindex/Nosfy.build/Debug-iphonesimulator/Nosfy.build/Objects-normal/arm64/Woop-Swift.h -working-directory /var/folders/sk/1y78dckn1fbdyvwtdtdy76680000gn/T/nosfy-session-commit-s4q40rbr/travail -experimental-emit-module-separately -disable-cmo

SwiftCompile normal arm64 Compiling\ SondeVol.swift,\ StopCard.swift,\ StopLab.swift,\ StopSessionSheet.swift,\ StoryEnded.swift,\ StoryFlow.swift,\ StorySuite.swift,\ StoryVideo.swift,\ SuccessLab.swift,\ SwapCardSurface.swift,\ SwapEmptyCard.swift,\ SynthesisCard.swift,\ TapisLab.swift,\ TapisScene.swift,\ VerificationCompte.swift,\ VerreCoulant.swift,\ VisiteExercice.swift,\ VisiteHome.swift,\ WahouReveal.swift,\ WidgetEdition.swift /var/folders/sk/1y78dckn1fbdyvwtdtdy76680000gn/T/nosfy-session-commit-s4q40rbr/travail/Nosfy/Views/SondeVol.swift /var/folders/sk/1y78dckn1fbdyvwtdtdy76680000gn/T/nosfy-session-commit-s4q40rbr/travail/Nosfy/Views/StopCard.swift /var/folders/sk/1y78dckn1fbdyvwtdtdy76680000gn/T/nosfy-session-commit-s4q40rbr/travail/Nosfy/Views/StopLab.swift /var/folders/sk/1y78dckn1fbdyvwtdtdy76680000gn/T/nosfy-session-commit-s4q40rbr/travail/Nosfy/Views/StopSessionSheet.swift /var/folders/sk/1y78dckn1fbdyvwtdtdy76680000gn/T/nosfy-session-commit-s4q40rbr/travail/Nosfy/Views/StoryEnded.swift /var/folders/sk/1y78dckn1fbdyvwtdtdy76680000gn/T/nosfy-session-commit-s4q40rbr/travail/Nosfy/Views/StoryFlow.swift /var/folders/sk/1y78dckn1fbdyvwtdtdy76680000gn/T/nosfy-session-commit-s4q40rbr/travail/Nosfy/Views/StorySuite.swift /var/folders/sk/1y78dckn1fbdyvwtdtdy76680000gn/T/nosfy-session-commit-s4q40rbr/travail/Nosfy/Views/StoryVideo.swift /var/folders/sk/1y78dckn1fbdyvwtdtdy76680000gn/T/nosfy-session-commit-s4q40rbr/travail/Nosfy/Views/SuccessLab.swift /var/folders/sk/1y78dckn1fbdyvwtdtdy76680000gn/T/nosfy-session-commit-s4q40rbr/travail/Nosfy/Views/SwapCardSurface.swift /var/folders/sk/1y78dckn1fbdyvwtdtdy76680000gn/T/nosfy-session-commit-s4q40rbr/travail/Nosfy/Views/SwapEmptyCard.swift /var/folders/sk/1y78dckn1fbdyvwtdtdy76680000gn/T/nosfy-session-commit-s4q40rbr/travail/Nosfy/Views/SynthesisCard.swift /var/folders/sk/1y78dckn1fbdyvwtdtdy76680000gn/T/nosfy-session-commit-s4q40rbr/travail/Nosfy/Views/TapisLab.swift /var/folders/sk/1y78dckn1fbdyvwtdtdy76680000gn/T/nosfy-session-commit-s4q40rbr/travail/Nosfy/Views/TapisScene.swift /var/folders/sk/1y78dckn1fbdyvwtdtdy76680000gn/T/nosfy-session-commit-s4q40rbr/travail/Nosfy/Views/VerificationCompte.swift /var/folders/sk/1y78dckn1fbdyvwtdtdy76680000gn/T/nosfy-session-commit-s4q40rbr/travail/Nosfy/Views/VerreCoulant.swift /var/folders/sk/1y78dckn1fbdyvwtdtdy76680000gn/T/nosfy-session-commit-s4q40rbr/travail/Nosfy/Views/VisiteExercice.swift /var/folders/sk/1y78dckn1fbdyvwtdtdy76680000gn/T/nosfy-session-commit-s4q40rbr/travail/Nosfy/Views/VisiteHome.swift /var/folders/sk/1y78dckn1fbdyvwtdtdy76680000gn/T/nosfy-session-commit-s4q40rbr/travail/Nosfy/Views/WahouReveal.swift /var/folders/sk/1y78dckn1fbdyvwtdtdy76680000gn/T/nosfy-session-commit-s4q40rbr/travail/Nosfy/Views/WidgetEdition.swift (in target 'Nosfy' from project 'Nosfy')

SwiftCompile normal arm64 /var/folders/sk/1y78dckn1fbdyvwtdtdy76680000gn/T/nosfy-session-commit-s4q40rbr/travail/Nosfy/Views/SondeVol.swift (in target 'Nosfy' from project 'Nosfy')
    cd /var/folders/sk/1y78dckn1fbdyvwtdtdy76680000gn/T/nosfy-session-commit-s4q40rbr/travail
    

SwiftCompile normal arm64 /var/folders/sk/1y78dckn1fbdyvwtdtdy76680000gn/T/nosfy-session-commit-s4q40rbr/travail/Nosfy/Views/StopCard.swift (in target 'Nosfy' from project 'Nosfy')
    cd /var/folders/sk/1y78dckn1fbdyvwtdtdy76680000gn/T/nosfy-session-commit-s4q40rbr/travail
    

SwiftCompile normal arm64 /var/folders/sk/1y78dckn1fbdyvwtdtdy76680000gn/T/nosfy-session-commit-s4q40rbr/travail/Nosfy/Views/StopLab.swift (in target 'Nosfy' from project 'Nosfy')
    cd /var/folders/sk/1y78dckn1fbdyvwtdtdy76680000gn/T/nosfy-session-commit-s4q40rbr/travail
    

SwiftCompile normal arm64 /var/folders/sk/1y78dckn1fbdyvwtdtdy76680000gn/T/nosfy-session-commit-s4q40rbr/travail/Nosfy/Views/StopSessionSheet.swift (in target 'Nosfy' from project 'Nosfy')
    cd /var/folders/sk/1y78dckn1fbdyvwtdtdy76680000gn/T/nosfy-session-commit-s4q40rbr/travail
    

SwiftCompile normal arm64 /var/folders/sk/1y78dckn1fbdyvwtdtdy76680000gn/T/nosfy-session-commit-s4q40rbr/travail/Nosfy/Views/StoryEnded.swift (in target 'Nosfy' from project 'Nosfy')
    cd /var/folders/sk/1y78dckn1fbdyvwtdtdy76680000gn/T/nosfy-session-commit-s4q40rbr/travail
    

SwiftCompile normal arm64 /var/folders/sk/1y78dckn1fbdyvwtdtdy76680000gn/T/nosfy-session-commit-s4q40rbr/travail/Nosfy/Views/StoryFlow.swift (in target 'Nosfy' from project 'Nosfy')
    cd /var/folders/sk/1y78dckn1fbdyvwtdtdy76680000gn/T/nosfy-session-commit-s4q40rbr/travail
    

SwiftCompile normal arm64 /var/folders/sk/1y78dckn1fbdyvwtdtdy76680000gn/T/nosfy-session-commit-s4q40rbr/travail/Nosfy/Views/StorySuite.swift (in target 'Nosfy' from project 'Nosfy')
    cd /var/folders/sk/1y78dckn1fbdyvwtdtdy76680000gn/T/nosfy-session-commit-s4q40rbr/travail
    

SwiftCompile normal arm64 /var/folders/sk/1y78dckn1fbdyvwtdtdy76680000gn/T/nosfy-session-commit-s4q40rbr/travail/Nosfy/Views/StoryVideo.swift (in target 'Nosfy' from project 'Nosfy')
    cd /var/folders/sk/1y78dckn1fbdyvwtdtdy76680000gn/T/nosfy-session-commit-s4q40rbr/travail
    

SwiftCompile normal arm64 /var/folders/sk/1y78dckn1fbdyvwtdtdy76680000gn/T/nosfy-session-commit-s4q40rbr/travail/Nosfy/Views/SuccessLab.swift (in target 'Nosfy' from project 'Nosfy')
    cd /var/folders/sk/1y78dckn1fbdyvwtdtdy76680000gn/T/nosfy-session-commit-s4q40rbr/travail
    

SwiftCompile normal arm64 /var/folders/sk/1y78dckn1fbdyvwtdtdy76680000gn/T/nosfy-session-commit-s4q40rbr/travail/Nosfy/Views/SwapCardSurface.swift (in target 'Nosfy' from project 'Nosfy')
    cd /var/folders/sk/1y78dckn1fbdyvwtdtdy76680000gn/T/nosfy-session-commit-s4q40rbr/travail
    

SwiftCompile normal arm64 /var/folders/sk/1y78dckn1fbdyvwtdtdy76680000gn/T/nosfy-session-commit-s4q40rbr/travail/Nosfy/Views/SwapEmptyCard.swift (in target 'Nosfy' from project 'Nosfy')
    cd /var/folders/sk/1y78dckn1fbdyvwtdtdy76680000gn/T/nosfy-session-commit-s4q40rbr/travail
    

SwiftCompile normal arm64 /var/folders/sk/1y78dckn1fbdyvwtdtdy76680000gn/T/nosfy-session-commit-s4q40rbr/travail/Nosfy/Views/SynthesisCard.swift (in target 'Nosfy' from project 'Nosfy')
    cd /var/folders/sk/1y78dckn1fbdyvwtdtdy76680000gn/T/nosfy-session-commit-s4q40rbr/travail
    

SwiftCompile normal arm64 /var/folders/sk/1y78dckn1fbdyvwtdtdy76680000gn/T/nosfy-session-commit-s4q40rbr/travail/Nosfy/Views/TapisLab.swift (in target 'Nosfy' from project 'Nosfy')
    cd /var/folders/sk/1y78dckn1fbdyvwtdtdy76680000gn/T/nosfy-session-commit-s4q40rbr/travail
    

SwiftCompile normal arm64 /var/folders/sk/1y78dckn1fbdyvwtdtdy76680000gn/T/nosfy-session-commit-s4q40rbr/travail/Nosfy/Views/TapisScene.swift (in target 'Nosfy' from project 'Nosfy')
    cd /var/folders/sk/1y78dckn1fbdyvwtdtdy76680000gn/T/nosfy-session-commit-s4q40rbr/travail
    

SwiftCompile normal arm64 /var/folders/sk/1y78dckn1fbdyvwtdtdy76680000gn/T/nosfy-session-commit-s4q40rbr/travail/Nosfy/Views/VerificationCompte.swift (in target 'Nosfy' from project 'Nosfy')
    cd /var/folders/sk/1y78dckn1fbdyvwtdtdy76680000gn/T/nosfy-session-commit-s4q40rbr/travail
    

SwiftCompile normal arm64 /var/folders/sk/1y78dckn1fbdyvwtdtdy76680000gn/T/nosfy-session-commit-s4q40rbr/travail/Nosfy/Views/VerreCoulant.swift (in target 'Nosfy' from project 'Nosfy')
    cd /var/folders/sk/1y78dckn1fbdyvwtdtdy76680000gn/T/nosfy-session-commit-s4q40rbr/travail
    

SwiftCompile normal arm64 /var/folders/sk/1y78dckn1fbdyvwtdtdy76680000gn/T/nosfy-session-commit-s4q40rbr/travail/Nosfy/Views/VisiteExercice.swift (in target 'Nosfy' from project 'Nosfy')
    cd /var/folders/sk/1y78dckn1fbdyvwtdtdy76680000gn/T/nosfy-session-commit-s4q40rbr/travail
    

SwiftCompile normal arm64 /var/folders/sk/1y78dckn1fbdyvwtdtdy76680000gn/T/nosfy-session-commit-s4q40rbr/travail/Nosfy/Views/VisiteHome.swift (in target 'Nosfy' from project 'Nosfy')
    cd /var/folders/sk/1y78dckn1fbdyvwtdtdy76680000gn/T/nosfy-session-commit-s4q40rbr/travail
    

SwiftCompile normal arm64 /var/folders/sk/1y78dckn1fbdyvwtdtdy76680000gn/T/nosfy-session-commit-s4q40rbr/travail/Nosfy/Views/WahouReveal.swift (in target 'Nosfy' from project 'Nosfy')
    cd /var/folders/sk/1y78dckn1fbdyvwtdtdy76680000gn/T/nosfy-session-commit-s4q40rbr/travail
    

SwiftCompile normal arm64 /var/folders/sk/1y78dckn1fbdyvwtdtdy76680000gn/T/nosfy-session-commit-s4q40rbr/travail/Nosfy/Views/WidgetEdition.swift (in target 'Nosfy' from project 'Nosfy')
    cd /var/folders/sk/1y78dckn1fbdyvwtdtdy76680000gn/T/nosfy-session-commit-s4q40rbr/travail
    

SwiftMergeGeneratedHeaders /var/folders/sk/1y78dckn1fbdyvwtdtdy76680000gn/T/nosfy-session-commit-s4q40rbr/DerivedData/Build/Intermediates.noindex/Nosfy.build/Debug-iphonesimulator/Nosfy.build/DerivedSources/Woop-Swift.h /var/folders/sk/1y78dckn1fbdyvwtdtdy76680000gn/T/nosfy-session-commit-s4q40rbr/DerivedData/Build/Intermediates.noindex/Nosfy.build/Debug-iphonesimulator/Nosfy.build/Objects-normal/arm64/Woop-Swift.h (in target 'Nosfy' from project 'Nosfy')
    cd /var/folders/sk/1y78dckn1fbdyvwtdtdy76680000gn/T/nosfy-session-commit-s4q40rbr/travail
    builtin-swiftHeaderTool -arch arm64 /var/folders/sk/1y78dckn1fbdyvwtdtdy76680000gn/T/nosfy-session-commit-s4q40rbr/DerivedData/Build/Intermediates.noindex/Nosfy.build/Debug-iphonesimulator/Nosfy.build/Objects-normal/arm64/Woop-Swift.h -o /var/folders/sk/1y78dckn1fbdyvwtdtdy76680000gn/T/nosfy-session-commit-s4q40rbr/DerivedData/Build/Intermediates.noindex/Nosfy.build/Debug-iphonesimulator/Nosfy.build/DerivedSources/Woop-Swift.h

SwiftDriverJobDiscovery normal arm64 Compiling ForgeServeur.swift, HomeTextes.swift, InscriptionCompte.swift, Langue.swift, LuneForge.swift, OutboxGains.swift, OuvertureSeanceServeur.swift, ProfilServeur.swift, ReglementSeance.swift, SacreServeur.swift, Supabase.swift, SupabaseSync.swift, SynthesisService.swift, WorkoutActivityController.swift, ActiveWorkoutView.swift, AppelChapitre.swift, AppelProfilVisite.swift, AuroraBgLab.swift, AuthView.swift, BancCoutHome.swift, BoosterCard.swift (in target 'Nosfy' from project 'Nosfy')

Copy /var/folders/sk/1y78dckn1fbdyvwtdtdy76680000gn/T/nosfy-session-commit-s4q40rbr/DerivedData/Build/Products/Debug-iphonesimulator/Woop.swiftmodule/arm64-apple-ios-simulator.swiftmodule /var/folders/sk/1y78dckn1fbdyvwtdtdy76680000gn/T/nosfy-session-commit-s4q40rbr/DerivedData/Build/Intermediates.noindex/Nosfy.build/Debug-iphonesimulator/Nosfy.build/Objects-normal/arm64/Woop.swiftmodule (in target 'Nosfy' from project 'Nosfy')
    cd /var/folders/sk/1y78dckn1fbdyvwtdtdy76680000gn/T/nosfy-session-commit-s4q40rbr/travail
    builtin-copy -exclude .DS_Store -exclude CVS -exclude .svn -exclude .git -exclude .hg -resolve-src-symlinks -rename /var/folders/sk/1y78dckn1fbdyvwtdtdy76680000gn/T/nosfy-session-commit-s4q40rbr/DerivedData/Build/Intermediates.noindex/Nosfy.build/Debug-iphonesimulator/Nosfy.build/Objects-normal/arm64/Woop.swiftmodule /var/folders/sk/1y78dckn1fbdyvwtdtdy76680000gn/T/nosfy-session-commit-s4q40rbr/DerivedData/Build/Products/Debug-iphonesimulator/Woop.swiftmodule/arm64-apple-ios-simulator.swiftmodule

Copy /var/folders/sk/1y78dckn1fbdyvwtdtdy76680000gn/T/nosfy-session-commit-s4q40rbr/DerivedData/Build/Products/Debug-iphonesimulator/Woop.swiftmodule/arm64-apple-ios-simulator.swiftdoc /var/folders/sk/1y78dckn1fbdyvwtdtdy76680000gn/T/nosfy-session-commit-s4q40rbr/DerivedData/Build/Intermediates.noindex/Nosfy.build/Debug-iphonesimulator/Nosfy.build/Objects-normal/arm64/Woop.swiftdoc (in target 'Nosfy' from project 'Nosfy')
    cd /var/folders/sk/1y78dckn1fbdyvwtdtdy76680000gn/T/nosfy-session-commit-s4q40rbr/travail
    builtin-copy -exclude .DS_Store -exclude CVS -exclude .svn -exclude .git -exclude .hg -resolve-src-symlinks -rename /var/folders/sk/1y78dckn1fbdyvwtdtdy76680000gn/T/nosfy-session-commit-s4q40rbr/DerivedData/Build/Intermediates.noindex/Nosfy.build/Debug-iphonesimulator/Nosfy.build/Objects-normal/arm64/Woop.swiftdoc /var/folders/sk/1y78dckn1fbdyvwtdtdy76680000gn/T/nosfy-session-commit-s4q40rbr/DerivedData/Build/Products/Debug-iphonesimulator/Woop.swiftmodule/arm64-apple-ios-simulator.swiftdoc

Copy /var/folders/sk/1y78dckn1fbdyvwtdtdy76680000gn/T/nosfy-session-commit-s4q40rbr/DerivedData/Build/Products/Debug-iphonesimulator/Woop.swiftmodule/arm64-apple-ios-simulator.abi.json /var/folders/sk/1y78dckn1fbdyvwtdtdy76680000gn/T/nosfy-session-commit-s4q40rbr/DerivedData/Build/Intermediates.noindex/Nosfy.build/Debug-iphonesimulator/Nosfy.build/Objects-normal/arm64/Woop.abi.json (in target 'Nosfy' from project 'Nosfy')
    cd /var/folders/sk/1y78dckn1fbdyvwtdtdy76680000gn/T/nosfy-session-commit-s4q40rbr/travail
    builtin-copy -exclude .DS_Store -exclude CVS -exclude .svn -exclude .git -exclude .hg -resolve-src-symlinks -rename /var/folders/sk/1y78dckn1fbdyvwtdtdy76680000gn/T/nosfy-session-commit-s4q40rbr/DerivedData/Build/Intermediates.noindex/Nosfy.build/Debug-iphonesimulator/Nosfy.build/Objects-normal/arm64/Woop.abi.json /var/folders/sk/1y78dckn1fbdyvwtdtdy76680000gn/T/nosfy-session-commit-s4q40rbr/DerivedData/Build/Products/Debug-iphonesimulator/Woop.swiftmodule/arm64-apple-ios-simulator.abi.json

Copy /var/folders/sk/1y78dckn1fbdyvwtdtdy76680000gn/T/nosfy-session-commit-s4q40rbr/DerivedData/Build/Products/Debug-iphonesimulator/Woop.swiftmodule/Project/arm64-apple-ios-simulator.swiftsourceinfo /var/folders/sk/1y78dckn1fbdyvwtdtdy76680000gn/T/nosfy-session-commit-s4q40rbr/DerivedData/Build/Intermediates.noindex/Nosfy.build/Debug-iphonesimulator/Nosfy.build/Objects-normal/arm64/Woop.swiftsourceinfo (in target 'Nosfy' from project 'Nosfy')
    cd /var/folders/sk/1y78dckn1fbdyvwtdtdy76680000gn/T/nosfy-session-commit-s4q40rbr/travail
    builtin-copy -exclude .DS_Store -exclude CVS -exclude .svn -exclude .git -exclude .hg -resolve-src-symlinks -rename /var/folders/sk/1y78dckn1fbdyvwtdtdy76680000gn/T/nosfy-session-commit-s4q40rbr/DerivedData/Build/Intermediates.noindex/Nosfy.build/Debug-iphonesimulator/Nosfy.build/Objects-normal/arm64/Woop.swiftsourceinfo /var/folders/sk/1y78dckn1fbdyvwtdtdy76680000gn/T/nosfy-session-commit-s4q40rbr/DerivedData/Build/Products/Debug-iphonesimulator/Woop.swiftmodule/Project/arm64-apple-ios-simulator.swiftsourceinfo

SwiftDriverJobDiscovery normal arm64 Compiling NavEncre.swift, NavLab.swift, NeonPrimaryButton.swift, NeonPrimaryLab.swift, NosfyOnboarding.swift, NotchedCard.swift, NotifCard.swift, NotifChasse.swift, NotifLab.swift, ObjectiveCard.swift, ObjectiveCardLab.swift, ObsidianCard.swift, ObsidianCardLab.swift, PageCard.swift, PanBande.swift, ParoleLigne.swift, PerleSemaineNative.swift, PiluleVagabonde.swift, PlayerMonde.swift, PorteApple.swift (in target 'Nosfy' from project 'Nosfy')

** BUILD FAILED **


The following build commands failed:
	SwiftCompile normal arm64 Compiling\ BottleSplash.swift,\ CoinChime.swift,\ DiamondGlints.swift,\ Ink.swift,\ LightDial.swift,\ LuneDust.swift,\ MonolithChime.swift,\ NightBirds.swift,\ RocketHaptics.swift,\ SparkleBurst.swift,\ SplashBackground.swift,\ SplashWisp.swift,\ Annonces.swift,\ AppleAuth.swift,\ CartesQABanc.swift,\ CartesServeur.swift,\ ChambreServeur.swift,\ CoachServeur.swift,\ Compte.swift,\ EconomieNosfy.swift,\ ErreurNosfy.swift /var/folders/sk/1y78dckn1fbdyvwtdtdy76680000gn/T/nosfy-session-commit-s4q40rbr/travail/Nosfy/Figures/BottleSplash.swift /var/folders/sk/1y78dckn1fbdyvwtdtdy76680000gn/T/nosfy-session-commit-s4q40rbr/travail/Nosfy/Figures/CoinChime.swift /var/folders/sk/1y78dckn1fbdyvwtdtdy76680000gn/T/nosfy-session-commit-s4q40rbr/travail/Nosfy/Figures/DiamondGlints.swift /var/folders/sk/1y78dckn1fbdyvwtdtdy76680000gn/T/nosfy-session-commit-s4q40rbr/travail/Nosfy/Figures/Ink.swift /var/folders/sk/1y78dckn1fbdyvwtdtdy76680000gn/T/nosfy-session-commit-s4q40rbr/travail/Nosfy/Figures/LightDial.swift /var/folders/sk/1y78dckn1fbdyvwtdtdy76680000gn/T/nosfy-session-commit-s4q40rbr/travail/Nosfy/Figures/LuneDust.swift /var/folders/sk/1y78dckn1fbdyvwtdtdy76680000gn/T/nosfy-session-commit-s4q40rbr/travail/Nosfy/Figures/MonolithChime.swift /var/folders/sk/1y78dckn1fbdyvwtdtdy76680000gn/T/nosfy-session-commit-s4q40rbr/travail/Nosfy/Figures/NightBirds.swift /var/folders/sk/1y78dckn1fbdyvwtdtdy76680000gn/T/nosfy-session-commit-s4q40rbr/travail/Nosfy/Figures/RocketHaptics.swift /var/folders/sk/1y78dckn1fbdyvwtdtdy76680000gn/T/nosfy-session-commit-s4q40rbr/travail/Nosfy/Figures/SparkleBurst.swift /var/folders/sk/1y78dckn1fbdyvwtdtdy76680000gn/T/nosfy-session-commit-s4q40rbr/travail/Nosfy/Figures/SplashBackground.swift /var/folders/sk/1y78dckn1fbdyvwtdtdy76680000gn/T/nosfy-session-commit-s4q40rbr/travail/Nosfy/Figures/SplashWisp.swift /var/folders/sk/1y78dckn1fbdyvwtdtdy76680000gn/T/nosfy-session-commit-s4q40rbr/travail/Nosfy/Services/Annonces.swift /var/folders/sk/1y78dckn1fbdyvwtdtdy76680000gn/T/nosfy-session-commit-s4q40rbr/travail/Nosfy/Services/AppleAuth.swift /var/folders/sk/1y78dckn1fbdyvwtdtdy76680000gn/T/nosfy-session-commit-s4q40rbr/travail/Nosfy/Services/CartesQABanc.swift /var/folders/sk/1y78dckn1fbdyvwtdtdy76680000gn/T/nosfy-session-commit-s4q40rbr/travail/Nosfy/Services/CartesServeur.swift /var/folders/sk/1y78dckn1fbdyvwtdtdy76680000gn/T/nosfy-session-commit-s4q40rbr/travail/Nosfy/Services/ChambreServeur.swift /var/folders/sk/1y78dckn1fbdyvwtdtdy76680000gn/T/nosfy-session-commit-s4q40rbr/travail/Nosfy/Services/CoachServeur.swift /var/folders/sk/1y78dckn1fbdyvwtdtdy76680000gn/T/nosfy-session-commit-s4q40rbr/travail/Nosfy/Services/Compte.swift /var/folders/sk/1y78dckn1fbdyvwtdtdy76680000gn/T/nosfy-session-commit-s4q40rbr/travail/Nosfy/Services/EconomieNosfy.swift /var/folders/sk/1y78dckn1fbdyvwtdtdy76680000gn/T/nosfy-session-commit-s4q40rbr/travail/Nosfy/Services/ErreurNosfy.swift (in target 'Nosfy' from project 'Nosfy')
	SwiftCompile normal arm64 /var/folders/sk/1y78dckn1fbdyvwtdtdy76680000gn/T/nosfy-session-commit-s4q40rbr/travail/Nosfy/Services/Annonces.swift (in target 'Nosfy' from project 'Nosfy')
	Building project Nosfy with scheme Nosfy and configuration Debug
(3 failures)
