Command line invocation:
    /Applications/Xcode.app/Contents/Developer/usr/bin/xcodebuild -project Nosfy.xcodeproj -scheme Nosfy -configuration Release -destination generic/platform=iOS -derivedDataPath /tmp/nosfy-nom-20260918 -jobs 2 CURRENT_PROJECT_VERSION=74 build

Build settings from command line:
    CURRENT_PROJECT_VERSION = 74

Build Preparation
Build task concurrency set to 2 via user default IDEBuildOperationMaxNumberOfConcurrentCompileTasks

ComputePackagePrebuildTargetDependencyGraph

Prepare packages

CreateBuildRequest

SendProjectDescription

CreateBuildOperation

ComputeTargetDependencyGraph
note: Building targets in dependency order
note: Target dependency graph (2 targets)
    Target 'Nosfy' in project 'Nosfy'
        ➜ Explicit dependency on target 'NosfyWidgets' in project 'Nosfy'
    Target 'NosfyWidgets' in project 'Nosfy' (no dependencies)

GatherProvisioningInputs

CreateBuildDescription

ExecuteExternalTool /Applications/Xcode.app/Contents/Developer/Toolchains/XcodeDefault.xctoolchain/usr/bin/swiftc --version

ExecuteExternalTool /Applications/Xcode.app/Contents/Developer/Toolchains/XcodeDefault.xctoolchain/usr/bin/clang -v -E -dM -isysroot /Applications/Xcode.app/Contents/Developer/Platforms/iPhoneOS.platform/Developer/SDKs/iPhoneOS26.5.sdk -x c -c /dev/null

ExecuteExternalTool /Applications/Xcode.app/Contents/Developer/usr/bin/actool --print-asset-tag-combinations --output-format xml1 /Users/kathryn/Desktop/woochoper-ios/Nosfy/AppIcon.icon /Users/kathryn/Desktop/woochoper-ios/Nosfy/Assets.xcassets

ExecuteExternalTool /Applications/Xcode.app/Contents/Developer/usr/bin/actool --version --output-format xml1

ExecuteExternalTool /Applications/Xcode.app/Contents/Developer/Toolchains/XcodeDefault.xctoolchain/usr/bin/ld -version_details

Build description signature: 2f53022ebaadf9e384e431ed68bbb5b2
Build description path: /tmp/nosfy-nom-20260918/Build/Intermediates.noindex/XCBuildData/2f53022ebaadf9e384e431ed68bbb5b2.xcbuilddata
ClangStatCache /Applications/Xcode.app/Contents/Developer/Toolchains/XcodeDefault.xctoolchain/usr/bin/clang-stat-cache /Applications/Xcode.app/Contents/Developer/Platforms/iPhoneOS.platform/Developer/SDKs/iPhoneOS26.5.sdk /tmp/nosfy-nom-20260918/SDKStatCaches.noindex/iphoneos26.5-23F73-688ef53f1462e2c8f657fdc38a81448f32daed1954a7d5dd0789fcaf2a9bb78b.sdkstatcache
    cd /Users/kathryn/Desktop/woochoper-ios/Nosfy.xcodeproj
    /Applications/Xcode.app/Contents/Developer/Toolchains/XcodeDefault.xctoolchain/usr/bin/clang-stat-cache /Applications/Xcode.app/Contents/Developer/Platforms/iPhoneOS.platform/Developer/SDKs/iPhoneOS26.5.sdk -o /tmp/nosfy-nom-20260918/SDKStatCaches.noindex/iphoneos26.5-23F73-688ef53f1462e2c8f657fdc38a81448f32daed1954a7d5dd0789fcaf2a9bb78b.sdkstatcache

CreateBuildDirectory /tmp/nosfy-nom-20260918/Build/Products
    cd /Users/kathryn/Desktop/woochoper-ios/Nosfy.xcodeproj
    builtin-create-build-directory /tmp/nosfy-nom-20260918/Build/Products

CreateBuildDirectory /tmp/nosfy-nom-20260918/Build/Intermediates.noindex
    cd /Users/kathryn/Desktop/woochoper-ios/Nosfy.xcodeproj
    builtin-create-build-directory /tmp/nosfy-nom-20260918/Build/Intermediates.noindex

CreateBuildDirectory /tmp/nosfy-nom-20260918/Build/Products/Release-iphoneos
    cd /Users/kathryn/Desktop/woochoper-ios/Nosfy.xcodeproj
    builtin-create-build-directory /tmp/nosfy-nom-20260918/Build/Products/Release-iphoneos

WriteAuxiliaryFile /tmp/nosfy-nom-20260918/Build/Intermediates.noindex/Nosfy.build/Release-iphoneos/Nosfy-79457564d8ce4e0e3822ec51709fb743-VFS-iphoneos/all-product-headers.yaml
    cd /Users/kathryn/Desktop/woochoper-ios/Nosfy.xcodeproj
    write-file /tmp/nosfy-nom-20260918/Build/Intermediates.noindex/Nosfy.build/Release-iphoneos/Nosfy-79457564d8ce4e0e3822ec51709fb743-VFS-iphoneos/all-product-headers.yaml

CreateBuildDirectory /tmp/nosfy-nom-20260918/Build/Intermediates.noindex/SwiftExplicitPrecompiledModules
    cd /Users/kathryn/Desktop/woochoper-ios/Nosfy.xcodeproj
    builtin-create-build-directory /tmp/nosfy-nom-20260918/Build/Intermediates.noindex/SwiftExplicitPrecompiledModules

CreateBuildDirectory /tmp/nosfy-nom-20260918/Build/Intermediates.noindex/ExplicitPrecompiledModules
    cd /Users/kathryn/Desktop/woochoper-ios/Nosfy.xcodeproj
    builtin-create-build-directory /tmp/nosfy-nom-20260918/Build/Intermediates.noindex/ExplicitPrecompiledModules

CreateBuildDirectory /tmp/nosfy-nom-20260918/Build/Intermediates.noindex/EagerLinkingTBDs/Release-iphoneos
    cd /Users/kathryn/Desktop/woochoper-ios/Nosfy.xcodeproj
    builtin-create-build-directory /tmp/nosfy-nom-20260918/Build/Intermediates.noindex/EagerLinkingTBDs/Release-iphoneos

WriteAuxiliaryFile /tmp/nosfy-nom-20260918/Build/Intermediates.noindex/Nosfy.build/Release-iphoneos/Nosfy.build/Objects-normal/arm64/Nosfy_const_extract_protocols.json (in target 'Nosfy' from project 'Nosfy')
    cd /Users/kathryn/Desktop/woochoper-ios
    write-file /tmp/nosfy-nom-20260918/Build/Intermediates.noindex/Nosfy.build/Release-iphoneos/Nosfy.build/Objects-normal/arm64/Nosfy_const_extract_protocols.json

WriteAuxiliaryFile /tmp/nosfy-nom-20260918/Build/Intermediates.noindex/Nosfy.build/Release-iphoneos/NosfyWidgets.build/Objects-normal/arm64/NosfyWidgets_const_extract_protocols.json (in target 'NosfyWidgets' from project 'Nosfy')
    cd /Users/kathryn/Desktop/woochoper-ios
    write-file /tmp/nosfy-nom-20260918/Build/Intermediates.noindex/Nosfy.build/Release-iphoneos/NosfyWidgets.build/Objects-normal/arm64/NosfyWidgets_const_extract_protocols.json

WriteAuxiliaryFile /tmp/nosfy-nom-20260918/Build/Intermediates.noindex/Nosfy.build/Release-iphoneos/NosfyWidgets.build/Objects-normal/arm64/NosfyWidgets.SwiftFileList (in target 'NosfyWidgets' from project 'Nosfy')
    cd /Users/kathryn/Desktop/woochoper-ios
    write-file /tmp/nosfy-nom-20260918/Build/Intermediates.noindex/Nosfy.build/Release-iphoneos/NosfyWidgets.build/Objects-normal/arm64/NosfyWidgets.SwiftFileList

WriteAuxiliaryFile /tmp/nosfy-nom-20260918/Build/Intermediates.noindex/Nosfy.build/Release-iphoneos/NosfyWidgets.build/Objects-normal/arm64/NosfyWidgets.SwiftConstValuesFileList (in target 'NosfyWidgets' from project 'Nosfy')
    cd /Users/kathryn/Desktop/woochoper-ios
    write-file /tmp/nosfy-nom-20260918/Build/Intermediates.noindex/Nosfy.build/Release-iphoneos/NosfyWidgets.build/Objects-normal/arm64/NosfyWidgets.SwiftConstValuesFileList

WriteAuxiliaryFile /tmp/nosfy-nom-20260918/Build/Intermediates.noindex/Nosfy.build/Release-iphoneos/NosfyWidgets.build/Objects-normal/arm64/NosfyWidgets.LinkFileList (in target 'NosfyWidgets' from project 'Nosfy')
    cd /Users/kathryn/Desktop/woochoper-ios
    write-file /tmp/nosfy-nom-20260918/Build/Intermediates.noindex/Nosfy.build/Release-iphoneos/NosfyWidgets.build/Objects-normal/arm64/NosfyWidgets.LinkFileList

WriteAuxiliaryFile /tmp/nosfy-nom-20260918/Build/Intermediates.noindex/Nosfy.build/Release-iphoneos/NosfyWidgets.build/Objects-normal/arm64/NosfyWidgets-OutputFileMap.json (in target 'NosfyWidgets' from project 'Nosfy')
    cd /Users/kathryn/Desktop/woochoper-ios
    write-file /tmp/nosfy-nom-20260918/Build/Intermediates.noindex/Nosfy.build/Release-iphoneos/NosfyWidgets.build/Objects-normal/arm64/NosfyWidgets-OutputFileMap.json

WriteAuxiliaryFile /tmp/nosfy-nom-20260918/Build/Intermediates.noindex/Nosfy.build/Release-iphoneos/NosfyWidgets.build/NosfyWidgets.hmap (in target 'NosfyWidgets' from project 'Nosfy')
    cd /Users/kathryn/Desktop/woochoper-ios
    write-file /tmp/nosfy-nom-20260918/Build/Intermediates.noindex/Nosfy.build/Release-iphoneos/NosfyWidgets.build/NosfyWidgets.hmap

WriteAuxiliaryFile /tmp/nosfy-nom-20260918/Build/Intermediates.noindex/Nosfy.build/Release-iphoneos/NosfyWidgets.build/NosfyWidgets.DependencyStaticMetadataFileList (in target 'NosfyWidgets' from project 'Nosfy')
    cd /Users/kathryn/Desktop/woochoper-ios
    write-file /tmp/nosfy-nom-20260918/Build/Intermediates.noindex/Nosfy.build/Release-iphoneos/NosfyWidgets.build/NosfyWidgets.DependencyStaticMetadataFileList

WriteAuxiliaryFile /tmp/nosfy-nom-20260918/Build/Intermediates.noindex/Nosfy.build/Release-iphoneos/NosfyWidgets.build/NosfyWidgets.DependencyMetadataFileList (in target 'NosfyWidgets' from project 'Nosfy')
    cd /Users/kathryn/Desktop/woochoper-ios
    write-file /tmp/nosfy-nom-20260918/Build/Intermediates.noindex/Nosfy.build/Release-iphoneos/NosfyWidgets.build/NosfyWidgets.DependencyMetadataFileList

WriteAuxiliaryFile /tmp/nosfy-nom-20260918/Build/Intermediates.noindex/Nosfy.build/Release-iphoneos/NosfyWidgets.build/NosfyWidgets-project-headers.hmap (in target 'NosfyWidgets' from project 'Nosfy')
    cd /Users/kathryn/Desktop/woochoper-ios
    write-file /tmp/nosfy-nom-20260918/Build/Intermediates.noindex/Nosfy.build/Release-iphoneos/NosfyWidgets.build/NosfyWidgets-project-headers.hmap

WriteAuxiliaryFile /tmp/nosfy-nom-20260918/Build/Intermediates.noindex/Nosfy.build/Release-iphoneos/NosfyWidgets.build/NosfyWidgets-own-target-headers.hmap (in target 'NosfyWidgets' from project 'Nosfy')
    cd /Users/kathryn/Desktop/woochoper-ios
    write-file /tmp/nosfy-nom-20260918/Build/Intermediates.noindex/Nosfy.build/Release-iphoneos/NosfyWidgets.build/NosfyWidgets-own-target-headers.hmap

WriteAuxiliaryFile /tmp/nosfy-nom-20260918/Build/Intermediates.noindex/Nosfy.build/Release-iphoneos/NosfyWidgets.build/NosfyWidgets-generated-files.hmap (in target 'NosfyWidgets' from project 'Nosfy')
    cd /Users/kathryn/Desktop/woochoper-ios
    write-file /tmp/nosfy-nom-20260918/Build/Intermediates.noindex/Nosfy.build/Release-iphoneos/NosfyWidgets.build/NosfyWidgets-generated-files.hmap

WriteAuxiliaryFile /tmp/nosfy-nom-20260918/Build/Intermediates.noindex/Nosfy.build/Release-iphoneos/NosfyWidgets.build/NosfyWidgets-all-target-headers.hmap (in target 'NosfyWidgets' from project 'Nosfy')
    cd /Users/kathryn/Desktop/woochoper-ios
    write-file /tmp/nosfy-nom-20260918/Build/Intermediates.noindex/Nosfy.build/Release-iphoneos/NosfyWidgets.build/NosfyWidgets-all-target-headers.hmap

WriteAuxiliaryFile /tmp/nosfy-nom-20260918/Build/Intermediates.noindex/Nosfy.build/Release-iphoneos/NosfyWidgets.build/NosfyWidgets-all-non-framework-target-headers.hmap (in target 'NosfyWidgets' from project 'Nosfy')
    cd /Users/kathryn/Desktop/woochoper-ios
    write-file /tmp/nosfy-nom-20260918/Build/Intermediates.noindex/Nosfy.build/Release-iphoneos/NosfyWidgets.build/NosfyWidgets-all-non-framework-target-headers.hmap

WriteAuxiliaryFile /tmp/nosfy-nom-20260918/Build/Intermediates.noindex/Nosfy.build/Release-iphoneos/NosfyWidgets.build/DerivedSources/Entitlements.plist (in target 'NosfyWidgets' from project 'Nosfy')
    cd /Users/kathryn/Desktop/woochoper-ios
    write-file /tmp/nosfy-nom-20260918/Build/Intermediates.noindex/Nosfy.build/Release-iphoneos/NosfyWidgets.build/DerivedSources/Entitlements.plist

WriteAuxiliaryFile /tmp/nosfy-nom-20260918/Build/Intermediates.noindex/Nosfy.build/Release-iphoneos/Nosfy.build/Objects-normal/arm64/Nosfy.SwiftFileList (in target 'Nosfy' from project 'Nosfy')
    cd /Users/kathryn/Desktop/woochoper-ios
    write-file /tmp/nosfy-nom-20260918/Build/Intermediates.noindex/Nosfy.build/Release-iphoneos/Nosfy.build/Objects-normal/arm64/Nosfy.SwiftFileList

WriteAuxiliaryFile /tmp/nosfy-nom-20260918/Build/Intermediates.noindex/Nosfy.build/Release-iphoneos/Nosfy.build/Objects-normal/arm64/Nosfy.SwiftConstValuesFileList (in target 'Nosfy' from project 'Nosfy')
    cd /Users/kathryn/Desktop/woochoper-ios
    write-file /tmp/nosfy-nom-20260918/Build/Intermediates.noindex/Nosfy.build/Release-iphoneos/Nosfy.build/Objects-normal/arm64/Nosfy.SwiftConstValuesFileList

WriteAuxiliaryFile /tmp/nosfy-nom-20260918/Build/Intermediates.noindex/Nosfy.build/Release-iphoneos/Nosfy.build/Objects-normal/arm64/Nosfy.LinkFileList (in target 'Nosfy' from project 'Nosfy')
    cd /Users/kathryn/Desktop/woochoper-ios
    write-file /tmp/nosfy-nom-20260918/Build/Intermediates.noindex/Nosfy.build/Release-iphoneos/Nosfy.build/Objects-normal/arm64/Nosfy.LinkFileList

WriteAuxiliaryFile /tmp/nosfy-nom-20260918/Build/Intermediates.noindex/Nosfy.build/Release-iphoneos/Nosfy.build/Objects-normal/arm64/Nosfy-OutputFileMap.json (in target 'Nosfy' from project 'Nosfy')
    cd /Users/kathryn/Desktop/woochoper-ios
    write-file /tmp/nosfy-nom-20260918/Build/Intermediates.noindex/Nosfy.build/Release-iphoneos/Nosfy.build/Objects-normal/arm64/Nosfy-OutputFileMap.json

WriteAuxiliaryFile /tmp/nosfy-nom-20260918/Build/Intermediates.noindex/Nosfy.build/Release-iphoneos/Nosfy.build/Nosfy.hmap (in target 'Nosfy' from project 'Nosfy')
    cd /Users/kathryn/Desktop/woochoper-ios
    write-file /tmp/nosfy-nom-20260918/Build/Intermediates.noindex/Nosfy.build/Release-iphoneos/Nosfy.build/Nosfy.hmap

WriteAuxiliaryFile /tmp/nosfy-nom-20260918/Build/Intermediates.noindex/Nosfy.build/Release-iphoneos/Nosfy.build/Nosfy.DependencyStaticMetadataFileList (in target 'Nosfy' from project 'Nosfy')
    cd /Users/kathryn/Desktop/woochoper-ios
    write-file /tmp/nosfy-nom-20260918/Build/Intermediates.noindex/Nosfy.build/Release-iphoneos/Nosfy.build/Nosfy.DependencyStaticMetadataFileList

WriteAuxiliaryFile /tmp/nosfy-nom-20260918/Build/Intermediates.noindex/Nosfy.build/Release-iphoneos/Nosfy.build/Nosfy.DependencyMetadataFileList (in target 'Nosfy' from project 'Nosfy')
    cd /Users/kathryn/Desktop/woochoper-ios
    write-file /tmp/nosfy-nom-20260918/Build/Intermediates.noindex/Nosfy.build/Release-iphoneos/Nosfy.build/Nosfy.DependencyMetadataFileList

WriteAuxiliaryFile /tmp/nosfy-nom-20260918/Build/Intermediates.noindex/Nosfy.build/Release-iphoneos/Nosfy.build/Nosfy-project-headers.hmap (in target 'Nosfy' from project 'Nosfy')
    cd /Users/kathryn/Desktop/woochoper-ios
    write-file /tmp/nosfy-nom-20260918/Build/Intermediates.noindex/Nosfy.build/Release-iphoneos/Nosfy.build/Nosfy-project-headers.hmap

WriteAuxiliaryFile /tmp/nosfy-nom-20260918/Build/Intermediates.noindex/Nosfy.build/Release-iphoneos/Nosfy.build/Nosfy-own-target-headers.hmap (in target 'Nosfy' from project 'Nosfy')
    cd /Users/kathryn/Desktop/woochoper-ios
    write-file /tmp/nosfy-nom-20260918/Build/Intermediates.noindex/Nosfy.build/Release-iphoneos/Nosfy.build/Nosfy-own-target-headers.hmap

WriteAuxiliaryFile /tmp/nosfy-nom-20260918/Build/Intermediates.noindex/Nosfy.build/Release-iphoneos/Nosfy.build/Nosfy-generated-files.hmap (in target 'Nosfy' from project 'Nosfy')
    cd /Users/kathryn/Desktop/woochoper-ios
    write-file /tmp/nosfy-nom-20260918/Build/Intermediates.noindex/Nosfy.build/Release-iphoneos/Nosfy.build/Nosfy-generated-files.hmap

WriteAuxiliaryFile /tmp/nosfy-nom-20260918/Build/Intermediates.noindex/Nosfy.build/Release-iphoneos/Nosfy.build/Nosfy-all-target-headers.hmap (in target 'Nosfy' from project 'Nosfy')
    cd /Users/kathryn/Desktop/woochoper-ios
    write-file /tmp/nosfy-nom-20260918/Build/Intermediates.noindex/Nosfy.build/Release-iphoneos/Nosfy.build/Nosfy-all-target-headers.hmap

WriteAuxiliaryFile /tmp/nosfy-nom-20260918/Build/Intermediates.noindex/Nosfy.build/Release-iphoneos/Nosfy.build/Nosfy-all-non-framework-target-headers.hmap (in target 'Nosfy' from project 'Nosfy')
    cd /Users/kathryn/Desktop/woochoper-ios
    write-file /tmp/nosfy-nom-20260918/Build/Intermediates.noindex/Nosfy.build/Release-iphoneos/Nosfy.build/Nosfy-all-non-framework-target-headers.hmap

WriteAuxiliaryFile /tmp/nosfy-nom-20260918/Build/Intermediates.noindex/Nosfy.build/Release-iphoneos/Nosfy.build/DerivedSources/Entitlements.plist (in target 'Nosfy' from project 'Nosfy')
    cd /Users/kathryn/Desktop/woochoper-ios
    write-file /tmp/nosfy-nom-20260918/Build/Intermediates.noindex/Nosfy.build/Release-iphoneos/Nosfy.build/DerivedSources/Entitlements.plist

MkDir /tmp/nosfy-nom-20260918/Build/Products/Release-iphoneos/NosfyWidgets.appex (in target 'NosfyWidgets' from project 'Nosfy')
    cd /Users/kathryn/Desktop/woochoper-ios
    /bin/mkdir -p /tmp/nosfy-nom-20260918/Build/Products/Release-iphoneos/NosfyWidgets.appex

MkDir /tmp/nosfy-nom-20260918/Build/Products/Release-iphoneos/Nosfy.app/PlugIns (in target 'Nosfy' from project 'Nosfy')
    cd /Users/kathryn/Desktop/woochoper-ios
    /bin/mkdir -p /tmp/nosfy-nom-20260918/Build/Products/Release-iphoneos/Nosfy.app/PlugIns

MkDir /tmp/nosfy-nom-20260918/Build/Products/Release-iphoneos/Nosfy.app (in target 'Nosfy' from project 'Nosfy')
    cd /Users/kathryn/Desktop/woochoper-ios
    /bin/mkdir -p /tmp/nosfy-nom-20260918/Build/Products/Release-iphoneos/Nosfy.app

ProcessProductPackaging /Users/kathryn/Library/Developer/Xcode/UserData/Provisioning\ Profiles/eafda533-6cb5-4f6a-bbb1-cacbcfcca504.mobileprovision /tmp/nosfy-nom-20260918/Build/Products/Release-iphoneos/NosfyWidgets.appex/embedded.mobileprovision (in target 'NosfyWidgets' from project 'Nosfy')
    cd /Users/kathryn/Desktop/woochoper-ios
    builtin-productPackagingUtility /Users/kathryn/Library/Developer/Xcode/UserData/Provisioning\ Profiles/eafda533-6cb5-4f6a-bbb1-cacbcfcca504.mobileprovision -o /tmp/nosfy-nom-20260918/Build/Products/Release-iphoneos/NosfyWidgets.appex/embedded.mobileprovision

ProcessProductPackaging "" /tmp/nosfy-nom-20260918/Build/Intermediates.noindex/Nosfy.build/Release-iphoneos/NosfyWidgets.build/NosfyWidgets.appex.xcent (in target 'NosfyWidgets' from project 'Nosfy')
    cd /Users/kathryn/Desktop/woochoper-ios
    
    Entitlements:
    
    {
    "application-identifier" = "V45F4LUU8D.fr.kathryn.woop.WoopWidgets";
    "com.apple.developer.team-identifier" = V45F4LUU8D;
    "get-task-allow" = 1;
}
    
    builtin-productPackagingUtility -entitlements -format xml -o /tmp/nosfy-nom-20260918/Build/Intermediates.noindex/Nosfy.build/Release-iphoneos/NosfyWidgets.build/NosfyWidgets.appex.xcent

ProcessProductPackagingDER /tmp/nosfy-nom-20260918/Build/Intermediates.noindex/Nosfy.build/Release-iphoneos/NosfyWidgets.build/NosfyWidgets.appex.xcent /tmp/nosfy-nom-20260918/Build/Intermediates.noindex/Nosfy.build/Release-iphoneos/NosfyWidgets.build/NosfyWidgets.appex.xcent.der (in target 'NosfyWidgets' from project 'Nosfy')
    cd /Users/kathryn/Desktop/woochoper-ios
    /usr/bin/derq query -f xml -i /tmp/nosfy-nom-20260918/Build/Intermediates.noindex/Nosfy.build/Release-iphoneos/NosfyWidgets.build/NosfyWidgets.appex.xcent -o /tmp/nosfy-nom-20260918/Build/Intermediates.noindex/Nosfy.build/Release-iphoneos/NosfyWidgets.build/NosfyWidgets.appex.xcent.der --raw

ProcessInfoPlistFile /tmp/nosfy-nom-20260918/Build/Products/Release-iphoneos/NosfyWidgets.appex/Info.plist /Users/kathryn/Desktop/woochoper-ios/NosfyWidgets/Info.plist (in target 'NosfyWidgets' from project 'Nosfy')
    cd /Users/kathryn/Desktop/woochoper-ios
    builtin-infoPlistUtility /Users/kathryn/Desktop/woochoper-ios/NosfyWidgets/Info.plist -producttype com.apple.product-type.app-extension -expandbuildsettings -format binary -platform iphoneos -requiredArchitecture arm64 -o /tmp/nosfy-nom-20260918/Build/Products/Release-iphoneos/NosfyWidgets.appex/Info.plist

SwiftDriver NosfyWidgets normal arm64 com.apple.xcode.tools.swift.compiler (in target 'NosfyWidgets' from project 'Nosfy')
    cd /Users/kathryn/Desktop/woochoper-ios
    builtin-SwiftDriver -- /Applications/Xcode.app/Contents/Developer/Toolchains/XcodeDefault.xctoolchain/usr/bin/swiftc -module-name NosfyWidgets -O -whole-module-optimization @/tmp/nosfy-nom-20260918/Build/Intermediates.noindex/Nosfy.build/Release-iphoneos/NosfyWidgets.build/Objects-normal/arm64/NosfyWidgets.SwiftFileList -enable-bare-slash-regex -enable-experimental-feature DebugDescriptionMacro -sdk /Applications/Xcode.app/Contents/Developer/Platforms/iPhoneOS.platform/Developer/SDKs/iPhoneOS26.5.sdk -target arm64-apple-ios26.0 -g -module-cache-path /tmp/nosfy-nom-20260918/ModuleCache.noindex -Xfrontend -serialize-debugging-options -application-extension -swift-version 5 -I /tmp/nosfy-nom-20260918/Build/Products/Release-iphoneos -F /tmp/nosfy-nom-20260918/Build/Products/Release-iphoneos -emit-localized-strings -emit-localized-strings-path /tmp/nosfy-nom-20260918/Build/Intermediates.noindex/Nosfy.build/Release-iphoneos/NosfyWidgets.build/Objects-normal/arm64 -c -num-threads 10 -Xcc -ivfsstatcache -Xcc /tmp/nosfy-nom-20260918/SDKStatCaches.noindex/iphoneos26.5-23F73-688ef53f1462e2c8f657fdc38a81448f32daed1954a7d5dd0789fcaf2a9bb78b.sdkstatcache -output-file-map /tmp/nosfy-nom-20260918/Build/Intermediates.noindex/Nosfy.build/Release-iphoneos/NosfyWidgets.build/Objects-normal/arm64/NosfyWidgets-OutputFileMap.json -use-frontend-parseable-output -save-temps -no-color-diagnostics -explicit-module-build -module-cache-path /tmp/nosfy-nom-20260918/Build/Intermediates.noindex/SwiftExplicitPrecompiledModules -clang-scanner-module-cache-path /tmp/nosfy-nom-20260918/ModuleCache.noindex -sdk-module-cache-path /tmp/nosfy-nom-20260918/ModuleCache.noindex -serialize-diagnostics -emit-dependencies -emit-module -emit-module-path /tmp/nosfy-nom-20260918/Build/Intermediates.noindex/Nosfy.build/Release-iphoneos/NosfyWidgets.build/Objects-normal/arm64/NosfyWidgets.swiftmodule -validate-clang-modules-once -clang-build-session-file /tmp/nosfy-nom-20260918/ModuleCache.noindex/Session.modulevalidation -Xcc -I/tmp/nosfy-nom-20260918/Build/Intermediates.noindex/Nosfy.build/Release-iphoneos/NosfyWidgets.build/swift-overrides.hmap -emit-const-values -Xfrontend -const-gather-protocols-file -Xfrontend /tmp/nosfy-nom-20260918/Build/Intermediates.noindex/Nosfy.build/Release-iphoneos/NosfyWidgets.build/Objects-normal/arm64/NosfyWidgets_const_extract_protocols.json -Xcc -iquote -Xcc /tmp/nosfy-nom-20260918/Build/Intermediates.noindex/Nosfy.build/Release-iphoneos/NosfyWidgets.build/NosfyWidgets-generated-files.hmap -Xcc -I/tmp/nosfy-nom-20260918/Build/Intermediates.noindex/Nosfy.build/Release-iphoneos/NosfyWidgets.build/NosfyWidgets-own-target-headers.hmap -Xcc -I/tmp/nosfy-nom-20260918/Build/Intermediates.noindex/Nosfy.build/Release-iphoneos/NosfyWidgets.build/NosfyWidgets-all-target-headers.hmap -Xcc -iquote -Xcc /tmp/nosfy-nom-20260918/Build/Intermediates.noindex/Nosfy.build/Release-iphoneos/NosfyWidgets.build/NosfyWidgets-project-headers.hmap -Xcc -I/tmp/nosfy-nom-20260918/Build/Products/Release-iphoneos/include -Xcc -I/tmp/nosfy-nom-20260918/Build/Intermediates.noindex/Nosfy.build/Release-iphoneos/NosfyWidgets.build/DerivedSources-normal/arm64 -Xcc -I/tmp/nosfy-nom-20260918/Build/Intermediates.noindex/Nosfy.build/Release-iphoneos/NosfyWidgets.build/DerivedSources/arm64 -Xcc -I/tmp/nosfy-nom-20260918/Build/Intermediates.noindex/Nosfy.build/Release-iphoneos/NosfyWidgets.build/DerivedSources -emit-objc-header -emit-objc-header-path /tmp/nosfy-nom-20260918/Build/Intermediates.noindex/Nosfy.build/Release-iphoneos/NosfyWidgets.build/Objects-normal/arm64/NosfyWidgets-Swift.h -working-directory /Users/kathryn/Desktop/woochoper-ios -no-emit-module-separately-wmo

SwiftDriver\ Compilation NosfyWidgets normal arm64 com.apple.xcode.tools.swift.compiler (in target 'NosfyWidgets' from project 'Nosfy')
    cd /Users/kathryn/Desktop/woochoper-ios
    builtin-Swift-Compilation -- /Applications/Xcode.app/Contents/Developer/Toolchains/XcodeDefault.xctoolchain/usr/bin/swiftc -module-name NosfyWidgets -O -whole-module-optimization @/tmp/nosfy-nom-20260918/Build/Intermediates.noindex/Nosfy.build/Release-iphoneos/NosfyWidgets.build/Objects-normal/arm64/NosfyWidgets.SwiftFileList -enable-bare-slash-regex -enable-experimental-feature DebugDescriptionMacro -sdk /Applications/Xcode.app/Contents/Developer/Platforms/iPhoneOS.platform/Developer/SDKs/iPhoneOS26.5.sdk -target arm64-apple-ios26.0 -g -module-cache-path /tmp/nosfy-nom-20260918/ModuleCache.noindex -Xfrontend -serialize-debugging-options -application-extension -swift-version 5 -I /tmp/nosfy-nom-20260918/Build/Products/Release-iphoneos -F /tmp/nosfy-nom-20260918/Build/Products/Release-iphoneos -emit-localized-strings -emit-localized-strings-path /tmp/nosfy-nom-20260918/Build/Intermediates.noindex/Nosfy.build/Release-iphoneos/NosfyWidgets.build/Objects-normal/arm64 -c -num-threads 10 -Xcc -ivfsstatcache -Xcc /tmp/nosfy-nom-20260918/SDKStatCaches.noindex/iphoneos26.5-23F73-688ef53f1462e2c8f657fdc38a81448f32daed1954a7d5dd0789fcaf2a9bb78b.sdkstatcache -output-file-map /tmp/nosfy-nom-20260918/Build/Intermediates.noindex/Nosfy.build/Release-iphoneos/NosfyWidgets.build/Objects-normal/arm64/NosfyWidgets-OutputFileMap.json -use-frontend-parseable-output -save-temps -no-color-diagnostics -explicit-module-build -module-cache-path /tmp/nosfy-nom-20260918/Build/Intermediates.noindex/SwiftExplicitPrecompiledModules -clang-scanner-module-cache-path /tmp/nosfy-nom-20260918/ModuleCache.noindex -sdk-module-cache-path /tmp/nosfy-nom-20260918/ModuleCache.noindex -serialize-diagnostics -emit-dependencies -emit-module -emit-module-path /tmp/nosfy-nom-20260918/Build/Intermediates.noindex/Nosfy.build/Release-iphoneos/NosfyWidgets.build/Objects-normal/arm64/NosfyWidgets.swiftmodule -validate-clang-modules-once -clang-build-session-file /tmp/nosfy-nom-20260918/ModuleCache.noindex/Session.modulevalidation -Xcc -I/tmp/nosfy-nom-20260918/Build/Intermediates.noindex/Nosfy.build/Release-iphoneos/NosfyWidgets.build/swift-overrides.hmap -emit-const-values -Xfrontend -const-gather-protocols-file -Xfrontend /tmp/nosfy-nom-20260918/Build/Intermediates.noindex/Nosfy.build/Release-iphoneos/NosfyWidgets.build/Objects-normal/arm64/NosfyWidgets_const_extract_protocols.json -Xcc -iquote -Xcc /tmp/nosfy-nom-20260918/Build/Intermediates.noindex/Nosfy.build/Release-iphoneos/NosfyWidgets.build/NosfyWidgets-generated-files.hmap -Xcc -I/tmp/nosfy-nom-20260918/Build/Intermediates.noindex/Nosfy.build/Release-iphoneos/NosfyWidgets.build/NosfyWidgets-own-target-headers.hmap -Xcc -I/tmp/nosfy-nom-20260918/Build/Intermediates.noindex/Nosfy.build/Release-iphoneos/NosfyWidgets.build/NosfyWidgets-all-target-headers.hmap -Xcc -iquote -Xcc /tmp/nosfy-nom-20260918/Build/Intermediates.noindex/Nosfy.build/Release-iphoneos/NosfyWidgets.build/NosfyWidgets-project-headers.hmap -Xcc -I/tmp/nosfy-nom-20260918/Build/Products/Release-iphoneos/include -Xcc -I/tmp/nosfy-nom-20260918/Build/Intermediates.noindex/Nosfy.build/Release-iphoneos/NosfyWidgets.build/DerivedSources-normal/arm64 -Xcc -I/tmp/nosfy-nom-20260918/Build/Intermediates.noindex/Nosfy.build/Release-iphoneos/NosfyWidgets.build/DerivedSources/arm64 -Xcc -I/tmp/nosfy-nom-20260918/Build/Intermediates.noindex/Nosfy.build/Release-iphoneos/NosfyWidgets.build/DerivedSources -emit-objc-header -emit-objc-header-path /tmp/nosfy-nom-20260918/Build/Intermediates.noindex/Nosfy.build/Release-iphoneos/NosfyWidgets.build/Objects-normal/arm64/NosfyWidgets-Swift.h -working-directory /Users/kathryn/Desktop/woochoper-ios -no-emit-module-separately-wmo

SwiftExplicitDependencyGeneratePcm arm64 /tmp/nosfy-nom-20260918/ModuleCache.noindex/_Builtin_stdbool-OAQ1S0OGUB4K64WTNZ71ZW34.pcm

SwiftExplicitDependencyGeneratePcm arm64 /tmp/nosfy-nom-20260918/ModuleCache.noindex/_Builtin_stdarg-6DUCP7D0P79XD6ISHTHUZBNFR.pcm

SwiftExplicitDependencyGeneratePcm arm64 /tmp/nosfy-nom-20260918/ModuleCache.noindex/DeveloperToolsSupport-7EFIPUZD23V8NT4VJ1F6RDCTU.pcm

SwiftExplicitDependencyGeneratePcm arm64 /tmp/nosfy-nom-20260918/ModuleCache.noindex/_Builtin_stddef-9RCNZMYDYUKDRRCATM1TNU13N.pcm

SwiftExplicitDependencyGeneratePcm arm64 /tmp/nosfy-nom-20260918/ModuleCache.noindex/_AvailabilityInternal-CZ15LCJRCGML6E69X9VGWZK2O.pcm

SwiftExplicitDependencyGeneratePcm arm64 /tmp/nosfy-nom-20260918/ModuleCache.noindex/ptrauth-EWZ7YGFN43Y21WYU0BF0T8RQZ.pcm

SwiftExplicitDependencyGeneratePcm arm64 /tmp/nosfy-nom-20260918/ModuleCache.noindex/ptrcheck-BFBJWWHULSFQRUEIMUR880ZD6.pcm

SwiftExplicitDependencyGeneratePcm arm64 /tmp/nosfy-nom-20260918/ModuleCache.noindex/_Builtin_float-2GCHVIIPIBK9HFYTANL2HEAE1.pcm

SwiftExplicitDependencyGeneratePcm arm64 /tmp/nosfy-nom-20260918/ModuleCache.noindex/SwiftShims-51B1XJCHN38KMDXVC3LZSRH2C.pcm

SwiftExplicitDependencyGeneratePcm arm64 /tmp/nosfy-nom-20260918/ModuleCache.noindex/_DarwinFoundation1-7BAY3G6M3ZOBU2N84ATG2OLHP.pcm

SwiftExplicitDependencyGeneratePcm arm64 /tmp/nosfy-nom-20260918/ModuleCache.noindex/_SwiftConcurrencyShims-75U3ML8IOI4GXHZDUOQAYG8IE.pcm

SwiftExplicitDependencyGeneratePcm arm64 /tmp/nosfy-nom-20260918/ModuleCache.noindex/ActivityKit-5LJZT2BQTNYOCBELQMNGH4NQ7.pcm

SwiftExplicitDependencyGeneratePcm arm64 /tmp/nosfy-nom-20260918/ModuleCache.noindex/_DarwinFoundation2-EVXXPJJCW88YXG3Y985WWEH61.pcm

SwiftExplicitDependencyGeneratePcm arm64 /tmp/nosfy-nom-20260918/ModuleCache.noindex/_Builtin_limits-43J3I97O4NCJ455WP39VGGIRM.pcm

SwiftExplicitDependencyGeneratePcm arm64 /tmp/nosfy-nom-20260918/ModuleCache.noindex/ExtensionFoundation-1V79DKM49LRV9UJ6PSUDZJT2G.pcm

SwiftExplicitDependencyGeneratePcm arm64 /tmp/nosfy-nom-20260918/ModuleCache.noindex/_Builtin_stdint-22VA8PP6U3KI0DKECY7CRAMPD.pcm

SwiftExplicitDependencyGeneratePcm arm64 /tmp/nosfy-nom-20260918/ModuleCache.noindex/sys_types-4CNJTPLK5Y20LUJ2JHNWUGKHC.pcm

SwiftExplicitDependencyGeneratePcm arm64 /tmp/nosfy-nom-20260918/ModuleCache.noindex/_Builtin_tgmath-6HB04AJPDG5DZJ3VBGUQ1VKE8.pcm

SwiftExplicitDependencyGeneratePcm arm64 /tmp/nosfy-nom-20260918/ModuleCache.noindex/_Builtin_stdatomic-AIY55YO5SFAGL939E5DT97WUH.pcm

SwiftExplicitDependencyGeneratePcm arm64 /tmp/nosfy-nom-20260918/ModuleCache.noindex/_Builtin_intrinsics-5IJN64IF4HN4RMNLI9PFBSNUP.pcm

SwiftExplicitDependencyGeneratePcm arm64 /tmp/nosfy-nom-20260918/ModuleCache.noindex/_DarwinFoundation3-48DW6NV9WX6U1ZM265TVB7HYU.pcm

SwiftExplicitDependencyGeneratePcm arm64 /tmp/nosfy-nom-20260918/ModuleCache.noindex/_Builtin_inttypes-6A4JBYKJO15SGUF892P6U77L1.pcm

SwiftExplicitDependencyGeneratePcm arm64 /tmp/nosfy-nom-20260918/ModuleCache.noindex/Darwin-7IQ71E382019573EZ3YRHEH0B.pcm

SwiftExplicitDependencyGeneratePcm arm64 /tmp/nosfy-nom-20260918/ModuleCache.noindex/simd-6TX4WJ18NFWAKZMDBDC3X14MV.pcm

SwiftExplicitDependencyGeneratePcm arm64 /tmp/nosfy-nom-20260918/ModuleCache.noindex/ObjectiveC-BWFM3KKRBRQ019ZX98UF319WF.pcm

SwiftExplicitDependencyGeneratePcm arm64 /tmp/nosfy-nom-20260918/ModuleCache.noindex/MachO-E2H9U9T2UF1VC6MGERZMEI5GH.pcm

SwiftExplicitDependencyGeneratePcm arm64 /tmp/nosfy-nom-20260918/ModuleCache.noindex/os_object-2S0TTQBG94J5KHGG3JV67K2KM.pcm

SwiftExplicitDependencyGeneratePcm arm64 /tmp/nosfy-nom-20260918/ModuleCache.noindex/Spatial-2KS24CCGAEH67MPEMFOBXS10X.pcm

SwiftExplicitDependencyGeneratePcm arm64 /tmp/nosfy-nom-20260918/ModuleCache.noindex/os_workgroup-DDG6YIDV8C58BY8RDF1KZLZEI.pcm

SwiftExplicitDependencyGeneratePcm arm64 /tmp/nosfy-nom-20260918/ModuleCache.noindex/Dispatch-6C6N1H9OZE40PUE3TQ0XKNHO2.pcm

SwiftExplicitDependencyGeneratePcm arm64 /tmp/nosfy-nom-20260918/ModuleCache.noindex/CoreFoundation-BQWH4LP7CPSPRGRP7KTRPB80M.pcm

SwiftExplicitDependencyGeneratePcm arm64 /tmp/nosfy-nom-20260918/ModuleCache.noindex/dnssd-9J1CT5RAENEIAB94OBLSMUKS3.pcm

SwiftExplicitDependencyGeneratePcm arm64 /tmp/nosfy-nom-20260918/ModuleCache.noindex/XPC-76ALPSOA9NGYKCDU1JO8W8N25.pcm

SwiftExplicitDependencyGeneratePcm arm64 /tmp/nosfy-nom-20260918/ModuleCache.noindex/Security-4XRKM5IAX360CJZJSRO5TR81C.pcm

SwiftExplicitDependencyGeneratePcm arm64 /tmp/nosfy-nom-20260918/ModuleCache.noindex/CFNetwork-CFK8W8LR2XKWX90FC48K19XSO.pcm

SwiftExplicitDependencyGeneratePcm arm64 /tmp/nosfy-nom-20260918/ModuleCache.noindex/os-EW50B9MSEBIAQQ3PI05GSSGZO.pcm

SwiftExplicitDependencyGeneratePcm arm64 /tmp/nosfy-nom-20260918/ModuleCache.noindex/CoreGraphics-AD2EJ5CT1Q98W4NHYR5EKBU0Y.pcm

SwiftExplicitDependencyGeneratePcm arm64 /tmp/nosfy-nom-20260918/ModuleCache.noindex/Foundation-F5EL621J85XCDSCCJNS4D6OJF.pcm

SwiftExplicitDependencyGeneratePcm arm64 /tmp/nosfy-nom-20260918/ModuleCache.noindex/ImageIO-64RO2MEL05PV3ZAAW5I688YXC.pcm

SwiftExplicitDependencyGeneratePcm arm64 /tmp/nosfy-nom-20260918/ModuleCache.noindex/CoreText-B5QTDX03TLS35HJ82HGT08VT8.pcm

SwiftExplicitDependencyGeneratePcm arm64 /tmp/nosfy-nom-20260918/ModuleCache.noindex/CoreTransferable-C8XG3LQVYLA5DSMHE11WKLMWO.pcm

SwiftExplicitDependencyGeneratePcm arm64 /tmp/nosfy-nom-20260918/ModuleCache.noindex/_LocationEssentials-D5YG7PN7MLINNCB8COQTIIRHH.pcm

SwiftExplicitDependencyGeneratePcm arm64 /tmp/nosfy-nom-20260918/ModuleCache.noindex/Symbols-9NN44AEYGCAUPCPJN6L5ZSZU8.pcm

SwiftExplicitDependencyGeneratePcm arm64 /tmp/nosfy-nom-20260918/ModuleCache.noindex/UserNotifications-629DE6MAL1HEAMRKB6WWWZCS6.pcm

SwiftExplicitDependencyGeneratePcm arm64 /tmp/nosfy-nom-20260918/ModuleCache.noindex/UIUtilities-70OCC37GNJVELOFUG1WS7EAEW.pcm

SwiftExplicitDependencyGeneratePcm arm64 /tmp/nosfy-nom-20260918/ModuleCache.noindex/CoreData-EVZBXWEWNO9WJ46EF7OANT6WC.pcm

SwiftExplicitDependencyGeneratePcm arm64 /tmp/nosfy-nom-20260918/ModuleCache.noindex/UniformTypeIdentifiers-1DEFZOPYBCLH5EYBGQYTVCOBZ.pcm

SwiftExplicitDependencyGeneratePcm arm64 /tmp/nosfy-nom-20260918/ModuleCache.noindex/IOSurface-1ZVBY1HR5EY5KV1BXDZURJDGK.pcm

SwiftExplicitDependencyGeneratePcm arm64 /tmp/nosfy-nom-20260918/ModuleCache.noindex/RelevanceKit-7BMACEGRAWA9IN5US1HJ0X4O3.pcm

SwiftExplicitDependencyGeneratePcm arm64 /tmp/nosfy-nom-20260918/ModuleCache.noindex/CoreSpotlight-OH1F9DUEZ4U84CX4KKTIJLQT.pcm

SwiftExplicitDependencyGeneratePcm arm64 /tmp/nosfy-nom-20260918/ModuleCache.noindex/Accessibility-4VEJFK884JH5EEX6Q6B2D740D.pcm

SwiftExplicitDependencyGeneratePcm arm64 /tmp/nosfy-nom-20260918/ModuleCache.noindex/OpenGLES-8XPUXE7CDDV3RUB7DW1WJTBGQ.pcm

SwiftExplicitDependencyGeneratePcm arm64 /tmp/nosfy-nom-20260918/ModuleCache.noindex/Metal-6PTIVBRCT5OSOX1FZE4884GRF.pcm

SwiftExplicitDependencyGeneratePcm arm64 /tmp/nosfy-nom-20260918/ModuleCache.noindex/OSLog-JBLXJXXWDGVPYLS1M92HIXGM.pcm

SwiftExplicitDependencyGeneratePcm arm64 /tmp/nosfy-nom-20260918/ModuleCache.noindex/AppIntents-7JXSG3DRWTQE4RG0BLLXQ5WUV.pcm

SwiftExplicitDependencyGeneratePcm arm64 /tmp/nosfy-nom-20260918/ModuleCache.noindex/CoreLocation-9EC4XS1IIWA0YTQHNN29U0DPC.pcm

SwiftExplicitDependencyGeneratePcm arm64 /tmp/nosfy-nom-20260918/ModuleCache.noindex/DataDetection-R07KQJGLBWLQLC90NE4EEOBQ.pcm

SwiftExplicitDependencyGeneratePcm arm64 /tmp/nosfy-nom-20260918/ModuleCache.noindex/FileProvider-688KVZWDULI6CESGZBUF4CVCL.pcm

SwiftExplicitDependencyGeneratePcm arm64 /tmp/nosfy-nom-20260918/ModuleCache.noindex/Intents-DYLT1SEYSIYE298OUYHAEXU0.pcm

SwiftExplicitDependencyGeneratePcm arm64 /tmp/nosfy-nom-20260918/ModuleCache.noindex/Network-EQU0X7DVJCHMRNTBYH2ZHYA50.pcm

SwiftExplicitDependencyGeneratePcm arm64 /tmp/nosfy-nom-20260918/ModuleCache.noindex/WidgetKit-6O1PP28TTO7PZGM9BBD10LSEI.pcm

SwiftExplicitDependencyGeneratePcm arm64 /tmp/nosfy-nom-20260918/ModuleCache.noindex/CoreVideo-CUN2AX2FKNPQKQ6AGDSGH5Z8D.pcm

SwiftExplicitDependencyGeneratePcm arm64 /tmp/nosfy-nom-20260918/ModuleCache.noindex/CoreImage-DAJXCEHG4NXSRXL7RS7CVMBCE.pcm

SwiftExplicitDependencyGeneratePcm arm64 /tmp/nosfy-nom-20260918/ModuleCache.noindex/QuartzCore-1MYXWGCP65AE1ZJPIN937XR39.pcm

SwiftExplicitDependencyGeneratePcm arm64 /tmp/nosfy-nom-20260918/ModuleCache.noindex/SwiftUICore-5916BPW1FDY9A9JRD31ZVQSSO.pcm

SwiftExplicitDependencyGeneratePcm arm64 /tmp/nosfy-nom-20260918/ModuleCache.noindex/UIKit-960K64JB3XMQ62N00U13YY8F7.pcm

SwiftExplicitDependencyGeneratePcm arm64 /tmp/nosfy-nom-20260918/ModuleCache.noindex/SwiftUI-EKME2V0KPZV5A8KWXM5H4LZY7.pcm

SwiftCompile normal arm64 Compiling\ ImpGlyph.swift,\ MoonGlyph.swift,\ ProgressComet.swift,\ WorkoutActivity.swift,\ NosfyWidgetsBundle.swift,\ WorkoutLiveActivity.swift /Users/kathryn/Desktop/woochoper-ios/NosfyShared/ImpGlyph.swift /Users/kathryn/Desktop/woochoper-ios/NosfyShared/MoonGlyph.swift /Users/kathryn/Desktop/woochoper-ios/NosfyShared/ProgressComet.swift /Users/kathryn/Desktop/woochoper-ios/NosfyShared/WorkoutActivity.swift /Users/kathryn/Desktop/woochoper-ios/NosfyWidgets/NosfyWidgetsBundle.swift /Users/kathryn/Desktop/woochoper-ios/NosfyWidgets/WorkoutLiveActivity.swift /Applications/Xcode.app/Contents/Developer/Toolchains/XcodeDefault.xctoolchain/usr/lib/swift/iphoneos/prebuilt-modules/26.5/WidgetKit.swiftmodule/arm64e-apple-ios.swiftmodule /Applications/Xcode.app/Contents/Developer/Toolchains/XcodeDefault.xctoolchain/usr/lib/swift/iphoneos/prebuilt-modules/26.5/CoreText.swiftmodule/arm64e-apple-ios.swiftmodule /Applications/Xcode.app/Contents/Developer/Toolchains/XcodeDefault.xctoolchain/usr/lib/swift/iphoneos/prebuilt-modules/26.5/QuartzCore.swiftmodule/arm64e-apple-ios.swiftmodule /Applications/Xcode.app/Contents/Developer/Toolchains/XcodeDefault.xctoolchain/usr/lib/swift/iphoneos/prebuilt-modules/26.5/Dispatch.swiftmodule/arm64e-apple-ios.swiftmodule /Applications/Xcode.app/Contents/Developer/Toolchains/XcodeDefault.xctoolchain/usr/lib/swift/iphoneos/prebuilt-modules/26.5/ActivityKit.swiftmodule/arm64e-apple-ios.swiftmodule /Applications/Xcode.app/Contents/Developer/Toolchains/XcodeDefault.xctoolchain/usr/lib/swift/iphoneos/prebuilt-modules/26.5/_StringProcessing.swiftmodule/arm64e-apple-ios.swiftmodule /Applications/Xcode.app/Contents/Developer/Toolchains/XcodeDefault.xctoolchain/usr/lib/swift/iphoneos/prebuilt-modules/26.5/CoreTransferable.swiftmodule/arm64e-apple-ios.swiftmodule /Applications/Xcode.app/Contents/Developer/Toolchains/XcodeDefault.xctoolchain/usr/lib/swift/iphoneos/prebuilt-modules/26.5/Observation.swiftmodule/arm64e-apple-ios.swiftmodule /Applications/Xcode.app/Contents/Developer/Toolchains/XcodeDefault.xctoolchain/usr/lib/swift/iphoneos/prebuilt-modules/26.5/os.swiftmodule/arm64e-apple-ios.swiftmodule /Applications/Xcode.app/Contents/Developer/Toolchains/XcodeDefault.xctoolchain/usr/lib/swift/iphoneos/prebuilt-modules/26.5/Distributed.swiftmodule/arm64e-apple-ios.swiftmodule /Applications/Xcode.app/Contents/Developer/Toolchains/XcodeDefault.xctoolchain/usr/lib/swift/iphoneos/prebuilt-modules/26.5/LightweightCodeRequirements.swiftmodule/arm64e-apple-ios.swiftmodule /Applications/Xcode.app/Contents/Developer/Toolchains/XcodeDefault.xctoolchain/usr/lib/swift/iphoneos/prebuilt-modules/26.5/_DarwinFoundation3.swiftmodule/arm64e-apple-ios.swiftmodule /Applications/Xcode.app/Contents/Developer/Toolchains/XcodeDefault.xctoolchain/usr/lib/swift/iphoneos/prebuilt-modules/26.5/UIKit.swiftmodule/arm64e-apple-ios.swiftmodule /Applications/Xcode.app/Contents/Developer/Toolchains/XcodeDefault.xctoolchain/usr/lib/swift/iphoneos/prebuilt-modules/26.5/Swift.swiftmodule/arm64e-apple-ios.swiftmodule /Applications/Xcode.app/Contents/Developer/Toolchains/XcodeDefault.xctoolchain/usr/lib/swift/iphoneos/prebuilt-modules/26.5/DeveloperToolsSupport.swiftmodule/arm64e-apple-ios.swiftmodule /Applications/Xcode.app/Contents/Developer/Toolchains/XcodeDefault.xctoolchain/usr/lib/swift/iphoneos/prebuilt-modules/26.5/UniformTypeIdentifiers.swiftmodule/arm64e-apple-ios.swiftmodule /Applications/Xcode.app/Contents/Developer/Toolchains/XcodeDefault.xctoolchain/usr/lib/swift/iphoneos/prebuilt-modules/26.5/ObjectiveC.swiftmodule/arm64e-apple-ios.swiftmodule /Applications/Xcode.app/Contents/Developer/Toolchains/XcodeDefault.xctoolchain/usr/lib/swift/iphoneos/prebuilt-modules/26.5/SwiftUICore.swiftmodule/arm64e-apple-ios.swiftmodule /Applications/Xcode.app/Contents/Developer/Toolchains/XcodeDefault.xctoolchain/usr/lib/swift/iphoneos/prebuilt-modules/26.5/CoreSpotlight.swiftmodule/arm64e-apple-ios.swiftmodule /Applications/Xcode.app/Contents/Developer/Toolchains/XcodeDefault.xctoolchain/usr/lib/swift/iphoneos/prebuilt-modules/26.5/Metal.swiftmodule/arm64e-apple-ios.swiftmodule /Applications/Xcode.app/Contents/Developer/Toolchains/XcodeDefault.xctoolchain/usr/lib/swift/iphoneos/prebuilt-modules/26.5/FileProvider.swiftmodule/arm64e-apple-ios.swiftmodule /Applications/Xcode.app/Contents/Developer/Toolchains/XcodeDefault.xctoolchain/usr/lib/swift/iphoneos/prebuilt-modules/26.5/System.swiftmodule/arm64e-apple-ios.swiftmodule /Applications/Xcode.app/Contents/Developer/Toolchains/XcodeDefault.xctoolchain/usr/lib/swift/iphoneos/prebuilt-modules/26.5/CoreVideo.swiftmodule/arm64e-apple-ios.swiftmodule /Applications/Xcode.app/Contents/Developer/Toolchains/XcodeDefault.xctoolchain/usr/lib/swift/iphoneos/prebuilt-modules/26.5/AppIntents.swiftmodule/arm64e-apple-ios.swiftmodule /Applications/Xcode.app/Contents/Developer/Toolchains/XcodeDefault.xctoolchain/usr/lib/swift/iphoneos/prebuilt-modules/26.5/CoreLocation.swiftmodule/arm64e-apple-ios.swiftmodule /Applications/Xcode.app/Contents/Developer/Toolchains/XcodeDefault.xctoolchain/usr/lib/swift/iphoneos/prebuilt-modules/26.5/Accessibility.swiftmodule/arm64e-apple-ios.swiftmodule /Applications/Xcode.app/Contents/Developer/Toolchains/XcodeDefault.xctoolchain/usr/lib/swift/iphoneos/prebuilt-modules/26.5/CoreData.swiftmodule/arm64e-apple-ios.swiftmodule /Applications/Xcode.app/Contents/Developer/Toolchains/XcodeDefault.xctoolchain/usr/lib/swift/iphoneos/prebuilt-modules/26.5/Spatial.swiftmodule/arm64e-apple-ios.swiftmodule /Applications/Xcode.app/Contents/Developer/Toolchains/XcodeDefault.xctoolchain/usr/lib/swift/iphoneos/prebuilt-modules/26.5/_Concurrency.swiftmodule/arm64e-apple-ios.swiftmodule /Applications/Xcode.app/Contents/Developer/Toolchains/XcodeDefault.xctoolchain/usr/lib/swift/iphoneos/prebuilt-modules/26.5/Network.swiftmodule/arm64e-apple-ios.swiftmodule /Applications/Xcode.app/Contents/Developer/Toolchains/XcodeDefault.xctoolchain/usr/lib/swift/iphoneos/prebuilt-modules/26.5/SwiftUI.swiftmodule/arm64e-apple-ios.swiftmodule /Applications/Xcode.app/Contents/Developer/Toolchains/XcodeDefault.xctoolchain/usr/lib/swift/iphoneos/prebuilt-modules/26.5/CoreImage.swiftmodule/arm64e-apple-ios.swiftmodule /Applications/Xcode.app/Contents/Developer/Toolchains/XcodeDefault.xctoolchain/usr/lib/swift/iphoneos/prebuilt-modules/26.5/Symbols.swiftmodule/arm64e-apple-ios.swiftmodule /Applications/Xcode.app/Contents/Developer/Toolchains/XcodeDefault.xctoolchain/usr/lib/swift/iphoneos/prebuilt-modules/26.5/_DarwinFoundation2.swiftmodule/arm64e-apple-ios.swiftmodule /Applications/Xcode.app/Contents/Developer/Toolchains/XcodeDefault.xctoolchain/usr/lib/swift/iphoneos/prebuilt-modules/26.5/_Builtin_float.swiftmodule/arm64e-apple-ios.swiftmodule /Applications/Xcode.app/Contents/Developer/Toolchains/XcodeDefault.xctoolchain/usr/lib/swift/iphoneos/prebuilt-modules/26.5/DataDetection.swiftmodule/arm64e-apple-ios.swiftmodule /Applications/Xcode.app/Contents/Developer/Toolchains/XcodeDefault.xctoolchain/usr/lib/swift/iphoneos/prebuilt-modules/26.5/OSLog.swiftmodule/arm64e-apple-ios.swiftmodule /Applications/Xcode.app/Contents/Developer/Toolchains/XcodeDefault.xctoolchain/usr/lib/swift/iphoneos/prebuilt-modules/26.5/Foundation.swiftmodule/arm64e-apple-ios.swiftmodule /Applications/Xcode.app/Contents/Developer/Toolchains/XcodeDefault.xctoolchain/usr/lib/swift/iphoneos/prebuilt-modules/26.5/CoreFoundation.swiftmodule/arm64e-apple-ios.swiftmodule /Applications/Xcode.app/Contents/Developer/Toolchains/XcodeDefault.xctoolchain/usr/lib/swift/iphoneos/prebuilt-modules/26.5/ExtensionFoundation.swiftmodule/arm64e-apple-ios.swiftmodule /Applications/Xcode.app/Contents/Developer/Toolchains/XcodeDefault.xctoolchain/usr/lib/swift/iphoneos/prebuilt-modules/26.5/XPC.swiftmodule/arm64e-apple-ios.swiftmodule /Applications/Xcode.app/Contents/Developer/Toolchains/XcodeDefault.xctoolchain/usr/lib/swift/iphoneos/prebuilt-modules/26.5/_AppIntents_SwiftUI.swiftmodule/arm64e-apple-ios.swiftmodule /Applications/Xcode.app/Contents/Developer/Toolchains/XcodeDefault.xctoolchain/usr/lib/swift/iphoneos/prebuilt-modules/26.5/Intents.swiftmodule/arm64e-apple-ios.swiftmodule /Applications/Xcode.app/Contents/Developer/Toolchains/XcodeDefault.xctoolchain/usr/lib/swift/iphoneos/prebuilt-modules/26.5/_DarwinFoundation1.swiftmodule/arm64e-apple-ios.swiftmodule /Applications/Xcode.app/Contents/Developer/Toolchains/XcodeDefault.xctoolchain/usr/lib/swift/iphoneos/prebuilt-modules/26.5/CoreGraphics.swiftmodule/arm64e-apple-ios.swiftmodule /Applications/Xcode.app/Contents/Developer/Toolchains/XcodeDefault.xctoolchain/usr/lib/swift/iphoneos/prebuilt-modules/26.5/RelevanceKit.swiftmodule/arm64e-apple-ios.swiftmodule /Applications/Xcode.app/Contents/Developer/Toolchains/XcodeDefault.xctoolchain/usr/lib/swift/iphoneos/prebuilt-modules/26.5/simd.swiftmodule/arm64e-apple-ios.swiftmodule /Applications/Xcode.app/Contents/Developer/Toolchains/XcodeDefault.xctoolchain/usr/lib/swift/iphoneos/prebuilt-modules/26.5/Darwin.swiftmodule/arm64e-apple-ios.swiftmodule /Applications/Xcode.app/Contents/Developer/Toolchains/XcodeDefault.xctoolchain/usr/lib/swift/iphoneos/prebuilt-modules/26.5/Combine.swiftmodule/arm64e-apple-ios.swiftmodule /tmp/nosfy-nom-20260918/ModuleCache.noindex/OpenGLES-8XPUXE7CDDV3RUB7DW1WJTBGQ.pcm /tmp/nosfy-nom-20260918/ModuleCache.noindex/Foundation-F5EL621J85XCDSCCJNS4D6OJF.pcm /tmp/nosfy-nom-20260918/ModuleCache.noindex/WidgetKit-6O1PP28TTO7PZGM9BBD10LSEI.pcm /tmp/nosfy-nom-20260918/ModuleCache.noindex/AppIntents-7JXSG3DRWTQE4RG0BLLXQ5WUV.pcm /tmp/nosfy-nom-20260918/ModuleCache.noindex/_SwiftConcurrencyShims-75U3ML8IOI4GXHZDUOQAYG8IE.pcm /tmp/nosfy-nom-20260918/ModuleCache.noindex/FileProvider-688KVZWDULI6CESGZBUF4CVCL.pcm /tmp/nosfy-nom-20260918/ModuleCache.noindex/_Builtin_stdbool-OAQ1S0OGUB4K64WTNZ71ZW34.pcm /tmp/nosfy-nom-20260918/ModuleCache.noindex/ExtensionFoundation-1V79DKM49LRV9UJ6PSUDZJT2G.pcm /tmp/nosfy-nom-20260918/ModuleCache.noindex/CoreData-EVZBXWEWNO9WJ46EF7OANT6WC.pcm /tmp/nosfy-nom-20260918/ModuleCache.noindex/MachO-E2H9U9T2UF1VC6MGERZMEI5GH.pcm /tmp/nosfy-nom-20260918/ModuleCache.noindex/ActivityKit-5LJZT2BQTNYOCBELQMNGH4NQ7.pcm /tmp/nosfy-nom-20260918/ModuleCache.noindex/Dispatch-6C6N1H9OZE40PUE3TQ0XKNHO2.pcm /tmp/nosfy-nom-20260918/ModuleCache.noindex/os_object-2S0TTQBG94J5KHGG3JV67K2KM.pcm /tmp/nosfy-nom-20260918/ModuleCache.noindex/CoreTransferable-C8XG3LQVYLA5DSMHE11WKLMWO.pcm /tmp/nosfy-nom-20260918/ModuleCache.noindex/UIKit-960K64JB3XMQ62N00U13YY8F7.pcm /tmp/nosfy-nom-20260918/ModuleCache.noindex/_Builtin_stdatomic-AIY55YO5SFAGL939E5DT97WUH.pcm /tmp/nosfy-nom-20260918/ModuleCache.noindex/_Builtin_intrinsics-5IJN64IF4HN4RMNLI9PFBSNUP.pcm /tmp/nosfy-nom-20260918/ModuleCache.noindex/Metal-6PTIVBRCT5OSOX1FZE4884GRF.pcm /tmp/nosfy-nom-20260918/ModuleCache.noindex/Security-4XRKM5IAX360CJZJSRO5TR81C.pcm /tmp/nosfy-nom-20260918/ModuleCache.noindex/Spatial-2KS24CCGAEH67MPEMFOBXS10X.pcm /tmp/nosfy-nom-20260918/ModuleCache.noindex/DataDetection-R07KQJGLBWLQLC90NE4EEOBQ.pcm /tmp/nosfy-nom-20260918/ModuleCache.noindex/CoreLocation-9EC4XS1IIWA0YTQHNN29U0DPC.pcm /tmp/nosfy-nom-20260918/ModuleCache.noindex/ptrauth-EWZ7YGFN43Y21WYU0BF0T8RQZ.pcm /tmp/nosfy-nom-20260918/ModuleCache.noindex/_Builtin_stdint-22VA8PP6U3KI0DKECY7CRAMPD.pcm /tmp/nosfy-nom-20260918/ModuleCache.noindex/DeveloperToolsSupport-7EFIPUZD23V8NT4VJ1F6RDCTU.pcm /tmp/nosfy-nom-20260918/ModuleCache.noindex/UIUtilities-70OCC37GNJVELOFUG1WS7EAEW.pcm /tmp/nosfy-nom-20260918/ModuleCache.noindex/CoreFoundation-BQWH4LP7CPSPRGRP7KTRPB80M.pcm /tmp/nosfy-nom-20260918/ModuleCache.noindex/_DarwinFoundation1-7BAY3G6M3ZOBU2N84ATG2OLHP.pcm /tmp/nosfy-nom-20260918/ModuleCache.noindex/simd-6TX4WJ18NFWAKZMDBDC3X14MV.pcm /tmp/nosfy-nom-20260918/ModuleCache.noindex/CFNetwork-CFK8W8LR2XKWX90FC48K19XSO.pcm /tmp/nosfy-nom-20260918/ModuleCache.noindex/_Builtin_inttypes-6A4JBYKJO15SGUF892P6U77L1.pcm /tmp/nosfy-nom-20260918/ModuleCache.noindex/SwiftShims-51B1XJCHN38KMDXVC3LZSRH2C.pcm /tmp/nosfy-nom-20260918/ModuleCache.noindex/QuartzCore-1MYXWGCP65AE1ZJPIN937XR39.pcm /tmp/nosfy-nom-20260918/ModuleCache.noindex/Intents-DYLT1SEYSIYE298OUYHAEXU0.pcm /tmp/nosfy-nom-20260918/ModuleCache.noindex/ObjectiveC-BWFM3KKRBRQ019ZX98UF319WF.pcm /tmp/nosfy-nom-20260918/ModuleCache.noindex/Network-EQU0X7DVJCHMRNTBYH2ZHYA50.pcm /tmp/nosfy-nom-20260918/ModuleCache.noindex/RelevanceKit-7BMACEGRAWA9IN5US1HJ0X4O3.pcm /tmp/nosfy-nom-20260918/ModuleCache.noindex/XPC-76ALPSOA9NGYKCDU1JO8W8N25.pcm /tmp/nosfy-nom-20260918/ModuleCache.noindex/_DarwinFoundation3-48DW6NV9WX6U1ZM265TVB7HYU.pcm /tmp/nosfy-nom-20260918/ModuleCache.noindex/CoreVideo-CUN2AX2FKNPQKQ6AGDSGH5Z8D.pcm /tmp/nosfy-nom-20260918/ModuleCache.noindex/_Builtin_stddef-9RCNZMYDYUKDRRCATM1TNU13N.pcm /tmp/nosfy-nom-20260918/ModuleCache.noindex/ImageIO-64RO2MEL05PV3ZAAW5I688YXC.pcm /tmp/nosfy-nom-20260918/ModuleCache.noindex/UniformTypeIdentifiers-1DEFZOPYBCLH5EYBGQYTVCOBZ.pcm /tmp/nosfy-nom-20260918/ModuleCache.noindex/CoreSpotlight-OH1F9DUEZ4U84CX4KKTIJLQT.pcm /tmp/nosfy-nom-20260918/ModuleCache.noindex/_AvailabilityInternal-CZ15LCJRCGML6E69X9VGWZK2O.pcm /tmp/nosfy-nom-20260918/ModuleCache.noindex/SwiftUI-EKME2V0KPZV5A8KWXM5H4LZY7.pcm /tmp/nosfy-nom-20260918/ModuleCache.noindex/os-EW50B9MSEBIAQQ3PI05GSSGZO.pcm /tmp/nosfy-nom-20260918/ModuleCache.noindex/SwiftUICore-5916BPW1FDY9A9JRD31ZVQSSO.pcm /tmp/nosfy-nom-20260918/ModuleCache.noindex/CoreText-B5QTDX03TLS35HJ82HGT08VT8.pcm /tmp/nosfy-nom-20260918/ModuleCache.noindex/_Builtin_limits-43J3I97O4NCJ455WP39VGGIRM.pcm /tmp/nosfy-nom-20260918/ModuleCache.noindex/IOSurface-1ZVBY1HR5EY5KV1BXDZURJDGK.pcm /tmp/nosfy-nom-20260918/ModuleCache.noindex/dnssd-9J1CT5RAENEIAB94OBLSMUKS3.pcm /tmp/nosfy-nom-20260918/ModuleCache.noindex/CoreGraphics-AD2EJ5CT1Q98W4NHYR5EKBU0Y.pcm /tmp/nosfy-nom-20260918/ModuleCache.noindex/UserNotifications-629DE6MAL1HEAMRKB6WWWZCS6.pcm /tmp/nosfy-nom-20260918/ModuleCache.noindex/Symbols-9NN44AEYGCAUPCPJN6L5ZSZU8.pcm /tmp/nosfy-nom-20260918/ModuleCache.noindex/Accessibility-4VEJFK884JH5EEX6Q6B2D740D.pcm /tmp/nosfy-nom-20260918/ModuleCache.noindex/OSLog-JBLXJXXWDGVPYLS1M92HIXGM.pcm /tmp/nosfy-nom-20260918/ModuleCache.noindex/_DarwinFoundation2-EVXXPJJCW88YXG3Y985WWEH61.pcm /tmp/nosfy-nom-20260918/ModuleCache.noindex/sys_types-4CNJTPLK5Y20LUJ2JHNWUGKHC.pcm /tmp/nosfy-nom-20260918/ModuleCache.noindex/_Builtin_tgmath-6HB04AJPDG5DZJ3VBGUQ1VKE8.pcm /tmp/nosfy-nom-20260918/ModuleCache.noindex/_Builtin_float-2GCHVIIPIBK9HFYTANL2HEAE1.pcm /tmp/nosfy-nom-20260918/ModuleCache.noindex/ptrcheck-BFBJWWHULSFQRUEIMUR880ZD6.pcm /tmp/nosfy-nom-20260918/ModuleCache.noindex/Darwin-7IQ71E382019573EZ3YRHEH0B.pcm /tmp/nosfy-nom-20260918/ModuleCache.noindex/os_workgroup-DDG6YIDV8C58BY8RDF1KZLZEI.pcm /tmp/nosfy-nom-20260918/ModuleCache.noindex/CoreImage-DAJXCEHG4NXSRXL7RS7CVMBCE.pcm /tmp/nosfy-nom-20260918/ModuleCache.noindex/_Builtin_stdarg-6DUCP7D0P79XD6ISHTHUZBNFR.pcm /tmp/nosfy-nom-20260918/ModuleCache.noindex/_LocationEssentials-D5YG7PN7MLINNCB8COQTIIRHH.pcm /tmp/nosfy-nom-20260918/Build/Intermediates.noindex/Nosfy.build/Release-iphoneos/NosfyWidgets.build/Objects-normal/arm64/NosfyWidgets-dependencies-1.json (in target 'NosfyWidgets' from project 'Nosfy')

CompileSwift normal arm64 (in target 'NosfyWidgets' from project 'Nosfy')
    cd /Users/kathryn/Desktop/woochoper-ios
    

SwiftDriverJobDiscovery normal arm64 Compiling ImpGlyph.swift, MoonGlyph.swift, ProgressComet.swift, WorkoutActivity.swift, NosfyWidgetsBundle.swift, WorkoutLiveActivity.swift (in target 'NosfyWidgets' from project 'Nosfy')

SwiftDriver\ Compilation\ Requirements NosfyWidgets normal arm64 com.apple.xcode.tools.swift.compiler (in target 'NosfyWidgets' from project 'Nosfy')
    cd /Users/kathryn/Desktop/woochoper-ios
    builtin-Swift-Compilation-Requirements -- /Applications/Xcode.app/Contents/Developer/Toolchains/XcodeDefault.xctoolchain/usr/bin/swiftc -module-name NosfyWidgets -O -whole-module-optimization @/tmp/nosfy-nom-20260918/Build/Intermediates.noindex/Nosfy.build/Release-iphoneos/NosfyWidgets.build/Objects-normal/arm64/NosfyWidgets.SwiftFileList -enable-bare-slash-regex -enable-experimental-feature DebugDescriptionMacro -sdk /Applications/Xcode.app/Contents/Developer/Platforms/iPhoneOS.platform/Developer/SDKs/iPhoneOS26.5.sdk -target arm64-apple-ios26.0 -g -module-cache-path /tmp/nosfy-nom-20260918/ModuleCache.noindex -Xfrontend -serialize-debugging-options -application-extension -swift-version 5 -I /tmp/nosfy-nom-20260918/Build/Products/Release-iphoneos -F /tmp/nosfy-nom-20260918/Build/Products/Release-iphoneos -emit-localized-strings -emit-localized-strings-path /tmp/nosfy-nom-20260918/Build/Intermediates.noindex/Nosfy.build/Release-iphoneos/NosfyWidgets.build/Objects-normal/arm64 -c -num-threads 10 -Xcc -ivfsstatcache -Xcc /tmp/nosfy-nom-20260918/SDKStatCaches.noindex/iphoneos26.5-23F73-688ef53f1462e2c8f657fdc38a81448f32daed1954a7d5dd0789fcaf2a9bb78b.sdkstatcache -output-file-map /tmp/nosfy-nom-20260918/Build/Intermediates.noindex/Nosfy.build/Release-iphoneos/NosfyWidgets.build/Objects-normal/arm64/NosfyWidgets-OutputFileMap.json -use-frontend-parseable-output -save-temps -no-color-diagnostics -explicit-module-build -module-cache-path /tmp/nosfy-nom-20260918/Build/Intermediates.noindex/SwiftExplicitPrecompiledModules -clang-scanner-module-cache-path /tmp/nosfy-nom-20260918/ModuleCache.noindex -sdk-module-cache-path /tmp/nosfy-nom-20260918/ModuleCache.noindex -serialize-diagnostics -emit-dependencies -emit-module -emit-module-path /tmp/nosfy-nom-20260918/Build/Intermediates.noindex/Nosfy.build/Release-iphoneos/NosfyWidgets.build/Objects-normal/arm64/NosfyWidgets.swiftmodule -validate-clang-modules-once -clang-build-session-file /tmp/nosfy-nom-20260918/ModuleCache.noindex/Session.modulevalidation -Xcc -I/tmp/nosfy-nom-20260918/Build/Intermediates.noindex/Nosfy.build/Release-iphoneos/NosfyWidgets.build/swift-overrides.hmap -emit-const-values -Xfrontend -const-gather-protocols-file -Xfrontend /tmp/nosfy-nom-20260918/Build/Intermediates.noindex/Nosfy.build/Release-iphoneos/NosfyWidgets.build/Objects-normal/arm64/NosfyWidgets_const_extract_protocols.json -Xcc -iquote -Xcc /tmp/nosfy-nom-20260918/Build/Intermediates.noindex/Nosfy.build/Release-iphoneos/NosfyWidgets.build/NosfyWidgets-generated-files.hmap -Xcc -I/tmp/nosfy-nom-20260918/Build/Intermediates.noindex/Nosfy.build/Release-iphoneos/NosfyWidgets.build/NosfyWidgets-own-target-headers.hmap -Xcc -I/tmp/nosfy-nom-20260918/Build/Intermediates.noindex/Nosfy.build/Release-iphoneos/NosfyWidgets.build/NosfyWidgets-all-target-headers.hmap -Xcc -iquote -Xcc /tmp/nosfy-nom-20260918/Build/Intermediates.noindex/Nosfy.build/Release-iphoneos/NosfyWidgets.build/NosfyWidgets-project-headers.hmap -Xcc -I/tmp/nosfy-nom-20260918/Build/Products/Release-iphoneos/include -Xcc -I/tmp/nosfy-nom-20260918/Build/Intermediates.noindex/Nosfy.build/Release-iphoneos/NosfyWidgets.build/DerivedSources-normal/arm64 -Xcc -I/tmp/nosfy-nom-20260918/Build/Intermediates.noindex/Nosfy.build/Release-iphoneos/NosfyWidgets.build/DerivedSources/arm64 -Xcc -I/tmp/nosfy-nom-20260918/Build/Intermediates.noindex/Nosfy.build/Release-iphoneos/NosfyWidgets.build/DerivedSources -emit-objc-header -emit-objc-header-path /tmp/nosfy-nom-20260918/Build/Intermediates.noindex/Nosfy.build/Release-iphoneos/NosfyWidgets.build/Objects-normal/arm64/NosfyWidgets-Swift.h -working-directory /Users/kathryn/Desktop/woochoper-ios -no-emit-module-separately-wmo

SwiftMergeGeneratedHeaders /tmp/nosfy-nom-20260918/Build/Intermediates.noindex/Nosfy.build/Release-iphoneos/NosfyWidgets.build/DerivedSources/NosfyWidgets-Swift.h /tmp/nosfy-nom-20260918/Build/Intermediates.noindex/Nosfy.build/Release-iphoneos/NosfyWidgets.build/Objects-normal/arm64/NosfyWidgets-Swift.h (in target 'NosfyWidgets' from project 'Nosfy')
    cd /Users/kathryn/Desktop/woochoper-ios
    builtin-swiftHeaderTool -arch arm64 /tmp/nosfy-nom-20260918/Build/Intermediates.noindex/Nosfy.build/Release-iphoneos/NosfyWidgets.build/Objects-normal/arm64/NosfyWidgets-Swift.h -o /tmp/nosfy-nom-20260918/Build/Intermediates.noindex/Nosfy.build/Release-iphoneos/NosfyWidgets.build/DerivedSources/NosfyWidgets-Swift.h

Copy /tmp/nosfy-nom-20260918/Build/Products/Release-iphoneos/NosfyWidgets.swiftmodule/arm64-apple-ios.swiftmodule /tmp/nosfy-nom-20260918/Build/Intermediates.noindex/Nosfy.build/Release-iphoneos/NosfyWidgets.build/Objects-normal/arm64/NosfyWidgets.swiftmodule (in target 'NosfyWidgets' from project 'Nosfy')
    cd /Users/kathryn/Desktop/woochoper-ios
    builtin-copy -exclude .DS_Store -exclude CVS -exclude .svn -exclude .git -exclude .hg -resolve-src-symlinks -rename /tmp/nosfy-nom-20260918/Build/Intermediates.noindex/Nosfy.build/Release-iphoneos/NosfyWidgets.build/Objects-normal/arm64/NosfyWidgets.swiftmodule /tmp/nosfy-nom-20260918/Build/Products/Release-iphoneos/NosfyWidgets.swiftmodule/arm64-apple-ios.swiftmodule

Copy /tmp/nosfy-nom-20260918/Build/Products/Release-iphoneos/NosfyWidgets.swiftmodule/arm64-apple-ios.swiftdoc /tmp/nosfy-nom-20260918/Build/Intermediates.noindex/Nosfy.build/Release-iphoneos/NosfyWidgets.build/Objects-normal/arm64/NosfyWidgets.swiftdoc (in target 'NosfyWidgets' from project 'Nosfy')
    cd /Users/kathryn/Desktop/woochoper-ios
    builtin-copy -exclude .DS_Store -exclude CVS -exclude .svn -exclude .git -exclude .hg -resolve-src-symlinks -rename /tmp/nosfy-nom-20260918/Build/Intermediates.noindex/Nosfy.build/Release-iphoneos/NosfyWidgets.build/Objects-normal/arm64/NosfyWidgets.swiftdoc /tmp/nosfy-nom-20260918/Build/Products/Release-iphoneos/NosfyWidgets.swiftmodule/arm64-apple-ios.swiftdoc

Copy /tmp/nosfy-nom-20260918/Build/Products/Release-iphoneos/NosfyWidgets.swiftmodule/arm64-apple-ios.abi.json /tmp/nosfy-nom-20260918/Build/Intermediates.noindex/Nosfy.build/Release-iphoneos/NosfyWidgets.build/Objects-normal/arm64/NosfyWidgets.abi.json (in target 'NosfyWidgets' from project 'Nosfy')
    cd /Users/kathryn/Desktop/woochoper-ios
    builtin-copy -exclude .DS_Store -exclude CVS -exclude .svn -exclude .git -exclude .hg -resolve-src-symlinks -rename /tmp/nosfy-nom-20260918/Build/Intermediates.noindex/Nosfy.build/Release-iphoneos/NosfyWidgets.build/Objects-normal/arm64/NosfyWidgets.abi.json /tmp/nosfy-nom-20260918/Build/Products/Release-iphoneos/NosfyWidgets.swiftmodule/arm64-apple-ios.abi.json

Copy /tmp/nosfy-nom-20260918/Build/Products/Release-iphoneos/NosfyWidgets.swiftmodule/Project/arm64-apple-ios.swiftsourceinfo /tmp/nosfy-nom-20260918/Build/Intermediates.noindex/Nosfy.build/Release-iphoneos/NosfyWidgets.build/Objects-normal/arm64/NosfyWidgets.swiftsourceinfo (in target 'NosfyWidgets' from project 'Nosfy')
    cd /Users/kathryn/Desktop/woochoper-ios
    builtin-copy -exclude .DS_Store -exclude CVS -exclude .svn -exclude .git -exclude .hg -resolve-src-symlinks -rename /tmp/nosfy-nom-20260918/Build/Intermediates.noindex/Nosfy.build/Release-iphoneos/NosfyWidgets.build/Objects-normal/arm64/NosfyWidgets.swiftsourceinfo /tmp/nosfy-nom-20260918/Build/Products/Release-iphoneos/NosfyWidgets.swiftmodule/Project/arm64-apple-ios.swiftsourceinfo

Ld /tmp/nosfy-nom-20260918/Build/Products/Release-iphoneos/NosfyWidgets.appex/NosfyWidgets normal (in target 'NosfyWidgets' from project 'Nosfy')
    cd /Users/kathryn/Desktop/woochoper-ios
    /Applications/Xcode.app/Contents/Developer/Toolchains/XcodeDefault.xctoolchain/usr/bin/clang -Xlinker -reproducible -target arm64-apple-ios26.0 -isysroot /Applications/Xcode.app/Contents/Developer/Platforms/iPhoneOS.platform/Developer/SDKs/iPhoneOS26.5.sdk -Os -L/tmp/nosfy-nom-20260918/Build/Intermediates.noindex/EagerLinkingTBDs/Release-iphoneos -L/tmp/nosfy-nom-20260918/Build/Products/Release-iphoneos -F/tmp/nosfy-nom-20260918/Build/Intermediates.noindex/EagerLinkingTBDs/Release-iphoneos -F/tmp/nosfy-nom-20260918/Build/Products/Release-iphoneos -filelist /tmp/nosfy-nom-20260918/Build/Intermediates.noindex/Nosfy.build/Release-iphoneos/NosfyWidgets.build/Objects-normal/arm64/NosfyWidgets.LinkFileList -Xlinker -rpath -Xlinker @executable_path/Frameworks -Xlinker -rpath -Xlinker @executable_path/../../Frameworks -Xlinker -dead_strip -Xlinker -object_path_lto -Xlinker /tmp/nosfy-nom-20260918/Build/Intermediates.noindex/Nosfy.build/Release-iphoneos/NosfyWidgets.build/Objects-normal/arm64/NosfyWidgets_lto.o -Xlinker -dependency_info -Xlinker /tmp/nosfy-nom-20260918/Build/Intermediates.noindex/Nosfy.build/Release-iphoneos/NosfyWidgets.build/Objects-normal/arm64/NosfyWidgets_dependency_info.dat -e _NSExtensionMain -fapplication-extension -fobjc-link-runtime -L/Applications/Xcode.app/Contents/Developer/Toolchains/XcodeDefault.xctoolchain/usr/lib/swift/iphoneos -L/usr/lib/swift -Xlinker -add_ast_path -Xlinker /tmp/nosfy-nom-20260918/Build/Intermediates.noindex/Nosfy.build/Release-iphoneos/NosfyWidgets.build/Objects-normal/arm64/NosfyWidgets.swiftmodule @/tmp/nosfy-nom-20260918/Build/Intermediates.noindex/Nosfy.build/Release-iphoneos/NosfyWidgets.build/Objects-normal/arm64/NosfyWidgets-linker-args.resp -Xlinker -no_adhoc_codesign -o /tmp/nosfy-nom-20260918/Build/Products/Release-iphoneos/NosfyWidgets.appex/NosfyWidgets

ProcessProductPackaging /Users/kathryn/Library/Developer/Xcode/UserData/Provisioning\ Profiles/acfd3093-9378-4dc3-906a-00a012b0a22b.mobileprovision /tmp/nosfy-nom-20260918/Build/Products/Release-iphoneos/Nosfy.app/embedded.mobileprovision (in target 'Nosfy' from project 'Nosfy')
    cd /Users/kathryn/Desktop/woochoper-ios
    builtin-productPackagingUtility /Users/kathryn/Library/Developer/Xcode/UserData/Provisioning\ Profiles/acfd3093-9378-4dc3-906a-00a012b0a22b.mobileprovision -o /tmp/nosfy-nom-20260918/Build/Products/Release-iphoneos/Nosfy.app/embedded.mobileprovision

ProcessProductPackaging /Users/kathryn/Desktop/woochoper-ios/Nosfy/Nosfy.entitlements /tmp/nosfy-nom-20260918/Build/Intermediates.noindex/Nosfy.build/Release-iphoneos/Nosfy.build/Nosfy.app.xcent (in target 'Nosfy' from project 'Nosfy')
    cd /Users/kathryn/Desktop/woochoper-ios
    
    Entitlements:
    
    {
    "application-identifier" = "V45F4LUU8D.fr.kathryn.woop";
    "com.apple.developer.applesignin" =     (
        Default
    );
    "com.apple.developer.team-identifier" = V45F4LUU8D;
    "get-task-allow" = 1;
}
    
    builtin-productPackagingUtility /Users/kathryn/Desktop/woochoper-ios/Nosfy/Nosfy.entitlements -entitlements -format xml -o /tmp/nosfy-nom-20260918/Build/Intermediates.noindex/Nosfy.build/Release-iphoneos/Nosfy.build/Nosfy.app.xcent

ProcessProductPackagingDER /tmp/nosfy-nom-20260918/Build/Intermediates.noindex/Nosfy.build/Release-iphoneos/Nosfy.build/Nosfy.app.xcent /tmp/nosfy-nom-20260918/Build/Intermediates.noindex/Nosfy.build/Release-iphoneos/Nosfy.build/Nosfy.app.xcent.der (in target 'Nosfy' from project 'Nosfy')
    cd /Users/kathryn/Desktop/woochoper-ios
    /usr/bin/derq query -f xml -i /tmp/nosfy-nom-20260918/Build/Intermediates.noindex/Nosfy.build/Release-iphoneos/Nosfy.build/Nosfy.app.xcent -o /tmp/nosfy-nom-20260918/Build/Intermediates.noindex/Nosfy.build/Release-iphoneos/Nosfy.build/Nosfy.app.xcent.der --raw

MkDir /tmp/nosfy-nom-20260918/Build/Intermediates.noindex/Nosfy.build/Release-iphoneos/Nosfy.build/assetcatalog_output/unthinned (in target 'Nosfy' from project 'Nosfy')
    cd /Users/kathryn/Desktop/woochoper-ios
    /bin/mkdir -p /tmp/nosfy-nom-20260918/Build/Intermediates.noindex/Nosfy.build/Release-iphoneos/Nosfy.build/assetcatalog_output/unthinned

MkDir /tmp/nosfy-nom-20260918/Build/Intermediates.noindex/Nosfy.build/Release-iphoneos/Nosfy.build/assetcatalog_output/thinned (in target 'Nosfy' from project 'Nosfy')
    cd /Users/kathryn/Desktop/woochoper-ios
    /bin/mkdir -p /tmp/nosfy-nom-20260918/Build/Intermediates.noindex/Nosfy.build/Release-iphoneos/Nosfy.build/assetcatalog_output/thinned

GenerateAssetSymbols /Users/kathryn/Desktop/woochoper-ios/Nosfy/AppIcon.icon /Users/kathryn/Desktop/woochoper-ios/Nosfy/Assets.xcassets (in target 'Nosfy' from project 'Nosfy')
    cd /Users/kathryn/Desktop/woochoper-ios
    /Applications/Xcode.app/Contents/Developer/usr/bin/actool /Users/kathryn/Desktop/woochoper-ios/Nosfy/AppIcon.icon /Users/kathryn/Desktop/woochoper-ios/Nosfy/Assets.xcassets --compile /tmp/nosfy-nom-20260918/Build/Products/Release-iphoneos/Nosfy.app --output-format human-readable-text --notices --warnings --export-dependency-info /tmp/nosfy-nom-20260918/Build/Intermediates.noindex/Nosfy.build/Release-iphoneos/Nosfy.build/assetcatalog_dependencies --output-partial-info-plist /tmp/nosfy-nom-20260918/Build/Intermediates.noindex/Nosfy.build/Release-iphoneos/Nosfy.build/assetcatalog_generated_info.plist --app-icon AppIcon --accent-color AccentColor --compress-pngs --enable-on-demand-resources YES --development-region fr --target-device iphone --minimum-deployment-target 26.0 --platform iphoneos --bundle-identifier fr.kathryn.woop --generate-swift-asset-symbol-extensions NO --generate-swift-asset-symbols /tmp/nosfy-nom-20260918/Build/Intermediates.noindex/Nosfy.build/Release-iphoneos/Nosfy.build/DerivedSources/GeneratedAssetSymbols.swift --generate-objc-asset-symbols /tmp/nosfy-nom-20260918/Build/Intermediates.noindex/Nosfy.build/Release-iphoneos/Nosfy.build/DerivedSources/GeneratedAssetSymbols.h --generate-asset-symbol-index /tmp/nosfy-nom-20260918/Build/Intermediates.noindex/Nosfy.build/Release-iphoneos/Nosfy.build/DerivedSources/GeneratedAssetSymbols-Index.plist
/* com.apple.actool.compilation-results */
/tmp/nosfy-nom-20260918/Build/Intermediates.noindex/Nosfy.build/Release-iphoneos/Nosfy.build/DerivedSources/GeneratedAssetSymbols-Index.plist
/tmp/nosfy-nom-20260918/Build/Intermediates.noindex/Nosfy.build/Release-iphoneos/Nosfy.build/DerivedSources/GeneratedAssetSymbols.h
/tmp/nosfy-nom-20260918/Build/Intermediates.noindex/Nosfy.build/Release-iphoneos/Nosfy.build/DerivedSources/GeneratedAssetSymbols.swift


CompileMetalFile /Users/kathryn/Desktop/woochoper-ios/Nosfy/WahouAura.metal (in target 'Nosfy' from project 'Nosfy')
    cd /Users/kathryn/Desktop/woochoper-ios
    /var/run/com.apple.security.cryptexd/mnt/com.apple.MobileAsset.MetalToolchain-v17.6.42.0.BA5Ggr/Metal.xctoolchain/usr/bin/metal -c -target air64-apple-ios26.0 -I/tmp/nosfy-nom-20260918/Build/Products/Release-iphoneos/include -F/tmp/nosfy-nom-20260918/Build/Products/Release-iphoneos -isysroot /Applications/Xcode.app/Contents/Developer/Platforms/iPhoneOS.platform/Developer/SDKs/iPhoneOS26.5.sdk -fmetal-math-mode\=fast -fmetal-math-fp32-functions\=fast -serialize-diagnostics /tmp/nosfy-nom-20260918/Build/Intermediates.noindex/Nosfy.build/Release-iphoneos/Nosfy.build/Metal/WahouAura.dia -o /tmp/nosfy-nom-20260918/Build/Intermediates.noindex/Nosfy.build/Release-iphoneos/Nosfy.build/Metal/WahouAura.air -MMD -MT dependencies -MF /tmp/nosfy-nom-20260918/Build/Intermediates.noindex/Nosfy.build/Release-iphoneos/Nosfy.build/Metal/WahouAura.dat /Users/kathryn/Desktop/woochoper-ios/Nosfy/WahouAura.metal

CompileMetalFile /Users/kathryn/Desktop/woochoper-ios/Nosfy/VerreGalet.metal (in target 'Nosfy' from project 'Nosfy')
    cd /Users/kathryn/Desktop/woochoper-ios
    /var/run/com.apple.security.cryptexd/mnt/com.apple.MobileAsset.MetalToolchain-v17.6.42.0.BA5Ggr/Metal.xctoolchain/usr/bin/metal -c -target air64-apple-ios26.0 -I/tmp/nosfy-nom-20260918/Build/Products/Release-iphoneos/include -F/tmp/nosfy-nom-20260918/Build/Products/Release-iphoneos -isysroot /Applications/Xcode.app/Contents/Developer/Platforms/iPhoneOS.platform/Developer/SDKs/iPhoneOS26.5.sdk -fmetal-math-mode\=fast -fmetal-math-fp32-functions\=fast -serialize-diagnostics /tmp/nosfy-nom-20260918/Build/Intermediates.noindex/Nosfy.build/Release-iphoneos/Nosfy.build/Metal/VerreGalet.dia -o /tmp/nosfy-nom-20260918/Build/Intermediates.noindex/Nosfy.build/Release-iphoneos/Nosfy.build/Metal/VerreGalet.air -MMD -MT dependencies -MF /tmp/nosfy-nom-20260918/Build/Intermediates.noindex/Nosfy.build/Release-iphoneos/Nosfy.build/Metal/VerreGalet.dat /Users/kathryn/Desktop/woochoper-ios/Nosfy/VerreGalet.metal

GenerateDSYMFile /tmp/nosfy-nom-20260918/Build/Products/Release-iphoneos/NosfyWidgets.appex.dSYM /tmp/nosfy-nom-20260918/Build/Products/Release-iphoneos/NosfyWidgets.appex/NosfyWidgets (in target 'NosfyWidgets' from project 'Nosfy')
    cd /Users/kathryn/Desktop/woochoper-ios
    /Applications/Xcode.app/Contents/Developer/Toolchains/XcodeDefault.xctoolchain/usr/bin/dsymutil /tmp/nosfy-nom-20260918/Build/Products/Release-iphoneos/NosfyWidgets.appex/NosfyWidgets -o /tmp/nosfy-nom-20260918/Build/Products/Release-iphoneos/NosfyWidgets.appex.dSYM

CompileMetalFile /Users/kathryn/Desktop/woochoper-ios/Nosfy/VerreCoulant.metal (in target 'Nosfy' from project 'Nosfy')
    cd /Users/kathryn/Desktop/woochoper-ios
    /var/run/com.apple.security.cryptexd/mnt/com.apple.MobileAsset.MetalToolchain-v17.6.42.0.BA5Ggr/Metal.xctoolchain/usr/bin/metal -c -target air64-apple-ios26.0 -I/tmp/nosfy-nom-20260918/Build/Products/Release-iphoneos/include -F/tmp/nosfy-nom-20260918/Build/Products/Release-iphoneos -isysroot /Applications/Xcode.app/Contents/Developer/Platforms/iPhoneOS.platform/Developer/SDKs/iPhoneOS26.5.sdk -fmetal-math-mode\=fast -fmetal-math-fp32-functions\=fast -serialize-diagnostics /tmp/nosfy-nom-20260918/Build/Intermediates.noindex/Nosfy.build/Release-iphoneos/Nosfy.build/Metal/VerreCoulant-40b4d058c50707fb225c7a1399688ba7.dia -o /tmp/nosfy-nom-20260918/Build/Intermediates.noindex/Nosfy.build/Release-iphoneos/Nosfy.build/Metal/VerreCoulant-40b4d058c50707fb225c7a1399688ba7.air -MMD -MT dependencies -MF /tmp/nosfy-nom-20260918/Build/Intermediates.noindex/Nosfy.build/Release-iphoneos/Nosfy.build/Metal/VerreCoulant-40b4d058c50707fb225c7a1399688ba7.dat /Users/kathryn/Desktop/woochoper-ios/Nosfy/VerreCoulant.metal
/Users/kathryn/Desktop/woochoper-ios/Nosfy/VerreCoulant.metal:138:11: warning: unused variable 'swell' [-Wunused-variable]
    float swell = 1.0 + 0.050 * sin(t * 6.2832 / 8.7)
          ^
1 warning generated.

CompileMetalFile /Users/kathryn/Desktop/woochoper-ios/Nosfy/TreasureBadge.metal (in target 'Nosfy' from project 'Nosfy')
    cd /Users/kathryn/Desktop/woochoper-ios
    /var/run/com.apple.security.cryptexd/mnt/com.apple.MobileAsset.MetalToolchain-v17.6.42.0.BA5Ggr/Metal.xctoolchain/usr/bin/metal -c -target air64-apple-ios26.0 -I/tmp/nosfy-nom-20260918/Build/Products/Release-iphoneos/include -F/tmp/nosfy-nom-20260918/Build/Products/Release-iphoneos -isysroot /Applications/Xcode.app/Contents/Developer/Platforms/iPhoneOS.platform/Developer/SDKs/iPhoneOS26.5.sdk -fmetal-math-mode\=fast -fmetal-math-fp32-functions\=fast -serialize-diagnostics /tmp/nosfy-nom-20260918/Build/Intermediates.noindex/Nosfy.build/Release-iphoneos/Nosfy.build/Metal/TreasureBadge.dia -o /tmp/nosfy-nom-20260918/Build/Intermediates.noindex/Nosfy.build/Release-iphoneos/Nosfy.build/Metal/TreasureBadge.air -MMD -MT dependencies -MF /tmp/nosfy-nom-20260918/Build/Intermediates.noindex/Nosfy.build/Release-iphoneos/Nosfy.build/Metal/TreasureBadge.dat /Users/kathryn/Desktop/woochoper-ios/Nosfy/TreasureBadge.metal

CompileMetalFile /Users/kathryn/Desktop/woochoper-ios/Nosfy/PorteCaresse.metal (in target 'Nosfy' from project 'Nosfy')
    cd /Users/kathryn/Desktop/woochoper-ios
    /var/run/com.apple.security.cryptexd/mnt/com.apple.MobileAsset.MetalToolchain-v17.6.42.0.BA5Ggr/Metal.xctoolchain/usr/bin/metal -c -target air64-apple-ios26.0 -I/tmp/nosfy-nom-20260918/Build/Products/Release-iphoneos/include -F/tmp/nosfy-nom-20260918/Build/Products/Release-iphoneos -isysroot /Applications/Xcode.app/Contents/Developer/Platforms/iPhoneOS.platform/Developer/SDKs/iPhoneOS26.5.sdk -fmetal-math-mode\=fast -fmetal-math-fp32-functions\=fast -serialize-diagnostics /tmp/nosfy-nom-20260918/Build/Intermediates.noindex/Nosfy.build/Release-iphoneos/Nosfy.build/Metal/PorteCaresse.dia -o /tmp/nosfy-nom-20260918/Build/Intermediates.noindex/Nosfy.build/Release-iphoneos/Nosfy.build/Metal/PorteCaresse.air -MMD -MT dependencies -MF /tmp/nosfy-nom-20260918/Build/Intermediates.noindex/Nosfy.build/Release-iphoneos/Nosfy.build/Metal/PorteCaresse.dat /Users/kathryn/Desktop/woochoper-ios/Nosfy/PorteCaresse.metal

CompileMetalFile /Users/kathryn/Desktop/woochoper-ios/Nosfy/PieceVerre.metal (in target 'Nosfy' from project 'Nosfy')
    cd /Users/kathryn/Desktop/woochoper-ios
    /var/run/com.apple.security.cryptexd/mnt/com.apple.MobileAsset.MetalToolchain-v17.6.42.0.BA5Ggr/Metal.xctoolchain/usr/bin/metal -c -target air64-apple-ios26.0 -I/tmp/nosfy-nom-20260918/Build/Products/Release-iphoneos/include -F/tmp/nosfy-nom-20260918/Build/Products/Release-iphoneos -isysroot /Applications/Xcode.app/Contents/Developer/Platforms/iPhoneOS.platform/Developer/SDKs/iPhoneOS26.5.sdk -fmetal-math-mode\=fast -fmetal-math-fp32-functions\=fast -serialize-diagnostics /tmp/nosfy-nom-20260918/Build/Intermediates.noindex/Nosfy.build/Release-iphoneos/Nosfy.build/Metal/PieceVerre.dia -o /tmp/nosfy-nom-20260918/Build/Intermediates.noindex/Nosfy.build/Release-iphoneos/Nosfy.build/Metal/PieceVerre.air -MMD -MT dependencies -MF /tmp/nosfy-nom-20260918/Build/Intermediates.noindex/Nosfy.build/Release-iphoneos/Nosfy.build/Metal/PieceVerre.dat /Users/kathryn/Desktop/woochoper-ios/Nosfy/PieceVerre.metal

CompileMetalFile /Users/kathryn/Desktop/woochoper-ios/Nosfy/PebbleDust.metal (in target 'Nosfy' from project 'Nosfy')
    cd /Users/kathryn/Desktop/woochoper-ios
    /var/run/com.apple.security.cryptexd/mnt/com.apple.MobileAsset.MetalToolchain-v17.6.42.0.BA5Ggr/Metal.xctoolchain/usr/bin/metal -c -target air64-apple-ios26.0 -I/tmp/nosfy-nom-20260918/Build/Products/Release-iphoneos/include -F/tmp/nosfy-nom-20260918/Build/Products/Release-iphoneos -isysroot /Applications/Xcode.app/Contents/Developer/Platforms/iPhoneOS.platform/Developer/SDKs/iPhoneOS26.5.sdk -fmetal-math-mode\=fast -fmetal-math-fp32-functions\=fast -serialize-diagnostics /tmp/nosfy-nom-20260918/Build/Intermediates.noindex/Nosfy.build/Release-iphoneos/Nosfy.build/Metal/PebbleDust.dia -o /tmp/nosfy-nom-20260918/Build/Intermediates.noindex/Nosfy.build/Release-iphoneos/Nosfy.build/Metal/PebbleDust.air -MMD -MT dependencies -MF /tmp/nosfy-nom-20260918/Build/Intermediates.noindex/Nosfy.build/Release-iphoneos/Nosfy.build/Metal/PebbleDust.dat /Users/kathryn/Desktop/woochoper-ios/Nosfy/PebbleDust.metal

CompileMetalFile /Users/kathryn/Desktop/woochoper-ios/Nosfy/ObsidianCard.metal (in target 'Nosfy' from project 'Nosfy')
    cd /Users/kathryn/Desktop/woochoper-ios
    /var/run/com.apple.security.cryptexd/mnt/com.apple.MobileAsset.MetalToolchain-v17.6.42.0.BA5Ggr/Metal.xctoolchain/usr/bin/metal -c -target air64-apple-ios26.0 -I/tmp/nosfy-nom-20260918/Build/Products/Release-iphoneos/include -F/tmp/nosfy-nom-20260918/Build/Products/Release-iphoneos -isysroot /Applications/Xcode.app/Contents/Developer/Platforms/iPhoneOS.platform/Developer/SDKs/iPhoneOS26.5.sdk -fmetal-math-mode\=fast -fmetal-math-fp32-functions\=fast -serialize-diagnostics /tmp/nosfy-nom-20260918/Build/Intermediates.noindex/Nosfy.build/Release-iphoneos/Nosfy.build/Metal/ObsidianCard-f085f54612cd7263e2836f86e6542e7e.dia -o /tmp/nosfy-nom-20260918/Build/Intermediates.noindex/Nosfy.build/Release-iphoneos/Nosfy.build/Metal/ObsidianCard-f085f54612cd7263e2836f86e6542e7e.air -MMD -MT dependencies -MF /tmp/nosfy-nom-20260918/Build/Intermediates.noindex/Nosfy.build/Release-iphoneos/Nosfy.build/Metal/ObsidianCard-f085f54612cd7263e2836f86e6542e7e.dat /Users/kathryn/Desktop/woochoper-ios/Nosfy/ObsidianCard.metal
/Users/kathryn/Desktop/woochoper-ios/Nosfy/ObsidianCard.metal:72:14: warning: unused function 'olobe' [-Wunused-function]
static float olobe(float2 p, float2 c, float2 s) {
             ^
/Users/kathryn/Desktop/woochoper-ios/Nosfy/ObsidianCard.metal:89:17: warning: unused variable 'kWarm' [-Wunused-const-variable]
constant float3 kWarm = float3(1.000, 0.456, 0.154);   // la source chaude
                ^
/Users/kathryn/Desktop/woochoper-ios/Nosfy/ObsidianCard.metal:97:17: warning: unused variable 'kRim' [-Wunused-const-variable]
constant float3 kRim  = float3(1.000, 0.600, 0.320);
                ^
3 warnings generated.

CompileMetalFile /Users/kathryn/Desktop/woochoper-ios/Nosfy/ObjectiveJewel.metal (in target 'Nosfy' from project 'Nosfy')
    cd /Users/kathryn/Desktop/woochoper-ios
    /var/run/com.apple.security.cryptexd/mnt/com.apple.MobileAsset.MetalToolchain-v17.6.42.0.BA5Ggr/Metal.xctoolchain/usr/bin/metal -c -target air64-apple-ios26.0 -I/tmp/nosfy-nom-20260918/Build/Products/Release-iphoneos/include -F/tmp/nosfy-nom-20260918/Build/Products/Release-iphoneos -isysroot /Applications/Xcode.app/Contents/Developer/Platforms/iPhoneOS.platform/Developer/SDKs/iPhoneOS26.5.sdk -fmetal-math-mode\=fast -fmetal-math-fp32-functions\=fast -serialize-diagnostics /tmp/nosfy-nom-20260918/Build/Intermediates.noindex/Nosfy.build/Release-iphoneos/Nosfy.build/Metal/ObjectiveJewel.dia -o /tmp/nosfy-nom-20260918/Build/Intermediates.noindex/Nosfy.build/Release-iphoneos/Nosfy.build/Metal/ObjectiveJewel.air -MMD -MT dependencies -MF /tmp/nosfy-nom-20260918/Build/Intermediates.noindex/Nosfy.build/Release-iphoneos/Nosfy.build/Metal/ObjectiveJewel.dat /Users/kathryn/Desktop/woochoper-ios/Nosfy/ObjectiveJewel.metal

CompileMetalFile /Users/kathryn/Desktop/woochoper-ios/Nosfy/NeonPrimary.metal (in target 'Nosfy' from project 'Nosfy')
    cd /Users/kathryn/Desktop/woochoper-ios
    /var/run/com.apple.security.cryptexd/mnt/com.apple.MobileAsset.MetalToolchain-v17.6.42.0.BA5Ggr/Metal.xctoolchain/usr/bin/metal -c -target air64-apple-ios26.0 -I/tmp/nosfy-nom-20260918/Build/Products/Release-iphoneos/include -F/tmp/nosfy-nom-20260918/Build/Products/Release-iphoneos -isysroot /Applications/Xcode.app/Contents/Developer/Platforms/iPhoneOS.platform/Developer/SDKs/iPhoneOS26.5.sdk -fmetal-math-mode\=fast -fmetal-math-fp32-functions\=fast -serialize-diagnostics /tmp/nosfy-nom-20260918/Build/Intermediates.noindex/Nosfy.build/Release-iphoneos/Nosfy.build/Metal/NeonPrimary.dia -o /tmp/nosfy-nom-20260918/Build/Intermediates.noindex/Nosfy.build/Release-iphoneos/Nosfy.build/Metal/NeonPrimary.air -MMD -MT dependencies -MF /tmp/nosfy-nom-20260918/Build/Intermediates.noindex/Nosfy.build/Release-iphoneos/Nosfy.build/Metal/NeonPrimary.dat /Users/kathryn/Desktop/woochoper-ios/Nosfy/NeonPrimary.metal

CompileMetalFile /Users/kathryn/Desktop/woochoper-ios/Nosfy/NebulaShaders.metal (in target 'Nosfy' from project 'Nosfy')
    cd /Users/kathryn/Desktop/woochoper-ios
    /var/run/com.apple.security.cryptexd/mnt/com.apple.MobileAsset.MetalToolchain-v17.6.42.0.BA5Ggr/Metal.xctoolchain/usr/bin/metal -c -target air64-apple-ios26.0 -I/tmp/nosfy-nom-20260918/Build/Products/Release-iphoneos/include -F/tmp/nosfy-nom-20260918/Build/Products/Release-iphoneos -isysroot /Applications/Xcode.app/Contents/Developer/Platforms/iPhoneOS.platform/Developer/SDKs/iPhoneOS26.5.sdk -fmetal-math-mode\=fast -fmetal-math-fp32-functions\=fast -serialize-diagnostics /tmp/nosfy-nom-20260918/Build/Intermediates.noindex/Nosfy.build/Release-iphoneos/Nosfy.build/Metal/NebulaShaders.dia -o /tmp/nosfy-nom-20260918/Build/Intermediates.noindex/Nosfy.build/Release-iphoneos/Nosfy.build/Metal/NebulaShaders.air -MMD -MT dependencies -MF /tmp/nosfy-nom-20260918/Build/Intermediates.noindex/Nosfy.build/Release-iphoneos/Nosfy.build/Metal/NebulaShaders.dat /Users/kathryn/Desktop/woochoper-ios/Nosfy/NebulaShaders.metal

CompileMetalFile /Users/kathryn/Desktop/woochoper-ios/Nosfy/NavMonolith.metal (in target 'Nosfy' from project 'Nosfy')
    cd /Users/kathryn/Desktop/woochoper-ios
    /var/run/com.apple.security.cryptexd/mnt/com.apple.MobileAsset.MetalToolchain-v17.6.42.0.BA5Ggr/Metal.xctoolchain/usr/bin/metal -c -target air64-apple-ios26.0 -I/tmp/nosfy-nom-20260918/Build/Products/Release-iphoneos/include -F/tmp/nosfy-nom-20260918/Build/Products/Release-iphoneos -isysroot /Applications/Xcode.app/Contents/Developer/Platforms/iPhoneOS.platform/Developer/SDKs/iPhoneOS26.5.sdk -fmetal-math-mode\=fast -fmetal-math-fp32-functions\=fast -serialize-diagnostics /tmp/nosfy-nom-20260918/Build/Intermediates.noindex/Nosfy.build/Release-iphoneos/Nosfy.build/Metal/NavMonolith.dia -o /tmp/nosfy-nom-20260918/Build/Intermediates.noindex/Nosfy.build/Release-iphoneos/Nosfy.build/Metal/NavMonolith.air -MMD -MT dependencies -MF /tmp/nosfy-nom-20260918/Build/Intermediates.noindex/Nosfy.build/Release-iphoneos/Nosfy.build/Metal/NavMonolith.dat /Users/kathryn/Desktop/woochoper-ios/Nosfy/NavMonolith.metal

CompileMetalFile /Users/kathryn/Desktop/woochoper-ios/Nosfy/MoonCoin.metal (in target 'Nosfy' from project 'Nosfy')
    cd /Users/kathryn/Desktop/woochoper-ios
    /var/run/com.apple.security.cryptexd/mnt/com.apple.MobileAsset.MetalToolchain-v17.6.42.0.BA5Ggr/Metal.xctoolchain/usr/bin/metal -c -target air64-apple-ios26.0 -I/tmp/nosfy-nom-20260918/Build/Products/Release-iphoneos/include -F/tmp/nosfy-nom-20260918/Build/Products/Release-iphoneos -isysroot /Applications/Xcode.app/Contents/Developer/Platforms/iPhoneOS.platform/Developer/SDKs/iPhoneOS26.5.sdk -fmetal-math-mode\=fast -fmetal-math-fp32-functions\=fast -serialize-diagnostics /tmp/nosfy-nom-20260918/Build/Intermediates.noindex/Nosfy.build/Release-iphoneos/Nosfy.build/Metal/MoonCoin.dia -o /tmp/nosfy-nom-20260918/Build/Intermediates.noindex/Nosfy.build/Release-iphoneos/Nosfy.build/Metal/MoonCoin.air -MMD -MT dependencies -MF /tmp/nosfy-nom-20260918/Build/Intermediates.noindex/Nosfy.build/Release-iphoneos/Nosfy.build/Metal/MoonCoin.dat /Users/kathryn/Desktop/woochoper-ios/Nosfy/MoonCoin.metal

CompileMetalFile /Users/kathryn/Desktop/woochoper-ios/Nosfy/LogoMonolith.metal (in target 'Nosfy' from project 'Nosfy')
    cd /Users/kathryn/Desktop/woochoper-ios
    /var/run/com.apple.security.cryptexd/mnt/com.apple.MobileAsset.MetalToolchain-v17.6.42.0.BA5Ggr/Metal.xctoolchain/usr/bin/metal -c -target air64-apple-ios26.0 -I/tmp/nosfy-nom-20260918/Build/Products/Release-iphoneos/include -F/tmp/nosfy-nom-20260918/Build/Products/Release-iphoneos -isysroot /Applications/Xcode.app/Contents/Developer/Platforms/iPhoneOS.platform/Developer/SDKs/iPhoneOS26.5.sdk -fmetal-math-mode\=fast -fmetal-math-fp32-functions\=fast -serialize-diagnostics /tmp/nosfy-nom-20260918/Build/Intermediates.noindex/Nosfy.build/Release-iphoneos/Nosfy.build/Metal/LogoMonolith.dia -o /tmp/nosfy-nom-20260918/Build/Intermediates.noindex/Nosfy.build/Release-iphoneos/Nosfy.build/Metal/LogoMonolith.air -MMD -MT dependencies -MF /tmp/nosfy-nom-20260918/Build/Intermediates.noindex/Nosfy.build/Release-iphoneos/Nosfy.build/Metal/LogoMonolith.dat /Users/kathryn/Desktop/woochoper-ios/Nosfy/LogoMonolith.metal

CompileMetalFile /Users/kathryn/Desktop/woochoper-ios/Nosfy/LoginAurora.metal (in target 'Nosfy' from project 'Nosfy')
    cd /Users/kathryn/Desktop/woochoper-ios
    /var/run/com.apple.security.cryptexd/mnt/com.apple.MobileAsset.MetalToolchain-v17.6.42.0.BA5Ggr/Metal.xctoolchain/usr/bin/metal -c -target air64-apple-ios26.0 -I/tmp/nosfy-nom-20260918/Build/Products/Release-iphoneos/include -F/tmp/nosfy-nom-20260918/Build/Products/Release-iphoneos -isysroot /Applications/Xcode.app/Contents/Developer/Platforms/iPhoneOS.platform/Developer/SDKs/iPhoneOS26.5.sdk -fmetal-math-mode\=fast -fmetal-math-fp32-functions\=fast -serialize-diagnostics /tmp/nosfy-nom-20260918/Build/Intermediates.noindex/Nosfy.build/Release-iphoneos/Nosfy.build/Metal/LoginAurora.dia -o /tmp/nosfy-nom-20260918/Build/Intermediates.noindex/Nosfy.build/Release-iphoneos/Nosfy.build/Metal/LoginAurora.air -MMD -MT dependencies -MF /tmp/nosfy-nom-20260918/Build/Intermediates.noindex/Nosfy.build/Release-iphoneos/Nosfy.build/Metal/LoginAurora.dat /Users/kathryn/Desktop/woochoper-ios/Nosfy/LoginAurora.metal

CompileMetalFile /Users/kathryn/Desktop/woochoper-ios/Nosfy/LiquidLens.metal (in target 'Nosfy' from project 'Nosfy')
    cd /Users/kathryn/Desktop/woochoper-ios
    /var/run/com.apple.security.cryptexd/mnt/com.apple.MobileAsset.MetalToolchain-v17.6.42.0.BA5Ggr/Metal.xctoolchain/usr/bin/metal -c -target air64-apple-ios26.0 -I/tmp/nosfy-nom-20260918/Build/Products/Release-iphoneos/include -F/tmp/nosfy-nom-20260918/Build/Products/Release-iphoneos -isysroot /Applications/Xcode.app/Contents/Developer/Platforms/iPhoneOS.platform/Developer/SDKs/iPhoneOS26.5.sdk -fmetal-math-mode\=fast -fmetal-math-fp32-functions\=fast -serialize-diagnostics /tmp/nosfy-nom-20260918/Build/Intermediates.noindex/Nosfy.build/Release-iphoneos/Nosfy.build/Metal/LiquidLens.dia -o /tmp/nosfy-nom-20260918/Build/Intermediates.noindex/Nosfy.build/Release-iphoneos/Nosfy.build/Metal/LiquidLens.air -MMD -MT dependencies -MF /tmp/nosfy-nom-20260918/Build/Intermediates.noindex/Nosfy.build/Release-iphoneos/Nosfy.build/Metal/LiquidLens.dat /Users/kathryn/Desktop/woochoper-ios/Nosfy/LiquidLens.metal

CompileMetalFile /Users/kathryn/Desktop/woochoper-ios/Nosfy/JaugeLacque.metal (in target 'Nosfy' from project 'Nosfy')
    cd /Users/kathryn/Desktop/woochoper-ios
    /var/run/com.apple.security.cryptexd/mnt/com.apple.MobileAsset.MetalToolchain-v17.6.42.0.BA5Ggr/Metal.xctoolchain/usr/bin/metal -c -target air64-apple-ios26.0 -I/tmp/nosfy-nom-20260918/Build/Products/Release-iphoneos/include -F/tmp/nosfy-nom-20260918/Build/Products/Release-iphoneos -isysroot /Applications/Xcode.app/Contents/Developer/Platforms/iPhoneOS.platform/Developer/SDKs/iPhoneOS26.5.sdk -fmetal-math-mode\=fast -fmetal-math-fp32-functions\=fast -serialize-diagnostics /tmp/nosfy-nom-20260918/Build/Intermediates.noindex/Nosfy.build/Release-iphoneos/Nosfy.build/Metal/JaugeLacque.dia -o /tmp/nosfy-nom-20260918/Build/Intermediates.noindex/Nosfy.build/Release-iphoneos/Nosfy.build/Metal/JaugeLacque.air -MMD -MT dependencies -MF /tmp/nosfy-nom-20260918/Build/Intermediates.noindex/Nosfy.build/Release-iphoneos/Nosfy.build/Metal/JaugeLacque.dat /Users/kathryn/Desktop/woochoper-ios/Nosfy/JaugeLacque.metal

CompileMetalFile /Users/kathryn/Desktop/woochoper-ios/Nosfy/HomeNuit.metal (in target 'Nosfy' from project 'Nosfy')
    cd /Users/kathryn/Desktop/woochoper-ios
    /var/run/com.apple.security.cryptexd/mnt/com.apple.MobileAsset.MetalToolchain-v17.6.42.0.BA5Ggr/Metal.xctoolchain/usr/bin/metal -c -target air64-apple-ios26.0 -I/tmp/nosfy-nom-20260918/Build/Products/Release-iphoneos/include -F/tmp/nosfy-nom-20260918/Build/Products/Release-iphoneos -isysroot /Applications/Xcode.app/Contents/Developer/Platforms/iPhoneOS.platform/Developer/SDKs/iPhoneOS26.5.sdk -fmetal-math-mode\=fast -fmetal-math-fp32-functions\=fast -serialize-diagnostics /tmp/nosfy-nom-20260918/Build/Intermediates.noindex/Nosfy.build/Release-iphoneos/Nosfy.build/Metal/HomeNuit-dacb9305fad0a44721bbbc38c2a6a681.dia -o /tmp/nosfy-nom-20260918/Build/Intermediates.noindex/Nosfy.build/Release-iphoneos/Nosfy.build/Metal/HomeNuit-dacb9305fad0a44721bbbc38c2a6a681.air -MMD -MT dependencies -MF /tmp/nosfy-nom-20260918/Build/Intermediates.noindex/Nosfy.build/Release-iphoneos/Nosfy.build/Metal/HomeNuit-dacb9305fad0a44721bbbc38c2a6a681.dat /Users/kathryn/Desktop/woochoper-ios/Nosfy/HomeNuit.metal
/Users/kathryn/Desktop/woochoper-ios/Nosfy/HomeNuit.metal:41:17: warning: unused variable 'NR_BRAISE' [-Wunused-const-variable]
constant float3 NR_BRAISE = float3(1.00, 0.62, 0.24);
                ^
1 warning generated.

CompileMetalFile /Users/kathryn/Desktop/woochoper-ios/Nosfy/HaloDawn.metal (in target 'Nosfy' from project 'Nosfy')
    cd /Users/kathryn/Desktop/woochoper-ios
    /var/run/com.apple.security.cryptexd/mnt/com.apple.MobileAsset.MetalToolchain-v17.6.42.0.BA5Ggr/Metal.xctoolchain/usr/bin/metal -c -target air64-apple-ios26.0 -I/tmp/nosfy-nom-20260918/Build/Products/Release-iphoneos/include -F/tmp/nosfy-nom-20260918/Build/Products/Release-iphoneos -isysroot /Applications/Xcode.app/Contents/Developer/Platforms/iPhoneOS.platform/Developer/SDKs/iPhoneOS26.5.sdk -fmetal-math-mode\=fast -fmetal-math-fp32-functions\=fast -serialize-diagnostics /tmp/nosfy-nom-20260918/Build/Intermediates.noindex/Nosfy.build/Release-iphoneos/Nosfy.build/Metal/HaloDawn.dia -o /tmp/nosfy-nom-20260918/Build/Intermediates.noindex/Nosfy.build/Release-iphoneos/Nosfy.build/Metal/HaloDawn.air -MMD -MT dependencies -MF /tmp/nosfy-nom-20260918/Build/Intermediates.noindex/Nosfy.build/Release-iphoneos/Nosfy.build/Metal/HaloDawn.dat /Users/kathryn/Desktop/woochoper-ios/Nosfy/HaloDawn.metal

CompileMetalFile /Users/kathryn/Desktop/woochoper-ios/Nosfy/GaletStage.metal (in target 'Nosfy' from project 'Nosfy')
    cd /Users/kathryn/Desktop/woochoper-ios
    /var/run/com.apple.security.cryptexd/mnt/com.apple.MobileAsset.MetalToolchain-v17.6.42.0.BA5Ggr/Metal.xctoolchain/usr/bin/metal -c -target air64-apple-ios26.0 -I/tmp/nosfy-nom-20260918/Build/Products/Release-iphoneos/include -F/tmp/nosfy-nom-20260918/Build/Products/Release-iphoneos -isysroot /Applications/Xcode.app/Contents/Developer/Platforms/iPhoneOS.platform/Developer/SDKs/iPhoneOS26.5.sdk -fmetal-math-mode\=fast -fmetal-math-fp32-functions\=fast -serialize-diagnostics /tmp/nosfy-nom-20260918/Build/Intermediates.noindex/Nosfy.build/Release-iphoneos/Nosfy.build/Metal/GaletStage.dia -o /tmp/nosfy-nom-20260918/Build/Intermediates.noindex/Nosfy.build/Release-iphoneos/Nosfy.build/Metal/GaletStage.air -MMD -MT dependencies -MF /tmp/nosfy-nom-20260918/Build/Intermediates.noindex/Nosfy.build/Release-iphoneos/Nosfy.build/Metal/GaletStage.dat /Users/kathryn/Desktop/woochoper-ios/Nosfy/GaletStage.metal

CompileMetalFile /Users/kathryn/Desktop/woochoper-ios/Nosfy/GaletMedaillon.metal (in target 'Nosfy' from project 'Nosfy')
    cd /Users/kathryn/Desktop/woochoper-ios
    /var/run/com.apple.security.cryptexd/mnt/com.apple.MobileAsset.MetalToolchain-v17.6.42.0.BA5Ggr/Metal.xctoolchain/usr/bin/metal -c -target air64-apple-ios26.0 -I/tmp/nosfy-nom-20260918/Build/Products/Release-iphoneos/include -F/tmp/nosfy-nom-20260918/Build/Products/Release-iphoneos -isysroot /Applications/Xcode.app/Contents/Developer/Platforms/iPhoneOS.platform/Developer/SDKs/iPhoneOS26.5.sdk -fmetal-math-mode\=fast -fmetal-math-fp32-functions\=fast -serialize-diagnostics /tmp/nosfy-nom-20260918/Build/Intermediates.noindex/Nosfy.build/Release-iphoneos/Nosfy.build/Metal/GaletMedaillon.dia -o /tmp/nosfy-nom-20260918/Build/Intermediates.noindex/Nosfy.build/Release-iphoneos/Nosfy.build/Metal/GaletMedaillon.air -MMD -MT dependencies -MF /tmp/nosfy-nom-20260918/Build/Intermediates.noindex/Nosfy.build/Release-iphoneos/Nosfy.build/Metal/GaletMedaillon.dat /Users/kathryn/Desktop/woochoper-ios/Nosfy/GaletMedaillon.metal

CompileMetalFile /Users/kathryn/Desktop/woochoper-ios/Nosfy/GaletLisere.metal (in target 'Nosfy' from project 'Nosfy')
    cd /Users/kathryn/Desktop/woochoper-ios
    /var/run/com.apple.security.cryptexd/mnt/com.apple.MobileAsset.MetalToolchain-v17.6.42.0.BA5Ggr/Metal.xctoolchain/usr/bin/metal -c -target air64-apple-ios26.0 -I/tmp/nosfy-nom-20260918/Build/Products/Release-iphoneos/include -F/tmp/nosfy-nom-20260918/Build/Products/Release-iphoneos -isysroot /Applications/Xcode.app/Contents/Developer/Platforms/iPhoneOS.platform/Developer/SDKs/iPhoneOS26.5.sdk -fmetal-math-mode\=fast -fmetal-math-fp32-functions\=fast -serialize-diagnostics /tmp/nosfy-nom-20260918/Build/Intermediates.noindex/Nosfy.build/Release-iphoneos/Nosfy.build/Metal/GaletLisere.dia -o /tmp/nosfy-nom-20260918/Build/Intermediates.noindex/Nosfy.build/Release-iphoneos/Nosfy.build/Metal/GaletLisere.air -MMD -MT dependencies -MF /tmp/nosfy-nom-20260918/Build/Intermediates.noindex/Nosfy.build/Release-iphoneos/Nosfy.build/Metal/GaletLisere.dat /Users/kathryn/Desktop/woochoper-ios/Nosfy/GaletLisere.metal

CompileMetalFile /Users/kathryn/Desktop/woochoper-ios/Nosfy/FumeeX2.metal (in target 'Nosfy' from project 'Nosfy')
    cd /Users/kathryn/Desktop/woochoper-ios
    /var/run/com.apple.security.cryptexd/mnt/com.apple.MobileAsset.MetalToolchain-v17.6.42.0.BA5Ggr/Metal.xctoolchain/usr/bin/metal -c -target air64-apple-ios26.0 -I/tmp/nosfy-nom-20260918/Build/Products/Release-iphoneos/include -F/tmp/nosfy-nom-20260918/Build/Products/Release-iphoneos -isysroot /Applications/Xcode.app/Contents/Developer/Platforms/iPhoneOS.platform/Developer/SDKs/iPhoneOS26.5.sdk -fmetal-math-mode\=fast -fmetal-math-fp32-functions\=fast -serialize-diagnostics /tmp/nosfy-nom-20260918/Build/Intermediates.noindex/Nosfy.build/Release-iphoneos/Nosfy.build/Metal/FumeeX2.dia -o /tmp/nosfy-nom-20260918/Build/Intermediates.noindex/Nosfy.build/Release-iphoneos/Nosfy.build/Metal/FumeeX2.air -MMD -MT dependencies -MF /tmp/nosfy-nom-20260918/Build/Intermediates.noindex/Nosfy.build/Release-iphoneos/Nosfy.build/Metal/FumeeX2.dat /Users/kathryn/Desktop/woochoper-ios/Nosfy/FumeeX2.metal

CompileMetalFile /Users/kathryn/Desktop/woochoper-ios/Nosfy/FondVideoMetal.metal (in target 'Nosfy' from project 'Nosfy')
    cd /Users/kathryn/Desktop/woochoper-ios
    /var/run/com.apple.security.cryptexd/mnt/com.apple.MobileAsset.MetalToolchain-v17.6.42.0.BA5Ggr/Metal.xctoolchain/usr/bin/metal -c -target air64-apple-ios26.0 -I/tmp/nosfy-nom-20260918/Build/Products/Release-iphoneos/include -F/tmp/nosfy-nom-20260918/Build/Products/Release-iphoneos -isysroot /Applications/Xcode.app/Contents/Developer/Platforms/iPhoneOS.platform/Developer/SDKs/iPhoneOS26.5.sdk -fmetal-math-mode\=fast -fmetal-math-fp32-functions\=fast -serialize-diagnostics /tmp/nosfy-nom-20260918/Build/Intermediates.noindex/Nosfy.build/Release-iphoneos/Nosfy.build/Metal/FondVideoMetal-edda0d71311b3ee3e29b85d27d51bd17.dia -o /tmp/nosfy-nom-20260918/Build/Intermediates.noindex/Nosfy.build/Release-iphoneos/Nosfy.build/Metal/FondVideoMetal-edda0d71311b3ee3e29b85d27d51bd17.air -MMD -MT dependencies -MF /tmp/nosfy-nom-20260918/Build/Intermediates.noindex/Nosfy.build/Release-iphoneos/Nosfy.build/Metal/FondVideoMetal-edda0d71311b3ee3e29b85d27d51bd17.dat /Users/kathryn/Desktop/woochoper-ios/Nosfy/FondVideoMetal.metal

CompileMetalFile /Users/kathryn/Desktop/woochoper-ios/Nosfy/FlameJewel.metal (in target 'Nosfy' from project 'Nosfy')
    cd /Users/kathryn/Desktop/woochoper-ios
    /var/run/com.apple.security.cryptexd/mnt/com.apple.MobileAsset.MetalToolchain-v17.6.42.0.BA5Ggr/Metal.xctoolchain/usr/bin/metal -c -target air64-apple-ios26.0 -I/tmp/nosfy-nom-20260918/Build/Products/Release-iphoneos/include -F/tmp/nosfy-nom-20260918/Build/Products/Release-iphoneos -isysroot /Applications/Xcode.app/Contents/Developer/Platforms/iPhoneOS.platform/Developer/SDKs/iPhoneOS26.5.sdk -fmetal-math-mode\=fast -fmetal-math-fp32-functions\=fast -serialize-diagnostics /tmp/nosfy-nom-20260918/Build/Intermediates.noindex/Nosfy.build/Release-iphoneos/Nosfy.build/Metal/FlameJewel.dia -o /tmp/nosfy-nom-20260918/Build/Intermediates.noindex/Nosfy.build/Release-iphoneos/Nosfy.build/Metal/FlameJewel.air -MMD -MT dependencies -MF /tmp/nosfy-nom-20260918/Build/Intermediates.noindex/Nosfy.build/Release-iphoneos/Nosfy.build/Metal/FlameJewel.dat /Users/kathryn/Desktop/woochoper-ios/Nosfy/FlameJewel.metal

CompileMetalFile /Users/kathryn/Desktop/woochoper-ios/Nosfy/Figures/InkGrain.metal (in target 'Nosfy' from project 'Nosfy')
    cd /Users/kathryn/Desktop/woochoper-ios
    /var/run/com.apple.security.cryptexd/mnt/com.apple.MobileAsset.MetalToolchain-v17.6.42.0.BA5Ggr/Metal.xctoolchain/usr/bin/metal -c -target air64-apple-ios26.0 -I/tmp/nosfy-nom-20260918/Build/Products/Release-iphoneos/include -F/tmp/nosfy-nom-20260918/Build/Products/Release-iphoneos -isysroot /Applications/Xcode.app/Contents/Developer/Platforms/iPhoneOS.platform/Developer/SDKs/iPhoneOS26.5.sdk -fmetal-math-mode\=fast -fmetal-math-fp32-functions\=fast -serialize-diagnostics /tmp/nosfy-nom-20260918/Build/Intermediates.noindex/Nosfy.build/Release-iphoneos/Nosfy.build/Metal/InkGrain.dia -o /tmp/nosfy-nom-20260918/Build/Intermediates.noindex/Nosfy.build/Release-iphoneos/Nosfy.build/Metal/InkGrain.air -MMD -MT dependencies -MF /tmp/nosfy-nom-20260918/Build/Intermediates.noindex/Nosfy.build/Release-iphoneos/Nosfy.build/Metal/InkGrain.dat /Users/kathryn/Desktop/woochoper-ios/Nosfy/Figures/InkGrain.metal

CompileMetalFile /Users/kathryn/Desktop/woochoper-ios/Nosfy/Figures/GlassFX.metal (in target 'Nosfy' from project 'Nosfy')
    cd /Users/kathryn/Desktop/woochoper-ios
    /var/run/com.apple.security.cryptexd/mnt/com.apple.MobileAsset.MetalToolchain-v17.6.42.0.BA5Ggr/Metal.xctoolchain/usr/bin/metal -c -target air64-apple-ios26.0 -I/tmp/nosfy-nom-20260918/Build/Products/Release-iphoneos/include -F/tmp/nosfy-nom-20260918/Build/Products/Release-iphoneos -isysroot /Applications/Xcode.app/Contents/Developer/Platforms/iPhoneOS.platform/Developer/SDKs/iPhoneOS26.5.sdk -fmetal-math-mode\=fast -fmetal-math-fp32-functions\=fast -serialize-diagnostics /tmp/nosfy-nom-20260918/Build/Intermediates.noindex/Nosfy.build/Release-iphoneos/Nosfy.build/Metal/GlassFX.dia -o /tmp/nosfy-nom-20260918/Build/Intermediates.noindex/Nosfy.build/Release-iphoneos/Nosfy.build/Metal/GlassFX.air -MMD -MT dependencies -MF /tmp/nosfy-nom-20260918/Build/Intermediates.noindex/Nosfy.build/Release-iphoneos/Nosfy.build/Metal/GlassFX.dat /Users/kathryn/Desktop/woochoper-ios/Nosfy/Figures/GlassFX.metal

CompileMetalFile /Users/kathryn/Desktop/woochoper-ios/Nosfy/ExosHalo.metal (in target 'Nosfy' from project 'Nosfy')
    cd /Users/kathryn/Desktop/woochoper-ios
    /var/run/com.apple.security.cryptexd/mnt/com.apple.MobileAsset.MetalToolchain-v17.6.42.0.BA5Ggr/Metal.xctoolchain/usr/bin/metal -c -target air64-apple-ios26.0 -I/tmp/nosfy-nom-20260918/Build/Products/Release-iphoneos/include -F/tmp/nosfy-nom-20260918/Build/Products/Release-iphoneos -isysroot /Applications/Xcode.app/Contents/Developer/Platforms/iPhoneOS.platform/Developer/SDKs/iPhoneOS26.5.sdk -fmetal-math-mode\=fast -fmetal-math-fp32-functions\=fast -serialize-diagnostics /tmp/nosfy-nom-20260918/Build/Intermediates.noindex/Nosfy.build/Release-iphoneos/Nosfy.build/Metal/ExosHalo.dia -o /tmp/nosfy-nom-20260918/Build/Intermediates.noindex/Nosfy.build/Release-iphoneos/Nosfy.build/Metal/ExosHalo.air -MMD -MT dependencies -MF /tmp/nosfy-nom-20260918/Build/Intermediates.noindex/Nosfy.build/Release-iphoneos/Nosfy.build/Metal/ExosHalo.dat /Users/kathryn/Desktop/woochoper-ios/Nosfy/ExosHalo.metal

CompileMetalFile /Users/kathryn/Desktop/woochoper-ios/Nosfy/ExoHeaderGlow.metal (in target 'Nosfy' from project 'Nosfy')
    cd /Users/kathryn/Desktop/woochoper-ios
    /var/run/com.apple.security.cryptexd/mnt/com.apple.MobileAsset.MetalToolchain-v17.6.42.0.BA5Ggr/Metal.xctoolchain/usr/bin/metal -c -target air64-apple-ios26.0 -I/tmp/nosfy-nom-20260918/Build/Products/Release-iphoneos/include -F/tmp/nosfy-nom-20260918/Build/Products/Release-iphoneos -isysroot /Applications/Xcode.app/Contents/Developer/Platforms/iPhoneOS.platform/Developer/SDKs/iPhoneOS26.5.sdk -fmetal-math-mode\=fast -fmetal-math-fp32-functions\=fast -serialize-diagnostics /tmp/nosfy-nom-20260918/Build/Intermediates.noindex/Nosfy.build/Release-iphoneos/Nosfy.build/Metal/ExoHeaderGlow.dia -o /tmp/nosfy-nom-20260918/Build/Intermediates.noindex/Nosfy.build/Release-iphoneos/Nosfy.build/Metal/ExoHeaderGlow.air -MMD -MT dependencies -MF /tmp/nosfy-nom-20260918/Build/Intermediates.noindex/Nosfy.build/Release-iphoneos/Nosfy.build/Metal/ExoHeaderGlow.dat /Users/kathryn/Desktop/woochoper-ios/Nosfy/ExoHeaderGlow.metal
/Users/kathryn/Desktop/woochoper-ios/Nosfy/ExoHeaderGlow.metal:57:17: warning: unused variable 'EHG_CREME' [-Wunused-const-variable]
constant float3 EHG_CREME  = float3(1.000, 0.938, 0.790);  // le cœur
                ^
1 warning generated.

CompileMetalFile /Users/kathryn/Desktop/woochoper-ios/Nosfy/EmberFlame.metal (in target 'Nosfy' from project 'Nosfy')
    cd /Users/kathryn/Desktop/woochoper-ios
    /var/run/com.apple.security.cryptexd/mnt/com.apple.MobileAsset.MetalToolchain-v17.6.42.0.BA5Ggr/Metal.xctoolchain/usr/bin/metal -c -target air64-apple-ios26.0 -I/tmp/nosfy-nom-20260918/Build/Products/Release-iphoneos/include -F/tmp/nosfy-nom-20260918/Build/Products/Release-iphoneos -isysroot /Applications/Xcode.app/Contents/Developer/Platforms/iPhoneOS.platform/Developer/SDKs/iPhoneOS26.5.sdk -fmetal-math-mode\=fast -fmetal-math-fp32-functions\=fast -serialize-diagnostics /tmp/nosfy-nom-20260918/Build/Intermediates.noindex/Nosfy.build/Release-iphoneos/Nosfy.build/Metal/EmberFlame.dia -o /tmp/nosfy-nom-20260918/Build/Intermediates.noindex/Nosfy.build/Release-iphoneos/Nosfy.build/Metal/EmberFlame.air -MMD -MT dependencies -MF /tmp/nosfy-nom-20260918/Build/Intermediates.noindex/Nosfy.build/Release-iphoneos/Nosfy.build/Metal/EmberFlame.dat /Users/kathryn/Desktop/woochoper-ios/Nosfy/EmberFlame.metal

CompileMetalFile /Users/kathryn/Desktop/woochoper-ios/Nosfy/EclipseHalo.metal (in target 'Nosfy' from project 'Nosfy')
    cd /Users/kathryn/Desktop/woochoper-ios
    /var/run/com.apple.security.cryptexd/mnt/com.apple.MobileAsset.MetalToolchain-v17.6.42.0.BA5Ggr/Metal.xctoolchain/usr/bin/metal -c -target air64-apple-ios26.0 -I/tmp/nosfy-nom-20260918/Build/Products/Release-iphoneos/include -F/tmp/nosfy-nom-20260918/Build/Products/Release-iphoneos -isysroot /Applications/Xcode.app/Contents/Developer/Platforms/iPhoneOS.platform/Developer/SDKs/iPhoneOS26.5.sdk -fmetal-math-mode\=fast -fmetal-math-fp32-functions\=fast -serialize-diagnostics /tmp/nosfy-nom-20260918/Build/Intermediates.noindex/Nosfy.build/Release-iphoneos/Nosfy.build/Metal/EclipseHalo.dia -o /tmp/nosfy-nom-20260918/Build/Intermediates.noindex/Nosfy.build/Release-iphoneos/Nosfy.build/Metal/EclipseHalo.air -MMD -MT dependencies -MF /tmp/nosfy-nom-20260918/Build/Intermediates.noindex/Nosfy.build/Release-iphoneos/Nosfy.build/Metal/EclipseHalo.dat /Users/kathryn/Desktop/woochoper-ios/Nosfy/EclipseHalo.metal

CompileMetalFile /Users/kathryn/Desktop/woochoper-ios/Nosfy/DiamondButton.metal (in target 'Nosfy' from project 'Nosfy')
    cd /Users/kathryn/Desktop/woochoper-ios
    /var/run/com.apple.security.cryptexd/mnt/com.apple.MobileAsset.MetalToolchain-v17.6.42.0.BA5Ggr/Metal.xctoolchain/usr/bin/metal -c -target air64-apple-ios26.0 -I/tmp/nosfy-nom-20260918/Build/Products/Release-iphoneos/include -F/tmp/nosfy-nom-20260918/Build/Products/Release-iphoneos -isysroot /Applications/Xcode.app/Contents/Developer/Platforms/iPhoneOS.platform/Developer/SDKs/iPhoneOS26.5.sdk -fmetal-math-mode\=fast -fmetal-math-fp32-functions\=fast -serialize-diagnostics /tmp/nosfy-nom-20260918/Build/Intermediates.noindex/Nosfy.build/Release-iphoneos/Nosfy.build/Metal/DiamondButton.dia -o /tmp/nosfy-nom-20260918/Build/Intermediates.noindex/Nosfy.build/Release-iphoneos/Nosfy.build/Metal/DiamondButton.air -MMD -MT dependencies -MF /tmp/nosfy-nom-20260918/Build/Intermediates.noindex/Nosfy.build/Release-iphoneos/Nosfy.build/Metal/DiamondButton.dat /Users/kathryn/Desktop/woochoper-ios/Nosfy/DiamondButton.metal

CompileMetalFile /Users/kathryn/Desktop/woochoper-ios/Nosfy/DemonSky.metal (in target 'Nosfy' from project 'Nosfy')
    cd /Users/kathryn/Desktop/woochoper-ios
    /var/run/com.apple.security.cryptexd/mnt/com.apple.MobileAsset.MetalToolchain-v17.6.42.0.BA5Ggr/Metal.xctoolchain/usr/bin/metal -c -target air64-apple-ios26.0 -I/tmp/nosfy-nom-20260918/Build/Products/Release-iphoneos/include -F/tmp/nosfy-nom-20260918/Build/Products/Release-iphoneos -isysroot /Applications/Xcode.app/Contents/Developer/Platforms/iPhoneOS.platform/Developer/SDKs/iPhoneOS26.5.sdk -fmetal-math-mode\=fast -fmetal-math-fp32-functions\=fast -serialize-diagnostics /tmp/nosfy-nom-20260918/Build/Intermediates.noindex/Nosfy.build/Release-iphoneos/Nosfy.build/Metal/DemonSky-c85c5d723089ead223b62ce5a29c105a.dia -o /tmp/nosfy-nom-20260918/Build/Intermediates.noindex/Nosfy.build/Release-iphoneos/Nosfy.build/Metal/DemonSky-c85c5d723089ead223b62ce5a29c105a.air -MMD -MT dependencies -MF /tmp/nosfy-nom-20260918/Build/Intermediates.noindex/Nosfy.build/Release-iphoneos/Nosfy.build/Metal/DemonSky-c85c5d723089ead223b62ce5a29c105a.dat /Users/kathryn/Desktop/woochoper-ios/Nosfy/DemonSky.metal
/Users/kathryn/Desktop/woochoper-ios/Nosfy/DemonSky.metal:34:19: warning: unused variable 'kStrip' [-Wunused-const-variable]
constexpr sampler kStrip(s_address::repeat, t_address::clamp_to_edge,
                  ^
1 warning generated.

CompileMetalFile /Users/kathryn/Desktop/woochoper-ios/Nosfy/CorpsLisere.metal (in target 'Nosfy' from project 'Nosfy')
    cd /Users/kathryn/Desktop/woochoper-ios
    /var/run/com.apple.security.cryptexd/mnt/com.apple.MobileAsset.MetalToolchain-v17.6.42.0.BA5Ggr/Metal.xctoolchain/usr/bin/metal -c -target air64-apple-ios26.0 -I/tmp/nosfy-nom-20260918/Build/Products/Release-iphoneos/include -F/tmp/nosfy-nom-20260918/Build/Products/Release-iphoneos -isysroot /Applications/Xcode.app/Contents/Developer/Platforms/iPhoneOS.platform/Developer/SDKs/iPhoneOS26.5.sdk -fmetal-math-mode\=fast -fmetal-math-fp32-functions\=fast -serialize-diagnostics /tmp/nosfy-nom-20260918/Build/Intermediates.noindex/Nosfy.build/Release-iphoneos/Nosfy.build/Metal/CorpsLisere.dia -o /tmp/nosfy-nom-20260918/Build/Intermediates.noindex/Nosfy.build/Release-iphoneos/Nosfy.build/Metal/CorpsLisere.air -MMD -MT dependencies -MF /tmp/nosfy-nom-20260918/Build/Intermediates.noindex/Nosfy.build/Release-iphoneos/Nosfy.build/Metal/CorpsLisere.dat /Users/kathryn/Desktop/woochoper-ios/Nosfy/CorpsLisere.metal

CompileMetalFile /Users/kathryn/Desktop/woochoper-ios/Nosfy/CarteLune.metal (in target 'Nosfy' from project 'Nosfy')
    cd /Users/kathryn/Desktop/woochoper-ios
    /var/run/com.apple.security.cryptexd/mnt/com.apple.MobileAsset.MetalToolchain-v17.6.42.0.BA5Ggr/Metal.xctoolchain/usr/bin/metal -c -target air64-apple-ios26.0 -I/tmp/nosfy-nom-20260918/Build/Products/Release-iphoneos/include -F/tmp/nosfy-nom-20260918/Build/Products/Release-iphoneos -isysroot /Applications/Xcode.app/Contents/Developer/Platforms/iPhoneOS.platform/Developer/SDKs/iPhoneOS26.5.sdk -fmetal-math-mode\=fast -fmetal-math-fp32-functions\=fast -serialize-diagnostics /tmp/nosfy-nom-20260918/Build/Intermediates.noindex/Nosfy.build/Release-iphoneos/Nosfy.build/Metal/CarteLune.dia -o /tmp/nosfy-nom-20260918/Build/Intermediates.noindex/Nosfy.build/Release-iphoneos/Nosfy.build/Metal/CarteLune.air -MMD -MT dependencies -MF /tmp/nosfy-nom-20260918/Build/Intermediates.noindex/Nosfy.build/Release-iphoneos/Nosfy.build/Metal/CarteLune.dat /Users/kathryn/Desktop/woochoper-ios/Nosfy/CarteLune.metal

CompileMetalFile /Users/kathryn/Desktop/woochoper-ios/Nosfy/CarnetCuir.metal (in target 'Nosfy' from project 'Nosfy')
    cd /Users/kathryn/Desktop/woochoper-ios
    /var/run/com.apple.security.cryptexd/mnt/com.apple.MobileAsset.MetalToolchain-v17.6.42.0.BA5Ggr/Metal.xctoolchain/usr/bin/metal -c -target air64-apple-ios26.0 -I/tmp/nosfy-nom-20260918/Build/Products/Release-iphoneos/include -F/tmp/nosfy-nom-20260918/Build/Products/Release-iphoneos -isysroot /Applications/Xcode.app/Contents/Developer/Platforms/iPhoneOS.platform/Developer/SDKs/iPhoneOS26.5.sdk -fmetal-math-mode\=fast -fmetal-math-fp32-functions\=fast -serialize-diagnostics /tmp/nosfy-nom-20260918/Build/Intermediates.noindex/Nosfy.build/Release-iphoneos/Nosfy.build/Metal/CarnetCuir.dia -o /tmp/nosfy-nom-20260918/Build/Intermediates.noindex/Nosfy.build/Release-iphoneos/Nosfy.build/Metal/CarnetCuir.air -MMD -MT dependencies -MF /tmp/nosfy-nom-20260918/Build/Intermediates.noindex/Nosfy.build/Release-iphoneos/Nosfy.build/Metal/CarnetCuir.dat /Users/kathryn/Desktop/woochoper-ios/Nosfy/CarnetCuir.metal

CompileMetalFile /Users/kathryn/Desktop/woochoper-ios/Nosfy/BravoPill.metal (in target 'Nosfy' from project 'Nosfy')
    cd /Users/kathryn/Desktop/woochoper-ios
    /var/run/com.apple.security.cryptexd/mnt/com.apple.MobileAsset.MetalToolchain-v17.6.42.0.BA5Ggr/Metal.xctoolchain/usr/bin/metal -c -target air64-apple-ios26.0 -I/tmp/nosfy-nom-20260918/Build/Products/Release-iphoneos/include -F/tmp/nosfy-nom-20260918/Build/Products/Release-iphoneos -isysroot /Applications/Xcode.app/Contents/Developer/Platforms/iPhoneOS.platform/Developer/SDKs/iPhoneOS26.5.sdk -fmetal-math-mode\=fast -fmetal-math-fp32-functions\=fast -serialize-diagnostics /tmp/nosfy-nom-20260918/Build/Intermediates.noindex/Nosfy.build/Release-iphoneos/Nosfy.build/Metal/BravoPill.dia -o /tmp/nosfy-nom-20260918/Build/Intermediates.noindex/Nosfy.build/Release-iphoneos/Nosfy.build/Metal/BravoPill.air -MMD -MT dependencies -MF /tmp/nosfy-nom-20260918/Build/Intermediates.noindex/Nosfy.build/Release-iphoneos/Nosfy.build/Metal/BravoPill.dat /Users/kathryn/Desktop/woochoper-ios/Nosfy/BravoPill.metal

CompileMetalFile /Users/kathryn/Desktop/woochoper-ios/Nosfy/AuthNebula.metal (in target 'Nosfy' from project 'Nosfy')
    cd /Users/kathryn/Desktop/woochoper-ios
    /var/run/com.apple.security.cryptexd/mnt/com.apple.MobileAsset.MetalToolchain-v17.6.42.0.BA5Ggr/Metal.xctoolchain/usr/bin/metal -c -target air64-apple-ios26.0 -I/tmp/nosfy-nom-20260918/Build/Products/Release-iphoneos/include -F/tmp/nosfy-nom-20260918/Build/Products/Release-iphoneos -isysroot /Applications/Xcode.app/Contents/Developer/Platforms/iPhoneOS.platform/Developer/SDKs/iPhoneOS26.5.sdk -fmetal-math-mode\=fast -fmetal-math-fp32-functions\=fast -serialize-diagnostics /tmp/nosfy-nom-20260918/Build/Intermediates.noindex/Nosfy.build/Release-iphoneos/Nosfy.build/Metal/AuthNebula.dia -o /tmp/nosfy-nom-20260918/Build/Intermediates.noindex/Nosfy.build/Release-iphoneos/Nosfy.build/Metal/AuthNebula.air -MMD -MT dependencies -MF /tmp/nosfy-nom-20260918/Build/Intermediates.noindex/Nosfy.build/Release-iphoneos/Nosfy.build/Metal/AuthNebula.dat /Users/kathryn/Desktop/woochoper-ios/Nosfy/AuthNebula.metal

CompileMetalFile /Users/kathryn/Desktop/woochoper-ios/Nosfy/AuroraHome.metal (in target 'Nosfy' from project 'Nosfy')
    cd /Users/kathryn/Desktop/woochoper-ios
    /var/run/com.apple.security.cryptexd/mnt/com.apple.MobileAsset.MetalToolchain-v17.6.42.0.BA5Ggr/Metal.xctoolchain/usr/bin/metal -c -target air64-apple-ios26.0 -I/tmp/nosfy-nom-20260918/Build/Products/Release-iphoneos/include -F/tmp/nosfy-nom-20260918/Build/Products/Release-iphoneos -isysroot /Applications/Xcode.app/Contents/Developer/Platforms/iPhoneOS.platform/Developer/SDKs/iPhoneOS26.5.sdk -fmetal-math-mode\=fast -fmetal-math-fp32-functions\=fast -serialize-diagnostics /tmp/nosfy-nom-20260918/Build/Intermediates.noindex/Nosfy.build/Release-iphoneos/Nosfy.build/Metal/AuroraHome.dia -o /tmp/nosfy-nom-20260918/Build/Intermediates.noindex/Nosfy.build/Release-iphoneos/Nosfy.build/Metal/AuroraHome.air -MMD -MT dependencies -MF /tmp/nosfy-nom-20260918/Build/Intermediates.noindex/Nosfy.build/Release-iphoneos/Nosfy.build/Metal/AuroraHome.dat /Users/kathryn/Desktop/woochoper-ios/Nosfy/AuroraHome.metal

CompileMetalFile /Users/kathryn/Desktop/woochoper-ios/Nosfy/AuroraBg.metal (in target 'Nosfy' from project 'Nosfy')
    cd /Users/kathryn/Desktop/woochoper-ios
    /var/run/com.apple.security.cryptexd/mnt/com.apple.MobileAsset.MetalToolchain-v17.6.42.0.BA5Ggr/Metal.xctoolchain/usr/bin/metal -c -target air64-apple-ios26.0 -I/tmp/nosfy-nom-20260918/Build/Products/Release-iphoneos/include -F/tmp/nosfy-nom-20260918/Build/Products/Release-iphoneos -isysroot /Applications/Xcode.app/Contents/Developer/Platforms/iPhoneOS.platform/Developer/SDKs/iPhoneOS26.5.sdk -fmetal-math-mode\=fast -fmetal-math-fp32-functions\=fast -serialize-diagnostics /tmp/nosfy-nom-20260918/Build/Intermediates.noindex/Nosfy.build/Release-iphoneos/Nosfy.build/Metal/AuroraBg.dia -o /tmp/nosfy-nom-20260918/Build/Intermediates.noindex/Nosfy.build/Release-iphoneos/Nosfy.build/Metal/AuroraBg.air -MMD -MT dependencies -MF /tmp/nosfy-nom-20260918/Build/Intermediates.noindex/Nosfy.build/Release-iphoneos/Nosfy.build/Metal/AuroraBg.dat /Users/kathryn/Desktop/woochoper-ios/Nosfy/AuroraBg.metal

CompileAssetCatalogVariant thinned /tmp/nosfy-nom-20260918/Build/Products/Release-iphoneos/Nosfy.app /Users/kathryn/Desktop/woochoper-ios/Nosfy/AppIcon.icon /Users/kathryn/Desktop/woochoper-ios/Nosfy/Assets.xcassets (in target 'Nosfy' from project 'Nosfy')
    cd /Users/kathryn/Desktop/woochoper-ios
    /Applications/Xcode.app/Contents/Developer/usr/bin/actool /Users/kathryn/Desktop/woochoper-ios/Nosfy/AppIcon.icon /Users/kathryn/Desktop/woochoper-ios/Nosfy/Assets.xcassets --compile /tmp/nosfy-nom-20260918/Build/Intermediates.noindex/Nosfy.build/Release-iphoneos/Nosfy.build/assetcatalog_output/thinned --output-format human-readable-text --notices --warnings --export-dependency-info /tmp/nosfy-nom-20260918/Build/Intermediates.noindex/Nosfy.build/Release-iphoneos/Nosfy.build/assetcatalog_dependencies_thinned --output-partial-info-plist /tmp/nosfy-nom-20260918/Build/Intermediates.noindex/Nosfy.build/Release-iphoneos/Nosfy.build/assetcatalog_generated_info.plist_thinned --app-icon AppIcon --accent-color AccentColor --compress-pngs --enable-on-demand-resources YES --development-region fr --target-device iphone --minimum-deployment-target 26.0 --platform iphoneos
2026-09-18 09:21:09.296 AssetCatalogSimulatorAgent[31223:18513374] The filter 'CIPortraitEffectSpillCorrection' is not implemented in the bundle at /Library/Developer/CoreSimulator/Volumes/iOS_23F77/Library/Developer/CoreSimulator/Profiles/Runtimes/iOS 26.5.simruntime/Contents/Resources/RuntimeRoot/System/Library/CoreImage/PortraitFilters.cifilter.
/* com.apple.actool.compilation-results */
/tmp/nosfy-nom-20260918/Build/Intermediates.noindex/Nosfy.build/Release-iphoneos/Nosfy.build/assetcatalog_generated_info.plist_thinned
/tmp/nosfy-nom-20260918/Build/Intermediates.noindex/Nosfy.build/Release-iphoneos/Nosfy.build/assetcatalog_output/thinned/AppIcon60x60@2x.png
/tmp/nosfy-nom-20260918/Build/Intermediates.noindex/Nosfy.build/Release-iphoneos/Nosfy.build/assetcatalog_output/thinned/AppIcon76x76@2x~ipad.png
/tmp/nosfy-nom-20260918/Build/Intermediates.noindex/Nosfy.build/Release-iphoneos/Nosfy.build/assetcatalog_output/thinned/Assets.car


MetalLink /tmp/nosfy-nom-20260918/Build/Products/Release-iphoneos/Nosfy.app/default.metallib (in target 'Nosfy' from project 'Nosfy')
    cd /Users/kathryn/Desktop/woochoper-ios
    /var/run/com.apple.security.cryptexd/mnt/com.apple.MobileAsset.MetalToolchain-v17.6.42.0.BA5Ggr/Metal.xctoolchain/usr/bin/metal -target air64-apple-ios26.0 -o /tmp/nosfy-nom-20260918/Build/Products/Release-iphoneos/Nosfy.app/default.metallib /tmp/nosfy-nom-20260918/Build/Intermediates.noindex/Nosfy.build/Release-iphoneos/Nosfy.build/Metal/GlassFX.air /tmp/nosfy-nom-20260918/Build/Intermediates.noindex/Nosfy.build/Release-iphoneos/Nosfy.build/Metal/InkGrain.air /tmp/nosfy-nom-20260918/Build/Intermediates.noindex/Nosfy.build/Release-iphoneos/Nosfy.build/Metal/AuroraBg.air /tmp/nosfy-nom-20260918/Build/Intermediates.noindex/Nosfy.build/Release-iphoneos/Nosfy.build/Metal/AuroraHome.air /tmp/nosfy-nom-20260918/Build/Intermediates.noindex/Nosfy.build/Release-iphoneos/Nosfy.build/Metal/AuthNebula.air /tmp/nosfy-nom-20260918/Build/Intermediates.noindex/Nosfy.build/Release-iphoneos/Nosfy.build/Metal/BravoPill.air /tmp/nosfy-nom-20260918/Build/Intermediates.noindex/Nosfy.build/Release-iphoneos/Nosfy.build/Metal/CarnetCuir.air /tmp/nosfy-nom-20260918/Build/Intermediates.noindex/Nosfy.build/Release-iphoneos/Nosfy.build/Metal/CarteLune.air /tmp/nosfy-nom-20260918/Build/Intermediates.noindex/Nosfy.build/Release-iphoneos/Nosfy.build/Metal/CorpsLisere.air /tmp/nosfy-nom-20260918/Build/Intermediates.noindex/Nosfy.build/Release-iphoneos/Nosfy.build/Metal/DemonSky-c85c5d723089ead223b62ce5a29c105a.air /tmp/nosfy-nom-20260918/Build/Intermediates.noindex/Nosfy.build/Release-iphoneos/Nosfy.build/Metal/DiamondButton.air /tmp/nosfy-nom-20260918/Build/Intermediates.noindex/Nosfy.build/Release-iphoneos/Nosfy.build/Metal/EclipseHalo.air /tmp/nosfy-nom-20260918/Build/Intermediates.noindex/Nosfy.build/Release-iphoneos/Nosfy.build/Metal/EmberFlame.air /tmp/nosfy-nom-20260918/Build/Intermediates.noindex/Nosfy.build/Release-iphoneos/Nosfy.build/Metal/ExoHeaderGlow.air /tmp/nosfy-nom-20260918/Build/Intermediates.noindex/Nosfy.build/Release-iphoneos/Nosfy.build/Metal/ExosHalo.air /tmp/nosfy-nom-20260918/Build/Intermediates.noindex/Nosfy.build/Release-iphoneos/Nosfy.build/Metal/FlameJewel.air /tmp/nosfy-nom-20260918/Build/Intermediates.noindex/Nosfy.build/Release-iphoneos/Nosfy.build/Metal/FondVideoMetal-edda0d71311b3ee3e29b85d27d51bd17.air /tmp/nosfy-nom-20260918/Build/Intermediates.noindex/Nosfy.build/Release-iphoneos/Nosfy.build/Metal/FumeeX2.air /tmp/nosfy-nom-20260918/Build/Intermediates.noindex/Nosfy.build/Release-iphoneos/Nosfy.build/Metal/GaletLisere.air /tmp/nosfy-nom-20260918/Build/Intermediates.noindex/Nosfy.build/Release-iphoneos/Nosfy.build/Metal/GaletMedaillon.air /tmp/nosfy-nom-20260918/Build/Intermediates.noindex/Nosfy.build/Release-iphoneos/Nosfy.build/Metal/GaletStage.air /tmp/nosfy-nom-20260918/Build/Intermediates.noindex/Nosfy.build/Release-iphoneos/Nosfy.build/Metal/HaloDawn.air /tmp/nosfy-nom-20260918/Build/Intermediates.noindex/Nosfy.build/Release-iphoneos/Nosfy.build/Metal/HomeNuit-dacb9305fad0a44721bbbc38c2a6a681.air /tmp/nosfy-nom-20260918/Build/Intermediates.noindex/Nosfy.build/Release-iphoneos/Nosfy.build/Metal/JaugeLacque.air /tmp/nosfy-nom-20260918/Build/Intermediates.noindex/Nosfy.build/Release-iphoneos/Nosfy.build/Metal/LiquidLens.air /tmp/nosfy-nom-20260918/Build/Intermediates.noindex/Nosfy.build/Release-iphoneos/Nosfy.build/Metal/LoginAurora.air /tmp/nosfy-nom-20260918/Build/Intermediates.noindex/Nosfy.build/Release-iphoneos/Nosfy.build/Metal/LogoMonolith.air /tmp/nosfy-nom-20260918/Build/Intermediates.noindex/Nosfy.build/Release-iphoneos/Nosfy.build/Metal/MoonCoin.air /tmp/nosfy-nom-20260918/Build/Intermediates.noindex/Nosfy.build/Release-iphoneos/Nosfy.build/Metal/NavMonolith.air /tmp/nosfy-nom-20260918/Build/Intermediates.noindex/Nosfy.build/Release-iphoneos/Nosfy.build/Metal/NebulaShaders.air /tmp/nosfy-nom-20260918/Build/Intermediates.noindex/Nosfy.build/Release-iphoneos/Nosfy.build/Metal/NeonPrimary.air /tmp/nosfy-nom-20260918/Build/Intermediates.noindex/Nosfy.build/Release-iphoneos/Nosfy.build/Metal/ObjectiveJewel.air /tmp/nosfy-nom-20260918/Build/Intermediates.noindex/Nosfy.build/Release-iphoneos/Nosfy.build/Metal/ObsidianCard-f085f54612cd7263e2836f86e6542e7e.air /tmp/nosfy-nom-20260918/Build/Intermediates.noindex/Nosfy.build/Release-iphoneos/Nosfy.build/Metal/PebbleDust.air /tmp/nosfy-nom-20260918/Build/Intermediates.noindex/Nosfy.build/Release-iphoneos/Nosfy.build/Metal/PieceVerre.air /tmp/nosfy-nom-20260918/Build/Intermediates.noindex/Nosfy.build/Release-iphoneos/Nosfy.build/Metal/PorteCaresse.air /tmp/nosfy-nom-20260918/Build/Intermediates.noindex/Nosfy.build/Release-iphoneos/Nosfy.build/Metal/TreasureBadge.air /tmp/nosfy-nom-20260918/Build/Intermediates.noindex/Nosfy.build/Release-iphoneos/Nosfy.build/Metal/VerreCoulant-40b4d058c50707fb225c7a1399688ba7.air /tmp/nosfy-nom-20260918/Build/Intermediates.noindex/Nosfy.build/Release-iphoneos/Nosfy.build/Metal/VerreGalet.air /tmp/nosfy-nom-20260918/Build/Intermediates.noindex/Nosfy.build/Release-iphoneos/Nosfy.build/Metal/WahouAura.air

ExtractAppIntentsMetadata (in target 'NosfyWidgets' from project 'Nosfy')
    cd /Users/kathryn/Desktop/woochoper-ios
    /Applications/Xcode.app/Contents/Developer/Toolchains/XcodeDefault.xctoolchain/usr/bin/appintentsmetadataprocessor --toolchain-dir /var/run/com.apple.security.cryptexd/mnt/com.apple.MobileAsset.MetalToolchain-v17.6.42.0.BA5Ggr/Metal.xctoolchain --module-name NosfyWidgets --sdk-root /Applications/Xcode.app/Contents/Developer/Platforms/iPhoneOS.platform/Developer/SDKs/iPhoneOS26.5.sdk --xcode-version 17F42 --platform-family iOS --deployment-target 26.0 --bundle-identifier fr.kathryn.woop.WoopWidgets --output /tmp/nosfy-nom-20260918/Build/Products/Release-iphoneos/NosfyWidgets.appex --target-triple arm64-apple-ios26.0 --binary-file /tmp/nosfy-nom-20260918/Build/Products/Release-iphoneos/NosfyWidgets.appex/NosfyWidgets --dependency-file /tmp/nosfy-nom-20260918/Build/Intermediates.noindex/Nosfy.build/Release-iphoneos/NosfyWidgets.build/Objects-normal/arm64/NosfyWidgets_dependency_info.dat --stringsdata-file /tmp/nosfy-nom-20260918/Build/Intermediates.noindex/Nosfy.build/Release-iphoneos/NosfyWidgets.build/Objects-normal/arm64/ExtractedAppShortcutsMetadata.stringsdata --source-file-list /tmp/nosfy-nom-20260918/Build/Intermediates.noindex/Nosfy.build/Release-iphoneos/NosfyWidgets.build/Objects-normal/arm64/NosfyWidgets.SwiftFileList --metadata-file-list /tmp/nosfy-nom-20260918/Build/Intermediates.noindex/Nosfy.build/Release-iphoneos/NosfyWidgets.build/NosfyWidgets.DependencyMetadataFileList --static-metadata-file-list /tmp/nosfy-nom-20260918/Build/Intermediates.noindex/Nosfy.build/Release-iphoneos/NosfyWidgets.build/NosfyWidgets.DependencyStaticMetadataFileList --swift-const-vals-list /tmp/nosfy-nom-20260918/Build/Intermediates.noindex/Nosfy.build/Release-iphoneos/NosfyWidgets.build/Objects-normal/arm64/NosfyWidgets.SwiftConstValuesFileList --compile-time-extraction --deployment-aware-processing --validate-assistant-intents --no-app-shortcuts-localization
2026-09-18 09:21:03.810 appintentsmetadataprocessor[31224:18513108] Starting appintentsmetadataprocessor export
2026-09-18 09:21:03.821 appintentsmetadataprocessor[31224:18513108] Extracted no relevant App Intents symbols, skipping writing output

AppIntentsSSUTraining (in target 'NosfyWidgets' from project 'Nosfy')
    cd /Users/kathryn/Desktop/woochoper-ios
    /Applications/Xcode.app/Contents/Developer/Toolchains/XcodeDefault.xctoolchain/usr/bin/appintentsnltrainingprocessor --infoplist-path /tmp/nosfy-nom-20260918/Build/Products/Release-iphoneos/NosfyWidgets.appex/Info.plist --temp-dir-path /tmp/nosfy-nom-20260918/Build/Intermediates.noindex/Nosfy.build/Release-iphoneos/NosfyWidgets.build/ssu --bundle-id fr.kathryn.woop.WoopWidgets --product-path /tmp/nosfy-nom-20260918/Build/Products/Release-iphoneos/NosfyWidgets.appex --extracted-metadata-path /tmp/nosfy-nom-20260918/Build/Products/Release-iphoneos/NosfyWidgets.appex/Metadata.appintents --metadata-file-list /tmp/nosfy-nom-20260918/Build/Intermediates.noindex/Nosfy.build/Release-iphoneos/NosfyWidgets.build/NosfyWidgets.DependencyMetadataFileList --source-file /tmp/nosfy-nom-20260918/Build/Products/Release-iphoneos/NosfyWidgets.appex/Info.plist --archive-ssu-assets
2026-09-18 09:21:03.850 appintentsnltrainingprocessor[31225:18513111] Parsing options for appintentsnltrainingprocessor
2026-09-18 09:21:03.850 appintentsnltrainingprocessor[31225:18513111] Starting AppIntents SSU YAML Generation
2026-09-18 09:21:03.851 appintentsnltrainingprocessor[31225:18513111] No AppShortcuts found - Skipping.

SwiftDriver Nosfy normal arm64 com.apple.xcode.tools.swift.compiler (in target 'Nosfy' from project 'Nosfy')
    cd /Users/kathryn/Desktop/woochoper-ios
    builtin-SwiftDriver -- /Applications/Xcode.app/Contents/Developer/Toolchains/XcodeDefault.xctoolchain/usr/bin/swiftc -module-name Woop -O -whole-module-optimization @/tmp/nosfy-nom-20260918/Build/Intermediates.noindex/Nosfy.build/Release-iphoneos/Nosfy.build/Objects-normal/arm64/Nosfy.SwiftFileList -enable-bare-slash-regex -enable-experimental-feature DebugDescriptionMacro -sdk /Applications/Xcode.app/Contents/Developer/Platforms/iPhoneOS.platform/Developer/SDKs/iPhoneOS26.5.sdk -target arm64-apple-ios26.0 -g -module-cache-path /tmp/nosfy-nom-20260918/ModuleCache.noindex -Xfrontend -serialize-debugging-options -swift-version 5 -I /tmp/nosfy-nom-20260918/Build/Products/Release-iphoneos -F /tmp/nosfy-nom-20260918/Build/Products/Release-iphoneos -emit-localized-strings -emit-localized-strings-path /tmp/nosfy-nom-20260918/Build/Intermediates.noindex/Nosfy.build/Release-iphoneos/Nosfy.build/Objects-normal/arm64 -c -num-threads 10 -Xcc -ivfsstatcache -Xcc /tmp/nosfy-nom-20260918/SDKStatCaches.noindex/iphoneos26.5-23F73-688ef53f1462e2c8f657fdc38a81448f32daed1954a7d5dd0789fcaf2a9bb78b.sdkstatcache -output-file-map /tmp/nosfy-nom-20260918/Build/Intermediates.noindex/Nosfy.build/Release-iphoneos/Nosfy.build/Objects-normal/arm64/Nosfy-OutputFileMap.json -use-frontend-parseable-output -save-temps -no-color-diagnostics -explicit-module-build -module-cache-path /tmp/nosfy-nom-20260918/Build/Intermediates.noindex/SwiftExplicitPrecompiledModules -clang-scanner-module-cache-path /tmp/nosfy-nom-20260918/ModuleCache.noindex -sdk-module-cache-path /tmp/nosfy-nom-20260918/ModuleCache.noindex -serialize-diagnostics -emit-dependencies -emit-module -emit-module-path /tmp/nosfy-nom-20260918/Build/Intermediates.noindex/Nosfy.build/Release-iphoneos/Nosfy.build/Objects-normal/arm64/Woop.swiftmodule -validate-clang-modules-once -clang-build-session-file /tmp/nosfy-nom-20260918/ModuleCache.noindex/Session.modulevalidation -Xcc -I/tmp/nosfy-nom-20260918/Build/Intermediates.noindex/Nosfy.build/Release-iphoneos/Nosfy.build/swift-overrides.hmap -emit-const-values -Xfrontend -const-gather-protocols-file -Xfrontend /tmp/nosfy-nom-20260918/Build/Intermediates.noindex/Nosfy.build/Release-iphoneos/Nosfy.build/Objects-normal/arm64/Nosfy_const_extract_protocols.json -Xcc -iquote -Xcc /tmp/nosfy-nom-20260918/Build/Intermediates.noindex/Nosfy.build/Release-iphoneos/Nosfy.build/Nosfy-generated-files.hmap -Xcc -I/tmp/nosfy-nom-20260918/Build/Intermediates.noindex/Nosfy.build/Release-iphoneos/Nosfy.build/Nosfy-own-target-headers.hmap -Xcc -I/tmp/nosfy-nom-20260918/Build/Intermediates.noindex/Nosfy.build/Release-iphoneos/Nosfy.build/Nosfy-all-target-headers.hmap -Xcc -iquote -Xcc /tmp/nosfy-nom-20260918/Build/Intermediates.noindex/Nosfy.build/Release-iphoneos/Nosfy.build/Nosfy-project-headers.hmap -Xcc -I/tmp/nosfy-nom-20260918/Build/Products/Release-iphoneos/include -Xcc -I/tmp/nosfy-nom-20260918/Build/Intermediates.noindex/Nosfy.build/Release-iphoneos/Nosfy.build/DerivedSources-normal/arm64 -Xcc -I/tmp/nosfy-nom-20260918/Build/Intermediates.noindex/Nosfy.build/Release-iphoneos/Nosfy.build/DerivedSources/arm64 -Xcc -I/tmp/nosfy-nom-20260918/Build/Intermediates.noindex/Nosfy.build/Release-iphoneos/Nosfy.build/DerivedSources -emit-objc-header -emit-objc-header-path /tmp/nosfy-nom-20260918/Build/Intermediates.noindex/Nosfy.build/Release-iphoneos/Nosfy.build/Objects-normal/arm64/Woop-Swift.h -working-directory /Users/kathryn/Desktop/woochoper-ios -no-emit-module-separately-wmo

SwiftDriver\ Compilation Nosfy normal arm64 com.apple.xcode.tools.swift.compiler (in target 'Nosfy' from project 'Nosfy')
    cd /Users/kathryn/Desktop/woochoper-ios
    builtin-Swift-Compilation -- /Applications/Xcode.app/Contents/Developer/Toolchains/XcodeDefault.xctoolchain/usr/bin/swiftc -module-name Woop -O -whole-module-optimization @/tmp/nosfy-nom-20260918/Build/Intermediates.noindex/Nosfy.build/Release-iphoneos/Nosfy.build/Objects-normal/arm64/Nosfy.SwiftFileList -enable-bare-slash-regex -enable-experimental-feature DebugDescriptionMacro -sdk /Applications/Xcode.app/Contents/Developer/Platforms/iPhoneOS.platform/Developer/SDKs/iPhoneOS26.5.sdk -target arm64-apple-ios26.0 -g -module-cache-path /tmp/nosfy-nom-20260918/ModuleCache.noindex -Xfrontend -serialize-debugging-options -swift-version 5 -I /tmp/nosfy-nom-20260918/Build/Products/Release-iphoneos -F /tmp/nosfy-nom-20260918/Build/Products/Release-iphoneos -emit-localized-strings -emit-localized-strings-path /tmp/nosfy-nom-20260918/Build/Intermediates.noindex/Nosfy.build/Release-iphoneos/Nosfy.build/Objects-normal/arm64 -c -num-threads 10 -Xcc -ivfsstatcache -Xcc /tmp/nosfy-nom-20260918/SDKStatCaches.noindex/iphoneos26.5-23F73-688ef53f1462e2c8f657fdc38a81448f32daed1954a7d5dd0789fcaf2a9bb78b.sdkstatcache -output-file-map /tmp/nosfy-nom-20260918/Build/Intermediates.noindex/Nosfy.build/Release-iphoneos/Nosfy.build/Objects-normal/arm64/Nosfy-OutputFileMap.json -use-frontend-parseable-output -save-temps -no-color-diagnostics -explicit-module-build -module-cache-path /tmp/nosfy-nom-20260918/Build/Intermediates.noindex/SwiftExplicitPrecompiledModules -clang-scanner-module-cache-path /tmp/nosfy-nom-20260918/ModuleCache.noindex -sdk-module-cache-path /tmp/nosfy-nom-20260918/ModuleCache.noindex -serialize-diagnostics -emit-dependencies -emit-module -emit-module-path /tmp/nosfy-nom-20260918/Build/Intermediates.noindex/Nosfy.build/Release-iphoneos/Nosfy.build/Objects-normal/arm64/Woop.swiftmodule -validate-clang-modules-once -clang-build-session-file /tmp/nosfy-nom-20260918/ModuleCache.noindex/Session.modulevalidation -Xcc -I/tmp/nosfy-nom-20260918/Build/Intermediates.noindex/Nosfy.build/Release-iphoneos/Nosfy.build/swift-overrides.hmap -emit-const-values -Xfrontend -const-gather-protocols-file -Xfrontend /tmp/nosfy-nom-20260918/Build/Intermediates.noindex/Nosfy.build/Release-iphoneos/Nosfy.build/Objects-normal/arm64/Nosfy_const_extract_protocols.json -Xcc -iquote -Xcc /tmp/nosfy-nom-20260918/Build/Intermediates.noindex/Nosfy.build/Release-iphoneos/Nosfy.build/Nosfy-generated-files.hmap -Xcc -I/tmp/nosfy-nom-20260918/Build/Intermediates.noindex/Nosfy.build/Release-iphoneos/Nosfy.build/Nosfy-own-target-headers.hmap -Xcc -I/tmp/nosfy-nom-20260918/Build/Intermediates.noindex/Nosfy.build/Release-iphoneos/Nosfy.build/Nosfy-all-target-headers.hmap -Xcc -iquote -Xcc /tmp/nosfy-nom-20260918/Build/Intermediates.noindex/Nosfy.build/Release-iphoneos/Nosfy.build/Nosfy-project-headers.hmap -Xcc -I/tmp/nosfy-nom-20260918/Build/Products/Release-iphoneos/include -Xcc -I/tmp/nosfy-nom-20260918/Build/Intermediates.noindex/Nosfy.build/Release-iphoneos/Nosfy.build/DerivedSources-normal/arm64 -Xcc -I/tmp/nosfy-nom-20260918/Build/Intermediates.noindex/Nosfy.build/Release-iphoneos/Nosfy.build/DerivedSources/arm64 -Xcc -I/tmp/nosfy-nom-20260918/Build/Intermediates.noindex/Nosfy.build/Release-iphoneos/Nosfy.build/DerivedSources -emit-objc-header -emit-objc-header-path /tmp/nosfy-nom-20260918/Build/Intermediates.noindex/Nosfy.build/Release-iphoneos/Nosfy.build/Objects-normal/arm64/Woop-Swift.h -working-directory /Users/kathryn/Desktop/woochoper-ios -no-emit-module-separately-wmo

SwiftExplicitDependencyGeneratePcm arm64 /tmp/nosfy-nom-20260918/ModuleCache.noindex/_Builtin_stdarg-BG4P0LS6PGYPXJLFOGT5XP6FD.pcm

SwiftExplicitDependencyGeneratePcm arm64 /tmp/nosfy-nom-20260918/ModuleCache.noindex/ActivityKit-DFD1KHPXJ0W95JEB5ELZNQ56O.pcm

SwiftExplicitDependencyGeneratePcm arm64 /tmp/nosfy-nom-20260918/ModuleCache.noindex/ptrauth-IQR92ZWRA1P8V5LV1OO837CV.pcm

SwiftExplicitDependencyGeneratePcm arm64 /tmp/nosfy-nom-20260918/ModuleCache.noindex/_Builtin_float-C2XIFAJMNKQYU8664DVTXQGM.pcm

SwiftExplicitDependencyGeneratePcm arm64 /tmp/nosfy-nom-20260918/ModuleCache.noindex/_AvailabilityInternal-VZW8U5PPS4JTDR7313F9V68B.pcm

SwiftExplicitDependencyGeneratePcm arm64 /tmp/nosfy-nom-20260918/ModuleCache.noindex/DeveloperToolsSupport-DJWDVIZYDHNHKNYCAD7EK6GKB.pcm

SwiftExplicitDependencyGeneratePcm arm64 /tmp/nosfy-nom-20260918/ModuleCache.noindex/ptrcheck-7AP7UAZ2QEUOFK30JU4YIRWUC.pcm

SwiftExplicitDependencyGeneratePcm arm64 /tmp/nosfy-nom-20260918/ModuleCache.noindex/_Builtin_stddef-C25D9ML77XPFW80PST1G3OO5O.pcm

SwiftExplicitDependencyGeneratePcm arm64 /tmp/nosfy-nom-20260918/ModuleCache.noindex/_DarwinFoundation1-D3YRRKGWPW52K8B517PJHP8EB.pcm

SwiftExplicitDependencyGeneratePcm arm64 /tmp/nosfy-nom-20260918/ModuleCache.noindex/_Builtin_stdbool-EADSKVXJ8CJ39YNGVP5A6KHEB.pcm

SwiftExplicitDependencyGeneratePcm arm64 /tmp/nosfy-nom-20260918/ModuleCache.noindex/_DarwinFoundation2-CEJBQ3FOARZW2XFXM8H76HFHL.pcm

SwiftExplicitDependencyGeneratePcm arm64 /tmp/nosfy-nom-20260918/ModuleCache.noindex/ExtensionFoundation-5X422U2NPOAVYMOK7H0FBXO71.pcm

SwiftExplicitDependencyGeneratePcm arm64 /tmp/nosfy-nom-20260918/ModuleCache.noindex/sys_types-9IEF4H9OEUGVLULYKQMLLCN1R.pcm

SwiftExplicitDependencyGeneratePcm arm64 /tmp/nosfy-nom-20260918/ModuleCache.noindex/_Builtin_tgmath-6NG08WJM9KJOOUV4L5K64QA36.pcm

SwiftExplicitDependencyGeneratePcm arm64 /tmp/nosfy-nom-20260918/ModuleCache.noindex/_Builtin_stdint-6P28TNS3LUESEJWPFPCZ40A22.pcm

SwiftExplicitDependencyGeneratePcm arm64 /tmp/nosfy-nom-20260918/ModuleCache.noindex/_Builtin_limits-8I019FNAM15028TXD9GR3LV02.pcm

SwiftExplicitDependencyGeneratePcm arm64 /tmp/nosfy-nom-20260918/ModuleCache.noindex/_DarwinFoundation3-97H9L16WZXC4R4G35AA2Y2ETD.pcm

SwiftExplicitDependencyGeneratePcm arm64 /tmp/nosfy-nom-20260918/ModuleCache.noindex/_Builtin_intrinsics-2VC30EC3WVA0MAIZC167U0E0V.pcm

SwiftExplicitDependencyGeneratePcm arm64 /tmp/nosfy-nom-20260918/ModuleCache.noindex/_Builtin_inttypes-4OZQTB61QCRMI7LAU8FCTFBSK.pcm

SwiftExplicitDependencyGeneratePcm arm64 /tmp/nosfy-nom-20260918/ModuleCache.noindex/simd-7APJBH51RZ35HXG7KIUMCTTQW.pcm

SwiftExplicitDependencyGeneratePcm arm64 /tmp/nosfy-nom-20260918/ModuleCache.noindex/Darwin-CIMWGO1CEZIXH0AS9MI89VGBZ.pcm

SwiftExplicitDependencyGeneratePcm arm64 /tmp/nosfy-nom-20260918/ModuleCache.noindex/Spatial-7AZV43T3VJGGZSA7RSWIIAVAX.pcm

SwiftExplicitDependencyGeneratePcm arm64 /tmp/nosfy-nom-20260918/ModuleCache.noindex/MachO-5YV1BIRBTOUB1B1JFTQ6D9AWB.pcm

SwiftExplicitDependencyGeneratePcm arm64 /tmp/nosfy-nom-20260918/ModuleCache.noindex/ObjectiveC-EDRO1DD4A95R4M8FKY9NV9G38.pcm

SwiftExplicitDependencyGeneratePcm arm64 /tmp/nosfy-nom-20260918/ModuleCache.noindex/SwiftShims-CWN6OOSAT6SIHSJOJ7NEUDYCV.pcm

SwiftExplicitDependencyGeneratePcm arm64 /tmp/nosfy-nom-20260918/ModuleCache.noindex/os_object-6F80MDP0H9HW0PF2BQYUO7L1Y.pcm

SwiftExplicitDependencyGeneratePcm arm64 /tmp/nosfy-nom-20260918/ModuleCache.noindex/_Builtin_stdatomic-3YX9RIFW4KN4S9992B562EZFY.pcm

SwiftExplicitDependencyGeneratePcm arm64 /tmp/nosfy-nom-20260918/ModuleCache.noindex/os_workgroup-99OGGOIQQ52AFI982W4O3SQJL.pcm

SwiftExplicitDependencyGeneratePcm arm64 /tmp/nosfy-nom-20260918/ModuleCache.noindex/_SwiftConcurrencyShims-BUYFE3EXPY9NV40RPHVUCUQCN.pcm

SwiftExplicitDependencyGeneratePcm arm64 /tmp/nosfy-nom-20260918/ModuleCache.noindex/Dispatch-M57DFTKWO0BCPMM18H9XK5LU.pcm

SwiftExplicitDependencyGeneratePcm arm64 /tmp/nosfy-nom-20260918/ModuleCache.noindex/dnssd-B9K4MQEYUKVFA8FL5LN8KMMD1.pcm

SwiftExplicitDependencyGeneratePcm arm64 /tmp/nosfy-nom-20260918/ModuleCache.noindex/XPC-6451R2WF0FQ7JKGUB0Z19Z70G.pcm

SwiftExplicitDependencyGeneratePcm arm64 /tmp/nosfy-nom-20260918/ModuleCache.noindex/CoreFoundation-AZFJS9JWSADONHBE135SOT796.pcm

SwiftExplicitDependencyGeneratePcm arm64 /tmp/nosfy-nom-20260918/ModuleCache.noindex/os-5LRLE196AG4NIH0YCG5MWJSIK.pcm

SwiftExplicitDependencyGeneratePcm arm64 /tmp/nosfy-nom-20260918/ModuleCache.noindex/CFNetwork-DDI6ZEX3V3C1OM3JSJI5O3EE3.pcm

SwiftExplicitDependencyGeneratePcm arm64 /tmp/nosfy-nom-20260918/ModuleCache.noindex/Security-CFU56BZQ7JT8KORPAD3SL0XPG.pcm

SwiftExplicitDependencyGeneratePcm arm64 /tmp/nosfy-nom-20260918/ModuleCache.noindex/CoreAudioTypes-25J8CLXOYUVPO8D51YTCFZBGD.pcm

SwiftExplicitDependencyGeneratePcm arm64 /tmp/nosfy-nom-20260918/ModuleCache.noindex/Foundation-CLH00K3CQOPUU8CWA2MAISBHH.pcm

SwiftExplicitDependencyGeneratePcm arm64 /tmp/nosfy-nom-20260918/ModuleCache.noindex/CoreAudio-65W78VWG79N1X5TUBY77TTWLM.pcm

SwiftExplicitDependencyGeneratePcm arm64 /tmp/nosfy-nom-20260918/ModuleCache.noindex/OSLog-1TZ80RHCHTRA8KQN3WDLD2ZW8.pcm

SwiftExplicitDependencyGeneratePcm arm64 /tmp/nosfy-nom-20260918/ModuleCache.noindex/LocalAuthentication-CYUPGXNYNPRS4OXE2GWMIUU5Y.pcm

SwiftExplicitDependencyGeneratePcm arm64 /tmp/nosfy-nom-20260918/ModuleCache.noindex/DataDetection-XRTROSR3NYS4FI38FFFVQS73.pcm

SwiftExplicitDependencyGeneratePcm arm64 /tmp/nosfy-nom-20260918/ModuleCache.noindex/Network-1S6CBRPV3AE6AJVWORF4P3SCN.pcm

SwiftExplicitDependencyGeneratePcm arm64 /tmp/nosfy-nom-20260918/ModuleCache.noindex/CoreData-3UNPXPVGH9D4DU33YG0IRBR40.pcm

SwiftExplicitDependencyGeneratePcm arm64 /tmp/nosfy-nom-20260918/ModuleCache.noindex/_LocationEssentials-4M9OC7LV3K6WSCXRXW70KS3CR.pcm

SwiftExplicitDependencyGeneratePcm arm64 /tmp/nosfy-nom-20260918/ModuleCache.noindex/UIUtilities-BV6Q0QSN5HNAYUU3MDQFFJVM0.pcm

SwiftExplicitDependencyGeneratePcm arm64 /tmp/nosfy-nom-20260918/ModuleCache.noindex/CoreLocation-3KCPV8LKYR27RJ6WN7OAKMNQ2.pcm

SwiftExplicitDependencyGeneratePcm arm64 /tmp/nosfy-nom-20260918/ModuleCache.noindex/RelevanceKit-1FJW5MYI4QH8L4FNK3GZCUCV6.pcm

SwiftExplicitDependencyGeneratePcm arm64 /tmp/nosfy-nom-20260918/ModuleCache.noindex/UserNotifications-5C9RGGHIBOXSOUVZS155FQMWL.pcm

SwiftExplicitDependencyGeneratePcm arm64 /tmp/nosfy-nom-20260918/ModuleCache.noindex/CoreMotion-4UFGT7KJA7LLJVLCDRIYAATHE.pcm

SwiftExplicitDependencyGeneratePcm arm64 /tmp/nosfy-nom-20260918/ModuleCache.noindex/CoreHaptics-2UAIZ9YK4HBHAXDBU9H27XF9F.pcm

SwiftExplicitDependencyGeneratePcm arm64 /tmp/nosfy-nom-20260918/ModuleCache.noindex/WidgetKit-25SK83NYRUPT06LSIXAJ4MPR9.pcm

SwiftExplicitDependencyGeneratePcm arm64 /tmp/nosfy-nom-20260918/ModuleCache.noindex/UniformTypeIdentifiers-2JN1UNU9F7EO04HYQZQ34UCNO.pcm

SwiftExplicitDependencyGeneratePcm arm64 /tmp/nosfy-nom-20260918/ModuleCache.noindex/CoreTransferable-288Y890R49EKQDX1M2J9SDBPP.pcm

SwiftExplicitDependencyGeneratePcm arm64 /tmp/nosfy-nom-20260918/ModuleCache.noindex/CoreSpotlight-A1BARY9Q4NKU2086Y3UYIKVJA.pcm

SwiftExplicitDependencyGeneratePcm arm64 /tmp/nosfy-nom-20260918/ModuleCache.noindex/CoreMIDI-9ETJBGRYT1W2M6C6PNL5UU0MW.pcm

SwiftExplicitDependencyGeneratePcm arm64 /tmp/nosfy-nom-20260918/ModuleCache.noindex/Symbols-E3GU1PPBS9R96587F2FAX8Y1Z.pcm

SwiftExplicitDependencyGeneratePcm arm64 /tmp/nosfy-nom-20260918/ModuleCache.noindex/AudioToolbox-ELWM6V1ZB799SJIA3Y8ATFQ4G.pcm

SwiftExplicitDependencyGeneratePcm arm64 /tmp/nosfy-nom-20260918/ModuleCache.noindex/IOSurface-BNVZYEYAB0ORPUFFXS53CJHEO.pcm

SwiftExplicitDependencyGeneratePcm arm64 /tmp/nosfy-nom-20260918/ModuleCache.noindex/CoreGraphics-82IPJOS54WO5DQQKKMHR7ZZ2W.pcm

SwiftExplicitDependencyGeneratePcm arm64 /tmp/nosfy-nom-20260918/ModuleCache.noindex/Metal-6E7LIGLORSMUVZRYQ6J29POLK.pcm

SwiftExplicitDependencyGeneratePcm arm64 /tmp/nosfy-nom-20260918/ModuleCache.noindex/ImageIO-36ACRNI601OXBMCCRYEI4SL4I.pcm

SwiftExplicitDependencyGeneratePcm arm64 /tmp/nosfy-nom-20260918/ModuleCache.noindex/Accessibility-DLWUDLYJ0BF6FAJ42FCI97T3R.pcm

SwiftExplicitDependencyGeneratePcm arm64 /tmp/nosfy-nom-20260918/ModuleCache.noindex/FileProvider-B1YIFI4N9E210XZKAVNQSDUPW.pcm

SwiftExplicitDependencyGeneratePcm arm64 /tmp/nosfy-nom-20260918/ModuleCache.noindex/OpenGLES-E0F6TFDDRBFJKKRW9YISQSM7Y.pcm

SwiftExplicitDependencyGeneratePcm arm64 /tmp/nosfy-nom-20260918/ModuleCache.noindex/ModelIO-42MBZSO8W83PXA7PXLAUKNT50.pcm

SwiftExplicitDependencyGeneratePcm arm64 /tmp/nosfy-nom-20260918/ModuleCache.noindex/CoreVideo-5FEWK2WQTZBWC7KIGBQ6QU14P.pcm

SwiftExplicitDependencyGeneratePcm arm64 /tmp/nosfy-nom-20260918/ModuleCache.noindex/Intents-BW330OOROZQS7RI25P872YSPD.pcm

SwiftExplicitDependencyGeneratePcm arm64 /tmp/nosfy-nom-20260918/ModuleCache.noindex/CoreImage-175AE64Y4DYAXF570MU97RJ4X.pcm

SwiftExplicitDependencyGeneratePcm arm64 /tmp/nosfy-nom-20260918/ModuleCache.noindex/QuartzCore-775CEDETUUXSDSJD4FQZTOU77.pcm

SwiftExplicitDependencyGeneratePcm arm64 /tmp/nosfy-nom-20260918/ModuleCache.noindex/CoreMedia-3OB14WWVLFYKR1IYA4XCTVYKO.pcm

SwiftExplicitDependencyGeneratePcm arm64 /tmp/nosfy-nom-20260918/ModuleCache.noindex/AVRouting-ATIXR60H4Z19S1HSVWRH8IIW3.pcm

SwiftExplicitDependencyGeneratePcm arm64 /tmp/nosfy-nom-20260918/ModuleCache.noindex/AVFAudio-23R1AVR6GS5AO6ST5IBKW31HZ.pcm

SwiftExplicitDependencyGeneratePcm arm64 /tmp/nosfy-nom-20260918/ModuleCache.noindex/MediaToolbox-CR81BKQVNUKTQEHG0GK8IDDSV.pcm

SwiftExplicitDependencyGeneratePcm arm64 /tmp/nosfy-nom-20260918/ModuleCache.noindex/CoreText-6XLVWKY9IOG05FS0OJJFFJ4F6.pcm

SwiftExplicitDependencyGeneratePcm arm64 /tmp/nosfy-nom-20260918/ModuleCache.noindex/AVFoundation-338NABH6PER0I88RK9M04H7AT.pcm

SwiftExplicitDependencyGeneratePcm arm64 /tmp/nosfy-nom-20260918/ModuleCache.noindex/UIKit-42DR2M5U4ZBHIRO0H3S26RMYW.pcm

SwiftExplicitDependencyGeneratePcm arm64 /tmp/nosfy-nom-20260918/ModuleCache.noindex/SwiftUICore-80LU2Q3ES80M7PV0KTT3MQ3Y4.pcm

SwiftExplicitDependencyGeneratePcm arm64 /tmp/nosfy-nom-20260918/ModuleCache.noindex/SwiftUI-Q6VF5AJSC65LJ05EHG62V6P3.pcm

SwiftExplicitDependencyGeneratePcm arm64 /tmp/nosfy-nom-20260918/ModuleCache.noindex/AuthenticationServices-2GL46JX2OBZ5IWXX41QYFIQ28.pcm

SwiftExplicitDependencyGeneratePcm arm64 /tmp/nosfy-nom-20260918/ModuleCache.noindex/MetalKit-84S64TP348WZJB4AJOPIUE3YO.pcm

SwiftExplicitDependencyGeneratePcm arm64 /tmp/nosfy-nom-20260918/ModuleCache.noindex/GLKit-5CJQCWC1Y1LB2PKYVVDY8N04V.pcm

SwiftExplicitDependencyGeneratePcm arm64 /tmp/nosfy-nom-20260918/ModuleCache.noindex/AppIntents-CLLDXTMF4XX80F4VVZDJY8TUB.pcm

SwiftExplicitDependencyGeneratePcm arm64 /tmp/nosfy-nom-20260918/ModuleCache.noindex/SceneKit-6FXBNJATDMSXNS86MIX3B5297.pcm

SwiftCompile normal arm64 Compiling\ BottleSplash.swift,\ CoinChime.swift,\ DiamondGlints.swift,\ Ink.swift,\ LightDial.swift,\ LuneDust.swift,\ MonolithChime.swift,\ NightBirds.swift,\ RocketHaptics.swift,\ SparkleBurst.swift,\ SplashBackground.swift,\ SplashWisp.swift,\ Annonces.swift,\ AppleAuth.swift,\ ChambreServeur.swift,\ CoachServeur.swift,\ Compte.swift,\ EconomieNosfy.swift,\ ForgeServeur.swift,\ HomeTextes.swift,\ InscriptionCompte.swift,\ Langue.swift,\ LuneForge.swift,\ OutboxGains.swift,\ OuvertureSeanceServeur.swift,\ ProfilServeur.swift,\ SacreServeur.swift,\ Supabase.swift,\ SupabaseSync.swift,\ SynthesisService.swift,\ WorkoutActivityController.swift,\ ActiveWorkoutView.swift,\ AppelChapitre.swift,\ AppelProfilVisite.swift,\ AuroraBgLab.swift,\ AuthView.swift,\ BancCoutHome.swift,\ BoosterCard.swift,\ BoosterLab.swift,\ BoosterPack.swift,\ BoosterPopup.swift,\ BordSeance.swift,\ BoutonPrimaire.swift,\ BravoLab.swift,\ CalendarView.swift,\ CalLab.swift,\ CardioFiche.swift,\ CardRoute.swift,\ CarnetLab.swift,\ CarnetScene.swift,\ CarteLuneLab.swift,\ ChambreDonnees.swift,\ ChambreHiit.swift,\ ChambreLongue.swift,\ ChambrePeak.swift,\ ChambreRegularite.swift,\ ChambreVolume.swift,\ ChargeFiche.swift,\ ChevronAppelNatif.swift,\ ChipVerre.swift,\ CinematicPlayer.swift,\ ClavierBraise.swift,\ CoffreFlipLab.swift,\ CoffreFortCoin.swift,\ CoffreFortPurse.swift,\ CoffreFortView.swift,\ CoffreV2.swift,\ ConnexionButtonLab.swift,\ ConnexionCinematic.swift,\ CorpsNacre.swift,\ CounterLab.swift,\ DemonVideo.swift,\ DepartCine.swift,\ DepartSeance.swift,\ DevilAuraOverlay.swift,\ DuolinguoPage.swift,\ EmberFlameLab.swift,\ ExerciseDetailView.swift,\ ExerciseEditor.swift,\ ExercisePhoto.swift,\ ExerciseSetupCard.swift,\ ExercisesView.swift,\ ExosFond.swift,\ FilmDepartSeance.swift,\ FlameLab.swift,\ FlammeJauge.swift,\ FlammeJaugeLab.swift,\ FondVideoMetal.swift,\ Foyer.swift,\ FumeeInviteMetal.swift,\ GaletEtape.swift,\ GaletLab.swift,\ GaletSlide.swift,\ HaloDawnLab.swift,\ HarmonieLab.swift,\ HomeAuroraView.swift,\ HomeNuit.swift,\ HomeView.swift,\ JewelTabBar.swift,\ LaunchPebble.swift,\ LensParticles.swift,\ LiquidLensLab.swift,\ LisereCoreAnimation.swift,\ LisereImages.swift,\ LisereRespirant.swift,\ LiveExerciseView.swift,\ LivingNebulaBackground.swift,\ LoginLab.swift,\ LogoLab.swift,\ LuneDeSang.swift,\ MenuCouronne.swift,\ MenuNappe.swift,\ MoonCoinLab.swift,\ MoonSplash.swift,\ NavDiagnostic.swift,\ ImpGlyph.swift,\ MoonGlyph.swift,\ ProgressComet.swift,\ WorkoutActivity.swift,\ NavEncre.swift,\ NavLab.swift,\ NeonPrimaryButton.swift,\ NeonPrimaryLab.swift,\ NosfyOnboarding.swift,\ NotchedCard.swift,\ NotifCard.swift,\ NotifChasse.swift,\ NotifLab.swift,\ ObjectiveCard.swift,\ ObjectiveCardLab.swift,\ ObsidianCard.swift,\ ObsidianCardLab.swift,\ OrphanProbe.swift,\ PageCard.swift,\ PanBande.swift,\ ParoleLigne.swift,\ PerleSemaineNative.swift,\ PiluleVagabonde.swift,\ PlayerMonde.swift,\ PlayerSeance.swift,\ PorteApple.swift,\ PorteEntree.swift,\ PremiereArrivee.swift,\ ProfilLune.swift,\ ProgressionView.swift,\ ProgressPage.swift,\ RecentWorkoutCard.swift,\ RestartSheet.swift,\ RewardCard.swift,\ RewardChemin.swift,\ RewardCheminCard.swift,\ RewardCheminVariants.swift,\ RewardLab.swift,\ RythmeEcran.swift,\ SacreAccueil.swift,\ SessionSlate.swift,\ SetEntrySheet.swift,\ SetHistoryRow.swift,\ SliderLab.swift,\ SliderObsidienne.swift,\ SondeCadence.swift,\ SondeVol.swift,\ StopCard.swift,\ StopLab.swift,\ StopSessionSheet.swift,\ StoryEnded.swift,\ StoryFlow.swift,\ StorySuite.swift,\ StoryVideo.swift,\ SuccessLab.swift,\ SwapCardSurface.swift,\ SwapEmptyCard.swift,\ SynthesisCard.swift,\ TapisLab.swift,\ TapisScene.swift,\ VerificationCompte.swift,\ VerreCoulant.swift,\ VisiteExercice.swift,\ VisiteHome.swift,\ WahouReveal.swift,\ WidgetEdition.swift,\ WidgetsCards.swift,\ WorkoutPill.swift,\ WorkoutsListView.swift,\ Atmosphere.swift,\ DemonSky.swift,\ Models.swift,\ MoonPath.swift,\ MoonSDF.swift,\ NebulaConfiguration.swift,\ NebulaNoise.swift,\ NebulaStrip.swift,\ NosfyApp.swift,\ Theme.swift,\ GeneratedAssetSymbols.swift /Users/kathryn/Desktop/woochoper-ios/Nosfy/Figures/BottleSplash.swift /Users/kathryn/Desktop/woochoper-ios/Nosfy/Figures/CoinChime.swift /Users/kathryn/Desktop/woochoper-ios/Nosfy/Figures/DiamondGlints.swift /Users/kathryn/Desktop/woochoper-ios/Nosfy/Figures/Ink.swift /Users/kathryn/Desktop/woochoper-ios/Nosfy/Figures/LightDial.swift /Users/kathryn/Desktop/woochoper-ios/Nosfy/Figures/LuneDust.swift /Users/kathryn/Desktop/woochoper-ios/Nosfy/Figures/MonolithChime.swift /Users/kathryn/Desktop/woochoper-ios/Nosfy/Figures/NightBirds.swift /Users/kathryn/Desktop/woochoper-ios/Nosfy/Figures/RocketHaptics.swift /Users/kathryn/Desktop/woochoper-ios/Nosfy/Figures/SparkleBurst.swift /Users/kathryn/Desktop/woochoper-ios/Nosfy/Figures/SplashBackground.swift /Users/kathryn/Desktop/woochoper-ios/Nosfy/Figures/SplashWisp.swift /Users/kathryn/Desktop/woochoper-ios/Nosfy/Services/Annonces.swift /Users/kathryn/Desktop/woochoper-ios/Nosfy/Services/AppleAuth.swift /Users/kathryn/Desktop/woochoper-ios/Nosfy/Services/ChambreServeur.swift /Users/kathryn/Desktop/woochoper-ios/Nosfy/Services/CoachServeur.swift /Users/kathryn/Desktop/woochoper-ios/Nosfy/Services/Compte.swift /Users/kathryn/Desktop/woochoper-ios/Nosfy/Services/EconomieNosfy.swift /Users/kathryn/Desktop/woochoper-ios/Nosfy/Services/ForgeServeur.swift /Users/kathryn/Desktop/woochoper-ios/Nosfy/Services/HomeTextes.swift /Users/kathryn/Desktop/woochoper-ios/Nosfy/Services/InscriptionCompte.swift /Users/kathryn/Desktop/woochoper-ios/Nosfy/Services/Langue.swift /Users/kathryn/Desktop/woochoper-ios/Nosfy/Services/LuneForge.swift /Users/kathryn/Desktop/woochoper-ios/Nosfy/Services/OutboxGains.swift /Users/kathryn/Desktop/woochoper-ios/Nosfy/Services/OuvertureSeanceServeur.swift /Users/kathryn/Desktop/woochoper-ios/Nosfy/Services/ProfilServeur.swift /Users/kathryn/Desktop/woochoper-ios/Nosfy/Services/SacreServeur.swift /Users/kathryn/Desktop/woochoper-ios/Nosfy/Services/Supabase.swift /Users/kathryn/Desktop/woochoper-ios/Nosfy/Services/SupabaseSync.swift /Users/kathryn/Desktop/woochoper-ios/Nosfy/Services/SynthesisService.swift /Users/kathryn/Desktop/woochoper-ios/Nosfy/Services/WorkoutActivityController.swift /Users/kathryn/Desktop/woochoper-ios/Nosfy/Views/ActiveWorkoutView.swift /Users/kathryn/Desktop/woochoper-ios/Nosfy/Views/AppelChapitre.swift /Users/kathryn/Desktop/woochoper-ios/Nosfy/Views/AppelProfilVisite.swift /Users/kathryn/Desktop/woochoper-ios/Nosfy/Views/AuroraBgLab.swift /Users/kathryn/Desktop/woochoper-ios/Nosfy/Views/AuthView.swift /Users/kathryn/Desktop/woochoper-ios/Nosfy/Views/BancCoutHome.swift /Users/kathryn/Desktop/woochoper-ios/Nosfy/Views/BoosterCard.swift /Users/kathryn/Desktop/woochoper-ios/Nosfy/Views/BoosterLab.swift /Users/kathryn/Desktop/woochoper-ios/Nosfy/Views/BoosterPack.swift /Users/kathryn/Desktop/woochoper-ios/Nosfy/Views/BoosterPopup.swift /Users/kathryn/Desktop/woochoper-ios/Nosfy/Views/BordSeance.swift /Users/kathryn/Desktop/woochoper-ios/Nosfy/Views/BoutonPrimaire.swift /Users/kathryn/Desktop/woochoper-ios/Nosfy/Views/BravoLab.swift /Users/kathryn/Desktop/woochoper-ios/Nosfy/Views/CalendarView.swift /Users/kathryn/Desktop/woochoper-ios/Nosfy/Views/CalLab.swift /Users/kathryn/Desktop/woochoper-ios/Nosfy/Views/CardioFiche.swift /Users/kathryn/Desktop/woochoper-ios/Nosfy/Views/CardRoute.swift /Users/kathryn/Desktop/woochoper-ios/Nosfy/Views/CarnetLab.swift /Users/kathryn/Desktop/woochoper-ios/Nosfy/Views/CarnetScene.swift /Users/kathryn/Desktop/woochoper-ios/Nosfy/Views/CarteLuneLab.swift /Users/kathryn/Desktop/woochoper-ios/Nosfy/Views/ChambreDonnees.swift /Users/kathryn/Desktop/woochoper-ios/Nosfy/Views/ChambreHiit.swift /Users/kathryn/Desktop/woochoper-ios/Nosfy/Views/ChambreLongue.swift /Users/kathryn/Desktop/woochoper-ios/Nosfy/Views/ChambrePeak.swift /Users/kathryn/Desktop/woochoper-ios/Nosfy/Views/ChambreRegularite.swift /Users/kathryn/Desktop/woochoper-ios/Nosfy/Views/ChambreVolume.swift /Users/kathryn/Desktop/woochoper-ios/Nosfy/Views/ChargeFiche.swift /Users/kathryn/Desktop/woochoper-ios/Nosfy/Views/ChevronAppelNatif.swift /Users/kathryn/Desktop/woochoper-ios/Nosfy/Views/ChipVerre.swift /Users/kathryn/Desktop/woochoper-ios/Nosfy/Views/CinematicPlayer.swift /Users/kathryn/Desktop/woochoper-ios/Nosfy/Views/ClavierBraise.swift /Users/kathryn/Desktop/woochoper-ios/Nosfy/Views/CoffreFlipLab.swift /Users/kathryn/Desktop/woochoper-ios/Nosfy/Views/CoffreFortCoin.swift /Users/kathryn/Desktop/woochoper-ios/Nosfy/Views/CoffreFortPurse.swift /Users/kathryn/Desktop/woochoper-ios/Nosfy/Views/CoffreFortView.swift /Users/kathryn/Desktop/woochoper-ios/Nosfy/Views/CoffreV2.swift /Users/kathryn/Desktop/woochoper-ios/Nosfy/Views/ConnexionButtonLab.swift /Users/kathryn/Desktop/woochoper-ios/Nosfy/Views/ConnexionCinematic.swift /Users/kathryn/Desktop/woochoper-ios/Nosfy/Views/CorpsNacre.swift /Users/kathryn/Desktop/woochoper-ios/Nosfy/Views/CounterLab.swift /Users/kathryn/Desktop/woochoper-ios/Nosfy/Views/DemonVideo.swift /Users/kathryn/Desktop/woochoper-ios/Nosfy/Views/DepartCine.swift /Users/kathryn/Desktop/woochoper-ios/Nosfy/Views/DepartSeance.swift /Users/kathryn/Desktop/woochoper-ios/Nosfy/Views/DevilAuraOverlay.swift /Users/kathryn/Desktop/woochoper-ios/Nosfy/Views/DuolinguoPage.swift /Users/kathryn/Desktop/woochoper-ios/Nosfy/Views/EmberFlameLab.swift /Users/kathryn/Desktop/woochoper-ios/Nosfy/Views/ExerciseDetailView.swift /Users/kathryn/Desktop/woochoper-ios/Nosfy/Views/ExerciseEditor.swift /Users/kathryn/Desktop/woochoper-ios/Nosfy/Views/ExercisePhoto.swift /Users/kathryn/Desktop/woochoper-ios/Nosfy/Views/ExerciseSetupCard.swift /Users/kathryn/Desktop/woochoper-ios/Nosfy/Views/ExercisesView.swift /Users/kathryn/Desktop/woochoper-ios/Nosfy/Views/ExosFond.swift /Users/kathryn/Desktop/woochoper-ios/Nosfy/Views/FilmDepartSeance.swift /Users/kathryn/Desktop/woochoper-ios/Nosfy/Views/FlameLab.swift /Users/kathryn/Desktop/woochoper-ios/Nosfy/Views/FlammeJauge.swift /Users/kathryn/Desktop/woochoper-ios/Nosfy/Views/FlammeJaugeLab.swift /Users/kathryn/Desktop/woochoper-ios/Nosfy/Views/FondVideoMetal.swift /Users/kathryn/Desktop/woochoper-ios/Nosfy/Views/Foyer.swift /Users/kathryn/Desktop/woochoper-ios/Nosfy/Views/FumeeInviteMetal.swift /Users/kathryn/Desktop/woochoper-ios/Nosfy/Views/GaletEtape.swift /Users/kathryn/Desktop/woochoper-ios/Nosfy/Views/GaletLab.swift /Users/kathryn/Desktop/woochoper-ios/Nosfy/Views/GaletSlide.swift /Users/kathryn/Desktop/woochoper-ios/Nosfy/Views/HaloDawnLab.swift /Users/kathryn/Desktop/woochoper-ios/Nosfy/Views/HarmonieLab.swift /Users/kathryn/Desktop/woochoper-ios/Nosfy/Views/HomeAuroraView.swift /Users/kathryn/Desktop/woochoper-ios/Nosfy/Views/HomeNuit.swift /Users/kathryn/Desktop/woochoper-ios/Nosfy/Views/HomeView.swift /Users/kathryn/Desktop/woochoper-ios/Nosfy/Views/JewelTabBar.swift /Users/kathryn/Desktop/woochoper-ios/Nosfy/Views/LaunchPebble.swift /Users/kathryn/Desktop/woochoper-ios/Nosfy/Views/LensParticles.swift /Users/kathryn/Desktop/woochoper-ios/Nosfy/Views/LiquidLensLab.swift /Users/kathryn/Desktop/woochoper-ios/Nosfy/Views/LisereCoreAnimation.swift /Users/kathryn/Desktop/woochoper-ios/Nosfy/Views/LisereImages.swift /Users/kathryn/Desktop/woochoper-ios/Nosfy/Views/LisereRespirant.swift /Users/kathryn/Desktop/woochoper-ios/Nosfy/Views/LiveExerciseView.swift /Users/kathryn/Desktop/woochoper-ios/Nosfy/Views/LivingNebulaBackground.swift /Users/kathryn/Desktop/woochoper-ios/Nosfy/Views/LoginLab.swift /Users/kathryn/Desktop/woochoper-ios/Nosfy/Views/LogoLab.swift /Users/kathryn/Desktop/woochoper-ios/Nosfy/Views/LuneDeSang.swift /Users/kathryn/Desktop/woochoper-ios/Nosfy/Views/MenuCouronne.swift /Users/kathryn/Desktop/woochoper-ios/Nosfy/Views/MenuNappe.swift /Users/kathryn/Desktop/woochoper-ios/Nosfy/Views/MoonCoinLab.swift /Users/kathryn/Desktop/woochoper-ios/Nosfy/Views/MoonSplash.swift /Users/kathryn/Desktop/woochoper-ios/Nosfy/Views/NavDiagnostic.swift /Users/kathryn/Desktop/woochoper-ios/NosfyShared/ImpGlyph.swift /Users/kathryn/Desktop/woochoper-ios/NosfyShared/MoonGlyph.swift /Users/kathryn/Desktop/woochoper-ios/NosfyShared/ProgressComet.swift /Users/kathryn/Desktop/woochoper-ios/NosfyShared/WorkoutActivity.swift /Users/kathryn/Desktop/woochoper-ios/Nosfy/Views/NavEncre.swift /Users/kathryn/Desktop/woochoper-ios/Nosfy/Views/NavLab.swift /Users/kathryn/Desktop/woochoper-ios/Nosfy/Views/NeonPrimaryButton.swift /Users/kathryn/Desktop/woochoper-ios/Nosfy/Views/NeonPrimaryLab.swift /Users/kathryn/Desktop/woochoper-ios/Nosfy/Views/NosfyOnboarding.swift /Users/kathryn/Desktop/woochoper-ios/Nosfy/Views/NotchedCard.swift /Users/kathryn/Desktop/woochoper-ios/Nosfy/Views/NotifCard.swift /Users/kathryn/Desktop/woochoper-ios/Nosfy/Views/NotifChasse.swift /Users/kathryn/Desktop/woochoper-ios/Nosfy/Views/NotifLab.swift /Users/kathryn/Desktop/woochoper-ios/Nosfy/Views/ObjectiveCard.swift /Users/kathryn/Desktop/woochoper-ios/Nosfy/Views/ObjectiveCardLab.swift /Users/kathryn/Desktop/woochoper-ios/Nosfy/Views/ObsidianCard.swift /Users/kathryn/Desktop/woochoper-ios/Nosfy/Views/ObsidianCardLab.swift /Users/kathryn/Desktop/woochoper-ios/Nosfy/Views/OrphanProbe.swift /Users/kathryn/Desktop/woochoper-ios/Nosfy/Views/PageCard.swift /Users/kathryn/Desktop/woochoper-ios/Nosfy/Views/PanBande.swift /Users/kathryn/Desktop/woochoper-ios/Nosfy/Views/ParoleLigne.swift /Users/kathryn/Desktop/woochoper-ios/Nosfy/Views/PerleSemaineNative.swift /Users/kathryn/Desktop/woochoper-ios/Nosfy/Views/PiluleVagabonde.swift /Users/kathryn/Desktop/woochoper-ios/Nosfy/Views/PlayerMonde.swift /Users/kathryn/Desktop/woochoper-ios/Nosfy/Views/PlayerSeance.swift /Users/kathryn/Desktop/woochoper-ios/Nosfy/Views/PorteApple.swift /Users/kathryn/Desktop/woochoper-ios/Nosfy/Views/PorteEntree.swift /Users/kathryn/Desktop/woochoper-ios/Nosfy/Views/PremiereArrivee.swift /Users/kathryn/Desktop/woochoper-ios/Nosfy/Views/ProfilLune.swift /Users/kathryn/Desktop/woochoper-ios/Nosfy/Views/ProgressionView.swift /Users/kathryn/Desktop/woochoper-ios/Nosfy/Views/ProgressPage.swift /Users/kathryn/Desktop/woochoper-ios/Nosfy/Views/RecentWorkoutCard.swift /Users/kathryn/Desktop/woochoper-ios/Nosfy/Views/RestartSheet.swift /Users/kathryn/Desktop/woochoper-ios/Nosfy/Views/RewardCard.swift /Users/kathryn/Desktop/woochoper-ios/Nosfy/Views/RewardChemin.swift /Users/kathryn/Desktop/woochoper-ios/Nosfy/Views/RewardCheminCard.swift /Users/kathryn/Desktop/woochoper-ios/Nosfy/Views/RewardCheminVariants.swift /Users/kathryn/Desktop/woochoper-ios/Nosfy/Views/RewardLab.swift /Users/kathryn/Desktop/woochoper-ios/Nosfy/Views/RythmeEcran.swift /Users/kathryn/Desktop/woochoper-ios/Nosfy/Views/SacreAccueil.swift /Users/kathryn/Desktop/woochoper-ios/Nosfy/Views/SessionSlate.swift /Users/kathryn/Desktop/woochoper-ios/Nosfy/Views/SetEntrySheet.swift /Users/kathryn/Desktop/woochoper-ios/Nosfy/Views/SetHistoryRow.swift /Users/kathryn/Desktop/woochoper-ios/Nosfy/Views/SliderLab.swift /Users/kathryn/Desktop/woochoper-ios/Nosfy/Views/SliderObsidienne.swift /Users/kathryn/Desktop/woochoper-ios/Nosfy/Views/SondeCadence.swift /Users/kathryn/Desktop/woochoper-ios/Nosfy/Views/SondeVol.swift /Users/kathryn/Desktop/woochoper-ios/Nosfy/Views/StopCard.swift /Users/kathryn/Desktop/woochoper-ios/Nosfy/Views/StopLab.swift /Users/kathryn/Desktop/woochoper-ios/Nosfy/Views/StopSessionSheet.swift /Users/kathryn/Desktop/woochoper-ios/Nosfy/Views/StoryEnded.swift /Users/kathryn/Desktop/woochoper-ios/Nosfy/Views/StoryFlow.swift /Users/kathryn/Desktop/woochoper-ios/Nosfy/Views/StorySuite.swift /Users/kathryn/Desktop/woochoper-ios/Nosfy/Views/StoryVideo.swift /Users/kathryn/Desktop/woochoper-ios/Nosfy/Views/SuccessLab.swift /Users/kathryn/Desktop/woochoper-ios/Nosfy/Views/SwapCardSurface.swift /Users/kathryn/Desktop/woochoper-ios/Nosfy/Views/SwapEmptyCard.swift /Users/kathryn/Desktop/woochoper-ios/Nosfy/Views/SynthesisCard.swift /Users/kathryn/Desktop/woochoper-ios/Nosfy/Views/TapisLab.swift /Users/kathryn/Desktop/woochoper-ios/Nosfy/Views/TapisScene.swift /Users/kathryn/Desktop/woochoper-ios/Nosfy/Views/VerificationCompte.swift /Users/kathryn/Desktop/woochoper-ios/Nosfy/Views/VerreCoulant.swift /Users/kathryn/Desktop/woochoper-ios/Nosfy/Views/VisiteExercice.swift /Users/kathryn/Desktop/woochoper-ios/Nosfy/Views/VisiteHome.swift /Users/kathryn/Desktop/woochoper-ios/Nosfy/Views/WahouReveal.swift /Users/kathryn/Desktop/woochoper-ios/Nosfy/Views/WidgetEdition.swift /Users/kathryn/Desktop/woochoper-ios/Nosfy/Views/WidgetsCards.swift /Users/kathryn/Desktop/woochoper-ios/Nosfy/Views/WorkoutPill.swift /Users/kathryn/Desktop/woochoper-ios/Nosfy/Views/WorkoutsListView.swift /Users/kathryn/Desktop/woochoper-ios/Nosfy/Atmosphere.swift /Users/kathryn/Desktop/woochoper-ios/Nosfy/DemonSky.swift /Users/kathryn/Desktop/woochoper-ios/Nosfy/Models.swift /Users/kathryn/Desktop/woochoper-ios/Nosfy/MoonPath.swift /Users/kathryn/Desktop/woochoper-ios/Nosfy/MoonSDF.swift /Users/kathryn/Desktop/woochoper-ios/Nosfy/NebulaConfiguration.swift /Users/kathryn/Desktop/woochoper-ios/Nosfy/NebulaNoise.swift /Users/kathryn/Desktop/woochoper-ios/Nosfy/NebulaStrip.swift /Users/kathryn/Desktop/woochoper-ios/Nosfy/NosfyApp.swift /Users/kathryn/Desktop/woochoper-ios/Nosfy/Theme.swift /tmp/nosfy-nom-20260918/Build/Intermediates.noindex/Nosfy.build/Release-iphoneos/Nosfy.build/DerivedSources/GeneratedAssetSymbols.swift /Applications/Xcode.app/Contents/Developer/Toolchains/XcodeDefault.xctoolchain/usr/lib/swift/iphoneos/prebuilt-modules/26.5/CoreFoundation.swiftmodule/arm64e-apple-ios.swiftmodule /Applications/Xcode.app/Contents/Developer/Toolchains/XcodeDefault.xctoolchain/usr/lib/swift/iphoneos/prebuilt-modules/26.5/Combine.swiftmodule/arm64e-apple-ios.swiftmodule /Applications/Xcode.app/Contents/Developer/Toolchains/XcodeDefault.xctoolchain/usr/lib/swift/iphoneos/prebuilt-modules/26.5/CoreAudio.swiftmodule/arm64e-apple-ios.swiftmodule /Applications/Xcode.app/Contents/Developer/Toolchains/XcodeDefault.xctoolchain/usr/lib/swift/iphoneos/prebuilt-modules/26.5/LocalAuthentication.swiftmodule/arm64e-apple-ios.swiftmodule /Applications/Xcode.app/Contents/Developer/Toolchains/XcodeDefault.xctoolchain/usr/lib/swift/iphoneos/prebuilt-modules/26.5/MetalKit.swiftmodule/arm64e-apple-ios.swiftmodule /Applications/Xcode.app/Contents/Developer/Toolchains/XcodeDefault.xctoolchain/usr/lib/swift/iphoneos/prebuilt-modules/26.5/CoreText.swiftmodule/arm64e-apple-ios.swiftmodule /Applications/Xcode.app/Contents/Developer/Toolchains/XcodeDefault.xctoolchain/usr/lib/swift/iphoneos/prebuilt-modules/26.5/SwiftData.swiftmodule/arm64e-apple-ios.swiftmodule /Applications/Xcode.app/Contents/Developer/Toolchains/XcodeDefault.xctoolchain/usr/lib/swift/iphoneos/prebuilt-modules/26.5/_StringProcessing.swiftmodule/arm64e-apple-ios.swiftmodule /Applications/Xcode.app/Contents/Developer/Toolchains/XcodeDefault.xctoolchain/usr/lib/swift/iphoneos/prebuilt-modules/26.5/ActivityKit.swiftmodule/arm64e-apple-ios.swiftmodule /Applications/Xcode.app/Contents/Developer/Toolchains/XcodeDefault.xctoolchain/usr/lib/swift/iphoneos/prebuilt-modules/26.5/CoreMedia.swiftmodule/arm64e-apple-ios.swiftmodule /Applications/Xcode.app/Contents/Developer/Toolchains/XcodeDefault.xctoolchain/usr/lib/swift/iphoneos/prebuilt-modules/26.5/UniformTypeIdentifiers.swiftmodule/arm64e-apple-ios.swiftmodule /Applications/Xcode.app/Contents/Developer/Toolchains/XcodeDefault.xctoolchain/usr/lib/swift/iphoneos/prebuilt-modules/26.5/ExtensionFoundation.swiftmodule/arm64e-apple-ios.swiftmodule /Applications/Xcode.app/Contents/Developer/Toolchains/XcodeDefault.xctoolchain/usr/lib/swift/iphoneos/prebuilt-modules/26.5/RelevanceKit.swiftmodule/arm64e-apple-ios.swiftmodule /Applications/Xcode.app/Contents/Developer/Toolchains/XcodeDefault.xctoolchain/usr/lib/swift/iphoneos/prebuilt-modules/26.5/_SceneKit_SwiftUI.swiftmodule/arm64e-apple-ios.swiftmodule /Applications/Xcode.app/Contents/Developer/Toolchains/XcodeDefault.xctoolchain/usr/lib/swift/iphoneos/prebuilt-modules/26.5/LightweightCodeRequirements.swiftmodule/arm64e-apple-ios.swiftmodule /Applications/Xcode.app/Contents/Developer/Toolchains/XcodeDefault.xctoolchain/usr/lib/swift/iphoneos/prebuilt-modules/26.5/_SwiftData_SwiftUI.swiftmodule/arm64e-apple-ios.swiftmodule /Applications/Xcode.app/Contents/Developer/Toolchains/XcodeDefault.xctoolchain/usr/lib/swift/iphoneos/prebuilt-modules/26.5/_AppIntents_SwiftUI.swiftmodule/arm64e-apple-ios.swiftmodule /Applications/Xcode.app/Contents/Developer/Toolchains/XcodeDefault.xctoolchain/usr/lib/swift/iphoneos/prebuilt-modules/26.5/CoreTransferable.swiftmodule/arm64e-apple-ios.swiftmodule /Applications/Xcode.app/Contents/Developer/Toolchains/XcodeDefault.xctoolchain/usr/lib/swift/iphoneos/prebuilt-modules/26.5/AVFoundation.swiftmodule/arm64e-apple-ios.swiftmodule /Applications/Xcode.app/Contents/Developer/Toolchains/XcodeDefault.xctoolchain/usr/lib/swift/iphoneos/prebuilt-modules/26.5/_DarwinFoundation1.swiftmodule/arm64e-apple-ios.swiftmodule /Applications/Xcode.app/Contents/Developer/Toolchains/XcodeDefault.xctoolchain/usr/lib/swift/iphoneos/prebuilt-modules/26.5/Darwin.swiftmodule/arm64e-apple-ios.swiftmodule /Applications/Xcode.app/Contents/Developer/Toolchains/XcodeDefault.xctoolchain/usr/lib/swift/iphoneos/prebuilt-modules/26.5/_DarwinFoundation3.swiftmodule/arm64e-apple-ios.swiftmodule /Applications/Xcode.app/Contents/Developer/Toolchains/XcodeDefault.xctoolchain/usr/lib/swift/iphoneos/prebuilt-modules/26.5/Network.swiftmodule/arm64e-apple-ios.swiftmodule /Applications/Xcode.app/Contents/Developer/Toolchains/XcodeDefault.xctoolchain/usr/lib/swift/iphoneos/prebuilt-modules/26.5/Swift.swiftmodule/arm64e-apple-ios.swiftmodule /Applications/Xcode.app/Contents/Developer/Toolchains/XcodeDefault.xctoolchain/usr/lib/swift/iphoneos/prebuilt-modules/26.5/OSLog.swiftmodule/arm64e-apple-ios.swiftmodule /Applications/Xcode.app/Contents/Developer/Toolchains/XcodeDefault.xctoolchain/usr/lib/swift/iphoneos/prebuilt-modules/26.5/simd.swiftmodule/arm64e-apple-ios.swiftmodule /Applications/Xcode.app/Contents/Developer/Toolchains/XcodeDefault.xctoolchain/usr/lib/swift/iphoneos/prebuilt-modules/26.5/Synchronization.swiftmodule/arm64e-apple-ios.swiftmodule /Applications/Xcode.app/Contents/Developer/Toolchains/XcodeDefault.xctoolchain/usr/lib/swift/iphoneos/prebuilt-modules/26.5/_DarwinFoundation2.swiftmodule/arm64e-apple-ios.swiftmodule /Applications/Xcode.app/Contents/Developer/Toolchains/XcodeDefault.xctoolchain/usr/lib/swift/iphoneos/prebuilt-modules/26.5/Accessibility.swiftmodule/arm64e-apple-ios.swiftmodule /Applications/Xcode.app/Contents/Developer/Toolchains/XcodeDefault.xctoolchain/usr/lib/swift/iphoneos/prebuilt-modules/26.5/FileProvider.swiftmodule/arm64e-apple-ios.swiftmodule /Applications/Xcode.app/Contents/Developer/Toolchains/XcodeDefault.xctoolchain/usr/lib/swift/iphoneos/prebuilt-modules/26.5/CoreSpotlight.swiftmodule/arm64e-apple-ios.swiftmodule /Applications/Xcode.app/Contents/Developer/Toolchains/XcodeDefault.xctoolchain/usr/lib/swift/iphoneos/prebuilt-modules/26.5/GLKit.swiftmodule/arm64e-apple-ios.swiftmodule /Applications/Xcode.app/Contents/Developer/Toolchains/XcodeDefault.xctoolchain/usr/lib/swift/iphoneos/prebuilt-modules/26.5/Observation.swiftmodule/arm64e-apple-ios.swiftmodule /Applications/Xcode.app/Contents/Developer/Toolchains/XcodeDefault.xctoolchain/usr/lib/swift/iphoneos/prebuilt-modules/26.5/Spatial.swiftmodule/arm64e-apple-ios.swiftmodule /Applications/Xcode.app/Contents/Developer/Toolchains/XcodeDefault.xctoolchain/usr/lib/swift/iphoneos/prebuilt-modules/26.5/CoreGraphics.swiftmodule/arm64e-apple-ios.swiftmodule /Applications/Xcode.app/Contents/Developer/Toolchains/XcodeDefault.xctoolchain/usr/lib/swift/iphoneos/prebuilt-modules/26.5/AVFAudio.swiftmodule/arm64e-apple-ios.swiftmodule /Applications/Xcode.app/Contents/Developer/Toolchains/XcodeDefault.xctoolchain/usr/lib/swift/iphoneos/prebuilt-modules/26.5/_Builtin_float.swiftmodule/arm64e-apple-ios.swiftmodule /Applications/Xcode.app/Contents/Developer/Toolchains/XcodeDefault.xctoolchain/usr/lib/swift/iphoneos/prebuilt-modules/26.5/AudioToolbox.swiftmodule/arm64e-apple-ios.swiftmodule /Applications/Xcode.app/Contents/Developer/Toolchains/XcodeDefault.xctoolchain/usr/lib/swift/iphoneos/prebuilt-modules/26.5/CoreVideo.swiftmodule/arm64e-apple-ios.swiftmodule /Applications/Xcode.app/Contents/Developer/Toolchains/XcodeDefault.xctoolchain/usr/lib/swift/iphoneos/prebuilt-modules/26.5/_Concurrency.swiftmodule/arm64e-apple-ios.swiftmodule /Applications/Xcode.app/Contents/Developer/Toolchains/XcodeDefault.xctoolchain/usr/lib/swift/iphoneos/prebuilt-modules/26.5/CoreMotion.swiftmodule/arm64e-apple-ios.swiftmodule /Applications/Xcode.app/Contents/Developer/Toolchains/XcodeDefault.xctoolchain/usr/lib/swift/iphoneos/prebuilt-modules/26.5/Dispatch.swiftmodule/arm64e-apple-ios.swiftmodule /Applications/Xcode.app/Contents/Developer/Toolchains/XcodeDefault.xctoolchain/usr/lib/swift/iphoneos/prebuilt-modules/26.5/AppIntents.swiftmodule/arm64e-apple-ios.swiftmodule /Applications/Xcode.app/Contents/Developer/Toolchains/XcodeDefault.xctoolchain/usr/lib/swift/iphoneos/prebuilt-modules/26.5/ModelIO.swiftmodule/arm64e-apple-ios.swiftmodule /Applications/Xcode.app/Contents/Developer/Toolchains/XcodeDefault.xctoolchain/usr/lib/swift/iphoneos/prebuilt-modules/26.5/AuthenticationServices.swiftmodule/arm64e-apple-ios.swiftmodule /Applications/Xcode.app/Contents/Developer/Toolchains/XcodeDefault.xctoolchain/usr/lib/swift/iphoneos/prebuilt-modules/26.5/XPC.swiftmodule/arm64e-apple-ios.swiftmodule /Applications/Xcode.app/Contents/Developer/Toolchains/XcodeDefault.xctoolchain/usr/lib/swift/iphoneos/prebuilt-modules/26.5/CoreMIDI.swiftmodule/arm64e-apple-ios.swiftmodule /Applications/Xcode.app/Contents/Developer/Toolchains/XcodeDefault.xctoolchain/usr/lib/swift/iphoneos/prebuilt-modules/26.5/UIKit.swiftmodule/arm64e-apple-ios.swiftmodule /Applications/Xcode.app/Contents/Developer/Toolchains/XcodeDefault.xctoolchain/usr/lib/swift/iphoneos/prebuilt-modules/26.5/Symbols.swiftmodule/arm64e-apple-ios.swiftmodule /Applications/Xcode.app/Contents/Developer/Toolchains/XcodeDefault.xctoolchain/usr/lib/swift/iphoneos/prebuilt-modules/26.5/Intents.swiftmodule/arm64e-apple-ios.swiftmodule /Applications/Xcode.app/Contents/Developer/Toolchains/XcodeDefault.xctoolchain/usr/lib/swift/iphoneos/prebuilt-modules/26.5/DataDetection.swiftmodule/arm64e-apple-ios.swiftmodule /Applications/Xcode.app/Contents/Developer/Toolchains/XcodeDefault.xctoolchain/usr/lib/swift/iphoneos/prebuilt-modules/26.5/Charts.swiftmodule/arm64e-apple-ios.swiftmodule /Applications/Xcode.app/Contents/Developer/Toolchains/XcodeDefault.xctoolchain/usr/lib/swift/iphoneos/prebuilt-modules/26.5/CoreData.swiftmodule/arm64e-apple-ios.swiftmodule /Applications/Xcode.app/Contents/Developer/Toolchains/XcodeDefault.xctoolchain/usr/lib/swift/iphoneos/prebuilt-modules/26.5/DeveloperToolsSupport.swiftmodule/arm64e-apple-ios.swiftmodule /Applications/Xcode.app/Contents/Developer/Toolchains/XcodeDefault.xctoolchain/usr/lib/swift/iphoneos/prebuilt-modules/26.5/SceneKit.swiftmodule/arm64e-apple-ios.swiftmodule /Applications/Xcode.app/Contents/Developer/Toolchains/XcodeDefault.xctoolchain/usr/lib/swift/iphoneos/prebuilt-modules/26.5/os.swiftmodule/arm64e-apple-ios.swiftmodule /Applications/Xcode.app/Contents/Developer/Toolchains/XcodeDefault.xctoolchain/usr/lib/swift/iphoneos/prebuilt-modules/26.5/CoreLocation.swiftmodule/arm64e-apple-ios.swiftmodule /Applications/Xcode.app/Contents/Developer/Toolchains/XcodeDefault.xctoolchain/usr/lib/swift/iphoneos/prebuilt-modules/26.5/ObjectiveC.swiftmodule/arm64e-apple-ios.swiftmodule /Applications/Xcode.app/Contents/Developer/Toolchains/XcodeDefault.xctoolchain/usr/lib/swift/iphoneos/prebuilt-modules/26.5/Foundation.swiftmodule/arm64e-apple-ios.swiftmodule /Applications/Xcode.app/Contents/Developer/Toolchains/XcodeDefault.xctoolchain/usr/lib/swift/iphoneos/prebuilt-modules/26.5/QuartzCore.swiftmodule/arm64e-apple-ios.swiftmodule /Applications/Xcode.app/Contents/Developer/Toolchains/XcodeDefault.xctoolchain/usr/lib/swift/iphoneos/prebuilt-modules/26.5/Distributed.swiftmodule/arm64e-apple-ios.swiftmodule /Applications/Xcode.app/Contents/Developer/Toolchains/XcodeDefault.xctoolchain/usr/lib/swift/iphoneos/prebuilt-modules/26.5/CoreImage.swiftmodule/arm64e-apple-ios.swiftmodule /Applications/Xcode.app/Contents/Developer/Toolchains/XcodeDefault.xctoolchain/usr/lib/swift/iphoneos/prebuilt-modules/26.5/SwiftUICore.swiftmodule/arm64e-apple-ios.swiftmodule /Applications/Xcode.app/Contents/Developer/Toolchains/XcodeDefault.xctoolchain/usr/lib/swift/iphoneos/prebuilt-modules/26.5/Metal.swiftmodule/arm64e-apple-ios.swiftmodule /Applications/Xcode.app/Contents/Developer/Toolchains/XcodeDefault.xctoolchain/usr/lib/swift/iphoneos/prebuilt-modules/26.5/SwiftUI.swiftmodule/arm64e-apple-ios.swiftmodule /Applications/Xcode.app/Contents/Developer/Toolchains/XcodeDefault.xctoolchain/usr/lib/swift/iphoneos/prebuilt-modules/26.5/CryptoKit.swiftmodule/arm64e-apple-ios.swiftmodule /Applications/Xcode.app/Contents/Developer/Toolchains/XcodeDefault.xctoolchain/usr/lib/swift/iphoneos/prebuilt-modules/26.5/WidgetKit.swiftmodule/arm64e-apple-ios.swiftmodule /Applications/Xcode.app/Contents/Developer/Toolchains/XcodeDefault.xctoolchain/usr/lib/swift/iphoneos/prebuilt-modules/26.5/System.swiftmodule/arm64e-apple-ios.swiftmodule /tmp/nosfy-nom-20260918/ModuleCache.noindex/DeveloperToolsSupport-DJWDVIZYDHNHKNYCAD7EK6GKB.pcm /tmp/nosfy-nom-20260918/ModuleCache.noindex/CoreGraphics-82IPJOS54WO5DQQKKMHR7ZZ2W.pcm /tmp/nosfy-nom-20260918/ModuleCache.noindex/simd-7APJBH51RZ35HXG7KIUMCTTQW.pcm /tmp/nosfy-nom-20260918/ModuleCache.noindex/MediaToolbox-CR81BKQVNUKTQEHG0GK8IDDSV.pcm /tmp/nosfy-nom-20260918/ModuleCache.noindex/ExtensionFoundation-5X422U2NPOAVYMOK7H0FBXO71.pcm /tmp/nosfy-nom-20260918/ModuleCache.noindex/SwiftShims-CWN6OOSAT6SIHSJOJ7NEUDYCV.pcm /tmp/nosfy-nom-20260918/ModuleCache.noindex/MachO-5YV1BIRBTOUB1B1JFTQ6D9AWB.pcm /tmp/nosfy-nom-20260918/ModuleCache.noindex/sys_types-9IEF4H9OEUGVLULYKQMLLCN1R.pcm /tmp/nosfy-nom-20260918/ModuleCache.noindex/_SwiftConcurrencyShims-BUYFE3EXPY9NV40RPHVUCUQCN.pcm /tmp/nosfy-nom-20260918/ModuleCache.noindex/ImageIO-36ACRNI601OXBMCCRYEI4SL4I.pcm /tmp/nosfy-nom-20260918/ModuleCache.noindex/CoreFoundation-AZFJS9JWSADONHBE135SOT796.pcm /tmp/nosfy-nom-20260918/ModuleCache.noindex/os-5LRLE196AG4NIH0YCG5MWJSIK.pcm /tmp/nosfy-nom-20260918/ModuleCache.noindex/_LocationEssentials-4M9OC7LV3K6WSCXRXW70KS3CR.pcm /tmp/nosfy-nom-20260918/ModuleCache.noindex/ObjectiveC-EDRO1DD4A95R4M8FKY9NV9G38.pcm /tmp/nosfy-nom-20260918/ModuleCache.noindex/QuartzCore-775CEDETUUXSDSJD4FQZTOU77.pcm /tmp/nosfy-nom-20260918/ModuleCache.noindex/_Builtin_intrinsics-2VC30EC3WVA0MAIZC167U0E0V.pcm /tmp/nosfy-nom-20260918/ModuleCache.noindex/IOSurface-BNVZYEYAB0ORPUFFXS53CJHEO.pcm /tmp/nosfy-nom-20260918/ModuleCache.noindex/_DarwinFoundation1-D3YRRKGWPW52K8B517PJHP8EB.pcm /tmp/nosfy-nom-20260918/ModuleCache.noindex/CoreTransferable-288Y890R49EKQDX1M2J9SDBPP.pcm /tmp/nosfy-nom-20260918/ModuleCache.noindex/CoreMIDI-9ETJBGRYT1W2M6C6PNL5UU0MW.pcm /tmp/nosfy-nom-20260918/ModuleCache.noindex/OpenGLES-E0F6TFDDRBFJKKRW9YISQSM7Y.pcm /tmp/nosfy-nom-20260918/ModuleCache.noindex/_Builtin_inttypes-4OZQTB61QCRMI7LAU8FCTFBSK.pcm /tmp/nosfy-nom-20260918/ModuleCache.noindex/ModelIO-42MBZSO8W83PXA7PXLAUKNT50.pcm /tmp/nosfy-nom-20260918/ModuleCache.noindex/UIUtilities-BV6Q0QSN5HNAYUU3MDQFFJVM0.pcm /tmp/nosfy-nom-20260918/ModuleCache.noindex/CoreMotion-4UFGT7KJA7LLJVLCDRIYAATHE.pcm /tmp/nosfy-nom-20260918/ModuleCache.noindex/_Builtin_tgmath-6NG08WJM9KJOOUV4L5K64QA36.pcm /tmp/nosfy-nom-20260918/ModuleCache.noindex/CoreVideo-5FEWK2WQTZBWC7KIGBQ6QU14P.pcm /tmp/nosfy-nom-20260918/ModuleCache.noindex/dnssd-B9K4MQEYUKVFA8FL5LN8KMMD1.pcm /tmp/nosfy-nom-20260918/ModuleCache.noindex/_AvailabilityInternal-VZW8U5PPS4JTDR7313F9V68B.pcm /tmp/nosfy-nom-20260918/ModuleCache.noindex/_Builtin_stdarg-BG4P0LS6PGYPXJLFOGT5XP6FD.pcm /tmp/nosfy-nom-20260918/ModuleCache.noindex/Dispatch-M57DFTKWO0BCPMM18H9XK5LU.pcm /tmp/nosfy-nom-20260918/ModuleCache.noindex/GLKit-5CJQCWC1Y1LB2PKYVVDY8N04V.pcm /tmp/nosfy-nom-20260918/ModuleCache.noindex/CoreSpotlight-A1BARY9Q4NKU2086Y3UYIKVJA.pcm /tmp/nosfy-nom-20260918/ModuleCache.noindex/_Builtin_stdbool-EADSKVXJ8CJ39YNGVP5A6KHEB.pcm /tmp/nosfy-nom-20260918/ModuleCache.noindex/_Builtin_limits-8I019FNAM15028TXD9GR3LV02.pcm /tmp/nosfy-nom-20260918/ModuleCache.noindex/WidgetKit-25SK83NYRUPT06LSIXAJ4MPR9.pcm /tmp/nosfy-nom-20260918/ModuleCache.noindex/Intents-BW330OOROZQS7RI25P872YSPD.pcm /tmp/nosfy-nom-20260918/ModuleCache.noindex/Metal-6E7LIGLORSMUVZRYQ6J29POLK.pcm /tmp/nosfy-nom-20260918/ModuleCache.noindex/os_object-6F80MDP0H9HW0PF2BQYUO7L1Y.pcm /tmp/nosfy-nom-20260918/ModuleCache.noindex/XPC-6451R2WF0FQ7JKGUB0Z19Z70G.pcm /tmp/nosfy-nom-20260918/ModuleCache.noindex/os_workgroup-99OGGOIQQ52AFI982W4O3SQJL.pcm /tmp/nosfy-nom-20260918/ModuleCache.noindex/_Builtin_float-C2XIFAJMNKQYU8664DVTXQGM.pcm /tmp/nosfy-nom-20260918/ModuleCache.noindex/Accessibility-DLWUDLYJ0BF6FAJ42FCI97T3R.pcm /tmp/nosfy-nom-20260918/ModuleCache.noindex/ptrcheck-7AP7UAZ2QEUOFK30JU4YIRWUC.pcm /tmp/nosfy-nom-20260918/ModuleCache.noindex/CoreImage-175AE64Y4DYAXF570MU97RJ4X.pcm /tmp/nosfy-nom-20260918/ModuleCache.noindex/AppIntents-CLLDXTMF4XX80F4VVZDJY8TUB.pcm /tmp/nosfy-nom-20260918/ModuleCache.noindex/AudioToolbox-ELWM6V1ZB799SJIA3Y8ATFQ4G.pcm /tmp/nosfy-nom-20260918/ModuleCache.noindex/AVFAudio-23R1AVR6GS5AO6ST5IBKW31HZ.pcm /tmp/nosfy-nom-20260918/ModuleCache.noindex/AVFoundation-338NABH6PER0I88RK9M04H7AT.pcm /tmp/nosfy-nom-20260918/ModuleCache.noindex/RelevanceKit-1FJW5MYI4QH8L4FNK3GZCUCV6.pcm /tmp/nosfy-nom-20260918/ModuleCache.noindex/UniformTypeIdentifiers-2JN1UNU9F7EO04HYQZQ34UCNO.pcm /tmp/nosfy-nom-20260918/ModuleCache.noindex/_DarwinFoundation3-97H9L16WZXC4R4G35AA2Y2ETD.pcm /tmp/nosfy-nom-20260918/ModuleCache.noindex/UserNotifications-5C9RGGHIBOXSOUVZS155FQMWL.pcm /tmp/nosfy-nom-20260918/ModuleCache.noindex/CoreAudioTypes-25J8CLXOYUVPO8D51YTCFZBGD.pcm /tmp/nosfy-nom-20260918/ModuleCache.noindex/SceneKit-6FXBNJATDMSXNS86MIX3B5297.pcm /tmp/nosfy-nom-20260918/ModuleCache.noindex/Network-1S6CBRPV3AE6AJVWORF4P3SCN.pcm /tmp/nosfy-nom-20260918/ModuleCache.noindex/ptrauth-IQR92ZWRA1P8V5LV1OO837CV.pcm /tmp/nosfy-nom-20260918/ModuleCache.noindex/FileProvider-B1YIFI4N9E210XZKAVNQSDUPW.pcm /tmp/nosfy-nom-20260918/ModuleCache.noindex/AuthenticationServices-2GL46JX2OBZ5IWXX41QYFIQ28.pcm /tmp/nosfy-nom-20260918/ModuleCache.noindex/UIKit-42DR2M5U4ZBHIRO0H3S26RMYW.pcm /tmp/nosfy-nom-20260918/ModuleCache.noindex/_DarwinFoundation2-CEJBQ3FOARZW2XFXM8H76HFHL.pcm /tmp/nosfy-nom-20260918/ModuleCache.noindex/OSLog-1TZ80RHCHTRA8KQN3WDLD2ZW8.pcm /tmp/nosfy-nom-20260918/ModuleCache.noindex/_Builtin_stddef-C25D9ML77XPFW80PST1G3OO5O.pcm /tmp/nosfy-nom-20260918/ModuleCache.noindex/AVRouting-ATIXR60H4Z19S1HSVWRH8IIW3.pcm /tmp/nosfy-nom-20260918/ModuleCache.noindex/CoreData-3UNPXPVGH9D4DU33YG0IRBR40.pcm /tmp/nosfy-nom-20260918/ModuleCache.noindex/Security-CFU56BZQ7JT8KORPAD3SL0XPG.pcm /tmp/nosfy-nom-20260918/ModuleCache.noindex/_Builtin_stdatomic-3YX9RIFW4KN4S9992B562EZFY.pcm /tmp/nosfy-nom-20260918/ModuleCache.noindex/Spatial-7AZV43T3VJGGZSA7RSWIIAVAX.pcm /tmp/nosfy-nom-20260918/ModuleCache.noindex/DataDetection-XRTROSR3NYS4FI38FFFVQS73.pcm /tmp/nosfy-nom-20260918/ModuleCache.noindex/ActivityKit-DFD1KHPXJ0W95JEB5ELZNQ56O.pcm /tmp/nosfy-nom-20260918/ModuleCache.noindex/Symbols-E3GU1PPBS9R96587F2FAX8Y1Z.pcm /tmp/nosfy-nom-20260918/ModuleCache.noindex/CFNetwork-DDI6ZEX3V3C1OM3JSJI5O3EE3.pcm /tmp/nosfy-nom-20260918/ModuleCache.noindex/CoreLocation-3KCPV8LKYR27RJ6WN7OAKMNQ2.pcm /tmp/nosfy-nom-20260918/ModuleCache.noindex/_Builtin_stdint-6P28TNS3LUESEJWPFPCZ40A22.pcm /tmp/nosfy-nom-20260918/ModuleCache.noindex/MetalKit-84S64TP348WZJB4AJOPIUE3YO.pcm /tmp/nosfy-nom-20260918/ModuleCache.noindex/Darwin-CIMWGO1CEZIXH0AS9MI89VGBZ.pcm /tmp/nosfy-nom-20260918/ModuleCache.noindex/LocalAuthentication-CYUPGXNYNPRS4OXE2GWMIUU5Y.pcm /tmp/nosfy-nom-20260918/ModuleCache.noindex/CoreText-6XLVWKY9IOG05FS0OJJFFJ4F6.pcm /tmp/nosfy-nom-20260918/ModuleCache.noindex/Foundation-CLH00K3CQOPUU8CWA2MAISBHH.pcm /tmp/nosfy-nom-20260918/ModuleCache.noindex/CoreMedia-3OB14WWVLFYKR1IYA4XCTVYKO.pcm /tmp/nosfy-nom-20260918/ModuleCache.noindex/CoreHaptics-2UAIZ9YK4HBHAXDBU9H27XF9F.pcm /tmp/nosfy-nom-20260918/ModuleCache.noindex/CoreAudio-65W78VWG79N1X5TUBY77TTWLM.pcm /tmp/nosfy-nom-20260918/ModuleCache.noindex/SwiftUI-Q6VF5AJSC65LJ05EHG62V6P3.pcm /tmp/nosfy-nom-20260918/ModuleCache.noindex/SwiftUICore-80LU2Q3ES80M7PV0KTT3MQ3Y4.pcm /tmp/nosfy-nom-20260918/Build/Intermediates.noindex/Nosfy.build/Release-iphoneos/Nosfy.build/Objects-normal/arm64/Woop-dependencies-1.json (in target 'Nosfy' from project 'Nosfy')
CompileSwift normal arm64 (in target 'Nosfy' from project 'Nosfy')
    cd /Users/kathryn/Desktop/woochoper-ios
    
/Users/kathryn/Desktop/woochoper-ios/Nosfy/Services/AppleAuth.swift:303:74: warning: 'init()' was deprecated in iOS 26.0: Use init(windowScene:) instead.
        return fenetres.first(where: \.isKeyWindow) ?? fenetres.first ?? ASPresentationAnchor()
                                                                         ^
/Users/kathryn/Desktop/woochoper-ios/Nosfy/Services/LuneForge.swift:272:19: warning: value 'cadre' was defined but never used; consider replacing with boolean test
        guard let cadre = UIImage(named: "carte-cadre")
              ~~~~^~~~~~~~
              (
/Users/kathryn/Desktop/woochoper-ios/Nosfy/Views/BravoLab.swift:332:21: warning: initialization of immutable value 'bornU' was never used; consider replacing with assignment to '_' or removing it
                let bornU = BravoCine.sstep(BravoCine.contentAt,
                ~~~~^~~~~
                _
/Users/kathryn/Desktop/woochoper-ios/Nosfy/Views/CarteLuneLab.swift:577:52: warning: 'main' was deprecated in iOS 26.0: Use a UIScreen instance found through context instead (i.e, view.window.windowScene.screen), or for properties like UIScreen.scale with trait equivalents, use a traitCollection found through context.
                            .frame(width: UIScreen.main.bounds.width * 2.4,
                                                   ^
/Users/kathryn/Desktop/woochoper-ios/Nosfy/Views/CarteLuneLab.swift:578:53: warning: 'main' was deprecated in iOS 26.0: Use a UIScreen instance found through context instead (i.e, view.window.windowScene.screen), or for properties like UIScreen.scale with trait equivalents, use a traitCollection found through context.
                                   height: UIScreen.main.bounds.height * 2.4)
                                                    ^
/Users/kathryn/Desktop/woochoper-ios/Nosfy/Views/ChambreDonnees.swift:313:31: warning: 'flatMap' is deprecated: Please use compactMap(_:) for the case where closure returns an optional value
            let pic = seances.flatMap { picHiit($0) }.max()
                              ^
/Users/kathryn/Desktop/woochoper-ios/Nosfy/Views/ChambreDonnees.swift:313:31: note: use 'compactMap(_:)' instead
            let pic = seances.flatMap { picHiit($0) }.max()
                              ^~~~~~~
                              compactMap
/Users/kathryn/Desktop/woochoper-ios/Nosfy/Views/CoffreFlipLab.swift:246:43: warning: 'main' was deprecated in iOS 26.0: Use a UIScreen instance found through context instead (i.e, view.window.windowScene.screen), or for properties like UIScreen.scale with trait equivalents, use a traitCollection found through context.
                    .position(x: UIScreen.main.bounds.width / 2,
                                          ^
/Users/kathryn/Desktop/woochoper-ios/Nosfy/Views/CoffreFlipLab.swift:248:45: warning: 'main' was deprecated in iOS 26.0: Use a UIScreen instance found through context instead (i.e, view.window.windowScene.screen), or for properties like UIScreen.scale with trait equivalents, use a traitCollection found through context.
                                 ? UIScreen.main.bounds.height * 0.63
                                            ^
/Users/kathryn/Desktop/woochoper-ios/Nosfy/Views/CoffreFlipLab.swift:249:45: warning: 'main' was deprecated in iOS 26.0: Use a UIScreen instance found through context instead (i.e, view.window.windowScene.screen), or for properties like UIScreen.scale with trait equivalents, use a traitCollection found through context.
                                 : UIScreen.main.bounds.height * 0.46)
                                            ^
/Users/kathryn/Desktop/woochoper-ios/Nosfy/Views/DuolinguoPage.swift:1432:9: warning: result of call to 'withAnimation' is unused
        withAnimation(.easeInOut(duration: 0.45)) { etat.reclamees.insert(e.id) }
        ^            ~~~~~~~~~~~~~~~~~~~~~~~~~~~~~~~~~~~~~~~~~~~~~~~~~~~~~~~~~~~~
/Users/kathryn/Desktop/woochoper-ios/Nosfy/Views/DuolinguoPage.swift:1441:17: warning: result of call to 'withAnimation' is unused
                withAnimation(.easeInOut(duration: 0.30)) { etat.reclamees.remove(e.id) }
                ^            ~~~~~~~~~~~~~~~~~~~~~~~~~~~~~~~~~~~~~~~~~~~~~~~~~~~~~~~~~~~~
/Users/kathryn/Desktop/woochoper-ios/Nosfy/Views/ExerciseDetailView.swift:2097:13: warning: initialization of immutable value 'naissance' was never used; consider replacing with assignment to '_' or removing it
        let naissance = Self.sstep(0.45, 0.92, u)
        ~~~~^~~~~~~~~
        _
/Users/kathryn/Desktop/woochoper-ios/Nosfy/Views/ExercisesView.swift:2023:49: warning: call to main actor-isolated static method 'voileBas' in a synchronous nonisolated context
                    let bas = min(1, GrilleExos.voileBas(vh - f.maxY - 60) * 1.5)
                                                ^
/Users/kathryn/Desktop/woochoper-ios/Nosfy/Views/ExercisesView.swift:1786:17: note: calls to static method 'voileBas' from outside of its actor context are implicitly asynchronous
    static func voileBas(_ d: CGFloat) -> Double {
                ^
/Users/kathryn/Desktop/woochoper-ios/Nosfy/Views/ExercisesView.swift:1786:17: note: main actor isolation inferred from conformance to protocol 'View'
    static func voileBas(_ d: CGFloat) -> Double {
                ^
/Users/kathryn/Desktop/woochoper-ios/Nosfy/Views/ExercisesView.swift:2024:43: warning: call to main actor-isolated static method 'voileHaut' in a synchronous nonisolated context
                    let haut = GrilleExos.voileHaut(reserve - f.minY)
                                          ^
/Users/kathryn/Desktop/woochoper-ios/Nosfy/Views/ExercisesView.swift:1795:17: note: calls to static method 'voileHaut' from outside of its actor context are implicitly asynchronous
    static func voileHaut(_ d: CGFloat) -> Double {
                ^
/Users/kathryn/Desktop/woochoper-ios/Nosfy/Views/ExercisesView.swift:1795:17: note: main actor isolation inferred from conformance to protocol 'View'
    static func voileHaut(_ d: CGFloat) -> Double {
                ^
/Users/kathryn/Desktop/woochoper-ios/Nosfy/Views/ExercisesView.swift:2113:42: warning: call to main actor-isolated static method 'voileBas' in a synchronous nonisolated context
                    let bas = GrilleExos.voileBas(vh - f.maxY)
                                         ^
/Users/kathryn/Desktop/woochoper-ios/Nosfy/Views/ExercisesView.swift:1786:17: note: calls to static method 'voileBas' from outside of its actor context are implicitly asynchronous
    static func voileBas(_ d: CGFloat) -> Double {
                ^
/Users/kathryn/Desktop/woochoper-ios/Nosfy/Views/ExercisesView.swift:1786:17: note: main actor isolation inferred from conformance to protocol 'View'
    static func voileBas(_ d: CGFloat) -> Double {
                ^
/Users/kathryn/Desktop/woochoper-ios/Nosfy/Views/ExercisesView.swift:2114:43: warning: call to main actor-isolated static method 'voileHaut' in a synchronous nonisolated context
                    let haut = GrilleExos.voileHaut(reserve - f.minY)
                                          ^
/Users/kathryn/Desktop/woochoper-ios/Nosfy/Views/ExercisesView.swift:1795:17: note: calls to static method 'voileHaut' from outside of its actor context are implicitly asynchronous
    static func voileHaut(_ d: CGFloat) -> Double {
                ^
/Users/kathryn/Desktop/woochoper-ios/Nosfy/Views/ExercisesView.swift:1795:17: note: main actor isolation inferred from conformance to protocol 'View'
    static func voileHaut(_ d: CGFloat) -> Double {
                ^
/Users/kathryn/Desktop/woochoper-ios/Nosfy/Views/GaletEtape.swift:88:13: warning: initialization of immutable value 's' was never used; consider replacing with assignment to '_' or removing it
        let s = graine
        ~~~~^
        _
/Users/kathryn/Desktop/woochoper-ios/Nosfy/Views/HomeNuit.swift:3403:13: warning: initialization of immutable value 'flou' was never used; consider replacing with assignment to '_' or removing it
        let flou = DepartCine.sstep(DepartCine.flouAt,
        ~~~~^~~~
        _
/Users/kathryn/Desktop/woochoper-ios/Nosfy/Views/HomeNuit.swift:3405:13: warning: initialization of immutable value 'mort' was never used; consider replacing with assignment to '_' or removing it
        let mort = DepartCine.sstep(DepartCine.fadeAt,
        ~~~~^~~~
        _
/Users/kathryn/Desktop/woochoper-ios/Nosfy/Views/LensParticles.swift:46:17: warning: initialization of immutable value 'ce' was never used; consider replacing with assignment to '_' or removing it
            let ce = ceStart.map { now.timeIntervalSince($0) } ?? -1
            ~~~~^~
            _
/Users/kathryn/Desktop/woochoper-ios/Nosfy/Views/LiquidLensLab.swift:1198:13: warning: immutable value 'veil' was never used; consider replacing with '_' or removing it
        let veil: Double = entering ? 1 : 0
            ^~~~
            _
/Users/kathryn/Desktop/woochoper-ios/Nosfy/Views/MenuNappe.swift:1959:34: warning: call to main actor-isolated instance method 'dragLevel' in a synchronous nonisolated context
            RocketHaptics.shared.dragLevel(x * 0.55)
                                 ^
/Users/kathryn/Desktop/woochoper-ios/Nosfy/Figures/RocketHaptics.swift:341:10: note: calls to instance method 'dragLevel' from outside of its actor context are implicitly asynchronous
    func dragLevel(_ climb: Double) {
         ^
/Users/kathryn/Desktop/woochoper-ios/Nosfy/Views/MenuNappe.swift:1959:27: warning: main actor-isolated static property 'shared' can not be referenced from a Sendable closure
            RocketHaptics.shared.dragLevel(x * 0.55)
                          ^
/Users/kathryn/Desktop/woochoper-ios/Nosfy/Figures/RocketHaptics.swift:25:16: note: static property declared here
    static let shared = RocketHaptics()
               ^
/Users/kathryn/Desktop/woochoper-ios/Nosfy/Views/MoonSplash.swift:883:60: warning: main actor-isolated property 'start' cannot be accessed from outside of the actor; this is an error in the Swift 6 language mode
                let left = when - Date().timeIntervalSince(start)
                           ~~~~~~~~~~~~~~~~~~~~~~~~~~~~~~~~^~~~~~
                           await 
/Users/kathryn/Desktop/woochoper-ios/Nosfy/Views/NosfyOnboarding.swift:499:65: warning: backward matching of the unlabeled trailing closure is deprecated; label the argument with 'onTap' to suppress this warning
                SemaineTapable(choisis: reponses.jours, en: en) { i in
                                                              ~ ^
                                                              , onTap: 
/Users/kathryn/Desktop/woochoper-ios/Nosfy/Views/NosfyOnboarding.swift:1856:16: note: 'init(choisis:onTap:en:)' declared here
private struct SemaineTapable: View {
               ^
/Users/kathryn/Desktop/woochoper-ios/Nosfy/Views/NosfyOnboarding.swift:743:23: warning: main actor-isolated property 'etape' cannot be accessed from outside of the actor; this is an error in the Swift 6 language mode
                while etape != e {
                      ^~~~~~~~~~
                      await 
/Users/kathryn/Desktop/woochoper-ios/Nosfy/Views/NosfyOnboarding.swift:749:24: warning: main actor-isolated property 'etape' cannot be accessed from outside of the actor; this is an error in the Swift 6 language mode
                return etape == e
                       ^~~~~~~~~~
                       await 
/Users/kathryn/Desktop/woochoper-ios/Nosfy/Views/PiluleVagabonde.swift:377:25: warning: 'main' was deprecated in iOS 26.0: Use a UIScreen instance found through context instead (i.e, view.window.windowScene.screen), or for properties like UIScreen.scale with trait equivalents, use a traitCollection found through context.
        130...(UIScreen.main.bounds.height - 138)
                        ^
/Users/kathryn/Desktop/woochoper-ios/Nosfy/Views/PiluleVagabonde.swift:390:26: warning: 'main' was deprecated in iOS 26.0: Use a UIScreen instance found through context instead (i.e, view.window.windowScene.screen), or for properties like UIScreen.scale with trait equivalents, use a traitCollection found through context.
        let W = UIScreen.main.bounds.width
                         ^
/Users/kathryn/Desktop/woochoper-ios/Nosfy/Views/PiluleVagabonde.swift:443:26: warning: 'main' was deprecated in iOS 26.0: Use a UIScreen instance found through context instead (i.e, view.window.windowScene.screen), or for properties like UIScreen.scale with trait equivalents, use a traitCollection found through context.
        let W = UIScreen.main.bounds.width
                         ^
/Users/kathryn/Desktop/woochoper-ios/Nosfy/Views/PiluleVagabonde.swift:920:35: warning: 'main' was deprecated in iOS 26.0: Use a UIScreen instance found through context instead (i.e, view.window.windowScene.screen), or for properties like UIScreen.scale with trait equivalents, use a traitCollection found through context.
            .position(x: UIScreen.main.bounds.width / 2,
                                  ^
/Users/kathryn/Desktop/woochoper-ios/Nosfy/Views/PiluleVagabonde.swift:1092:31: warning: 'main' was deprecated in iOS 26.0: Use a UIScreen instance found through context instead (i.e, view.window.windowScene.screen), or for properties like UIScreen.scale with trait equivalents, use a traitCollection found through context.
        .position(x: UIScreen.main.bounds.width / 2, y: IleGeo.centreY)
                              ^
/Users/kathryn/Desktop/woochoper-ios/Nosfy/Views/PiluleVagabonde.swift:1181:31: warning: 'main' was deprecated in iOS 26.0: Use a UIScreen instance found through context instead (i.e, view.window.windowScene.screen), or for properties like UIScreen.scale with trait equivalents, use a traitCollection found through context.
        .position(x: UIScreen.main.bounds.width / 2,
                              ^
/Users/kathryn/Desktop/woochoper-ios/Nosfy/Views/PiluleVagabonde.swift:1431:36: warning: 'main' was deprecated in iOS 26.0: Use a UIScreen instance found through context instead (i.e, view.window.windowScene.screen), or for properties like UIScreen.scale with trait equivalents, use a traitCollection found through context.
            .frame(width: UIScreen.main.bounds.width - NotifGeo.margeH * 2,
                                   ^
/Users/kathryn/Desktop/woochoper-ios/Nosfy/Views/PiluleVagabonde.swift:1502:35: warning: 'main' was deprecated in iOS 26.0: Use a UIScreen instance found through context instead (i.e, view.window.windowScene.screen), or for properties like UIScreen.scale with trait equivalents, use a traitCollection found through context.
            .position(x: UIScreen.main.bounds.width / 2, y: y)
                                  ^
/Users/kathryn/Desktop/woochoper-ios/Nosfy/Views/RewardCard.swift:1550:17: warning: initialization of immutable value 'tilt' was never used; consider replacing with assignment to '_' or removing it
            let tilt = SkyMotion.shared.tilt
            ~~~~^~~~
            _
/Users/kathryn/Desktop/woochoper-ios/Nosfy/Views/StorySuite.swift:841:25: warning: '+' was deprecated in iOS 26.0: Use string interpolation on `Text` instead: `Text("Hello \(name)")`
                    acc + Text(m.0)
                        ^
/Users/kathryn/Desktop/woochoper-ios/Nosfy/NosfyApp.swift:1342:44: warning: left side of nil coalescing operator '??' has non-optional type 'Date', so the right side is never used
            MiniCardJour(date: a.startedAt ?? .now,
                               ~~~~~~~~~~~~^~~~~~~
                                          
/Users/kathryn/Desktop/woochoper-ios/Nosfy/NosfyApp.swift:1367:58: warning: left side of nil coalescing operator '??' has non-optional type 'Date', so the right side is never used
                TimelineView(.periodic(from: a.startedAt ?? .now,
                                             ~~~~~~~~~~~~^~~~~~~
                                                        
/Users/kathryn/Desktop/woochoper-ios/Nosfy/NosfyApp.swift:1370:56: warning: left side of nil coalescing operator '??' has non-optional type 'Date', so the right side is never used
                        .timeIntervalSince(a.startedAt ?? .now)))
                                           ~~~~~~~~~~~~^~~~~~~
                                                      
/Users/kathryn/Desktop/woochoper-ios/Nosfy/NosfyApp.swift:1762:47: warning: left side of nil coalescing operator '??' has non-optional type 'Date', so the right side is never used
                    departSeance: a.startedAt ?? .now,
                                  ~~~~~~~~~~~~^~~~~~~
                                             
/Users/kathryn/Desktop/woochoper-ios/Nosfy/NosfyApp.swift:1788:41: warning: left side of nil coalescing operator '??' has non-optional type 'Date', so the right side is never used
                    depart: a.startedAt ?? .now,
                            ~~~~~~~~~~~~^~~~~~~
                                       
/Users/kathryn/Desktop/woochoper-ios/Nosfy/NosfyApp.swift:1787:43: warning: 'main' was deprecated in iOS 26.0: Use a UIScreen instance found through context instead (i.e, view.window.windowScene.screen), or for properties like UIScreen.scale with trait equivalents, use a traitCollection found through context.
                    ecranTaille: UIScreen.main.bounds.size,
                                          ^

LinkAssetCatalog /Users/kathryn/Desktop/woochoper-ios/Nosfy/AppIcon.icon /Users/kathryn/Desktop/woochoper-ios/Nosfy/Assets.xcassets (in target 'Nosfy' from project 'Nosfy')
    cd /Users/kathryn/Desktop/woochoper-ios
    builtin-linkAssetCatalog --thinned /tmp/nosfy-nom-20260918/Build/Intermediates.noindex/Nosfy.build/Release-iphoneos/Nosfy.build/assetcatalog_output/thinned --thinned-dependencies /tmp/nosfy-nom-20260918/Build/Intermediates.noindex/Nosfy.build/Release-iphoneos/Nosfy.build/assetcatalog_dependencies_thinned --thinned-info-plist-content /tmp/nosfy-nom-20260918/Build/Intermediates.noindex/Nosfy.build/Release-iphoneos/Nosfy.build/assetcatalog_generated_info.plist_thinned --unthinned /tmp/nosfy-nom-20260918/Build/Intermediates.noindex/Nosfy.build/Release-iphoneos/Nosfy.build/assetcatalog_output/unthinned --unthinned-dependencies /tmp/nosfy-nom-20260918/Build/Intermediates.noindex/Nosfy.build/Release-iphoneos/Nosfy.build/assetcatalog_dependencies_unthinned --unthinned-info-plist-content /tmp/nosfy-nom-20260918/Build/Intermediates.noindex/Nosfy.build/Release-iphoneos/Nosfy.build/assetcatalog_generated_info.plist_unthinned --output /tmp/nosfy-nom-20260918/Build/Products/Release-iphoneos/Nosfy.app --plist-output /tmp/nosfy-nom-20260918/Build/Intermediates.noindex/Nosfy.build/Release-iphoneos/Nosfy.build/assetcatalog_generated_info.plist
note: Emplaced /tmp/nosfy-nom-20260918/Build/Products/Release-iphoneos/Nosfy.app/AppIcon76x76@2x~ipad.png (in target 'Nosfy' from project 'Nosfy')
note: Emplaced /tmp/nosfy-nom-20260918/Build/Products/Release-iphoneos/Nosfy.app/AppIcon60x60@2x.png (in target 'Nosfy' from project 'Nosfy')
note: Emplaced /tmp/nosfy-nom-20260918/Build/Products/Release-iphoneos/Nosfy.app/Assets.car (in target 'Nosfy' from project 'Nosfy')

CodeSign /tmp/nosfy-nom-20260918/Build/Products/Release-iphoneos/NosfyWidgets.appex (in target 'NosfyWidgets' from project 'Nosfy')
    cd /Users/kathryn/Desktop/woochoper-ios
    
    Signing Identity:     "Apple Development: kathryn@soluo-avocats.fr (8UAK4GS75B)"
    Provisioning Profile: "iOS Team Provisioning Profile: fr.kathryn.woop.WoopWidgets"
                          (eafda533-6cb5-4f6a-bbb1-cacbcfcca504)
    
    /usr/bin/codesign --force --sign 4121E22A5C5DCAA7A798527EE2DDE51FC97B4AD0 --entitlements /tmp/nosfy-nom-20260918/Build/Intermediates.noindex/Nosfy.build/Release-iphoneos/NosfyWidgets.build/NosfyWidgets.appex.xcent --timestamp\=none --generate-entitlement-der /tmp/nosfy-nom-20260918/Build/Products/Release-iphoneos/NosfyWidgets.appex

RegisterExecutionPolicyException /tmp/nosfy-nom-20260918/Build/Products/Release-iphoneos/NosfyWidgets.appex (in target 'NosfyWidgets' from project 'Nosfy')
    cd /Users/kathryn/Desktop/woochoper-ios
    builtin-RegisterExecutionPolicyException /tmp/nosfy-nom-20260918/Build/Products/Release-iphoneos/NosfyWidgets.appex

Touch /tmp/nosfy-nom-20260918/Build/Products/Release-iphoneos/NosfyWidgets.appex (in target 'NosfyWidgets' from project 'Nosfy')
    cd /Users/kathryn/Desktop/woochoper-ios
    /usr/bin/touch -c /tmp/nosfy-nom-20260918/Build/Products/Release-iphoneos/NosfyWidgets.appex

CpResource /tmp/nosfy-nom-20260918/Build/Products/Release-iphoneos/Nosfy.app/welcome-nosfy-premiere.mp4 /Users/kathryn/Desktop/woochoper-ios/Nosfy/Media/welcome-nosfy-premiere.mp4 (in target 'Nosfy' from project 'Nosfy')
    cd /Users/kathryn/Desktop/woochoper-ios
    builtin-copy -exclude .DS_Store -exclude CVS -exclude .svn -exclude .git -exclude .hg -resolve-src-symlinks /Users/kathryn/Desktop/woochoper-ios/Nosfy/Media/welcome-nosfy-premiere.mp4 /tmp/nosfy-nom-20260918/Build/Products/Release-iphoneos/Nosfy.app

CpResource /tmp/nosfy-nom-20260918/Build/Products/Release-iphoneos/Nosfy.app/welcome-galet-premiere.mp4 /Users/kathryn/Desktop/woochoper-ios/Nosfy/Media/welcome-galet-premiere.mp4 (in target 'Nosfy' from project 'Nosfy')
    cd /Users/kathryn/Desktop/woochoper-ios
    builtin-copy -exclude .DS_Store -exclude CVS -exclude .svn -exclude .git -exclude .hg -resolve-src-symlinks /Users/kathryn/Desktop/woochoper-ios/Nosfy/Media/welcome-galet-premiere.mp4 /tmp/nosfy-nom-20260918/Build/Products/Release-iphoneos/Nosfy.app

CpResource /tmp/nosfy-nom-20260918/Build/Products/Release-iphoneos/Nosfy.app/video_demon_3.mp4 /Users/kathryn/Desktop/woochoper-ios/Nosfy/Media/video_demon_3.mp4 (in target 'Nosfy' from project 'Nosfy')
    cd /Users/kathryn/Desktop/woochoper-ios
    builtin-copy -exclude .DS_Store -exclude CVS -exclude .svn -exclude .git -exclude .hg -resolve-src-symlinks /Users/kathryn/Desktop/woochoper-ios/Nosfy/Media/video_demon_3.mp4 /tmp/nosfy-nom-20260918/Build/Products/Release-iphoneos/Nosfy.app

CpResource /tmp/nosfy-nom-20260918/Build/Products/Release-iphoneos/Nosfy.app/video_demon_2.mp4 /Users/kathryn/Desktop/woochoper-ios/Nosfy/Media/video_demon_2.mp4 (in target 'Nosfy' from project 'Nosfy')
    cd /Users/kathryn/Desktop/woochoper-ios
    builtin-copy -exclude .DS_Store -exclude CVS -exclude .svn -exclude .git -exclude .hg -resolve-src-symlinks /Users/kathryn/Desktop/woochoper-ios/Nosfy/Media/video_demon_2.mp4 /tmp/nosfy-nom-20260918/Build/Products/Release-iphoneos/Nosfy.app

CpResource /tmp/nosfy-nom-20260918/Build/Products/Release-iphoneos/Nosfy.app/video_demon_1.mp4 /Users/kathryn/Desktop/woochoper-ios/Nosfy/Media/video_demon_1.mp4 (in target 'Nosfy' from project 'Nosfy')
    cd /Users/kathryn/Desktop/woochoper-ios
    builtin-copy -exclude .DS_Store -exclude CVS -exclude .svn -exclude .git -exclude .hg -resolve-src-symlinks /Users/kathryn/Desktop/woochoper-ios/Nosfy/Media/video_demon_1.mp4 /tmp/nosfy-nom-20260918/Build/Products/Release-iphoneos/Nosfy.app

CpResource /tmp/nosfy-nom-20260918/Build/Products/Release-iphoneos/Nosfy.app/story-pilule-top.mp4 /Users/kathryn/Desktop/woochoper-ios/Nosfy/Media/story-pilule-top.mp4 (in target 'Nosfy' from project 'Nosfy')
    cd /Users/kathryn/Desktop/woochoper-ios
    builtin-copy -exclude .DS_Store -exclude CVS -exclude .svn -exclude .git -exclude .hg -resolve-src-symlinks /Users/kathryn/Desktop/woochoper-ios/Nosfy/Media/story-pilule-top.mp4 /tmp/nosfy-nom-20260918/Build/Products/Release-iphoneos/Nosfy.app

CpResource /tmp/nosfy-nom-20260918/Build/Products/Release-iphoneos/Nosfy.app/story-pilule-droite.mp4 /Users/kathryn/Desktop/woochoper-ios/Nosfy/Media/story-pilule-droite.mp4 (in target 'Nosfy' from project 'Nosfy')
    cd /Users/kathryn/Desktop/woochoper-ios
    builtin-copy -exclude .DS_Store -exclude CVS -exclude .svn -exclude .git -exclude .hg -resolve-src-symlinks /Users/kathryn/Desktop/woochoper-ios/Nosfy/Media/story-pilule-droite.mp4 /tmp/nosfy-nom-20260918/Build/Products/Release-iphoneos/Nosfy.app

CpResource /tmp/nosfy-nom-20260918/Build/Products/Release-iphoneos/Nosfy.app/story-macro-or.mp4 /Users/kathryn/Desktop/woochoper-ios/Nosfy/Media/story-macro-or.mp4 (in target 'Nosfy' from project 'Nosfy')
    cd /Users/kathryn/Desktop/woochoper-ios
    builtin-copy -exclude .DS_Store -exclude CVS -exclude .svn -exclude .git -exclude .hg -resolve-src-symlinks /Users/kathryn/Desktop/woochoper-ios/Nosfy/Media/story-macro-or.mp4 /tmp/nosfy-nom-20260918/Build/Products/Release-iphoneos/Nosfy.app

CpResource /tmp/nosfy-nom-20260918/Build/Products/Release-iphoneos/Nosfy.app/story-macro-flanc.mp4 /Users/kathryn/Desktop/woochoper-ios/Nosfy/Media/story-macro-flanc.mp4 (in target 'Nosfy' from project 'Nosfy')
    cd /Users/kathryn/Desktop/woochoper-ios
    builtin-copy -exclude .DS_Store -exclude CVS -exclude .svn -exclude .git -exclude .hg -resolve-src-symlinks /Users/kathryn/Desktop/woochoper-ios/Nosfy/Media/story-macro-flanc.mp4 /tmp/nosfy-nom-20260918/Build/Products/Release-iphoneos/Nosfy.app

CpResource /tmp/nosfy-nom-20260918/Build/Products/Release-iphoneos/Nosfy.app/story-macro-bas.mp4 /Users/kathryn/Desktop/woochoper-ios/Nosfy/Media/story-macro-bas.mp4 (in target 'Nosfy' from project 'Nosfy')
    cd /Users/kathryn/Desktop/woochoper-ios
    builtin-copy -exclude .DS_Store -exclude CVS -exclude .svn -exclude .git -exclude .hg -resolve-src-symlinks /Users/kathryn/Desktop/woochoper-ios/Nosfy/Media/story-macro-bas.mp4 /tmp/nosfy-nom-20260918/Build/Products/Release-iphoneos/Nosfy.app

CpResource /tmp/nosfy-nom-20260918/Build/Products/Release-iphoneos/Nosfy.app/story-ended-verre-b.mp4 /Users/kathryn/Desktop/woochoper-ios/Nosfy/Media/story-ended-verre-b.mp4 (in target 'Nosfy' from project 'Nosfy')
    cd /Users/kathryn/Desktop/woochoper-ios
    builtin-copy -exclude .DS_Store -exclude CVS -exclude .svn -exclude .git -exclude .hg -resolve-src-symlinks /Users/kathryn/Desktop/woochoper-ios/Nosfy/Media/story-ended-verre-b.mp4 /tmp/nosfy-nom-20260918/Build/Products/Release-iphoneos/Nosfy.app

CpResource /tmp/nosfy-nom-20260918/Build/Products/Release-iphoneos/Nosfy.app/story-ended-verre-a.mp4 /Users/kathryn/Desktop/woochoper-ios/Nosfy/Media/story-ended-verre-a.mp4 (in target 'Nosfy' from project 'Nosfy')
    cd /Users/kathryn/Desktop/woochoper-ios
    builtin-copy -exclude .DS_Store -exclude CVS -exclude .svn -exclude .git -exclude .hg -resolve-src-symlinks /Users/kathryn/Desktop/woochoper-ios/Nosfy/Media/story-ended-verre-a.mp4 /tmp/nosfy-nom-20260918/Build/Products/Release-iphoneos/Nosfy.app

CpResource /tmp/nosfy-nom-20260918/Build/Products/Release-iphoneos/Nosfy.app/story-eclair-loop.mp4 /Users/kathryn/Desktop/woochoper-ios/Nosfy/Media/story-eclair-loop.mp4 (in target 'Nosfy' from project 'Nosfy')
    cd /Users/kathryn/Desktop/woochoper-ios
    builtin-copy -exclude .DS_Store -exclude CVS -exclude .svn -exclude .git -exclude .hg -resolve-src-symlinks /Users/kathryn/Desktop/woochoper-ios/Nosfy/Media/story-eclair-loop.mp4 /tmp/nosfy-nom-20260918/Build/Products/Release-iphoneos/Nosfy.app

CpResource /tmp/nosfy-nom-20260918/Build/Products/Release-iphoneos/Nosfy.app/story-booster-noir.mp4 /Users/kathryn/Desktop/woochoper-ios/Nosfy/Media/story-booster-noir.mp4 (in target 'Nosfy' from project 'Nosfy')
    cd /Users/kathryn/Desktop/woochoper-ios
    builtin-copy -exclude .DS_Store -exclude CVS -exclude .svn -exclude .git -exclude .hg -resolve-src-symlinks /Users/kathryn/Desktop/woochoper-ios/Nosfy/Media/story-booster-noir.mp4 /tmp/nosfy-nom-20260918/Build/Products/Release-iphoneos/Nosfy.app

CpResource /tmp/nosfy-nom-20260918/Build/Products/Release-iphoneos/Nosfy.app/story-booster-lune.mp4 /Users/kathryn/Desktop/woochoper-ios/Nosfy/Media/story-booster-lune.mp4 (in target 'Nosfy' from project 'Nosfy')
    cd /Users/kathryn/Desktop/woochoper-ios
    builtin-copy -exclude .DS_Store -exclude CVS -exclude .svn -exclude .git -exclude .hg -resolve-src-symlinks /Users/kathryn/Desktop/woochoper-ios/Nosfy/Media/story-booster-lune.mp4 /tmp/nosfy-nom-20260918/Build/Products/Release-iphoneos/Nosfy.app

CpResource /tmp/nosfy-nom-20260918/Build/Products/Release-iphoneos/Nosfy.app/stop-bat-loop.mp4 /Users/kathryn/Desktop/woochoper-ios/Nosfy/Media/stop-bat-loop.mp4 (in target 'Nosfy' from project 'Nosfy')
    cd /Users/kathryn/Desktop/woochoper-ios
    builtin-copy -exclude .DS_Store -exclude CVS -exclude .svn -exclude .git -exclude .hg -resolve-src-symlinks /Users/kathryn/Desktop/woochoper-ios/Nosfy/Media/stop-bat-loop.mp4 /tmp/nosfy-nom-20260918/Build/Products/Release-iphoneos/Nosfy.app

CpResource /tmp/nosfy-nom-20260918/Build/Products/Release-iphoneos/Nosfy.app/start-entrainement-loop.mp4 /Users/kathryn/Desktop/woochoper-ios/Nosfy/Media/start-entrainement-loop.mp4 (in target 'Nosfy' from project 'Nosfy')
    cd /Users/kathryn/Desktop/woochoper-ios
    builtin-copy -exclude .DS_Store -exclude CVS -exclude .svn -exclude .git -exclude .hg -resolve-src-symlinks /Users/kathryn/Desktop/woochoper-ios/Nosfy/Media/start-entrainement-loop.mp4 /tmp/nosfy-nom-20260918/Build/Products/Release-iphoneos/Nosfy.app

CpResource /tmp/nosfy-nom-20260918/Build/Products/Release-iphoneos/Nosfy.app/sacre-lune.caf /Users/kathryn/Desktop/woochoper-ios/Nosfy/Media/sacre-lune.caf (in target 'Nosfy' from project 'Nosfy')
    cd /Users/kathryn/Desktop/woochoper-ios
    builtin-copy -exclude .DS_Store -exclude CVS -exclude .svn -exclude .git -exclude .hg -resolve-src-symlinks /Users/kathryn/Desktop/woochoper-ios/Nosfy/Media/sacre-lune.caf /tmp/nosfy-nom-20260918/Build/Products/Release-iphoneos/Nosfy.app

CpResource /tmp/nosfy-nom-20260918/Build/Products/Release-iphoneos/Nosfy.app/sacre-legendaire.caf /Users/kathryn/Desktop/woochoper-ios/Nosfy/Media/sacre-legendaire.caf (in target 'Nosfy' from project 'Nosfy')
    cd /Users/kathryn/Desktop/woochoper-ios
    builtin-copy -exclude .DS_Store -exclude CVS -exclude .svn -exclude .git -exclude .hg -resolve-src-symlinks /Users/kathryn/Desktop/woochoper-ios/Nosfy/Media/sacre-legendaire.caf /tmp/nosfy-nom-20260918/Build/Products/Release-iphoneos/Nosfy.app

CpResource /tmp/nosfy-nom-20260918/Build/Products/Release-iphoneos/Nosfy.app/sacre-epique.caf /Users/kathryn/Desktop/woochoper-ios/Nosfy/Media/sacre-epique.caf (in target 'Nosfy' from project 'Nosfy')
    cd /Users/kathryn/Desktop/woochoper-ios
    builtin-copy -exclude .DS_Store -exclude CVS -exclude .svn -exclude .git -exclude .hg -resolve-src-symlinks /Users/kathryn/Desktop/woochoper-ios/Nosfy/Media/sacre-epique.caf /tmp/nosfy-nom-20260918/Build/Products/Release-iphoneos/Nosfy.app

CpResource /tmp/nosfy-nom-20260918/Build/Products/Release-iphoneos/Nosfy.app/sacre-commune.caf /Users/kathryn/Desktop/woochoper-ios/Nosfy/Media/sacre-commune.caf (in target 'Nosfy' from project 'Nosfy')
    cd /Users/kathryn/Desktop/woochoper-ios
    builtin-copy -exclude .DS_Store -exclude CVS -exclude .svn -exclude .git -exclude .hg -resolve-src-symlinks /Users/kathryn/Desktop/woochoper-ios/Nosfy/Media/sacre-commune.caf /tmp/nosfy-nom-20260918/Build/Products/Release-iphoneos/Nosfy.app

CpResource /tmp/nosfy-nom-20260918/Build/Products/Release-iphoneos/Nosfy.app/reward-welcome.mp4 /Users/kathryn/Desktop/woochoper-ios/Nosfy/Media/reward-welcome.mp4 (in target 'Nosfy' from project 'Nosfy')
    cd /Users/kathryn/Desktop/woochoper-ios
    builtin-copy -exclude .DS_Store -exclude CVS -exclude .svn -exclude .git -exclude .hg -resolve-src-symlinks /Users/kathryn/Desktop/woochoper-ios/Nosfy/Media/reward-welcome.mp4 /tmp/nosfy-nom-20260918/Build/Products/Release-iphoneos/Nosfy.app

CpResource /tmp/nosfy-nom-20260918/Build/Products/Release-iphoneos/Nosfy.app/reward-welcome-loop.mp4 /Users/kathryn/Desktop/woochoper-ios/Nosfy/Media/reward-welcome-loop.mp4 (in target 'Nosfy' from project 'Nosfy')
    cd /Users/kathryn/Desktop/woochoper-ios
    builtin-copy -exclude .DS_Store -exclude CVS -exclude .svn -exclude .git -exclude .hg -resolve-src-symlinks /Users/kathryn/Desktop/woochoper-ios/Nosfy/Media/reward-welcome-loop.mp4 /tmp/nosfy-nom-20260918/Build/Products/Release-iphoneos/Nosfy.app

CpResource /tmp/nosfy-nom-20260918/Build/Products/Release-iphoneos/Nosfy.app/reward-rare.mp4 /Users/kathryn/Desktop/woochoper-ios/Nosfy/Media/reward-rare.mp4 (in target 'Nosfy' from project 'Nosfy')
    cd /Users/kathryn/Desktop/woochoper-ios
    builtin-copy -exclude .DS_Store -exclude CVS -exclude .svn -exclude .git -exclude .hg -resolve-src-symlinks /Users/kathryn/Desktop/woochoper-ios/Nosfy/Media/reward-rare.mp4 /tmp/nosfy-nom-20260918/Build/Products/Release-iphoneos/Nosfy.app

CpResource /tmp/nosfy-nom-20260918/Build/Products/Release-iphoneos/Nosfy.app/reward-piece-5.mp4 /Users/kathryn/Desktop/woochoper-ios/Nosfy/Media/reward-piece-5.mp4 (in target 'Nosfy' from project 'Nosfy')
    cd /Users/kathryn/Desktop/woochoper-ios
    builtin-copy -exclude .DS_Store -exclude CVS -exclude .svn -exclude .git -exclude .hg -resolve-src-symlinks /Users/kathryn/Desktop/woochoper-ios/Nosfy/Media/reward-piece-5.mp4 /tmp/nosfy-nom-20260918/Build/Products/Release-iphoneos/Nosfy.app

CpResource /tmp/nosfy-nom-20260918/Build/Products/Release-iphoneos/Nosfy.app/reward-piece-4.mp4 /Users/kathryn/Desktop/woochoper-ios/Nosfy/Media/reward-piece-4.mp4 (in target 'Nosfy' from project 'Nosfy')
    cd /Users/kathryn/Desktop/woochoper-ios
    builtin-copy -exclude .DS_Store -exclude CVS -exclude .svn -exclude .git -exclude .hg -resolve-src-symlinks /Users/kathryn/Desktop/woochoper-ios/Nosfy/Media/reward-piece-4.mp4 /tmp/nosfy-nom-20260918/Build/Products/Release-iphoneos/Nosfy.app

CpResource /tmp/nosfy-nom-20260918/Build/Products/Release-iphoneos/Nosfy.app/reward-piece-3.mp4 /Users/kathryn/Desktop/woochoper-ios/Nosfy/Media/reward-piece-3.mp4 (in target 'Nosfy' from project 'Nosfy')
    cd /Users/kathryn/Desktop/woochoper-ios
    builtin-copy -exclude .DS_Store -exclude CVS -exclude .svn -exclude .git -exclude .hg -resolve-src-symlinks /Users/kathryn/Desktop/woochoper-ios/Nosfy/Media/reward-piece-3.mp4 /tmp/nosfy-nom-20260918/Build/Products/Release-iphoneos/Nosfy.app

CpResource /tmp/nosfy-nom-20260918/Build/Products/Release-iphoneos/Nosfy.app/reward-piece-2.mp4 /Users/kathryn/Desktop/woochoper-ios/Nosfy/Media/reward-piece-2.mp4 (in target 'Nosfy' from project 'Nosfy')
    cd /Users/kathryn/Desktop/woochoper-ios
    builtin-copy -exclude .DS_Store -exclude CVS -exclude .svn -exclude .git -exclude .hg -resolve-src-symlinks /Users/kathryn/Desktop/woochoper-ios/Nosfy/Media/reward-piece-2.mp4 /tmp/nosfy-nom-20260918/Build/Products/Release-iphoneos/Nosfy.app

CpResource /tmp/nosfy-nom-20260918/Build/Products/Release-iphoneos/Nosfy.app/reward-piece-1.mp4 /Users/kathryn/Desktop/woochoper-ios/Nosfy/Media/reward-piece-1.mp4 (in target 'Nosfy' from project 'Nosfy')
    cd /Users/kathryn/Desktop/woochoper-ios
    builtin-copy -exclude .DS_Store -exclude CVS -exclude .svn -exclude .git -exclude .hg -resolve-src-symlinks /Users/kathryn/Desktop/woochoper-ios/Nosfy/Media/reward-piece-1.mp4 /tmp/nosfy-nom-20260918/Build/Products/Release-iphoneos/Nosfy.app

CpResource /tmp/nosfy-nom-20260918/Build/Products/Release-iphoneos/Nosfy.app/reward-nosfy-coins.mp4 /Users/kathryn/Desktop/woochoper-ios/Nosfy/Media/reward-nosfy-coins.mp4 (in target 'Nosfy' from project 'Nosfy')
    cd /Users/kathryn/Desktop/woochoper-ios
    builtin-copy -exclude .DS_Store -exclude CVS -exclude .svn -exclude .git -exclude .hg -resolve-src-symlinks /Users/kathryn/Desktop/woochoper-ios/Nosfy/Media/reward-nosfy-coins.mp4 /tmp/nosfy-nom-20260918/Build/Products/Release-iphoneos/Nosfy.app

CpResource /tmp/nosfy-nom-20260918/Build/Products/Release-iphoneos/Nosfy.app/reward-lune.mp4 /Users/kathryn/Desktop/woochoper-ios/Nosfy/Media/reward-lune.mp4 (in target 'Nosfy' from project 'Nosfy')
    cd /Users/kathryn/Desktop/woochoper-ios
    builtin-copy -exclude .DS_Store -exclude CVS -exclude .svn -exclude .git -exclude .hg -resolve-src-symlinks /Users/kathryn/Desktop/woochoper-ios/Nosfy/Media/reward-lune.mp4 /tmp/nosfy-nom-20260918/Build/Products/Release-iphoneos/Nosfy.app

CpResource /tmp/nosfy-nom-20260918/Build/Products/Release-iphoneos/Nosfy.app/reward-fire.mp4 /Users/kathryn/Desktop/woochoper-ios/Nosfy/Media/reward-fire.mp4 (in target 'Nosfy' from project 'Nosfy')
    cd /Users/kathryn/Desktop/woochoper-ios
    builtin-copy -exclude .DS_Store -exclude CVS -exclude .svn -exclude .git -exclude .hg -resolve-src-symlinks /Users/kathryn/Desktop/woochoper-ios/Nosfy/Media/reward-fire.mp4 /tmp/nosfy-nom-20260918/Build/Products/Release-iphoneos/Nosfy.app

CpResource /tmp/nosfy-nom-20260918/Build/Products/Release-iphoneos/Nosfy.app/progress-pill-bas.mp4 /Users/kathryn/Desktop/woochoper-ios/Nosfy/Media/progress-pill-bas.mp4 (in target 'Nosfy' from project 'Nosfy')
    cd /Users/kathryn/Desktop/woochoper-ios
    builtin-copy -exclude .DS_Store -exclude CVS -exclude .svn -exclude .git -exclude .hg -resolve-src-symlinks /Users/kathryn/Desktop/woochoper-ios/Nosfy/Media/progress-pill-bas.mp4 /tmp/nosfy-nom-20260918/Build/Products/Release-iphoneos/Nosfy.app

CpResource /tmp/nosfy-nom-20260918/Build/Products/Release-iphoneos/Nosfy.app/piece-sol.mp4 /Users/kathryn/Desktop/woochoper-ios/Nosfy/Media/piece-sol.mp4 (in target 'Nosfy' from project 'Nosfy')
    cd /Users/kathryn/Desktop/woochoper-ios
    builtin-copy -exclude .DS_Store -exclude CVS -exclude .svn -exclude .git -exclude .hg -resolve-src-symlinks /Users/kathryn/Desktop/woochoper-ios/Nosfy/Media/piece-sol.mp4 /tmp/nosfy-nom-20260918/Build/Products/Release-iphoneos/Nosfy.app

CpResource /tmp/nosfy-nom-20260918/Build/Products/Release-iphoneos/Nosfy.app/piece-bravo.mp4 /Users/kathryn/Desktop/woochoper-ios/Nosfy/Media/piece-bravo.mp4 (in target 'Nosfy' from project 'Nosfy')
    cd /Users/kathryn/Desktop/woochoper-ios
    builtin-copy -exclude .DS_Store -exclude CVS -exclude .svn -exclude .git -exclude .hg -resolve-src-symlinks /Users/kathryn/Desktop/woochoper-ios/Nosfy/Media/piece-bravo.mp4 /tmp/nosfy-nom-20260918/Build/Products/Release-iphoneos/Nosfy.app

CpResource /tmp/nosfy-nom-20260918/Build/Products/Release-iphoneos/Nosfy.app/piece-bravo-loop.mp4 /Users/kathryn/Desktop/woochoper-ios/Nosfy/Media/piece-bravo-loop.mp4 (in target 'Nosfy' from project 'Nosfy')
    cd /Users/kathryn/Desktop/woochoper-ios
    builtin-copy -exclude .DS_Store -exclude CVS -exclude .svn -exclude .git -exclude .hg -resolve-src-symlinks /Users/kathryn/Desktop/woochoper-ios/Nosfy/Media/piece-bravo-loop.mp4 /tmp/nosfy-nom-20260918/Build/Products/Release-iphoneos/Nosfy.app

CpResource /tmp/nosfy-nom-20260918/Build/Products/Release-iphoneos/Nosfy.app/pause-overlay-loop.mp4 /Users/kathryn/Desktop/woochoper-ios/Nosfy/Media/pause-overlay-loop.mp4 (in target 'Nosfy' from project 'Nosfy')
    cd /Users/kathryn/Desktop/woochoper-ios
    builtin-copy -exclude .DS_Store -exclude CVS -exclude .svn -exclude .git -exclude .hg -resolve-src-symlinks /Users/kathryn/Desktop/woochoper-ios/Nosfy/Media/pause-overlay-loop.mp4 /tmp/nosfy-nom-20260918/Build/Products/Release-iphoneos/Nosfy.app

CpResource /tmp/nosfy-nom-20260918/Build/Products/Release-iphoneos/Nosfy.app/onb-track-loop.mp4 /Users/kathryn/Desktop/woochoper-ios/Nosfy/Media/onb-track-loop.mp4 (in target 'Nosfy' from project 'Nosfy')
    cd /Users/kathryn/Desktop/woochoper-ios
    builtin-copy -exclude .DS_Store -exclude CVS -exclude .svn -exclude .git -exclude .hg -resolve-src-symlinks /Users/kathryn/Desktop/woochoper-ios/Nosfy/Media/onb-track-loop.mp4 /tmp/nosfy-nom-20260918/Build/Products/Release-iphoneos/Nosfy.app

CpResource /tmp/nosfy-nom-20260918/Build/Products/Release-iphoneos/Nosfy.app/onb-lune-loop.mp4 /Users/kathryn/Desktop/woochoper-ios/Nosfy/Media/onb-lune-loop.mp4 (in target 'Nosfy' from project 'Nosfy')
    cd /Users/kathryn/Desktop/woochoper-ios
    builtin-copy -exclude .DS_Store -exclude CVS -exclude .svn -exclude .git -exclude .hg -resolve-src-symlinks /Users/kathryn/Desktop/woochoper-ios/Nosfy/Media/onb-lune-loop.mp4 /tmp/nosfy-nom-20260918/Build/Products/Release-iphoneos/Nosfy.app

CpResource /tmp/nosfy-nom-20260918/Build/Products/Release-iphoneos/Nosfy.app/onb-exos-loop.mp4 /Users/kathryn/Desktop/woochoper-ios/Nosfy/Media/onb-exos-loop.mp4 (in target 'Nosfy' from project 'Nosfy')
    cd /Users/kathryn/Desktop/woochoper-ios
    builtin-copy -exclude .DS_Store -exclude CVS -exclude .svn -exclude .git -exclude .hg -resolve-src-symlinks /Users/kathryn/Desktop/woochoper-ios/Nosfy/Media/onb-exos-loop.mp4 /tmp/nosfy-nom-20260918/Build/Products/Release-iphoneos/Nosfy.app

CpResource /tmp/nosfy-nom-20260918/Build/Products/Release-iphoneos/Nosfy.app/onb-arrivee.mp4 /Users/kathryn/Desktop/woochoper-ios/Nosfy/Media/onb-arrivee.mp4 (in target 'Nosfy' from project 'Nosfy')
    cd /Users/kathryn/Desktop/woochoper-ios
    builtin-copy -exclude .DS_Store -exclude CVS -exclude .svn -exclude .git -exclude .hg -resolve-src-symlinks /Users/kathryn/Desktop/woochoper-ios/Nosfy/Media/onb-arrivee.mp4 /tmp/nosfy-nom-20260918/Build/Products/Release-iphoneos/Nosfy.app

CpResource /tmp/nosfy-nom-20260918/Build/Products/Release-iphoneos/Nosfy.app/nosfy-nuit.mp4 /Users/kathryn/Desktop/woochoper-ios/Nosfy/Media/nosfy-nuit.mp4 (in target 'Nosfy' from project 'Nosfy')
    cd /Users/kathryn/Desktop/woochoper-ios
    builtin-copy -exclude .DS_Store -exclude CVS -exclude .svn -exclude .git -exclude .hg -resolve-src-symlinks /Users/kathryn/Desktop/woochoper-ios/Nosfy/Media/nosfy-nuit.mp4 /tmp/nosfy-nom-20260918/Build/Products/Release-iphoneos/Nosfy.app

CpResource /tmp/nosfy-nom-20260918/Build/Products/Release-iphoneos/Nosfy.app/nosfy-notif-loop.mp4 /Users/kathryn/Desktop/woochoper-ios/Nosfy/Media/nosfy-notif-loop.mp4 (in target 'Nosfy' from project 'Nosfy')
    cd /Users/kathryn/Desktop/woochoper-ios
    builtin-copy -exclude .DS_Store -exclude CVS -exclude .svn -exclude .git -exclude .hg -resolve-src-symlinks /Users/kathryn/Desktop/woochoper-ios/Nosfy/Media/nosfy-notif-loop.mp4 /tmp/nosfy-nom-20260918/Build/Products/Release-iphoneos/Nosfy.app

CpResource /tmp/nosfy-nom-20260918/Build/Products/Release-iphoneos/Nosfy.app/nosfy-end.mp4 /Users/kathryn/Desktop/woochoper-ios/Nosfy/Media/nosfy-end.mp4 (in target 'Nosfy' from project 'Nosfy')
    cd /Users/kathryn/Desktop/woochoper-ios
    builtin-copy -exclude .DS_Store -exclude CVS -exclude .svn -exclude .git -exclude .hg -resolve-src-symlinks /Users/kathryn/Desktop/woochoper-ios/Nosfy/Media/nosfy-end.mp4 /tmp/nosfy-nom-20260918/Build/Products/Release-iphoneos/Nosfy.app

CpResource /tmp/nosfy-nom-20260918/Build/Products/Release-iphoneos/Nosfy.app/nosfy-accueil-loop.mp4 /Users/kathryn/Desktop/woochoper-ios/Nosfy/Media/nosfy-accueil-loop.mp4 (in target 'Nosfy' from project 'Nosfy')
    cd /Users/kathryn/Desktop/woochoper-ios
    builtin-copy -exclude .DS_Store -exclude CVS -exclude .svn -exclude .git -exclude .hg -resolve-src-symlinks /Users/kathryn/Desktop/woochoper-ios/Nosfy/Media/nosfy-accueil-loop.mp4 /tmp/nosfy-nom-20260918/Build/Products/Release-iphoneos/Nosfy.app

CpResource /tmp/nosfy-nom-20260918/Build/Products/Release-iphoneos/Nosfy.app/molette-glass-loop.mp4 /Users/kathryn/Desktop/woochoper-ios/Nosfy/Media/molette-glass-loop.mp4 (in target 'Nosfy' from project 'Nosfy')
    cd /Users/kathryn/Desktop/woochoper-ios
    builtin-copy -exclude .DS_Store -exclude CVS -exclude .svn -exclude .git -exclude .hg -resolve-src-symlinks /Users/kathryn/Desktop/woochoper-ios/Nosfy/Media/molette-glass-loop.mp4 /tmp/nosfy-nom-20260918/Build/Products/Release-iphoneos/Nosfy.app

CpResource /tmp/nosfy-nom-20260918/Build/Products/Release-iphoneos/Nosfy.app/manege-nappe.caf /Users/kathryn/Desktop/woochoper-ios/Nosfy/Media/manege-nappe.caf (in target 'Nosfy' from project 'Nosfy')
    cd /Users/kathryn/Desktop/woochoper-ios
    builtin-copy -exclude .DS_Store -exclude CVS -exclude .svn -exclude .git -exclude .hg -resolve-src-symlinks /Users/kathryn/Desktop/woochoper-ios/Nosfy/Media/manege-nappe.caf /tmp/nosfy-nom-20260918/Build/Products/Release-iphoneos/Nosfy.app

CpResource /tmp/nosfy-nom-20260918/Build/Products/Release-iphoneos/Nosfy.app/ile-sortie.wav /Users/kathryn/Desktop/woochoper-ios/Nosfy/Media/ile-sortie.wav (in target 'Nosfy' from project 'Nosfy')
    cd /Users/kathryn/Desktop/woochoper-ios
    builtin-copy -exclude .DS_Store -exclude CVS -exclude .svn -exclude .git -exclude .hg -resolve-src-symlinks /Users/kathryn/Desktop/woochoper-ios/Nosfy/Media/ile-sortie.wav /tmp/nosfy-nom-20260918/Build/Products/Release-iphoneos/Nosfy.app

CpResource /tmp/nosfy-nom-20260918/Build/Products/Release-iphoneos/Nosfy.app/ile-entree.wav /Users/kathryn/Desktop/woochoper-ios/Nosfy/Media/ile-entree.wav (in target 'Nosfy' from project 'Nosfy')
    cd /Users/kathryn/Desktop/woochoper-ios
    builtin-copy -exclude .DS_Store -exclude CVS -exclude .svn -exclude .git -exclude .hg -resolve-src-symlinks /Users/kathryn/Desktop/woochoper-ios/Nosfy/Media/ile-entree.wav /tmp/nosfy-nom-20260918/Build/Products/Release-iphoneos/Nosfy.app

CpResource /tmp/nosfy-nom-20260918/Build/Products/Release-iphoneos/Nosfy.app/home-textes.json /Users/kathryn/Desktop/woochoper-ios/Nosfy/Resources/home-textes.json (in target 'Nosfy' from project 'Nosfy')
    cd /Users/kathryn/Desktop/woochoper-ios
    builtin-copy -exclude .DS_Store -exclude CVS -exclude .svn -exclude .git -exclude .hg -resolve-src-symlinks /Users/kathryn/Desktop/woochoper-ios/Nosfy/Resources/home-textes.json /tmp/nosfy-nom-20260918/Build/Products/Release-iphoneos/Nosfy.app

CpResource /tmp/nosfy-nom-20260918/Build/Products/Release-iphoneos/Nosfy.app/home-fond-precompose-393x709.mp4 /Users/kathryn/Desktop/woochoper-ios/Nosfy/Media/home-fond-precompose-393x709.mp4 (in target 'Nosfy' from project 'Nosfy')
    cd /Users/kathryn/Desktop/woochoper-ios
    builtin-copy -exclude .DS_Store -exclude CVS -exclude .svn -exclude .git -exclude .hg -resolve-src-symlinks /Users/kathryn/Desktop/woochoper-ios/Nosfy/Media/home-fond-precompose-393x709.mp4 /tmp/nosfy-nom-20260918/Build/Products/Release-iphoneos/Nosfy.app

CpResource /tmp/nosfy-nom-20260918/Build/Products/Release-iphoneos/Nosfy.app/home-fond-pilule.mp4 /Users/kathryn/Desktop/woochoper-ios/Nosfy/Media/home-fond-pilule.mp4 (in target 'Nosfy' from project 'Nosfy')
    cd /Users/kathryn/Desktop/woochoper-ios
    builtin-copy -exclude .DS_Store -exclude CVS -exclude .svn -exclude .git -exclude .hg -resolve-src-symlinks /Users/kathryn/Desktop/woochoper-ios/Nosfy/Media/home-fond-pilule.mp4 /tmp/nosfy-nom-20260918/Build/Products/Release-iphoneos/Nosfy.app

CpResource /tmp/nosfy-nom-20260918/Build/Products/Release-iphoneos/Nosfy.app/home-fond-loop.mp4 /Users/kathryn/Desktop/woochoper-ios/Nosfy/Media/home-fond-loop.mp4 (in target 'Nosfy' from project 'Nosfy')
    cd /Users/kathryn/Desktop/woochoper-ios
    builtin-copy -exclude .DS_Store -exclude CVS -exclude .svn -exclude .git -exclude .hg -resolve-src-symlinks /Users/kathryn/Desktop/woochoper-ios/Nosfy/Media/home-fond-loop.mp4 /tmp/nosfy-nom-20260918/Build/Products/Release-iphoneos/Nosfy.app

CpResource /tmp/nosfy-nom-20260918/Build/Products/Release-iphoneos/Nosfy.app/home-fond-flamme.mp4 /Users/kathryn/Desktop/woochoper-ios/Nosfy/Media/home-fond-flamme.mp4 (in target 'Nosfy' from project 'Nosfy')
    cd /Users/kathryn/Desktop/woochoper-ios
    builtin-copy -exclude .DS_Store -exclude CVS -exclude .svn -exclude .git -exclude .hg -resolve-src-symlinks /Users/kathryn/Desktop/woochoper-ios/Nosfy/Media/home-fond-flamme.mp4 /tmp/nosfy-nom-20260918/Build/Products/Release-iphoneos/Nosfy.app

CpResource /tmp/nosfy-nom-20260918/Build/Products/Release-iphoneos/Nosfy.app/fond-matrice-loop.mp4 /Users/kathryn/Desktop/woochoper-ios/Nosfy/Media/fond-matrice-loop.mp4 (in target 'Nosfy' from project 'Nosfy')
    cd /Users/kathryn/Desktop/woochoper-ios
    builtin-copy -exclude .DS_Store -exclude CVS -exclude .svn -exclude .git -exclude .hg -resolve-src-symlinks /Users/kathryn/Desktop/woochoper-ios/Nosfy/Media/fond-matrice-loop.mp4 /tmp/nosfy-nom-20260918/Build/Products/Release-iphoneos/Nosfy.app

CpResource /tmp/nosfy-nom-20260918/Build/Products/Release-iphoneos/Nosfy.app/flamme_overlay.mp4 /Users/kathryn/Desktop/woochoper-ios/Nosfy/Media/flamme_overlay.mp4 (in target 'Nosfy' from project 'Nosfy')
    cd /Users/kathryn/Desktop/woochoper-ios
    builtin-copy -exclude .DS_Store -exclude CVS -exclude .svn -exclude .git -exclude .hg -resolve-src-symlinks /Users/kathryn/Desktop/woochoper-ios/Nosfy/Media/flamme_overlay.mp4 /tmp/nosfy-nom-20260918/Build/Products/Release-iphoneos/Nosfy.app

CpResource /tmp/nosfy-nom-20260918/Build/Products/Release-iphoneos/Nosfy.app/feerie-carillon.caf /Users/kathryn/Desktop/woochoper-ios/Nosfy/Media/feerie-carillon.caf (in target 'Nosfy' from project 'Nosfy')
    cd /Users/kathryn/Desktop/woochoper-ios
    builtin-copy -exclude .DS_Store -exclude CVS -exclude .svn -exclude .git -exclude .hg -resolve-src-symlinks /Users/kathryn/Desktop/woochoper-ios/Nosfy/Media/feerie-carillon.caf /tmp/nosfy-nom-20260918/Build/Products/Release-iphoneos/Nosfy.app

CpResource /tmp/nosfy-nom-20260918/Build/Products/Release-iphoneos/Nosfy.app/exos-fond-loop.mp4 /Users/kathryn/Desktop/woochoper-ios/Nosfy/Media/exos-fond-loop.mp4 (in target 'Nosfy' from project 'Nosfy')
    cd /Users/kathryn/Desktop/woochoper-ios
    builtin-copy -exclude .DS_Store -exclude CVS -exclude .svn -exclude .git -exclude .hg -resolve-src-symlinks /Users/kathryn/Desktop/woochoper-ios/Nosfy/Media/exos-fond-loop.mp4 /tmp/nosfy-nom-20260918/Build/Products/Release-iphoneos/Nosfy.app

CpResource /tmp/nosfy-nom-20260918/Build/Products/Release-iphoneos/Nosfy.app/duo-nosfy-reward.mp4 /Users/kathryn/Desktop/woochoper-ios/Nosfy/Media/duo-nosfy-reward.mp4 (in target 'Nosfy' from project 'Nosfy')
    cd /Users/kathryn/Desktop/woochoper-ios
    builtin-copy -exclude .DS_Store -exclude CVS -exclude .svn -exclude .git -exclude .hg -resolve-src-symlinks /Users/kathryn/Desktop/woochoper-ios/Nosfy/Media/duo-nosfy-reward.mp4 /tmp/nosfy-nom-20260918/Build/Products/Release-iphoneos/Nosfy.app

CpResource /tmp/nosfy-nom-20260918/Build/Products/Release-iphoneos/Nosfy.app/duo-galet-rougebleu.mp4 /Users/kathryn/Desktop/woochoper-ios/Nosfy/Media/duo-galet-rougebleu.mp4 (in target 'Nosfy' from project 'Nosfy')
    cd /Users/kathryn/Desktop/woochoper-ios
    builtin-copy -exclude .DS_Store -exclude CVS -exclude .svn -exclude .git -exclude .hg -resolve-src-symlinks /Users/kathryn/Desktop/woochoper-ios/Nosfy/Media/duo-galet-rougebleu.mp4 /tmp/nosfy-nom-20260918/Build/Products/Release-iphoneos/Nosfy.app

CpResource /tmp/nosfy-nom-20260918/Build/Products/Release-iphoneos/Nosfy.app/duo-galet-rouge.mp4 /Users/kathryn/Desktop/woochoper-ios/Nosfy/Media/duo-galet-rouge.mp4 (in target 'Nosfy' from project 'Nosfy')
    cd /Users/kathryn/Desktop/woochoper-ios
    builtin-copy -exclude .DS_Store -exclude CVS -exclude .svn -exclude .git -exclude .hg -resolve-src-symlinks /Users/kathryn/Desktop/woochoper-ios/Nosfy/Media/duo-galet-rouge.mp4 /tmp/nosfy-nom-20260918/Build/Products/Release-iphoneos/Nosfy.app

CpResource /tmp/nosfy-nom-20260918/Build/Products/Release-iphoneos/Nosfy.app/duo-galet-noir.mp4 /Users/kathryn/Desktop/woochoper-ios/Nosfy/Media/duo-galet-noir.mp4 (in target 'Nosfy' from project 'Nosfy')
    cd /Users/kathryn/Desktop/woochoper-ios
    builtin-copy -exclude .DS_Store -exclude CVS -exclude .svn -exclude .git -exclude .hg -resolve-src-symlinks /Users/kathryn/Desktop/woochoper-ios/Nosfy/Media/duo-galet-noir.mp4 /tmp/nosfy-nom-20260918/Build/Products/Release-iphoneos/Nosfy.app

CpResource /tmp/nosfy-nom-20260918/Build/Products/Release-iphoneos/Nosfy.app/duo-flamme-bleue.mp4 /Users/kathryn/Desktop/woochoper-ios/Nosfy/Media/duo-flamme-bleue.mp4 (in target 'Nosfy' from project 'Nosfy')
    cd /Users/kathryn/Desktop/woochoper-ios
    builtin-copy -exclude .DS_Store -exclude CVS -exclude .svn -exclude .git -exclude .hg -resolve-src-symlinks /Users/kathryn/Desktop/woochoper-ios/Nosfy/Media/duo-flamme-bleue.mp4 /tmp/nosfy-nom-20260918/Build/Products/Release-iphoneos/Nosfy.app

CpResource /tmp/nosfy-nom-20260918/Build/Products/Release-iphoneos/Nosfy.app/duo-feu-rouge.mp4 /Users/kathryn/Desktop/woochoper-ios/Nosfy/Media/duo-feu-rouge.mp4 (in target 'Nosfy' from project 'Nosfy')
    cd /Users/kathryn/Desktop/woochoper-ios
    builtin-copy -exclude .DS_Store -exclude CVS -exclude .svn -exclude .git -exclude .hg -resolve-src-symlinks /Users/kathryn/Desktop/woochoper-ios/Nosfy/Media/duo-feu-rouge.mp4 /tmp/nosfy-nom-20260918/Build/Products/Release-iphoneos/Nosfy.app

CpResource /tmp/nosfy-nom-20260918/Build/Products/Release-iphoneos/Nosfy.app/duo-feu-blanc.mp4 /Users/kathryn/Desktop/woochoper-ios/Nosfy/Media/duo-feu-blanc.mp4 (in target 'Nosfy' from project 'Nosfy')
    cd /Users/kathryn/Desktop/woochoper-ios
    builtin-copy -exclude .DS_Store -exclude CVS -exclude .svn -exclude .git -exclude .hg -resolve-src-symlinks /Users/kathryn/Desktop/woochoper-ios/Nosfy/Media/duo-feu-blanc.mp4 /tmp/nosfy-nom-20260918/Build/Products/Release-iphoneos/Nosfy.app

CpResource /tmp/nosfy-nom-20260918/Build/Products/Release-iphoneos/Nosfy.app/dechirure-lente.caf /Users/kathryn/Desktop/woochoper-ios/Nosfy/Media/dechirure-lente.caf (in target 'Nosfy' from project 'Nosfy')
    cd /Users/kathryn/Desktop/woochoper-ios
    builtin-copy -exclude .DS_Store -exclude CVS -exclude .svn -exclude .git -exclude .hg -resolve-src-symlinks /Users/kathryn/Desktop/woochoper-ios/Nosfy/Media/dechirure-lente.caf /tmp/nosfy-nom-20260918/Build/Products/Release-iphoneos/Nosfy.app

CpResource /tmp/nosfy-nom-20260918/Build/Products/Release-iphoneos/Nosfy.app/dechirure-franche.caf /Users/kathryn/Desktop/woochoper-ios/Nosfy/Media/dechirure-franche.caf (in target 'Nosfy' from project 'Nosfy')
    cd /Users/kathryn/Desktop/woochoper-ios
    builtin-copy -exclude .DS_Store -exclude CVS -exclude .svn -exclude .git -exclude .hg -resolve-src-symlinks /Users/kathryn/Desktop/woochoper-ios/Nosfy/Media/dechirure-franche.caf /tmp/nosfy-nom-20260918/Build/Products/Release-iphoneos/Nosfy.app

CpResource /tmp/nosfy-nom-20260918/Build/Products/Release-iphoneos/Nosfy.app/dechirure-finale.caf /Users/kathryn/Desktop/woochoper-ios/Nosfy/Media/dechirure-finale.caf (in target 'Nosfy' from project 'Nosfy')
    cd /Users/kathryn/Desktop/woochoper-ios
    builtin-copy -exclude .DS_Store -exclude CVS -exclude .svn -exclude .git -exclude .hg -resolve-src-symlinks /Users/kathryn/Desktop/woochoper-ios/Nosfy/Media/dechirure-finale.caf /tmp/nosfy-nom-20260918/Build/Products/Release-iphoneos/Nosfy.app

CpResource /tmp/nosfy-nom-20260918/Build/Products/Release-iphoneos/Nosfy.app/count.mp4 /Users/kathryn/Desktop/woochoper-ios/Nosfy/Media/count.mp4 (in target 'Nosfy' from project 'Nosfy')
    cd /Users/kathryn/Desktop/woochoper-ios
    builtin-copy -exclude .DS_Store -exclude CVS -exclude .svn -exclude .git -exclude .hg -resolve-src-symlinks /Users/kathryn/Desktop/woochoper-ios/Nosfy/Media/count.mp4 /tmp/nosfy-nom-20260918/Build/Products/Release-iphoneos/Nosfy.app

CpResource /tmp/nosfy-nom-20260918/Build/Products/Release-iphoneos/Nosfy.app/coffre-spot-loop.mp4 /Users/kathryn/Desktop/woochoper-ios/Nosfy/Media/coffre-spot-loop.mp4 (in target 'Nosfy' from project 'Nosfy')
    cd /Users/kathryn/Desktop/woochoper-ios
    builtin-copy -exclude .DS_Store -exclude CVS -exclude .svn -exclude .git -exclude .hg -resolve-src-symlinks /Users/kathryn/Desktop/woochoper-ios/Nosfy/Media/coffre-spot-loop.mp4 /tmp/nosfy-nom-20260918/Build/Products/Release-iphoneos/Nosfy.app

CpResource /tmp/nosfy-nom-20260918/Build/Products/Release-iphoneos/Nosfy.app/coffre-salut.mp4 /Users/kathryn/Desktop/woochoper-ios/Nosfy/Media/coffre-salut.mp4 (in target 'Nosfy' from project 'Nosfy')
    cd /Users/kathryn/Desktop/woochoper-ios
    builtin-copy -exclude .DS_Store -exclude CVS -exclude .svn -exclude .git -exclude .hg -resolve-src-symlinks /Users/kathryn/Desktop/woochoper-ios/Nosfy/Media/coffre-salut.mp4 /tmp/nosfy-nom-20260918/Build/Products/Release-iphoneos/Nosfy.app

CpResource /tmp/nosfy-nom-20260918/Build/Products/Release-iphoneos/Nosfy.app/coffre-salle-loop.mp4 /Users/kathryn/Desktop/woochoper-ios/Nosfy/Media/coffre-salle-loop.mp4 (in target 'Nosfy' from project 'Nosfy')
    cd /Users/kathryn/Desktop/woochoper-ios
    builtin-copy -exclude .DS_Store -exclude CVS -exclude .svn -exclude .git -exclude .hg -resolve-src-symlinks /Users/kathryn/Desktop/woochoper-ios/Nosfy/Media/coffre-salle-loop.mp4 /tmp/nosfy-nom-20260918/Build/Products/Release-iphoneos/Nosfy.app

CpResource /tmp/nosfy-nom-20260918/Build/Products/Release-iphoneos/Nosfy.app/coffre-beau.mp4 /Users/kathryn/Desktop/woochoper-ios/Nosfy/Media/coffre-beau.mp4 (in target 'Nosfy' from project 'Nosfy')
    cd /Users/kathryn/Desktop/woochoper-ios
    builtin-copy -exclude .DS_Store -exclude CVS -exclude .svn -exclude .git -exclude .hg -resolve-src-symlinks /Users/kathryn/Desktop/woochoper-ios/Nosfy/Media/coffre-beau.mp4 /tmp/nosfy-nom-20260918/Build/Products/Release-iphoneos/Nosfy.app

CpResource /tmp/nosfy-nom-20260918/Build/Products/Release-iphoneos/Nosfy.app/coffre-arrivee.mp4 /Users/kathryn/Desktop/woochoper-ios/Nosfy/Media/coffre-arrivee.mp4 (in target 'Nosfy' from project 'Nosfy')
    cd /Users/kathryn/Desktop/woochoper-ios
    builtin-copy -exclude .DS_Store -exclude CVS -exclude .svn -exclude .git -exclude .hg -resolve-src-symlinks /Users/kathryn/Desktop/woochoper-ios/Nosfy/Media/coffre-arrivee.mp4 /tmp/nosfy-nom-20260918/Build/Products/Release-iphoneos/Nosfy.app

CpResource /tmp/nosfy-nom-20260918/Build/Products/Release-iphoneos/Nosfy.app/braise-veille.caf /Users/kathryn/Desktop/woochoper-ios/Nosfy/Media/braise-veille.caf (in target 'Nosfy' from project 'Nosfy')
    cd /Users/kathryn/Desktop/woochoper-ios
    builtin-copy -exclude .DS_Store -exclude CVS -exclude .svn -exclude .git -exclude .hg -resolve-src-symlinks /Users/kathryn/Desktop/woochoper-ios/Nosfy/Media/braise-veille.caf /tmp/nosfy-nom-20260918/Build/Products/Release-iphoneos/Nosfy.app

CpResource /tmp/nosfy-nom-20260918/Build/Products/Release-iphoneos/Nosfy.app/booster.bin /Users/kathryn/Desktop/woochoper-ios/Nosfy/Media/booster.bin (in target 'Nosfy' from project 'Nosfy')
    cd /Users/kathryn/Desktop/woochoper-ios
    builtin-copy -exclude .DS_Store -exclude CVS -exclude .svn -exclude .git -exclude .hg -resolve-src-symlinks /Users/kathryn/Desktop/woochoper-ios/Nosfy/Media/booster.bin /tmp/nosfy-nom-20260918/Build/Products/Release-iphoneos/Nosfy.app

CpResource /tmp/nosfy-nom-20260918/Build/Products/Release-iphoneos/Nosfy.app/booster-loop.mp4 /Users/kathryn/Desktop/woochoper-ios/Nosfy/Media/booster-loop.mp4 (in target 'Nosfy' from project 'Nosfy')
    cd /Users/kathryn/Desktop/woochoper-ios
    builtin-copy -exclude .DS_Store -exclude CVS -exclude .svn -exclude .git -exclude .hg -resolve-src-symlinks /Users/kathryn/Desktop/woochoper-ios/Nosfy/Media/booster-loop.mp4 /tmp/nosfy-nom-20260918/Build/Products/Release-iphoneos/Nosfy.app

CpResource /tmp/nosfy-nom-20260918/Build/Products/Release-iphoneos/Nosfy.app/booster-loop-noir.mp4 /Users/kathryn/Desktop/woochoper-ios/Nosfy/Media/booster-loop-noir.mp4 (in target 'Nosfy' from project 'Nosfy')
    cd /Users/kathryn/Desktop/woochoper-ios
    builtin-copy -exclude .DS_Store -exclude CVS -exclude .svn -exclude .git -exclude .hg -resolve-src-symlinks /Users/kathryn/Desktop/woochoper-ios/Nosfy/Media/booster-loop-noir.mp4 /tmp/nosfy-nom-20260918/Build/Products/Release-iphoneos/Nosfy.app

CpResource /tmp/nosfy-nom-20260918/Build/Products/Release-iphoneos/Nosfy.app/booster-dot-loop.mp4 /Users/kathryn/Desktop/woochoper-ios/Nosfy/Media/booster-dot-loop.mp4 (in target 'Nosfy' from project 'Nosfy')
    cd /Users/kathryn/Desktop/woochoper-ios
    builtin-copy -exclude .DS_Store -exclude CVS -exclude .svn -exclude .git -exclude .hg -resolve-src-symlinks /Users/kathryn/Desktop/woochoper-ios/Nosfy/Media/booster-dot-loop.mp4 /tmp/nosfy-nom-20260918/Build/Products/Release-iphoneos/Nosfy.app

CpResource /tmp/nosfy-nom-20260918/Build/Products/Release-iphoneos/Nosfy.app/background-calendar-loop.mp4 /Users/kathryn/Desktop/woochoper-ios/Nosfy/Media/background-calendar-loop.mp4 (in target 'Nosfy' from project 'Nosfy')
    cd /Users/kathryn/Desktop/woochoper-ios
    builtin-copy -exclude .DS_Store -exclude CVS -exclude .svn -exclude .git -exclude .hg -resolve-src-symlinks /Users/kathryn/Desktop/woochoper-ios/Nosfy/Media/background-calendar-loop.mp4 /tmp/nosfy-nom-20260918/Build/Products/Release-iphoneos/Nosfy.app

CpResource /tmp/nosfy-nom-20260918/Build/Products/Release-iphoneos/Nosfy.app/PoussiereLune.wav /Users/kathryn/Desktop/woochoper-ios/Nosfy/Media/PoussiereLune.wav (in target 'Nosfy' from project 'Nosfy')
    cd /Users/kathryn/Desktop/woochoper-ios
    builtin-copy -exclude .DS_Store -exclude CVS -exclude .svn -exclude .git -exclude .hg -resolve-src-symlinks /Users/kathryn/Desktop/woochoper-ios/Nosfy/Media/PoussiereLune.wav /tmp/nosfy-nom-20260918/Build/Products/Release-iphoneos/Nosfy.app

CpResource /tmp/nosfy-nom-20260918/Build/Products/Release-iphoneos/Nosfy.app/Paillette.wav /Users/kathryn/Desktop/woochoper-ios/Nosfy/Sounds/Paillette.wav (in target 'Nosfy' from project 'Nosfy')
    cd /Users/kathryn/Desktop/woochoper-ios
    builtin-copy -exclude .DS_Store -exclude CVS -exclude .svn -exclude .git -exclude .hg -resolve-src-symlinks /Users/kathryn/Desktop/woochoper-ios/Nosfy/Sounds/Paillette.wav /tmp/nosfy-nom-20260918/Build/Products/Release-iphoneos/Nosfy.app

CpResource /tmp/nosfy-nom-20260918/Build/Products/Release-iphoneos/Nosfy.app/NosfyTheme.m4a /Users/kathryn/Desktop/woochoper-ios/Nosfy/Sounds/NosfyTheme.m4a (in target 'Nosfy' from project 'Nosfy')
    cd /Users/kathryn/Desktop/woochoper-ios
    builtin-copy -exclude .DS_Store -exclude CVS -exclude .svn -exclude .git -exclude .hg -resolve-src-symlinks /Users/kathryn/Desktop/woochoper-ios/Nosfy/Sounds/NosfyTheme.m4a /tmp/nosfy-nom-20260918/Build/Products/Release-iphoneos/Nosfy.app

CpResource /tmp/nosfy-nom-20260918/Build/Products/Release-iphoneos/Nosfy.app/NosfyTap.wav /Users/kathryn/Desktop/woochoper-ios/Nosfy/Sounds/NosfyTap.wav (in target 'Nosfy' from project 'Nosfy')
    cd /Users/kathryn/Desktop/woochoper-ios
    builtin-copy -exclude .DS_Store -exclude CVS -exclude .svn -exclude .git -exclude .hg -resolve-src-symlinks /Users/kathryn/Desktop/woochoper-ios/Nosfy/Sounds/NosfyTap.wav /tmp/nosfy-nom-20260918/Build/Products/Release-iphoneos/Nosfy.app

CpResource /tmp/nosfy-nom-20260918/Build/Products/Release-iphoneos/Nosfy.app/NosfyPaillette.wav /Users/kathryn/Desktop/woochoper-ios/Nosfy/Sounds/NosfyPaillette.wav (in target 'Nosfy' from project 'Nosfy')
    cd /Users/kathryn/Desktop/woochoper-ios
    builtin-copy -exclude .DS_Store -exclude CVS -exclude .svn -exclude .git -exclude .hg -resolve-src-symlinks /Users/kathryn/Desktop/woochoper-ios/Nosfy/Sounds/NosfyPaillette.wav /tmp/nosfy-nom-20260918/Build/Products/Release-iphoneos/Nosfy.app

CpResource /tmp/nosfy-nom-20260918/Build/Products/Release-iphoneos/Nosfy.app/NosfyFin.m4a /Users/kathryn/Desktop/woochoper-ios/Nosfy/Sounds/NosfyFin.m4a (in target 'Nosfy' from project 'Nosfy')
    cd /Users/kathryn/Desktop/woochoper-ios
    builtin-copy -exclude .DS_Store -exclude CVS -exclude .svn -exclude .git -exclude .hg -resolve-src-symlinks /Users/kathryn/Desktop/woochoper-ios/Nosfy/Sounds/NosfyFin.m4a /tmp/nosfy-nom-20260918/Build/Products/Release-iphoneos/Nosfy.app

CpResource /tmp/nosfy-nom-20260918/Build/Products/Release-iphoneos/Nosfy.app/NeonIgnite.wav /Users/kathryn/Desktop/woochoper-ios/Nosfy/Sounds/NeonIgnite.wav (in target 'Nosfy' from project 'Nosfy')
    cd /Users/kathryn/Desktop/woochoper-ios
    builtin-copy -exclude .DS_Store -exclude CVS -exclude .svn -exclude .git -exclude .hg -resolve-src-symlinks /Users/kathryn/Desktop/woochoper-ios/Nosfy/Sounds/NeonIgnite.wav /tmp/nosfy-nom-20260918/Build/Products/Release-iphoneos/Nosfy.app

CpResource /tmp/nosfy-nom-20260918/Build/Products/Release-iphoneos/Nosfy.app/MoonSplashTheme.m4a /Users/kathryn/Desktop/woochoper-ios/Nosfy/Sounds/MoonSplashTheme.m4a (in target 'Nosfy' from project 'Nosfy')
    cd /Users/kathryn/Desktop/woochoper-ios
    builtin-copy -exclude .DS_Store -exclude CVS -exclude .svn -exclude .git -exclude .hg -resolve-src-symlinks /Users/kathryn/Desktop/woochoper-ios/Nosfy/Sounds/MoonSplashTheme.m4a /tmp/nosfy-nom-20260918/Build/Products/Release-iphoneos/Nosfy.app

CpResource /tmp/nosfy-nom-20260918/Build/Products/Release-iphoneos/Nosfy.app/MoonSDF.bin /Users/kathryn/Desktop/woochoper-ios/Nosfy/MoonSDF.bin (in target 'Nosfy' from project 'Nosfy')
    cd /Users/kathryn/Desktop/woochoper-ios
    builtin-copy -exclude .DS_Store -exclude CVS -exclude .svn -exclude .git -exclude .hg -resolve-src-symlinks /Users/kathryn/Desktop/woochoper-ios/Nosfy/MoonSDF.bin /tmp/nosfy-nom-20260918/Build/Products/Release-iphoneos/Nosfy.app

CpResource /tmp/nosfy-nom-20260918/Build/Products/Release-iphoneos/Nosfy.app/MoonGraze.wav /Users/kathryn/Desktop/woochoper-ios/Nosfy/Sounds/MoonGraze.wav (in target 'Nosfy' from project 'Nosfy')
    cd /Users/kathryn/Desktop/woochoper-ios
    builtin-copy -exclude .DS_Store -exclude CVS -exclude .svn -exclude .git -exclude .hg -resolve-src-symlinks /Users/kathryn/Desktop/woochoper-ios/Nosfy/Sounds/MoonGraze.wav /tmp/nosfy-nom-20260918/Build/Products/Release-iphoneos/Nosfy.app

CpResource /tmp/nosfy-nom-20260918/Build/Products/Release-iphoneos/Nosfy.app/MoonGlide.wav /Users/kathryn/Desktop/woochoper-ios/Nosfy/Sounds/MoonGlide.wav (in target 'Nosfy' from project 'Nosfy')
    cd /Users/kathryn/Desktop/woochoper-ios
    builtin-copy -exclude .DS_Store -exclude CVS -exclude .svn -exclude .git -exclude .hg -resolve-src-symlinks /Users/kathryn/Desktop/woochoper-ios/Nosfy/Sounds/MoonGlide.wav /tmp/nosfy-nom-20260918/Build/Products/Release-iphoneos/Nosfy.app

CpResource /tmp/nosfy-nom-20260918/Build/Products/Release-iphoneos/Nosfy.app/LuneSangTheme.m4a /Users/kathryn/Desktop/woochoper-ios/Nosfy/Sounds/LuneSangTheme.m4a (in target 'Nosfy' from project 'Nosfy')
    cd /Users/kathryn/Desktop/woochoper-ios
    builtin-copy -exclude .DS_Store -exclude CVS -exclude .svn -exclude .git -exclude .hg -resolve-src-symlinks /Users/kathryn/Desktop/woochoper-ios/Nosfy/Sounds/LuneSangTheme.m4a /tmp/nosfy-nom-20260918/Build/Products/Release-iphoneos/Nosfy.app

CpResource /tmp/nosfy-nom-20260918/Build/Products/Release-iphoneos/Nosfy.app/LensTheme.m4a /Users/kathryn/Desktop/woochoper-ios/Nosfy/Sounds/LensTheme.m4a (in target 'Nosfy' from project 'Nosfy')
    cd /Users/kathryn/Desktop/woochoper-ios
    builtin-copy -exclude .DS_Store -exclude CVS -exclude .svn -exclude .git -exclude .hg -resolve-src-symlinks /Users/kathryn/Desktop/woochoper-ios/Nosfy/Sounds/LensTheme.m4a /tmp/nosfy-nom-20260918/Build/Products/Release-iphoneos/Nosfy.app

CpResource /tmp/nosfy-nom-20260918/Build/Products/Release-iphoneos/Nosfy.app/Inter-SemiBold.otf /Users/kathryn/Desktop/woochoper-ios/Nosfy/Fonts/Inter-SemiBold.otf (in target 'Nosfy' from project 'Nosfy')
    cd /Users/kathryn/Desktop/woochoper-ios
    builtin-copy -exclude .DS_Store -exclude CVS -exclude .svn -exclude .git -exclude .hg -resolve-src-symlinks /Users/kathryn/Desktop/woochoper-ios/Nosfy/Fonts/Inter-SemiBold.otf /tmp/nosfy-nom-20260918/Build/Products/Release-iphoneos/Nosfy.app

CpResource /tmp/nosfy-nom-20260918/Build/Products/Release-iphoneos/Nosfy.app/Inter-Regular.otf /Users/kathryn/Desktop/woochoper-ios/Nosfy/Fonts/Inter-Regular.otf (in target 'Nosfy' from project 'Nosfy')
    cd /Users/kathryn/Desktop/woochoper-ios
    builtin-copy -exclude .DS_Store -exclude CVS -exclude .svn -exclude .git -exclude .hg -resolve-src-symlinks /Users/kathryn/Desktop/woochoper-ios/Nosfy/Fonts/Inter-Regular.otf /tmp/nosfy-nom-20260918/Build/Products/Release-iphoneos/Nosfy.app

CpResource /tmp/nosfy-nom-20260918/Build/Products/Release-iphoneos/Nosfy.app/Inter-Medium.otf /Users/kathryn/Desktop/woochoper-ios/Nosfy/Fonts/Inter-Medium.otf (in target 'Nosfy' from project 'Nosfy')
    cd /Users/kathryn/Desktop/woochoper-ios
    builtin-copy -exclude .DS_Store -exclude CVS -exclude .svn -exclude .git -exclude .hg -resolve-src-symlinks /Users/kathryn/Desktop/woochoper-ios/Nosfy/Fonts/Inter-Medium.otf /tmp/nosfy-nom-20260918/Build/Products/Release-iphoneos/Nosfy.app

CpResource /tmp/nosfy-nom-20260918/Build/Products/Release-iphoneos/Nosfy.app/Inter-Light.otf /Users/kathryn/Desktop/woochoper-ios/Nosfy/Fonts/Inter-Light.otf (in target 'Nosfy' from project 'Nosfy')
    cd /Users/kathryn/Desktop/woochoper-ios
    builtin-copy -exclude .DS_Store -exclude CVS -exclude .svn -exclude .git -exclude .hg -resolve-src-symlinks /Users/kathryn/Desktop/woochoper-ios/Nosfy/Fonts/Inter-Light.otf /tmp/nosfy-nom-20260918/Build/Products/Release-iphoneos/Nosfy.app

CpResource /tmp/nosfy-nom-20260918/Build/Products/Release-iphoneos/Nosfy.app/Inter-Bold.otf /Users/kathryn/Desktop/woochoper-ios/Nosfy/Fonts/Inter-Bold.otf (in target 'Nosfy' from project 'Nosfy')
    cd /Users/kathryn/Desktop/woochoper-ios
    builtin-copy -exclude .DS_Store -exclude CVS -exclude .svn -exclude .git -exclude .hg -resolve-src-symlinks /Users/kathryn/Desktop/woochoper-ios/Nosfy/Fonts/Inter-Bold.otf /tmp/nosfy-nom-20260918/Build/Products/Release-iphoneos/Nosfy.app

CpResource /tmp/nosfy-nom-20260918/Build/Products/Release-iphoneos/Nosfy.app/DialTock.wav /Users/kathryn/Desktop/woochoper-ios/Nosfy/Sounds/DialTock.wav (in target 'Nosfy' from project 'Nosfy')
    cd /Users/kathryn/Desktop/woochoper-ios
    builtin-copy -exclude .DS_Store -exclude CVS -exclude .svn -exclude .git -exclude .hg -resolve-src-symlinks /Users/kathryn/Desktop/woochoper-ios/Nosfy/Sounds/DialTock.wav /tmp/nosfy-nom-20260918/Build/Products/Release-iphoneos/Nosfy.app

CpResource /tmp/nosfy-nom-20260918/Build/Products/Release-iphoneos/Nosfy.app/DialTick.wav /Users/kathryn/Desktop/woochoper-ios/Nosfy/Sounds/DialTick.wav (in target 'Nosfy' from project 'Nosfy')
    cd /Users/kathryn/Desktop/woochoper-ios
    builtin-copy -exclude .DS_Store -exclude CVS -exclude .svn -exclude .git -exclude .hg -resolve-src-symlinks /Users/kathryn/Desktop/woochoper-ios/Nosfy/Sounds/DialTick.wav /tmp/nosfy-nom-20260918/Build/Products/Release-iphoneos/Nosfy.app

CpResource /tmp/nosfy-nom-20260918/Build/Products/Release-iphoneos/Nosfy.app/DialTap.wav /Users/kathryn/Desktop/woochoper-ios/Nosfy/Sounds/DialTap.wav (in target 'Nosfy' from project 'Nosfy')
    cd /Users/kathryn/Desktop/woochoper-ios
    builtin-copy -exclude .DS_Store -exclude CVS -exclude .svn -exclude .git -exclude .hg -resolve-src-symlinks /Users/kathryn/Desktop/woochoper-ios/Nosfy/Sounds/DialTap.wav /tmp/nosfy-nom-20260918/Build/Products/Release-iphoneos/Nosfy.app

CpResource /tmp/nosfy-nom-20260918/Build/Products/Release-iphoneos/Nosfy.app/CoinChink.wav /Users/kathryn/Desktop/woochoper-ios/Nosfy/Media/CoinChink.wav (in target 'Nosfy' from project 'Nosfy')
    cd /Users/kathryn/Desktop/woochoper-ios
    builtin-copy -exclude .DS_Store -exclude CVS -exclude .svn -exclude .git -exclude .hg -resolve-src-symlinks /Users/kathryn/Desktop/woochoper-ios/Nosfy/Media/CoinChink.wav /tmp/nosfy-nom-20260918/Build/Products/Release-iphoneos/Nosfy.app

CpResource /tmp/nosfy-nom-20260918/Build/Products/Release-iphoneos/Nosfy.app/BoosterLeve.wav /Users/kathryn/Desktop/woochoper-ios/Nosfy/Media/BoosterLeve.wav (in target 'Nosfy' from project 'Nosfy')
    cd /Users/kathryn/Desktop/woochoper-ios
    builtin-copy -exclude .DS_Store -exclude CVS -exclude .svn -exclude .git -exclude .hg -resolve-src-symlinks /Users/kathryn/Desktop/woochoper-ios/Nosfy/Media/BoosterLeve.wav /tmp/nosfy-nom-20260918/Build/Products/Release-iphoneos/Nosfy.app

CpResource /tmp/nosfy-nom-20260918/Build/Products/Release-iphoneos/Nosfy.app/AuroraSwipe.wav /Users/kathryn/Desktop/woochoper-ios/Nosfy/Sounds/AuroraSwipe.wav (in target 'Nosfy' from project 'Nosfy')
    cd /Users/kathryn/Desktop/woochoper-ios
    builtin-copy -exclude .DS_Store -exclude CVS -exclude .svn -exclude .git -exclude .hg -resolve-src-symlinks /Users/kathryn/Desktop/woochoper-ios/Nosfy/Sounds/AuroraSwipe.wav /tmp/nosfy-nom-20260918/Build/Products/Release-iphoneos/Nosfy.app

CpResource /tmp/nosfy-nom-20260918/Build/Products/Release-iphoneos/Nosfy.app/AuroraSparkle.wav /Users/kathryn/Desktop/woochoper-ios/Nosfy/Sounds/AuroraSparkle.wav (in target 'Nosfy' from project 'Nosfy')
    cd /Users/kathryn/Desktop/woochoper-ios
    builtin-copy -exclude .DS_Store -exclude CVS -exclude .svn -exclude .git -exclude .hg -resolve-src-symlinks /Users/kathryn/Desktop/woochoper-ios/Nosfy/Sounds/AuroraSparkle.wav /tmp/nosfy-nom-20260918/Build/Products/Release-iphoneos/Nosfy.app

CpResource /tmp/nosfy-nom-20260918/Build/Products/Release-iphoneos/Nosfy.app/AuroraBreath.wav /Users/kathryn/Desktop/woochoper-ios/Nosfy/Sounds/AuroraBreath.wav (in target 'Nosfy' from project 'Nosfy')
    cd /Users/kathryn/Desktop/woochoper-ios
    builtin-copy -exclude .DS_Store -exclude CVS -exclude .svn -exclude .git -exclude .hg -resolve-src-symlinks /Users/kathryn/Desktop/woochoper-ios/Nosfy/Sounds/AuroraBreath.wav /tmp/nosfy-nom-20260918/Build/Products/Release-iphoneos/Nosfy.app

CopyPNGFile /tmp/nosfy-nom-20260918/Build/Products/Release-iphoneos/Nosfy.app/coffre-spot.png /Users/kathryn/Desktop/woochoper-ios/Nosfy/Media/coffre-spot.png (in target 'Nosfy' from project 'Nosfy')
    cd /Users/kathryn/Desktop/woochoper-ios
    /Applications/Xcode.app/Contents/Developer/usr/bin/copypng -compress -strip-PNG-text /Users/kathryn/Desktop/woochoper-ios/Nosfy/Media/coffre-spot.png /tmp/nosfy-nom-20260918/Build/Products/Release-iphoneos/Nosfy.app/coffre-spot.png

CopyPNGFile /tmp/nosfy-nom-20260918/Build/Products/Release-iphoneos/Nosfy.app/coffre-arche.png /Users/kathryn/Desktop/woochoper-ios/Nosfy/Media/coffre-arche.png (in target 'Nosfy' from project 'Nosfy')
    cd /Users/kathryn/Desktop/woochoper-ios
    /Applications/Xcode.app/Contents/Developer/usr/bin/copypng -compress -strip-PNG-text /Users/kathryn/Desktop/woochoper-ios/Nosfy/Media/coffre-arche.png /tmp/nosfy-nom-20260918/Build/Products/Release-iphoneos/Nosfy.app/coffre-arche.png

CopyPNGFile /tmp/nosfy-nom-20260918/Build/Products/Release-iphoneos/Nosfy.app/coffre-arche-neon.png /Users/kathryn/Desktop/woochoper-ios/Nosfy/Media/coffre-arche-neon.png (in target 'Nosfy' from project 'Nosfy')
    cd /Users/kathryn/Desktop/woochoper-ios
    /Applications/Xcode.app/Contents/Developer/usr/bin/copypng -compress -strip-PNG-text /Users/kathryn/Desktop/woochoper-ios/Nosfy/Media/coffre-arche-neon.png /tmp/nosfy-nom-20260918/Build/Products/Release-iphoneos/Nosfy.app/coffre-arche-neon.png

CopyPNGFile /tmp/nosfy-nom-20260918/Build/Products/Release-iphoneos/Nosfy.app/carte-lune-L3.png /Users/kathryn/Desktop/woochoper-ios/Nosfy/Media/carte-lune-L3.png (in target 'Nosfy' from project 'Nosfy')
    cd /Users/kathryn/Desktop/woochoper-ios
    /Applications/Xcode.app/Contents/Developer/usr/bin/copypng -compress -strip-PNG-text /Users/kathryn/Desktop/woochoper-ios/Nosfy/Media/carte-lune-L3.png /tmp/nosfy-nom-20260918/Build/Products/Release-iphoneos/Nosfy.app/carte-lune-L3.png

CopyPNGFile /tmp/nosfy-nom-20260918/Build/Products/Release-iphoneos/Nosfy.app/carte-lune-L2.png /Users/kathryn/Desktop/woochoper-ios/Nosfy/Media/carte-lune-L2.png (in target 'Nosfy' from project 'Nosfy')
    cd /Users/kathryn/Desktop/woochoper-ios
    /Applications/Xcode.app/Contents/Developer/usr/bin/copypng -compress -strip-PNG-text /Users/kathryn/Desktop/woochoper-ios/Nosfy/Media/carte-lune-L2.png /tmp/nosfy-nom-20260918/Build/Products/Release-iphoneos/Nosfy.app/carte-lune-L2.png

CopyPNGFile /tmp/nosfy-nom-20260918/Build/Products/Release-iphoneos/Nosfy.app/carte-lune-L1.png /Users/kathryn/Desktop/woochoper-ios/Nosfy/Media/carte-lune-L1.png (in target 'Nosfy' from project 'Nosfy')
    cd /Users/kathryn/Desktop/woochoper-ios
    /Applications/Xcode.app/Contents/Developer/usr/bin/copypng -compress -strip-PNG-text /Users/kathryn/Desktop/woochoper-ios/Nosfy/Media/carte-lune-L1.png /tmp/nosfy-nom-20260918/Build/Products/Release-iphoneos/Nosfy.app/carte-lune-L1.png

CopyPNGFile /tmp/nosfy-nom-20260918/Build/Products/Release-iphoneos/Nosfy.app/carte-lune-L0.png /Users/kathryn/Desktop/woochoper-ios/Nosfy/Media/carte-lune-L0.png (in target 'Nosfy' from project 'Nosfy')
    cd /Users/kathryn/Desktop/woochoper-ios
    /Applications/Xcode.app/Contents/Developer/usr/bin/copypng -compress -strip-PNG-text /Users/kathryn/Desktop/woochoper-ios/Nosfy/Media/carte-lune-L0.png /tmp/nosfy-nom-20260918/Build/Products/Release-iphoneos/Nosfy.app/carte-lune-L0.png

CopyPNGFile /tmp/nosfy-nom-20260918/Build/Products/Release-iphoneos/Nosfy.app/carte-lune-1.png /Users/kathryn/Desktop/woochoper-ios/Nosfy/Media/carte-lune-1.png (in target 'Nosfy' from project 'Nosfy')
    cd /Users/kathryn/Desktop/woochoper-ios
    /Applications/Xcode.app/Contents/Developer/usr/bin/copypng -compress -strip-PNG-text /Users/kathryn/Desktop/woochoper-ios/Nosfy/Media/carte-lune-1.png /tmp/nosfy-nom-20260918/Build/Products/Release-iphoneos/Nosfy.app/carte-lune-1.png

CopyPNGFile /tmp/nosfy-nom-20260918/Build/Products/Release-iphoneos/Nosfy.app/carte-lune-1-depth.png /Users/kathryn/Desktop/woochoper-ios/Nosfy/Media/carte-lune-1-depth.png (in target 'Nosfy' from project 'Nosfy')
    cd /Users/kathryn/Desktop/woochoper-ios
    /Applications/Xcode.app/Contents/Developer/usr/bin/copypng -compress -strip-PNG-text /Users/kathryn/Desktop/woochoper-ios/Nosfy/Media/carte-lune-1-depth.png /tmp/nosfy-nom-20260918/Build/Products/Release-iphoneos/Nosfy.app/carte-lune-1-depth.png

CopyPNGFile /tmp/nosfy-nom-20260918/Build/Products/Release-iphoneos/Nosfy.app/carte-logo-ref.png /Users/kathryn/Desktop/woochoper-ios/Nosfy/Media/carte-logo-ref.png (in target 'Nosfy' from project 'Nosfy')
    cd /Users/kathryn/Desktop/woochoper-ios
    /Applications/Xcode.app/Contents/Developer/usr/bin/copypng -compress -strip-PNG-text /Users/kathryn/Desktop/woochoper-ios/Nosfy/Media/carte-logo-ref.png /tmp/nosfy-nom-20260918/Build/Products/Release-iphoneos/Nosfy.app/carte-logo-ref.png

CopyPNGFile /tmp/nosfy-nom-20260918/Build/Products/Release-iphoneos/Nosfy.app/carte-dos.png /Users/kathryn/Desktop/woochoper-ios/Nosfy/Media/carte-dos.png (in target 'Nosfy' from project 'Nosfy')
    cd /Users/kathryn/Desktop/woochoper-ios
    /Applications/Xcode.app/Contents/Developer/usr/bin/copypng -compress -strip-PNG-text /Users/kathryn/Desktop/woochoper-ios/Nosfy/Media/carte-dos.png /tmp/nosfy-nom-20260918/Build/Products/Release-iphoneos/Nosfy.app/carte-dos.png

CopyPNGFile /tmp/nosfy-nom-20260918/Build/Products/Release-iphoneos/Nosfy.app/carte-dos-vide.png /Users/kathryn/Desktop/woochoper-ios/Nosfy/Media/carte-dos-vide.png (in target 'Nosfy' from project 'Nosfy')
    cd /Users/kathryn/Desktop/woochoper-ios
    /Applications/Xcode.app/Contents/Developer/usr/bin/copypng -compress -strip-PNG-text /Users/kathryn/Desktop/woochoper-ios/Nosfy/Media/carte-dos-vide.png /tmp/nosfy-nom-20260918/Build/Products/Release-iphoneos/Nosfy.app/carte-dos-vide.png

CopyPNGFile /tmp/nosfy-nom-20260918/Build/Products/Release-iphoneos/Nosfy.app/carte-cadre.png /Users/kathryn/Desktop/woochoper-ios/Nosfy/Media/carte-cadre.png (in target 'Nosfy' from project 'Nosfy')
    cd /Users/kathryn/Desktop/woochoper-ios
    /Applications/Xcode.app/Contents/Developer/usr/bin/copypng -compress -strip-PNG-text /Users/kathryn/Desktop/woochoper-ios/Nosfy/Media/carte-cadre.png /tmp/nosfy-nom-20260918/Build/Products/Release-iphoneos/Nosfy.app/carte-cadre.png

CopyPNGFile /tmp/nosfy-nom-20260918/Build/Products/Release-iphoneos/Nosfy.app/carte-cadre-legendaire.png /Users/kathryn/Desktop/woochoper-ios/Nosfy/Media/carte-cadre-legendaire.png (in target 'Nosfy' from project 'Nosfy')
    cd /Users/kathryn/Desktop/woochoper-ios
    /Applications/Xcode.app/Contents/Developer/usr/bin/copypng -compress -strip-PNG-text /Users/kathryn/Desktop/woochoper-ios/Nosfy/Media/carte-cadre-legendaire.png /tmp/nosfy-nom-20260918/Build/Products/Release-iphoneos/Nosfy.app/carte-cadre-legendaire.png

CopyPNGFile /tmp/nosfy-nom-20260918/Build/Products/Release-iphoneos/Nosfy.app/carnet-ouvert.png /Users/kathryn/Desktop/woochoper-ios/Nosfy/Media/carnet-ouvert.png (in target 'Nosfy' from project 'Nosfy')
    cd /Users/kathryn/Desktop/woochoper-ios
    /Applications/Xcode.app/Contents/Developer/usr/bin/copypng -compress -strip-PNG-text /Users/kathryn/Desktop/woochoper-ios/Nosfy/Media/carnet-ouvert.png /tmp/nosfy-nom-20260918/Build/Products/Release-iphoneos/Nosfy.app/carnet-ouvert.png

CopyPNGFile /tmp/nosfy-nom-20260918/Build/Products/Release-iphoneos/Nosfy.app/carnet-ferme.png /Users/kathryn/Desktop/woochoper-ios/Nosfy/Media/carnet-ferme.png (in target 'Nosfy' from project 'Nosfy')
    cd /Users/kathryn/Desktop/woochoper-ios
    /Applications/Xcode.app/Contents/Developer/usr/bin/copypng -compress -strip-PNG-text /Users/kathryn/Desktop/woochoper-ios/Nosfy/Media/carnet-ferme.png /tmp/nosfy-nom-20260918/Build/Products/Release-iphoneos/Nosfy.app/carnet-ferme.png

CopyPNGFile /tmp/nosfy-nom-20260918/Build/Products/Release-iphoneos/Nosfy.app/booster-pill.png /Users/kathryn/Desktop/woochoper-ios/Nosfy/Media/booster-pill.png (in target 'Nosfy' from project 'Nosfy')
    cd /Users/kathryn/Desktop/woochoper-ios
    /Applications/Xcode.app/Contents/Developer/usr/bin/copypng -compress -strip-PNG-text /Users/kathryn/Desktop/woochoper-ios/Nosfy/Media/booster-pill.png /tmp/nosfy-nom-20260918/Build/Products/Release-iphoneos/Nosfy.app/booster-pill.png

CopyPNGFile /tmp/nosfy-nom-20260918/Build/Products/Release-iphoneos/Nosfy.app/booster-pill-noir.png /Users/kathryn/Desktop/woochoper-ios/Nosfy/Media/booster-pill-noir.png (in target 'Nosfy' from project 'Nosfy')
    cd /Users/kathryn/Desktop/woochoper-ios
    /Applications/Xcode.app/Contents/Developer/usr/bin/copypng -compress -strip-PNG-text /Users/kathryn/Desktop/woochoper-ios/Nosfy/Media/booster-pill-noir.png /tmp/nosfy-nom-20260918/Build/Products/Release-iphoneos/Nosfy.app/booster-pill-noir.png

CopyPNGFile /tmp/nosfy-nom-20260918/Build/Products/Release-iphoneos/Nosfy.app/booster-normal.png /Users/kathryn/Desktop/woochoper-ios/Nosfy/Media/booster-normal.png (in target 'Nosfy' from project 'Nosfy')
    cd /Users/kathryn/Desktop/woochoper-ios
    /Applications/Xcode.app/Contents/Developer/usr/bin/copypng -compress -strip-PNG-text /Users/kathryn/Desktop/woochoper-ios/Nosfy/Media/booster-normal.png /tmp/nosfy-nom-20260918/Build/Products/Release-iphoneos/Nosfy.app/booster-normal.png

CopyPNGFile /tmp/nosfy-nom-20260918/Build/Products/Release-iphoneos/Nosfy.app/booster-noir-emiss.png /Users/kathryn/Desktop/woochoper-ios/Nosfy/Media/booster-noir-emiss.png (in target 'Nosfy' from project 'Nosfy')
    cd /Users/kathryn/Desktop/woochoper-ios
    /Applications/Xcode.app/Contents/Developer/usr/bin/copypng -compress -strip-PNG-text /Users/kathryn/Desktop/woochoper-ios/Nosfy/Media/booster-noir-emiss.png /tmp/nosfy-nom-20260918/Build/Products/Release-iphoneos/Nosfy.app/booster-noir-emiss.png

CopyPNGFile /tmp/nosfy-nom-20260918/Build/Products/Release-iphoneos/Nosfy.app/booster-noir-color.png /Users/kathryn/Desktop/woochoper-ios/Nosfy/Media/booster-noir-color.png (in target 'Nosfy' from project 'Nosfy')
    cd /Users/kathryn/Desktop/woochoper-ios
    /Applications/Xcode.app/Contents/Developer/usr/bin/copypng -compress -strip-PNG-text /Users/kathryn/Desktop/woochoper-ios/Nosfy/Media/booster-noir-color.png /tmp/nosfy-nom-20260918/Build/Products/Release-iphoneos/Nosfy.app/booster-noir-color.png

CopyPNGFile /tmp/nosfy-nom-20260918/Build/Products/Release-iphoneos/Nosfy.app/booster-emiss.png /Users/kathryn/Desktop/woochoper-ios/Nosfy/Media/booster-emiss.png (in target 'Nosfy' from project 'Nosfy')
    cd /Users/kathryn/Desktop/woochoper-ios
    /Applications/Xcode.app/Contents/Developer/usr/bin/copypng -compress -strip-PNG-text /Users/kathryn/Desktop/woochoper-ios/Nosfy/Media/booster-emiss.png /tmp/nosfy-nom-20260918/Build/Products/Release-iphoneos/Nosfy.app/booster-emiss.png

CopyPNGFile /tmp/nosfy-nom-20260918/Build/Products/Release-iphoneos/Nosfy.app/booster-color.png /Users/kathryn/Desktop/woochoper-ios/Nosfy/Media/booster-color.png (in target 'Nosfy' from project 'Nosfy')
    cd /Users/kathryn/Desktop/woochoper-ios
    /Applications/Xcode.app/Contents/Developer/usr/bin/copypng -compress -strip-PNG-text /Users/kathryn/Desktop/woochoper-ios/Nosfy/Media/booster-color.png /tmp/nosfy-nom-20260918/Build/Products/Release-iphoneos/Nosfy.app/booster-color.png

CopyPNGFile /tmp/nosfy-nom-20260918/Build/Products/Release-iphoneos/Nosfy.app/booster-carte.png /Users/kathryn/Desktop/woochoper-ios/Nosfy/Media/booster-carte.png (in target 'Nosfy' from project 'Nosfy')
    cd /Users/kathryn/Desktop/woochoper-ios
    /Applications/Xcode.app/Contents/Developer/usr/bin/copypng -compress -strip-PNG-text /Users/kathryn/Desktop/woochoper-ios/Nosfy/Media/booster-carte.png /tmp/nosfy-nom-20260918/Build/Products/Release-iphoneos/Nosfy.app/booster-carte.png

SwiftDriverJobDiscovery normal arm64 Compiling BottleSplash.swift, CoinChime.swift, DiamondGlints.swift, Ink.swift, LightDial.swift, LuneDust.swift, MonolithChime.swift, NightBirds.swift, RocketHaptics.swift, SparkleBurst.swift, SplashBackground.swift, SplashWisp.swift, Annonces.swift, AppleAuth.swift, ChambreServeur.swift, CoachServeur.swift, Compte.swift, EconomieNosfy.swift, ForgeServeur.swift, HomeTextes.swift, InscriptionCompte.swift, Langue.swift, LuneForge.swift, OutboxGains.swift, OuvertureSeanceServeur.swift, ProfilServeur.swift, SacreServeur.swift, Supabase.swift, SupabaseSync.swift, SynthesisService.swift, WorkoutActivityController.swift, ActiveWorkoutView.swift, AppelChapitre.swift, AppelProfilVisite.swift, AuroraBgLab.swift, AuthView.swift, BancCoutHome.swift, BoosterCard.swift, BoosterLab.swift, BoosterPack.swift, BoosterPopup.swift, BordSeance.swift, BoutonPrimaire.swift, BravoLab.swift, CalendarView.swift, CalLab.swift, CardioFiche.swift, CardRoute.swift, CarnetLab.swift, CarnetScene.swift, CarteLuneLab.swift, ChambreDonnees.swift, ChambreHiit.swift, ChambreLongue.swift, ChambrePeak.swift, ChambreRegularite.swift, ChambreVolume.swift, ChargeFiche.swift, ChevronAppelNatif.swift, ChipVerre.swift, CinematicPlayer.swift, ClavierBraise.swift, CoffreFlipLab.swift, CoffreFortCoin.swift, CoffreFortPurse.swift, CoffreFortView.swift, CoffreV2.swift, ConnexionButtonLab.swift, ConnexionCinematic.swift, CorpsNacre.swift, CounterLab.swift, DemonVideo.swift, DepartCine.swift, DepartSeance.swift, DevilAuraOverlay.swift, DuolinguoPage.swift, EmberFlameLab.swift, ExerciseDetailView.swift, ExerciseEditor.swift, ExercisePhoto.swift, ExerciseSetupCard.swift, ExercisesView.swift, ExosFond.swift, FilmDepartSeance.swift, FlameLab.swift, FlammeJauge.swift, FlammeJaugeLab.swift, FondVideoMetal.swift, Foyer.swift, FumeeInviteMetal.swift, GaletEtape.swift, GaletLab.swift, GaletSlide.swift, HaloDawnLab.swift, HarmonieLab.swift, HomeAuroraView.swift, HomeNuit.swift, HomeView.swift, JewelTabBar.swift, LaunchPebble.swift, LensParticles.swift, LiquidLensLab.swift, LisereCoreAnimation.swift, LisereImages.swift, LisereRespirant.swift, LiveExerciseView.swift, LivingNebulaBackground.swift, LoginLab.swift, LogoLab.swift, LuneDeSang.swift, MenuCouronne.swift, MenuNappe.swift, MoonCoinLab.swift, MoonSplash.swift, NavDiagnostic.swift, ImpGlyph.swift, MoonGlyph.swift, ProgressComet.swift, WorkoutActivity.swift, NavEncre.swift, NavLab.swift, NeonPrimaryButton.swift, NeonPrimaryLab.swift, NosfyOnboarding.swift, NotchedCard.swift, NotifCard.swift, NotifChasse.swift, NotifLab.swift, ObjectiveCard.swift, ObjectiveCardLab.swift, ObsidianCard.swift, ObsidianCardLab.swift, OrphanProbe.swift, PageCard.swift, PanBande.swift, ParoleLigne.swift, PerleSemaineNative.swift, PiluleVagabonde.swift, PlayerMonde.swift, PlayerSeance.swift, PorteApple.swift, PorteEntree.swift, PremiereArrivee.swift, ProfilLune.swift, ProgressionView.swift, ProgressPage.swift, RecentWorkoutCard.swift, RestartSheet.swift, RewardCard.swift, RewardChemin.swift, RewardCheminCard.swift, RewardCheminVariants.swift, RewardLab.swift, RythmeEcran.swift, SacreAccueil.swift, SessionSlate.swift, SetEntrySheet.swift, SetHistoryRow.swift, SliderLab.swift, SliderObsidienne.swift, SondeCadence.swift, SondeVol.swift, StopCard.swift, StopLab.swift, StopSessionSheet.swift, StoryEnded.swift, StoryFlow.swift, StorySuite.swift, StoryVideo.swift, SuccessLab.swift, SwapCardSurface.swift, SwapEmptyCard.swift, SynthesisCard.swift, TapisLab.swift, TapisScene.swift, VerificationCompte.swift, VerreCoulant.swift, VisiteExercice.swift, VisiteHome.swift, WahouReveal.swift, WidgetEdition.swift, WidgetsCards.swift, WorkoutPill.swift, WorkoutsListView.swift, Atmosphere.swift, DemonSky.swift, Models.swift, MoonPath.swift, MoonSDF.swift, NebulaConfiguration.swift, NebulaNoise.swift, NebulaStrip.swift, NosfyApp.swift, Theme.swift, GeneratedAssetSymbols.swift (in target 'Nosfy' from project 'Nosfy')

SwiftDriver\ Compilation\ Requirements Nosfy normal arm64 com.apple.xcode.tools.swift.compiler (in target 'Nosfy' from project 'Nosfy')
    cd /Users/kathryn/Desktop/woochoper-ios
    builtin-Swift-Compilation-Requirements -- /Applications/Xcode.app/Contents/Developer/Toolchains/XcodeDefault.xctoolchain/usr/bin/swiftc -module-name Woop -O -whole-module-optimization @/tmp/nosfy-nom-20260918/Build/Intermediates.noindex/Nosfy.build/Release-iphoneos/Nosfy.build/Objects-normal/arm64/Nosfy.SwiftFileList -enable-bare-slash-regex -enable-experimental-feature DebugDescriptionMacro -sdk /Applications/Xcode.app/Contents/Developer/Platforms/iPhoneOS.platform/Developer/SDKs/iPhoneOS26.5.sdk -target arm64-apple-ios26.0 -g -module-cache-path /tmp/nosfy-nom-20260918/ModuleCache.noindex -Xfrontend -serialize-debugging-options -swift-version 5 -I /tmp/nosfy-nom-20260918/Build/Products/Release-iphoneos -F /tmp/nosfy-nom-20260918/Build/Products/Release-iphoneos -emit-localized-strings -emit-localized-strings-path /tmp/nosfy-nom-20260918/Build/Intermediates.noindex/Nosfy.build/Release-iphoneos/Nosfy.build/Objects-normal/arm64 -c -num-threads 10 -Xcc -ivfsstatcache -Xcc /tmp/nosfy-nom-20260918/SDKStatCaches.noindex/iphoneos26.5-23F73-688ef53f1462e2c8f657fdc38a81448f32daed1954a7d5dd0789fcaf2a9bb78b.sdkstatcache -output-file-map /tmp/nosfy-nom-20260918/Build/Intermediates.noindex/Nosfy.build/Release-iphoneos/Nosfy.build/Objects-normal/arm64/Nosfy-OutputFileMap.json -use-frontend-parseable-output -save-temps -no-color-diagnostics -explicit-module-build -module-cache-path /tmp/nosfy-nom-20260918/Build/Intermediates.noindex/SwiftExplicitPrecompiledModules -clang-scanner-module-cache-path /tmp/nosfy-nom-20260918/ModuleCache.noindex -sdk-module-cache-path /tmp/nosfy-nom-20260918/ModuleCache.noindex -serialize-diagnostics -emit-dependencies -emit-module -emit-module-path /tmp/nosfy-nom-20260918/Build/Intermediates.noindex/Nosfy.build/Release-iphoneos/Nosfy.build/Objects-normal/arm64/Woop.swiftmodule -validate-clang-modules-once -clang-build-session-file /tmp/nosfy-nom-20260918/ModuleCache.noindex/Session.modulevalidation -Xcc -I/tmp/nosfy-nom-20260918/Build/Intermediates.noindex/Nosfy.build/Release-iphoneos/Nosfy.build/swift-overrides.hmap -emit-const-values -Xfrontend -const-gather-protocols-file -Xfrontend /tmp/nosfy-nom-20260918/Build/Intermediates.noindex/Nosfy.build/Release-iphoneos/Nosfy.build/Objects-normal/arm64/Nosfy_const_extract_protocols.json -Xcc -iquote -Xcc /tmp/nosfy-nom-20260918/Build/Intermediates.noindex/Nosfy.build/Release-iphoneos/Nosfy.build/Nosfy-generated-files.hmap -Xcc -I/tmp/nosfy-nom-20260918/Build/Intermediates.noindex/Nosfy.build/Release-iphoneos/Nosfy.build/Nosfy-own-target-headers.hmap -Xcc -I/tmp/nosfy-nom-20260918/Build/Intermediates.noindex/Nosfy.build/Release-iphoneos/Nosfy.build/Nosfy-all-target-headers.hmap -Xcc -iquote -Xcc /tmp/nosfy-nom-20260918/Build/Intermediates.noindex/Nosfy.build/Release-iphoneos/Nosfy.build/Nosfy-project-headers.hmap -Xcc -I/tmp/nosfy-nom-20260918/Build/Products/Release-iphoneos/include -Xcc -I/tmp/nosfy-nom-20260918/Build/Intermediates.noindex/Nosfy.build/Release-iphoneos/Nosfy.build/DerivedSources-normal/arm64 -Xcc -I/tmp/nosfy-nom-20260918/Build/Intermediates.noindex/Nosfy.build/Release-iphoneos/Nosfy.build/DerivedSources/arm64 -Xcc -I/tmp/nosfy-nom-20260918/Build/Intermediates.noindex/Nosfy.build/Release-iphoneos/Nosfy.build/DerivedSources -emit-objc-header -emit-objc-header-path /tmp/nosfy-nom-20260918/Build/Intermediates.noindex/Nosfy.build/Release-iphoneos/Nosfy.build/Objects-normal/arm64/Woop-Swift.h -working-directory /Users/kathryn/Desktop/woochoper-ios -no-emit-module-separately-wmo

SwiftMergeGeneratedHeaders /tmp/nosfy-nom-20260918/Build/Intermediates.noindex/Nosfy.build/Release-iphoneos/Nosfy.build/DerivedSources/Woop-Swift.h /tmp/nosfy-nom-20260918/Build/Intermediates.noindex/Nosfy.build/Release-iphoneos/Nosfy.build/Objects-normal/arm64/Woop-Swift.h (in target 'Nosfy' from project 'Nosfy')
    cd /Users/kathryn/Desktop/woochoper-ios
    builtin-swiftHeaderTool -arch arm64 /tmp/nosfy-nom-20260918/Build/Intermediates.noindex/Nosfy.build/Release-iphoneos/Nosfy.build/Objects-normal/arm64/Woop-Swift.h -o /tmp/nosfy-nom-20260918/Build/Intermediates.noindex/Nosfy.build/Release-iphoneos/Nosfy.build/DerivedSources/Woop-Swift.h

Copy /tmp/nosfy-nom-20260918/Build/Products/Release-iphoneos/Woop.swiftmodule/arm64-apple-ios.swiftmodule /tmp/nosfy-nom-20260918/Build/Intermediates.noindex/Nosfy.build/Release-iphoneos/Nosfy.build/Objects-normal/arm64/Woop.swiftmodule (in target 'Nosfy' from project 'Nosfy')
    cd /Users/kathryn/Desktop/woochoper-ios
    builtin-copy -exclude .DS_Store -exclude CVS -exclude .svn -exclude .git -exclude .hg -resolve-src-symlinks -rename /tmp/nosfy-nom-20260918/Build/Intermediates.noindex/Nosfy.build/Release-iphoneos/Nosfy.build/Objects-normal/arm64/Woop.swiftmodule /tmp/nosfy-nom-20260918/Build/Products/Release-iphoneos/Woop.swiftmodule/arm64-apple-ios.swiftmodule

Copy /tmp/nosfy-nom-20260918/Build/Products/Release-iphoneos/Woop.swiftmodule/arm64-apple-ios.swiftdoc /tmp/nosfy-nom-20260918/Build/Intermediates.noindex/Nosfy.build/Release-iphoneos/Nosfy.build/Objects-normal/arm64/Woop.swiftdoc (in target 'Nosfy' from project 'Nosfy')
    cd /Users/kathryn/Desktop/woochoper-ios
    builtin-copy -exclude .DS_Store -exclude CVS -exclude .svn -exclude .git -exclude .hg -resolve-src-symlinks -rename /tmp/nosfy-nom-20260918/Build/Intermediates.noindex/Nosfy.build/Release-iphoneos/Nosfy.build/Objects-normal/arm64/Woop.swiftdoc /tmp/nosfy-nom-20260918/Build/Products/Release-iphoneos/Woop.swiftmodule/arm64-apple-ios.swiftdoc

Copy /tmp/nosfy-nom-20260918/Build/Products/Release-iphoneos/Woop.swiftmodule/arm64-apple-ios.abi.json /tmp/nosfy-nom-20260918/Build/Intermediates.noindex/Nosfy.build/Release-iphoneos/Nosfy.build/Objects-normal/arm64/Woop.abi.json (in target 'Nosfy' from project 'Nosfy')
    cd /Users/kathryn/Desktop/woochoper-ios
    builtin-copy -exclude .DS_Store -exclude CVS -exclude .svn -exclude .git -exclude .hg -resolve-src-symlinks -rename /tmp/nosfy-nom-20260918/Build/Intermediates.noindex/Nosfy.build/Release-iphoneos/Nosfy.build/Objects-normal/arm64/Woop.abi.json /tmp/nosfy-nom-20260918/Build/Products/Release-iphoneos/Woop.swiftmodule/arm64-apple-ios.abi.json

Copy /tmp/nosfy-nom-20260918/Build/Products/Release-iphoneos/Woop.swiftmodule/Project/arm64-apple-ios.swiftsourceinfo /tmp/nosfy-nom-20260918/Build/Intermediates.noindex/Nosfy.build/Release-iphoneos/Nosfy.build/Objects-normal/arm64/Woop.swiftsourceinfo (in target 'Nosfy' from project 'Nosfy')
    cd /Users/kathryn/Desktop/woochoper-ios
    builtin-copy -exclude .DS_Store -exclude CVS -exclude .svn -exclude .git -exclude .hg -resolve-src-symlinks -rename /tmp/nosfy-nom-20260918/Build/Intermediates.noindex/Nosfy.build/Release-iphoneos/Nosfy.build/Objects-normal/arm64/Woop.swiftsourceinfo /tmp/nosfy-nom-20260918/Build/Products/Release-iphoneos/Woop.swiftmodule/Project/arm64-apple-ios.swiftsourceinfo

Ld /tmp/nosfy-nom-20260918/Build/Products/Release-iphoneos/Nosfy.app/Nosfy normal (in target 'Nosfy' from project 'Nosfy')
    cd /Users/kathryn/Desktop/woochoper-ios
    /Applications/Xcode.app/Contents/Developer/Toolchains/XcodeDefault.xctoolchain/usr/bin/clang -Xlinker -reproducible -target arm64-apple-ios26.0 -isysroot /Applications/Xcode.app/Contents/Developer/Platforms/iPhoneOS.platform/Developer/SDKs/iPhoneOS26.5.sdk -Os -L/tmp/nosfy-nom-20260918/Build/Intermediates.noindex/EagerLinkingTBDs/Release-iphoneos -L/tmp/nosfy-nom-20260918/Build/Products/Release-iphoneos -F/tmp/nosfy-nom-20260918/Build/Intermediates.noindex/EagerLinkingTBDs/Release-iphoneos -F/tmp/nosfy-nom-20260918/Build/Products/Release-iphoneos -filelist /tmp/nosfy-nom-20260918/Build/Intermediates.noindex/Nosfy.build/Release-iphoneos/Nosfy.build/Objects-normal/arm64/Nosfy.LinkFileList -Xlinker -rpath -Xlinker @executable_path/Frameworks -Xlinker -dead_strip -Xlinker -object_path_lto -Xlinker /tmp/nosfy-nom-20260918/Build/Intermediates.noindex/Nosfy.build/Release-iphoneos/Nosfy.build/Objects-normal/arm64/Nosfy_lto.o -Xlinker -dependency_info -Xlinker /tmp/nosfy-nom-20260918/Build/Intermediates.noindex/Nosfy.build/Release-iphoneos/Nosfy.build/Objects-normal/arm64/Nosfy_dependency_info.dat -fobjc-link-runtime -L/Applications/Xcode.app/Contents/Developer/Toolchains/XcodeDefault.xctoolchain/usr/lib/swift/iphoneos -L/usr/lib/swift -Xlinker -add_ast_path -Xlinker /tmp/nosfy-nom-20260918/Build/Intermediates.noindex/Nosfy.build/Release-iphoneos/Nosfy.build/Objects-normal/arm64/Woop.swiftmodule @/tmp/nosfy-nom-20260918/Build/Intermediates.noindex/Nosfy.build/Release-iphoneos/Nosfy.build/Objects-normal/arm64/Woop-linker-args.resp -Xlinker -no_adhoc_codesign -o /tmp/nosfy-nom-20260918/Build/Products/Release-iphoneos/Nosfy.app/Nosfy

Copy /tmp/nosfy-nom-20260918/Build/Products/Release-iphoneos/Nosfy.app/PlugIns/NosfyWidgets.appex /tmp/nosfy-nom-20260918/Build/Products/Release-iphoneos/NosfyWidgets.appex (in target 'Nosfy' from project 'Nosfy')
    cd /Users/kathryn/Desktop/woochoper-ios
    builtin-copy -exclude .DS_Store -exclude CVS -exclude .svn -exclude .git -exclude .hg -exclude Headers -exclude PrivateHeaders -exclude Modules -exclude \*.tbd -resolve-src-symlinks -remove-static-executable /tmp/nosfy-nom-20260918/Build/Products/Release-iphoneos/NosfyWidgets.appex /tmp/nosfy-nom-20260918/Build/Products/Release-iphoneos/Nosfy.app/PlugIns

ProcessInfoPlistFile /tmp/nosfy-nom-20260918/Build/Products/Release-iphoneos/Nosfy.app/Info.plist /Users/kathryn/Desktop/woochoper-ios/Nosfy/Info.plist (in target 'Nosfy' from project 'Nosfy')
    cd /Users/kathryn/Desktop/woochoper-ios
    builtin-infoPlistUtility /Users/kathryn/Desktop/woochoper-ios/Nosfy/Info.plist -producttype com.apple.product-type.application -genpkginfo /tmp/nosfy-nom-20260918/Build/Products/Release-iphoneos/Nosfy.app/PkgInfo -expandbuildsettings -format binary -platform iphoneos -additionalcontentfile /tmp/nosfy-nom-20260918/Build/Intermediates.noindex/Nosfy.build/Release-iphoneos/Nosfy.build/assetcatalog_generated_info.plist -scanforprivacyfile /tmp/nosfy-nom-20260918/Build/Products/Release-iphoneos/Nosfy.app/PlugIns/NosfyWidgets.appex -requiredArchitecture arm64 -o /tmp/nosfy-nom-20260918/Build/Products/Release-iphoneos/Nosfy.app/Info.plist

ExtractAppIntentsMetadata (in target 'Nosfy' from project 'Nosfy')
    cd /Users/kathryn/Desktop/woochoper-ios
    /Applications/Xcode.app/Contents/Developer/Toolchains/XcodeDefault.xctoolchain/usr/bin/appintentsmetadataprocessor --toolchain-dir /var/run/com.apple.security.cryptexd/mnt/com.apple.MobileAsset.MetalToolchain-v17.6.42.0.BA5Ggr/Metal.xctoolchain --module-name Woop --sdk-root /Applications/Xcode.app/Contents/Developer/Platforms/iPhoneOS.platform/Developer/SDKs/iPhoneOS26.5.sdk --xcode-version 17F42 --platform-family iOS --deployment-target 26.0 --bundle-identifier fr.kathryn.woop --output /tmp/nosfy-nom-20260918/Build/Products/Release-iphoneos/Nosfy.app --target-triple arm64-apple-ios26.0 --binary-file /tmp/nosfy-nom-20260918/Build/Products/Release-iphoneos/Nosfy.app/Nosfy --dependency-file /tmp/nosfy-nom-20260918/Build/Intermediates.noindex/Nosfy.build/Release-iphoneos/Nosfy.build/Objects-normal/arm64/Nosfy_dependency_info.dat --stringsdata-file /tmp/nosfy-nom-20260918/Build/Intermediates.noindex/Nosfy.build/Release-iphoneos/Nosfy.build/Objects-normal/arm64/ExtractedAppShortcutsMetadata.stringsdata --source-file-list /tmp/nosfy-nom-20260918/Build/Intermediates.noindex/Nosfy.build/Release-iphoneos/Nosfy.build/Objects-normal/arm64/Nosfy.SwiftFileList --metadata-file-list /tmp/nosfy-nom-20260918/Build/Intermediates.noindex/Nosfy.build/Release-iphoneos/Nosfy.build/Nosfy.DependencyMetadataFileList --static-metadata-file-list /tmp/nosfy-nom-20260918/Build/Intermediates.noindex/Nosfy.build/Release-iphoneos/Nosfy.build/Nosfy.DependencyStaticMetadataFileList --swift-const-vals-list /tmp/nosfy-nom-20260918/Build/Intermediates.noindex/Nosfy.build/Release-iphoneos/Nosfy.build/Objects-normal/arm64/Nosfy.SwiftConstValuesFileList --compile-time-extraction --deployment-aware-processing --validate-assistant-intents --no-app-shortcuts-localization
2026-09-18 09:35:39.336 appintentsmetadataprocessor[36186:18563598] Starting appintentsmetadataprocessor export
2026-09-18 09:35:39.354 appintentsmetadataprocessor[36186:18563598] Extracted no relevant App Intents symbols, skipping writing output

CopySwiftLibs /tmp/nosfy-nom-20260918/Build/Products/Release-iphoneos/Nosfy.app (in target 'Nosfy' from project 'Nosfy')
    cd /Users/kathryn/Desktop/woochoper-ios
    builtin-swiftStdLibTool --copy --verbose --sign 4121E22A5C5DCAA7A798527EE2DDE51FC97B4AD0 --scan-executable /tmp/nosfy-nom-20260918/Build/Products/Release-iphoneos/Nosfy.app/Nosfy --scan-folder /tmp/nosfy-nom-20260918/Build/Products/Release-iphoneos/Nosfy.app/Frameworks --scan-folder /tmp/nosfy-nom-20260918/Build/Products/Release-iphoneos/Nosfy.app/PlugIns --scan-folder /tmp/nosfy-nom-20260918/Build/Products/Release-iphoneos/Nosfy.app/SystemExtensions --scan-folder /tmp/nosfy-nom-20260918/Build/Products/Release-iphoneos/Nosfy.app/Extensions --platform iphoneos --toolchain /var/run/com.apple.security.cryptexd/mnt/com.apple.MobileAsset.MetalToolchain-v17.6.42.0.BA5Ggr/Metal.xctoolchain --toolchain /Applications/Xcode.app/Contents/Developer/Toolchains/XcodeDefault.xctoolchain --destination /tmp/nosfy-nom-20260918/Build/Products/Release-iphoneos/Nosfy.app/Frameworks --strip-bitcode --strip-bitcode-tool /Applications/Xcode.app/Contents/Developer/Toolchains/XcodeDefault.xctoolchain/usr/bin/bitcode_strip --emit-dependency-info /tmp/nosfy-nom-20260918/Build/Intermediates.noindex/Nosfy.build/Release-iphoneos/Nosfy.build/SwiftStdLibToolInputDependencies.dep --filter-for-swift-os

GenerateDSYMFile /tmp/nosfy-nom-20260918/Build/Products/Release-iphoneos/Nosfy.app.dSYM /tmp/nosfy-nom-20260918/Build/Products/Release-iphoneos/Nosfy.app/Nosfy (in target 'Nosfy' from project 'Nosfy')
    cd /Users/kathryn/Desktop/woochoper-ios
    /Applications/Xcode.app/Contents/Developer/Toolchains/XcodeDefault.xctoolchain/usr/bin/dsymutil /tmp/nosfy-nom-20260918/Build/Products/Release-iphoneos/Nosfy.app/Nosfy -o /tmp/nosfy-nom-20260918/Build/Products/Release-iphoneos/Nosfy.app.dSYM

AppIntentsSSUTraining (in target 'Nosfy' from project 'Nosfy')
    cd /Users/kathryn/Desktop/woochoper-ios
    /Applications/Xcode.app/Contents/Developer/Toolchains/XcodeDefault.xctoolchain/usr/bin/appintentsnltrainingprocessor --infoplist-path /tmp/nosfy-nom-20260918/Build/Products/Release-iphoneos/Nosfy.app/Info.plist --temp-dir-path /tmp/nosfy-nom-20260918/Build/Intermediates.noindex/Nosfy.build/Release-iphoneos/Nosfy.build/ssu --bundle-id fr.kathryn.woop --product-path /tmp/nosfy-nom-20260918/Build/Products/Release-iphoneos/Nosfy.app --extracted-metadata-path /tmp/nosfy-nom-20260918/Build/Products/Release-iphoneos/Nosfy.app/Metadata.appintents --metadata-file-list /tmp/nosfy-nom-20260918/Build/Intermediates.noindex/Nosfy.build/Release-iphoneos/Nosfy.build/Nosfy.DependencyMetadataFileList --source-file /tmp/nosfy-nom-20260918/Build/Products/Release-iphoneos/Nosfy.app/Info.plist --archive-ssu-assets
2026-09-18 09:35:39.519 appintentsnltrainingprocessor[36188:18563603] Parsing options for appintentsnltrainingprocessor
2026-09-18 09:35:39.520 appintentsnltrainingprocessor[36188:18563603] Starting AppIntents SSU YAML Generation
2026-09-18 09:35:39.520 appintentsnltrainingprocessor[36188:18563603] No AppShortcuts found - Skipping.

CodeSign /tmp/nosfy-nom-20260918/Build/Products/Release-iphoneos/Nosfy.app (in target 'Nosfy' from project 'Nosfy')
    cd /Users/kathryn/Desktop/woochoper-ios
    
    Signing Identity:     "Apple Development: kathryn@soluo-avocats.fr (8UAK4GS75B)"
    Provisioning Profile: "iOS Team Provisioning Profile: fr.kathryn.woop"
                          (acfd3093-9378-4dc3-906a-00a012b0a22b)
    
    /usr/bin/codesign --force --sign 4121E22A5C5DCAA7A798527EE2DDE51FC97B4AD0 --entitlements /tmp/nosfy-nom-20260918/Build/Intermediates.noindex/Nosfy.build/Release-iphoneos/Nosfy.build/Nosfy.app.xcent --timestamp\=none --generate-entitlement-der /tmp/nosfy-nom-20260918/Build/Products/Release-iphoneos/Nosfy.app

ValidateEmbeddedBinary /tmp/nosfy-nom-20260918/Build/Products/Release-iphoneos/Nosfy.app/PlugIns/NosfyWidgets.appex (in target 'Nosfy' from project 'Nosfy')
    cd /Users/kathryn/Desktop/woochoper-ios
    /Applications/Xcode.app/Contents/Developer/usr/bin/embeddedBinaryValidationUtility /tmp/nosfy-nom-20260918/Build/Products/Release-iphoneos/Nosfy.app/PlugIns/NosfyWidgets.appex -signing-cert 4121E22A5C5DCAA7A798527EE2DDE51FC97B4AD0 -info-plist-path /tmp/nosfy-nom-20260918/Build/Products/Release-iphoneos/Nosfy.app/Info.plist

RegisterExecutionPolicyException /tmp/nosfy-nom-20260918/Build/Products/Release-iphoneos/Nosfy.app (in target 'Nosfy' from project 'Nosfy')
    cd /Users/kathryn/Desktop/woochoper-ios
    builtin-RegisterExecutionPolicyException /tmp/nosfy-nom-20260918/Build/Products/Release-iphoneos/Nosfy.app

Validate /tmp/nosfy-nom-20260918/Build/Products/Release-iphoneos/Nosfy.app (in target 'Nosfy' from project 'Nosfy')
    cd /Users/kathryn/Desktop/woochoper-ios
    builtin-validationUtility /tmp/nosfy-nom-20260918/Build/Products/Release-iphoneos/Nosfy.app -validate-for-store -shallow-bundle -infoplist-subpath Info.plist

Touch /tmp/nosfy-nom-20260918/Build/Products/Release-iphoneos/Nosfy.app (in target 'Nosfy' from project 'Nosfy')
    cd /Users/kathryn/Desktop/woochoper-ios
    /usr/bin/touch -c /tmp/nosfy-nom-20260918/Build/Products/Release-iphoneos/Nosfy.app

** BUILD SUCCEEDED **

