Command line invocation:
    /Applications/Xcode.app/Contents/Developer/usr/bin/xcodebuild -project Nosfy.xcodeproj -scheme Nosfy -configuration Debug -sdk iphonesimulator -destination "generic/platform=iOS Simulator" -derivedDataPath /private/tmp/nosfy-live-commit-20260918/derived CODE_SIGNING_ALLOWED=NO ARCHS=arm64 build

Build settings from command line:
    ARCHS = arm64
    CODE_SIGNING_ALLOWED = NO
    SDKROOT = iphonesimulator26.5

ComputePackagePrebuildTargetDependencyGraph

Prepare packages

CreateBuildRequest

SendProjectDescription

CreateBuildOperation

ComputeTargetDependencyGraph
note: Building targets in dependency order
note: Target dependency graph (2 targets)
    Target 'Nosfy' in project 'Nosfy'
        ➜ Explicit dependency on target 'NosfyWidgets' in project 'Nosfy'
    Target 'NosfyWidgets' in project 'Nosfy' (no dependencies)

GatherProvisioningInputs

CreateBuildDescription

ExecuteExternalTool /Applications/Xcode.app/Contents/Developer/Toolchains/XcodeDefault.xctoolchain/usr/bin/clang -v -E -dM -isysroot /Applications/Xcode.app/Contents/Developer/Platforms/iPhoneSimulator.platform/Developer/SDKs/iPhoneSimulator26.5.sdk -x c -c /dev/null

ExecuteExternalTool /Applications/Xcode.app/Contents/Developer/Toolchains/XcodeDefault.xctoolchain/usr/bin/swiftc --version

ExecuteExternalTool /Applications/Xcode.app/Contents/Developer/usr/bin/actool --print-asset-tag-combinations --output-format xml1 /tmp/nosfy-live-commit-20260918/snapshot/Nosfy/AppIcon.icon /tmp/nosfy-live-commit-20260918/snapshot/Nosfy/Assets.xcassets

ExecuteExternalTool /Applications/Xcode.app/Contents/Developer/usr/bin/actool --version --output-format xml1

ExecuteExternalTool /Applications/Xcode.app/Contents/Developer/Toolchains/XcodeDefault.xctoolchain/usr/bin/ld -version_details

Build description signature: 501858f5a6506f1aa807c270b46d7e6f
Build description path: /tmp/nosfy-live-commit-20260918/derived/Build/Intermediates.noindex/XCBuildData/501858f5a6506f1aa807c270b46d7e6f.xcbuilddata
ClangStatCache /Applications/Xcode.app/Contents/Developer/Toolchains/XcodeDefault.xctoolchain/usr/bin/clang-stat-cache /Applications/Xcode.app/Contents/Developer/Platforms/iPhoneSimulator.platform/Developer/SDKs/iPhoneSimulator26.5.sdk /tmp/nosfy-live-commit-20260918/derived/SDKStatCaches.noindex/iphonesimulator26.5-23F73-688ef53f1462e2c8f657fdc38a81448f6cfe768891a92b912361537c460fe42b.sdkstatcache
    cd /tmp/nosfy-live-commit-20260918/snapshot/Nosfy.xcodeproj
    /Applications/Xcode.app/Contents/Developer/Toolchains/XcodeDefault.xctoolchain/usr/bin/clang-stat-cache /Applications/Xcode.app/Contents/Developer/Platforms/iPhoneSimulator.platform/Developer/SDKs/iPhoneSimulator26.5.sdk -o /tmp/nosfy-live-commit-20260918/derived/SDKStatCaches.noindex/iphonesimulator26.5-23F73-688ef53f1462e2c8f657fdc38a81448f6cfe768891a92b912361537c460fe42b.sdkstatcache

CreateBuildDirectory /tmp/nosfy-live-commit-20260918/derived/Build/Products
    cd /tmp/nosfy-live-commit-20260918/snapshot/Nosfy.xcodeproj
    builtin-create-build-directory /tmp/nosfy-live-commit-20260918/derived/Build/Products

CreateBuildDirectory /tmp/nosfy-live-commit-20260918/derived/Build/Intermediates.noindex
    cd /tmp/nosfy-live-commit-20260918/snapshot/Nosfy.xcodeproj
    builtin-create-build-directory /tmp/nosfy-live-commit-20260918/derived/Build/Intermediates.noindex

CreateBuildDirectory /tmp/nosfy-live-commit-20260918/derived/Build/Products/Debug-iphonesimulator
    cd /tmp/nosfy-live-commit-20260918/snapshot/Nosfy.xcodeproj
    builtin-create-build-directory /tmp/nosfy-live-commit-20260918/derived/Build/Products/Debug-iphonesimulator

CreateBuildDirectory /tmp/nosfy-live-commit-20260918/derived/Build/Intermediates.noindex/SwiftExplicitPrecompiledModules
    cd /tmp/nosfy-live-commit-20260918/snapshot/Nosfy.xcodeproj
    builtin-create-build-directory /tmp/nosfy-live-commit-20260918/derived/Build/Intermediates.noindex/SwiftExplicitPrecompiledModules

CreateBuildDirectory /tmp/nosfy-live-commit-20260918/derived/Build/Intermediates.noindex/ExplicitPrecompiledModules
    cd /tmp/nosfy-live-commit-20260918/snapshot/Nosfy.xcodeproj
    builtin-create-build-directory /tmp/nosfy-live-commit-20260918/derived/Build/Intermediates.noindex/ExplicitPrecompiledModules

CreateBuildDirectory /tmp/nosfy-live-commit-20260918/derived/Build/Intermediates.noindex/EagerLinkingTBDs/Debug-iphonesimulator
    cd /tmp/nosfy-live-commit-20260918/snapshot/Nosfy.xcodeproj
    builtin-create-build-directory /tmp/nosfy-live-commit-20260918/derived/Build/Intermediates.noindex/EagerLinkingTBDs/Debug-iphonesimulator

WriteAuxiliaryFile /tmp/nosfy-live-commit-20260918/derived/Build/Intermediates.noindex/Nosfy.build/Debug-iphonesimulator/Nosfy-79457564d8ce4e0e3822ec51709fb743-VFS-iphonesimulator/all-product-headers.yaml
    cd /tmp/nosfy-live-commit-20260918/snapshot/Nosfy.xcodeproj
    write-file /tmp/nosfy-live-commit-20260918/derived/Build/Intermediates.noindex/Nosfy.build/Debug-iphonesimulator/Nosfy-79457564d8ce4e0e3822ec51709fb743-VFS-iphonesimulator/all-product-headers.yaml

WriteAuxiliaryFile /tmp/nosfy-live-commit-20260918/derived/Build/Intermediates.noindex/Nosfy.build/Debug-iphonesimulator/NosfyWidgets.build/NosfyWidgets.DependencyStaticMetadataFileList (in target 'NosfyWidgets' from project 'Nosfy')
    cd /tmp/nosfy-live-commit-20260918/snapshot
    write-file /tmp/nosfy-live-commit-20260918/derived/Build/Intermediates.noindex/Nosfy.build/Debug-iphonesimulator/NosfyWidgets.build/NosfyWidgets.DependencyStaticMetadataFileList

WriteAuxiliaryFile /tmp/nosfy-live-commit-20260918/derived/Build/Intermediates.noindex/Nosfy.build/Debug-iphonesimulator/NosfyWidgets.build/NosfyWidgets.hmap (in target 'NosfyWidgets' from project 'Nosfy')
    cd /tmp/nosfy-live-commit-20260918/snapshot
    write-file /tmp/nosfy-live-commit-20260918/derived/Build/Intermediates.noindex/Nosfy.build/Debug-iphonesimulator/NosfyWidgets.build/NosfyWidgets.hmap

WriteAuxiliaryFile /tmp/nosfy-live-commit-20260918/derived/Build/Intermediates.noindex/Nosfy.build/Debug-iphonesimulator/NosfyWidgets.build/NosfyWidgets.DependencyMetadataFileList (in target 'NosfyWidgets' from project 'Nosfy')
    cd /tmp/nosfy-live-commit-20260918/snapshot
    write-file /tmp/nosfy-live-commit-20260918/derived/Build/Intermediates.noindex/Nosfy.build/Debug-iphonesimulator/NosfyWidgets.build/NosfyWidgets.DependencyMetadataFileList

WriteAuxiliaryFile /tmp/nosfy-live-commit-20260918/derived/Build/Intermediates.noindex/Nosfy.build/Debug-iphonesimulator/NosfyWidgets.build/Objects-normal/arm64/NosfyWidgets.LinkFileList (in target 'NosfyWidgets' from project 'Nosfy')
    cd /tmp/nosfy-live-commit-20260918/snapshot
    write-file /tmp/nosfy-live-commit-20260918/derived/Build/Intermediates.noindex/Nosfy.build/Debug-iphonesimulator/NosfyWidgets.build/Objects-normal/arm64/NosfyWidgets.LinkFileList

WriteAuxiliaryFile /tmp/nosfy-live-commit-20260918/derived/Build/Intermediates.noindex/Nosfy.build/Debug-iphonesimulator/NosfyWidgets.build/Objects-normal/arm64/NosfyWidgets-OutputFileMap.json (in target 'NosfyWidgets' from project 'Nosfy')
    cd /tmp/nosfy-live-commit-20260918/snapshot
    write-file /tmp/nosfy-live-commit-20260918/derived/Build/Intermediates.noindex/Nosfy.build/Debug-iphonesimulator/NosfyWidgets.build/Objects-normal/arm64/NosfyWidgets-OutputFileMap.json

WriteAuxiliaryFile /tmp/nosfy-live-commit-20260918/derived/Build/Intermediates.noindex/Nosfy.build/Debug-iphonesimulator/NosfyWidgets.build/Objects-normal/arm64/NosfyWidgets_const_extract_protocols.json (in target 'NosfyWidgets' from project 'Nosfy')
    cd /tmp/nosfy-live-commit-20260918/snapshot
    write-file /tmp/nosfy-live-commit-20260918/derived/Build/Intermediates.noindex/Nosfy.build/Debug-iphonesimulator/NosfyWidgets.build/Objects-normal/arm64/NosfyWidgets_const_extract_protocols.json

WriteAuxiliaryFile /tmp/nosfy-live-commit-20260918/derived/Build/Intermediates.noindex/Nosfy.build/Debug-iphonesimulator/Nosfy.build/Objects-normal/arm64/Nosfy_const_extract_protocols.json (in target 'Nosfy' from project 'Nosfy')
    cd /tmp/nosfy-live-commit-20260918/snapshot
    write-file /tmp/nosfy-live-commit-20260918/derived/Build/Intermediates.noindex/Nosfy.build/Debug-iphonesimulator/Nosfy.build/Objects-normal/arm64/Nosfy_const_extract_protocols.json

WriteAuxiliaryFile /tmp/nosfy-live-commit-20260918/derived/Build/Intermediates.noindex/Nosfy.build/Debug-iphonesimulator/NosfyWidgets.build/Objects-normal/arm64/NosfyWidgets.SwiftConstValuesFileList (in target 'NosfyWidgets' from project 'Nosfy')
    cd /tmp/nosfy-live-commit-20260918/snapshot
    write-file /tmp/nosfy-live-commit-20260918/derived/Build/Intermediates.noindex/Nosfy.build/Debug-iphonesimulator/NosfyWidgets.build/Objects-normal/arm64/NosfyWidgets.SwiftConstValuesFileList

WriteAuxiliaryFile /tmp/nosfy-live-commit-20260918/derived/Build/Intermediates.noindex/Nosfy.build/Debug-iphonesimulator/NosfyWidgets.build/Objects-normal/arm64/NosfyWidgets.SwiftFileList (in target 'NosfyWidgets' from project 'Nosfy')
    cd /tmp/nosfy-live-commit-20260918/snapshot
    write-file /tmp/nosfy-live-commit-20260918/derived/Build/Intermediates.noindex/Nosfy.build/Debug-iphonesimulator/NosfyWidgets.build/Objects-normal/arm64/NosfyWidgets.SwiftFileList

WriteAuxiliaryFile /tmp/nosfy-live-commit-20260918/derived/Build/Intermediates.noindex/Nosfy.build/Debug-iphonesimulator/NosfyWidgets.build/NosfyWidgets-project-headers.hmap (in target 'NosfyWidgets' from project 'Nosfy')
    cd /tmp/nosfy-live-commit-20260918/snapshot
    write-file /tmp/nosfy-live-commit-20260918/derived/Build/Intermediates.noindex/Nosfy.build/Debug-iphonesimulator/NosfyWidgets.build/NosfyWidgets-project-headers.hmap

WriteAuxiliaryFile /tmp/nosfy-live-commit-20260918/derived/Build/Intermediates.noindex/Nosfy.build/Debug-iphonesimulator/NosfyWidgets.build/NosfyWidgets-own-target-headers.hmap (in target 'NosfyWidgets' from project 'Nosfy')
    cd /tmp/nosfy-live-commit-20260918/snapshot
    write-file /tmp/nosfy-live-commit-20260918/derived/Build/Intermediates.noindex/Nosfy.build/Debug-iphonesimulator/NosfyWidgets.build/NosfyWidgets-own-target-headers.hmap

WriteAuxiliaryFile /tmp/nosfy-live-commit-20260918/derived/Build/Intermediates.noindex/Nosfy.build/Debug-iphonesimulator/NosfyWidgets.build/NosfyWidgets-generated-files.hmap (in target 'NosfyWidgets' from project 'Nosfy')
    cd /tmp/nosfy-live-commit-20260918/snapshot
    write-file /tmp/nosfy-live-commit-20260918/derived/Build/Intermediates.noindex/Nosfy.build/Debug-iphonesimulator/NosfyWidgets.build/NosfyWidgets-generated-files.hmap

WriteAuxiliaryFile /tmp/nosfy-live-commit-20260918/derived/Build/Intermediates.noindex/Nosfy.build/Debug-iphonesimulator/NosfyWidgets.build/NosfyWidgets-all-target-headers.hmap (in target 'NosfyWidgets' from project 'Nosfy')
    cd /tmp/nosfy-live-commit-20260918/snapshot
    write-file /tmp/nosfy-live-commit-20260918/derived/Build/Intermediates.noindex/Nosfy.build/Debug-iphonesimulator/NosfyWidgets.build/NosfyWidgets-all-target-headers.hmap

WriteAuxiliaryFile /tmp/nosfy-live-commit-20260918/derived/Build/Intermediates.noindex/Nosfy.build/Debug-iphonesimulator/NosfyWidgets.build/NosfyWidgets-all-non-framework-target-headers.hmap (in target 'NosfyWidgets' from project 'Nosfy')
    cd /tmp/nosfy-live-commit-20260918/snapshot
    write-file /tmp/nosfy-live-commit-20260918/derived/Build/Intermediates.noindex/Nosfy.build/Debug-iphonesimulator/NosfyWidgets.build/NosfyWidgets-all-non-framework-target-headers.hmap

WriteAuxiliaryFile /tmp/nosfy-live-commit-20260918/derived/Build/Intermediates.noindex/Nosfy.build/Debug-iphonesimulator/NosfyWidgets.build/NosfyWidgets-DebugEntryPoint-normal-arm64.txt (in target 'NosfyWidgets' from project 'Nosfy')
    cd /tmp/nosfy-live-commit-20260918/snapshot
    write-file /tmp/nosfy-live-commit-20260918/derived/Build/Intermediates.noindex/Nosfy.build/Debug-iphonesimulator/NosfyWidgets.build/NosfyWidgets-DebugEntryPoint-normal-arm64.txt

WriteAuxiliaryFile /tmp/nosfy-live-commit-20260918/derived/Build/Intermediates.noindex/Nosfy.build/Debug-iphonesimulator/NosfyWidgets.build/NosfyWidgets-DebugDylibPath-normal-arm64.txt (in target 'NosfyWidgets' from project 'Nosfy')
    cd /tmp/nosfy-live-commit-20260918/snapshot
    write-file /tmp/nosfy-live-commit-20260918/derived/Build/Intermediates.noindex/Nosfy.build/Debug-iphonesimulator/NosfyWidgets.build/NosfyWidgets-DebugDylibPath-normal-arm64.txt

WriteAuxiliaryFile /tmp/nosfy-live-commit-20260918/derived/Build/Intermediates.noindex/Nosfy.build/Debug-iphonesimulator/NosfyWidgets.build/NosfyWidgets-DebugDylibInstallName-normal-arm64.txt (in target 'NosfyWidgets' from project 'Nosfy')
    cd /tmp/nosfy-live-commit-20260918/snapshot
    write-file /tmp/nosfy-live-commit-20260918/derived/Build/Intermediates.noindex/Nosfy.build/Debug-iphonesimulator/NosfyWidgets.build/NosfyWidgets-DebugDylibInstallName-normal-arm64.txt

WriteAuxiliaryFile /tmp/nosfy-live-commit-20260918/derived/Build/Intermediates.noindex/Nosfy.build/Debug-iphonesimulator/Nosfy.build/Objects-normal/arm64/Nosfy.SwiftFileList (in target 'Nosfy' from project 'Nosfy')
    cd /tmp/nosfy-live-commit-20260918/snapshot
    write-file /tmp/nosfy-live-commit-20260918/derived/Build/Intermediates.noindex/Nosfy.build/Debug-iphonesimulator/Nosfy.build/Objects-normal/arm64/Nosfy.SwiftFileList

WriteAuxiliaryFile /tmp/nosfy-live-commit-20260918/derived/Build/Intermediates.noindex/Nosfy.build/Debug-iphonesimulator/Nosfy.build/Objects-normal/arm64/Nosfy.SwiftConstValuesFileList (in target 'Nosfy' from project 'Nosfy')
    cd /tmp/nosfy-live-commit-20260918/snapshot
    write-file /tmp/nosfy-live-commit-20260918/derived/Build/Intermediates.noindex/Nosfy.build/Debug-iphonesimulator/Nosfy.build/Objects-normal/arm64/Nosfy.SwiftConstValuesFileList

WriteAuxiliaryFile /tmp/nosfy-live-commit-20260918/derived/Build/Intermediates.noindex/Nosfy.build/Debug-iphonesimulator/Nosfy.build/Objects-normal/arm64/Nosfy-OutputFileMap.json (in target 'Nosfy' from project 'Nosfy')
    cd /tmp/nosfy-live-commit-20260918/snapshot
    write-file /tmp/nosfy-live-commit-20260918/derived/Build/Intermediates.noindex/Nosfy.build/Debug-iphonesimulator/Nosfy.build/Objects-normal/arm64/Nosfy-OutputFileMap.json

WriteAuxiliaryFile /tmp/nosfy-live-commit-20260918/derived/Build/Intermediates.noindex/Nosfy.build/Debug-iphonesimulator/Nosfy.build/Objects-normal/arm64/Nosfy.LinkFileList (in target 'Nosfy' from project 'Nosfy')
    cd /tmp/nosfy-live-commit-20260918/snapshot
    write-file /tmp/nosfy-live-commit-20260918/derived/Build/Intermediates.noindex/Nosfy.build/Debug-iphonesimulator/Nosfy.build/Objects-normal/arm64/Nosfy.LinkFileList

WriteAuxiliaryFile /tmp/nosfy-live-commit-20260918/derived/Build/Intermediates.noindex/Nosfy.build/Debug-iphonesimulator/Nosfy.build/Nosfy.hmap (in target 'Nosfy' from project 'Nosfy')
    cd /tmp/nosfy-live-commit-20260918/snapshot
    write-file /tmp/nosfy-live-commit-20260918/derived/Build/Intermediates.noindex/Nosfy.build/Debug-iphonesimulator/Nosfy.build/Nosfy.hmap

WriteAuxiliaryFile /tmp/nosfy-live-commit-20260918/derived/Build/Intermediates.noindex/Nosfy.build/Debug-iphonesimulator/Nosfy.build/Nosfy.DependencyStaticMetadataFileList (in target 'Nosfy' from project 'Nosfy')
    cd /tmp/nosfy-live-commit-20260918/snapshot
    write-file /tmp/nosfy-live-commit-20260918/derived/Build/Intermediates.noindex/Nosfy.build/Debug-iphonesimulator/Nosfy.build/Nosfy.DependencyStaticMetadataFileList

WriteAuxiliaryFile /tmp/nosfy-live-commit-20260918/derived/Build/Intermediates.noindex/Nosfy.build/Debug-iphonesimulator/Nosfy.build/Nosfy.DependencyMetadataFileList (in target 'Nosfy' from project 'Nosfy')
    cd /tmp/nosfy-live-commit-20260918/snapshot
    write-file /tmp/nosfy-live-commit-20260918/derived/Build/Intermediates.noindex/Nosfy.build/Debug-iphonesimulator/Nosfy.build/Nosfy.DependencyMetadataFileList

WriteAuxiliaryFile /tmp/nosfy-live-commit-20260918/derived/Build/Intermediates.noindex/Nosfy.build/Debug-iphonesimulator/Nosfy.build/Nosfy-project-headers.hmap (in target 'Nosfy' from project 'Nosfy')
    cd /tmp/nosfy-live-commit-20260918/snapshot
    write-file /tmp/nosfy-live-commit-20260918/derived/Build/Intermediates.noindex/Nosfy.build/Debug-iphonesimulator/Nosfy.build/Nosfy-project-headers.hmap

WriteAuxiliaryFile /tmp/nosfy-live-commit-20260918/derived/Build/Intermediates.noindex/Nosfy.build/Debug-iphonesimulator/Nosfy.build/Nosfy-own-target-headers.hmap (in target 'Nosfy' from project 'Nosfy')
    cd /tmp/nosfy-live-commit-20260918/snapshot
    write-file /tmp/nosfy-live-commit-20260918/derived/Build/Intermediates.noindex/Nosfy.build/Debug-iphonesimulator/Nosfy.build/Nosfy-own-target-headers.hmap

WriteAuxiliaryFile /tmp/nosfy-live-commit-20260918/derived/Build/Intermediates.noindex/Nosfy.build/Debug-iphonesimulator/Nosfy.build/Nosfy-generated-files.hmap (in target 'Nosfy' from project 'Nosfy')
    cd /tmp/nosfy-live-commit-20260918/snapshot
    write-file /tmp/nosfy-live-commit-20260918/derived/Build/Intermediates.noindex/Nosfy.build/Debug-iphonesimulator/Nosfy.build/Nosfy-generated-files.hmap

WriteAuxiliaryFile /tmp/nosfy-live-commit-20260918/derived/Build/Intermediates.noindex/Nosfy.build/Debug-iphonesimulator/Nosfy.build/Nosfy-all-target-headers.hmap (in target 'Nosfy' from project 'Nosfy')
    cd /tmp/nosfy-live-commit-20260918/snapshot
    write-file /tmp/nosfy-live-commit-20260918/derived/Build/Intermediates.noindex/Nosfy.build/Debug-iphonesimulator/Nosfy.build/Nosfy-all-target-headers.hmap

WriteAuxiliaryFile /tmp/nosfy-live-commit-20260918/derived/Build/Intermediates.noindex/Nosfy.build/Debug-iphonesimulator/Nosfy.build/Nosfy-all-non-framework-target-headers.hmap (in target 'Nosfy' from project 'Nosfy')
    cd /tmp/nosfy-live-commit-20260918/snapshot
    write-file /tmp/nosfy-live-commit-20260918/derived/Build/Intermediates.noindex/Nosfy.build/Debug-iphonesimulator/Nosfy.build/Nosfy-all-non-framework-target-headers.hmap

WriteAuxiliaryFile /tmp/nosfy-live-commit-20260918/derived/Build/Intermediates.noindex/Nosfy.build/Debug-iphonesimulator/Nosfy.build/Nosfy-DebugDylibPath-normal-arm64.txt (in target 'Nosfy' from project 'Nosfy')
    cd /tmp/nosfy-live-commit-20260918/snapshot
    write-file /tmp/nosfy-live-commit-20260918/derived/Build/Intermediates.noindex/Nosfy.build/Debug-iphonesimulator/Nosfy.build/Nosfy-DebugDylibPath-normal-arm64.txt

WriteAuxiliaryFile /tmp/nosfy-live-commit-20260918/derived/Build/Intermediates.noindex/Nosfy.build/Debug-iphonesimulator/Nosfy.build/Nosfy-DebugDylibInstallName-normal-arm64.txt (in target 'Nosfy' from project 'Nosfy')
    cd /tmp/nosfy-live-commit-20260918/snapshot
    write-file /tmp/nosfy-live-commit-20260918/derived/Build/Intermediates.noindex/Nosfy.build/Debug-iphonesimulator/Nosfy.build/Nosfy-DebugDylibInstallName-normal-arm64.txt

MkDir /tmp/nosfy-live-commit-20260918/derived/Build/Products/Debug-iphonesimulator/NosfyWidgets.appex (in target 'NosfyWidgets' from project 'Nosfy')
    cd /tmp/nosfy-live-commit-20260918/snapshot
    /bin/mkdir -p /tmp/nosfy-live-commit-20260918/derived/Build/Products/Debug-iphonesimulator/NosfyWidgets.appex

MkDir /tmp/nosfy-live-commit-20260918/derived/Build/Products/Debug-iphonesimulator/Nosfy.app/PlugIns (in target 'Nosfy' from project 'Nosfy')
    cd /tmp/nosfy-live-commit-20260918/snapshot
    /bin/mkdir -p /tmp/nosfy-live-commit-20260918/derived/Build/Products/Debug-iphonesimulator/Nosfy.app/PlugIns

MkDir /tmp/nosfy-live-commit-20260918/derived/Build/Products/Debug-iphonesimulator/Nosfy.app (in target 'Nosfy' from project 'Nosfy')
    cd /tmp/nosfy-live-commit-20260918/snapshot
    /bin/mkdir -p /tmp/nosfy-live-commit-20260918/derived/Build/Products/Debug-iphonesimulator/Nosfy.app

Ld /tmp/nosfy-live-commit-20260918/derived/Build/Products/Debug-iphonesimulator/NosfyWidgets.appex/__preview.dylib normal (in target 'NosfyWidgets' from project 'Nosfy')
    cd /tmp/nosfy-live-commit-20260918/snapshot
    /Applications/Xcode.app/Contents/Developer/Toolchains/XcodeDefault.xctoolchain/usr/bin/clang -Xlinker -reproducible -target arm64-apple-ios26.0-simulator -dynamiclib -isysroot /Applications/Xcode.app/Contents/Developer/Platforms/iPhoneSimulator.platform/Developer/SDKs/iPhoneSimulator26.5.sdk -O0 -L/tmp/nosfy-live-commit-20260918/derived/Build/Products/Debug-iphonesimulator -F/tmp/nosfy-live-commit-20260918/derived/Build/Products/Debug-iphonesimulator -install_name @rpath/NosfyWidgets.debug.dylib -Xlinker -dead_strip -rdynamic -Xlinker -no_deduplicate -Xlinker -objc_abi_version -Xlinker 2 -Xlinker -dependency_info -Xlinker /tmp/nosfy-live-commit-20260918/derived/Build/Intermediates.noindex/Nosfy.build/Debug-iphonesimulator/NosfyWidgets.build/Objects-normal/arm64/NosfyWidgets_dependency_info.dat -o /tmp/nosfy-live-commit-20260918/derived/Build/Products/Debug-iphonesimulator/NosfyWidgets.appex/__preview.dylib

ProcessInfoPlistFile /tmp/nosfy-live-commit-20260918/derived/Build/Products/Debug-iphonesimulator/NosfyWidgets.appex/Info.plist /tmp/nosfy-live-commit-20260918/snapshot/NosfyWidgets/Info.plist (in target 'NosfyWidgets' from project 'Nosfy')
    cd /tmp/nosfy-live-commit-20260918/snapshot
    builtin-infoPlistUtility /tmp/nosfy-live-commit-20260918/snapshot/NosfyWidgets/Info.plist -producttype com.apple.product-type.app-extension -expandbuildsettings -format binary -platform iphonesimulator -o /tmp/nosfy-live-commit-20260918/derived/Build/Products/Debug-iphonesimulator/NosfyWidgets.appex/Info.plist

SwiftDriver NosfyWidgets normal arm64 com.apple.xcode.tools.swift.compiler (in target 'NosfyWidgets' from project 'Nosfy')
    cd /tmp/nosfy-live-commit-20260918/snapshot
    builtin-SwiftDriver -- /Applications/Xcode.app/Contents/Developer/Toolchains/XcodeDefault.xctoolchain/usr/bin/swiftc -module-name NosfyWidgets -Onone @/tmp/nosfy-live-commit-20260918/derived/Build/Intermediates.noindex/Nosfy.build/Debug-iphonesimulator/NosfyWidgets.build/Objects-normal/arm64/NosfyWidgets.SwiftFileList -DDEBUG -enable-bare-slash-regex -enable-experimental-feature DebugDescriptionMacro -sdk /Applications/Xcode.app/Contents/Developer/Platforms/iPhoneSimulator.platform/Developer/SDKs/iPhoneSimulator26.5.sdk -target arm64-apple-ios26.0-simulator -g -module-cache-path /tmp/nosfy-live-commit-20260918/derived/ModuleCache.noindex -Xfrontend -serialize-debugging-options -application-extension -enable-testing -index-store-path /tmp/nosfy-live-commit-20260918/derived/Index.noindex/DataStore -Xcc -D_LIBCPP_HARDENING_MODE\=_LIBCPP_HARDENING_MODE_DEBUG -swift-version 5 -I /tmp/nosfy-live-commit-20260918/derived/Build/Products/Debug-iphonesimulator -F /tmp/nosfy-live-commit-20260918/derived/Build/Products/Debug-iphonesimulator -emit-localized-strings -emit-localized-strings-path /tmp/nosfy-live-commit-20260918/derived/Build/Intermediates.noindex/Nosfy.build/Debug-iphonesimulator/NosfyWidgets.build/Objects-normal/arm64 -c -j10 -enable-batch-mode -incremental -Xcc -ivfsstatcache -Xcc /tmp/nosfy-live-commit-20260918/derived/SDKStatCaches.noindex/iphonesimulator26.5-23F73-688ef53f1462e2c8f657fdc38a81448f6cfe768891a92b912361537c460fe42b.sdkstatcache -output-file-map /tmp/nosfy-live-commit-20260918/derived/Build/Intermediates.noindex/Nosfy.build/Debug-iphonesimulator/NosfyWidgets.build/Objects-normal/arm64/NosfyWidgets-OutputFileMap.json -use-frontend-parseable-output -save-temps -no-color-diagnostics -explicit-module-build -module-cache-path /tmp/nosfy-live-commit-20260918/derived/Build/Intermediates.noindex/SwiftExplicitPrecompiledModules -clang-scanner-module-cache-path /tmp/nosfy-live-commit-20260918/derived/ModuleCache.noindex -sdk-module-cache-path /tmp/nosfy-live-commit-20260918/derived/ModuleCache.noindex -serialize-diagnostics -emit-dependencies -emit-module -emit-module-path /tmp/nosfy-live-commit-20260918/derived/Build/Intermediates.noindex/Nosfy.build/Debug-iphonesimulator/NosfyWidgets.build/Objects-normal/arm64/NosfyWidgets.swiftmodule -validate-clang-modules-once -clang-build-session-file /tmp/nosfy-live-commit-20260918/derived/ModuleCache.noindex/Session.modulevalidation -Xcc -I/tmp/nosfy-live-commit-20260918/derived/Build/Intermediates.noindex/Nosfy.build/Debug-iphonesimulator/NosfyWidgets.build/swift-overrides.hmap -emit-const-values -Xfrontend -const-gather-protocols-file -Xfrontend /tmp/nosfy-live-commit-20260918/derived/Build/Intermediates.noindex/Nosfy.build/Debug-iphonesimulator/NosfyWidgets.build/Objects-normal/arm64/NosfyWidgets_const_extract_protocols.json -Xcc -iquote -Xcc /tmp/nosfy-live-commit-20260918/derived/Build/Intermediates.noindex/Nosfy.build/Debug-iphonesimulator/NosfyWidgets.build/NosfyWidgets-generated-files.hmap -Xcc -I/tmp/nosfy-live-commit-20260918/derived/Build/Intermediates.noindex/Nosfy.build/Debug-iphonesimulator/NosfyWidgets.build/NosfyWidgets-own-target-headers.hmap -Xcc -I/tmp/nosfy-live-commit-20260918/derived/Build/Intermediates.noindex/Nosfy.build/Debug-iphonesimulator/NosfyWidgets.build/NosfyWidgets-all-target-headers.hmap -Xcc -iquote -Xcc /tmp/nosfy-live-commit-20260918/derived/Build/Intermediates.noindex/Nosfy.build/Debug-iphonesimulator/NosfyWidgets.build/NosfyWidgets-project-headers.hmap -Xcc -I/tmp/nosfy-live-commit-20260918/derived/Build/Products/Debug-iphonesimulator/include -Xcc -I/tmp/nosfy-live-commit-20260918/derived/Build/Intermediates.noindex/Nosfy.build/Debug-iphonesimulator/NosfyWidgets.build/DerivedSources-normal/arm64 -Xcc -I/tmp/nosfy-live-commit-20260918/derived/Build/Intermediates.noindex/Nosfy.build/Debug-iphonesimulator/NosfyWidgets.build/DerivedSources/arm64 -Xcc -I/tmp/nosfy-live-commit-20260918/derived/Build/Intermediates.noindex/Nosfy.build/Debug-iphonesimulator/NosfyWidgets.build/DerivedSources -Xcc -DDEBUG\=1 -emit-objc-header -emit-objc-header-path /tmp/nosfy-live-commit-20260918/derived/Build/Intermediates.noindex/Nosfy.build/Debug-iphonesimulator/NosfyWidgets.build/Objects-normal/arm64/NosfyWidgets-Swift.h -working-directory /tmp/nosfy-live-commit-20260918/snapshot -experimental-emit-module-separately -disable-cmo

SwiftExplicitDependencyGeneratePcm arm64 /tmp/nosfy-live-commit-20260918/derived/ModuleCache.noindex/_SwiftConcurrencyShims-BTCKVRCN7XBIIZGEMY6MD79OH.pcm

SwiftExplicitDependencyGeneratePcm arm64 /tmp/nosfy-live-commit-20260918/derived/ModuleCache.noindex/ptrcheck-1FUK6EMY8192CTQ6TZXIN8E4H.pcm

SwiftExplicitDependencyGeneratePcm arm64 /tmp/nosfy-live-commit-20260918/derived/ModuleCache.noindex/ptrauth-D9NNAO5V9KH3KS6WAI48PTJ4E.pcm

SwiftExplicitDependencyGeneratePcm arm64 /tmp/nosfy-live-commit-20260918/derived/ModuleCache.noindex/_Builtin_stddef-3S6TSI5LBGQ2G2VHAJKXXDRAQ.pcm

SwiftExplicitDependencyGeneratePcm arm64 /tmp/nosfy-live-commit-20260918/derived/ModuleCache.noindex/ActivityKit-4W9AZ89T4YKDCMXG2LSUX1SSH.pcm

SwiftExplicitDependencyGeneratePcm arm64 /tmp/nosfy-live-commit-20260918/derived/ModuleCache.noindex/DeveloperToolsSupport-483O5AYN7GD8BYOA39BW0F9LS.pcm

SwiftExplicitDependencyGeneratePcm arm64 /tmp/nosfy-live-commit-20260918/derived/ModuleCache.noindex/_AvailabilityInternal-2IPDE8D672JS4KLVEC9ZIW1PA.pcm

SwiftExplicitDependencyGeneratePcm arm64 /tmp/nosfy-live-commit-20260918/derived/ModuleCache.noindex/SwiftShims-2GJHRH6JSDPMOB5OCC66UUDND.pcm

SwiftExplicitDependencyGeneratePcm arm64 /tmp/nosfy-live-commit-20260918/derived/ModuleCache.noindex/_Builtin_stdarg-A8F0P0DXUNW9TSR8IAW3PR3VH.pcm

SwiftExplicitDependencyGeneratePcm arm64 /tmp/nosfy-live-commit-20260918/derived/ModuleCache.noindex/_Builtin_stdbool-DC8XLE07N05QGJV30YAPW8X2U.pcm

SwiftExplicitDependencyGeneratePcm arm64 /tmp/nosfy-live-commit-20260918/derived/ModuleCache.noindex/_Builtin_float-LEV2XRACJWVTFLGZABRK37PY.pcm

SwiftExplicitDependencyGeneratePcm arm64 /tmp/nosfy-live-commit-20260918/derived/ModuleCache.noindex/_DarwinFoundation1-3C21ZJOT0LIF7VGXMEI6MLLUM.pcm

SwiftExplicitDependencyGeneratePcm arm64 /tmp/nosfy-live-commit-20260918/derived/ModuleCache.noindex/_DarwinFoundation2-4MTVIHQWB3KC4J8Z59XLCNFMU.pcm

SwiftExplicitDependencyGeneratePcm arm64 /tmp/nosfy-live-commit-20260918/derived/ModuleCache.noindex/ExtensionFoundation-CX53VAMX32Y2QETMSLDG4NTQT.pcm

SwiftExplicitDependencyGeneratePcm arm64 /tmp/nosfy-live-commit-20260918/derived/ModuleCache.noindex/_Builtin_limits-CAGY3WJ8F2V5NX15OEKN47JOW.pcm

SwiftExplicitDependencyGeneratePcm arm64 /tmp/nosfy-live-commit-20260918/derived/ModuleCache.noindex/sys_types-97F6KH5PMKCDVH0VRAS7IA8VD.pcm

SwiftExplicitDependencyGeneratePcm arm64 /tmp/nosfy-live-commit-20260918/derived/ModuleCache.noindex/_Builtin_stdint-4YRLPS6EJ6GMHURF5LMUEIK7N.pcm

SwiftExplicitDependencyGeneratePcm arm64 /tmp/nosfy-live-commit-20260918/derived/ModuleCache.noindex/_Builtin_tgmath-3Y3UQZJE9BTUI47IMETEEYQO9.pcm

SwiftExplicitDependencyGeneratePcm arm64 /tmp/nosfy-live-commit-20260918/derived/ModuleCache.noindex/_Builtin_stdatomic-BY0LAMCSWH25NFU1VHK7YBYPF.pcm

SwiftExplicitDependencyGeneratePcm arm64 /tmp/nosfy-live-commit-20260918/derived/ModuleCache.noindex/_Builtin_intrinsics-6HN5OZTJ6PV5GK5DLLHXX7YHO.pcm

SwiftExplicitDependencyGeneratePcm arm64 /tmp/nosfy-live-commit-20260918/derived/ModuleCache.noindex/_DarwinFoundation3-2EKQ7KERVG8H0M68UJORRSEUU.pcm

SwiftExplicitDependencyGeneratePcm arm64 /tmp/nosfy-live-commit-20260918/derived/ModuleCache.noindex/_Builtin_inttypes-86XZNYRT31WFBBM9C7LWQ52JH.pcm

SwiftExplicitDependencyGeneratePcm arm64 /tmp/nosfy-live-commit-20260918/derived/ModuleCache.noindex/Darwin-CGGYHV400WIDV8RJMONVIMSRM.pcm

SwiftExplicitDependencyGeneratePcm arm64 /tmp/nosfy-live-commit-20260918/derived/ModuleCache.noindex/simd-7ZM65370FH1J9VMAQPC9SHQN9.pcm

SwiftExplicitDependencyGeneratePcm arm64 /tmp/nosfy-live-commit-20260918/derived/ModuleCache.noindex/ObjectiveC-J14Y6LL1F026OMJYGSUW9PGA.pcm

SwiftExplicitDependencyGeneratePcm arm64 /tmp/nosfy-live-commit-20260918/derived/ModuleCache.noindex/MachO-76410KS51ZJJT1GMPLBT6EMYH.pcm

SwiftExplicitDependencyGeneratePcm arm64 /tmp/nosfy-live-commit-20260918/derived/ModuleCache.noindex/os_object-CCFFG7EV0YSPX0IQRIQ9ETY4L.pcm

SwiftExplicitDependencyGeneratePcm arm64 /tmp/nosfy-live-commit-20260918/derived/ModuleCache.noindex/os_workgroup-953K4E7Z1A5NNUQNRZLJ2FMHY.pcm

SwiftExplicitDependencyGeneratePcm arm64 /tmp/nosfy-live-commit-20260918/derived/ModuleCache.noindex/Dispatch-5R6P0C1WRCAM4CFVBG17JYJIB.pcm

SwiftExplicitDependencyGeneratePcm arm64 /tmp/nosfy-live-commit-20260918/derived/ModuleCache.noindex/Spatial-42XYAML3HDCWNJN88POA1YGLD.pcm

SwiftExplicitDependencyGeneratePcm arm64 /tmp/nosfy-live-commit-20260918/derived/ModuleCache.noindex/CoreFoundation-95V84UI2WSY4RBOY2H0YJHJTI.pcm

SwiftExplicitDependencyGeneratePcm arm64 /tmp/nosfy-live-commit-20260918/derived/ModuleCache.noindex/XPC-E7VPDDBGYWVEJR35XNT4ZTZQU.pcm

SwiftExplicitDependencyGeneratePcm arm64 /tmp/nosfy-live-commit-20260918/derived/ModuleCache.noindex/dnssd-7LYA6VZ2JFV52SMBVJGEXJ9VW.pcm

SwiftExplicitDependencyGeneratePcm arm64 /tmp/nosfy-live-commit-20260918/derived/ModuleCache.noindex/os-8IVUKNQ9NVM6P5D5R7H4N8BW2.pcm

SwiftExplicitDependencyGeneratePcm arm64 /tmp/nosfy-live-commit-20260918/derived/ModuleCache.noindex/CoreGraphics-18SK9SLP0HM1Q0EYTRE1LUHIS.pcm

SwiftExplicitDependencyGeneratePcm arm64 /tmp/nosfy-live-commit-20260918/derived/ModuleCache.noindex/CFNetwork-54VHRB3TYMQ9MCYJO30121OEF.pcm

SwiftExplicitDependencyGeneratePcm arm64 /tmp/nosfy-live-commit-20260918/derived/ModuleCache.noindex/Security-5L4FYP2HEHJWIGWMV1SSZ62RQ.pcm

SwiftExplicitDependencyGeneratePcm arm64 /tmp/nosfy-live-commit-20260918/derived/ModuleCache.noindex/Foundation-6SNIWPA1HY2MN6KIE22VIX34O.pcm

SwiftExplicitDependencyGeneratePcm arm64 /tmp/nosfy-live-commit-20260918/derived/ModuleCache.noindex/CoreText-BCO17357VZ0CGZDRORWK1KEJ8.pcm

SwiftExplicitDependencyGeneratePcm arm64 /tmp/nosfy-live-commit-20260918/derived/ModuleCache.noindex/ImageIO-259GLNK4TCLZEQB71NRC517C5.pcm

SwiftExplicitDependencyGeneratePcm arm64 /tmp/nosfy-live-commit-20260918/derived/ModuleCache.noindex/UIUtilities-9BW2M0BSCVGXS9D3PCND1YRA1.pcm

SwiftExplicitDependencyGeneratePcm arm64 /tmp/nosfy-live-commit-20260918/derived/ModuleCache.noindex/RelevanceKit-EVT00OLZCYJCAA4C7S2GAXB0I.pcm

SwiftExplicitDependencyGeneratePcm arm64 /tmp/nosfy-live-commit-20260918/derived/ModuleCache.noindex/DataDetection-3W0K8MOBW9UN1L6UU2B06GA7P.pcm

SwiftExplicitDependencyGeneratePcm arm64 /tmp/nosfy-live-commit-20260918/derived/ModuleCache.noindex/IOSurface-441UGLF99E0RGKUH2D2SE5Z2S.pcm

SwiftExplicitDependencyGeneratePcm arm64 /tmp/nosfy-live-commit-20260918/derived/ModuleCache.noindex/UserNotifications-F07YI5CFRRKBJR7WSKUSQGKPZ.pcm

SwiftExplicitDependencyGeneratePcm arm64 /tmp/nosfy-live-commit-20260918/derived/ModuleCache.noindex/AppIntents-DSDASTHP377999GWYYTTL71W1.pcm

SwiftExplicitDependencyGeneratePcm arm64 /tmp/nosfy-live-commit-20260918/derived/ModuleCache.noindex/UniformTypeIdentifiers-9KX968RTN928K8L0XJ7UCHO1Z.pcm

SwiftExplicitDependencyGeneratePcm arm64 /tmp/nosfy-live-commit-20260918/derived/ModuleCache.noindex/OpenGLES-DM7MPQ10XT91WE9XC86JMMDFT.pcm

SwiftExplicitDependencyGeneratePcm arm64 /tmp/nosfy-live-commit-20260918/derived/ModuleCache.noindex/Symbols-DUVBDWG65QLFT8T6FYPJFDXN8.pcm

SwiftExplicitDependencyGeneratePcm arm64 /tmp/nosfy-live-commit-20260918/derived/ModuleCache.noindex/WidgetKit-VTDNRBEVXD44GF14PXFP5R5U.pcm

SwiftExplicitDependencyGeneratePcm arm64 /tmp/nosfy-live-commit-20260918/derived/ModuleCache.noindex/FileProvider-2CX04TIKC0DW20FYU6LGVZ2OI.pcm

SwiftExplicitDependencyGeneratePcm arm64 /tmp/nosfy-live-commit-20260918/derived/ModuleCache.noindex/CoreTransferable-EWKUVEQ9M1JE60SWJKBOOSHKF.pcm

SwiftExplicitDependencyGeneratePcm arm64 /tmp/nosfy-live-commit-20260918/derived/ModuleCache.noindex/CoreData-D41PLTWMDKLPYOUELITOHHQIP.pcm

SwiftExplicitDependencyGeneratePcm arm64 /tmp/nosfy-live-commit-20260918/derived/ModuleCache.noindex/Network-9C6JYJJLML1H54BPOWZDQFG8J.pcm

SwiftExplicitDependencyGeneratePcm arm64 /tmp/nosfy-live-commit-20260918/derived/ModuleCache.noindex/Accessibility-BCXZSE6FDB3518602TS9C2YO7.pcm

SwiftExplicitDependencyGeneratePcm arm64 /tmp/nosfy-live-commit-20260918/derived/ModuleCache.noindex/Metal-P74CNH0LWSH4NOH5XNBDBD33.pcm

SwiftExplicitDependencyGeneratePcm arm64 /tmp/nosfy-live-commit-20260918/derived/ModuleCache.noindex/OSLog-8XAEXCPGC5TASICI4CR46SQEL.pcm

SwiftExplicitDependencyGeneratePcm arm64 /tmp/nosfy-live-commit-20260918/derived/ModuleCache.noindex/CoreSpotlight-DE5GJHD9JTO3P9Z4D55DL60B0.pcm

SwiftExplicitDependencyGeneratePcm arm64 /tmp/nosfy-live-commit-20260918/derived/ModuleCache.noindex/_LocationEssentials-215QPC73U58XY00X929MG6WKO.pcm

SwiftExplicitDependencyGeneratePcm arm64 /tmp/nosfy-live-commit-20260918/derived/ModuleCache.noindex/CoreLocation-B4NPM9P2G7XE4CCVSEILWMBFT.pcm

SwiftExplicitDependencyGeneratePcm arm64 /tmp/nosfy-live-commit-20260918/derived/ModuleCache.noindex/Intents-88PYOMS9YDDDOJYTSOP8NYN7R.pcm

SwiftExplicitDependencyGeneratePcm arm64 /tmp/nosfy-live-commit-20260918/derived/ModuleCache.noindex/CoreVideo-5CUT6ES4XHMN5RPLKCAHTH12N.pcm

SwiftExplicitDependencyGeneratePcm arm64 /tmp/nosfy-live-commit-20260918/derived/ModuleCache.noindex/QuartzCore-5LUQSRM5TLVT1RJ353Z7NCCDR.pcm

SwiftExplicitDependencyGeneratePcm arm64 /tmp/nosfy-live-commit-20260918/derived/ModuleCache.noindex/CoreImage-814LEWL9WF0ZJ6J4UDZS6KVEO.pcm

SwiftExplicitDependencyGeneratePcm arm64 /tmp/nosfy-live-commit-20260918/derived/ModuleCache.noindex/SwiftUICore-91NG9NACRIJLGU93Q2IRLV0UL.pcm

SwiftExplicitDependencyGeneratePcm arm64 /tmp/nosfy-live-commit-20260918/derived/ModuleCache.noindex/UIKit-BXRFSDLBHUIZOBBREYOJDSS00.pcm

SwiftExplicitDependencyGeneratePcm arm64 /tmp/nosfy-live-commit-20260918/derived/ModuleCache.noindex/SwiftUI-D52HT69ZCR923CC5P5QVPXA71.pcm

SwiftEmitModule normal arm64 Emitting\ module\ for\ NosfyWidgets (in target 'NosfyWidgets' from project 'Nosfy')

EmitSwiftModule normal arm64 (in target 'NosfyWidgets' from project 'Nosfy')
    cd /tmp/nosfy-live-commit-20260918/snapshot
    

SwiftCompile normal arm64 Compiling\ WorkoutActivity.swift /tmp/nosfy-live-commit-20260918/snapshot/NosfyShared/WorkoutActivity.swift (in target 'NosfyWidgets' from project 'Nosfy')
SwiftCompile normal arm64 /tmp/nosfy-live-commit-20260918/snapshot/NosfyShared/WorkoutActivity.swift (in target 'NosfyWidgets' from project 'Nosfy')
    cd /tmp/nosfy-live-commit-20260918/snapshot
    

SwiftCompile normal arm64 Compiling\ MoonGlyph.swift /tmp/nosfy-live-commit-20260918/snapshot/NosfyShared/MoonGlyph.swift (in target 'NosfyWidgets' from project 'Nosfy')
SwiftCompile normal arm64 /tmp/nosfy-live-commit-20260918/snapshot/NosfyShared/MoonGlyph.swift (in target 'NosfyWidgets' from project 'Nosfy')
    cd /tmp/nosfy-live-commit-20260918/snapshot
    

SwiftCompile normal arm64 Compiling\ WorkoutLiveActivity.swift /tmp/nosfy-live-commit-20260918/snapshot/NosfyWidgets/WorkoutLiveActivity.swift (in target 'NosfyWidgets' from project 'Nosfy')
SwiftCompile normal arm64 /tmp/nosfy-live-commit-20260918/snapshot/NosfyWidgets/WorkoutLiveActivity.swift (in target 'NosfyWidgets' from project 'Nosfy')
    cd /tmp/nosfy-live-commit-20260918/snapshot
    

SwiftCompile normal arm64 Compiling\ WorkoutLiveCard.swift /tmp/nosfy-live-commit-20260918/snapshot/NosfyShared/WorkoutLiveCard.swift (in target 'NosfyWidgets' from project 'Nosfy')

SwiftCompile normal arm64 /tmp/nosfy-live-commit-20260918/snapshot/NosfyShared/WorkoutLiveCard.swift (in target 'NosfyWidgets' from project 'Nosfy')
    cd /tmp/nosfy-live-commit-20260918/snapshot
    

SwiftCompile normal arm64 Compiling\ ImpGlyph.swift /tmp/nosfy-live-commit-20260918/snapshot/NosfyShared/ImpGlyph.swift (in target 'NosfyWidgets' from project 'Nosfy')

SwiftCompile normal arm64 /tmp/nosfy-live-commit-20260918/snapshot/NosfyShared/ImpGlyph.swift (in target 'NosfyWidgets' from project 'Nosfy')
    cd /tmp/nosfy-live-commit-20260918/snapshot
    

SwiftCompile normal arm64 Compiling\ ProgressComet.swift /tmp/nosfy-live-commit-20260918/snapshot/NosfyShared/ProgressComet.swift (in target 'NosfyWidgets' from project 'Nosfy')

SwiftCompile normal arm64 /tmp/nosfy-live-commit-20260918/snapshot/NosfyShared/ProgressComet.swift (in target 'NosfyWidgets' from project 'Nosfy')
    cd /tmp/nosfy-live-commit-20260918/snapshot
    

SwiftCompile normal arm64 Compiling\ NosfyWidgetsBundle.swift /tmp/nosfy-live-commit-20260918/snapshot/NosfyWidgets/NosfyWidgetsBundle.swift (in target 'NosfyWidgets' from project 'Nosfy')

SwiftCompile normal arm64 /tmp/nosfy-live-commit-20260918/snapshot/NosfyWidgets/NosfyWidgetsBundle.swift (in target 'NosfyWidgets' from project 'Nosfy')
    cd /tmp/nosfy-live-commit-20260918/snapshot
    

SwiftCompile normal arm64 Compiling\ WorkoutLiveFocus.swift /tmp/nosfy-live-commit-20260918/snapshot/NosfyShared/WorkoutLiveFocus.swift (in target 'NosfyWidgets' from project 'Nosfy')

SwiftCompile normal arm64 /tmp/nosfy-live-commit-20260918/snapshot/NosfyShared/WorkoutLiveFocus.swift (in target 'NosfyWidgets' from project 'Nosfy')
    cd /tmp/nosfy-live-commit-20260918/snapshot
    

SwiftDriverJobDiscovery normal arm64 Emitting module for NosfyWidgets (in target 'NosfyWidgets' from project 'Nosfy')

SwiftDriver\ Compilation\ Requirements NosfyWidgets normal arm64 com.apple.xcode.tools.swift.compiler (in target 'NosfyWidgets' from project 'Nosfy')
    cd /tmp/nosfy-live-commit-20260918/snapshot
    builtin-Swift-Compilation-Requirements -- /Applications/Xcode.app/Contents/Developer/Toolchains/XcodeDefault.xctoolchain/usr/bin/swiftc -module-name NosfyWidgets -Onone @/tmp/nosfy-live-commit-20260918/derived/Build/Intermediates.noindex/Nosfy.build/Debug-iphonesimulator/NosfyWidgets.build/Objects-normal/arm64/NosfyWidgets.SwiftFileList -DDEBUG -enable-bare-slash-regex -enable-experimental-feature DebugDescriptionMacro -sdk /Applications/Xcode.app/Contents/Developer/Platforms/iPhoneSimulator.platform/Developer/SDKs/iPhoneSimulator26.5.sdk -target arm64-apple-ios26.0-simulator -g -module-cache-path /tmp/nosfy-live-commit-20260918/derived/ModuleCache.noindex -Xfrontend -serialize-debugging-options -application-extension -enable-testing -index-store-path /tmp/nosfy-live-commit-20260918/derived/Index.noindex/DataStore -Xcc -D_LIBCPP_HARDENING_MODE\=_LIBCPP_HARDENING_MODE_DEBUG -swift-version 5 -I /tmp/nosfy-live-commit-20260918/derived/Build/Products/Debug-iphonesimulator -F /tmp/nosfy-live-commit-20260918/derived/Build/Products/Debug-iphonesimulator -emit-localized-strings -emit-localized-strings-path /tmp/nosfy-live-commit-20260918/derived/Build/Intermediates.noindex/Nosfy.build/Debug-iphonesimulator/NosfyWidgets.build/Objects-normal/arm64 -c -j10 -enable-batch-mode -incremental -Xcc -ivfsstatcache -Xcc /tmp/nosfy-live-commit-20260918/derived/SDKStatCaches.noindex/iphonesimulator26.5-23F73-688ef53f1462e2c8f657fdc38a81448f6cfe768891a92b912361537c460fe42b.sdkstatcache -output-file-map /tmp/nosfy-live-commit-20260918/derived/Build/Intermediates.noindex/Nosfy.build/Debug-iphonesimulator/NosfyWidgets.build/Objects-normal/arm64/NosfyWidgets-OutputFileMap.json -use-frontend-parseable-output -save-temps -no-color-diagnostics -explicit-module-build -module-cache-path /tmp/nosfy-live-commit-20260918/derived/Build/Intermediates.noindex/SwiftExplicitPrecompiledModules -clang-scanner-module-cache-path /tmp/nosfy-live-commit-20260918/derived/ModuleCache.noindex -sdk-module-cache-path /tmp/nosfy-live-commit-20260918/derived/ModuleCache.noindex -serialize-diagnostics -emit-dependencies -emit-module -emit-module-path /tmp/nosfy-live-commit-20260918/derived/Build/Intermediates.noindex/Nosfy.build/Debug-iphonesimulator/NosfyWidgets.build/Objects-normal/arm64/NosfyWidgets.swiftmodule -validate-clang-modules-once -clang-build-session-file /tmp/nosfy-live-commit-20260918/derived/ModuleCache.noindex/Session.modulevalidation -Xcc -I/tmp/nosfy-live-commit-20260918/derived/Build/Intermediates.noindex/Nosfy.build/Debug-iphonesimulator/NosfyWidgets.build/swift-overrides.hmap -emit-const-values -Xfrontend -const-gather-protocols-file -Xfrontend /tmp/nosfy-live-commit-20260918/derived/Build/Intermediates.noindex/Nosfy.build/Debug-iphonesimulator/NosfyWidgets.build/Objects-normal/arm64/NosfyWidgets_const_extract_protocols.json -Xcc -iquote -Xcc /tmp/nosfy-live-commit-20260918/derived/Build/Intermediates.noindex/Nosfy.build/Debug-iphonesimulator/NosfyWidgets.build/NosfyWidgets-generated-files.hmap -Xcc -I/tmp/nosfy-live-commit-20260918/derived/Build/Intermediates.noindex/Nosfy.build/Debug-iphonesimulator/NosfyWidgets.build/NosfyWidgets-own-target-headers.hmap -Xcc -I/tmp/nosfy-live-commit-20260918/derived/Build/Intermediates.noindex/Nosfy.build/Debug-iphonesimulator/NosfyWidgets.build/NosfyWidgets-all-target-headers.hmap -Xcc -iquote -Xcc /tmp/nosfy-live-commit-20260918/derived/Build/Intermediates.noindex/Nosfy.build/Debug-iphonesimulator/NosfyWidgets.build/NosfyWidgets-project-headers.hmap -Xcc -I/tmp/nosfy-live-commit-20260918/derived/Build/Products/Debug-iphonesimulator/include -Xcc -I/tmp/nosfy-live-commit-20260918/derived/Build/Intermediates.noindex/Nosfy.build/Debug-iphonesimulator/NosfyWidgets.build/DerivedSources-normal/arm64 -Xcc -I/tmp/nosfy-live-commit-20260918/derived/Build/Intermediates.noindex/Nosfy.build/Debug-iphonesimulator/NosfyWidgets.build/DerivedSources/arm64 -Xcc -I/tmp/nosfy-live-commit-20260918/derived/Build/Intermediates.noindex/Nosfy.build/Debug-iphonesimulator/NosfyWidgets.build/DerivedSources -Xcc -DDEBUG\=1 -emit-objc-header -emit-objc-header-path /tmp/nosfy-live-commit-20260918/derived/Build/Intermediates.noindex/Nosfy.build/Debug-iphonesimulator/NosfyWidgets.build/Objects-normal/arm64/NosfyWidgets-Swift.h -working-directory /tmp/nosfy-live-commit-20260918/snapshot -experimental-emit-module-separately -disable-cmo

SwiftMergeGeneratedHeaders /tmp/nosfy-live-commit-20260918/derived/Build/Intermediates.noindex/Nosfy.build/Debug-iphonesimulator/NosfyWidgets.build/DerivedSources/NosfyWidgets-Swift.h /tmp/nosfy-live-commit-20260918/derived/Build/Intermediates.noindex/Nosfy.build/Debug-iphonesimulator/NosfyWidgets.build/Objects-normal/arm64/NosfyWidgets-Swift.h (in target 'NosfyWidgets' from project 'Nosfy')
    cd /tmp/nosfy-live-commit-20260918/snapshot
    builtin-swiftHeaderTool -arch arm64 /tmp/nosfy-live-commit-20260918/derived/Build/Intermediates.noindex/Nosfy.build/Debug-iphonesimulator/NosfyWidgets.build/Objects-normal/arm64/NosfyWidgets-Swift.h -o /tmp/nosfy-live-commit-20260918/derived/Build/Intermediates.noindex/Nosfy.build/Debug-iphonesimulator/NosfyWidgets.build/DerivedSources/NosfyWidgets-Swift.h

Copy /tmp/nosfy-live-commit-20260918/derived/Build/Products/Debug-iphonesimulator/NosfyWidgets.swiftmodule/arm64-apple-ios-simulator.swiftmodule /tmp/nosfy-live-commit-20260918/derived/Build/Intermediates.noindex/Nosfy.build/Debug-iphonesimulator/NosfyWidgets.build/Objects-normal/arm64/NosfyWidgets.swiftmodule (in target 'NosfyWidgets' from project 'Nosfy')
    cd /tmp/nosfy-live-commit-20260918/snapshot
    builtin-copy -exclude .DS_Store -exclude CVS -exclude .svn -exclude .git -exclude .hg -resolve-src-symlinks -rename /tmp/nosfy-live-commit-20260918/derived/Build/Intermediates.noindex/Nosfy.build/Debug-iphonesimulator/NosfyWidgets.build/Objects-normal/arm64/NosfyWidgets.swiftmodule /tmp/nosfy-live-commit-20260918/derived/Build/Products/Debug-iphonesimulator/NosfyWidgets.swiftmodule/arm64-apple-ios-simulator.swiftmodule

Copy /tmp/nosfy-live-commit-20260918/derived/Build/Products/Debug-iphonesimulator/NosfyWidgets.swiftmodule/arm64-apple-ios-simulator.swiftdoc /tmp/nosfy-live-commit-20260918/derived/Build/Intermediates.noindex/Nosfy.build/Debug-iphonesimulator/NosfyWidgets.build/Objects-normal/arm64/NosfyWidgets.swiftdoc (in target 'NosfyWidgets' from project 'Nosfy')
    cd /tmp/nosfy-live-commit-20260918/snapshot
    builtin-copy -exclude .DS_Store -exclude CVS -exclude .svn -exclude .git -exclude .hg -resolve-src-symlinks -rename /tmp/nosfy-live-commit-20260918/derived/Build/Intermediates.noindex/Nosfy.build/Debug-iphonesimulator/NosfyWidgets.build/Objects-normal/arm64/NosfyWidgets.swiftdoc /tmp/nosfy-live-commit-20260918/derived/Build/Products/Debug-iphonesimulator/NosfyWidgets.swiftmodule/arm64-apple-ios-simulator.swiftdoc

Copy /tmp/nosfy-live-commit-20260918/derived/Build/Products/Debug-iphonesimulator/NosfyWidgets.swiftmodule/arm64-apple-ios-simulator.abi.json /tmp/nosfy-live-commit-20260918/derived/Build/Intermediates.noindex/Nosfy.build/Debug-iphonesimulator/NosfyWidgets.build/Objects-normal/arm64/NosfyWidgets.abi.json (in target 'NosfyWidgets' from project 'Nosfy')
    cd /tmp/nosfy-live-commit-20260918/snapshot
    builtin-copy -exclude .DS_Store -exclude CVS -exclude .svn -exclude .git -exclude .hg -resolve-src-symlinks -rename /tmp/nosfy-live-commit-20260918/derived/Build/Intermediates.noindex/Nosfy.build/Debug-iphonesimulator/NosfyWidgets.build/Objects-normal/arm64/NosfyWidgets.abi.json /tmp/nosfy-live-commit-20260918/derived/Build/Products/Debug-iphonesimulator/NosfyWidgets.swiftmodule/arm64-apple-ios-simulator.abi.json

Copy /tmp/nosfy-live-commit-20260918/derived/Build/Products/Debug-iphonesimulator/NosfyWidgets.swiftmodule/Project/arm64-apple-ios-simulator.swiftsourceinfo /tmp/nosfy-live-commit-20260918/derived/Build/Intermediates.noindex/Nosfy.build/Debug-iphonesimulator/NosfyWidgets.build/Objects-normal/arm64/NosfyWidgets.swiftsourceinfo (in target 'NosfyWidgets' from project 'Nosfy')
    cd /tmp/nosfy-live-commit-20260918/snapshot
    builtin-copy -exclude .DS_Store -exclude CVS -exclude .svn -exclude .git -exclude .hg -resolve-src-symlinks -rename /tmp/nosfy-live-commit-20260918/derived/Build/Intermediates.noindex/Nosfy.build/Debug-iphonesimulator/NosfyWidgets.build/Objects-normal/arm64/NosfyWidgets.swiftsourceinfo /tmp/nosfy-live-commit-20260918/derived/Build/Products/Debug-iphonesimulator/NosfyWidgets.swiftmodule/Project/arm64-apple-ios-simulator.swiftsourceinfo

MkDir /tmp/nosfy-live-commit-20260918/derived/Build/Intermediates.noindex/Nosfy.build/Debug-iphonesimulator/Nosfy.build/assetcatalog_output/thinned (in target 'Nosfy' from project 'Nosfy')
    cd /tmp/nosfy-live-commit-20260918/snapshot
    /bin/mkdir -p /tmp/nosfy-live-commit-20260918/derived/Build/Intermediates.noindex/Nosfy.build/Debug-iphonesimulator/Nosfy.build/assetcatalog_output/thinned

MkDir /tmp/nosfy-live-commit-20260918/derived/Build/Intermediates.noindex/Nosfy.build/Debug-iphonesimulator/Nosfy.build/assetcatalog_output/unthinned (in target 'Nosfy' from project 'Nosfy')
    cd /tmp/nosfy-live-commit-20260918/snapshot
    /bin/mkdir -p /tmp/nosfy-live-commit-20260918/derived/Build/Intermediates.noindex/Nosfy.build/Debug-iphonesimulator/Nosfy.build/assetcatalog_output/unthinned

GenerateAssetSymbols /tmp/nosfy-live-commit-20260918/snapshot/Nosfy/AppIcon.icon /tmp/nosfy-live-commit-20260918/snapshot/Nosfy/Assets.xcassets (in target 'Nosfy' from project 'Nosfy')
    cd /tmp/nosfy-live-commit-20260918/snapshot
    /Applications/Xcode.app/Contents/Developer/usr/bin/actool /tmp/nosfy-live-commit-20260918/snapshot/Nosfy/AppIcon.icon /tmp/nosfy-live-commit-20260918/snapshot/Nosfy/Assets.xcassets --compile /tmp/nosfy-live-commit-20260918/derived/Build/Products/Debug-iphonesimulator/Nosfy.app --output-format human-readable-text --notices --warnings --export-dependency-info /tmp/nosfy-live-commit-20260918/derived/Build/Intermediates.noindex/Nosfy.build/Debug-iphonesimulator/Nosfy.build/assetcatalog_dependencies --output-partial-info-plist /tmp/nosfy-live-commit-20260918/derived/Build/Intermediates.noindex/Nosfy.build/Debug-iphonesimulator/Nosfy.build/assetcatalog_generated_info.plist --app-icon AppIcon --accent-color AccentColor --compress-pngs --enable-on-demand-resources YES --development-region fr --target-device iphone --minimum-deployment-target 26.0 --platform iphonesimulator --bundle-identifier fr.kathryn.woop --generate-swift-asset-symbol-extensions NO --generate-swift-asset-symbols /tmp/nosfy-live-commit-20260918/derived/Build/Intermediates.noindex/Nosfy.build/Debug-iphonesimulator/Nosfy.build/DerivedSources/GeneratedAssetSymbols.swift --generate-objc-asset-symbols /tmp/nosfy-live-commit-20260918/derived/Build/Intermediates.noindex/Nosfy.build/Debug-iphonesimulator/Nosfy.build/DerivedSources/GeneratedAssetSymbols.h --generate-asset-symbol-index /tmp/nosfy-live-commit-20260918/derived/Build/Intermediates.noindex/Nosfy.build/Debug-iphonesimulator/Nosfy.build/DerivedSources/GeneratedAssetSymbols-Index.plist
/* com.apple.actool.compilation-results */
/tmp/nosfy-live-commit-20260918/derived/Build/Intermediates.noindex/Nosfy.build/Debug-iphonesimulator/Nosfy.build/DerivedSources/GeneratedAssetSymbols-Index.plist
/tmp/nosfy-live-commit-20260918/derived/Build/Intermediates.noindex/Nosfy.build/Debug-iphonesimulator/Nosfy.build/DerivedSources/GeneratedAssetSymbols.h
/tmp/nosfy-live-commit-20260918/derived/Build/Intermediates.noindex/Nosfy.build/Debug-iphonesimulator/Nosfy.build/DerivedSources/GeneratedAssetSymbols.swift


CompileMetalFile /tmp/nosfy-live-commit-20260918/snapshot/Nosfy/WahouAura.metal (in target 'Nosfy' from project 'Nosfy')
    cd /tmp/nosfy-live-commit-20260918/snapshot
    /var/run/com.apple.security.cryptexd/mnt/com.apple.MobileAsset.MetalToolchain-v17.6.42.0.BA5Ggr/Metal.xctoolchain/usr/bin/metal -c -target air64-apple-ios26.0-simulator -gline-tables-only -frecord-sources -I/tmp/nosfy-live-commit-20260918/derived/Build/Products/Debug-iphonesimulator/include -F/tmp/nosfy-live-commit-20260918/derived/Build/Products/Debug-iphonesimulator -isysroot /Applications/Xcode.app/Contents/Developer/Platforms/iPhoneSimulator.platform/Developer/SDKs/iPhoneSimulator26.5.sdk -fmetal-math-mode\=fast -fmetal-math-fp32-functions\=fast -serialize-diagnostics /tmp/nosfy-live-commit-20260918/derived/Build/Intermediates.noindex/Nosfy.build/Debug-iphonesimulator/Nosfy.build/Metal/WahouAura.dia -o /tmp/nosfy-live-commit-20260918/derived/Build/Intermediates.noindex/Nosfy.build/Debug-iphonesimulator/Nosfy.build/Metal/WahouAura.air -index-store-path /tmp/nosfy-live-commit-20260918/derived/Index.noindex/DataStore -MMD -MT dependencies -MF /tmp/nosfy-live-commit-20260918/derived/Build/Intermediates.noindex/Nosfy.build/Debug-iphonesimulator/Nosfy.build/Metal/WahouAura.dat /tmp/nosfy-live-commit-20260918/snapshot/Nosfy/WahouAura.metal

CompileMetalFile /tmp/nosfy-live-commit-20260918/snapshot/Nosfy/VerreGalet.metal (in target 'Nosfy' from project 'Nosfy')
    cd /tmp/nosfy-live-commit-20260918/snapshot
    /var/run/com.apple.security.cryptexd/mnt/com.apple.MobileAsset.MetalToolchain-v17.6.42.0.BA5Ggr/Metal.xctoolchain/usr/bin/metal -c -target air64-apple-ios26.0-simulator -gline-tables-only -frecord-sources -I/tmp/nosfy-live-commit-20260918/derived/Build/Products/Debug-iphonesimulator/include -F/tmp/nosfy-live-commit-20260918/derived/Build/Products/Debug-iphonesimulator -isysroot /Applications/Xcode.app/Contents/Developer/Platforms/iPhoneSimulator.platform/Developer/SDKs/iPhoneSimulator26.5.sdk -fmetal-math-mode\=fast -fmetal-math-fp32-functions\=fast -serialize-diagnostics /tmp/nosfy-live-commit-20260918/derived/Build/Intermediates.noindex/Nosfy.build/Debug-iphonesimulator/Nosfy.build/Metal/VerreGalet.dia -o /tmp/nosfy-live-commit-20260918/derived/Build/Intermediates.noindex/Nosfy.build/Debug-iphonesimulator/Nosfy.build/Metal/VerreGalet.air -index-store-path /tmp/nosfy-live-commit-20260918/derived/Index.noindex/DataStore -MMD -MT dependencies -MF /tmp/nosfy-live-commit-20260918/derived/Build/Intermediates.noindex/Nosfy.build/Debug-iphonesimulator/Nosfy.build/Metal/VerreGalet.dat /tmp/nosfy-live-commit-20260918/snapshot/Nosfy/VerreGalet.metal

CompileMetalFile /tmp/nosfy-live-commit-20260918/snapshot/Nosfy/VerreCoulant.metal (in target 'Nosfy' from project 'Nosfy')
    cd /tmp/nosfy-live-commit-20260918/snapshot
    /var/run/com.apple.security.cryptexd/mnt/com.apple.MobileAsset.MetalToolchain-v17.6.42.0.BA5Ggr/Metal.xctoolchain/usr/bin/metal -c -target air64-apple-ios26.0-simulator -gline-tables-only -frecord-sources -I/tmp/nosfy-live-commit-20260918/derived/Build/Products/Debug-iphonesimulator/include -F/tmp/nosfy-live-commit-20260918/derived/Build/Products/Debug-iphonesimulator -isysroot /Applications/Xcode.app/Contents/Developer/Platforms/iPhoneSimulator.platform/Developer/SDKs/iPhoneSimulator26.5.sdk -fmetal-math-mode\=fast -fmetal-math-fp32-functions\=fast -serialize-diagnostics /tmp/nosfy-live-commit-20260918/derived/Build/Intermediates.noindex/Nosfy.build/Debug-iphonesimulator/Nosfy.build/Metal/VerreCoulant-9c9df5b508bb2b3697d331ff3cdfc10b.dia -o /tmp/nosfy-live-commit-20260918/derived/Build/Intermediates.noindex/Nosfy.build/Debug-iphonesimulator/Nosfy.build/Metal/VerreCoulant-9c9df5b508bb2b3697d331ff3cdfc10b.air -index-store-path /tmp/nosfy-live-commit-20260918/derived/Index.noindex/DataStore -MMD -MT dependencies -MF /tmp/nosfy-live-commit-20260918/derived/Build/Intermediates.noindex/Nosfy.build/Debug-iphonesimulator/Nosfy.build/Metal/VerreCoulant-9c9df5b508bb2b3697d331ff3cdfc10b.dat /tmp/nosfy-live-commit-20260918/snapshot/Nosfy/VerreCoulant.metal
/tmp/nosfy-live-commit-20260918/snapshot/Nosfy/VerreCoulant.metal:138:11: warning: unused variable 'swell' [-Wunused-variable]
    float swell = 1.0 + 0.050 * sin(t * 6.2832 / 8.7)
          ^
1 warning generated.

CompileMetalFile /tmp/nosfy-live-commit-20260918/snapshot/Nosfy/TreasureBadge.metal (in target 'Nosfy' from project 'Nosfy')
    cd /tmp/nosfy-live-commit-20260918/snapshot
    /var/run/com.apple.security.cryptexd/mnt/com.apple.MobileAsset.MetalToolchain-v17.6.42.0.BA5Ggr/Metal.xctoolchain/usr/bin/metal -c -target air64-apple-ios26.0-simulator -gline-tables-only -frecord-sources -I/tmp/nosfy-live-commit-20260918/derived/Build/Products/Debug-iphonesimulator/include -F/tmp/nosfy-live-commit-20260918/derived/Build/Products/Debug-iphonesimulator -isysroot /Applications/Xcode.app/Contents/Developer/Platforms/iPhoneSimulator.platform/Developer/SDKs/iPhoneSimulator26.5.sdk -fmetal-math-mode\=fast -fmetal-math-fp32-functions\=fast -serialize-diagnostics /tmp/nosfy-live-commit-20260918/derived/Build/Intermediates.noindex/Nosfy.build/Debug-iphonesimulator/Nosfy.build/Metal/TreasureBadge.dia -o /tmp/nosfy-live-commit-20260918/derived/Build/Intermediates.noindex/Nosfy.build/Debug-iphonesimulator/Nosfy.build/Metal/TreasureBadge.air -index-store-path /tmp/nosfy-live-commit-20260918/derived/Index.noindex/DataStore -MMD -MT dependencies -MF /tmp/nosfy-live-commit-20260918/derived/Build/Intermediates.noindex/Nosfy.build/Debug-iphonesimulator/Nosfy.build/Metal/TreasureBadge.dat /tmp/nosfy-live-commit-20260918/snapshot/Nosfy/TreasureBadge.metal

CompileMetalFile /tmp/nosfy-live-commit-20260918/snapshot/Nosfy/PorteCaresse.metal (in target 'Nosfy' from project 'Nosfy')
    cd /tmp/nosfy-live-commit-20260918/snapshot
    /var/run/com.apple.security.cryptexd/mnt/com.apple.MobileAsset.MetalToolchain-v17.6.42.0.BA5Ggr/Metal.xctoolchain/usr/bin/metal -c -target air64-apple-ios26.0-simulator -gline-tables-only -frecord-sources -I/tmp/nosfy-live-commit-20260918/derived/Build/Products/Debug-iphonesimulator/include -F/tmp/nosfy-live-commit-20260918/derived/Build/Products/Debug-iphonesimulator -isysroot /Applications/Xcode.app/Contents/Developer/Platforms/iPhoneSimulator.platform/Developer/SDKs/iPhoneSimulator26.5.sdk -fmetal-math-mode\=fast -fmetal-math-fp32-functions\=fast -serialize-diagnostics /tmp/nosfy-live-commit-20260918/derived/Build/Intermediates.noindex/Nosfy.build/Debug-iphonesimulator/Nosfy.build/Metal/PorteCaresse.dia -o /tmp/nosfy-live-commit-20260918/derived/Build/Intermediates.noindex/Nosfy.build/Debug-iphonesimulator/Nosfy.build/Metal/PorteCaresse.air -index-store-path /tmp/nosfy-live-commit-20260918/derived/Index.noindex/DataStore -MMD -MT dependencies -MF /tmp/nosfy-live-commit-20260918/derived/Build/Intermediates.noindex/Nosfy.build/Debug-iphonesimulator/Nosfy.build/Metal/PorteCaresse.dat /tmp/nosfy-live-commit-20260918/snapshot/Nosfy/PorteCaresse.metal

CompileMetalFile /tmp/nosfy-live-commit-20260918/snapshot/Nosfy/PieceVerre.metal (in target 'Nosfy' from project 'Nosfy')
    cd /tmp/nosfy-live-commit-20260918/snapshot
    /var/run/com.apple.security.cryptexd/mnt/com.apple.MobileAsset.MetalToolchain-v17.6.42.0.BA5Ggr/Metal.xctoolchain/usr/bin/metal -c -target air64-apple-ios26.0-simulator -gline-tables-only -frecord-sources -I/tmp/nosfy-live-commit-20260918/derived/Build/Products/Debug-iphonesimulator/include -F/tmp/nosfy-live-commit-20260918/derived/Build/Products/Debug-iphonesimulator -isysroot /Applications/Xcode.app/Contents/Developer/Platforms/iPhoneSimulator.platform/Developer/SDKs/iPhoneSimulator26.5.sdk -fmetal-math-mode\=fast -fmetal-math-fp32-functions\=fast -serialize-diagnostics /tmp/nosfy-live-commit-20260918/derived/Build/Intermediates.noindex/Nosfy.build/Debug-iphonesimulator/Nosfy.build/Metal/PieceVerre.dia -o /tmp/nosfy-live-commit-20260918/derived/Build/Intermediates.noindex/Nosfy.build/Debug-iphonesimulator/Nosfy.build/Metal/PieceVerre.air -index-store-path /tmp/nosfy-live-commit-20260918/derived/Index.noindex/DataStore -MMD -MT dependencies -MF /tmp/nosfy-live-commit-20260918/derived/Build/Intermediates.noindex/Nosfy.build/Debug-iphonesimulator/Nosfy.build/Metal/PieceVerre.dat /tmp/nosfy-live-commit-20260918/snapshot/Nosfy/PieceVerre.metal

CompileMetalFile /tmp/nosfy-live-commit-20260918/snapshot/Nosfy/PebbleDust.metal (in target 'Nosfy' from project 'Nosfy')
    cd /tmp/nosfy-live-commit-20260918/snapshot
    /var/run/com.apple.security.cryptexd/mnt/com.apple.MobileAsset.MetalToolchain-v17.6.42.0.BA5Ggr/Metal.xctoolchain/usr/bin/metal -c -target air64-apple-ios26.0-simulator -gline-tables-only -frecord-sources -I/tmp/nosfy-live-commit-20260918/derived/Build/Products/Debug-iphonesimulator/include -F/tmp/nosfy-live-commit-20260918/derived/Build/Products/Debug-iphonesimulator -isysroot /Applications/Xcode.app/Contents/Developer/Platforms/iPhoneSimulator.platform/Developer/SDKs/iPhoneSimulator26.5.sdk -fmetal-math-mode\=fast -fmetal-math-fp32-functions\=fast -serialize-diagnostics /tmp/nosfy-live-commit-20260918/derived/Build/Intermediates.noindex/Nosfy.build/Debug-iphonesimulator/Nosfy.build/Metal/PebbleDust.dia -o /tmp/nosfy-live-commit-20260918/derived/Build/Intermediates.noindex/Nosfy.build/Debug-iphonesimulator/Nosfy.build/Metal/PebbleDust.air -index-store-path /tmp/nosfy-live-commit-20260918/derived/Index.noindex/DataStore -MMD -MT dependencies -MF /tmp/nosfy-live-commit-20260918/derived/Build/Intermediates.noindex/Nosfy.build/Debug-iphonesimulator/Nosfy.build/Metal/PebbleDust.dat /tmp/nosfy-live-commit-20260918/snapshot/Nosfy/PebbleDust.metal

CompileMetalFile /tmp/nosfy-live-commit-20260918/snapshot/Nosfy/ObsidianCard.metal (in target 'Nosfy' from project 'Nosfy')
    cd /tmp/nosfy-live-commit-20260918/snapshot
    /var/run/com.apple.security.cryptexd/mnt/com.apple.MobileAsset.MetalToolchain-v17.6.42.0.BA5Ggr/Metal.xctoolchain/usr/bin/metal -c -target air64-apple-ios26.0-simulator -gline-tables-only -frecord-sources -I/tmp/nosfy-live-commit-20260918/derived/Build/Products/Debug-iphonesimulator/include -F/tmp/nosfy-live-commit-20260918/derived/Build/Products/Debug-iphonesimulator -isysroot /Applications/Xcode.app/Contents/Developer/Platforms/iPhoneSimulator.platform/Developer/SDKs/iPhoneSimulator26.5.sdk -fmetal-math-mode\=fast -fmetal-math-fp32-functions\=fast -serialize-diagnostics /tmp/nosfy-live-commit-20260918/derived/Build/Intermediates.noindex/Nosfy.build/Debug-iphonesimulator/Nosfy.build/Metal/ObsidianCard-a78eb38ff5ba3f0f3c1e9f52bf040477.dia -o /tmp/nosfy-live-commit-20260918/derived/Build/Intermediates.noindex/Nosfy.build/Debug-iphonesimulator/Nosfy.build/Metal/ObsidianCard-a78eb38ff5ba3f0f3c1e9f52bf040477.air -index-store-path /tmp/nosfy-live-commit-20260918/derived/Index.noindex/DataStore -MMD -MT dependencies -MF /tmp/nosfy-live-commit-20260918/derived/Build/Intermediates.noindex/Nosfy.build/Debug-iphonesimulator/Nosfy.build/Metal/ObsidianCard-a78eb38ff5ba3f0f3c1e9f52bf040477.dat /tmp/nosfy-live-commit-20260918/snapshot/Nosfy/ObsidianCard.metal
/tmp/nosfy-live-commit-20260918/snapshot/Nosfy/ObsidianCard.metal:72:14: warning: unused function 'olobe' [-Wunused-function]
static float olobe(float2 p, float2 c, float2 s) {
             ^
/tmp/nosfy-live-commit-20260918/snapshot/Nosfy/ObsidianCard.metal:89:17: warning: unused variable 'kWarm' [-Wunused-const-variable]
constant float3 kWarm = float3(1.000, 0.456, 0.154);   // la source chaude
                ^
/tmp/nosfy-live-commit-20260918/snapshot/Nosfy/ObsidianCard.metal:97:17: warning: unused variable 'kRim' [-Wunused-const-variable]
constant float3 kRim  = float3(1.000, 0.600, 0.320);
                ^
3 warnings generated.

CompileMetalFile /tmp/nosfy-live-commit-20260918/snapshot/Nosfy/ObjectiveJewel.metal (in target 'Nosfy' from project 'Nosfy')
    cd /tmp/nosfy-live-commit-20260918/snapshot
    /var/run/com.apple.security.cryptexd/mnt/com.apple.MobileAsset.MetalToolchain-v17.6.42.0.BA5Ggr/Metal.xctoolchain/usr/bin/metal -c -target air64-apple-ios26.0-simulator -gline-tables-only -frecord-sources -I/tmp/nosfy-live-commit-20260918/derived/Build/Products/Debug-iphonesimulator/include -F/tmp/nosfy-live-commit-20260918/derived/Build/Products/Debug-iphonesimulator -isysroot /Applications/Xcode.app/Contents/Developer/Platforms/iPhoneSimulator.platform/Developer/SDKs/iPhoneSimulator26.5.sdk -fmetal-math-mode\=fast -fmetal-math-fp32-functions\=fast -serialize-diagnostics /tmp/nosfy-live-commit-20260918/derived/Build/Intermediates.noindex/Nosfy.build/Debug-iphonesimulator/Nosfy.build/Metal/ObjectiveJewel.dia -o /tmp/nosfy-live-commit-20260918/derived/Build/Intermediates.noindex/Nosfy.build/Debug-iphonesimulator/Nosfy.build/Metal/ObjectiveJewel.air -index-store-path /tmp/nosfy-live-commit-20260918/derived/Index.noindex/DataStore -MMD -MT dependencies -MF /tmp/nosfy-live-commit-20260918/derived/Build/Intermediates.noindex/Nosfy.build/Debug-iphonesimulator/Nosfy.build/Metal/ObjectiveJewel.dat /tmp/nosfy-live-commit-20260918/snapshot/Nosfy/ObjectiveJewel.metal

CompileMetalFile /tmp/nosfy-live-commit-20260918/snapshot/Nosfy/NeonPrimary.metal (in target 'Nosfy' from project 'Nosfy')
    cd /tmp/nosfy-live-commit-20260918/snapshot
    /var/run/com.apple.security.cryptexd/mnt/com.apple.MobileAsset.MetalToolchain-v17.6.42.0.BA5Ggr/Metal.xctoolchain/usr/bin/metal -c -target air64-apple-ios26.0-simulator -gline-tables-only -frecord-sources -I/tmp/nosfy-live-commit-20260918/derived/Build/Products/Debug-iphonesimulator/include -F/tmp/nosfy-live-commit-20260918/derived/Build/Products/Debug-iphonesimulator -isysroot /Applications/Xcode.app/Contents/Developer/Platforms/iPhoneSimulator.platform/Developer/SDKs/iPhoneSimulator26.5.sdk -fmetal-math-mode\=fast -fmetal-math-fp32-functions\=fast -serialize-diagnostics /tmp/nosfy-live-commit-20260918/derived/Build/Intermediates.noindex/Nosfy.build/Debug-iphonesimulator/Nosfy.build/Metal/NeonPrimary.dia -o /tmp/nosfy-live-commit-20260918/derived/Build/Intermediates.noindex/Nosfy.build/Debug-iphonesimulator/Nosfy.build/Metal/NeonPrimary.air -index-store-path /tmp/nosfy-live-commit-20260918/derived/Index.noindex/DataStore -MMD -MT dependencies -MF /tmp/nosfy-live-commit-20260918/derived/Build/Intermediates.noindex/Nosfy.build/Debug-iphonesimulator/Nosfy.build/Metal/NeonPrimary.dat /tmp/nosfy-live-commit-20260918/snapshot/Nosfy/NeonPrimary.metal

CompileMetalFile /tmp/nosfy-live-commit-20260918/snapshot/Nosfy/NebulaShaders.metal (in target 'Nosfy' from project 'Nosfy')
    cd /tmp/nosfy-live-commit-20260918/snapshot
    /var/run/com.apple.security.cryptexd/mnt/com.apple.MobileAsset.MetalToolchain-v17.6.42.0.BA5Ggr/Metal.xctoolchain/usr/bin/metal -c -target air64-apple-ios26.0-simulator -gline-tables-only -frecord-sources -I/tmp/nosfy-live-commit-20260918/derived/Build/Products/Debug-iphonesimulator/include -F/tmp/nosfy-live-commit-20260918/derived/Build/Products/Debug-iphonesimulator -isysroot /Applications/Xcode.app/Contents/Developer/Platforms/iPhoneSimulator.platform/Developer/SDKs/iPhoneSimulator26.5.sdk -fmetal-math-mode\=fast -fmetal-math-fp32-functions\=fast -serialize-diagnostics /tmp/nosfy-live-commit-20260918/derived/Build/Intermediates.noindex/Nosfy.build/Debug-iphonesimulator/Nosfy.build/Metal/NebulaShaders.dia -o /tmp/nosfy-live-commit-20260918/derived/Build/Intermediates.noindex/Nosfy.build/Debug-iphonesimulator/Nosfy.build/Metal/NebulaShaders.air -index-store-path /tmp/nosfy-live-commit-20260918/derived/Index.noindex/DataStore -MMD -MT dependencies -MF /tmp/nosfy-live-commit-20260918/derived/Build/Intermediates.noindex/Nosfy.build/Debug-iphonesimulator/Nosfy.build/Metal/NebulaShaders.dat /tmp/nosfy-live-commit-20260918/snapshot/Nosfy/NebulaShaders.metal

CompileMetalFile /tmp/nosfy-live-commit-20260918/snapshot/Nosfy/NavMonolith.metal (in target 'Nosfy' from project 'Nosfy')
    cd /tmp/nosfy-live-commit-20260918/snapshot
    /var/run/com.apple.security.cryptexd/mnt/com.apple.MobileAsset.MetalToolchain-v17.6.42.0.BA5Ggr/Metal.xctoolchain/usr/bin/metal -c -target air64-apple-ios26.0-simulator -gline-tables-only -frecord-sources -I/tmp/nosfy-live-commit-20260918/derived/Build/Products/Debug-iphonesimulator/include -F/tmp/nosfy-live-commit-20260918/derived/Build/Products/Debug-iphonesimulator -isysroot /Applications/Xcode.app/Contents/Developer/Platforms/iPhoneSimulator.platform/Developer/SDKs/iPhoneSimulator26.5.sdk -fmetal-math-mode\=fast -fmetal-math-fp32-functions\=fast -serialize-diagnostics /tmp/nosfy-live-commit-20260918/derived/Build/Intermediates.noindex/Nosfy.build/Debug-iphonesimulator/Nosfy.build/Metal/NavMonolith.dia -o /tmp/nosfy-live-commit-20260918/derived/Build/Intermediates.noindex/Nosfy.build/Debug-iphonesimulator/Nosfy.build/Metal/NavMonolith.air -index-store-path /tmp/nosfy-live-commit-20260918/derived/Index.noindex/DataStore -MMD -MT dependencies -MF /tmp/nosfy-live-commit-20260918/derived/Build/Intermediates.noindex/Nosfy.build/Debug-iphonesimulator/Nosfy.build/Metal/NavMonolith.dat /tmp/nosfy-live-commit-20260918/snapshot/Nosfy/NavMonolith.metal

CompileMetalFile /tmp/nosfy-live-commit-20260918/snapshot/Nosfy/MoonCoin.metal (in target 'Nosfy' from project 'Nosfy')
    cd /tmp/nosfy-live-commit-20260918/snapshot
    /var/run/com.apple.security.cryptexd/mnt/com.apple.MobileAsset.MetalToolchain-v17.6.42.0.BA5Ggr/Metal.xctoolchain/usr/bin/metal -c -target air64-apple-ios26.0-simulator -gline-tables-only -frecord-sources -I/tmp/nosfy-live-commit-20260918/derived/Build/Products/Debug-iphonesimulator/include -F/tmp/nosfy-live-commit-20260918/derived/Build/Products/Debug-iphonesimulator -isysroot /Applications/Xcode.app/Contents/Developer/Platforms/iPhoneSimulator.platform/Developer/SDKs/iPhoneSimulator26.5.sdk -fmetal-math-mode\=fast -fmetal-math-fp32-functions\=fast -serialize-diagnostics /tmp/nosfy-live-commit-20260918/derived/Build/Intermediates.noindex/Nosfy.build/Debug-iphonesimulator/Nosfy.build/Metal/MoonCoin.dia -o /tmp/nosfy-live-commit-20260918/derived/Build/Intermediates.noindex/Nosfy.build/Debug-iphonesimulator/Nosfy.build/Metal/MoonCoin.air -index-store-path /tmp/nosfy-live-commit-20260918/derived/Index.noindex/DataStore -MMD -MT dependencies -MF /tmp/nosfy-live-commit-20260918/derived/Build/Intermediates.noindex/Nosfy.build/Debug-iphonesimulator/Nosfy.build/Metal/MoonCoin.dat /tmp/nosfy-live-commit-20260918/snapshot/Nosfy/MoonCoin.metal

CompileMetalFile /tmp/nosfy-live-commit-20260918/snapshot/Nosfy/LogoMonolith.metal (in target 'Nosfy' from project 'Nosfy')
    cd /tmp/nosfy-live-commit-20260918/snapshot
    /var/run/com.apple.security.cryptexd/mnt/com.apple.MobileAsset.MetalToolchain-v17.6.42.0.BA5Ggr/Metal.xctoolchain/usr/bin/metal -c -target air64-apple-ios26.0-simulator -gline-tables-only -frecord-sources -I/tmp/nosfy-live-commit-20260918/derived/Build/Products/Debug-iphonesimulator/include -F/tmp/nosfy-live-commit-20260918/derived/Build/Products/Debug-iphonesimulator -isysroot /Applications/Xcode.app/Contents/Developer/Platforms/iPhoneSimulator.platform/Developer/SDKs/iPhoneSimulator26.5.sdk -fmetal-math-mode\=fast -fmetal-math-fp32-functions\=fast -serialize-diagnostics /tmp/nosfy-live-commit-20260918/derived/Build/Intermediates.noindex/Nosfy.build/Debug-iphonesimulator/Nosfy.build/Metal/LogoMonolith.dia -o /tmp/nosfy-live-commit-20260918/derived/Build/Intermediates.noindex/Nosfy.build/Debug-iphonesimulator/Nosfy.build/Metal/LogoMonolith.air -index-store-path /tmp/nosfy-live-commit-20260918/derived/Index.noindex/DataStore -MMD -MT dependencies -MF /tmp/nosfy-live-commit-20260918/derived/Build/Intermediates.noindex/Nosfy.build/Debug-iphonesimulator/Nosfy.build/Metal/LogoMonolith.dat /tmp/nosfy-live-commit-20260918/snapshot/Nosfy/LogoMonolith.metal

CompileMetalFile /tmp/nosfy-live-commit-20260918/snapshot/Nosfy/LoginAurora.metal (in target 'Nosfy' from project 'Nosfy')
    cd /tmp/nosfy-live-commit-20260918/snapshot
    /var/run/com.apple.security.cryptexd/mnt/com.apple.MobileAsset.MetalToolchain-v17.6.42.0.BA5Ggr/Metal.xctoolchain/usr/bin/metal -c -target air64-apple-ios26.0-simulator -gline-tables-only -frecord-sources -I/tmp/nosfy-live-commit-20260918/derived/Build/Products/Debug-iphonesimulator/include -F/tmp/nosfy-live-commit-20260918/derived/Build/Products/Debug-iphonesimulator -isysroot /Applications/Xcode.app/Contents/Developer/Platforms/iPhoneSimulator.platform/Developer/SDKs/iPhoneSimulator26.5.sdk -fmetal-math-mode\=fast -fmetal-math-fp32-functions\=fast -serialize-diagnostics /tmp/nosfy-live-commit-20260918/derived/Build/Intermediates.noindex/Nosfy.build/Debug-iphonesimulator/Nosfy.build/Metal/LoginAurora.dia -o /tmp/nosfy-live-commit-20260918/derived/Build/Intermediates.noindex/Nosfy.build/Debug-iphonesimulator/Nosfy.build/Metal/LoginAurora.air -index-store-path /tmp/nosfy-live-commit-20260918/derived/Index.noindex/DataStore -MMD -MT dependencies -MF /tmp/nosfy-live-commit-20260918/derived/Build/Intermediates.noindex/Nosfy.build/Debug-iphonesimulator/Nosfy.build/Metal/LoginAurora.dat /tmp/nosfy-live-commit-20260918/snapshot/Nosfy/LoginAurora.metal

CompileMetalFile /tmp/nosfy-live-commit-20260918/snapshot/Nosfy/LiquidLens.metal (in target 'Nosfy' from project 'Nosfy')
    cd /tmp/nosfy-live-commit-20260918/snapshot
    /var/run/com.apple.security.cryptexd/mnt/com.apple.MobileAsset.MetalToolchain-v17.6.42.0.BA5Ggr/Metal.xctoolchain/usr/bin/metal -c -target air64-apple-ios26.0-simulator -gline-tables-only -frecord-sources -I/tmp/nosfy-live-commit-20260918/derived/Build/Products/Debug-iphonesimulator/include -F/tmp/nosfy-live-commit-20260918/derived/Build/Products/Debug-iphonesimulator -isysroot /Applications/Xcode.app/Contents/Developer/Platforms/iPhoneSimulator.platform/Developer/SDKs/iPhoneSimulator26.5.sdk -fmetal-math-mode\=fast -fmetal-math-fp32-functions\=fast -serialize-diagnostics /tmp/nosfy-live-commit-20260918/derived/Build/Intermediates.noindex/Nosfy.build/Debug-iphonesimulator/Nosfy.build/Metal/LiquidLens.dia -o /tmp/nosfy-live-commit-20260918/derived/Build/Intermediates.noindex/Nosfy.build/Debug-iphonesimulator/Nosfy.build/Metal/LiquidLens.air -index-store-path /tmp/nosfy-live-commit-20260918/derived/Index.noindex/DataStore -MMD -MT dependencies -MF /tmp/nosfy-live-commit-20260918/derived/Build/Intermediates.noindex/Nosfy.build/Debug-iphonesimulator/Nosfy.build/Metal/LiquidLens.dat /tmp/nosfy-live-commit-20260918/snapshot/Nosfy/LiquidLens.metal

CompileMetalFile /tmp/nosfy-live-commit-20260918/snapshot/Nosfy/JaugeLacque.metal (in target 'Nosfy' from project 'Nosfy')
    cd /tmp/nosfy-live-commit-20260918/snapshot
    /var/run/com.apple.security.cryptexd/mnt/com.apple.MobileAsset.MetalToolchain-v17.6.42.0.BA5Ggr/Metal.xctoolchain/usr/bin/metal -c -target air64-apple-ios26.0-simulator -gline-tables-only -frecord-sources -I/tmp/nosfy-live-commit-20260918/derived/Build/Products/Debug-iphonesimulator/include -F/tmp/nosfy-live-commit-20260918/derived/Build/Products/Debug-iphonesimulator -isysroot /Applications/Xcode.app/Contents/Developer/Platforms/iPhoneSimulator.platform/Developer/SDKs/iPhoneSimulator26.5.sdk -fmetal-math-mode\=fast -fmetal-math-fp32-functions\=fast -serialize-diagnostics /tmp/nosfy-live-commit-20260918/derived/Build/Intermediates.noindex/Nosfy.build/Debug-iphonesimulator/Nosfy.build/Metal/JaugeLacque.dia -o /tmp/nosfy-live-commit-20260918/derived/Build/Intermediates.noindex/Nosfy.build/Debug-iphonesimulator/Nosfy.build/Metal/JaugeLacque.air -index-store-path /tmp/nosfy-live-commit-20260918/derived/Index.noindex/DataStore -MMD -MT dependencies -MF /tmp/nosfy-live-commit-20260918/derived/Build/Intermediates.noindex/Nosfy.build/Debug-iphonesimulator/Nosfy.build/Metal/JaugeLacque.dat /tmp/nosfy-live-commit-20260918/snapshot/Nosfy/JaugeLacque.metal

SwiftDriverJobDiscovery normal arm64 Compiling WorkoutActivity.swift (in target 'NosfyWidgets' from project 'Nosfy')

CompileMetalFile /tmp/nosfy-live-commit-20260918/snapshot/Nosfy/HomeNuit.metal (in target 'Nosfy' from project 'Nosfy')
    cd /tmp/nosfy-live-commit-20260918/snapshot
    /var/run/com.apple.security.cryptexd/mnt/com.apple.MobileAsset.MetalToolchain-v17.6.42.0.BA5Ggr/Metal.xctoolchain/usr/bin/metal -c -target air64-apple-ios26.0-simulator -gline-tables-only -frecord-sources -I/tmp/nosfy-live-commit-20260918/derived/Build/Products/Debug-iphonesimulator/include -F/tmp/nosfy-live-commit-20260918/derived/Build/Products/Debug-iphonesimulator -isysroot /Applications/Xcode.app/Contents/Developer/Platforms/iPhoneSimulator.platform/Developer/SDKs/iPhoneSimulator26.5.sdk -fmetal-math-mode\=fast -fmetal-math-fp32-functions\=fast -serialize-diagnostics /tmp/nosfy-live-commit-20260918/derived/Build/Intermediates.noindex/Nosfy.build/Debug-iphonesimulator/Nosfy.build/Metal/HomeNuit-433311da0aa563029eab4013db963d50.dia -o /tmp/nosfy-live-commit-20260918/derived/Build/Intermediates.noindex/Nosfy.build/Debug-iphonesimulator/Nosfy.build/Metal/HomeNuit-433311da0aa563029eab4013db963d50.air -index-store-path /tmp/nosfy-live-commit-20260918/derived/Index.noindex/DataStore -MMD -MT dependencies -MF /tmp/nosfy-live-commit-20260918/derived/Build/Intermediates.noindex/Nosfy.build/Debug-iphonesimulator/Nosfy.build/Metal/HomeNuit-433311da0aa563029eab4013db963d50.dat /tmp/nosfy-live-commit-20260918/snapshot/Nosfy/HomeNuit.metal
/tmp/nosfy-live-commit-20260918/snapshot/Nosfy/HomeNuit.metal:41:17: warning: unused variable 'NR_BRAISE' [-Wunused-const-variable]
constant float3 NR_BRAISE = float3(1.00, 0.62, 0.24);
                ^
1 warning generated.

CompileMetalFile /tmp/nosfy-live-commit-20260918/snapshot/Nosfy/HaloDawn.metal (in target 'Nosfy' from project 'Nosfy')
    cd /tmp/nosfy-live-commit-20260918/snapshot
    /var/run/com.apple.security.cryptexd/mnt/com.apple.MobileAsset.MetalToolchain-v17.6.42.0.BA5Ggr/Metal.xctoolchain/usr/bin/metal -c -target air64-apple-ios26.0-simulator -gline-tables-only -frecord-sources -I/tmp/nosfy-live-commit-20260918/derived/Build/Products/Debug-iphonesimulator/include -F/tmp/nosfy-live-commit-20260918/derived/Build/Products/Debug-iphonesimulator -isysroot /Applications/Xcode.app/Contents/Developer/Platforms/iPhoneSimulator.platform/Developer/SDKs/iPhoneSimulator26.5.sdk -fmetal-math-mode\=fast -fmetal-math-fp32-functions\=fast -serialize-diagnostics /tmp/nosfy-live-commit-20260918/derived/Build/Intermediates.noindex/Nosfy.build/Debug-iphonesimulator/Nosfy.build/Metal/HaloDawn.dia -o /tmp/nosfy-live-commit-20260918/derived/Build/Intermediates.noindex/Nosfy.build/Debug-iphonesimulator/Nosfy.build/Metal/HaloDawn.air -index-store-path /tmp/nosfy-live-commit-20260918/derived/Index.noindex/DataStore -MMD -MT dependencies -MF /tmp/nosfy-live-commit-20260918/derived/Build/Intermediates.noindex/Nosfy.build/Debug-iphonesimulator/Nosfy.build/Metal/HaloDawn.dat /tmp/nosfy-live-commit-20260918/snapshot/Nosfy/HaloDawn.metal

CompileMetalFile /tmp/nosfy-live-commit-20260918/snapshot/Nosfy/GaletStage.metal (in target 'Nosfy' from project 'Nosfy')
    cd /tmp/nosfy-live-commit-20260918/snapshot
    /var/run/com.apple.security.cryptexd/mnt/com.apple.MobileAsset.MetalToolchain-v17.6.42.0.BA5Ggr/Metal.xctoolchain/usr/bin/metal -c -target air64-apple-ios26.0-simulator -gline-tables-only -frecord-sources -I/tmp/nosfy-live-commit-20260918/derived/Build/Products/Debug-iphonesimulator/include -F/tmp/nosfy-live-commit-20260918/derived/Build/Products/Debug-iphonesimulator -isysroot /Applications/Xcode.app/Contents/Developer/Platforms/iPhoneSimulator.platform/Developer/SDKs/iPhoneSimulator26.5.sdk -fmetal-math-mode\=fast -fmetal-math-fp32-functions\=fast -serialize-diagnostics /tmp/nosfy-live-commit-20260918/derived/Build/Intermediates.noindex/Nosfy.build/Debug-iphonesimulator/Nosfy.build/Metal/GaletStage.dia -o /tmp/nosfy-live-commit-20260918/derived/Build/Intermediates.noindex/Nosfy.build/Debug-iphonesimulator/Nosfy.build/Metal/GaletStage.air -index-store-path /tmp/nosfy-live-commit-20260918/derived/Index.noindex/DataStore -MMD -MT dependencies -MF /tmp/nosfy-live-commit-20260918/derived/Build/Intermediates.noindex/Nosfy.build/Debug-iphonesimulator/Nosfy.build/Metal/GaletStage.dat /tmp/nosfy-live-commit-20260918/snapshot/Nosfy/GaletStage.metal

CompileMetalFile /tmp/nosfy-live-commit-20260918/snapshot/Nosfy/GaletMedaillon.metal (in target 'Nosfy' from project 'Nosfy')
    cd /tmp/nosfy-live-commit-20260918/snapshot
    /var/run/com.apple.security.cryptexd/mnt/com.apple.MobileAsset.MetalToolchain-v17.6.42.0.BA5Ggr/Metal.xctoolchain/usr/bin/metal -c -target air64-apple-ios26.0-simulator -gline-tables-only -frecord-sources -I/tmp/nosfy-live-commit-20260918/derived/Build/Products/Debug-iphonesimulator/include -F/tmp/nosfy-live-commit-20260918/derived/Build/Products/Debug-iphonesimulator -isysroot /Applications/Xcode.app/Contents/Developer/Platforms/iPhoneSimulator.platform/Developer/SDKs/iPhoneSimulator26.5.sdk -fmetal-math-mode\=fast -fmetal-math-fp32-functions\=fast -serialize-diagnostics /tmp/nosfy-live-commit-20260918/derived/Build/Intermediates.noindex/Nosfy.build/Debug-iphonesimulator/Nosfy.build/Metal/GaletMedaillon.dia -o /tmp/nosfy-live-commit-20260918/derived/Build/Intermediates.noindex/Nosfy.build/Debug-iphonesimulator/Nosfy.build/Metal/GaletMedaillon.air -index-store-path /tmp/nosfy-live-commit-20260918/derived/Index.noindex/DataStore -MMD -MT dependencies -MF /tmp/nosfy-live-commit-20260918/derived/Build/Intermediates.noindex/Nosfy.build/Debug-iphonesimulator/Nosfy.build/Metal/GaletMedaillon.dat /tmp/nosfy-live-commit-20260918/snapshot/Nosfy/GaletMedaillon.metal

SwiftDriverJobDiscovery normal arm64 Compiling WorkoutLiveFocus.swift (in target 'NosfyWidgets' from project 'Nosfy')

CompileMetalFile /tmp/nosfy-live-commit-20260918/snapshot/Nosfy/GaletLisere.metal (in target 'Nosfy' from project 'Nosfy')
    cd /tmp/nosfy-live-commit-20260918/snapshot
    /var/run/com.apple.security.cryptexd/mnt/com.apple.MobileAsset.MetalToolchain-v17.6.42.0.BA5Ggr/Metal.xctoolchain/usr/bin/metal -c -target air64-apple-ios26.0-simulator -gline-tables-only -frecord-sources -I/tmp/nosfy-live-commit-20260918/derived/Build/Products/Debug-iphonesimulator/include -F/tmp/nosfy-live-commit-20260918/derived/Build/Products/Debug-iphonesimulator -isysroot /Applications/Xcode.app/Contents/Developer/Platforms/iPhoneSimulator.platform/Developer/SDKs/iPhoneSimulator26.5.sdk -fmetal-math-mode\=fast -fmetal-math-fp32-functions\=fast -serialize-diagnostics /tmp/nosfy-live-commit-20260918/derived/Build/Intermediates.noindex/Nosfy.build/Debug-iphonesimulator/Nosfy.build/Metal/GaletLisere.dia -o /tmp/nosfy-live-commit-20260918/derived/Build/Intermediates.noindex/Nosfy.build/Debug-iphonesimulator/Nosfy.build/Metal/GaletLisere.air -index-store-path /tmp/nosfy-live-commit-20260918/derived/Index.noindex/DataStore -MMD -MT dependencies -MF /tmp/nosfy-live-commit-20260918/derived/Build/Intermediates.noindex/Nosfy.build/Debug-iphonesimulator/Nosfy.build/Metal/GaletLisere.dat /tmp/nosfy-live-commit-20260918/snapshot/Nosfy/GaletLisere.metal

CompileMetalFile /tmp/nosfy-live-commit-20260918/snapshot/Nosfy/FumeeX2.metal (in target 'Nosfy' from project 'Nosfy')
    cd /tmp/nosfy-live-commit-20260918/snapshot
    /var/run/com.apple.security.cryptexd/mnt/com.apple.MobileAsset.MetalToolchain-v17.6.42.0.BA5Ggr/Metal.xctoolchain/usr/bin/metal -c -target air64-apple-ios26.0-simulator -gline-tables-only -frecord-sources -I/tmp/nosfy-live-commit-20260918/derived/Build/Products/Debug-iphonesimulator/include -F/tmp/nosfy-live-commit-20260918/derived/Build/Products/Debug-iphonesimulator -isysroot /Applications/Xcode.app/Contents/Developer/Platforms/iPhoneSimulator.platform/Developer/SDKs/iPhoneSimulator26.5.sdk -fmetal-math-mode\=fast -fmetal-math-fp32-functions\=fast -serialize-diagnostics /tmp/nosfy-live-commit-20260918/derived/Build/Intermediates.noindex/Nosfy.build/Debug-iphonesimulator/Nosfy.build/Metal/FumeeX2.dia -o /tmp/nosfy-live-commit-20260918/derived/Build/Intermediates.noindex/Nosfy.build/Debug-iphonesimulator/Nosfy.build/Metal/FumeeX2.air -index-store-path /tmp/nosfy-live-commit-20260918/derived/Index.noindex/DataStore -MMD -MT dependencies -MF /tmp/nosfy-live-commit-20260918/derived/Build/Intermediates.noindex/Nosfy.build/Debug-iphonesimulator/Nosfy.build/Metal/FumeeX2.dat /tmp/nosfy-live-commit-20260918/snapshot/Nosfy/FumeeX2.metal

CompileMetalFile /tmp/nosfy-live-commit-20260918/snapshot/Nosfy/FondVideoMetal.metal (in target 'Nosfy' from project 'Nosfy')
    cd /tmp/nosfy-live-commit-20260918/snapshot
    /var/run/com.apple.security.cryptexd/mnt/com.apple.MobileAsset.MetalToolchain-v17.6.42.0.BA5Ggr/Metal.xctoolchain/usr/bin/metal -c -target air64-apple-ios26.0-simulator -gline-tables-only -frecord-sources -I/tmp/nosfy-live-commit-20260918/derived/Build/Products/Debug-iphonesimulator/include -F/tmp/nosfy-live-commit-20260918/derived/Build/Products/Debug-iphonesimulator -isysroot /Applications/Xcode.app/Contents/Developer/Platforms/iPhoneSimulator.platform/Developer/SDKs/iPhoneSimulator26.5.sdk -fmetal-math-mode\=fast -fmetal-math-fp32-functions\=fast -serialize-diagnostics /tmp/nosfy-live-commit-20260918/derived/Build/Intermediates.noindex/Nosfy.build/Debug-iphonesimulator/Nosfy.build/Metal/FondVideoMetal-07d7cb865cfff19e4ebe17ce3fda3a9f.dia -o /tmp/nosfy-live-commit-20260918/derived/Build/Intermediates.noindex/Nosfy.build/Debug-iphonesimulator/Nosfy.build/Metal/FondVideoMetal-07d7cb865cfff19e4ebe17ce3fda3a9f.air -index-store-path /tmp/nosfy-live-commit-20260918/derived/Index.noindex/DataStore -MMD -MT dependencies -MF /tmp/nosfy-live-commit-20260918/derived/Build/Intermediates.noindex/Nosfy.build/Debug-iphonesimulator/Nosfy.build/Metal/FondVideoMetal-07d7cb865cfff19e4ebe17ce3fda3a9f.dat /tmp/nosfy-live-commit-20260918/snapshot/Nosfy/FondVideoMetal.metal

CompileMetalFile /tmp/nosfy-live-commit-20260918/snapshot/Nosfy/FlameJewel.metal (in target 'Nosfy' from project 'Nosfy')
    cd /tmp/nosfy-live-commit-20260918/snapshot
    /var/run/com.apple.security.cryptexd/mnt/com.apple.MobileAsset.MetalToolchain-v17.6.42.0.BA5Ggr/Metal.xctoolchain/usr/bin/metal -c -target air64-apple-ios26.0-simulator -gline-tables-only -frecord-sources -I/tmp/nosfy-live-commit-20260918/derived/Build/Products/Debug-iphonesimulator/include -F/tmp/nosfy-live-commit-20260918/derived/Build/Products/Debug-iphonesimulator -isysroot /Applications/Xcode.app/Contents/Developer/Platforms/iPhoneSimulator.platform/Developer/SDKs/iPhoneSimulator26.5.sdk -fmetal-math-mode\=fast -fmetal-math-fp32-functions\=fast -serialize-diagnostics /tmp/nosfy-live-commit-20260918/derived/Build/Intermediates.noindex/Nosfy.build/Debug-iphonesimulator/Nosfy.build/Metal/FlameJewel.dia -o /tmp/nosfy-live-commit-20260918/derived/Build/Intermediates.noindex/Nosfy.build/Debug-iphonesimulator/Nosfy.build/Metal/FlameJewel.air -index-store-path /tmp/nosfy-live-commit-20260918/derived/Index.noindex/DataStore -MMD -MT dependencies -MF /tmp/nosfy-live-commit-20260918/derived/Build/Intermediates.noindex/Nosfy.build/Debug-iphonesimulator/Nosfy.build/Metal/FlameJewel.dat /tmp/nosfy-live-commit-20260918/snapshot/Nosfy/FlameJewel.metal

CompileMetalFile /tmp/nosfy-live-commit-20260918/snapshot/Nosfy/Figures/InkGrain.metal (in target 'Nosfy' from project 'Nosfy')
    cd /tmp/nosfy-live-commit-20260918/snapshot
    /var/run/com.apple.security.cryptexd/mnt/com.apple.MobileAsset.MetalToolchain-v17.6.42.0.BA5Ggr/Metal.xctoolchain/usr/bin/metal -c -target air64-apple-ios26.0-simulator -gline-tables-only -frecord-sources -I/tmp/nosfy-live-commit-20260918/derived/Build/Products/Debug-iphonesimulator/include -F/tmp/nosfy-live-commit-20260918/derived/Build/Products/Debug-iphonesimulator -isysroot /Applications/Xcode.app/Contents/Developer/Platforms/iPhoneSimulator.platform/Developer/SDKs/iPhoneSimulator26.5.sdk -fmetal-math-mode\=fast -fmetal-math-fp32-functions\=fast -serialize-diagnostics /tmp/nosfy-live-commit-20260918/derived/Build/Intermediates.noindex/Nosfy.build/Debug-iphonesimulator/Nosfy.build/Metal/InkGrain.dia -o /tmp/nosfy-live-commit-20260918/derived/Build/Intermediates.noindex/Nosfy.build/Debug-iphonesimulator/Nosfy.build/Metal/InkGrain.air -index-store-path /tmp/nosfy-live-commit-20260918/derived/Index.noindex/DataStore -MMD -MT dependencies -MF /tmp/nosfy-live-commit-20260918/derived/Build/Intermediates.noindex/Nosfy.build/Debug-iphonesimulator/Nosfy.build/Metal/InkGrain.dat /tmp/nosfy-live-commit-20260918/snapshot/Nosfy/Figures/InkGrain.metal

CompileMetalFile /tmp/nosfy-live-commit-20260918/snapshot/Nosfy/Figures/GlassFX.metal (in target 'Nosfy' from project 'Nosfy')
    cd /tmp/nosfy-live-commit-20260918/snapshot
    /var/run/com.apple.security.cryptexd/mnt/com.apple.MobileAsset.MetalToolchain-v17.6.42.0.BA5Ggr/Metal.xctoolchain/usr/bin/metal -c -target air64-apple-ios26.0-simulator -gline-tables-only -frecord-sources -I/tmp/nosfy-live-commit-20260918/derived/Build/Products/Debug-iphonesimulator/include -F/tmp/nosfy-live-commit-20260918/derived/Build/Products/Debug-iphonesimulator -isysroot /Applications/Xcode.app/Contents/Developer/Platforms/iPhoneSimulator.platform/Developer/SDKs/iPhoneSimulator26.5.sdk -fmetal-math-mode\=fast -fmetal-math-fp32-functions\=fast -serialize-diagnostics /tmp/nosfy-live-commit-20260918/derived/Build/Intermediates.noindex/Nosfy.build/Debug-iphonesimulator/Nosfy.build/Metal/GlassFX.dia -o /tmp/nosfy-live-commit-20260918/derived/Build/Intermediates.noindex/Nosfy.build/Debug-iphonesimulator/Nosfy.build/Metal/GlassFX.air -index-store-path /tmp/nosfy-live-commit-20260918/derived/Index.noindex/DataStore -MMD -MT dependencies -MF /tmp/nosfy-live-commit-20260918/derived/Build/Intermediates.noindex/Nosfy.build/Debug-iphonesimulator/Nosfy.build/Metal/GlassFX.dat /tmp/nosfy-live-commit-20260918/snapshot/Nosfy/Figures/GlassFX.metal

CompileMetalFile /tmp/nosfy-live-commit-20260918/snapshot/Nosfy/ExosHalo.metal (in target 'Nosfy' from project 'Nosfy')
    cd /tmp/nosfy-live-commit-20260918/snapshot
    /var/run/com.apple.security.cryptexd/mnt/com.apple.MobileAsset.MetalToolchain-v17.6.42.0.BA5Ggr/Metal.xctoolchain/usr/bin/metal -c -target air64-apple-ios26.0-simulator -gline-tables-only -frecord-sources -I/tmp/nosfy-live-commit-20260918/derived/Build/Products/Debug-iphonesimulator/include -F/tmp/nosfy-live-commit-20260918/derived/Build/Products/Debug-iphonesimulator -isysroot /Applications/Xcode.app/Contents/Developer/Platforms/iPhoneSimulator.platform/Developer/SDKs/iPhoneSimulator26.5.sdk -fmetal-math-mode\=fast -fmetal-math-fp32-functions\=fast -serialize-diagnostics /tmp/nosfy-live-commit-20260918/derived/Build/Intermediates.noindex/Nosfy.build/Debug-iphonesimulator/Nosfy.build/Metal/ExosHalo.dia -o /tmp/nosfy-live-commit-20260918/derived/Build/Intermediates.noindex/Nosfy.build/Debug-iphonesimulator/Nosfy.build/Metal/ExosHalo.air -index-store-path /tmp/nosfy-live-commit-20260918/derived/Index.noindex/DataStore -MMD -MT dependencies -MF /tmp/nosfy-live-commit-20260918/derived/Build/Intermediates.noindex/Nosfy.build/Debug-iphonesimulator/Nosfy.build/Metal/ExosHalo.dat /tmp/nosfy-live-commit-20260918/snapshot/Nosfy/ExosHalo.metal

CompileMetalFile /tmp/nosfy-live-commit-20260918/snapshot/Nosfy/ExoHeaderGlow.metal (in target 'Nosfy' from project 'Nosfy')
    cd /tmp/nosfy-live-commit-20260918/snapshot
    /var/run/com.apple.security.cryptexd/mnt/com.apple.MobileAsset.MetalToolchain-v17.6.42.0.BA5Ggr/Metal.xctoolchain/usr/bin/metal -c -target air64-apple-ios26.0-simulator -gline-tables-only -frecord-sources -I/tmp/nosfy-live-commit-20260918/derived/Build/Products/Debug-iphonesimulator/include -F/tmp/nosfy-live-commit-20260918/derived/Build/Products/Debug-iphonesimulator -isysroot /Applications/Xcode.app/Contents/Developer/Platforms/iPhoneSimulator.platform/Developer/SDKs/iPhoneSimulator26.5.sdk -fmetal-math-mode\=fast -fmetal-math-fp32-functions\=fast -serialize-diagnostics /tmp/nosfy-live-commit-20260918/derived/Build/Intermediates.noindex/Nosfy.build/Debug-iphonesimulator/Nosfy.build/Metal/ExoHeaderGlow.dia -o /tmp/nosfy-live-commit-20260918/derived/Build/Intermediates.noindex/Nosfy.build/Debug-iphonesimulator/Nosfy.build/Metal/ExoHeaderGlow.air -index-store-path /tmp/nosfy-live-commit-20260918/derived/Index.noindex/DataStore -MMD -MT dependencies -MF /tmp/nosfy-live-commit-20260918/derived/Build/Intermediates.noindex/Nosfy.build/Debug-iphonesimulator/Nosfy.build/Metal/ExoHeaderGlow.dat /tmp/nosfy-live-commit-20260918/snapshot/Nosfy/ExoHeaderGlow.metal
/tmp/nosfy-live-commit-20260918/snapshot/Nosfy/ExoHeaderGlow.metal:57:17: warning: unused variable 'EHG_CREME' [-Wunused-const-variable]
constant float3 EHG_CREME  = float3(1.000, 0.938, 0.790);  // le cœur
                ^
1 warning generated.

CompileMetalFile /tmp/nosfy-live-commit-20260918/snapshot/Nosfy/EmberFlame.metal (in target 'Nosfy' from project 'Nosfy')
    cd /tmp/nosfy-live-commit-20260918/snapshot
    /var/run/com.apple.security.cryptexd/mnt/com.apple.MobileAsset.MetalToolchain-v17.6.42.0.BA5Ggr/Metal.xctoolchain/usr/bin/metal -c -target air64-apple-ios26.0-simulator -gline-tables-only -frecord-sources -I/tmp/nosfy-live-commit-20260918/derived/Build/Products/Debug-iphonesimulator/include -F/tmp/nosfy-live-commit-20260918/derived/Build/Products/Debug-iphonesimulator -isysroot /Applications/Xcode.app/Contents/Developer/Platforms/iPhoneSimulator.platform/Developer/SDKs/iPhoneSimulator26.5.sdk -fmetal-math-mode\=fast -fmetal-math-fp32-functions\=fast -serialize-diagnostics /tmp/nosfy-live-commit-20260918/derived/Build/Intermediates.noindex/Nosfy.build/Debug-iphonesimulator/Nosfy.build/Metal/EmberFlame.dia -o /tmp/nosfy-live-commit-20260918/derived/Build/Intermediates.noindex/Nosfy.build/Debug-iphonesimulator/Nosfy.build/Metal/EmberFlame.air -index-store-path /tmp/nosfy-live-commit-20260918/derived/Index.noindex/DataStore -MMD -MT dependencies -MF /tmp/nosfy-live-commit-20260918/derived/Build/Intermediates.noindex/Nosfy.build/Debug-iphonesimulator/Nosfy.build/Metal/EmberFlame.dat /tmp/nosfy-live-commit-20260918/snapshot/Nosfy/EmberFlame.metal

CompileMetalFile /tmp/nosfy-live-commit-20260918/snapshot/Nosfy/EclipseHalo.metal (in target 'Nosfy' from project 'Nosfy')
    cd /tmp/nosfy-live-commit-20260918/snapshot
    /var/run/com.apple.security.cryptexd/mnt/com.apple.MobileAsset.MetalToolchain-v17.6.42.0.BA5Ggr/Metal.xctoolchain/usr/bin/metal -c -target air64-apple-ios26.0-simulator -gline-tables-only -frecord-sources -I/tmp/nosfy-live-commit-20260918/derived/Build/Products/Debug-iphonesimulator/include -F/tmp/nosfy-live-commit-20260918/derived/Build/Products/Debug-iphonesimulator -isysroot /Applications/Xcode.app/Contents/Developer/Platforms/iPhoneSimulator.platform/Developer/SDKs/iPhoneSimulator26.5.sdk -fmetal-math-mode\=fast -fmetal-math-fp32-functions\=fast -serialize-diagnostics /tmp/nosfy-live-commit-20260918/derived/Build/Intermediates.noindex/Nosfy.build/Debug-iphonesimulator/Nosfy.build/Metal/EclipseHalo.dia -o /tmp/nosfy-live-commit-20260918/derived/Build/Intermediates.noindex/Nosfy.build/Debug-iphonesimulator/Nosfy.build/Metal/EclipseHalo.air -index-store-path /tmp/nosfy-live-commit-20260918/derived/Index.noindex/DataStore -MMD -MT dependencies -MF /tmp/nosfy-live-commit-20260918/derived/Build/Intermediates.noindex/Nosfy.build/Debug-iphonesimulator/Nosfy.build/Metal/EclipseHalo.dat /tmp/nosfy-live-commit-20260918/snapshot/Nosfy/EclipseHalo.metal

CompileMetalFile /tmp/nosfy-live-commit-20260918/snapshot/Nosfy/DiamondButton.metal (in target 'Nosfy' from project 'Nosfy')
    cd /tmp/nosfy-live-commit-20260918/snapshot
    /var/run/com.apple.security.cryptexd/mnt/com.apple.MobileAsset.MetalToolchain-v17.6.42.0.BA5Ggr/Metal.xctoolchain/usr/bin/metal -c -target air64-apple-ios26.0-simulator -gline-tables-only -frecord-sources -I/tmp/nosfy-live-commit-20260918/derived/Build/Products/Debug-iphonesimulator/include -F/tmp/nosfy-live-commit-20260918/derived/Build/Products/Debug-iphonesimulator -isysroot /Applications/Xcode.app/Contents/Developer/Platforms/iPhoneSimulator.platform/Developer/SDKs/iPhoneSimulator26.5.sdk -fmetal-math-mode\=fast -fmetal-math-fp32-functions\=fast -serialize-diagnostics /tmp/nosfy-live-commit-20260918/derived/Build/Intermediates.noindex/Nosfy.build/Debug-iphonesimulator/Nosfy.build/Metal/DiamondButton.dia -o /tmp/nosfy-live-commit-20260918/derived/Build/Intermediates.noindex/Nosfy.build/Debug-iphonesimulator/Nosfy.build/Metal/DiamondButton.air -index-store-path /tmp/nosfy-live-commit-20260918/derived/Index.noindex/DataStore -MMD -MT dependencies -MF /tmp/nosfy-live-commit-20260918/derived/Build/Intermediates.noindex/Nosfy.build/Debug-iphonesimulator/Nosfy.build/Metal/DiamondButton.dat /tmp/nosfy-live-commit-20260918/snapshot/Nosfy/DiamondButton.metal

CompileMetalFile /tmp/nosfy-live-commit-20260918/snapshot/Nosfy/DemonSky.metal (in target 'Nosfy' from project 'Nosfy')
    cd /tmp/nosfy-live-commit-20260918/snapshot
    /var/run/com.apple.security.cryptexd/mnt/com.apple.MobileAsset.MetalToolchain-v17.6.42.0.BA5Ggr/Metal.xctoolchain/usr/bin/metal -c -target air64-apple-ios26.0-simulator -gline-tables-only -frecord-sources -I/tmp/nosfy-live-commit-20260918/derived/Build/Products/Debug-iphonesimulator/include -F/tmp/nosfy-live-commit-20260918/derived/Build/Products/Debug-iphonesimulator -isysroot /Applications/Xcode.app/Contents/Developer/Platforms/iPhoneSimulator.platform/Developer/SDKs/iPhoneSimulator26.5.sdk -fmetal-math-mode\=fast -fmetal-math-fp32-functions\=fast -serialize-diagnostics /tmp/nosfy-live-commit-20260918/derived/Build/Intermediates.noindex/Nosfy.build/Debug-iphonesimulator/Nosfy.build/Metal/DemonSky-b05b12f8d9b3f83673ea5c1e5931c9c0.dia -o /tmp/nosfy-live-commit-20260918/derived/Build/Intermediates.noindex/Nosfy.build/Debug-iphonesimulator/Nosfy.build/Metal/DemonSky-b05b12f8d9b3f83673ea5c1e5931c9c0.air -index-store-path /tmp/nosfy-live-commit-20260918/derived/Index.noindex/DataStore -MMD -MT dependencies -MF /tmp/nosfy-live-commit-20260918/derived/Build/Intermediates.noindex/Nosfy.build/Debug-iphonesimulator/Nosfy.build/Metal/DemonSky-b05b12f8d9b3f83673ea5c1e5931c9c0.dat /tmp/nosfy-live-commit-20260918/snapshot/Nosfy/DemonSky.metal
/tmp/nosfy-live-commit-20260918/snapshot/Nosfy/DemonSky.metal:34:19: warning: unused variable 'kStrip' [-Wunused-const-variable]
constexpr sampler kStrip(s_address::repeat, t_address::clamp_to_edge,
                  ^
1 warning generated.

CompileMetalFile /tmp/nosfy-live-commit-20260918/snapshot/Nosfy/CorpsLisere.metal (in target 'Nosfy' from project 'Nosfy')
    cd /tmp/nosfy-live-commit-20260918/snapshot
    /var/run/com.apple.security.cryptexd/mnt/com.apple.MobileAsset.MetalToolchain-v17.6.42.0.BA5Ggr/Metal.xctoolchain/usr/bin/metal -c -target air64-apple-ios26.0-simulator -gline-tables-only -frecord-sources -I/tmp/nosfy-live-commit-20260918/derived/Build/Products/Debug-iphonesimulator/include -F/tmp/nosfy-live-commit-20260918/derived/Build/Products/Debug-iphonesimulator -isysroot /Applications/Xcode.app/Contents/Developer/Platforms/iPhoneSimulator.platform/Developer/SDKs/iPhoneSimulator26.5.sdk -fmetal-math-mode\=fast -fmetal-math-fp32-functions\=fast -serialize-diagnostics /tmp/nosfy-live-commit-20260918/derived/Build/Intermediates.noindex/Nosfy.build/Debug-iphonesimulator/Nosfy.build/Metal/CorpsLisere.dia -o /tmp/nosfy-live-commit-20260918/derived/Build/Intermediates.noindex/Nosfy.build/Debug-iphonesimulator/Nosfy.build/Metal/CorpsLisere.air -index-store-path /tmp/nosfy-live-commit-20260918/derived/Index.noindex/DataStore -MMD -MT dependencies -MF /tmp/nosfy-live-commit-20260918/derived/Build/Intermediates.noindex/Nosfy.build/Debug-iphonesimulator/Nosfy.build/Metal/CorpsLisere.dat /tmp/nosfy-live-commit-20260918/snapshot/Nosfy/CorpsLisere.metal

CompileMetalFile /tmp/nosfy-live-commit-20260918/snapshot/Nosfy/CarteLune.metal (in target 'Nosfy' from project 'Nosfy')
    cd /tmp/nosfy-live-commit-20260918/snapshot
    /var/run/com.apple.security.cryptexd/mnt/com.apple.MobileAsset.MetalToolchain-v17.6.42.0.BA5Ggr/Metal.xctoolchain/usr/bin/metal -c -target air64-apple-ios26.0-simulator -gline-tables-only -frecord-sources -I/tmp/nosfy-live-commit-20260918/derived/Build/Products/Debug-iphonesimulator/include -F/tmp/nosfy-live-commit-20260918/derived/Build/Products/Debug-iphonesimulator -isysroot /Applications/Xcode.app/Contents/Developer/Platforms/iPhoneSimulator.platform/Developer/SDKs/iPhoneSimulator26.5.sdk -fmetal-math-mode\=fast -fmetal-math-fp32-functions\=fast -serialize-diagnostics /tmp/nosfy-live-commit-20260918/derived/Build/Intermediates.noindex/Nosfy.build/Debug-iphonesimulator/Nosfy.build/Metal/CarteLune.dia -o /tmp/nosfy-live-commit-20260918/derived/Build/Intermediates.noindex/Nosfy.build/Debug-iphonesimulator/Nosfy.build/Metal/CarteLune.air -index-store-path /tmp/nosfy-live-commit-20260918/derived/Index.noindex/DataStore -MMD -MT dependencies -MF /tmp/nosfy-live-commit-20260918/derived/Build/Intermediates.noindex/Nosfy.build/Debug-iphonesimulator/Nosfy.build/Metal/CarteLune.dat /tmp/nosfy-live-commit-20260918/snapshot/Nosfy/CarteLune.metal

CompileMetalFile /tmp/nosfy-live-commit-20260918/snapshot/Nosfy/CarnetCuir.metal (in target 'Nosfy' from project 'Nosfy')
    cd /tmp/nosfy-live-commit-20260918/snapshot
    /var/run/com.apple.security.cryptexd/mnt/com.apple.MobileAsset.MetalToolchain-v17.6.42.0.BA5Ggr/Metal.xctoolchain/usr/bin/metal -c -target air64-apple-ios26.0-simulator -gline-tables-only -frecord-sources -I/tmp/nosfy-live-commit-20260918/derived/Build/Products/Debug-iphonesimulator/include -F/tmp/nosfy-live-commit-20260918/derived/Build/Products/Debug-iphonesimulator -isysroot /Applications/Xcode.app/Contents/Developer/Platforms/iPhoneSimulator.platform/Developer/SDKs/iPhoneSimulator26.5.sdk -fmetal-math-mode\=fast -fmetal-math-fp32-functions\=fast -serialize-diagnostics /tmp/nosfy-live-commit-20260918/derived/Build/Intermediates.noindex/Nosfy.build/Debug-iphonesimulator/Nosfy.build/Metal/CarnetCuir.dia -o /tmp/nosfy-live-commit-20260918/derived/Build/Intermediates.noindex/Nosfy.build/Debug-iphonesimulator/Nosfy.build/Metal/CarnetCuir.air -index-store-path /tmp/nosfy-live-commit-20260918/derived/Index.noindex/DataStore -MMD -MT dependencies -MF /tmp/nosfy-live-commit-20260918/derived/Build/Intermediates.noindex/Nosfy.build/Debug-iphonesimulator/Nosfy.build/Metal/CarnetCuir.dat /tmp/nosfy-live-commit-20260918/snapshot/Nosfy/CarnetCuir.metal

CompileMetalFile /tmp/nosfy-live-commit-20260918/snapshot/Nosfy/BravoPill.metal (in target 'Nosfy' from project 'Nosfy')
    cd /tmp/nosfy-live-commit-20260918/snapshot
    /var/run/com.apple.security.cryptexd/mnt/com.apple.MobileAsset.MetalToolchain-v17.6.42.0.BA5Ggr/Metal.xctoolchain/usr/bin/metal -c -target air64-apple-ios26.0-simulator -gline-tables-only -frecord-sources -I/tmp/nosfy-live-commit-20260918/derived/Build/Products/Debug-iphonesimulator/include -F/tmp/nosfy-live-commit-20260918/derived/Build/Products/Debug-iphonesimulator -isysroot /Applications/Xcode.app/Contents/Developer/Platforms/iPhoneSimulator.platform/Developer/SDKs/iPhoneSimulator26.5.sdk -fmetal-math-mode\=fast -fmetal-math-fp32-functions\=fast -serialize-diagnostics /tmp/nosfy-live-commit-20260918/derived/Build/Intermediates.noindex/Nosfy.build/Debug-iphonesimulator/Nosfy.build/Metal/BravoPill.dia -o /tmp/nosfy-live-commit-20260918/derived/Build/Intermediates.noindex/Nosfy.build/Debug-iphonesimulator/Nosfy.build/Metal/BravoPill.air -index-store-path /tmp/nosfy-live-commit-20260918/derived/Index.noindex/DataStore -MMD -MT dependencies -MF /tmp/nosfy-live-commit-20260918/derived/Build/Intermediates.noindex/Nosfy.build/Debug-iphonesimulator/Nosfy.build/Metal/BravoPill.dat /tmp/nosfy-live-commit-20260918/snapshot/Nosfy/BravoPill.metal

CompileMetalFile /tmp/nosfy-live-commit-20260918/snapshot/Nosfy/AuthNebula.metal (in target 'Nosfy' from project 'Nosfy')
    cd /tmp/nosfy-live-commit-20260918/snapshot
    /var/run/com.apple.security.cryptexd/mnt/com.apple.MobileAsset.MetalToolchain-v17.6.42.0.BA5Ggr/Metal.xctoolchain/usr/bin/metal -c -target air64-apple-ios26.0-simulator -gline-tables-only -frecord-sources -I/tmp/nosfy-live-commit-20260918/derived/Build/Products/Debug-iphonesimulator/include -F/tmp/nosfy-live-commit-20260918/derived/Build/Products/Debug-iphonesimulator -isysroot /Applications/Xcode.app/Contents/Developer/Platforms/iPhoneSimulator.platform/Developer/SDKs/iPhoneSimulator26.5.sdk -fmetal-math-mode\=fast -fmetal-math-fp32-functions\=fast -serialize-diagnostics /tmp/nosfy-live-commit-20260918/derived/Build/Intermediates.noindex/Nosfy.build/Debug-iphonesimulator/Nosfy.build/Metal/AuthNebula.dia -o /tmp/nosfy-live-commit-20260918/derived/Build/Intermediates.noindex/Nosfy.build/Debug-iphonesimulator/Nosfy.build/Metal/AuthNebula.air -index-store-path /tmp/nosfy-live-commit-20260918/derived/Index.noindex/DataStore -MMD -MT dependencies -MF /tmp/nosfy-live-commit-20260918/derived/Build/Intermediates.noindex/Nosfy.build/Debug-iphonesimulator/Nosfy.build/Metal/AuthNebula.dat /tmp/nosfy-live-commit-20260918/snapshot/Nosfy/AuthNebula.metal

CompileMetalFile /tmp/nosfy-live-commit-20260918/snapshot/Nosfy/AuroraHome.metal (in target 'Nosfy' from project 'Nosfy')
    cd /tmp/nosfy-live-commit-20260918/snapshot
    /var/run/com.apple.security.cryptexd/mnt/com.apple.MobileAsset.MetalToolchain-v17.6.42.0.BA5Ggr/Metal.xctoolchain/usr/bin/metal -c -target air64-apple-ios26.0-simulator -gline-tables-only -frecord-sources -I/tmp/nosfy-live-commit-20260918/derived/Build/Products/Debug-iphonesimulator/include -F/tmp/nosfy-live-commit-20260918/derived/Build/Products/Debug-iphonesimulator -isysroot /Applications/Xcode.app/Contents/Developer/Platforms/iPhoneSimulator.platform/Developer/SDKs/iPhoneSimulator26.5.sdk -fmetal-math-mode\=fast -fmetal-math-fp32-functions\=fast -serialize-diagnostics /tmp/nosfy-live-commit-20260918/derived/Build/Intermediates.noindex/Nosfy.build/Debug-iphonesimulator/Nosfy.build/Metal/AuroraHome.dia -o /tmp/nosfy-live-commit-20260918/derived/Build/Intermediates.noindex/Nosfy.build/Debug-iphonesimulator/Nosfy.build/Metal/AuroraHome.air -index-store-path /tmp/nosfy-live-commit-20260918/derived/Index.noindex/DataStore -MMD -MT dependencies -MF /tmp/nosfy-live-commit-20260918/derived/Build/Intermediates.noindex/Nosfy.build/Debug-iphonesimulator/Nosfy.build/Metal/AuroraHome.dat /tmp/nosfy-live-commit-20260918/snapshot/Nosfy/AuroraHome.metal

CompileMetalFile /tmp/nosfy-live-commit-20260918/snapshot/Nosfy/AuroraBg.metal (in target 'Nosfy' from project 'Nosfy')
    cd /tmp/nosfy-live-commit-20260918/snapshot
    /var/run/com.apple.security.cryptexd/mnt/com.apple.MobileAsset.MetalToolchain-v17.6.42.0.BA5Ggr/Metal.xctoolchain/usr/bin/metal -c -target air64-apple-ios26.0-simulator -gline-tables-only -frecord-sources -I/tmp/nosfy-live-commit-20260918/derived/Build/Products/Debug-iphonesimulator/include -F/tmp/nosfy-live-commit-20260918/derived/Build/Products/Debug-iphonesimulator -isysroot /Applications/Xcode.app/Contents/Developer/Platforms/iPhoneSimulator.platform/Developer/SDKs/iPhoneSimulator26.5.sdk -fmetal-math-mode\=fast -fmetal-math-fp32-functions\=fast -serialize-diagnostics /tmp/nosfy-live-commit-20260918/derived/Build/Intermediates.noindex/Nosfy.build/Debug-iphonesimulator/Nosfy.build/Metal/AuroraBg.dia -o /tmp/nosfy-live-commit-20260918/derived/Build/Intermediates.noindex/Nosfy.build/Debug-iphonesimulator/Nosfy.build/Metal/AuroraBg.air -index-store-path /tmp/nosfy-live-commit-20260918/derived/Index.noindex/DataStore -MMD -MT dependencies -MF /tmp/nosfy-live-commit-20260918/derived/Build/Intermediates.noindex/Nosfy.build/Debug-iphonesimulator/Nosfy.build/Metal/AuroraBg.dat /tmp/nosfy-live-commit-20260918/snapshot/Nosfy/AuroraBg.metal

CompileAssetCatalogVariant thinned /tmp/nosfy-live-commit-20260918/derived/Build/Products/Debug-iphonesimulator/Nosfy.app /tmp/nosfy-live-commit-20260918/snapshot/Nosfy/AppIcon.icon /tmp/nosfy-live-commit-20260918/snapshot/Nosfy/Assets.xcassets (in target 'Nosfy' from project 'Nosfy')
    cd /tmp/nosfy-live-commit-20260918/snapshot
    /Applications/Xcode.app/Contents/Developer/usr/bin/actool /tmp/nosfy-live-commit-20260918/snapshot/Nosfy/AppIcon.icon /tmp/nosfy-live-commit-20260918/snapshot/Nosfy/Assets.xcassets --compile /tmp/nosfy-live-commit-20260918/derived/Build/Intermediates.noindex/Nosfy.build/Debug-iphonesimulator/Nosfy.build/assetcatalog_output/thinned --output-format human-readable-text --notices --warnings --export-dependency-info /tmp/nosfy-live-commit-20260918/derived/Build/Intermediates.noindex/Nosfy.build/Debug-iphonesimulator/Nosfy.build/assetcatalog_dependencies_thinned --output-partial-info-plist /tmp/nosfy-live-commit-20260918/derived/Build/Intermediates.noindex/Nosfy.build/Debug-iphonesimulator/Nosfy.build/assetcatalog_generated_info.plist_thinned --app-icon AppIcon --accent-color AccentColor --compress-pngs --enable-on-demand-resources YES --development-region fr --target-device iphone --minimum-deployment-target 26.0 --platform iphonesimulator
2026-09-18 10:35:14.155 AssetCatalogSimulatorAgent[58925:18739802] The filter 'CIPortraitEffectSpillCorrection' is not implemented in the bundle at /Library/Developer/CoreSimulator/Volumes/iOS_23F77/Library/Developer/CoreSimulator/Profiles/Runtimes/iOS 26.5.simruntime/Contents/Resources/RuntimeRoot/System/Library/CoreImage/PortraitFilters.cifilter.
/* com.apple.actool.compilation-results */
/tmp/nosfy-live-commit-20260918/derived/Build/Intermediates.noindex/Nosfy.build/Debug-iphonesimulator/Nosfy.build/assetcatalog_generated_info.plist_thinned
/tmp/nosfy-live-commit-20260918/derived/Build/Intermediates.noindex/Nosfy.build/Debug-iphonesimulator/Nosfy.build/assetcatalog_output/thinned/AppIcon60x60@2x.png
/tmp/nosfy-live-commit-20260918/derived/Build/Intermediates.noindex/Nosfy.build/Debug-iphonesimulator/Nosfy.build/assetcatalog_output/thinned/AppIcon76x76@2x~ipad.png
/tmp/nosfy-live-commit-20260918/derived/Build/Intermediates.noindex/Nosfy.build/Debug-iphonesimulator/Nosfy.build/assetcatalog_output/thinned/Assets.car


SwiftDriver Nosfy normal arm64 com.apple.xcode.tools.swift.compiler (in target 'Nosfy' from project 'Nosfy')
    cd /tmp/nosfy-live-commit-20260918/snapshot
    builtin-SwiftDriver -- /Applications/Xcode.app/Contents/Developer/Toolchains/XcodeDefault.xctoolchain/usr/bin/swiftc -module-name Woop -Onone @/tmp/nosfy-live-commit-20260918/derived/Build/Intermediates.noindex/Nosfy.build/Debug-iphonesimulator/Nosfy.build/Objects-normal/arm64/Nosfy.SwiftFileList -DDEBUG -enable-bare-slash-regex -enable-experimental-feature DebugDescriptionMacro -sdk /Applications/Xcode.app/Contents/Developer/Platforms/iPhoneSimulator.platform/Developer/SDKs/iPhoneSimulator26.5.sdk -target arm64-apple-ios26.0-simulator -g -module-cache-path /tmp/nosfy-live-commit-20260918/derived/ModuleCache.noindex -Xfrontend -serialize-debugging-options -enable-testing -index-store-path /tmp/nosfy-live-commit-20260918/derived/Index.noindex/DataStore -Xcc -D_LIBCPP_HARDENING_MODE\=_LIBCPP_HARDENING_MODE_DEBUG -swift-version 5 -I /tmp/nosfy-live-commit-20260918/derived/Build/Products/Debug-iphonesimulator -F /tmp/nosfy-live-commit-20260918/derived/Build/Products/Debug-iphonesimulator -emit-localized-strings -emit-localized-strings-path /tmp/nosfy-live-commit-20260918/derived/Build/Intermediates.noindex/Nosfy.build/Debug-iphonesimulator/Nosfy.build/Objects-normal/arm64 -c -j10 -enable-batch-mode -incremental -Xcc -ivfsstatcache -Xcc /tmp/nosfy-live-commit-20260918/derived/SDKStatCaches.noindex/iphonesimulator26.5-23F73-688ef53f1462e2c8f657fdc38a81448f6cfe768891a92b912361537c460fe42b.sdkstatcache -output-file-map /tmp/nosfy-live-commit-20260918/derived/Build/Intermediates.noindex/Nosfy.build/Debug-iphonesimulator/Nosfy.build/Objects-normal/arm64/Nosfy-OutputFileMap.json -use-frontend-parseable-output -save-temps -no-color-diagnostics -explicit-module-build -module-cache-path /tmp/nosfy-live-commit-20260918/derived/Build/Intermediates.noindex/SwiftExplicitPrecompiledModules -clang-scanner-module-cache-path /tmp/nosfy-live-commit-20260918/derived/ModuleCache.noindex -sdk-module-cache-path /tmp/nosfy-live-commit-20260918/derived/ModuleCache.noindex -serialize-diagnostics -emit-dependencies -emit-module -emit-module-path /tmp/nosfy-live-commit-20260918/derived/Build/Intermediates.noindex/Nosfy.build/Debug-iphonesimulator/Nosfy.build/Objects-normal/arm64/Woop.swiftmodule -validate-clang-modules-once -clang-build-session-file /tmp/nosfy-live-commit-20260918/derived/ModuleCache.noindex/Session.modulevalidation -Xcc -I/tmp/nosfy-live-commit-20260918/derived/Build/Intermediates.noindex/Nosfy.build/Debug-iphonesimulator/Nosfy.build/swift-overrides.hmap -emit-const-values -Xfrontend -const-gather-protocols-file -Xfrontend /tmp/nosfy-live-commit-20260918/derived/Build/Intermediates.noindex/Nosfy.build/Debug-iphonesimulator/Nosfy.build/Objects-normal/arm64/Nosfy_const_extract_protocols.json -Xcc -iquote -Xcc /tmp/nosfy-live-commit-20260918/derived/Build/Intermediates.noindex/Nosfy.build/Debug-iphonesimulator/Nosfy.build/Nosfy-generated-files.hmap -Xcc -I/tmp/nosfy-live-commit-20260918/derived/Build/Intermediates.noindex/Nosfy.build/Debug-iphonesimulator/Nosfy.build/Nosfy-own-target-headers.hmap -Xcc -I/tmp/nosfy-live-commit-20260918/derived/Build/Intermediates.noindex/Nosfy.build/Debug-iphonesimulator/Nosfy.build/Nosfy-all-target-headers.hmap -Xcc -iquote -Xcc /tmp/nosfy-live-commit-20260918/derived/Build/Intermediates.noindex/Nosfy.build/Debug-iphonesimulator/Nosfy.build/Nosfy-project-headers.hmap -Xcc -I/tmp/nosfy-live-commit-20260918/derived/Build/Products/Debug-iphonesimulator/include -Xcc -I/tmp/nosfy-live-commit-20260918/derived/Build/Intermediates.noindex/Nosfy.build/Debug-iphonesimulator/Nosfy.build/DerivedSources-normal/arm64 -Xcc -I/tmp/nosfy-live-commit-20260918/derived/Build/Intermediates.noindex/Nosfy.build/Debug-iphonesimulator/Nosfy.build/DerivedSources/arm64 -Xcc -I/tmp/nosfy-live-commit-20260918/derived/Build/Intermediates.noindex/Nosfy.build/Debug-iphonesimulator/Nosfy.build/DerivedSources -Xcc -DDEBUG\=1 -emit-objc-header -emit-objc-header-path /tmp/nosfy-live-commit-20260918/derived/Build/Intermediates.noindex/Nosfy.build/Debug-iphonesimulator/Nosfy.build/Objects-normal/arm64/Woop-Swift.h -working-directory /tmp/nosfy-live-commit-20260918/snapshot -experimental-emit-module-separately -disable-cmo

MetalLink /tmp/nosfy-live-commit-20260918/derived/Build/Products/Debug-iphonesimulator/Nosfy.app/default.metallib (in target 'Nosfy' from project 'Nosfy')
    cd /tmp/nosfy-live-commit-20260918/snapshot
    /var/run/com.apple.security.cryptexd/mnt/com.apple.MobileAsset.MetalToolchain-v17.6.42.0.BA5Ggr/Metal.xctoolchain/usr/bin/metal -target air64-apple-ios26.0-simulator -frecord-sources -o /tmp/nosfy-live-commit-20260918/derived/Build/Products/Debug-iphonesimulator/Nosfy.app/default.metallib /tmp/nosfy-live-commit-20260918/derived/Build/Intermediates.noindex/Nosfy.build/Debug-iphonesimulator/Nosfy.build/Metal/GlassFX.air /tmp/nosfy-live-commit-20260918/derived/Build/Intermediates.noindex/Nosfy.build/Debug-iphonesimulator/Nosfy.build/Metal/InkGrain.air /tmp/nosfy-live-commit-20260918/derived/Build/Intermediates.noindex/Nosfy.build/Debug-iphonesimulator/Nosfy.build/Metal/AuroraBg.air /tmp/nosfy-live-commit-20260918/derived/Build/Intermediates.noindex/Nosfy.build/Debug-iphonesimulator/Nosfy.build/Metal/AuroraHome.air /tmp/nosfy-live-commit-20260918/derived/Build/Intermediates.noindex/Nosfy.build/Debug-iphonesimulator/Nosfy.build/Metal/AuthNebula.air /tmp/nosfy-live-commit-20260918/derived/Build/Intermediates.noindex/Nosfy.build/Debug-iphonesimulator/Nosfy.build/Metal/BravoPill.air /tmp/nosfy-live-commit-20260918/derived/Build/Intermediates.noindex/Nosfy.build/Debug-iphonesimulator/Nosfy.build/Metal/CarnetCuir.air /tmp/nosfy-live-commit-20260918/derived/Build/Intermediates.noindex/Nosfy.build/Debug-iphonesimulator/Nosfy.build/Metal/CarteLune.air /tmp/nosfy-live-commit-20260918/derived/Build/Intermediates.noindex/Nosfy.build/Debug-iphonesimulator/Nosfy.build/Metal/CorpsLisere.air /tmp/nosfy-live-commit-20260918/derived/Build/Intermediates.noindex/Nosfy.build/Debug-iphonesimulator/Nosfy.build/Metal/DemonSky-b05b12f8d9b3f83673ea5c1e5931c9c0.air /tmp/nosfy-live-commit-20260918/derived/Build/Intermediates.noindex/Nosfy.build/Debug-iphonesimulator/Nosfy.build/Metal/DiamondButton.air /tmp/nosfy-live-commit-20260918/derived/Build/Intermediates.noindex/Nosfy.build/Debug-iphonesimulator/Nosfy.build/Metal/EclipseHalo.air /tmp/nosfy-live-commit-20260918/derived/Build/Intermediates.noindex/Nosfy.build/Debug-iphonesimulator/Nosfy.build/Metal/EmberFlame.air /tmp/nosfy-live-commit-20260918/derived/Build/Intermediates.noindex/Nosfy.build/Debug-iphonesimulator/Nosfy.build/Metal/ExoHeaderGlow.air /tmp/nosfy-live-commit-20260918/derived/Build/Intermediates.noindex/Nosfy.build/Debug-iphonesimulator/Nosfy.build/Metal/ExosHalo.air /tmp/nosfy-live-commit-20260918/derived/Build/Intermediates.noindex/Nosfy.build/Debug-iphonesimulator/Nosfy.build/Metal/FlameJewel.air /tmp/nosfy-live-commit-20260918/derived/Build/Intermediates.noindex/Nosfy.build/Debug-iphonesimulator/Nosfy.build/Metal/FondVideoMetal-07d7cb865cfff19e4ebe17ce3fda3a9f.air /tmp/nosfy-live-commit-20260918/derived/Build/Intermediates.noindex/Nosfy.build/Debug-iphonesimulator/Nosfy.build/Metal/FumeeX2.air /tmp/nosfy-live-commit-20260918/derived/Build/Intermediates.noindex/Nosfy.build/Debug-iphonesimulator/Nosfy.build/Metal/GaletLisere.air /tmp/nosfy-live-commit-20260918/derived/Build/Intermediates.noindex/Nosfy.build/Debug-iphonesimulator/Nosfy.build/Metal/GaletMedaillon.air /tmp/nosfy-live-commit-20260918/derived/Build/Intermediates.noindex/Nosfy.build/Debug-iphonesimulator/Nosfy.build/Metal/GaletStage.air /tmp/nosfy-live-commit-20260918/derived/Build/Intermediates.noindex/Nosfy.build/Debug-iphonesimulator/Nosfy.build/Metal/HaloDawn.air /tmp/nosfy-live-commit-20260918/derived/Build/Intermediates.noindex/Nosfy.build/Debug-iphonesimulator/Nosfy.build/Metal/HomeNuit-433311da0aa563029eab4013db963d50.air /tmp/nosfy-live-commit-20260918/derived/Build/Intermediates.noindex/Nosfy.build/Debug-iphonesimulator/Nosfy.build/Metal/JaugeLacque.air /tmp/nosfy-live-commit-20260918/derived/Build/Intermediates.noindex/Nosfy.build/Debug-iphonesimulator/Nosfy.build/Metal/LiquidLens.air /tmp/nosfy-live-commit-20260918/derived/Build/Intermediates.noindex/Nosfy.build/Debug-iphonesimulator/Nosfy.build/Metal/LoginAurora.air /tmp/nosfy-live-commit-20260918/derived/Build/Intermediates.noindex/Nosfy.build/Debug-iphonesimulator/Nosfy.build/Metal/LogoMonolith.air /tmp/nosfy-live-commit-20260918/derived/Build/Intermediates.noindex/Nosfy.build/Debug-iphonesimulator/Nosfy.build/Metal/MoonCoin.air /tmp/nosfy-live-commit-20260918/derived/Build/Intermediates.noindex/Nosfy.build/Debug-iphonesimulator/Nosfy.build/Metal/NavMonolith.air /tmp/nosfy-live-commit-20260918/derived/Build/Intermediates.noindex/Nosfy.build/Debug-iphonesimulator/Nosfy.build/Metal/NebulaShaders.air /tmp/nosfy-live-commit-20260918/derived/Build/Intermediates.noindex/Nosfy.build/Debug-iphonesimulator/Nosfy.build/Metal/NeonPrimary.air /tmp/nosfy-live-commit-20260918/derived/Build/Intermediates.noindex/Nosfy.build/Debug-iphonesimulator/Nosfy.build/Metal/ObjectiveJewel.air /tmp/nosfy-live-commit-20260918/derived/Build/Intermediates.noindex/Nosfy.build/Debug-iphonesimulator/Nosfy.build/Metal/ObsidianCard-a78eb38ff5ba3f0f3c1e9f52bf040477.air /tmp/nosfy-live-commit-20260918/derived/Build/Intermediates.noindex/Nosfy.build/Debug-iphonesimulator/Nosfy.build/Metal/PebbleDust.air /tmp/nosfy-live-commit-20260918/derived/Build/Intermediates.noindex/Nosfy.build/Debug-iphonesimulator/Nosfy.build/Metal/PieceVerre.air /tmp/nosfy-live-commit-20260918/derived/Build/Intermediates.noindex/Nosfy.build/Debug-iphonesimulator/Nosfy.build/Metal/PorteCaresse.air /tmp/nosfy-live-commit-20260918/derived/Build/Intermediates.noindex/Nosfy.build/Debug-iphonesimulator/Nosfy.build/Metal/TreasureBadge.air /tmp/nosfy-live-commit-20260918/derived/Build/Intermediates.noindex/Nosfy.build/Debug-iphonesimulator/Nosfy.build/Metal/VerreCoulant-9c9df5b508bb2b3697d331ff3cdfc10b.air /tmp/nosfy-live-commit-20260918/derived/Build/Intermediates.noindex/Nosfy.build/Debug-iphonesimulator/Nosfy.build/Metal/VerreGalet.air /tmp/nosfy-live-commit-20260918/derived/Build/Intermediates.noindex/Nosfy.build/Debug-iphonesimulator/Nosfy.build/Metal/WahouAura.air

SwiftExplicitDependencyGeneratePcm arm64 /tmp/nosfy-live-commit-20260918/derived/ModuleCache.noindex/_Builtin_stdarg-898DJ6QG29QZ3IP8Q7FE7LJ85.pcm

SwiftExplicitDependencyGeneratePcm arm64 /tmp/nosfy-live-commit-20260918/derived/ModuleCache.noindex/_Builtin_float-3VC3X7C41B8NK9D1QASIJGODF.pcm

SwiftExplicitDependencyGeneratePcm arm64 /tmp/nosfy-live-commit-20260918/derived/ModuleCache.noindex/DeveloperToolsSupport-82144HZOZ0CZRB6E5DZJ2Y458.pcm

SwiftExplicitDependencyGeneratePcm arm64 /tmp/nosfy-live-commit-20260918/derived/ModuleCache.noindex/_SwiftConcurrencyShims-34UJIC2E8Y9XNP8UXKPL4S6KV.pcm

SwiftExplicitDependencyGeneratePcm arm64 /tmp/nosfy-live-commit-20260918/derived/ModuleCache.noindex/_AvailabilityInternal-730DR6RX5DA68KWK6T3MHATWB.pcm

SwiftExplicitDependencyGeneratePcm arm64 /tmp/nosfy-live-commit-20260918/derived/ModuleCache.noindex/ptrauth-4KW6ZHHDY8XR8JEW38GWPEXTU.pcm

SwiftExplicitDependencyGeneratePcm arm64 /tmp/nosfy-live-commit-20260918/derived/ModuleCache.noindex/_Builtin_stddef-CMRGCRCOR2PD4Z258O9QN47X3.pcm

SwiftExplicitDependencyGeneratePcm arm64 /tmp/nosfy-live-commit-20260918/derived/ModuleCache.noindex/ptrcheck-BIJQI4GJMB7FL7CSHCTOAV0MO.pcm

SwiftExplicitDependencyGeneratePcm arm64 /tmp/nosfy-live-commit-20260918/derived/ModuleCache.noindex/_Builtin_stdbool-9N258T5170OIMJND7E4DOZL44.pcm

SwiftExplicitDependencyGeneratePcm arm64 /tmp/nosfy-live-commit-20260918/derived/ModuleCache.noindex/SwiftShims-4Y26MSUL0OYZNF5G0FVPESCJ4.pcm

SwiftExplicitDependencyGeneratePcm arm64 /tmp/nosfy-live-commit-20260918/derived/ModuleCache.noindex/_DarwinFoundation1-5Z845SAYNE4JNINIZ00G5CFSZ.pcm

SwiftExplicitDependencyGeneratePcm arm64 /tmp/nosfy-live-commit-20260918/derived/ModuleCache.noindex/ActivityKit-65U3X0YGWUIBZ31QSXLJR41R3.pcm

SwiftExplicitDependencyGeneratePcm arm64 /tmp/nosfy-live-commit-20260918/derived/ModuleCache.noindex/_Builtin_limits-95Y387GJEEOM611VC09W0LM21.pcm

SwiftExplicitDependencyGeneratePcm arm64 /tmp/nosfy-live-commit-20260918/derived/ModuleCache.noindex/ExtensionFoundation-22YEBC7FJN63TR87HKNY5Q87N.pcm

SwiftExplicitDependencyGeneratePcm arm64 /tmp/nosfy-live-commit-20260918/derived/ModuleCache.noindex/_DarwinFoundation2-414X22YUVBP0SD8YB24G41QRD.pcm

SwiftDriverJobDiscovery normal arm64 Compiling ImpGlyph.swift (in target 'NosfyWidgets' from project 'Nosfy')

SwiftDriverJobDiscovery normal arm64 Compiling MoonGlyph.swift (in target 'NosfyWidgets' from project 'Nosfy')

SwiftDriverJobDiscovery normal arm64 Compiling ProgressComet.swift (in target 'NosfyWidgets' from project 'Nosfy')

SwiftExplicitDependencyGeneratePcm arm64 /tmp/nosfy-live-commit-20260918/derived/ModuleCache.noindex/_Builtin_tgmath-4E94N4XBD3J3GEBLAQSXW7DN4.pcm

SwiftExplicitDependencyGeneratePcm arm64 /tmp/nosfy-live-commit-20260918/derived/ModuleCache.noindex/_Builtin_stdint-8MUPVZEE4ZBF3NSGGWWWFI1OW.pcm

SwiftExplicitDependencyGeneratePcm arm64 /tmp/nosfy-live-commit-20260918/derived/ModuleCache.noindex/sys_types-XZWQUDGAGWTL41YYQG7DQPLR.pcm

SwiftExplicitDependencyGeneratePcm arm64 /tmp/nosfy-live-commit-20260918/derived/ModuleCache.noindex/_Builtin_stdatomic-A28OI6P8UI1B6H1KKVLZ6PLZH.pcm

SwiftExplicitDependencyGeneratePcm arm64 /tmp/nosfy-live-commit-20260918/derived/ModuleCache.noindex/_Builtin_intrinsics-3MP2V10C9IGBKLULF77YGKOL8.pcm

SwiftExplicitDependencyGeneratePcm arm64 /tmp/nosfy-live-commit-20260918/derived/ModuleCache.noindex/_DarwinFoundation3-7P21JR2H8TS9BBOWQC47TY944.pcm

SwiftExplicitDependencyGeneratePcm arm64 /tmp/nosfy-live-commit-20260918/derived/ModuleCache.noindex/_Builtin_inttypes-B0VB202943N49M6NTVN176HPR.pcm

SwiftExplicitDependencyGeneratePcm arm64 /tmp/nosfy-live-commit-20260918/derived/ModuleCache.noindex/Darwin-8VYZ23KWKIWEVYQUM7QV4RLYV.pcm

SwiftDriverJobDiscovery normal arm64 Compiling WorkoutLiveCard.swift (in target 'NosfyWidgets' from project 'Nosfy')

SwiftExplicitDependencyGeneratePcm arm64 /tmp/nosfy-live-commit-20260918/derived/ModuleCache.noindex/simd-DFND97E7DJC1LAWEKBNQX9F3L.pcm

SwiftExplicitDependencyGeneratePcm arm64 /tmp/nosfy-live-commit-20260918/derived/ModuleCache.noindex/ObjectiveC-17VJ5UY2LZYLFWVNZ0CG84TGE.pcm

SwiftExplicitDependencyGeneratePcm arm64 /tmp/nosfy-live-commit-20260918/derived/ModuleCache.noindex/MachO-COO0BRLBLPND2RBTNXJ72P03C.pcm

SwiftExplicitDependencyGeneratePcm arm64 /tmp/nosfy-live-commit-20260918/derived/ModuleCache.noindex/os_object-D8P8U0HWNMBXZMTLJYOVFZBJN.pcm

SwiftExplicitDependencyGeneratePcm arm64 /tmp/nosfy-live-commit-20260918/derived/ModuleCache.noindex/os_workgroup-HX9JCIHLUBXH4H7W5H98ATO0.pcm

SwiftDriverJobDiscovery normal arm64 Compiling NosfyWidgetsBundle.swift (in target 'NosfyWidgets' from project 'Nosfy')

SwiftExplicitDependencyGeneratePcm arm64 /tmp/nosfy-live-commit-20260918/derived/ModuleCache.noindex/Dispatch-D1Z0MARF04M7FJ87NIFRYVZ8J.pcm

SwiftDriverJobDiscovery normal arm64 Compiling WorkoutLiveActivity.swift (in target 'NosfyWidgets' from project 'Nosfy')

SwiftDriver\ Compilation NosfyWidgets normal arm64 com.apple.xcode.tools.swift.compiler (in target 'NosfyWidgets' from project 'Nosfy')
    cd /tmp/nosfy-live-commit-20260918/snapshot
    builtin-Swift-Compilation -- /Applications/Xcode.app/Contents/Developer/Toolchains/XcodeDefault.xctoolchain/usr/bin/swiftc -module-name NosfyWidgets -Onone @/tmp/nosfy-live-commit-20260918/derived/Build/Intermediates.noindex/Nosfy.build/Debug-iphonesimulator/NosfyWidgets.build/Objects-normal/arm64/NosfyWidgets.SwiftFileList -DDEBUG -enable-bare-slash-regex -enable-experimental-feature DebugDescriptionMacro -sdk /Applications/Xcode.app/Contents/Developer/Platforms/iPhoneSimulator.platform/Developer/SDKs/iPhoneSimulator26.5.sdk -target arm64-apple-ios26.0-simulator -g -module-cache-path /tmp/nosfy-live-commit-20260918/derived/ModuleCache.noindex -Xfrontend -serialize-debugging-options -application-extension -enable-testing -index-store-path /tmp/nosfy-live-commit-20260918/derived/Index.noindex/DataStore -Xcc -D_LIBCPP_HARDENING_MODE\=_LIBCPP_HARDENING_MODE_DEBUG -swift-version 5 -I /tmp/nosfy-live-commit-20260918/derived/Build/Products/Debug-iphonesimulator -F /tmp/nosfy-live-commit-20260918/derived/Build/Products/Debug-iphonesimulator -emit-localized-strings -emit-localized-strings-path /tmp/nosfy-live-commit-20260918/derived/Build/Intermediates.noindex/Nosfy.build/Debug-iphonesimulator/NosfyWidgets.build/Objects-normal/arm64 -c -j10 -enable-batch-mode -incremental -Xcc -ivfsstatcache -Xcc /tmp/nosfy-live-commit-20260918/derived/SDKStatCaches.noindex/iphonesimulator26.5-23F73-688ef53f1462e2c8f657fdc38a81448f6cfe768891a92b912361537c460fe42b.sdkstatcache -output-file-map /tmp/nosfy-live-commit-20260918/derived/Build/Intermediates.noindex/Nosfy.build/Debug-iphonesimulator/NosfyWidgets.build/Objects-normal/arm64/NosfyWidgets-OutputFileMap.json -use-frontend-parseable-output -save-temps -no-color-diagnostics -explicit-module-build -module-cache-path /tmp/nosfy-live-commit-20260918/derived/Build/Intermediates.noindex/SwiftExplicitPrecompiledModules -clang-scanner-module-cache-path /tmp/nosfy-live-commit-20260918/derived/ModuleCache.noindex -sdk-module-cache-path /tmp/nosfy-live-commit-20260918/derived/ModuleCache.noindex -serialize-diagnostics -emit-dependencies -emit-module -emit-module-path /tmp/nosfy-live-commit-20260918/derived/Build/Intermediates.noindex/Nosfy.build/Debug-iphonesimulator/NosfyWidgets.build/Objects-normal/arm64/NosfyWidgets.swiftmodule -validate-clang-modules-once -clang-build-session-file /tmp/nosfy-live-commit-20260918/derived/ModuleCache.noindex/Session.modulevalidation -Xcc -I/tmp/nosfy-live-commit-20260918/derived/Build/Intermediates.noindex/Nosfy.build/Debug-iphonesimulator/NosfyWidgets.build/swift-overrides.hmap -emit-const-values -Xfrontend -const-gather-protocols-file -Xfrontend /tmp/nosfy-live-commit-20260918/derived/Build/Intermediates.noindex/Nosfy.build/Debug-iphonesimulator/NosfyWidgets.build/Objects-normal/arm64/NosfyWidgets_const_extract_protocols.json -Xcc -iquote -Xcc /tmp/nosfy-live-commit-20260918/derived/Build/Intermediates.noindex/Nosfy.build/Debug-iphonesimulator/NosfyWidgets.build/NosfyWidgets-generated-files.hmap -Xcc -I/tmp/nosfy-live-commit-20260918/derived/Build/Intermediates.noindex/Nosfy.build/Debug-iphonesimulator/NosfyWidgets.build/NosfyWidgets-own-target-headers.hmap -Xcc -I/tmp/nosfy-live-commit-20260918/derived/Build/Intermediates.noindex/Nosfy.build/Debug-iphonesimulator/NosfyWidgets.build/NosfyWidgets-all-target-headers.hmap -Xcc -iquote -Xcc /tmp/nosfy-live-commit-20260918/derived/Build/Intermediates.noindex/Nosfy.build/Debug-iphonesimulator/NosfyWidgets.build/NosfyWidgets-project-headers.hmap -Xcc -I/tmp/nosfy-live-commit-20260918/derived/Build/Products/Debug-iphonesimulator/include -Xcc -I/tmp/nosfy-live-commit-20260918/derived/Build/Intermediates.noindex/Nosfy.build/Debug-iphonesimulator/NosfyWidgets.build/DerivedSources-normal/arm64 -Xcc -I/tmp/nosfy-live-commit-20260918/derived/Build/Intermediates.noindex/Nosfy.build/Debug-iphonesimulator/NosfyWidgets.build/DerivedSources/arm64 -Xcc -I/tmp/nosfy-live-commit-20260918/derived/Build/Intermediates.noindex/Nosfy.build/Debug-iphonesimulator/NosfyWidgets.build/DerivedSources -Xcc -DDEBUG\=1 -emit-objc-header -emit-objc-header-path /tmp/nosfy-live-commit-20260918/derived/Build/Intermediates.noindex/Nosfy.build/Debug-iphonesimulator/NosfyWidgets.build/Objects-normal/arm64/NosfyWidgets-Swift.h -working-directory /tmp/nosfy-live-commit-20260918/snapshot -experimental-emit-module-separately -disable-cmo

Ld /tmp/nosfy-live-commit-20260918/derived/Build/Products/Debug-iphonesimulator/NosfyWidgets.appex/NosfyWidgets.debug.dylib normal (in target 'NosfyWidgets' from project 'Nosfy')
    cd /tmp/nosfy-live-commit-20260918/snapshot
    /Applications/Xcode.app/Contents/Developer/Toolchains/XcodeDefault.xctoolchain/usr/bin/clang -Xlinker -reproducible -target arm64-apple-ios26.0-simulator -dynamiclib -isysroot /Applications/Xcode.app/Contents/Developer/Platforms/iPhoneSimulator.platform/Developer/SDKs/iPhoneSimulator26.5.sdk -O0 -L/tmp/nosfy-live-commit-20260918/derived/Build/Intermediates.noindex/EagerLinkingTBDs/Debug-iphonesimulator -L/tmp/nosfy-live-commit-20260918/derived/Build/Products/Debug-iphonesimulator -F/tmp/nosfy-live-commit-20260918/derived/Build/Intermediates.noindex/EagerLinkingTBDs/Debug-iphonesimulator -F/tmp/nosfy-live-commit-20260918/derived/Build/Products/Debug-iphonesimulator -filelist /tmp/nosfy-live-commit-20260918/derived/Build/Intermediates.noindex/Nosfy.build/Debug-iphonesimulator/NosfyWidgets.build/Objects-normal/arm64/NosfyWidgets.LinkFileList -install_name @rpath/NosfyWidgets.debug.dylib -Xlinker -rpath -Xlinker @executable_path/Frameworks -Xlinker -rpath -Xlinker @executable_path/../../Frameworks -Xlinker -dead_strip -Xlinker -object_path_lto -Xlinker /tmp/nosfy-live-commit-20260918/derived/Build/Intermediates.noindex/Nosfy.build/Debug-iphonesimulator/NosfyWidgets.build/Objects-normal/arm64/NosfyWidgets_lto.o -rdynamic -Xlinker -no_deduplicate -Xlinker -objc_abi_version -Xlinker 2 -Xlinker -dependency_info -Xlinker /tmp/nosfy-live-commit-20260918/derived/Build/Intermediates.noindex/Nosfy.build/Debug-iphonesimulator/NosfyWidgets.build/Objects-normal/arm64/NosfyWidgets_dependency_info.dat -fapplication-extension -fobjc-link-runtime -L/Applications/Xcode.app/Contents/Developer/Toolchains/XcodeDefault.xctoolchain/usr/lib/swift/iphonesimulator -L/usr/lib/swift -Xlinker -add_ast_path -Xlinker /tmp/nosfy-live-commit-20260918/derived/Build/Intermediates.noindex/Nosfy.build/Debug-iphonesimulator/NosfyWidgets.build/Objects-normal/arm64/NosfyWidgets.swiftmodule @/tmp/nosfy-live-commit-20260918/derived/Build/Intermediates.noindex/Nosfy.build/Debug-iphonesimulator/NosfyWidgets.build/Objects-normal/arm64/NosfyWidgets-linker-args.resp -Xlinker -alias -Xlinker _NSExtensionMain -Xlinker ___debug_main_executable_dylib_entry_point -o /tmp/nosfy-live-commit-20260918/derived/Build/Products/Debug-iphonesimulator/NosfyWidgets.appex/NosfyWidgets.debug.dylib

SwiftExplicitDependencyGeneratePcm arm64 /tmp/nosfy-live-commit-20260918/derived/ModuleCache.noindex/dnssd-1ZNXVDKLWR5K14GMNKUPXO6MD.pcm

SwiftExplicitDependencyGeneratePcm arm64 /tmp/nosfy-live-commit-20260918/derived/ModuleCache.noindex/XPC-DOK677O2TSL2O0UBYC2GBB76Q.pcm

SwiftExplicitDependencyGeneratePcm arm64 /tmp/nosfy-live-commit-20260918/derived/ModuleCache.noindex/CoreFoundation-E6M17ONEGNGJNQUTJKLVN0QEN.pcm

SwiftExplicitDependencyGeneratePcm arm64 /tmp/nosfy-live-commit-20260918/derived/ModuleCache.noindex/os-5VPF31OT5ZH8PBO3352KPKVO4.pcm

SwiftExplicitDependencyGeneratePcm arm64 /tmp/nosfy-live-commit-20260918/derived/ModuleCache.noindex/Spatial-9D0WBYAQUXA5A9J4LHFTDYJA.pcm

SwiftExplicitDependencyGeneratePcm arm64 /tmp/nosfy-live-commit-20260918/derived/ModuleCache.noindex/Security-6TC1RZFYQ07E7BE8X07782AMH.pcm

SwiftExplicitDependencyGeneratePcm arm64 /tmp/nosfy-live-commit-20260918/derived/ModuleCache.noindex/CFNetwork-2NQV2BVTG8VT6F0B0UVU4UTHG.pcm

SwiftExplicitDependencyGeneratePcm arm64 /tmp/nosfy-live-commit-20260918/derived/ModuleCache.noindex/CoreGraphics-8R7SIRYTCG65D7SEBYN7QEOD.pcm

SwiftExplicitDependencyGeneratePcm arm64 /tmp/nosfy-live-commit-20260918/derived/ModuleCache.noindex/CoreAudioTypes-7N2BGHYOJB9F4WIZPQ7REIZQO.pcm

SwiftExplicitDependencyGeneratePcm arm64 /tmp/nosfy-live-commit-20260918/derived/ModuleCache.noindex/Foundation-75UWKW1ZPBBTHD41OL7P94IFK.pcm

SwiftExplicitDependencyGeneratePcm arm64 /tmp/nosfy-live-commit-20260918/derived/ModuleCache.noindex/CoreAudio-9Q822766QJUC0JTYI0OI672AE.pcm

SwiftExplicitDependencyGeneratePcm arm64 /tmp/nosfy-live-commit-20260918/derived/ModuleCache.noindex/ImageIO-6ZVT2J1RG86W47X8CNW7E55AL.pcm

SwiftExplicitDependencyGeneratePcm arm64 /tmp/nosfy-live-commit-20260918/derived/ModuleCache.noindex/CoreText-DIILLOLBL8IVTJTP7GRDVDQ43.pcm

ConstructStubExecutorLinkFileList /tmp/nosfy-live-commit-20260918/derived/Build/Intermediates.noindex/Nosfy.build/Debug-iphonesimulator/NosfyWidgets.build/NosfyWidgets-ExecutorLinkFileList-normal-arm64.txt (in target 'NosfyWidgets' from project 'Nosfy')
    cd /tmp/nosfy-live-commit-20260918/snapshot
    construct-stub-executor-link-file-list /tmp/nosfy-live-commit-20260918/derived/Build/Products/Debug-iphonesimulator/NosfyWidgets.appex/NosfyWidgets.debug.dylib /Applications/Xcode.app/Contents/Developer/Platforms/iPhoneSimulator.platform/Developer/usr/lib/libPreviewsJITStubExecutor_no_swift_entry_point.a /Applications/Xcode.app/Contents/Developer/Platforms/iPhoneSimulator.platform/Developer/usr/lib/libPreviewsJITStubExecutor.a --output /tmp/nosfy-live-commit-20260918/derived/Build/Intermediates.noindex/Nosfy.build/Debug-iphonesimulator/NosfyWidgets.build/NosfyWidgets-ExecutorLinkFileList-normal-arm64.txt
note: Using stub executor library with Swift entry point. (in target 'NosfyWidgets' from project 'Nosfy')

Ld /tmp/nosfy-live-commit-20260918/derived/Build/Products/Debug-iphonesimulator/NosfyWidgets.appex/NosfyWidgets normal (in target 'NosfyWidgets' from project 'Nosfy')
    cd /tmp/nosfy-live-commit-20260918/snapshot
    /Applications/Xcode.app/Contents/Developer/Toolchains/XcodeDefault.xctoolchain/usr/bin/clang -Xlinker -reproducible -target arm64-apple-ios26.0-simulator -isysroot /Applications/Xcode.app/Contents/Developer/Platforms/iPhoneSimulator.platform/Developer/SDKs/iPhoneSimulator26.5.sdk -O0 -L/tmp/nosfy-live-commit-20260918/derived/Build/Products/Debug-iphonesimulator -F/tmp/nosfy-live-commit-20260918/derived/Build/Products/Debug-iphonesimulator -Xlinker -rpath -Xlinker @executable_path -Xlinker -rpath -Xlinker @executable_path/Frameworks -Xlinker -rpath -Xlinker @executable_path/../../Frameworks -rdynamic -Xlinker -no_deduplicate -Xlinker -objc_abi_version -Xlinker 2 -e ___debug_blank_executor_main -Xlinker -sectcreate -Xlinker __TEXT -Xlinker __debug_dylib -Xlinker /tmp/nosfy-live-commit-20260918/derived/Build/Intermediates.noindex/Nosfy.build/Debug-iphonesimulator/NosfyWidgets.build/NosfyWidgets-DebugDylibPath-normal-arm64.txt -Xlinker -sectcreate -Xlinker __TEXT -Xlinker __debug_entry -Xlinker /tmp/nosfy-live-commit-20260918/derived/Build/Intermediates.noindex/Nosfy.build/Debug-iphonesimulator/NosfyWidgets.build/NosfyWidgets-DebugEntryPoint-normal-arm64.txt -Xlinker -sectcreate -Xlinker __TEXT -Xlinker __debug_instlnm -Xlinker /tmp/nosfy-live-commit-20260918/derived/Build/Intermediates.noindex/Nosfy.build/Debug-iphonesimulator/NosfyWidgets.build/NosfyWidgets-DebugDylibInstallName-normal-arm64.txt -Xlinker -filelist -Xlinker /tmp/nosfy-live-commit-20260918/derived/Build/Intermediates.noindex/Nosfy.build/Debug-iphonesimulator/NosfyWidgets.build/NosfyWidgets-ExecutorLinkFileList-normal-arm64.txt /tmp/nosfy-live-commit-20260918/derived/Build/Products/Debug-iphonesimulator/NosfyWidgets.appex/NosfyWidgets.debug.dylib -o /tmp/nosfy-live-commit-20260918/derived/Build/Products/Debug-iphonesimulator/NosfyWidgets.appex/NosfyWidgets

ExtractAppIntentsMetadata (in target 'NosfyWidgets' from project 'Nosfy')
    cd /tmp/nosfy-live-commit-20260918/snapshot
    /Applications/Xcode.app/Contents/Developer/Toolchains/XcodeDefault.xctoolchain/usr/bin/appintentsmetadataprocessor --toolchain-dir /var/run/com.apple.security.cryptexd/mnt/com.apple.MobileAsset.MetalToolchain-v17.6.42.0.BA5Ggr/Metal.xctoolchain --module-name NosfyWidgets --sdk-root /Applications/Xcode.app/Contents/Developer/Platforms/iPhoneSimulator.platform/Developer/SDKs/iPhoneSimulator26.5.sdk --xcode-version 17F42 --platform-family iOS --deployment-target 26.0 --bundle-identifier fr.kathryn.woop.WoopWidgets --output /tmp/nosfy-live-commit-20260918/derived/Build/Products/Debug-iphonesimulator/NosfyWidgets.appex --target-triple arm64-apple-ios26.0-simulator --binary-file /tmp/nosfy-live-commit-20260918/derived/Build/Products/Debug-iphonesimulator/NosfyWidgets.appex/NosfyWidgets --dependency-file /tmp/nosfy-live-commit-20260918/derived/Build/Intermediates.noindex/Nosfy.build/Debug-iphonesimulator/NosfyWidgets.build/Objects-normal/arm64/NosfyWidgets_dependency_info.dat --stringsdata-file /tmp/nosfy-live-commit-20260918/derived/Build/Intermediates.noindex/Nosfy.build/Debug-iphonesimulator/NosfyWidgets.build/Objects-normal/arm64/ExtractedAppShortcutsMetadata.stringsdata --source-file-list /tmp/nosfy-live-commit-20260918/derived/Build/Intermediates.noindex/Nosfy.build/Debug-iphonesimulator/NosfyWidgets.build/Objects-normal/arm64/NosfyWidgets.SwiftFileList --metadata-file-list /tmp/nosfy-live-commit-20260918/derived/Build/Intermediates.noindex/Nosfy.build/Debug-iphonesimulator/NosfyWidgets.build/NosfyWidgets.DependencyMetadataFileList --static-metadata-file-list /tmp/nosfy-live-commit-20260918/derived/Build/Intermediates.noindex/Nosfy.build/Debug-iphonesimulator/NosfyWidgets.build/NosfyWidgets.DependencyStaticMetadataFileList --swift-const-vals-list /tmp/nosfy-live-commit-20260918/derived/Build/Intermediates.noindex/Nosfy.build/Debug-iphonesimulator/NosfyWidgets.build/Objects-normal/arm64/NosfyWidgets.SwiftConstValuesFileList --compile-time-extraction --deployment-aware-processing --validate-assistant-intents --no-app-shortcuts-localization
2026-09-18 10:35:12.699 appintentsmetadataprocessor[59044:18739799] Starting appintentsmetadataprocessor export
2026-09-18 10:35:12.824 appintentsmetadataprocessor[59044:18739799] Extracted no relevant App Intents symbols, skipping writing output

AppIntentsSSUTraining (in target 'NosfyWidgets' from project 'Nosfy')
    cd /tmp/nosfy-live-commit-20260918/snapshot
    /Applications/Xcode.app/Contents/Developer/Toolchains/XcodeDefault.xctoolchain/usr/bin/appintentsnltrainingprocessor --infoplist-path /tmp/nosfy-live-commit-20260918/derived/Build/Products/Debug-iphonesimulator/NosfyWidgets.appex/Info.plist --temp-dir-path /tmp/nosfy-live-commit-20260918/derived/Build/Intermediates.noindex/Nosfy.build/Debug-iphonesimulator/NosfyWidgets.build/ssu --bundle-id fr.kathryn.woop.WoopWidgets --product-path /tmp/nosfy-live-commit-20260918/derived/Build/Products/Debug-iphonesimulator/NosfyWidgets.appex --extracted-metadata-path /tmp/nosfy-live-commit-20260918/derived/Build/Products/Debug-iphonesimulator/NosfyWidgets.appex/Metadata.appintents --metadata-file-list /tmp/nosfy-live-commit-20260918/derived/Build/Intermediates.noindex/Nosfy.build/Debug-iphonesimulator/NosfyWidgets.build/NosfyWidgets.DependencyMetadataFileList --source-file /tmp/nosfy-live-commit-20260918/derived/Build/Products/Debug-iphonesimulator/NosfyWidgets.appex/Info.plist --archive-ssu-assets
2026-09-18 10:35:12.876 appintentsnltrainingprocessor[59045:18739805] Parsing options for appintentsnltrainingprocessor
2026-09-18 10:35:12.878 appintentsnltrainingprocessor[59045:18739805] Starting AppIntents SSU YAML Generation
2026-09-18 10:35:12.880 appintentsnltrainingprocessor[59045:18739805] No AppShortcuts found - Skipping.

RegisterExecutionPolicyException /tmp/nosfy-live-commit-20260918/derived/Build/Products/Debug-iphonesimulator/NosfyWidgets.appex (in target 'NosfyWidgets' from project 'Nosfy')
    cd /tmp/nosfy-live-commit-20260918/snapshot
    builtin-RegisterExecutionPolicyException /tmp/nosfy-live-commit-20260918/derived/Build/Products/Debug-iphonesimulator/NosfyWidgets.appex

Touch /tmp/nosfy-live-commit-20260918/derived/Build/Products/Debug-iphonesimulator/NosfyWidgets.appex (in target 'NosfyWidgets' from project 'Nosfy')
    cd /tmp/nosfy-live-commit-20260918/snapshot
    /usr/bin/touch -c /tmp/nosfy-live-commit-20260918/derived/Build/Products/Debug-iphonesimulator/NosfyWidgets.appex

Ld /tmp/nosfy-live-commit-20260918/derived/Build/Products/Debug-iphonesimulator/Nosfy.app/__preview.dylib normal (in target 'Nosfy' from project 'Nosfy')
    cd /tmp/nosfy-live-commit-20260918/snapshot
    /Applications/Xcode.app/Contents/Developer/Toolchains/XcodeDefault.xctoolchain/usr/bin/clang -Xlinker -reproducible -target arm64-apple-ios26.0-simulator -dynamiclib -isysroot /Applications/Xcode.app/Contents/Developer/Platforms/iPhoneSimulator.platform/Developer/SDKs/iPhoneSimulator26.5.sdk -O0 -L/tmp/nosfy-live-commit-20260918/derived/Build/Products/Debug-iphonesimulator -F/tmp/nosfy-live-commit-20260918/derived/Build/Products/Debug-iphonesimulator -install_name @rpath/Nosfy.debug.dylib -Xlinker -dead_strip -rdynamic -Xlinker -no_deduplicate -Xlinker -objc_abi_version -Xlinker 2 -Xlinker -dependency_info -Xlinker /tmp/nosfy-live-commit-20260918/derived/Build/Intermediates.noindex/Nosfy.build/Debug-iphonesimulator/Nosfy.build/Objects-normal/arm64/Nosfy_dependency_info.dat -o /tmp/nosfy-live-commit-20260918/derived/Build/Products/Debug-iphonesimulator/Nosfy.app/__preview.dylib

CpResource /tmp/nosfy-live-commit-20260918/derived/Build/Products/Debug-iphonesimulator/Nosfy.app/welcome-nosfy-premiere.mp4 /tmp/nosfy-live-commit-20260918/snapshot/Nosfy/Media/welcome-nosfy-premiere.mp4 (in target 'Nosfy' from project 'Nosfy')
    cd /tmp/nosfy-live-commit-20260918/snapshot
    builtin-copy -exclude .DS_Store -exclude CVS -exclude .svn -exclude .git -exclude .hg -resolve-src-symlinks /tmp/nosfy-live-commit-20260918/snapshot/Nosfy/Media/welcome-nosfy-premiere.mp4 /tmp/nosfy-live-commit-20260918/derived/Build/Products/Debug-iphonesimulator/Nosfy.app

CpResource /tmp/nosfy-live-commit-20260918/derived/Build/Products/Debug-iphonesimulator/Nosfy.app/video_demon_3.mp4 /tmp/nosfy-live-commit-20260918/snapshot/Nosfy/Media/video_demon_3.mp4 (in target 'Nosfy' from project 'Nosfy')
    cd /tmp/nosfy-live-commit-20260918/snapshot
    builtin-copy -exclude .DS_Store -exclude CVS -exclude .svn -exclude .git -exclude .hg -resolve-src-symlinks /tmp/nosfy-live-commit-20260918/snapshot/Nosfy/Media/video_demon_3.mp4 /tmp/nosfy-live-commit-20260918/derived/Build/Products/Debug-iphonesimulator/Nosfy.app

CpResource /tmp/nosfy-live-commit-20260918/derived/Build/Products/Debug-iphonesimulator/Nosfy.app/welcome-galet-premiere.mp4 /tmp/nosfy-live-commit-20260918/snapshot/Nosfy/Media/welcome-galet-premiere.mp4 (in target 'Nosfy' from project 'Nosfy')
    cd /tmp/nosfy-live-commit-20260918/snapshot
    builtin-copy -exclude .DS_Store -exclude CVS -exclude .svn -exclude .git -exclude .hg -resolve-src-symlinks /tmp/nosfy-live-commit-20260918/snapshot/Nosfy/Media/welcome-galet-premiere.mp4 /tmp/nosfy-live-commit-20260918/derived/Build/Products/Debug-iphonesimulator/Nosfy.app

CpResource /tmp/nosfy-live-commit-20260918/derived/Build/Products/Debug-iphonesimulator/Nosfy.app/video_demon_2.mp4 /tmp/nosfy-live-commit-20260918/snapshot/Nosfy/Media/video_demon_2.mp4 (in target 'Nosfy' from project 'Nosfy')
    cd /tmp/nosfy-live-commit-20260918/snapshot
    builtin-copy -exclude .DS_Store -exclude CVS -exclude .svn -exclude .git -exclude .hg -resolve-src-symlinks /tmp/nosfy-live-commit-20260918/snapshot/Nosfy/Media/video_demon_2.mp4 /tmp/nosfy-live-commit-20260918/derived/Build/Products/Debug-iphonesimulator/Nosfy.app

CpResource /tmp/nosfy-live-commit-20260918/derived/Build/Products/Debug-iphonesimulator/Nosfy.app/video_demon_1.mp4 /tmp/nosfy-live-commit-20260918/snapshot/Nosfy/Media/video_demon_1.mp4 (in target 'Nosfy' from project 'Nosfy')
    cd /tmp/nosfy-live-commit-20260918/snapshot
    builtin-copy -exclude .DS_Store -exclude CVS -exclude .svn -exclude .git -exclude .hg -resolve-src-symlinks /tmp/nosfy-live-commit-20260918/snapshot/Nosfy/Media/video_demon_1.mp4 /tmp/nosfy-live-commit-20260918/derived/Build/Products/Debug-iphonesimulator/Nosfy.app

CpResource /tmp/nosfy-live-commit-20260918/derived/Build/Products/Debug-iphonesimulator/Nosfy.app/story-pilule-top.mp4 /tmp/nosfy-live-commit-20260918/snapshot/Nosfy/Media/story-pilule-top.mp4 (in target 'Nosfy' from project 'Nosfy')
    cd /tmp/nosfy-live-commit-20260918/snapshot
    builtin-copy -exclude .DS_Store -exclude CVS -exclude .svn -exclude .git -exclude .hg -resolve-src-symlinks /tmp/nosfy-live-commit-20260918/snapshot/Nosfy/Media/story-pilule-top.mp4 /tmp/nosfy-live-commit-20260918/derived/Build/Products/Debug-iphonesimulator/Nosfy.app

CpResource /tmp/nosfy-live-commit-20260918/derived/Build/Products/Debug-iphonesimulator/Nosfy.app/story-pilule-droite.mp4 /tmp/nosfy-live-commit-20260918/snapshot/Nosfy/Media/story-pilule-droite.mp4 (in target 'Nosfy' from project 'Nosfy')
    cd /tmp/nosfy-live-commit-20260918/snapshot
    builtin-copy -exclude .DS_Store -exclude CVS -exclude .svn -exclude .git -exclude .hg -resolve-src-symlinks /tmp/nosfy-live-commit-20260918/snapshot/Nosfy/Media/story-pilule-droite.mp4 /tmp/nosfy-live-commit-20260918/derived/Build/Products/Debug-iphonesimulator/Nosfy.app

CpResource /tmp/nosfy-live-commit-20260918/derived/Build/Products/Debug-iphonesimulator/Nosfy.app/story-macro-or.mp4 /tmp/nosfy-live-commit-20260918/snapshot/Nosfy/Media/story-macro-or.mp4 (in target 'Nosfy' from project 'Nosfy')
    cd /tmp/nosfy-live-commit-20260918/snapshot
    builtin-copy -exclude .DS_Store -exclude CVS -exclude .svn -exclude .git -exclude .hg -resolve-src-symlinks /tmp/nosfy-live-commit-20260918/snapshot/Nosfy/Media/story-macro-or.mp4 /tmp/nosfy-live-commit-20260918/derived/Build/Products/Debug-iphonesimulator/Nosfy.app

CpResource /tmp/nosfy-live-commit-20260918/derived/Build/Products/Debug-iphonesimulator/Nosfy.app/story-macro-flanc.mp4 /tmp/nosfy-live-commit-20260918/snapshot/Nosfy/Media/story-macro-flanc.mp4 (in target 'Nosfy' from project 'Nosfy')
    cd /tmp/nosfy-live-commit-20260918/snapshot
    builtin-copy -exclude .DS_Store -exclude CVS -exclude .svn -exclude .git -exclude .hg -resolve-src-symlinks /tmp/nosfy-live-commit-20260918/snapshot/Nosfy/Media/story-macro-flanc.mp4 /tmp/nosfy-live-commit-20260918/derived/Build/Products/Debug-iphonesimulator/Nosfy.app

CpResource /tmp/nosfy-live-commit-20260918/derived/Build/Products/Debug-iphonesimulator/Nosfy.app/story-macro-bas.mp4 /tmp/nosfy-live-commit-20260918/snapshot/Nosfy/Media/story-macro-bas.mp4 (in target 'Nosfy' from project 'Nosfy')
    cd /tmp/nosfy-live-commit-20260918/snapshot
    builtin-copy -exclude .DS_Store -exclude CVS -exclude .svn -exclude .git -exclude .hg -resolve-src-symlinks /tmp/nosfy-live-commit-20260918/snapshot/Nosfy/Media/story-macro-bas.mp4 /tmp/nosfy-live-commit-20260918/derived/Build/Products/Debug-iphonesimulator/Nosfy.app

CpResource /tmp/nosfy-live-commit-20260918/derived/Build/Products/Debug-iphonesimulator/Nosfy.app/story-ended-verre-b.mp4 /tmp/nosfy-live-commit-20260918/snapshot/Nosfy/Media/story-ended-verre-b.mp4 (in target 'Nosfy' from project 'Nosfy')
    cd /tmp/nosfy-live-commit-20260918/snapshot
    builtin-copy -exclude .DS_Store -exclude CVS -exclude .svn -exclude .git -exclude .hg -resolve-src-symlinks /tmp/nosfy-live-commit-20260918/snapshot/Nosfy/Media/story-ended-verre-b.mp4 /tmp/nosfy-live-commit-20260918/derived/Build/Products/Debug-iphonesimulator/Nosfy.app

CpResource /tmp/nosfy-live-commit-20260918/derived/Build/Products/Debug-iphonesimulator/Nosfy.app/story-ended-verre-a.mp4 /tmp/nosfy-live-commit-20260918/snapshot/Nosfy/Media/story-ended-verre-a.mp4 (in target 'Nosfy' from project 'Nosfy')
    cd /tmp/nosfy-live-commit-20260918/snapshot
    builtin-copy -exclude .DS_Store -exclude CVS -exclude .svn -exclude .git -exclude .hg -resolve-src-symlinks /tmp/nosfy-live-commit-20260918/snapshot/Nosfy/Media/story-ended-verre-a.mp4 /tmp/nosfy-live-commit-20260918/derived/Build/Products/Debug-iphonesimulator/Nosfy.app

CpResource /tmp/nosfy-live-commit-20260918/derived/Build/Products/Debug-iphonesimulator/Nosfy.app/story-eclair-loop.mp4 /tmp/nosfy-live-commit-20260918/snapshot/Nosfy/Media/story-eclair-loop.mp4 (in target 'Nosfy' from project 'Nosfy')
    cd /tmp/nosfy-live-commit-20260918/snapshot
    builtin-copy -exclude .DS_Store -exclude CVS -exclude .svn -exclude .git -exclude .hg -resolve-src-symlinks /tmp/nosfy-live-commit-20260918/snapshot/Nosfy/Media/story-eclair-loop.mp4 /tmp/nosfy-live-commit-20260918/derived/Build/Products/Debug-iphonesimulator/Nosfy.app

CpResource /tmp/nosfy-live-commit-20260918/derived/Build/Products/Debug-iphonesimulator/Nosfy.app/story-booster-noir.mp4 /tmp/nosfy-live-commit-20260918/snapshot/Nosfy/Media/story-booster-noir.mp4 (in target 'Nosfy' from project 'Nosfy')
    cd /tmp/nosfy-live-commit-20260918/snapshot
    builtin-copy -exclude .DS_Store -exclude CVS -exclude .svn -exclude .git -exclude .hg -resolve-src-symlinks /tmp/nosfy-live-commit-20260918/snapshot/Nosfy/Media/story-booster-noir.mp4 /tmp/nosfy-live-commit-20260918/derived/Build/Products/Debug-iphonesimulator/Nosfy.app

CpResource /tmp/nosfy-live-commit-20260918/derived/Build/Products/Debug-iphonesimulator/Nosfy.app/story-booster-lune.mp4 /tmp/nosfy-live-commit-20260918/snapshot/Nosfy/Media/story-booster-lune.mp4 (in target 'Nosfy' from project 'Nosfy')
    cd /tmp/nosfy-live-commit-20260918/snapshot
    builtin-copy -exclude .DS_Store -exclude CVS -exclude .svn -exclude .git -exclude .hg -resolve-src-symlinks /tmp/nosfy-live-commit-20260918/snapshot/Nosfy/Media/story-booster-lune.mp4 /tmp/nosfy-live-commit-20260918/derived/Build/Products/Debug-iphonesimulator/Nosfy.app

CpResource /tmp/nosfy-live-commit-20260918/derived/Build/Products/Debug-iphonesimulator/Nosfy.app/stop-bat-loop.mp4 /tmp/nosfy-live-commit-20260918/snapshot/Nosfy/Media/stop-bat-loop.mp4 (in target 'Nosfy' from project 'Nosfy')
    cd /tmp/nosfy-live-commit-20260918/snapshot
    builtin-copy -exclude .DS_Store -exclude CVS -exclude .svn -exclude .git -exclude .hg -resolve-src-symlinks /tmp/nosfy-live-commit-20260918/snapshot/Nosfy/Media/stop-bat-loop.mp4 /tmp/nosfy-live-commit-20260918/derived/Build/Products/Debug-iphonesimulator/Nosfy.app

CpResource /tmp/nosfy-live-commit-20260918/derived/Build/Products/Debug-iphonesimulator/Nosfy.app/start-entrainement-loop.mp4 /tmp/nosfy-live-commit-20260918/snapshot/Nosfy/Media/start-entrainement-loop.mp4 (in target 'Nosfy' from project 'Nosfy')
    cd /tmp/nosfy-live-commit-20260918/snapshot
    builtin-copy -exclude .DS_Store -exclude CVS -exclude .svn -exclude .git -exclude .hg -resolve-src-symlinks /tmp/nosfy-live-commit-20260918/snapshot/Nosfy/Media/start-entrainement-loop.mp4 /tmp/nosfy-live-commit-20260918/derived/Build/Products/Debug-iphonesimulator/Nosfy.app

CpResource /tmp/nosfy-live-commit-20260918/derived/Build/Products/Debug-iphonesimulator/Nosfy.app/sacre-lune.caf /tmp/nosfy-live-commit-20260918/snapshot/Nosfy/Media/sacre-lune.caf (in target 'Nosfy' from project 'Nosfy')
    cd /tmp/nosfy-live-commit-20260918/snapshot
    builtin-copy -exclude .DS_Store -exclude CVS -exclude .svn -exclude .git -exclude .hg -resolve-src-symlinks /tmp/nosfy-live-commit-20260918/snapshot/Nosfy/Media/sacre-lune.caf /tmp/nosfy-live-commit-20260918/derived/Build/Products/Debug-iphonesimulator/Nosfy.app

CpResource /tmp/nosfy-live-commit-20260918/derived/Build/Products/Debug-iphonesimulator/Nosfy.app/sacre-legendaire.caf /tmp/nosfy-live-commit-20260918/snapshot/Nosfy/Media/sacre-legendaire.caf (in target 'Nosfy' from project 'Nosfy')
    cd /tmp/nosfy-live-commit-20260918/snapshot
    builtin-copy -exclude .DS_Store -exclude CVS -exclude .svn -exclude .git -exclude .hg -resolve-src-symlinks /tmp/nosfy-live-commit-20260918/snapshot/Nosfy/Media/sacre-legendaire.caf /tmp/nosfy-live-commit-20260918/derived/Build/Products/Debug-iphonesimulator/Nosfy.app

CpResource /tmp/nosfy-live-commit-20260918/derived/Build/Products/Debug-iphonesimulator/Nosfy.app/sacre-epique.caf /tmp/nosfy-live-commit-20260918/snapshot/Nosfy/Media/sacre-epique.caf (in target 'Nosfy' from project 'Nosfy')
    cd /tmp/nosfy-live-commit-20260918/snapshot
    builtin-copy -exclude .DS_Store -exclude CVS -exclude .svn -exclude .git -exclude .hg -resolve-src-symlinks /tmp/nosfy-live-commit-20260918/snapshot/Nosfy/Media/sacre-epique.caf /tmp/nosfy-live-commit-20260918/derived/Build/Products/Debug-iphonesimulator/Nosfy.app

CpResource /tmp/nosfy-live-commit-20260918/derived/Build/Products/Debug-iphonesimulator/Nosfy.app/sacre-commune.caf /tmp/nosfy-live-commit-20260918/snapshot/Nosfy/Media/sacre-commune.caf (in target 'Nosfy' from project 'Nosfy')
    cd /tmp/nosfy-live-commit-20260918/snapshot
    builtin-copy -exclude .DS_Store -exclude CVS -exclude .svn -exclude .git -exclude .hg -resolve-src-symlinks /tmp/nosfy-live-commit-20260918/snapshot/Nosfy/Media/sacre-commune.caf /tmp/nosfy-live-commit-20260918/derived/Build/Products/Debug-iphonesimulator/Nosfy.app

CpResource /tmp/nosfy-live-commit-20260918/derived/Build/Products/Debug-iphonesimulator/Nosfy.app/reward-welcome.mp4 /tmp/nosfy-live-commit-20260918/snapshot/Nosfy/Media/reward-welcome.mp4 (in target 'Nosfy' from project 'Nosfy')
    cd /tmp/nosfy-live-commit-20260918/snapshot
    builtin-copy -exclude .DS_Store -exclude CVS -exclude .svn -exclude .git -exclude .hg -resolve-src-symlinks /tmp/nosfy-live-commit-20260918/snapshot/Nosfy/Media/reward-welcome.mp4 /tmp/nosfy-live-commit-20260918/derived/Build/Products/Debug-iphonesimulator/Nosfy.app

CpResource /tmp/nosfy-live-commit-20260918/derived/Build/Products/Debug-iphonesimulator/Nosfy.app/reward-welcome-loop.mp4 /tmp/nosfy-live-commit-20260918/snapshot/Nosfy/Media/reward-welcome-loop.mp4 (in target 'Nosfy' from project 'Nosfy')
    cd /tmp/nosfy-live-commit-20260918/snapshot
    builtin-copy -exclude .DS_Store -exclude CVS -exclude .svn -exclude .git -exclude .hg -resolve-src-symlinks /tmp/nosfy-live-commit-20260918/snapshot/Nosfy/Media/reward-welcome-loop.mp4 /tmp/nosfy-live-commit-20260918/derived/Build/Products/Debug-iphonesimulator/Nosfy.app

CpResource /tmp/nosfy-live-commit-20260918/derived/Build/Products/Debug-iphonesimulator/Nosfy.app/reward-rare.mp4 /tmp/nosfy-live-commit-20260918/snapshot/Nosfy/Media/reward-rare.mp4 (in target 'Nosfy' from project 'Nosfy')
    cd /tmp/nosfy-live-commit-20260918/snapshot
    builtin-copy -exclude .DS_Store -exclude CVS -exclude .svn -exclude .git -exclude .hg -resolve-src-symlinks /tmp/nosfy-live-commit-20260918/snapshot/Nosfy/Media/reward-rare.mp4 /tmp/nosfy-live-commit-20260918/derived/Build/Products/Debug-iphonesimulator/Nosfy.app

CpResource /tmp/nosfy-live-commit-20260918/derived/Build/Products/Debug-iphonesimulator/Nosfy.app/reward-piece-5.mp4 /tmp/nosfy-live-commit-20260918/snapshot/Nosfy/Media/reward-piece-5.mp4 (in target 'Nosfy' from project 'Nosfy')
    cd /tmp/nosfy-live-commit-20260918/snapshot
    builtin-copy -exclude .DS_Store -exclude CVS -exclude .svn -exclude .git -exclude .hg -resolve-src-symlinks /tmp/nosfy-live-commit-20260918/snapshot/Nosfy/Media/reward-piece-5.mp4 /tmp/nosfy-live-commit-20260918/derived/Build/Products/Debug-iphonesimulator/Nosfy.app

CpResource /tmp/nosfy-live-commit-20260918/derived/Build/Products/Debug-iphonesimulator/Nosfy.app/reward-piece-4.mp4 /tmp/nosfy-live-commit-20260918/snapshot/Nosfy/Media/reward-piece-4.mp4 (in target 'Nosfy' from project 'Nosfy')
    cd /tmp/nosfy-live-commit-20260918/snapshot
    builtin-copy -exclude .DS_Store -exclude CVS -exclude .svn -exclude .git -exclude .hg -resolve-src-symlinks /tmp/nosfy-live-commit-20260918/snapshot/Nosfy/Media/reward-piece-4.mp4 /tmp/nosfy-live-commit-20260918/derived/Build/Products/Debug-iphonesimulator/Nosfy.app

CpResource /tmp/nosfy-live-commit-20260918/derived/Build/Products/Debug-iphonesimulator/Nosfy.app/reward-piece-3.mp4 /tmp/nosfy-live-commit-20260918/snapshot/Nosfy/Media/reward-piece-3.mp4 (in target 'Nosfy' from project 'Nosfy')
    cd /tmp/nosfy-live-commit-20260918/snapshot
    builtin-copy -exclude .DS_Store -exclude CVS -exclude .svn -exclude .git -exclude .hg -resolve-src-symlinks /tmp/nosfy-live-commit-20260918/snapshot/Nosfy/Media/reward-piece-3.mp4 /tmp/nosfy-live-commit-20260918/derived/Build/Products/Debug-iphonesimulator/Nosfy.app

CpResource /tmp/nosfy-live-commit-20260918/derived/Build/Products/Debug-iphonesimulator/Nosfy.app/reward-piece-2.mp4 /tmp/nosfy-live-commit-20260918/snapshot/Nosfy/Media/reward-piece-2.mp4 (in target 'Nosfy' from project 'Nosfy')
    cd /tmp/nosfy-live-commit-20260918/snapshot
    builtin-copy -exclude .DS_Store -exclude CVS -exclude .svn -exclude .git -exclude .hg -resolve-src-symlinks /tmp/nosfy-live-commit-20260918/snapshot/Nosfy/Media/reward-piece-2.mp4 /tmp/nosfy-live-commit-20260918/derived/Build/Products/Debug-iphonesimulator/Nosfy.app

CpResource /tmp/nosfy-live-commit-20260918/derived/Build/Products/Debug-iphonesimulator/Nosfy.app/reward-piece-1.mp4 /tmp/nosfy-live-commit-20260918/snapshot/Nosfy/Media/reward-piece-1.mp4 (in target 'Nosfy' from project 'Nosfy')
    cd /tmp/nosfy-live-commit-20260918/snapshot
    builtin-copy -exclude .DS_Store -exclude CVS -exclude .svn -exclude .git -exclude .hg -resolve-src-symlinks /tmp/nosfy-live-commit-20260918/snapshot/Nosfy/Media/reward-piece-1.mp4 /tmp/nosfy-live-commit-20260918/derived/Build/Products/Debug-iphonesimulator/Nosfy.app

CpResource /tmp/nosfy-live-commit-20260918/derived/Build/Products/Debug-iphonesimulator/Nosfy.app/reward-nosfy-coins.mp4 /tmp/nosfy-live-commit-20260918/snapshot/Nosfy/Media/reward-nosfy-coins.mp4 (in target 'Nosfy' from project 'Nosfy')
    cd /tmp/nosfy-live-commit-20260918/snapshot
    builtin-copy -exclude .DS_Store -exclude CVS -exclude .svn -exclude .git -exclude .hg -resolve-src-symlinks /tmp/nosfy-live-commit-20260918/snapshot/Nosfy/Media/reward-nosfy-coins.mp4 /tmp/nosfy-live-commit-20260918/derived/Build/Products/Debug-iphonesimulator/Nosfy.app

CpResource /tmp/nosfy-live-commit-20260918/derived/Build/Products/Debug-iphonesimulator/Nosfy.app/reward-lune.mp4 /tmp/nosfy-live-commit-20260918/snapshot/Nosfy/Media/reward-lune.mp4 (in target 'Nosfy' from project 'Nosfy')
    cd /tmp/nosfy-live-commit-20260918/snapshot
    builtin-copy -exclude .DS_Store -exclude CVS -exclude .svn -exclude .git -exclude .hg -resolve-src-symlinks /tmp/nosfy-live-commit-20260918/snapshot/Nosfy/Media/reward-lune.mp4 /tmp/nosfy-live-commit-20260918/derived/Build/Products/Debug-iphonesimulator/Nosfy.app

CpResource /tmp/nosfy-live-commit-20260918/derived/Build/Products/Debug-iphonesimulator/Nosfy.app/reward-fire.mp4 /tmp/nosfy-live-commit-20260918/snapshot/Nosfy/Media/reward-fire.mp4 (in target 'Nosfy' from project 'Nosfy')
    cd /tmp/nosfy-live-commit-20260918/snapshot
    builtin-copy -exclude .DS_Store -exclude CVS -exclude .svn -exclude .git -exclude .hg -resolve-src-symlinks /tmp/nosfy-live-commit-20260918/snapshot/Nosfy/Media/reward-fire.mp4 /tmp/nosfy-live-commit-20260918/derived/Build/Products/Debug-iphonesimulator/Nosfy.app

CpResource /tmp/nosfy-live-commit-20260918/derived/Build/Products/Debug-iphonesimulator/Nosfy.app/piece-sol.mp4 /tmp/nosfy-live-commit-20260918/snapshot/Nosfy/Media/piece-sol.mp4 (in target 'Nosfy' from project 'Nosfy')
    cd /tmp/nosfy-live-commit-20260918/snapshot
    builtin-copy -exclude .DS_Store -exclude CVS -exclude .svn -exclude .git -exclude .hg -resolve-src-symlinks /tmp/nosfy-live-commit-20260918/snapshot/Nosfy/Media/piece-sol.mp4 /tmp/nosfy-live-commit-20260918/derived/Build/Products/Debug-iphonesimulator/Nosfy.app

CpResource /tmp/nosfy-live-commit-20260918/derived/Build/Products/Debug-iphonesimulator/Nosfy.app/piece-bravo.mp4 /tmp/nosfy-live-commit-20260918/snapshot/Nosfy/Media/piece-bravo.mp4 (in target 'Nosfy' from project 'Nosfy')
    cd /tmp/nosfy-live-commit-20260918/snapshot
    builtin-copy -exclude .DS_Store -exclude CVS -exclude .svn -exclude .git -exclude .hg -resolve-src-symlinks /tmp/nosfy-live-commit-20260918/snapshot/Nosfy/Media/piece-bravo.mp4 /tmp/nosfy-live-commit-20260918/derived/Build/Products/Debug-iphonesimulator/Nosfy.app

CpResource /tmp/nosfy-live-commit-20260918/derived/Build/Products/Debug-iphonesimulator/Nosfy.app/piece-bravo-loop.mp4 /tmp/nosfy-live-commit-20260918/snapshot/Nosfy/Media/piece-bravo-loop.mp4 (in target 'Nosfy' from project 'Nosfy')
    cd /tmp/nosfy-live-commit-20260918/snapshot
    builtin-copy -exclude .DS_Store -exclude CVS -exclude .svn -exclude .git -exclude .hg -resolve-src-symlinks /tmp/nosfy-live-commit-20260918/snapshot/Nosfy/Media/piece-bravo-loop.mp4 /tmp/nosfy-live-commit-20260918/derived/Build/Products/Debug-iphonesimulator/Nosfy.app

CpResource /tmp/nosfy-live-commit-20260918/derived/Build/Products/Debug-iphonesimulator/Nosfy.app/pause-overlay-loop.mp4 /tmp/nosfy-live-commit-20260918/snapshot/Nosfy/Media/pause-overlay-loop.mp4 (in target 'Nosfy' from project 'Nosfy')
    cd /tmp/nosfy-live-commit-20260918/snapshot
    builtin-copy -exclude .DS_Store -exclude CVS -exclude .svn -exclude .git -exclude .hg -resolve-src-symlinks /tmp/nosfy-live-commit-20260918/snapshot/Nosfy/Media/pause-overlay-loop.mp4 /tmp/nosfy-live-commit-20260918/derived/Build/Products/Debug-iphonesimulator/Nosfy.app

CpResource /tmp/nosfy-live-commit-20260918/derived/Build/Products/Debug-iphonesimulator/Nosfy.app/onb-track-loop.mp4 /tmp/nosfy-live-commit-20260918/snapshot/Nosfy/Media/onb-track-loop.mp4 (in target 'Nosfy' from project 'Nosfy')
    cd /tmp/nosfy-live-commit-20260918/snapshot
    builtin-copy -exclude .DS_Store -exclude CVS -exclude .svn -exclude .git -exclude .hg -resolve-src-symlinks /tmp/nosfy-live-commit-20260918/snapshot/Nosfy/Media/onb-track-loop.mp4 /tmp/nosfy-live-commit-20260918/derived/Build/Products/Debug-iphonesimulator/Nosfy.app

CpResource /tmp/nosfy-live-commit-20260918/derived/Build/Products/Debug-iphonesimulator/Nosfy.app/onb-lune-loop.mp4 /tmp/nosfy-live-commit-20260918/snapshot/Nosfy/Media/onb-lune-loop.mp4 (in target 'Nosfy' from project 'Nosfy')
    cd /tmp/nosfy-live-commit-20260918/snapshot
    builtin-copy -exclude .DS_Store -exclude CVS -exclude .svn -exclude .git -exclude .hg -resolve-src-symlinks /tmp/nosfy-live-commit-20260918/snapshot/Nosfy/Media/onb-lune-loop.mp4 /tmp/nosfy-live-commit-20260918/derived/Build/Products/Debug-iphonesimulator/Nosfy.app

CpResource /tmp/nosfy-live-commit-20260918/derived/Build/Products/Debug-iphonesimulator/Nosfy.app/onb-exos-loop.mp4 /tmp/nosfy-live-commit-20260918/snapshot/Nosfy/Media/onb-exos-loop.mp4 (in target 'Nosfy' from project 'Nosfy')
    cd /tmp/nosfy-live-commit-20260918/snapshot
    builtin-copy -exclude .DS_Store -exclude CVS -exclude .svn -exclude .git -exclude .hg -resolve-src-symlinks /tmp/nosfy-live-commit-20260918/snapshot/Nosfy/Media/onb-exos-loop.mp4 /tmp/nosfy-live-commit-20260918/derived/Build/Products/Debug-iphonesimulator/Nosfy.app

CpResource /tmp/nosfy-live-commit-20260918/derived/Build/Products/Debug-iphonesimulator/Nosfy.app/onb-arrivee.mp4 /tmp/nosfy-live-commit-20260918/snapshot/Nosfy/Media/onb-arrivee.mp4 (in target 'Nosfy' from project 'Nosfy')
    cd /tmp/nosfy-live-commit-20260918/snapshot
    builtin-copy -exclude .DS_Store -exclude CVS -exclude .svn -exclude .git -exclude .hg -resolve-src-symlinks /tmp/nosfy-live-commit-20260918/snapshot/Nosfy/Media/onb-arrivee.mp4 /tmp/nosfy-live-commit-20260918/derived/Build/Products/Debug-iphonesimulator/Nosfy.app

CpResource /tmp/nosfy-live-commit-20260918/derived/Build/Products/Debug-iphonesimulator/Nosfy.app/nosfy-nuit.mp4 /tmp/nosfy-live-commit-20260918/snapshot/Nosfy/Media/nosfy-nuit.mp4 (in target 'Nosfy' from project 'Nosfy')
    cd /tmp/nosfy-live-commit-20260918/snapshot
    builtin-copy -exclude .DS_Store -exclude CVS -exclude .svn -exclude .git -exclude .hg -resolve-src-symlinks /tmp/nosfy-live-commit-20260918/snapshot/Nosfy/Media/nosfy-nuit.mp4 /tmp/nosfy-live-commit-20260918/derived/Build/Products/Debug-iphonesimulator/Nosfy.app

CpResource /tmp/nosfy-live-commit-20260918/derived/Build/Products/Debug-iphonesimulator/Nosfy.app/nosfy-notif-loop.mp4 /tmp/nosfy-live-commit-20260918/snapshot/Nosfy/Media/nosfy-notif-loop.mp4 (in target 'Nosfy' from project 'Nosfy')
    cd /tmp/nosfy-live-commit-20260918/snapshot
    builtin-copy -exclude .DS_Store -exclude CVS -exclude .svn -exclude .git -exclude .hg -resolve-src-symlinks /tmp/nosfy-live-commit-20260918/snapshot/Nosfy/Media/nosfy-notif-loop.mp4 /tmp/nosfy-live-commit-20260918/derived/Build/Products/Debug-iphonesimulator/Nosfy.app

CpResource /tmp/nosfy-live-commit-20260918/derived/Build/Products/Debug-iphonesimulator/Nosfy.app/nosfy-end.mp4 /tmp/nosfy-live-commit-20260918/snapshot/Nosfy/Media/nosfy-end.mp4 (in target 'Nosfy' from project 'Nosfy')
    cd /tmp/nosfy-live-commit-20260918/snapshot
    builtin-copy -exclude .DS_Store -exclude CVS -exclude .svn -exclude .git -exclude .hg -resolve-src-symlinks /tmp/nosfy-live-commit-20260918/snapshot/Nosfy/Media/nosfy-end.mp4 /tmp/nosfy-live-commit-20260918/derived/Build/Products/Debug-iphonesimulator/Nosfy.app

CpResource /tmp/nosfy-live-commit-20260918/derived/Build/Products/Debug-iphonesimulator/Nosfy.app/nosfy-accueil-loop.mp4 /tmp/nosfy-live-commit-20260918/snapshot/Nosfy/Media/nosfy-accueil-loop.mp4 (in target 'Nosfy' from project 'Nosfy')
    cd /tmp/nosfy-live-commit-20260918/snapshot
    builtin-copy -exclude .DS_Store -exclude CVS -exclude .svn -exclude .git -exclude .hg -resolve-src-symlinks /tmp/nosfy-live-commit-20260918/snapshot/Nosfy/Media/nosfy-accueil-loop.mp4 /tmp/nosfy-live-commit-20260918/derived/Build/Products/Debug-iphonesimulator/Nosfy.app

CpResource /tmp/nosfy-live-commit-20260918/derived/Build/Products/Debug-iphonesimulator/Nosfy.app/molette-glass-loop.mp4 /tmp/nosfy-live-commit-20260918/snapshot/Nosfy/Media/molette-glass-loop.mp4 (in target 'Nosfy' from project 'Nosfy')
    cd /tmp/nosfy-live-commit-20260918/snapshot
    builtin-copy -exclude .DS_Store -exclude CVS -exclude .svn -exclude .git -exclude .hg -resolve-src-symlinks /tmp/nosfy-live-commit-20260918/snapshot/Nosfy/Media/molette-glass-loop.mp4 /tmp/nosfy-live-commit-20260918/derived/Build/Products/Debug-iphonesimulator/Nosfy.app

CpResource /tmp/nosfy-live-commit-20260918/derived/Build/Products/Debug-iphonesimulator/Nosfy.app/manege-nappe.caf /tmp/nosfy-live-commit-20260918/snapshot/Nosfy/Media/manege-nappe.caf (in target 'Nosfy' from project 'Nosfy')
    cd /tmp/nosfy-live-commit-20260918/snapshot
    builtin-copy -exclude .DS_Store -exclude CVS -exclude .svn -exclude .git -exclude .hg -resolve-src-symlinks /tmp/nosfy-live-commit-20260918/snapshot/Nosfy/Media/manege-nappe.caf /tmp/nosfy-live-commit-20260918/derived/Build/Products/Debug-iphonesimulator/Nosfy.app

CpResource /tmp/nosfy-live-commit-20260918/derived/Build/Products/Debug-iphonesimulator/Nosfy.app/ile-sortie.wav /tmp/nosfy-live-commit-20260918/snapshot/Nosfy/Media/ile-sortie.wav (in target 'Nosfy' from project 'Nosfy')
    cd /tmp/nosfy-live-commit-20260918/snapshot
    builtin-copy -exclude .DS_Store -exclude CVS -exclude .svn -exclude .git -exclude .hg -resolve-src-symlinks /tmp/nosfy-live-commit-20260918/snapshot/Nosfy/Media/ile-sortie.wav /tmp/nosfy-live-commit-20260918/derived/Build/Products/Debug-iphonesimulator/Nosfy.app

CpResource /tmp/nosfy-live-commit-20260918/derived/Build/Products/Debug-iphonesimulator/Nosfy.app/ile-entree.wav /tmp/nosfy-live-commit-20260918/snapshot/Nosfy/Media/ile-entree.wav (in target 'Nosfy' from project 'Nosfy')
    cd /tmp/nosfy-live-commit-20260918/snapshot
    builtin-copy -exclude .DS_Store -exclude CVS -exclude .svn -exclude .git -exclude .hg -resolve-src-symlinks /tmp/nosfy-live-commit-20260918/snapshot/Nosfy/Media/ile-entree.wav /tmp/nosfy-live-commit-20260918/derived/Build/Products/Debug-iphonesimulator/Nosfy.app

CpResource /tmp/nosfy-live-commit-20260918/derived/Build/Products/Debug-iphonesimulator/Nosfy.app/home-textes.json /tmp/nosfy-live-commit-20260918/snapshot/Nosfy/Resources/home-textes.json (in target 'Nosfy' from project 'Nosfy')
    cd /tmp/nosfy-live-commit-20260918/snapshot
    builtin-copy -exclude .DS_Store -exclude CVS -exclude .svn -exclude .git -exclude .hg -resolve-src-symlinks /tmp/nosfy-live-commit-20260918/snapshot/Nosfy/Resources/home-textes.json /tmp/nosfy-live-commit-20260918/derived/Build/Products/Debug-iphonesimulator/Nosfy.app

CpResource /tmp/nosfy-live-commit-20260918/derived/Build/Products/Debug-iphonesimulator/Nosfy.app/home-fond-precompose-393x709.mp4 /tmp/nosfy-live-commit-20260918/snapshot/Nosfy/Media/home-fond-precompose-393x709.mp4 (in target 'Nosfy' from project 'Nosfy')
    cd /tmp/nosfy-live-commit-20260918/snapshot
    builtin-copy -exclude .DS_Store -exclude CVS -exclude .svn -exclude .git -exclude .hg -resolve-src-symlinks /tmp/nosfy-live-commit-20260918/snapshot/Nosfy/Media/home-fond-precompose-393x709.mp4 /tmp/nosfy-live-commit-20260918/derived/Build/Products/Debug-iphonesimulator/Nosfy.app

CpResource /tmp/nosfy-live-commit-20260918/derived/Build/Products/Debug-iphonesimulator/Nosfy.app/home-fond-pilule.mp4 /tmp/nosfy-live-commit-20260918/snapshot/Nosfy/Media/home-fond-pilule.mp4 (in target 'Nosfy' from project 'Nosfy')
    cd /tmp/nosfy-live-commit-20260918/snapshot
    builtin-copy -exclude .DS_Store -exclude CVS -exclude .svn -exclude .git -exclude .hg -resolve-src-symlinks /tmp/nosfy-live-commit-20260918/snapshot/Nosfy/Media/home-fond-pilule.mp4 /tmp/nosfy-live-commit-20260918/derived/Build/Products/Debug-iphonesimulator/Nosfy.app

CpResource /tmp/nosfy-live-commit-20260918/derived/Build/Products/Debug-iphonesimulator/Nosfy.app/home-fond-loop.mp4 /tmp/nosfy-live-commit-20260918/snapshot/Nosfy/Media/home-fond-loop.mp4 (in target 'Nosfy' from project 'Nosfy')
    cd /tmp/nosfy-live-commit-20260918/snapshot
    builtin-copy -exclude .DS_Store -exclude CVS -exclude .svn -exclude .git -exclude .hg -resolve-src-symlinks /tmp/nosfy-live-commit-20260918/snapshot/Nosfy/Media/home-fond-loop.mp4 /tmp/nosfy-live-commit-20260918/derived/Build/Products/Debug-iphonesimulator/Nosfy.app

CpResource /tmp/nosfy-live-commit-20260918/derived/Build/Products/Debug-iphonesimulator/Nosfy.app/home-fond-flamme.mp4 /tmp/nosfy-live-commit-20260918/snapshot/Nosfy/Media/home-fond-flamme.mp4 (in target 'Nosfy' from project 'Nosfy')
    cd /tmp/nosfy-live-commit-20260918/snapshot
    builtin-copy -exclude .DS_Store -exclude CVS -exclude .svn -exclude .git -exclude .hg -resolve-src-symlinks /tmp/nosfy-live-commit-20260918/snapshot/Nosfy/Media/home-fond-flamme.mp4 /tmp/nosfy-live-commit-20260918/derived/Build/Products/Debug-iphonesimulator/Nosfy.app

CpResource /tmp/nosfy-live-commit-20260918/derived/Build/Products/Debug-iphonesimulator/Nosfy.app/fond-matrice-loop.mp4 /tmp/nosfy-live-commit-20260918/snapshot/Nosfy/Media/fond-matrice-loop.mp4 (in target 'Nosfy' from project 'Nosfy')
    cd /tmp/nosfy-live-commit-20260918/snapshot
    builtin-copy -exclude .DS_Store -exclude CVS -exclude .svn -exclude .git -exclude .hg -resolve-src-symlinks /tmp/nosfy-live-commit-20260918/snapshot/Nosfy/Media/fond-matrice-loop.mp4 /tmp/nosfy-live-commit-20260918/derived/Build/Products/Debug-iphonesimulator/Nosfy.app

CpResource /tmp/nosfy-live-commit-20260918/derived/Build/Products/Debug-iphonesimulator/Nosfy.app/flamme_overlay.mp4 /tmp/nosfy-live-commit-20260918/snapshot/Nosfy/Media/flamme_overlay.mp4 (in target 'Nosfy' from project 'Nosfy')
    cd /tmp/nosfy-live-commit-20260918/snapshot
    builtin-copy -exclude .DS_Store -exclude CVS -exclude .svn -exclude .git -exclude .hg -resolve-src-symlinks /tmp/nosfy-live-commit-20260918/snapshot/Nosfy/Media/flamme_overlay.mp4 /tmp/nosfy-live-commit-20260918/derived/Build/Products/Debug-iphonesimulator/Nosfy.app

CpResource /tmp/nosfy-live-commit-20260918/derived/Build/Products/Debug-iphonesimulator/Nosfy.app/feerie-carillon.caf /tmp/nosfy-live-commit-20260918/snapshot/Nosfy/Media/feerie-carillon.caf (in target 'Nosfy' from project 'Nosfy')
    cd /tmp/nosfy-live-commit-20260918/snapshot
    builtin-copy -exclude .DS_Store -exclude CVS -exclude .svn -exclude .git -exclude .hg -resolve-src-symlinks /tmp/nosfy-live-commit-20260918/snapshot/Nosfy/Media/feerie-carillon.caf /tmp/nosfy-live-commit-20260918/derived/Build/Products/Debug-iphonesimulator/Nosfy.app

CpResource /tmp/nosfy-live-commit-20260918/derived/Build/Products/Debug-iphonesimulator/Nosfy.app/exos-fond-loop.mp4 /tmp/nosfy-live-commit-20260918/snapshot/Nosfy/Media/exos-fond-loop.mp4 (in target 'Nosfy' from project 'Nosfy')
    cd /tmp/nosfy-live-commit-20260918/snapshot
    builtin-copy -exclude .DS_Store -exclude CVS -exclude .svn -exclude .git -exclude .hg -resolve-src-symlinks /tmp/nosfy-live-commit-20260918/snapshot/Nosfy/Media/exos-fond-loop.mp4 /tmp/nosfy-live-commit-20260918/derived/Build/Products/Debug-iphonesimulator/Nosfy.app

CpResource /tmp/nosfy-live-commit-20260918/derived/Build/Products/Debug-iphonesimulator/Nosfy.app/duo-nosfy-reward.mp4 /tmp/nosfy-live-commit-20260918/snapshot/Nosfy/Media/duo-nosfy-reward.mp4 (in target 'Nosfy' from project 'Nosfy')
    cd /tmp/nosfy-live-commit-20260918/snapshot
    builtin-copy -exclude .DS_Store -exclude CVS -exclude .svn -exclude .git -exclude .hg -resolve-src-symlinks /tmp/nosfy-live-commit-20260918/snapshot/Nosfy/Media/duo-nosfy-reward.mp4 /tmp/nosfy-live-commit-20260918/derived/Build/Products/Debug-iphonesimulator/Nosfy.app

CpResource /tmp/nosfy-live-commit-20260918/derived/Build/Products/Debug-iphonesimulator/Nosfy.app/duo-galet-rougebleu.mp4 /tmp/nosfy-live-commit-20260918/snapshot/Nosfy/Media/duo-galet-rougebleu.mp4 (in target 'Nosfy' from project 'Nosfy')
    cd /tmp/nosfy-live-commit-20260918/snapshot
    builtin-copy -exclude .DS_Store -exclude CVS -exclude .svn -exclude .git -exclude .hg -resolve-src-symlinks /tmp/nosfy-live-commit-20260918/snapshot/Nosfy/Media/duo-galet-rougebleu.mp4 /tmp/nosfy-live-commit-20260918/derived/Build/Products/Debug-iphonesimulator/Nosfy.app

CpResource /tmp/nosfy-live-commit-20260918/derived/Build/Products/Debug-iphonesimulator/Nosfy.app/duo-galet-rouge.mp4 /tmp/nosfy-live-commit-20260918/snapshot/Nosfy/Media/duo-galet-rouge.mp4 (in target 'Nosfy' from project 'Nosfy')
    cd /tmp/nosfy-live-commit-20260918/snapshot
    builtin-copy -exclude .DS_Store -exclude CVS -exclude .svn -exclude .git -exclude .hg -resolve-src-symlinks /tmp/nosfy-live-commit-20260918/snapshot/Nosfy/Media/duo-galet-rouge.mp4 /tmp/nosfy-live-commit-20260918/derived/Build/Products/Debug-iphonesimulator/Nosfy.app

CpResource /tmp/nosfy-live-commit-20260918/derived/Build/Products/Debug-iphonesimulator/Nosfy.app/duo-galet-noir.mp4 /tmp/nosfy-live-commit-20260918/snapshot/Nosfy/Media/duo-galet-noir.mp4 (in target 'Nosfy' from project 'Nosfy')
    cd /tmp/nosfy-live-commit-20260918/snapshot
    builtin-copy -exclude .DS_Store -exclude CVS -exclude .svn -exclude .git -exclude .hg -resolve-src-symlinks /tmp/nosfy-live-commit-20260918/snapshot/Nosfy/Media/duo-galet-noir.mp4 /tmp/nosfy-live-commit-20260918/derived/Build/Products/Debug-iphonesimulator/Nosfy.app

CpResource /tmp/nosfy-live-commit-20260918/derived/Build/Products/Debug-iphonesimulator/Nosfy.app/duo-flamme-bleue.mp4 /tmp/nosfy-live-commit-20260918/snapshot/Nosfy/Media/duo-flamme-bleue.mp4 (in target 'Nosfy' from project 'Nosfy')
    cd /tmp/nosfy-live-commit-20260918/snapshot
    builtin-copy -exclude .DS_Store -exclude CVS -exclude .svn -exclude .git -exclude .hg -resolve-src-symlinks /tmp/nosfy-live-commit-20260918/snapshot/Nosfy/Media/duo-flamme-bleue.mp4 /tmp/nosfy-live-commit-20260918/derived/Build/Products/Debug-iphonesimulator/Nosfy.app

CpResource /tmp/nosfy-live-commit-20260918/derived/Build/Products/Debug-iphonesimulator/Nosfy.app/duo-feu-rouge.mp4 /tmp/nosfy-live-commit-20260918/snapshot/Nosfy/Media/duo-feu-rouge.mp4 (in target 'Nosfy' from project 'Nosfy')
    cd /tmp/nosfy-live-commit-20260918/snapshot
    builtin-copy -exclude .DS_Store -exclude CVS -exclude .svn -exclude .git -exclude .hg -resolve-src-symlinks /tmp/nosfy-live-commit-20260918/snapshot/Nosfy/Media/duo-feu-rouge.mp4 /tmp/nosfy-live-commit-20260918/derived/Build/Products/Debug-iphonesimulator/Nosfy.app

CpResource /tmp/nosfy-live-commit-20260918/derived/Build/Products/Debug-iphonesimulator/Nosfy.app/duo-feu-blanc.mp4 /tmp/nosfy-live-commit-20260918/snapshot/Nosfy/Media/duo-feu-blanc.mp4 (in target 'Nosfy' from project 'Nosfy')
    cd /tmp/nosfy-live-commit-20260918/snapshot
    builtin-copy -exclude .DS_Store -exclude CVS -exclude .svn -exclude .git -exclude .hg -resolve-src-symlinks /tmp/nosfy-live-commit-20260918/snapshot/Nosfy/Media/duo-feu-blanc.mp4 /tmp/nosfy-live-commit-20260918/derived/Build/Products/Debug-iphonesimulator/Nosfy.app

CpResource /tmp/nosfy-live-commit-20260918/derived/Build/Products/Debug-iphonesimulator/Nosfy.app/dechirure-lente.caf /tmp/nosfy-live-commit-20260918/snapshot/Nosfy/Media/dechirure-lente.caf (in target 'Nosfy' from project 'Nosfy')
    cd /tmp/nosfy-live-commit-20260918/snapshot
    builtin-copy -exclude .DS_Store -exclude CVS -exclude .svn -exclude .git -exclude .hg -resolve-src-symlinks /tmp/nosfy-live-commit-20260918/snapshot/Nosfy/Media/dechirure-lente.caf /tmp/nosfy-live-commit-20260918/derived/Build/Products/Debug-iphonesimulator/Nosfy.app

CpResource /tmp/nosfy-live-commit-20260918/derived/Build/Products/Debug-iphonesimulator/Nosfy.app/dechirure-franche.caf /tmp/nosfy-live-commit-20260918/snapshot/Nosfy/Media/dechirure-franche.caf (in target 'Nosfy' from project 'Nosfy')
    cd /tmp/nosfy-live-commit-20260918/snapshot
    builtin-copy -exclude .DS_Store -exclude CVS -exclude .svn -exclude .git -exclude .hg -resolve-src-symlinks /tmp/nosfy-live-commit-20260918/snapshot/Nosfy/Media/dechirure-franche.caf /tmp/nosfy-live-commit-20260918/derived/Build/Products/Debug-iphonesimulator/Nosfy.app

CpResource /tmp/nosfy-live-commit-20260918/derived/Build/Products/Debug-iphonesimulator/Nosfy.app/dechirure-finale.caf /tmp/nosfy-live-commit-20260918/snapshot/Nosfy/Media/dechirure-finale.caf (in target 'Nosfy' from project 'Nosfy')
    cd /tmp/nosfy-live-commit-20260918/snapshot
    builtin-copy -exclude .DS_Store -exclude CVS -exclude .svn -exclude .git -exclude .hg -resolve-src-symlinks /tmp/nosfy-live-commit-20260918/snapshot/Nosfy/Media/dechirure-finale.caf /tmp/nosfy-live-commit-20260918/derived/Build/Products/Debug-iphonesimulator/Nosfy.app

CpResource /tmp/nosfy-live-commit-20260918/derived/Build/Products/Debug-iphonesimulator/Nosfy.app/count.mp4 /tmp/nosfy-live-commit-20260918/snapshot/Nosfy/Media/count.mp4 (in target 'Nosfy' from project 'Nosfy')
    cd /tmp/nosfy-live-commit-20260918/snapshot
    builtin-copy -exclude .DS_Store -exclude CVS -exclude .svn -exclude .git -exclude .hg -resolve-src-symlinks /tmp/nosfy-live-commit-20260918/snapshot/Nosfy/Media/count.mp4 /tmp/nosfy-live-commit-20260918/derived/Build/Products/Debug-iphonesimulator/Nosfy.app

CpResource /tmp/nosfy-live-commit-20260918/derived/Build/Products/Debug-iphonesimulator/Nosfy.app/coffre-spot-loop.mp4 /tmp/nosfy-live-commit-20260918/snapshot/Nosfy/Media/coffre-spot-loop.mp4 (in target 'Nosfy' from project 'Nosfy')
    cd /tmp/nosfy-live-commit-20260918/snapshot
    builtin-copy -exclude .DS_Store -exclude CVS -exclude .svn -exclude .git -exclude .hg -resolve-src-symlinks /tmp/nosfy-live-commit-20260918/snapshot/Nosfy/Media/coffre-spot-loop.mp4 /tmp/nosfy-live-commit-20260918/derived/Build/Products/Debug-iphonesimulator/Nosfy.app

CpResource /tmp/nosfy-live-commit-20260918/derived/Build/Products/Debug-iphonesimulator/Nosfy.app/coffre-salut.mp4 /tmp/nosfy-live-commit-20260918/snapshot/Nosfy/Media/coffre-salut.mp4 (in target 'Nosfy' from project 'Nosfy')
    cd /tmp/nosfy-live-commit-20260918/snapshot
    builtin-copy -exclude .DS_Store -exclude CVS -exclude .svn -exclude .git -exclude .hg -resolve-src-symlinks /tmp/nosfy-live-commit-20260918/snapshot/Nosfy/Media/coffre-salut.mp4 /tmp/nosfy-live-commit-20260918/derived/Build/Products/Debug-iphonesimulator/Nosfy.app

CpResource /tmp/nosfy-live-commit-20260918/derived/Build/Products/Debug-iphonesimulator/Nosfy.app/coffre-salle-loop.mp4 /tmp/nosfy-live-commit-20260918/snapshot/Nosfy/Media/coffre-salle-loop.mp4 (in target 'Nosfy' from project 'Nosfy')
    cd /tmp/nosfy-live-commit-20260918/snapshot
    builtin-copy -exclude .DS_Store -exclude CVS -exclude .svn -exclude .git -exclude .hg -resolve-src-symlinks /tmp/nosfy-live-commit-20260918/snapshot/Nosfy/Media/coffre-salle-loop.mp4 /tmp/nosfy-live-commit-20260918/derived/Build/Products/Debug-iphonesimulator/Nosfy.app

CpResource /tmp/nosfy-live-commit-20260918/derived/Build/Products/Debug-iphonesimulator/Nosfy.app/coffre-beau.mp4 /tmp/nosfy-live-commit-20260918/snapshot/Nosfy/Media/coffre-beau.mp4 (in target 'Nosfy' from project 'Nosfy')
    cd /tmp/nosfy-live-commit-20260918/snapshot
    builtin-copy -exclude .DS_Store -exclude CVS -exclude .svn -exclude .git -exclude .hg -resolve-src-symlinks /tmp/nosfy-live-commit-20260918/snapshot/Nosfy/Media/coffre-beau.mp4 /tmp/nosfy-live-commit-20260918/derived/Build/Products/Debug-iphonesimulator/Nosfy.app

CpResource /tmp/nosfy-live-commit-20260918/derived/Build/Products/Debug-iphonesimulator/Nosfy.app/coffre-arrivee.mp4 /tmp/nosfy-live-commit-20260918/snapshot/Nosfy/Media/coffre-arrivee.mp4 (in target 'Nosfy' from project 'Nosfy')
    cd /tmp/nosfy-live-commit-20260918/snapshot
    builtin-copy -exclude .DS_Store -exclude CVS -exclude .svn -exclude .git -exclude .hg -resolve-src-symlinks /tmp/nosfy-live-commit-20260918/snapshot/Nosfy/Media/coffre-arrivee.mp4 /tmp/nosfy-live-commit-20260918/derived/Build/Products/Debug-iphonesimulator/Nosfy.app

CpResource /tmp/nosfy-live-commit-20260918/derived/Build/Products/Debug-iphonesimulator/Nosfy.app/braise-veille.caf /tmp/nosfy-live-commit-20260918/snapshot/Nosfy/Media/braise-veille.caf (in target 'Nosfy' from project 'Nosfy')
    cd /tmp/nosfy-live-commit-20260918/snapshot
    builtin-copy -exclude .DS_Store -exclude CVS -exclude .svn -exclude .git -exclude .hg -resolve-src-symlinks /tmp/nosfy-live-commit-20260918/snapshot/Nosfy/Media/braise-veille.caf /tmp/nosfy-live-commit-20260918/derived/Build/Products/Debug-iphonesimulator/Nosfy.app

CpResource /tmp/nosfy-live-commit-20260918/derived/Build/Products/Debug-iphonesimulator/Nosfy.app/booster.bin /tmp/nosfy-live-commit-20260918/snapshot/Nosfy/Media/booster.bin (in target 'Nosfy' from project 'Nosfy')
    cd /tmp/nosfy-live-commit-20260918/snapshot
    builtin-copy -exclude .DS_Store -exclude CVS -exclude .svn -exclude .git -exclude .hg -resolve-src-symlinks /tmp/nosfy-live-commit-20260918/snapshot/Nosfy/Media/booster.bin /tmp/nosfy-live-commit-20260918/derived/Build/Products/Debug-iphonesimulator/Nosfy.app

CpResource /tmp/nosfy-live-commit-20260918/derived/Build/Products/Debug-iphonesimulator/Nosfy.app/booster-loop.mp4 /tmp/nosfy-live-commit-20260918/snapshot/Nosfy/Media/booster-loop.mp4 (in target 'Nosfy' from project 'Nosfy')
    cd /tmp/nosfy-live-commit-20260918/snapshot
    builtin-copy -exclude .DS_Store -exclude CVS -exclude .svn -exclude .git -exclude .hg -resolve-src-symlinks /tmp/nosfy-live-commit-20260918/snapshot/Nosfy/Media/booster-loop.mp4 /tmp/nosfy-live-commit-20260918/derived/Build/Products/Debug-iphonesimulator/Nosfy.app

CpResource /tmp/nosfy-live-commit-20260918/derived/Build/Products/Debug-iphonesimulator/Nosfy.app/booster-loop-noir.mp4 /tmp/nosfy-live-commit-20260918/snapshot/Nosfy/Media/booster-loop-noir.mp4 (in target 'Nosfy' from project 'Nosfy')
    cd /tmp/nosfy-live-commit-20260918/snapshot
    builtin-copy -exclude .DS_Store -exclude CVS -exclude .svn -exclude .git -exclude .hg -resolve-src-symlinks /tmp/nosfy-live-commit-20260918/snapshot/Nosfy/Media/booster-loop-noir.mp4 /tmp/nosfy-live-commit-20260918/derived/Build/Products/Debug-iphonesimulator/Nosfy.app

CpResource /tmp/nosfy-live-commit-20260918/derived/Build/Products/Debug-iphonesimulator/Nosfy.app/booster-dot-loop.mp4 /tmp/nosfy-live-commit-20260918/snapshot/Nosfy/Media/booster-dot-loop.mp4 (in target 'Nosfy' from project 'Nosfy')
    cd /tmp/nosfy-live-commit-20260918/snapshot
    builtin-copy -exclude .DS_Store -exclude CVS -exclude .svn -exclude .git -exclude .hg -resolve-src-symlinks /tmp/nosfy-live-commit-20260918/snapshot/Nosfy/Media/booster-dot-loop.mp4 /tmp/nosfy-live-commit-20260918/derived/Build/Products/Debug-iphonesimulator/Nosfy.app

CpResource /tmp/nosfy-live-commit-20260918/derived/Build/Products/Debug-iphonesimulator/Nosfy.app/background-calendar-loop.mp4 /tmp/nosfy-live-commit-20260918/snapshot/Nosfy/Media/background-calendar-loop.mp4 (in target 'Nosfy' from project 'Nosfy')
    cd /tmp/nosfy-live-commit-20260918/snapshot
    builtin-copy -exclude .DS_Store -exclude CVS -exclude .svn -exclude .git -exclude .hg -resolve-src-symlinks /tmp/nosfy-live-commit-20260918/snapshot/Nosfy/Media/background-calendar-loop.mp4 /tmp/nosfy-live-commit-20260918/derived/Build/Products/Debug-iphonesimulator/Nosfy.app

CpResource /tmp/nosfy-live-commit-20260918/derived/Build/Products/Debug-iphonesimulator/Nosfy.app/PoussiereLune.wav /tmp/nosfy-live-commit-20260918/snapshot/Nosfy/Media/PoussiereLune.wav (in target 'Nosfy' from project 'Nosfy')
    cd /tmp/nosfy-live-commit-20260918/snapshot
    builtin-copy -exclude .DS_Store -exclude CVS -exclude .svn -exclude .git -exclude .hg -resolve-src-symlinks /tmp/nosfy-live-commit-20260918/snapshot/Nosfy/Media/PoussiereLune.wav /tmp/nosfy-live-commit-20260918/derived/Build/Products/Debug-iphonesimulator/Nosfy.app

CpResource /tmp/nosfy-live-commit-20260918/derived/Build/Products/Debug-iphonesimulator/Nosfy.app/Paillette.wav /tmp/nosfy-live-commit-20260918/snapshot/Nosfy/Sounds/Paillette.wav (in target 'Nosfy' from project 'Nosfy')
    cd /tmp/nosfy-live-commit-20260918/snapshot
    builtin-copy -exclude .DS_Store -exclude CVS -exclude .svn -exclude .git -exclude .hg -resolve-src-symlinks /tmp/nosfy-live-commit-20260918/snapshot/Nosfy/Sounds/Paillette.wav /tmp/nosfy-live-commit-20260918/derived/Build/Products/Debug-iphonesimulator/Nosfy.app

CpResource /tmp/nosfy-live-commit-20260918/derived/Build/Products/Debug-iphonesimulator/Nosfy.app/NosfyTheme.m4a /tmp/nosfy-live-commit-20260918/snapshot/Nosfy/Sounds/NosfyTheme.m4a (in target 'Nosfy' from project 'Nosfy')
    cd /tmp/nosfy-live-commit-20260918/snapshot
    builtin-copy -exclude .DS_Store -exclude CVS -exclude .svn -exclude .git -exclude .hg -resolve-src-symlinks /tmp/nosfy-live-commit-20260918/snapshot/Nosfy/Sounds/NosfyTheme.m4a /tmp/nosfy-live-commit-20260918/derived/Build/Products/Debug-iphonesimulator/Nosfy.app

CpResource /tmp/nosfy-live-commit-20260918/derived/Build/Products/Debug-iphonesimulator/Nosfy.app/NosfyTap.wav /tmp/nosfy-live-commit-20260918/snapshot/Nosfy/Sounds/NosfyTap.wav (in target 'Nosfy' from project 'Nosfy')
    cd /tmp/nosfy-live-commit-20260918/snapshot
    builtin-copy -exclude .DS_Store -exclude CVS -exclude .svn -exclude .git -exclude .hg -resolve-src-symlinks /tmp/nosfy-live-commit-20260918/snapshot/Nosfy/Sounds/NosfyTap.wav /tmp/nosfy-live-commit-20260918/derived/Build/Products/Debug-iphonesimulator/Nosfy.app

CpResource /tmp/nosfy-live-commit-20260918/derived/Build/Products/Debug-iphonesimulator/Nosfy.app/NosfyPaillette.wav /tmp/nosfy-live-commit-20260918/snapshot/Nosfy/Sounds/NosfyPaillette.wav (in target 'Nosfy' from project 'Nosfy')
    cd /tmp/nosfy-live-commit-20260918/snapshot
    builtin-copy -exclude .DS_Store -exclude CVS -exclude .svn -exclude .git -exclude .hg -resolve-src-symlinks /tmp/nosfy-live-commit-20260918/snapshot/Nosfy/Sounds/NosfyPaillette.wav /tmp/nosfy-live-commit-20260918/derived/Build/Products/Debug-iphonesimulator/Nosfy.app

CpResource /tmp/nosfy-live-commit-20260918/derived/Build/Products/Debug-iphonesimulator/Nosfy.app/NosfyFin.m4a /tmp/nosfy-live-commit-20260918/snapshot/Nosfy/Sounds/NosfyFin.m4a (in target 'Nosfy' from project 'Nosfy')
    cd /tmp/nosfy-live-commit-20260918/snapshot
    builtin-copy -exclude .DS_Store -exclude CVS -exclude .svn -exclude .git -exclude .hg -resolve-src-symlinks /tmp/nosfy-live-commit-20260918/snapshot/Nosfy/Sounds/NosfyFin.m4a /tmp/nosfy-live-commit-20260918/derived/Build/Products/Debug-iphonesimulator/Nosfy.app

CpResource /tmp/nosfy-live-commit-20260918/derived/Build/Products/Debug-iphonesimulator/Nosfy.app/NeonIgnite.wav /tmp/nosfy-live-commit-20260918/snapshot/Nosfy/Sounds/NeonIgnite.wav (in target 'Nosfy' from project 'Nosfy')
    cd /tmp/nosfy-live-commit-20260918/snapshot
    builtin-copy -exclude .DS_Store -exclude CVS -exclude .svn -exclude .git -exclude .hg -resolve-src-symlinks /tmp/nosfy-live-commit-20260918/snapshot/Nosfy/Sounds/NeonIgnite.wav /tmp/nosfy-live-commit-20260918/derived/Build/Products/Debug-iphonesimulator/Nosfy.app

CpResource /tmp/nosfy-live-commit-20260918/derived/Build/Products/Debug-iphonesimulator/Nosfy.app/MoonSplashTheme.m4a /tmp/nosfy-live-commit-20260918/snapshot/Nosfy/Sounds/MoonSplashTheme.m4a (in target 'Nosfy' from project 'Nosfy')
    cd /tmp/nosfy-live-commit-20260918/snapshot
    builtin-copy -exclude .DS_Store -exclude CVS -exclude .svn -exclude .git -exclude .hg -resolve-src-symlinks /tmp/nosfy-live-commit-20260918/snapshot/Nosfy/Sounds/MoonSplashTheme.m4a /tmp/nosfy-live-commit-20260918/derived/Build/Products/Debug-iphonesimulator/Nosfy.app

CpResource /tmp/nosfy-live-commit-20260918/derived/Build/Products/Debug-iphonesimulator/Nosfy.app/MoonSDF.bin /tmp/nosfy-live-commit-20260918/snapshot/Nosfy/MoonSDF.bin (in target 'Nosfy' from project 'Nosfy')
    cd /tmp/nosfy-live-commit-20260918/snapshot
    builtin-copy -exclude .DS_Store -exclude CVS -exclude .svn -exclude .git -exclude .hg -resolve-src-symlinks /tmp/nosfy-live-commit-20260918/snapshot/Nosfy/MoonSDF.bin /tmp/nosfy-live-commit-20260918/derived/Build/Products/Debug-iphonesimulator/Nosfy.app

CpResource /tmp/nosfy-live-commit-20260918/derived/Build/Products/Debug-iphonesimulator/Nosfy.app/MoonGraze.wav /tmp/nosfy-live-commit-20260918/snapshot/Nosfy/Sounds/MoonGraze.wav (in target 'Nosfy' from project 'Nosfy')
    cd /tmp/nosfy-live-commit-20260918/snapshot
    builtin-copy -exclude .DS_Store -exclude CVS -exclude .svn -exclude .git -exclude .hg -resolve-src-symlinks /tmp/nosfy-live-commit-20260918/snapshot/Nosfy/Sounds/MoonGraze.wav /tmp/nosfy-live-commit-20260918/derived/Build/Products/Debug-iphonesimulator/Nosfy.app

CpResource /tmp/nosfy-live-commit-20260918/derived/Build/Products/Debug-iphonesimulator/Nosfy.app/MoonGlide.wav /tmp/nosfy-live-commit-20260918/snapshot/Nosfy/Sounds/MoonGlide.wav (in target 'Nosfy' from project 'Nosfy')
    cd /tmp/nosfy-live-commit-20260918/snapshot
    builtin-copy -exclude .DS_Store -exclude CVS -exclude .svn -exclude .git -exclude .hg -resolve-src-symlinks /tmp/nosfy-live-commit-20260918/snapshot/Nosfy/Sounds/MoonGlide.wav /tmp/nosfy-live-commit-20260918/derived/Build/Products/Debug-iphonesimulator/Nosfy.app

CpResource /tmp/nosfy-live-commit-20260918/derived/Build/Products/Debug-iphonesimulator/Nosfy.app/LuneSangTheme.m4a /tmp/nosfy-live-commit-20260918/snapshot/Nosfy/Sounds/LuneSangTheme.m4a (in target 'Nosfy' from project 'Nosfy')
    cd /tmp/nosfy-live-commit-20260918/snapshot
    builtin-copy -exclude .DS_Store -exclude CVS -exclude .svn -exclude .git -exclude .hg -resolve-src-symlinks /tmp/nosfy-live-commit-20260918/snapshot/Nosfy/Sounds/LuneSangTheme.m4a /tmp/nosfy-live-commit-20260918/derived/Build/Products/Debug-iphonesimulator/Nosfy.app

CpResource /tmp/nosfy-live-commit-20260918/derived/Build/Products/Debug-iphonesimulator/Nosfy.app/Inter-SemiBold.otf /tmp/nosfy-live-commit-20260918/snapshot/Nosfy/Fonts/Inter-SemiBold.otf (in target 'Nosfy' from project 'Nosfy')
    cd /tmp/nosfy-live-commit-20260918/snapshot
    builtin-copy -exclude .DS_Store -exclude CVS -exclude .svn -exclude .git -exclude .hg -resolve-src-symlinks /tmp/nosfy-live-commit-20260918/snapshot/Nosfy/Fonts/Inter-SemiBold.otf /tmp/nosfy-live-commit-20260918/derived/Build/Products/Debug-iphonesimulator/Nosfy.app

CpResource /tmp/nosfy-live-commit-20260918/derived/Build/Products/Debug-iphonesimulator/Nosfy.app/LensTheme.m4a /tmp/nosfy-live-commit-20260918/snapshot/Nosfy/Sounds/LensTheme.m4a (in target 'Nosfy' from project 'Nosfy')
    cd /tmp/nosfy-live-commit-20260918/snapshot
    builtin-copy -exclude .DS_Store -exclude CVS -exclude .svn -exclude .git -exclude .hg -resolve-src-symlinks /tmp/nosfy-live-commit-20260918/snapshot/Nosfy/Sounds/LensTheme.m4a /tmp/nosfy-live-commit-20260918/derived/Build/Products/Debug-iphonesimulator/Nosfy.app

CpResource /tmp/nosfy-live-commit-20260918/derived/Build/Products/Debug-iphonesimulator/Nosfy.app/Inter-Regular.otf /tmp/nosfy-live-commit-20260918/snapshot/Nosfy/Fonts/Inter-Regular.otf (in target 'Nosfy' from project 'Nosfy')
    cd /tmp/nosfy-live-commit-20260918/snapshot
    builtin-copy -exclude .DS_Store -exclude CVS -exclude .svn -exclude .git -exclude .hg -resolve-src-symlinks /tmp/nosfy-live-commit-20260918/snapshot/Nosfy/Fonts/Inter-Regular.otf /tmp/nosfy-live-commit-20260918/derived/Build/Products/Debug-iphonesimulator/Nosfy.app

CpResource /tmp/nosfy-live-commit-20260918/derived/Build/Products/Debug-iphonesimulator/Nosfy.app/Inter-Medium.otf /tmp/nosfy-live-commit-20260918/snapshot/Nosfy/Fonts/Inter-Medium.otf (in target 'Nosfy' from project 'Nosfy')
    cd /tmp/nosfy-live-commit-20260918/snapshot
    builtin-copy -exclude .DS_Store -exclude CVS -exclude .svn -exclude .git -exclude .hg -resolve-src-symlinks /tmp/nosfy-live-commit-20260918/snapshot/Nosfy/Fonts/Inter-Medium.otf /tmp/nosfy-live-commit-20260918/derived/Build/Products/Debug-iphonesimulator/Nosfy.app

CpResource /tmp/nosfy-live-commit-20260918/derived/Build/Products/Debug-iphonesimulator/Nosfy.app/Inter-Light.otf /tmp/nosfy-live-commit-20260918/snapshot/Nosfy/Fonts/Inter-Light.otf (in target 'Nosfy' from project 'Nosfy')
    cd /tmp/nosfy-live-commit-20260918/snapshot
    builtin-copy -exclude .DS_Store -exclude CVS -exclude .svn -exclude .git -exclude .hg -resolve-src-symlinks /tmp/nosfy-live-commit-20260918/snapshot/Nosfy/Fonts/Inter-Light.otf /tmp/nosfy-live-commit-20260918/derived/Build/Products/Debug-iphonesimulator/Nosfy.app

CpResource /tmp/nosfy-live-commit-20260918/derived/Build/Products/Debug-iphonesimulator/Nosfy.app/Inter-Bold.otf /tmp/nosfy-live-commit-20260918/snapshot/Nosfy/Fonts/Inter-Bold.otf (in target 'Nosfy' from project 'Nosfy')
    cd /tmp/nosfy-live-commit-20260918/snapshot
    builtin-copy -exclude .DS_Store -exclude CVS -exclude .svn -exclude .git -exclude .hg -resolve-src-symlinks /tmp/nosfy-live-commit-20260918/snapshot/Nosfy/Fonts/Inter-Bold.otf /tmp/nosfy-live-commit-20260918/derived/Build/Products/Debug-iphonesimulator/Nosfy.app

CpResource /tmp/nosfy-live-commit-20260918/derived/Build/Products/Debug-iphonesimulator/Nosfy.app/DialTock.wav /tmp/nosfy-live-commit-20260918/snapshot/Nosfy/Sounds/DialTock.wav (in target 'Nosfy' from project 'Nosfy')
    cd /tmp/nosfy-live-commit-20260918/snapshot
    builtin-copy -exclude .DS_Store -exclude CVS -exclude .svn -exclude .git -exclude .hg -resolve-src-symlinks /tmp/nosfy-live-commit-20260918/snapshot/Nosfy/Sounds/DialTock.wav /tmp/nosfy-live-commit-20260918/derived/Build/Products/Debug-iphonesimulator/Nosfy.app

CpResource /tmp/nosfy-live-commit-20260918/derived/Build/Products/Debug-iphonesimulator/Nosfy.app/DialTap.wav /tmp/nosfy-live-commit-20260918/snapshot/Nosfy/Sounds/DialTap.wav (in target 'Nosfy' from project 'Nosfy')
    cd /tmp/nosfy-live-commit-20260918/snapshot
    builtin-copy -exclude .DS_Store -exclude CVS -exclude .svn -exclude .git -exclude .hg -resolve-src-symlinks /tmp/nosfy-live-commit-20260918/snapshot/Nosfy/Sounds/DialTap.wav /tmp/nosfy-live-commit-20260918/derived/Build/Products/Debug-iphonesimulator/Nosfy.app

CpResource /tmp/nosfy-live-commit-20260918/derived/Build/Products/Debug-iphonesimulator/Nosfy.app/DialTick.wav /tmp/nosfy-live-commit-20260918/snapshot/Nosfy/Sounds/DialTick.wav (in target 'Nosfy' from project 'Nosfy')
    cd /tmp/nosfy-live-commit-20260918/snapshot
    builtin-copy -exclude .DS_Store -exclude CVS -exclude .svn -exclude .git -exclude .hg -resolve-src-symlinks /tmp/nosfy-live-commit-20260918/snapshot/Nosfy/Sounds/DialTick.wav /tmp/nosfy-live-commit-20260918/derived/Build/Products/Debug-iphonesimulator/Nosfy.app

CpResource /tmp/nosfy-live-commit-20260918/derived/Build/Products/Debug-iphonesimulator/Nosfy.app/CoinChink.wav /tmp/nosfy-live-commit-20260918/snapshot/Nosfy/Media/CoinChink.wav (in target 'Nosfy' from project 'Nosfy')
    cd /tmp/nosfy-live-commit-20260918/snapshot
    builtin-copy -exclude .DS_Store -exclude CVS -exclude .svn -exclude .git -exclude .hg -resolve-src-symlinks /tmp/nosfy-live-commit-20260918/snapshot/Nosfy/Media/CoinChink.wav /tmp/nosfy-live-commit-20260918/derived/Build/Products/Debug-iphonesimulator/Nosfy.app

CpResource /tmp/nosfy-live-commit-20260918/derived/Build/Products/Debug-iphonesimulator/Nosfy.app/BoosterLeve.wav /tmp/nosfy-live-commit-20260918/snapshot/Nosfy/Media/BoosterLeve.wav (in target 'Nosfy' from project 'Nosfy')
    cd /tmp/nosfy-live-commit-20260918/snapshot
    builtin-copy -exclude .DS_Store -exclude CVS -exclude .svn -exclude .git -exclude .hg -resolve-src-symlinks /tmp/nosfy-live-commit-20260918/snapshot/Nosfy/Media/BoosterLeve.wav /tmp/nosfy-live-commit-20260918/derived/Build/Products/Debug-iphonesimulator/Nosfy.app

CpResource /tmp/nosfy-live-commit-20260918/derived/Build/Products/Debug-iphonesimulator/Nosfy.app/AuroraSwipe.wav /tmp/nosfy-live-commit-20260918/snapshot/Nosfy/Sounds/AuroraSwipe.wav (in target 'Nosfy' from project 'Nosfy')
    cd /tmp/nosfy-live-commit-20260918/snapshot
    builtin-copy -exclude .DS_Store -exclude CVS -exclude .svn -exclude .git -exclude .hg -resolve-src-symlinks /tmp/nosfy-live-commit-20260918/snapshot/Nosfy/Sounds/AuroraSwipe.wav /tmp/nosfy-live-commit-20260918/derived/Build/Products/Debug-iphonesimulator/Nosfy.app

CpResource /tmp/nosfy-live-commit-20260918/derived/Build/Products/Debug-iphonesimulator/Nosfy.app/AuroraSparkle.wav /tmp/nosfy-live-commit-20260918/snapshot/Nosfy/Sounds/AuroraSparkle.wav (in target 'Nosfy' from project 'Nosfy')
    cd /tmp/nosfy-live-commit-20260918/snapshot
    builtin-copy -exclude .DS_Store -exclude CVS -exclude .svn -exclude .git -exclude .hg -resolve-src-symlinks /tmp/nosfy-live-commit-20260918/snapshot/Nosfy/Sounds/AuroraSparkle.wav /tmp/nosfy-live-commit-20260918/derived/Build/Products/Debug-iphonesimulator/Nosfy.app

CpResource /tmp/nosfy-live-commit-20260918/derived/Build/Products/Debug-iphonesimulator/Nosfy.app/AuroraBreath.wav /tmp/nosfy-live-commit-20260918/snapshot/Nosfy/Sounds/AuroraBreath.wav (in target 'Nosfy' from project 'Nosfy')
    cd /tmp/nosfy-live-commit-20260918/snapshot
    builtin-copy -exclude .DS_Store -exclude CVS -exclude .svn -exclude .git -exclude .hg -resolve-src-symlinks /tmp/nosfy-live-commit-20260918/snapshot/Nosfy/Sounds/AuroraBreath.wav /tmp/nosfy-live-commit-20260918/derived/Build/Products/Debug-iphonesimulator/Nosfy.app

CopyPNGFile /tmp/nosfy-live-commit-20260918/derived/Build/Products/Debug-iphonesimulator/Nosfy.app/coffre-spot.png /tmp/nosfy-live-commit-20260918/snapshot/Nosfy/Media/coffre-spot.png (in target 'Nosfy' from project 'Nosfy')
    cd /tmp/nosfy-live-commit-20260918/snapshot
    /Applications/Xcode.app/Contents/Developer/usr/bin/copypng -compress -strip-PNG-text /tmp/nosfy-live-commit-20260918/snapshot/Nosfy/Media/coffre-spot.png /tmp/nosfy-live-commit-20260918/derived/Build/Products/Debug-iphonesimulator/Nosfy.app/coffre-spot.png

CopyPNGFile /tmp/nosfy-live-commit-20260918/derived/Build/Products/Debug-iphonesimulator/Nosfy.app/coffre-arche.png /tmp/nosfy-live-commit-20260918/snapshot/Nosfy/Media/coffre-arche.png (in target 'Nosfy' from project 'Nosfy')
    cd /tmp/nosfy-live-commit-20260918/snapshot
    /Applications/Xcode.app/Contents/Developer/usr/bin/copypng -compress -strip-PNG-text /tmp/nosfy-live-commit-20260918/snapshot/Nosfy/Media/coffre-arche.png /tmp/nosfy-live-commit-20260918/derived/Build/Products/Debug-iphonesimulator/Nosfy.app/coffre-arche.png

CopyPNGFile /tmp/nosfy-live-commit-20260918/derived/Build/Products/Debug-iphonesimulator/Nosfy.app/coffre-arche-neon.png /tmp/nosfy-live-commit-20260918/snapshot/Nosfy/Media/coffre-arche-neon.png (in target 'Nosfy' from project 'Nosfy')
    cd /tmp/nosfy-live-commit-20260918/snapshot
    /Applications/Xcode.app/Contents/Developer/usr/bin/copypng -compress -strip-PNG-text /tmp/nosfy-live-commit-20260918/snapshot/Nosfy/Media/coffre-arche-neon.png /tmp/nosfy-live-commit-20260918/derived/Build/Products/Debug-iphonesimulator/Nosfy.app/coffre-arche-neon.png

CopyPNGFile /tmp/nosfy-live-commit-20260918/derived/Build/Products/Debug-iphonesimulator/Nosfy.app/carte-lune-L3.png /tmp/nosfy-live-commit-20260918/snapshot/Nosfy/Media/carte-lune-L3.png (in target 'Nosfy' from project 'Nosfy')
    cd /tmp/nosfy-live-commit-20260918/snapshot
    /Applications/Xcode.app/Contents/Developer/usr/bin/copypng -compress -strip-PNG-text /tmp/nosfy-live-commit-20260918/snapshot/Nosfy/Media/carte-lune-L3.png /tmp/nosfy-live-commit-20260918/derived/Build/Products/Debug-iphonesimulator/Nosfy.app/carte-lune-L3.png

CopyPNGFile /tmp/nosfy-live-commit-20260918/derived/Build/Products/Debug-iphonesimulator/Nosfy.app/carte-lune-L2.png /tmp/nosfy-live-commit-20260918/snapshot/Nosfy/Media/carte-lune-L2.png (in target 'Nosfy' from project 'Nosfy')
    cd /tmp/nosfy-live-commit-20260918/snapshot
    /Applications/Xcode.app/Contents/Developer/usr/bin/copypng -compress -strip-PNG-text /tmp/nosfy-live-commit-20260918/snapshot/Nosfy/Media/carte-lune-L2.png /tmp/nosfy-live-commit-20260918/derived/Build/Products/Debug-iphonesimulator/Nosfy.app/carte-lune-L2.png

CopyPNGFile /tmp/nosfy-live-commit-20260918/derived/Build/Products/Debug-iphonesimulator/Nosfy.app/carte-lune-L1.png /tmp/nosfy-live-commit-20260918/snapshot/Nosfy/Media/carte-lune-L1.png (in target 'Nosfy' from project 'Nosfy')
    cd /tmp/nosfy-live-commit-20260918/snapshot
    /Applications/Xcode.app/Contents/Developer/usr/bin/copypng -compress -strip-PNG-text /tmp/nosfy-live-commit-20260918/snapshot/Nosfy/Media/carte-lune-L1.png /tmp/nosfy-live-commit-20260918/derived/Build/Products/Debug-iphonesimulator/Nosfy.app/carte-lune-L1.png

CopyPNGFile /tmp/nosfy-live-commit-20260918/derived/Build/Products/Debug-iphonesimulator/Nosfy.app/carte-lune-L0.png /tmp/nosfy-live-commit-20260918/snapshot/Nosfy/Media/carte-lune-L0.png (in target 'Nosfy' from project 'Nosfy')
    cd /tmp/nosfy-live-commit-20260918/snapshot
    /Applications/Xcode.app/Contents/Developer/usr/bin/copypng -compress -strip-PNG-text /tmp/nosfy-live-commit-20260918/snapshot/Nosfy/Media/carte-lune-L0.png /tmp/nosfy-live-commit-20260918/derived/Build/Products/Debug-iphonesimulator/Nosfy.app/carte-lune-L0.png

CopyPNGFile /tmp/nosfy-live-commit-20260918/derived/Build/Products/Debug-iphonesimulator/Nosfy.app/carte-lune-1.png /tmp/nosfy-live-commit-20260918/snapshot/Nosfy/Media/carte-lune-1.png (in target 'Nosfy' from project 'Nosfy')
    cd /tmp/nosfy-live-commit-20260918/snapshot
    /Applications/Xcode.app/Contents/Developer/usr/bin/copypng -compress -strip-PNG-text /tmp/nosfy-live-commit-20260918/snapshot/Nosfy/Media/carte-lune-1.png /tmp/nosfy-live-commit-20260918/derived/Build/Products/Debug-iphonesimulator/Nosfy.app/carte-lune-1.png

CopyPNGFile /tmp/nosfy-live-commit-20260918/derived/Build/Products/Debug-iphonesimulator/Nosfy.app/carte-lune-1-depth.png /tmp/nosfy-live-commit-20260918/snapshot/Nosfy/Media/carte-lune-1-depth.png (in target 'Nosfy' from project 'Nosfy')
    cd /tmp/nosfy-live-commit-20260918/snapshot
    /Applications/Xcode.app/Contents/Developer/usr/bin/copypng -compress -strip-PNG-text /tmp/nosfy-live-commit-20260918/snapshot/Nosfy/Media/carte-lune-1-depth.png /tmp/nosfy-live-commit-20260918/derived/Build/Products/Debug-iphonesimulator/Nosfy.app/carte-lune-1-depth.png

SwiftExplicitDependencyGeneratePcm arm64 /tmp/nosfy-live-commit-20260918/derived/ModuleCache.noindex/IOSurface-DL3B376CTGB3F8656HT049D7H.pcm

SwiftExplicitDependencyGeneratePcm arm64 /tmp/nosfy-live-commit-20260918/derived/ModuleCache.noindex/CoreData-7WVM9YR0EK7LLQKF7O0UR66UN.pcm

SwiftExplicitDependencyGeneratePcm arm64 /tmp/nosfy-live-commit-20260918/derived/ModuleCache.noindex/UIUtilities-B19HWET43071RHAU22VM0IMO4.pcm

SwiftExplicitDependencyGeneratePcm arm64 /tmp/nosfy-live-commit-20260918/derived/ModuleCache.noindex/LocalAuthentication-EIPVIW7TQXDSALQVIQGHYI6KE.pcm

SwiftExplicitDependencyGeneratePcm arm64 /tmp/nosfy-live-commit-20260918/derived/ModuleCache.noindex/UserNotifications-53C4G03ZOD755ZPLCOJX67W9Y.pcm

SwiftExplicitDependencyGeneratePcm arm64 /tmp/nosfy-live-commit-20260918/derived/ModuleCache.noindex/CoreMIDI-995Q3HV5IGM2EQ92NNGQ399AN.pcm

SwiftExplicitDependencyGeneratePcm arm64 /tmp/nosfy-live-commit-20260918/derived/ModuleCache.noindex/AppIntents-98B1VYID85C4EXB6YO6XEKRIR.pcm

SwiftExplicitDependencyGeneratePcm arm64 /tmp/nosfy-live-commit-20260918/derived/ModuleCache.noindex/RelevanceKit-B06SHE16D8RVN2VWW1JD48ESO.pcm

SwiftExplicitDependencyGeneratePcm arm64 /tmp/nosfy-live-commit-20260918/derived/ModuleCache.noindex/Network-68SB3HYM0007NTBYCFMTK8TGM.pcm

SwiftExplicitDependencyGeneratePcm arm64 /tmp/nosfy-live-commit-20260918/derived/ModuleCache.noindex/DataDetection-2U4QJ7K9MB4ME66KZLUWUF84O.pcm

SwiftExplicitDependencyGeneratePcm arm64 /tmp/nosfy-live-commit-20260918/derived/ModuleCache.noindex/OSLog-BFJYCXZ7F54BVGQP41JAIB8CR.pcm

SwiftExplicitDependencyGeneratePcm arm64 /tmp/nosfy-live-commit-20260918/derived/ModuleCache.noindex/OpenGLES-4TXPVRKB9SJ6UJU9CD41OQM7Q.pcm

SwiftExplicitDependencyGeneratePcm arm64 /tmp/nosfy-live-commit-20260918/derived/ModuleCache.noindex/Symbols-6VYOCTXHZOIEAZFDP9NWTV2K3.pcm

SwiftExplicitDependencyGeneratePcm arm64 /tmp/nosfy-live-commit-20260918/derived/ModuleCache.noindex/CoreTransferable-9J5RMSB9OCQRC2KPE3FKHMDYM.pcm

SwiftExplicitDependencyGeneratePcm arm64 /tmp/nosfy-live-commit-20260918/derived/ModuleCache.noindex/WidgetKit-4TGZWJE9YXNUX8XG7ZFL6EVAN.pcm

SwiftExplicitDependencyGeneratePcm arm64 /tmp/nosfy-live-commit-20260918/derived/ModuleCache.noindex/Accessibility-6BE4ETOMQPZ38QPNUB1DRTZ0J.pcm

SwiftExplicitDependencyGeneratePcm arm64 /tmp/nosfy-live-commit-20260918/derived/ModuleCache.noindex/Metal-4F35RBJNXPTYOXVPUDAUK5JEY.pcm

SwiftExplicitDependencyGeneratePcm arm64 /tmp/nosfy-live-commit-20260918/derived/ModuleCache.noindex/FileProvider-A8QLF1WK5XTV08P8JAIQTHUAD.pcm

SwiftExplicitDependencyGeneratePcm arm64 /tmp/nosfy-live-commit-20260918/derived/ModuleCache.noindex/AVRouting-78Y326LHWATX233BP5XKVYX3K.pcm

SwiftExplicitDependencyGeneratePcm arm64 /tmp/nosfy-live-commit-20260918/derived/ModuleCache.noindex/AudioToolbox-D4QDKSVGHF0PQLMJCUCVXVD1N.pcm

SwiftExplicitDependencyGeneratePcm arm64 /tmp/nosfy-live-commit-20260918/derived/ModuleCache.noindex/_LocationEssentials-F3EDJ1WAJRBOQ4F6V7LIB6JVD.pcm

SwiftExplicitDependencyGeneratePcm arm64 /tmp/nosfy-live-commit-20260918/derived/ModuleCache.noindex/CoreHaptics-11MDKYVXP7WRY16X3O7RBEAGC.pcm

SwiftExplicitDependencyGeneratePcm arm64 /tmp/nosfy-live-commit-20260918/derived/ModuleCache.noindex/UniformTypeIdentifiers-C3YAJ3AS8NCY2CF6CCN1J5KF.pcm

SwiftExplicitDependencyGeneratePcm arm64 /tmp/nosfy-live-commit-20260918/derived/ModuleCache.noindex/ModelIO-937BYJL85NCWEFPKAQHKLDQG1.pcm

CopyPNGFile /tmp/nosfy-live-commit-20260918/derived/Build/Products/Debug-iphonesimulator/Nosfy.app/carte-logo-ref.png /tmp/nosfy-live-commit-20260918/snapshot/Nosfy/Media/carte-logo-ref.png (in target 'Nosfy' from project 'Nosfy')
    cd /tmp/nosfy-live-commit-20260918/snapshot
    /Applications/Xcode.app/Contents/Developer/usr/bin/copypng -compress -strip-PNG-text /tmp/nosfy-live-commit-20260918/snapshot/Nosfy/Media/carte-logo-ref.png /tmp/nosfy-live-commit-20260918/derived/Build/Products/Debug-iphonesimulator/Nosfy.app/carte-logo-ref.png

SwiftExplicitDependencyGeneratePcm arm64 /tmp/nosfy-live-commit-20260918/derived/ModuleCache.noindex/CoreLocation-7HV54PPSBT10MVA6D4QRDS97X.pcm

CopyPNGFile /tmp/nosfy-live-commit-20260918/derived/Build/Products/Debug-iphonesimulator/Nosfy.app/carte-dos.png /tmp/nosfy-live-commit-20260918/snapshot/Nosfy/Media/carte-dos.png (in target 'Nosfy' from project 'Nosfy')
    cd /tmp/nosfy-live-commit-20260918/snapshot
    /Applications/Xcode.app/Contents/Developer/usr/bin/copypng -compress -strip-PNG-text /tmp/nosfy-live-commit-20260918/snapshot/Nosfy/Media/carte-dos.png /tmp/nosfy-live-commit-20260918/derived/Build/Products/Debug-iphonesimulator/Nosfy.app/carte-dos.png

SwiftExplicitDependencyGeneratePcm arm64 /tmp/nosfy-live-commit-20260918/derived/ModuleCache.noindex/CoreSpotlight-B16EYH3GB8LMVGZXVPW1JT2NC.pcm

SwiftExplicitDependencyGeneratePcm arm64 /tmp/nosfy-live-commit-20260918/derived/ModuleCache.noindex/Intents-66S09PFNN9IZLGPQPX4I95D0M.pcm

SwiftExplicitDependencyGeneratePcm arm64 /tmp/nosfy-live-commit-20260918/derived/ModuleCache.noindex/CoreMotion-DFXQXKZHPXURCSCSXIWCYJQCR.pcm

SwiftExplicitDependencyGeneratePcm arm64 /tmp/nosfy-live-commit-20260918/derived/ModuleCache.noindex/CoreVideo-6PXL5F1OZ621QT1AGO783G2Y7.pcm

CopyPNGFile /tmp/nosfy-live-commit-20260918/derived/Build/Products/Debug-iphonesimulator/Nosfy.app/carte-dos-vide.png /tmp/nosfy-live-commit-20260918/snapshot/Nosfy/Media/carte-dos-vide.png (in target 'Nosfy' from project 'Nosfy')
    cd /tmp/nosfy-live-commit-20260918/snapshot
    /Applications/Xcode.app/Contents/Developer/usr/bin/copypng -compress -strip-PNG-text /tmp/nosfy-live-commit-20260918/snapshot/Nosfy/Media/carte-dos-vide.png /tmp/nosfy-live-commit-20260918/derived/Build/Products/Debug-iphonesimulator/Nosfy.app/carte-dos-vide.png

CopyPNGFile /tmp/nosfy-live-commit-20260918/derived/Build/Products/Debug-iphonesimulator/Nosfy.app/carte-cadre.png /tmp/nosfy-live-commit-20260918/snapshot/Nosfy/Media/carte-cadre.png (in target 'Nosfy' from project 'Nosfy')
    cd /tmp/nosfy-live-commit-20260918/snapshot
    /Applications/Xcode.app/Contents/Developer/usr/bin/copypng -compress -strip-PNG-text /tmp/nosfy-live-commit-20260918/snapshot/Nosfy/Media/carte-cadre.png /tmp/nosfy-live-commit-20260918/derived/Build/Products/Debug-iphonesimulator/Nosfy.app/carte-cadre.png

CopyPNGFile /tmp/nosfy-live-commit-20260918/derived/Build/Products/Debug-iphonesimulator/Nosfy.app/carte-cadre-legendaire.png /tmp/nosfy-live-commit-20260918/snapshot/Nosfy/Media/carte-cadre-legendaire.png (in target 'Nosfy' from project 'Nosfy')
    cd /tmp/nosfy-live-commit-20260918/snapshot
    /Applications/Xcode.app/Contents/Developer/usr/bin/copypng -compress -strip-PNG-text /tmp/nosfy-live-commit-20260918/snapshot/Nosfy/Media/carte-cadre-legendaire.png /tmp/nosfy-live-commit-20260918/derived/Build/Products/Debug-iphonesimulator/Nosfy.app/carte-cadre-legendaire.png

CopyPNGFile /tmp/nosfy-live-commit-20260918/derived/Build/Products/Debug-iphonesimulator/Nosfy.app/carnet-ouvert.png /tmp/nosfy-live-commit-20260918/snapshot/Nosfy/Media/carnet-ouvert.png (in target 'Nosfy' from project 'Nosfy')
    cd /tmp/nosfy-live-commit-20260918/snapshot
    /Applications/Xcode.app/Contents/Developer/usr/bin/copypng -compress -strip-PNG-text /tmp/nosfy-live-commit-20260918/snapshot/Nosfy/Media/carnet-ouvert.png /tmp/nosfy-live-commit-20260918/derived/Build/Products/Debug-iphonesimulator/Nosfy.app/carnet-ouvert.png

SwiftExplicitDependencyGeneratePcm arm64 /tmp/nosfy-live-commit-20260918/derived/ModuleCache.noindex/CoreImage-ET7HKB7CHZJW1XK2I1A5DEJJ8.pcm

SwiftExplicitDependencyGeneratePcm arm64 /tmp/nosfy-live-commit-20260918/derived/ModuleCache.noindex/QuartzCore-E2K8XMRRZEWY27MQMDMGQ4BJW.pcm

SwiftExplicitDependencyGeneratePcm arm64 /tmp/nosfy-live-commit-20260918/derived/ModuleCache.noindex/CoreMedia-988CC00XTPEJ7JBSI2MMPK53Y.pcm

SwiftExplicitDependencyGeneratePcm arm64 /tmp/nosfy-live-commit-20260918/derived/ModuleCache.noindex/SwiftUICore-3R81ZDH5SEQZZSE5JVXSG9NZU.pcm

SwiftExplicitDependencyGeneratePcm arm64 /tmp/nosfy-live-commit-20260918/derived/ModuleCache.noindex/UIKit-AZS7460LBR2BEAGCTSRIPGH4D.pcm

CopyPNGFile /tmp/nosfy-live-commit-20260918/derived/Build/Products/Debug-iphonesimulator/Nosfy.app/carnet-ferme.png /tmp/nosfy-live-commit-20260918/snapshot/Nosfy/Media/carnet-ferme.png (in target 'Nosfy' from project 'Nosfy')
    cd /tmp/nosfy-live-commit-20260918/snapshot
    /Applications/Xcode.app/Contents/Developer/usr/bin/copypng -compress -strip-PNG-text /tmp/nosfy-live-commit-20260918/snapshot/Nosfy/Media/carnet-ferme.png /tmp/nosfy-live-commit-20260918/derived/Build/Products/Debug-iphonesimulator/Nosfy.app/carnet-ferme.png

SwiftExplicitDependencyGeneratePcm arm64 /tmp/nosfy-live-commit-20260918/derived/ModuleCache.noindex/MediaToolbox-2FWI6B7RPU770C94DIGI23T63.pcm

SwiftExplicitDependencyGeneratePcm arm64 /tmp/nosfy-live-commit-20260918/derived/ModuleCache.noindex/AVFAudio-CT6KHT9PZT3A5ELXR9EL3RKF.pcm

CopyPNGFile /tmp/nosfy-live-commit-20260918/derived/Build/Products/Debug-iphonesimulator/Nosfy.app/booster-pill.png /tmp/nosfy-live-commit-20260918/snapshot/Nosfy/Media/booster-pill.png (in target 'Nosfy' from project 'Nosfy')
    cd /tmp/nosfy-live-commit-20260918/snapshot
    /Applications/Xcode.app/Contents/Developer/usr/bin/copypng -compress -strip-PNG-text /tmp/nosfy-live-commit-20260918/snapshot/Nosfy/Media/booster-pill.png /tmp/nosfy-live-commit-20260918/derived/Build/Products/Debug-iphonesimulator/Nosfy.app/booster-pill.png

CopyPNGFile /tmp/nosfy-live-commit-20260918/derived/Build/Products/Debug-iphonesimulator/Nosfy.app/booster-pill-noir.png /tmp/nosfy-live-commit-20260918/snapshot/Nosfy/Media/booster-pill-noir.png (in target 'Nosfy' from project 'Nosfy')
    cd /tmp/nosfy-live-commit-20260918/snapshot
    /Applications/Xcode.app/Contents/Developer/usr/bin/copypng -compress -strip-PNG-text /tmp/nosfy-live-commit-20260918/snapshot/Nosfy/Media/booster-pill-noir.png /tmp/nosfy-live-commit-20260918/derived/Build/Products/Debug-iphonesimulator/Nosfy.app/booster-pill-noir.png

CopyPNGFile /tmp/nosfy-live-commit-20260918/derived/Build/Products/Debug-iphonesimulator/Nosfy.app/booster-normal.png /tmp/nosfy-live-commit-20260918/snapshot/Nosfy/Media/booster-normal.png (in target 'Nosfy' from project 'Nosfy')
    cd /tmp/nosfy-live-commit-20260918/snapshot
    /Applications/Xcode.app/Contents/Developer/usr/bin/copypng -compress -strip-PNG-text /tmp/nosfy-live-commit-20260918/snapshot/Nosfy/Media/booster-normal.png /tmp/nosfy-live-commit-20260918/derived/Build/Products/Debug-iphonesimulator/Nosfy.app/booster-normal.png

CopyPNGFile /tmp/nosfy-live-commit-20260918/derived/Build/Products/Debug-iphonesimulator/Nosfy.app/booster-noir-emiss.png /tmp/nosfy-live-commit-20260918/snapshot/Nosfy/Media/booster-noir-emiss.png (in target 'Nosfy' from project 'Nosfy')
    cd /tmp/nosfy-live-commit-20260918/snapshot
    /Applications/Xcode.app/Contents/Developer/usr/bin/copypng -compress -strip-PNG-text /tmp/nosfy-live-commit-20260918/snapshot/Nosfy/Media/booster-noir-emiss.png /tmp/nosfy-live-commit-20260918/derived/Build/Products/Debug-iphonesimulator/Nosfy.app/booster-noir-emiss.png

SwiftExplicitDependencyGeneratePcm arm64 /tmp/nosfy-live-commit-20260918/derived/ModuleCache.noindex/AVFoundation-1HBBCQWRIINV3MH13DUO5L2YA.pcm

CopyPNGFile /tmp/nosfy-live-commit-20260918/derived/Build/Products/Debug-iphonesimulator/Nosfy.app/booster-noir-color.png /tmp/nosfy-live-commit-20260918/snapshot/Nosfy/Media/booster-noir-color.png (in target 'Nosfy' from project 'Nosfy')
    cd /tmp/nosfy-live-commit-20260918/snapshot
    /Applications/Xcode.app/Contents/Developer/usr/bin/copypng -compress -strip-PNG-text /tmp/nosfy-live-commit-20260918/snapshot/Nosfy/Media/booster-noir-color.png /tmp/nosfy-live-commit-20260918/derived/Build/Products/Debug-iphonesimulator/Nosfy.app/booster-noir-color.png

CopyPNGFile /tmp/nosfy-live-commit-20260918/derived/Build/Products/Debug-iphonesimulator/Nosfy.app/booster-emiss.png /tmp/nosfy-live-commit-20260918/snapshot/Nosfy/Media/booster-emiss.png (in target 'Nosfy' from project 'Nosfy')
    cd /tmp/nosfy-live-commit-20260918/snapshot
    /Applications/Xcode.app/Contents/Developer/usr/bin/copypng -compress -strip-PNG-text /tmp/nosfy-live-commit-20260918/snapshot/Nosfy/Media/booster-emiss.png /tmp/nosfy-live-commit-20260918/derived/Build/Products/Debug-iphonesimulator/Nosfy.app/booster-emiss.png

CopyPNGFile /tmp/nosfy-live-commit-20260918/derived/Build/Products/Debug-iphonesimulator/Nosfy.app/booster-color.png /tmp/nosfy-live-commit-20260918/snapshot/Nosfy/Media/booster-color.png (in target 'Nosfy' from project 'Nosfy')
    cd /tmp/nosfy-live-commit-20260918/snapshot
    /Applications/Xcode.app/Contents/Developer/usr/bin/copypng -compress -strip-PNG-text /tmp/nosfy-live-commit-20260918/snapshot/Nosfy/Media/booster-color.png /tmp/nosfy-live-commit-20260918/derived/Build/Products/Debug-iphonesimulator/Nosfy.app/booster-color.png

CopyPNGFile /tmp/nosfy-live-commit-20260918/derived/Build/Products/Debug-iphonesimulator/Nosfy.app/booster-carte.png /tmp/nosfy-live-commit-20260918/snapshot/Nosfy/Media/booster-carte.png (in target 'Nosfy' from project 'Nosfy')
    cd /tmp/nosfy-live-commit-20260918/snapshot
    /Applications/Xcode.app/Contents/Developer/usr/bin/copypng -compress -strip-PNG-text /tmp/nosfy-live-commit-20260918/snapshot/Nosfy/Media/booster-carte.png /tmp/nosfy-live-commit-20260918/derived/Build/Products/Debug-iphonesimulator/Nosfy.app/booster-carte.png

SwiftExplicitDependencyGeneratePcm arm64 /tmp/nosfy-live-commit-20260918/derived/ModuleCache.noindex/SwiftUI-4QSK6KSKWVUZMRG6AOME2UKJ8.pcm

SwiftExplicitDependencyGeneratePcm arm64 /tmp/nosfy-live-commit-20260918/derived/ModuleCache.noindex/AuthenticationServices-TJQ8DXHP4TYT15NNAAKSEPFU.pcm

SwiftExplicitDependencyGeneratePcm arm64 /tmp/nosfy-live-commit-20260918/derived/ModuleCache.noindex/GLKit-3QF0YZP6AVKZS25X1GMNQKVQG.pcm

SwiftExplicitDependencyGeneratePcm arm64 /tmp/nosfy-live-commit-20260918/derived/ModuleCache.noindex/MetalKit-B2EBVEBQMMVL8KX5JL1HFMX5T.pcm

SwiftExplicitDependencyGeneratePcm arm64 /tmp/nosfy-live-commit-20260918/derived/ModuleCache.noindex/SceneKit-BUIFK6L34UOIPC2U4H5WPZ0AO.pcm

SwiftEmitModule normal arm64 Emitting\ module\ for\ Woop (in target 'Nosfy' from project 'Nosfy')
EmitSwiftModule normal arm64 (in target 'Nosfy' from project 'Nosfy')
    cd /tmp/nosfy-live-commit-20260918/snapshot
    

SwiftCompile normal arm64 Compiling\ WorkoutPill.swift,\ WorkoutsListView.swift,\ Atmosphere.swift,\ DemonSky.swift,\ ImpGlyph.swift,\ MoonGlyph.swift,\ ProgressComet.swift,\ WorkoutActivity.swift,\ WorkoutLiveCard.swift,\ WorkoutLiveFocus.swift,\ Models.swift,\ MoonPath.swift,\ MoonSDF.swift,\ NebulaConfiguration.swift,\ NebulaNoise.swift,\ NebulaStrip.swift,\ NosfyApp.swift,\ Theme.swift,\ GeneratedAssetSymbols.swift /tmp/nosfy-live-commit-20260918/snapshot/Nosfy/Views/WorkoutPill.swift /tmp/nosfy-live-commit-20260918/snapshot/Nosfy/Views/WorkoutsListView.swift /tmp/nosfy-live-commit-20260918/snapshot/Nosfy/Atmosphere.swift /tmp/nosfy-live-commit-20260918/snapshot/Nosfy/DemonSky.swift /tmp/nosfy-live-commit-20260918/snapshot/NosfyShared/ImpGlyph.swift /tmp/nosfy-live-commit-20260918/snapshot/NosfyShared/MoonGlyph.swift /tmp/nosfy-live-commit-20260918/snapshot/NosfyShared/ProgressComet.swift /tmp/nosfy-live-commit-20260918/snapshot/NosfyShared/WorkoutActivity.swift /tmp/nosfy-live-commit-20260918/snapshot/NosfyShared/WorkoutLiveCard.swift /tmp/nosfy-live-commit-20260918/snapshot/NosfyShared/WorkoutLiveFocus.swift /tmp/nosfy-live-commit-20260918/snapshot/Nosfy/Models.swift /tmp/nosfy-live-commit-20260918/snapshot/Nosfy/MoonPath.swift /tmp/nosfy-live-commit-20260918/snapshot/Nosfy/MoonSDF.swift /tmp/nosfy-live-commit-20260918/snapshot/Nosfy/NebulaConfiguration.swift /tmp/nosfy-live-commit-20260918/snapshot/Nosfy/NebulaNoise.swift /tmp/nosfy-live-commit-20260918/snapshot/Nosfy/NebulaStrip.swift /tmp/nosfy-live-commit-20260918/snapshot/Nosfy/NosfyApp.swift /tmp/nosfy-live-commit-20260918/snapshot/Nosfy/Theme.swift /tmp/nosfy-live-commit-20260918/derived/Build/Intermediates.noindex/Nosfy.build/Debug-iphonesimulator/Nosfy.build/DerivedSources/GeneratedAssetSymbols.swift (in target 'Nosfy' from project 'Nosfy')
SwiftCompile normal arm64 /tmp/nosfy-live-commit-20260918/snapshot/Nosfy/Views/WorkoutPill.swift (in target 'Nosfy' from project 'Nosfy')
    cd /tmp/nosfy-live-commit-20260918/snapshot
    

SwiftCompile normal arm64 /tmp/nosfy-live-commit-20260918/snapshot/Nosfy/Views/WorkoutsListView.swift (in target 'Nosfy' from project 'Nosfy')
    cd /tmp/nosfy-live-commit-20260918/snapshot
    

SwiftCompile normal arm64 /tmp/nosfy-live-commit-20260918/snapshot/Nosfy/Atmosphere.swift (in target 'Nosfy' from project 'Nosfy')
    cd /tmp/nosfy-live-commit-20260918/snapshot
    

SwiftCompile normal arm64 /tmp/nosfy-live-commit-20260918/snapshot/Nosfy/DemonSky.swift (in target 'Nosfy' from project 'Nosfy')
    cd /tmp/nosfy-live-commit-20260918/snapshot
    

SwiftCompile normal arm64 /tmp/nosfy-live-commit-20260918/snapshot/NosfyShared/ImpGlyph.swift (in target 'Nosfy' from project 'Nosfy')
    cd /tmp/nosfy-live-commit-20260918/snapshot
    

SwiftCompile normal arm64 /tmp/nosfy-live-commit-20260918/snapshot/NosfyShared/MoonGlyph.swift (in target 'Nosfy' from project 'Nosfy')
    cd /tmp/nosfy-live-commit-20260918/snapshot
    

SwiftCompile normal arm64 /tmp/nosfy-live-commit-20260918/snapshot/NosfyShared/ProgressComet.swift (in target 'Nosfy' from project 'Nosfy')
    cd /tmp/nosfy-live-commit-20260918/snapshot
    

SwiftCompile normal arm64 /tmp/nosfy-live-commit-20260918/snapshot/NosfyShared/WorkoutActivity.swift (in target 'Nosfy' from project 'Nosfy')
    cd /tmp/nosfy-live-commit-20260918/snapshot
    

SwiftCompile normal arm64 /tmp/nosfy-live-commit-20260918/snapshot/NosfyShared/WorkoutLiveCard.swift (in target 'Nosfy' from project 'Nosfy')
    cd /tmp/nosfy-live-commit-20260918/snapshot
    

SwiftCompile normal arm64 /tmp/nosfy-live-commit-20260918/snapshot/NosfyShared/WorkoutLiveFocus.swift (in target 'Nosfy' from project 'Nosfy')
    cd /tmp/nosfy-live-commit-20260918/snapshot
    

SwiftCompile normal arm64 /tmp/nosfy-live-commit-20260918/snapshot/Nosfy/Models.swift (in target 'Nosfy' from project 'Nosfy')
    cd /tmp/nosfy-live-commit-20260918/snapshot
    

SwiftCompile normal arm64 /tmp/nosfy-live-commit-20260918/snapshot/Nosfy/MoonPath.swift (in target 'Nosfy' from project 'Nosfy')
    cd /tmp/nosfy-live-commit-20260918/snapshot
    

SwiftCompile normal arm64 /tmp/nosfy-live-commit-20260918/snapshot/Nosfy/MoonSDF.swift (in target 'Nosfy' from project 'Nosfy')
    cd /tmp/nosfy-live-commit-20260918/snapshot
    

SwiftCompile normal arm64 /tmp/nosfy-live-commit-20260918/snapshot/Nosfy/NebulaConfiguration.swift (in target 'Nosfy' from project 'Nosfy')
    cd /tmp/nosfy-live-commit-20260918/snapshot
    

SwiftCompile normal arm64 /tmp/nosfy-live-commit-20260918/snapshot/Nosfy/NebulaNoise.swift (in target 'Nosfy' from project 'Nosfy')
    cd /tmp/nosfy-live-commit-20260918/snapshot
    

SwiftCompile normal arm64 /tmp/nosfy-live-commit-20260918/snapshot/Nosfy/NebulaStrip.swift (in target 'Nosfy' from project 'Nosfy')
    cd /tmp/nosfy-live-commit-20260918/snapshot
    

SwiftCompile normal arm64 /tmp/nosfy-live-commit-20260918/snapshot/Nosfy/NosfyApp.swift (in target 'Nosfy' from project 'Nosfy')
    cd /tmp/nosfy-live-commit-20260918/snapshot
    

SwiftCompile normal arm64 /tmp/nosfy-live-commit-20260918/snapshot/Nosfy/Theme.swift (in target 'Nosfy' from project 'Nosfy')
    cd /tmp/nosfy-live-commit-20260918/snapshot
    

SwiftCompile normal arm64 /tmp/nosfy-live-commit-20260918/derived/Build/Intermediates.noindex/Nosfy.build/Debug-iphonesimulator/Nosfy.build/DerivedSources/GeneratedAssetSymbols.swift (in target 'Nosfy' from project 'Nosfy')
    cd /tmp/nosfy-live-commit-20260918/snapshot
    

SwiftCompile normal arm64 Compiling\ LensParticles.swift,\ LiquidLensLab.swift,\ LisereCoreAnimation.swift,\ LisereImages.swift,\ LisereRespirant.swift,\ LiveExerciseView.swift,\ LivingNebulaBackground.swift,\ LoginLab.swift,\ LogoLab.swift,\ LuneDeSang.swift,\ MenuCouronne.swift,\ MenuNappe.swift,\ MoonCoinLab.swift,\ MoonSplash.swift,\ NavDiagnostic.swift,\ NavEncre.swift,\ NavLab.swift,\ NeonPrimaryButton.swift,\ NeonPrimaryLab.swift /tmp/nosfy-live-commit-20260918/snapshot/Nosfy/Views/LensParticles.swift /tmp/nosfy-live-commit-20260918/snapshot/Nosfy/Views/LiquidLensLab.swift /tmp/nosfy-live-commit-20260918/snapshot/Nosfy/Views/LisereCoreAnimation.swift /tmp/nosfy-live-commit-20260918/snapshot/Nosfy/Views/LisereImages.swift /tmp/nosfy-live-commit-20260918/snapshot/Nosfy/Views/LisereRespirant.swift /tmp/nosfy-live-commit-20260918/snapshot/Nosfy/Views/LiveExerciseView.swift /tmp/nosfy-live-commit-20260918/snapshot/Nosfy/Views/LivingNebulaBackground.swift /tmp/nosfy-live-commit-20260918/snapshot/Nosfy/Views/LoginLab.swift /tmp/nosfy-live-commit-20260918/snapshot/Nosfy/Views/LogoLab.swift /tmp/nosfy-live-commit-20260918/snapshot/Nosfy/Views/LuneDeSang.swift /tmp/nosfy-live-commit-20260918/snapshot/Nosfy/Views/MenuCouronne.swift /tmp/nosfy-live-commit-20260918/snapshot/Nosfy/Views/MenuNappe.swift /tmp/nosfy-live-commit-20260918/snapshot/Nosfy/Views/MoonCoinLab.swift /tmp/nosfy-live-commit-20260918/snapshot/Nosfy/Views/MoonSplash.swift /tmp/nosfy-live-commit-20260918/snapshot/Nosfy/Views/NavDiagnostic.swift /tmp/nosfy-live-commit-20260918/snapshot/Nosfy/Views/NavEncre.swift /tmp/nosfy-live-commit-20260918/snapshot/Nosfy/Views/NavLab.swift /tmp/nosfy-live-commit-20260918/snapshot/Nosfy/Views/NeonPrimaryButton.swift /tmp/nosfy-live-commit-20260918/snapshot/Nosfy/Views/NeonPrimaryLab.swift (in target 'Nosfy' from project 'Nosfy')
SwiftCompile normal arm64 /tmp/nosfy-live-commit-20260918/snapshot/Nosfy/Views/LensParticles.swift (in target 'Nosfy' from project 'Nosfy')
    cd /tmp/nosfy-live-commit-20260918/snapshot
    

SwiftCompile normal arm64 /tmp/nosfy-live-commit-20260918/snapshot/Nosfy/Views/LiquidLensLab.swift (in target 'Nosfy' from project 'Nosfy')
    cd /tmp/nosfy-live-commit-20260918/snapshot
    

SwiftCompile normal arm64 /tmp/nosfy-live-commit-20260918/snapshot/Nosfy/Views/LisereCoreAnimation.swift (in target 'Nosfy' from project 'Nosfy')
    cd /tmp/nosfy-live-commit-20260918/snapshot
    

SwiftCompile normal arm64 /tmp/nosfy-live-commit-20260918/snapshot/Nosfy/Views/LisereImages.swift (in target 'Nosfy' from project 'Nosfy')
    cd /tmp/nosfy-live-commit-20260918/snapshot
    

SwiftCompile normal arm64 /tmp/nosfy-live-commit-20260918/snapshot/Nosfy/Views/LisereRespirant.swift (in target 'Nosfy' from project 'Nosfy')
    cd /tmp/nosfy-live-commit-20260918/snapshot
    

SwiftCompile normal arm64 /tmp/nosfy-live-commit-20260918/snapshot/Nosfy/Views/LiveExerciseView.swift (in target 'Nosfy' from project 'Nosfy')
    cd /tmp/nosfy-live-commit-20260918/snapshot
    

SwiftCompile normal arm64 /tmp/nosfy-live-commit-20260918/snapshot/Nosfy/Views/LivingNebulaBackground.swift (in target 'Nosfy' from project 'Nosfy')
    cd /tmp/nosfy-live-commit-20260918/snapshot
    

SwiftCompile normal arm64 /tmp/nosfy-live-commit-20260918/snapshot/Nosfy/Views/LoginLab.swift (in target 'Nosfy' from project 'Nosfy')
    cd /tmp/nosfy-live-commit-20260918/snapshot
    

SwiftCompile normal arm64 /tmp/nosfy-live-commit-20260918/snapshot/Nosfy/Views/LogoLab.swift (in target 'Nosfy' from project 'Nosfy')
    cd /tmp/nosfy-live-commit-20260918/snapshot
    

SwiftCompile normal arm64 /tmp/nosfy-live-commit-20260918/snapshot/Nosfy/Views/LuneDeSang.swift (in target 'Nosfy' from project 'Nosfy')
    cd /tmp/nosfy-live-commit-20260918/snapshot
    

SwiftCompile normal arm64 /tmp/nosfy-live-commit-20260918/snapshot/Nosfy/Views/MenuCouronne.swift (in target 'Nosfy' from project 'Nosfy')
    cd /tmp/nosfy-live-commit-20260918/snapshot
    

SwiftCompile normal arm64 /tmp/nosfy-live-commit-20260918/snapshot/Nosfy/Views/MenuNappe.swift (in target 'Nosfy' from project 'Nosfy')
    cd /tmp/nosfy-live-commit-20260918/snapshot
    

SwiftCompile normal arm64 /tmp/nosfy-live-commit-20260918/snapshot/Nosfy/Views/MoonCoinLab.swift (in target 'Nosfy' from project 'Nosfy')
    cd /tmp/nosfy-live-commit-20260918/snapshot
    

SwiftCompile normal arm64 /tmp/nosfy-live-commit-20260918/snapshot/Nosfy/Views/MoonSplash.swift (in target 'Nosfy' from project 'Nosfy')
    cd /tmp/nosfy-live-commit-20260918/snapshot
    

SwiftCompile normal arm64 /tmp/nosfy-live-commit-20260918/snapshot/Nosfy/Views/NavDiagnostic.swift (in target 'Nosfy' from project 'Nosfy')
    cd /tmp/nosfy-live-commit-20260918/snapshot
    

SwiftCompile normal arm64 /tmp/nosfy-live-commit-20260918/snapshot/Nosfy/Views/NavEncre.swift (in target 'Nosfy' from project 'Nosfy')
    cd /tmp/nosfy-live-commit-20260918/snapshot
    

SwiftCompile normal arm64 /tmp/nosfy-live-commit-20260918/snapshot/Nosfy/Views/NavLab.swift (in target 'Nosfy' from project 'Nosfy')
    cd /tmp/nosfy-live-commit-20260918/snapshot
    

SwiftCompile normal arm64 /tmp/nosfy-live-commit-20260918/snapshot/Nosfy/Views/NeonPrimaryButton.swift (in target 'Nosfy' from project 'Nosfy')
    cd /tmp/nosfy-live-commit-20260918/snapshot
    

SwiftCompile normal arm64 /tmp/nosfy-live-commit-20260918/snapshot/Nosfy/Views/NeonPrimaryLab.swift (in target 'Nosfy' from project 'Nosfy')
    cd /tmp/nosfy-live-commit-20260918/snapshot
    

SwiftCompile normal arm64 Compiling\ ProgressionView.swift,\ ProgressPage.swift,\ RecentWorkoutCard.swift,\ RestartSheet.swift,\ RewardCard.swift,\ RewardChemin.swift,\ RewardCheminCard.swift,\ RewardCheminVariants.swift,\ RewardLab.swift,\ RythmeEcran.swift,\ SacreAccueil.swift,\ SessionSlate.swift,\ SetEntrySheet.swift,\ SetHistoryRow.swift,\ SliderLab.swift,\ SliderObsidienne.swift,\ SondeCadence.swift,\ SondeVol.swift,\ StopCard.swift /tmp/nosfy-live-commit-20260918/snapshot/Nosfy/Views/ProgressionView.swift /tmp/nosfy-live-commit-20260918/snapshot/Nosfy/Views/ProgressPage.swift /tmp/nosfy-live-commit-20260918/snapshot/Nosfy/Views/RecentWorkoutCard.swift /tmp/nosfy-live-commit-20260918/snapshot/Nosfy/Views/RestartSheet.swift /tmp/nosfy-live-commit-20260918/snapshot/Nosfy/Views/RewardCard.swift /tmp/nosfy-live-commit-20260918/snapshot/Nosfy/Views/RewardChemin.swift /tmp/nosfy-live-commit-20260918/snapshot/Nosfy/Views/RewardCheminCard.swift /tmp/nosfy-live-commit-20260918/snapshot/Nosfy/Views/RewardCheminVariants.swift /tmp/nosfy-live-commit-20260918/snapshot/Nosfy/Views/RewardLab.swift /tmp/nosfy-live-commit-20260918/snapshot/Nosfy/Views/RythmeEcran.swift /tmp/nosfy-live-commit-20260918/snapshot/Nosfy/Views/SacreAccueil.swift /tmp/nosfy-live-commit-20260918/snapshot/Nosfy/Views/SessionSlate.swift /tmp/nosfy-live-commit-20260918/snapshot/Nosfy/Views/SetEntrySheet.swift /tmp/nosfy-live-commit-20260918/snapshot/Nosfy/Views/SetHistoryRow.swift /tmp/nosfy-live-commit-20260918/snapshot/Nosfy/Views/SliderLab.swift /tmp/nosfy-live-commit-20260918/snapshot/Nosfy/Views/SliderObsidienne.swift /tmp/nosfy-live-commit-20260918/snapshot/Nosfy/Views/SondeCadence.swift /tmp/nosfy-live-commit-20260918/snapshot/Nosfy/Views/SondeVol.swift /tmp/nosfy-live-commit-20260918/snapshot/Nosfy/Views/StopCard.swift (in target 'Nosfy' from project 'Nosfy')

SwiftCompile normal arm64 /tmp/nosfy-live-commit-20260918/snapshot/Nosfy/Views/ProgressionView.swift (in target 'Nosfy' from project 'Nosfy')
    cd /tmp/nosfy-live-commit-20260918/snapshot
    

SwiftCompile normal arm64 /tmp/nosfy-live-commit-20260918/snapshot/Nosfy/Views/ProgressPage.swift (in target 'Nosfy' from project 'Nosfy')
    cd /tmp/nosfy-live-commit-20260918/snapshot
    

SwiftCompile normal arm64 /tmp/nosfy-live-commit-20260918/snapshot/Nosfy/Views/RecentWorkoutCard.swift (in target 'Nosfy' from project 'Nosfy')
    cd /tmp/nosfy-live-commit-20260918/snapshot
    

SwiftCompile normal arm64 /tmp/nosfy-live-commit-20260918/snapshot/Nosfy/Views/RestartSheet.swift (in target 'Nosfy' from project 'Nosfy')
    cd /tmp/nosfy-live-commit-20260918/snapshot
    

SwiftCompile normal arm64 /tmp/nosfy-live-commit-20260918/snapshot/Nosfy/Views/RewardCard.swift (in target 'Nosfy' from project 'Nosfy')
    cd /tmp/nosfy-live-commit-20260918/snapshot
    

SwiftCompile normal arm64 /tmp/nosfy-live-commit-20260918/snapshot/Nosfy/Views/RewardChemin.swift (in target 'Nosfy' from project 'Nosfy')
    cd /tmp/nosfy-live-commit-20260918/snapshot
    

SwiftCompile normal arm64 /tmp/nosfy-live-commit-20260918/snapshot/Nosfy/Views/RewardCheminCard.swift (in target 'Nosfy' from project 'Nosfy')
    cd /tmp/nosfy-live-commit-20260918/snapshot
    

SwiftCompile normal arm64 /tmp/nosfy-live-commit-20260918/snapshot/Nosfy/Views/RewardCheminVariants.swift (in target 'Nosfy' from project 'Nosfy')
    cd /tmp/nosfy-live-commit-20260918/snapshot
    

SwiftCompile normal arm64 /tmp/nosfy-live-commit-20260918/snapshot/Nosfy/Views/RewardLab.swift (in target 'Nosfy' from project 'Nosfy')
    cd /tmp/nosfy-live-commit-20260918/snapshot
    

SwiftCompile normal arm64 /tmp/nosfy-live-commit-20260918/snapshot/Nosfy/Views/RythmeEcran.swift (in target 'Nosfy' from project 'Nosfy')
    cd /tmp/nosfy-live-commit-20260918/snapshot
    

SwiftCompile normal arm64 /tmp/nosfy-live-commit-20260918/snapshot/Nosfy/Views/SacreAccueil.swift (in target 'Nosfy' from project 'Nosfy')
    cd /tmp/nosfy-live-commit-20260918/snapshot
    

SwiftCompile normal arm64 /tmp/nosfy-live-commit-20260918/snapshot/Nosfy/Views/SessionSlate.swift (in target 'Nosfy' from project 'Nosfy')
    cd /tmp/nosfy-live-commit-20260918/snapshot
    

SwiftCompile normal arm64 /tmp/nosfy-live-commit-20260918/snapshot/Nosfy/Views/SetEntrySheet.swift (in target 'Nosfy' from project 'Nosfy')
    cd /tmp/nosfy-live-commit-20260918/snapshot
    

SwiftCompile normal arm64 /tmp/nosfy-live-commit-20260918/snapshot/Nosfy/Views/SetHistoryRow.swift (in target 'Nosfy' from project 'Nosfy')
    cd /tmp/nosfy-live-commit-20260918/snapshot
    

SwiftCompile normal arm64 /tmp/nosfy-live-commit-20260918/snapshot/Nosfy/Views/SliderLab.swift (in target 'Nosfy' from project 'Nosfy')
    cd /tmp/nosfy-live-commit-20260918/snapshot
    

SwiftCompile normal arm64 /tmp/nosfy-live-commit-20260918/snapshot/Nosfy/Views/SliderObsidienne.swift (in target 'Nosfy' from project 'Nosfy')
    cd /tmp/nosfy-live-commit-20260918/snapshot
    

SwiftCompile normal arm64 /tmp/nosfy-live-commit-20260918/snapshot/Nosfy/Views/SondeCadence.swift (in target 'Nosfy' from project 'Nosfy')
    cd /tmp/nosfy-live-commit-20260918/snapshot
    

SwiftCompile normal arm64 /tmp/nosfy-live-commit-20260918/snapshot/Nosfy/Views/SondeVol.swift (in target 'Nosfy' from project 'Nosfy')
    cd /tmp/nosfy-live-commit-20260918/snapshot
    

SwiftCompile normal arm64 /tmp/nosfy-live-commit-20260918/snapshot/Nosfy/Views/StopCard.swift (in target 'Nosfy' from project 'Nosfy')
    cd /tmp/nosfy-live-commit-20260918/snapshot
    

SwiftCompile normal arm64 Compiling\ ExerciseSetupCard.swift,\ ExercisesView.swift,\ ExosFond.swift,\ FilmDepartSeance.swift,\ FlameLab.swift,\ FlammeJauge.swift,\ FlammeJaugeLab.swift,\ FondVideoMetal.swift,\ Foyer.swift,\ FumeeInviteMetal.swift,\ GaletEtape.swift,\ GaletLab.swift,\ GaletSlide.swift,\ HaloDawnLab.swift,\ HarmonieLab.swift,\ HomeAuroraView.swift,\ HomeNuit.swift,\ HomeView.swift,\ JewelTabBar.swift,\ LaunchPebble.swift /tmp/nosfy-live-commit-20260918/snapshot/Nosfy/Views/ExerciseSetupCard.swift /tmp/nosfy-live-commit-20260918/snapshot/Nosfy/Views/ExercisesView.swift /tmp/nosfy-live-commit-20260918/snapshot/Nosfy/Views/ExosFond.swift /tmp/nosfy-live-commit-20260918/snapshot/Nosfy/Views/FilmDepartSeance.swift /tmp/nosfy-live-commit-20260918/snapshot/Nosfy/Views/FlameLab.swift /tmp/nosfy-live-commit-20260918/snapshot/Nosfy/Views/FlammeJauge.swift /tmp/nosfy-live-commit-20260918/snapshot/Nosfy/Views/FlammeJaugeLab.swift /tmp/nosfy-live-commit-20260918/snapshot/Nosfy/Views/FondVideoMetal.swift /tmp/nosfy-live-commit-20260918/snapshot/Nosfy/Views/Foyer.swift /tmp/nosfy-live-commit-20260918/snapshot/Nosfy/Views/FumeeInviteMetal.swift /tmp/nosfy-live-commit-20260918/snapshot/Nosfy/Views/GaletEtape.swift /tmp/nosfy-live-commit-20260918/snapshot/Nosfy/Views/GaletLab.swift /tmp/nosfy-live-commit-20260918/snapshot/Nosfy/Views/GaletSlide.swift /tmp/nosfy-live-commit-20260918/snapshot/Nosfy/Views/HaloDawnLab.swift /tmp/nosfy-live-commit-20260918/snapshot/Nosfy/Views/HarmonieLab.swift /tmp/nosfy-live-commit-20260918/snapshot/Nosfy/Views/HomeAuroraView.swift /tmp/nosfy-live-commit-20260918/snapshot/Nosfy/Views/HomeNuit.swift /tmp/nosfy-live-commit-20260918/snapshot/Nosfy/Views/HomeView.swift /tmp/nosfy-live-commit-20260918/snapshot/Nosfy/Views/JewelTabBar.swift /tmp/nosfy-live-commit-20260918/snapshot/Nosfy/Views/LaunchPebble.swift (in target 'Nosfy' from project 'Nosfy')

SwiftCompile normal arm64 /tmp/nosfy-live-commit-20260918/snapshot/Nosfy/Views/ExerciseSetupCard.swift (in target 'Nosfy' from project 'Nosfy')
    cd /tmp/nosfy-live-commit-20260918/snapshot
    

SwiftCompile normal arm64 /tmp/nosfy-live-commit-20260918/snapshot/Nosfy/Views/ExercisesView.swift (in target 'Nosfy' from project 'Nosfy')
    cd /tmp/nosfy-live-commit-20260918/snapshot
    

SwiftCompile normal arm64 /tmp/nosfy-live-commit-20260918/snapshot/Nosfy/Views/ExosFond.swift (in target 'Nosfy' from project 'Nosfy')
    cd /tmp/nosfy-live-commit-20260918/snapshot
    

SwiftCompile normal arm64 /tmp/nosfy-live-commit-20260918/snapshot/Nosfy/Views/FilmDepartSeance.swift (in target 'Nosfy' from project 'Nosfy')
    cd /tmp/nosfy-live-commit-20260918/snapshot
    

SwiftCompile normal arm64 /tmp/nosfy-live-commit-20260918/snapshot/Nosfy/Views/FlameLab.swift (in target 'Nosfy' from project 'Nosfy')
    cd /tmp/nosfy-live-commit-20260918/snapshot
    

SwiftCompile normal arm64 /tmp/nosfy-live-commit-20260918/snapshot/Nosfy/Views/FlammeJauge.swift (in target 'Nosfy' from project 'Nosfy')
    cd /tmp/nosfy-live-commit-20260918/snapshot
    

SwiftCompile normal arm64 /tmp/nosfy-live-commit-20260918/snapshot/Nosfy/Views/FlammeJaugeLab.swift (in target 'Nosfy' from project 'Nosfy')
    cd /tmp/nosfy-live-commit-20260918/snapshot
    

SwiftCompile normal arm64 /tmp/nosfy-live-commit-20260918/snapshot/Nosfy/Views/FondVideoMetal.swift (in target 'Nosfy' from project 'Nosfy')
    cd /tmp/nosfy-live-commit-20260918/snapshot
    

SwiftCompile normal arm64 /tmp/nosfy-live-commit-20260918/snapshot/Nosfy/Views/Foyer.swift (in target 'Nosfy' from project 'Nosfy')
    cd /tmp/nosfy-live-commit-20260918/snapshot
    

SwiftCompile normal arm64 /tmp/nosfy-live-commit-20260918/snapshot/Nosfy/Views/FumeeInviteMetal.swift (in target 'Nosfy' from project 'Nosfy')
    cd /tmp/nosfy-live-commit-20260918/snapshot
    

SwiftCompile normal arm64 /tmp/nosfy-live-commit-20260918/snapshot/Nosfy/Views/GaletEtape.swift (in target 'Nosfy' from project 'Nosfy')
    cd /tmp/nosfy-live-commit-20260918/snapshot
    

SwiftCompile normal arm64 /tmp/nosfy-live-commit-20260918/snapshot/Nosfy/Views/GaletLab.swift (in target 'Nosfy' from project 'Nosfy')
    cd /tmp/nosfy-live-commit-20260918/snapshot
    

SwiftCompile normal arm64 /tmp/nosfy-live-commit-20260918/snapshot/Nosfy/Views/GaletSlide.swift (in target 'Nosfy' from project 'Nosfy')
    cd /tmp/nosfy-live-commit-20260918/snapshot
    

SwiftCompile normal arm64 /tmp/nosfy-live-commit-20260918/snapshot/Nosfy/Views/HaloDawnLab.swift (in target 'Nosfy' from project 'Nosfy')
    cd /tmp/nosfy-live-commit-20260918/snapshot
    

SwiftCompile normal arm64 /tmp/nosfy-live-commit-20260918/snapshot/Nosfy/Views/HarmonieLab.swift (in target 'Nosfy' from project 'Nosfy')
    cd /tmp/nosfy-live-commit-20260918/snapshot
    

SwiftCompile normal arm64 /tmp/nosfy-live-commit-20260918/snapshot/Nosfy/Views/HomeAuroraView.swift (in target 'Nosfy' from project 'Nosfy')
    cd /tmp/nosfy-live-commit-20260918/snapshot
    

SwiftCompile normal arm64 /tmp/nosfy-live-commit-20260918/snapshot/Nosfy/Views/HomeNuit.swift (in target 'Nosfy' from project 'Nosfy')
    cd /tmp/nosfy-live-commit-20260918/snapshot
    

SwiftCompile normal arm64 /tmp/nosfy-live-commit-20260918/snapshot/Nosfy/Views/HomeView.swift (in target 'Nosfy' from project 'Nosfy')
    cd /tmp/nosfy-live-commit-20260918/snapshot
    

SwiftCompile normal arm64 /tmp/nosfy-live-commit-20260918/snapshot/Nosfy/Views/JewelTabBar.swift (in target 'Nosfy' from project 'Nosfy')
    cd /tmp/nosfy-live-commit-20260918/snapshot
    

SwiftCompile normal arm64 /tmp/nosfy-live-commit-20260918/snapshot/Nosfy/Views/LaunchPebble.swift (in target 'Nosfy' from project 'Nosfy')
    cd /tmp/nosfy-live-commit-20260918/snapshot
    

SwiftCompile normal arm64 Compiling\ StopLab.swift,\ StopSessionSheet.swift,\ StoryEnded.swift,\ StoryFlow.swift,\ StorySuite.swift,\ StoryVideo.swift,\ SuccessLab.swift,\ SwapCardSurface.swift,\ SwapEmptyCard.swift,\ SynthesisCard.swift,\ TapisLab.swift,\ TapisScene.swift,\ VerificationCompte.swift,\ VerreCoulant.swift,\ VisiteExercice.swift,\ VisiteHome.swift,\ WahouReveal.swift,\ WidgetEdition.swift,\ WidgetsCards.swift /tmp/nosfy-live-commit-20260918/snapshot/Nosfy/Views/StopLab.swift /tmp/nosfy-live-commit-20260918/snapshot/Nosfy/Views/StopSessionSheet.swift /tmp/nosfy-live-commit-20260918/snapshot/Nosfy/Views/StoryEnded.swift /tmp/nosfy-live-commit-20260918/snapshot/Nosfy/Views/StoryFlow.swift /tmp/nosfy-live-commit-20260918/snapshot/Nosfy/Views/StorySuite.swift /tmp/nosfy-live-commit-20260918/snapshot/Nosfy/Views/StoryVideo.swift /tmp/nosfy-live-commit-20260918/snapshot/Nosfy/Views/SuccessLab.swift /tmp/nosfy-live-commit-20260918/snapshot/Nosfy/Views/SwapCardSurface.swift /tmp/nosfy-live-commit-20260918/snapshot/Nosfy/Views/SwapEmptyCard.swift /tmp/nosfy-live-commit-20260918/snapshot/Nosfy/Views/SynthesisCard.swift /tmp/nosfy-live-commit-20260918/snapshot/Nosfy/Views/TapisLab.swift /tmp/nosfy-live-commit-20260918/snapshot/Nosfy/Views/TapisScene.swift /tmp/nosfy-live-commit-20260918/snapshot/Nosfy/Views/VerificationCompte.swift /tmp/nosfy-live-commit-20260918/snapshot/Nosfy/Views/VerreCoulant.swift /tmp/nosfy-live-commit-20260918/snapshot/Nosfy/Views/VisiteExercice.swift /tmp/nosfy-live-commit-20260918/snapshot/Nosfy/Views/VisiteHome.swift /tmp/nosfy-live-commit-20260918/snapshot/Nosfy/Views/WahouReveal.swift /tmp/nosfy-live-commit-20260918/snapshot/Nosfy/Views/WidgetEdition.swift /tmp/nosfy-live-commit-20260918/snapshot/Nosfy/Views/WidgetsCards.swift (in target 'Nosfy' from project 'Nosfy')

SwiftCompile normal arm64 /tmp/nosfy-live-commit-20260918/snapshot/Nosfy/Views/StopLab.swift (in target 'Nosfy' from project 'Nosfy')
    cd /tmp/nosfy-live-commit-20260918/snapshot
    

SwiftCompile normal arm64 /tmp/nosfy-live-commit-20260918/snapshot/Nosfy/Views/StopSessionSheet.swift (in target 'Nosfy' from project 'Nosfy')
    cd /tmp/nosfy-live-commit-20260918/snapshot
    

SwiftCompile normal arm64 /tmp/nosfy-live-commit-20260918/snapshot/Nosfy/Views/StoryEnded.swift (in target 'Nosfy' from project 'Nosfy')
    cd /tmp/nosfy-live-commit-20260918/snapshot
    

SwiftCompile normal arm64 /tmp/nosfy-live-commit-20260918/snapshot/Nosfy/Views/StoryFlow.swift (in target 'Nosfy' from project 'Nosfy')
    cd /tmp/nosfy-live-commit-20260918/snapshot
    

SwiftCompile normal arm64 /tmp/nosfy-live-commit-20260918/snapshot/Nosfy/Views/StorySuite.swift (in target 'Nosfy' from project 'Nosfy')
    cd /tmp/nosfy-live-commit-20260918/snapshot
    

SwiftCompile normal arm64 /tmp/nosfy-live-commit-20260918/snapshot/Nosfy/Views/StoryVideo.swift (in target 'Nosfy' from project 'Nosfy')
    cd /tmp/nosfy-live-commit-20260918/snapshot
    

SwiftCompile normal arm64 /tmp/nosfy-live-commit-20260918/snapshot/Nosfy/Views/SuccessLab.swift (in target 'Nosfy' from project 'Nosfy')
    cd /tmp/nosfy-live-commit-20260918/snapshot
    

SwiftCompile normal arm64 /tmp/nosfy-live-commit-20260918/snapshot/Nosfy/Views/SwapCardSurface.swift (in target 'Nosfy' from project 'Nosfy')
    cd /tmp/nosfy-live-commit-20260918/snapshot
    

SwiftCompile normal arm64 /tmp/nosfy-live-commit-20260918/snapshot/Nosfy/Views/SwapEmptyCard.swift (in target 'Nosfy' from project 'Nosfy')
    cd /tmp/nosfy-live-commit-20260918/snapshot
    

SwiftCompile normal arm64 /tmp/nosfy-live-commit-20260918/snapshot/Nosfy/Views/SynthesisCard.swift (in target 'Nosfy' from project 'Nosfy')
    cd /tmp/nosfy-live-commit-20260918/snapshot
    

SwiftCompile normal arm64 /tmp/nosfy-live-commit-20260918/snapshot/Nosfy/Views/TapisLab.swift (in target 'Nosfy' from project 'Nosfy')
    cd /tmp/nosfy-live-commit-20260918/snapshot
    

SwiftCompile normal arm64 /tmp/nosfy-live-commit-20260918/snapshot/Nosfy/Views/TapisScene.swift (in target 'Nosfy' from project 'Nosfy')
    cd /tmp/nosfy-live-commit-20260918/snapshot
    

SwiftCompile normal arm64 /tmp/nosfy-live-commit-20260918/snapshot/Nosfy/Views/VerificationCompte.swift (in target 'Nosfy' from project 'Nosfy')
    cd /tmp/nosfy-live-commit-20260918/snapshot
    

SwiftCompile normal arm64 /tmp/nosfy-live-commit-20260918/snapshot/Nosfy/Views/VerreCoulant.swift (in target 'Nosfy' from project 'Nosfy')
    cd /tmp/nosfy-live-commit-20260918/snapshot
    

SwiftCompile normal arm64 /tmp/nosfy-live-commit-20260918/snapshot/Nosfy/Views/VisiteExercice.swift (in target 'Nosfy' from project 'Nosfy')
    cd /tmp/nosfy-live-commit-20260918/snapshot
    

SwiftCompile normal arm64 /tmp/nosfy-live-commit-20260918/snapshot/Nosfy/Views/VisiteHome.swift (in target 'Nosfy' from project 'Nosfy')
    cd /tmp/nosfy-live-commit-20260918/snapshot
    

SwiftCompile normal arm64 /tmp/nosfy-live-commit-20260918/snapshot/Nosfy/Views/WahouReveal.swift (in target 'Nosfy' from project 'Nosfy')
    cd /tmp/nosfy-live-commit-20260918/snapshot
    

SwiftCompile normal arm64 /tmp/nosfy-live-commit-20260918/snapshot/Nosfy/Views/WidgetEdition.swift (in target 'Nosfy' from project 'Nosfy')
    cd /tmp/nosfy-live-commit-20260918/snapshot
    

SwiftCompile normal arm64 /tmp/nosfy-live-commit-20260918/snapshot/Nosfy/Views/WidgetsCards.swift (in target 'Nosfy' from project 'Nosfy')
    cd /tmp/nosfy-live-commit-20260918/snapshot
    

SwiftCompile normal arm64 Compiling\ BottleSplash.swift,\ CoinChime.swift,\ DiamondGlints.swift,\ Ink.swift,\ LightDial.swift,\ LuneDust.swift,\ MonolithChime.swift,\ NightBirds.swift,\ RocketHaptics.swift,\ SparkleBurst.swift,\ SplashBackground.swift,\ SplashWisp.swift,\ Annonces.swift,\ AppleAuth.swift,\ ChambreServeur.swift,\ CoachServeur.swift,\ Compte.swift,\ EconomieNosfy.swift,\ ForgeServeur.swift,\ HomeTextes.swift /tmp/nosfy-live-commit-20260918/snapshot/Nosfy/Figures/BottleSplash.swift /tmp/nosfy-live-commit-20260918/snapshot/Nosfy/Figures/CoinChime.swift /tmp/nosfy-live-commit-20260918/snapshot/Nosfy/Figures/DiamondGlints.swift /tmp/nosfy-live-commit-20260918/snapshot/Nosfy/Figures/Ink.swift /tmp/nosfy-live-commit-20260918/snapshot/Nosfy/Figures/LightDial.swift /tmp/nosfy-live-commit-20260918/snapshot/Nosfy/Figures/LuneDust.swift /tmp/nosfy-live-commit-20260918/snapshot/Nosfy/Figures/MonolithChime.swift /tmp/nosfy-live-commit-20260918/snapshot/Nosfy/Figures/NightBirds.swift /tmp/nosfy-live-commit-20260918/snapshot/Nosfy/Figures/RocketHaptics.swift /tmp/nosfy-live-commit-20260918/snapshot/Nosfy/Figures/SparkleBurst.swift /tmp/nosfy-live-commit-20260918/snapshot/Nosfy/Figures/SplashBackground.swift /tmp/nosfy-live-commit-20260918/snapshot/Nosfy/Figures/SplashWisp.swift /tmp/nosfy-live-commit-20260918/snapshot/Nosfy/Services/Annonces.swift /tmp/nosfy-live-commit-20260918/snapshot/Nosfy/Services/AppleAuth.swift /tmp/nosfy-live-commit-20260918/snapshot/Nosfy/Services/ChambreServeur.swift /tmp/nosfy-live-commit-20260918/snapshot/Nosfy/Services/CoachServeur.swift /tmp/nosfy-live-commit-20260918/snapshot/Nosfy/Services/Compte.swift /tmp/nosfy-live-commit-20260918/snapshot/Nosfy/Services/EconomieNosfy.swift /tmp/nosfy-live-commit-20260918/snapshot/Nosfy/Services/ForgeServeur.swift /tmp/nosfy-live-commit-20260918/snapshot/Nosfy/Services/HomeTextes.swift (in target 'Nosfy' from project 'Nosfy')

SwiftCompile normal arm64 /tmp/nosfy-live-commit-20260918/snapshot/Nosfy/Figures/BottleSplash.swift (in target 'Nosfy' from project 'Nosfy')
    cd /tmp/nosfy-live-commit-20260918/snapshot
    

SwiftCompile normal arm64 /tmp/nosfy-live-commit-20260918/snapshot/Nosfy/Figures/CoinChime.swift (in target 'Nosfy' from project 'Nosfy')
    cd /tmp/nosfy-live-commit-20260918/snapshot
    

SwiftCompile normal arm64 /tmp/nosfy-live-commit-20260918/snapshot/Nosfy/Figures/DiamondGlints.swift (in target 'Nosfy' from project 'Nosfy')
    cd /tmp/nosfy-live-commit-20260918/snapshot
    

SwiftCompile normal arm64 /tmp/nosfy-live-commit-20260918/snapshot/Nosfy/Figures/Ink.swift (in target 'Nosfy' from project 'Nosfy')
    cd /tmp/nosfy-live-commit-20260918/snapshot
    

SwiftCompile normal arm64 /tmp/nosfy-live-commit-20260918/snapshot/Nosfy/Figures/LightDial.swift (in target 'Nosfy' from project 'Nosfy')
    cd /tmp/nosfy-live-commit-20260918/snapshot
    

SwiftCompile normal arm64 /tmp/nosfy-live-commit-20260918/snapshot/Nosfy/Figures/LuneDust.swift (in target 'Nosfy' from project 'Nosfy')
    cd /tmp/nosfy-live-commit-20260918/snapshot
    

SwiftCompile normal arm64 /tmp/nosfy-live-commit-20260918/snapshot/Nosfy/Figures/MonolithChime.swift (in target 'Nosfy' from project 'Nosfy')
    cd /tmp/nosfy-live-commit-20260918/snapshot
    

SwiftCompile normal arm64 /tmp/nosfy-live-commit-20260918/snapshot/Nosfy/Figures/NightBirds.swift (in target 'Nosfy' from project 'Nosfy')
    cd /tmp/nosfy-live-commit-20260918/snapshot
    

SwiftCompile normal arm64 /tmp/nosfy-live-commit-20260918/snapshot/Nosfy/Figures/RocketHaptics.swift (in target 'Nosfy' from project 'Nosfy')
    cd /tmp/nosfy-live-commit-20260918/snapshot
    

SwiftCompile normal arm64 /tmp/nosfy-live-commit-20260918/snapshot/Nosfy/Figures/SparkleBurst.swift (in target 'Nosfy' from project 'Nosfy')
    cd /tmp/nosfy-live-commit-20260918/snapshot
    

SwiftCompile normal arm64 /tmp/nosfy-live-commit-20260918/snapshot/Nosfy/Figures/SplashBackground.swift (in target 'Nosfy' from project 'Nosfy')
    cd /tmp/nosfy-live-commit-20260918/snapshot
    

SwiftCompile normal arm64 /tmp/nosfy-live-commit-20260918/snapshot/Nosfy/Figures/SplashWisp.swift (in target 'Nosfy' from project 'Nosfy')
    cd /tmp/nosfy-live-commit-20260918/snapshot
    

SwiftCompile normal arm64 /tmp/nosfy-live-commit-20260918/snapshot/Nosfy/Services/Annonces.swift (in target 'Nosfy' from project 'Nosfy')
    cd /tmp/nosfy-live-commit-20260918/snapshot
    

SwiftCompile normal arm64 /tmp/nosfy-live-commit-20260918/snapshot/Nosfy/Services/AppleAuth.swift (in target 'Nosfy' from project 'Nosfy')
    cd /tmp/nosfy-live-commit-20260918/snapshot
    

SwiftCompile normal arm64 /tmp/nosfy-live-commit-20260918/snapshot/Nosfy/Services/ChambreServeur.swift (in target 'Nosfy' from project 'Nosfy')
    cd /tmp/nosfy-live-commit-20260918/snapshot
    

SwiftCompile normal arm64 /tmp/nosfy-live-commit-20260918/snapshot/Nosfy/Services/CoachServeur.swift (in target 'Nosfy' from project 'Nosfy')
    cd /tmp/nosfy-live-commit-20260918/snapshot
    

SwiftCompile normal arm64 /tmp/nosfy-live-commit-20260918/snapshot/Nosfy/Services/Compte.swift (in target 'Nosfy' from project 'Nosfy')
    cd /tmp/nosfy-live-commit-20260918/snapshot
    

SwiftCompile normal arm64 /tmp/nosfy-live-commit-20260918/snapshot/Nosfy/Services/EconomieNosfy.swift (in target 'Nosfy' from project 'Nosfy')
    cd /tmp/nosfy-live-commit-20260918/snapshot
    

SwiftCompile normal arm64 /tmp/nosfy-live-commit-20260918/snapshot/Nosfy/Services/ForgeServeur.swift (in target 'Nosfy' from project 'Nosfy')
    cd /tmp/nosfy-live-commit-20260918/snapshot
    

SwiftCompile normal arm64 /tmp/nosfy-live-commit-20260918/snapshot/Nosfy/Services/HomeTextes.swift (in target 'Nosfy' from project 'Nosfy')
    cd /tmp/nosfy-live-commit-20260918/snapshot
    

SwiftCompile normal arm64 Compiling\ BoosterPopup.swift,\ BordSeance.swift,\ BoutonPrimaire.swift,\ BravoLab.swift,\ CalendarView.swift,\ CalLab.swift,\ CardioFiche.swift,\ CardRoute.swift,\ CarnetLab.swift,\ CarnetScene.swift,\ CarteLuneLab.swift,\ ChambreDonnees.swift,\ ChambreHiit.swift,\ ChambreLongue.swift,\ ChambrePeak.swift,\ ChambreRegularite.swift,\ ChambreVolume.swift,\ ChargeFiche.swift,\ ChevronAppelNatif.swift,\ ChipVerre.swift /tmp/nosfy-live-commit-20260918/snapshot/Nosfy/Views/BoosterPopup.swift /tmp/nosfy-live-commit-20260918/snapshot/Nosfy/Views/BordSeance.swift /tmp/nosfy-live-commit-20260918/snapshot/Nosfy/Views/BoutonPrimaire.swift /tmp/nosfy-live-commit-20260918/snapshot/Nosfy/Views/BravoLab.swift /tmp/nosfy-live-commit-20260918/snapshot/Nosfy/Views/CalendarView.swift /tmp/nosfy-live-commit-20260918/snapshot/Nosfy/Views/CalLab.swift /tmp/nosfy-live-commit-20260918/snapshot/Nosfy/Views/CardioFiche.swift /tmp/nosfy-live-commit-20260918/snapshot/Nosfy/Views/CardRoute.swift /tmp/nosfy-live-commit-20260918/snapshot/Nosfy/Views/CarnetLab.swift /tmp/nosfy-live-commit-20260918/snapshot/Nosfy/Views/CarnetScene.swift /tmp/nosfy-live-commit-20260918/snapshot/Nosfy/Views/CarteLuneLab.swift /tmp/nosfy-live-commit-20260918/snapshot/Nosfy/Views/ChambreDonnees.swift /tmp/nosfy-live-commit-20260918/snapshot/Nosfy/Views/ChambreHiit.swift /tmp/nosfy-live-commit-20260918/snapshot/Nosfy/Views/ChambreLongue.swift /tmp/nosfy-live-commit-20260918/snapshot/Nosfy/Views/ChambrePeak.swift /tmp/nosfy-live-commit-20260918/snapshot/Nosfy/Views/ChambreRegularite.swift /tmp/nosfy-live-commit-20260918/snapshot/Nosfy/Views/ChambreVolume.swift /tmp/nosfy-live-commit-20260918/snapshot/Nosfy/Views/ChargeFiche.swift /tmp/nosfy-live-commit-20260918/snapshot/Nosfy/Views/ChevronAppelNatif.swift /tmp/nosfy-live-commit-20260918/snapshot/Nosfy/Views/ChipVerre.swift (in target 'Nosfy' from project 'Nosfy')

SwiftCompile normal arm64 /tmp/nosfy-live-commit-20260918/snapshot/Nosfy/Views/BoosterPopup.swift (in target 'Nosfy' from project 'Nosfy')
    cd /tmp/nosfy-live-commit-20260918/snapshot
    

SwiftCompile normal arm64 /tmp/nosfy-live-commit-20260918/snapshot/Nosfy/Views/BordSeance.swift (in target 'Nosfy' from project 'Nosfy')
    cd /tmp/nosfy-live-commit-20260918/snapshot
    

SwiftCompile normal arm64 /tmp/nosfy-live-commit-20260918/snapshot/Nosfy/Views/BoutonPrimaire.swift (in target 'Nosfy' from project 'Nosfy')
    cd /tmp/nosfy-live-commit-20260918/snapshot
    

SwiftCompile normal arm64 /tmp/nosfy-live-commit-20260918/snapshot/Nosfy/Views/BravoLab.swift (in target 'Nosfy' from project 'Nosfy')
    cd /tmp/nosfy-live-commit-20260918/snapshot
    

SwiftCompile normal arm64 /tmp/nosfy-live-commit-20260918/snapshot/Nosfy/Views/CalendarView.swift (in target 'Nosfy' from project 'Nosfy')
    cd /tmp/nosfy-live-commit-20260918/snapshot
    

SwiftCompile normal arm64 /tmp/nosfy-live-commit-20260918/snapshot/Nosfy/Views/CalLab.swift (in target 'Nosfy' from project 'Nosfy')
    cd /tmp/nosfy-live-commit-20260918/snapshot
    

SwiftCompile normal arm64 /tmp/nosfy-live-commit-20260918/snapshot/Nosfy/Views/CardioFiche.swift (in target 'Nosfy' from project 'Nosfy')
    cd /tmp/nosfy-live-commit-20260918/snapshot
    

SwiftCompile normal arm64 /tmp/nosfy-live-commit-20260918/snapshot/Nosfy/Views/CardRoute.swift (in target 'Nosfy' from project 'Nosfy')
    cd /tmp/nosfy-live-commit-20260918/snapshot
    

SwiftCompile normal arm64 /tmp/nosfy-live-commit-20260918/snapshot/Nosfy/Views/CarnetLab.swift (in target 'Nosfy' from project 'Nosfy')
    cd /tmp/nosfy-live-commit-20260918/snapshot
    

SwiftCompile normal arm64 /tmp/nosfy-live-commit-20260918/snapshot/Nosfy/Views/CarnetScene.swift (in target 'Nosfy' from project 'Nosfy')
    cd /tmp/nosfy-live-commit-20260918/snapshot
    

SwiftCompile normal arm64 /tmp/nosfy-live-commit-20260918/snapshot/Nosfy/Views/CarteLuneLab.swift (in target 'Nosfy' from project 'Nosfy')
    cd /tmp/nosfy-live-commit-20260918/snapshot
    

SwiftCompile normal arm64 /tmp/nosfy-live-commit-20260918/snapshot/Nosfy/Views/ChambreDonnees.swift (in target 'Nosfy' from project 'Nosfy')
    cd /tmp/nosfy-live-commit-20260918/snapshot
    

SwiftCompile normal arm64 /tmp/nosfy-live-commit-20260918/snapshot/Nosfy/Views/ChambreHiit.swift (in target 'Nosfy' from project 'Nosfy')
    cd /tmp/nosfy-live-commit-20260918/snapshot
    

SwiftCompile normal arm64 /tmp/nosfy-live-commit-20260918/snapshot/Nosfy/Views/ChambreLongue.swift (in target 'Nosfy' from project 'Nosfy')
    cd /tmp/nosfy-live-commit-20260918/snapshot
    

SwiftCompile normal arm64 /tmp/nosfy-live-commit-20260918/snapshot/Nosfy/Views/ChambrePeak.swift (in target 'Nosfy' from project 'Nosfy')
    cd /tmp/nosfy-live-commit-20260918/snapshot
    

SwiftCompile normal arm64 /tmp/nosfy-live-commit-20260918/snapshot/Nosfy/Views/ChambreRegularite.swift (in target 'Nosfy' from project 'Nosfy')
    cd /tmp/nosfy-live-commit-20260918/snapshot
    

SwiftCompile normal arm64 /tmp/nosfy-live-commit-20260918/snapshot/Nosfy/Views/ChambreVolume.swift (in target 'Nosfy' from project 'Nosfy')
    cd /tmp/nosfy-live-commit-20260918/snapshot
    

SwiftCompile normal arm64 /tmp/nosfy-live-commit-20260918/snapshot/Nosfy/Views/ChargeFiche.swift (in target 'Nosfy' from project 'Nosfy')
    cd /tmp/nosfy-live-commit-20260918/snapshot
    

SwiftCompile normal arm64 /tmp/nosfy-live-commit-20260918/snapshot/Nosfy/Views/ChevronAppelNatif.swift (in target 'Nosfy' from project 'Nosfy')
    cd /tmp/nosfy-live-commit-20260918/snapshot
    

SwiftCompile normal arm64 /tmp/nosfy-live-commit-20260918/snapshot/Nosfy/Views/ChipVerre.swift (in target 'Nosfy' from project 'Nosfy')
    cd /tmp/nosfy-live-commit-20260918/snapshot
    

SwiftCompile normal arm64 Compiling\ CinematicPlayer.swift,\ ClavierBraise.swift,\ CoffreFlipLab.swift,\ CoffreFortCoin.swift,\ CoffreFortPurse.swift,\ CoffreFortView.swift,\ CoffreV2.swift,\ ConnexionButtonLab.swift,\ ConnexionCinematic.swift,\ CorpsNacre.swift,\ CounterLab.swift,\ DemonVideo.swift,\ DepartCine.swift,\ DepartSeance.swift,\ DevilAuraOverlay.swift,\ DuolinguoPage.swift,\ EmberFlameLab.swift,\ ExerciseDetailView.swift,\ ExerciseEditor.swift,\ ExercisePhoto.swift /tmp/nosfy-live-commit-20260918/snapshot/Nosfy/Views/CinematicPlayer.swift /tmp/nosfy-live-commit-20260918/snapshot/Nosfy/Views/ClavierBraise.swift /tmp/nosfy-live-commit-20260918/snapshot/Nosfy/Views/CoffreFlipLab.swift /tmp/nosfy-live-commit-20260918/snapshot/Nosfy/Views/CoffreFortCoin.swift /tmp/nosfy-live-commit-20260918/snapshot/Nosfy/Views/CoffreFortPurse.swift /tmp/nosfy-live-commit-20260918/snapshot/Nosfy/Views/CoffreFortView.swift /tmp/nosfy-live-commit-20260918/snapshot/Nosfy/Views/CoffreV2.swift /tmp/nosfy-live-commit-20260918/snapshot/Nosfy/Views/ConnexionButtonLab.swift /tmp/nosfy-live-commit-20260918/snapshot/Nosfy/Views/ConnexionCinematic.swift /tmp/nosfy-live-commit-20260918/snapshot/Nosfy/Views/CorpsNacre.swift /tmp/nosfy-live-commit-20260918/snapshot/Nosfy/Views/CounterLab.swift /tmp/nosfy-live-commit-20260918/snapshot/Nosfy/Views/DemonVideo.swift /tmp/nosfy-live-commit-20260918/snapshot/Nosfy/Views/DepartCine.swift /tmp/nosfy-live-commit-20260918/snapshot/Nosfy/Views/DepartSeance.swift /tmp/nosfy-live-commit-20260918/snapshot/Nosfy/Views/DevilAuraOverlay.swift /tmp/nosfy-live-commit-20260918/snapshot/Nosfy/Views/DuolinguoPage.swift /tmp/nosfy-live-commit-20260918/snapshot/Nosfy/Views/EmberFlameLab.swift /tmp/nosfy-live-commit-20260918/snapshot/Nosfy/Views/ExerciseDetailView.swift /tmp/nosfy-live-commit-20260918/snapshot/Nosfy/Views/ExerciseEditor.swift /tmp/nosfy-live-commit-20260918/snapshot/Nosfy/Views/ExercisePhoto.swift (in target 'Nosfy' from project 'Nosfy')
Failed frontend command:
/Applications/Xcode.app/Contents/Developer/Toolchains/XcodeDefault.xctoolchain/usr/bin/swift-frontend -frontend -c -filelist /tmp/nosfy-live-commit-20260918/derived/Build/Intermediates.noindex/Nosfy.build/Debug-iphonesimulator/Nosfy.build/Objects-normal/arm64/sources-1 -primary-file /tmp/nosfy-live-commit-20260918/snapshot/Nosfy/Views/CinematicPlayer.swift -primary-file /tmp/nosfy-live-commit-20260918/snapshot/Nosfy/Views/ClavierBraise.swift -primary-file /tmp/nosfy-live-commit-20260918/snapshot/Nosfy/Views/CoffreFlipLab.swift -primary-file /tmp/nosfy-live-commit-20260918/snapshot/Nosfy/Views/CoffreFortCoin.swift -primary-file /tmp/nosfy-live-commit-20260918/snapshot/Nosfy/Views/CoffreFortPurse.swift -primary-file /tmp/nosfy-live-commit-20260918/snapshot/Nosfy/Views/CoffreFortView.swift -primary-file /tmp/nosfy-live-commit-20260918/snapshot/Nosfy/Views/CoffreV2.swift -primary-file /tmp/nosfy-live-commit-20260918/snapshot/Nosfy/Views/ConnexionButtonLab.swift -primary-file /tmp/nosfy-live-commit-20260918/snapshot/Nosfy/Views/ConnexionCinematic.swift -primary-file /tmp/nosfy-live-commit-20260918/snapshot/Nosfy/Views/CorpsNacre.swift -primary-file /tmp/nosfy-live-commit-20260918/snapshot/Nosfy/Views/CounterLab.swift -primary-file /tmp/nosfy-live-commit-20260918/snapshot/Nosfy/Views/DemonVideo.swift -primary-file /tmp/nosfy-live-commit-20260918/snapshot/Nosfy/Views/DepartCine.swift -primary-file /tmp/nosfy-live-commit-20260918/snapshot/Nosfy/Views/DepartSeance.swift -primary-file /tmp/nosfy-live-commit-20260918/snapshot/Nosfy/Views/DevilAuraOverlay.swift -primary-file /tmp/nosfy-live-commit-20260918/snapshot/Nosfy/Views/DuolinguoPage.swift -primary-file /tmp/nosfy-live-commit-20260918/snapshot/Nosfy/Views/EmberFlameLab.swift -primary-file /tmp/nosfy-live-commit-20260918/snapshot/Nosfy/Views/ExerciseDetailView.swift -primary-file /tmp/nosfy-live-commit-20260918/snapshot/Nosfy/Views/ExerciseEditor.swift -primary-file /tmp/nosfy-live-commit-20260918/snapshot/Nosfy/Views/ExercisePhoto.swift -supplementary-output-file-map /tmp/nosfy-live-commit-20260918/derived/Build/Intermediates.noindex/Nosfy.build/Debug-iphonesimulator/Nosfy.build/Objects-normal/arm64/supplementaryOutputs-4 -emit-localized-strings -emit-localized-strings-path /tmp/nosfy-live-commit-20260918/derived/Build/Intermediates.noindex/Nosfy.build/Debug-iphonesimulator/Nosfy.build/Objects-normal/arm64 -target arm64-apple-ios26.0-simulator -module-can-import-version DeveloperToolsSupport 23.40.26 23.40.26 -disable-cross-import-overlay-search -swift-module-cross-import AuthenticationServices /Applications/Xcode.app/Contents/Developer/Platforms/iPhoneSimulator.platform/Developer/SDKs/iPhoneSimulator.sdk/System/Cryptexes/OS/System/Library/Frameworks/AuthenticationServices.framework/Modules/AuthenticationServices.swiftcrossimport/SwiftUI.swiftoverlay -swift-module-cross-import AuthenticationServices /Applications/Xcode.app/Contents/Developer/Platforms/iPhoneSimulator.platform/Developer/SDKs/iPhoneSimulator26.5.sdk/System/Library/Frameworks/AuthenticationServices.framework/Modules/AuthenticationServices.swiftcrossimport/SwiftUI.swiftoverlay -swift-module-cross-import SceneKit /Applications/Xcode.app/Contents/Developer/Platforms/iPhoneSimulator.platform/Developer/SDKs/iPhoneSimulator.sdk/System/Library/Frameworks/SceneKit.framework/Modules/SceneKit.swiftcrossimport/SwiftUI.swiftoverlay -swift-module-cross-import SwiftData /Applications/Xcode.app/Contents/Developer/Platforms/iPhoneSimulator.platform/Developer/SDKs/iPhoneSimulator26.5.sdk/System/Library/Frameworks/SwiftData.framework/Modules/SwiftData.swiftcrossimport/CoreData.swiftoverlay -swift-module-cross-import SwiftData /Applications/Xcode.app/Contents/Developer/Platforms/iPhoneSimulator.platform/Developer/SDKs/iPhoneSimulator26.5.sdk/System/Library/Frameworks/SwiftData.framework/Modules/SwiftData.swiftcrossimport/SwiftUI.swiftoverlay -load-resolved-plugin /Applications/Xcode.app/Contents/Developer/Platforms/iPhoneOS.platform/Developer/usr/lib/swift/host/plugins/libAppIntentsMacros.dylib\#/Applications/Xcode.app/Contents/Developer/Platforms/iPhoneOS.platform/Developer/usr/bin/swift-plugin-server\#AppIntentsMacros -load-resolved-plugin /Applications/Xcode.app/Contents/Developer/Platforms/iPhoneOS.platform/Developer/usr/lib/swift/host/plugins/libFoundationMacros.dylib\#/Applications/Xcode.app/Contents/Developer/Platforms/iPhoneOS.platform/Developer/usr/bin/swift-plugin-server\#FoundationMacros -load-resolved-plugin /Applications/Xcode.app/Contents/Developer/Platforms/iPhoneOS.platform/Developer/usr/lib/swift/host/plugins/libObservationMacros.dylib\#/Applications/Xcode.app/Contents/Developer/Platforms/iPhoneOS.platform/Developer/usr/bin/swift-plugin-server\#ObservationMacros -load-resolved-plugin /Applications/Xcode.app/Contents/Developer/Platforms/iPhoneOS.platform/Developer/usr/lib/swift/host/plugins/libPreviewsMacros.dylib\#/Applications/Xcode.app/Contents/Developer/Platforms/iPhoneOS.platform/Developer/usr/bin/swift-plugin-server\#PreviewsMacros -load-resolved-plugin /Applications/Xcode.app/Contents/Developer/Platforms/iPhoneOS.platform/Developer/usr/lib/swift/host/plugins/libSwiftDataMacros.dylib\#/Applications/Xcode.app/Contents/Developer/Platforms/iPhoneOS.platform/Developer/usr/bin/swift-plugin-server\#SwiftDataMacros -load-resolved-plugin /Applications/Xcode.app/Contents/Developer/Platforms/iPhoneOS.platform/Developer/usr/lib/swift/host/plugins/libSwiftMacros.dylib\#/Applications/Xcode.app/Contents/Developer/Platforms/iPhoneOS.platform/Developer/usr/bin/swift-plugin-server\#SwiftMacros -load-resolved-plugin /Applications/Xcode.app/Contents/Developer/Platforms/iPhoneOS.platform/Developer/usr/lib/swift/host/plugins/libSwiftUIMacros.dylib\#/Applications/Xcode.app/Contents/Developer/Platforms/iPhoneOS.platform/Developer/usr/bin/swift-plugin-server\#SwiftUIMacros -disable-implicit-swift-modules -Xcc -fno-implicit-modules -Xcc -fno-implicit-module-maps -explicit-swift-module-map-file /tmp/nosfy-live-commit-20260918/derived/Build/Intermediates.noindex/Nosfy.build/Debug-iphonesimulator/Nosfy.build/Objects-normal/arm64/Woop-dependencies-1.json -debug-module-path /tmp/nosfy-live-commit-20260918/derived/Build/Intermediates.noindex/Nosfy.build/Debug-iphonesimulator/Nosfy.build/Objects-normal/arm64/Woop.swiftmodule -Xllvm -aarch64-use-tbi -enable-objc-interop -sdk /Applications/Xcode.app/Contents/Developer/Platforms/iPhoneSimulator.platform/Developer/SDKs/iPhoneSimulator26.5.sdk -I /tmp/nosfy-live-commit-20260918/derived/Build/Products/Debug-iphonesimulator -F /tmp/nosfy-live-commit-20260918/derived/Build/Products/Debug-iphonesimulator -no-color-diagnostics -Xcc -fno-color-diagnostics -enable-testing -g -debug-info-format\=dwarf -dwarf-version\=5 -module-cache-path /tmp/nosfy-live-commit-20260918/derived/Build/Intermediates.noindex/SwiftExplicitPrecompiledModules -swift-version 5 -Onone -D DEBUG -serialize-debugging-options -const-gather-protocols-file /tmp/nosfy-live-commit-20260918/derived/Build/Intermediates.noindex/Nosfy.build/Debug-iphonesimulator/Nosfy.build/Objects-normal/arm64/Nosfy_const_extract_protocols.json -enable-experimental-feature DebugDescriptionMacro -enable-bare-slash-regex -empty-abi-descriptor -validate-clang-modules-once -clang-build-session-file /tmp/nosfy-live-commit-20260918/derived/ModuleCache.noindex/Session.modulevalidation -Xcc -working-directory -Xcc /tmp/nosfy-live-commit-20260918/snapshot -enable-anonymous-context-mangled-names -file-compilation-dir /tmp/nosfy-live-commit-20260918/snapshot -Xcc -D_LIBCPP_HARDENING_MODE\=_LIBCPP_HARDENING_MODE_DEBUG -Xcc -ivfsstatcache -Xcc /tmp/nosfy-live-commit-20260918/derived/SDKStatCaches.noindex/iphonesimulator26.5-23F73-688ef53f1462e2c8f657fdc38a81448f6cfe768891a92b912361537c460fe42b.sdkstatcache -Xcc -I/tmp/nosfy-live-commit-20260918/derived/Build/Intermediates.noindex/Nosfy.build/Debug-iphonesimulator/Nosfy.build/swift-overrides.hmap -Xcc -iquote -Xcc /tmp/nosfy-live-commit-20260918/derived/Build/Intermediates.noindex/Nosfy.build/Debug-iphonesimulator/Nosfy.build/Nosfy-generated-files.hmap -Xcc -I/tmp/nosfy-live-commit-20260918/derived/Build/Intermediates.noindex/Nosfy.build/Debug-iphonesimulator/Nosfy.build/Nosfy-own-target-headers.hmap -Xcc -I/tmp/nosfy-live-commit-20260918/derived/Build/Intermediates.noindex/Nosfy.build/Debug-iphonesimulator/Nosfy.build/Nosfy-all-target-headers.hmap -Xcc -iquote -Xcc /tmp/nosfy-live-commit-20260918/derived/Build/Intermediates.noindex/Nosfy.build/Debug-iphonesimulator/Nosfy.build/Nosfy-project-headers.hmap -Xcc -I/tmp/nosfy-live-commit-20260918/derived/Build/Products/Debug-iphonesimulator/include -Xcc -I/tmp/nosfy-live-commit-20260918/derived/Build/Intermediates.noindex/Nosfy.build/Debug-iphonesimulator/Nosfy.build/DerivedSources-normal/arm64 -Xcc -I/tmp/nosfy-live-commit-20260918/derived/Build/Intermediates.noindex/Nosfy.build/Debug-iphonesimulator/Nosfy.build/DerivedSources/arm64 -Xcc -I/tmp/nosfy-live-commit-20260918/derived/Build/Intermediates.noindex/Nosfy.build/Debug-iphonesimulator/Nosfy.build/DerivedSources -Xcc -DDEBUG\=1 -no-auto-bridging-header-chaining -module-name Woop -frontend-parseable-output -disable-clang-spi -clang-target arm64-apple-ios26.5-simulator -target-sdk-version 26.5 -target-sdk-name iphonesimulator26.5 -in-process-plugin-server-path /Applications/Xcode.app/Contents/Developer/Toolchains/XcodeDefault.xctoolchain/usr/lib/swift/host/libSwiftInProcPluginServer.dylib -o /tmp/nosfy-live-commit-20260918/derived/Build/Intermediates.noindex/Nosfy.build/Debug-iphonesimulator/Nosfy.build/Objects-normal/arm64/CinematicPlayer.o -o /tmp/nosfy-live-commit-20260918/derived/Build/Intermediates.noindex/Nosfy.build/Debug-iphonesimulator/Nosfy.build/Objects-normal/arm64/ClavierBraise.o -o /tmp/nosfy-live-commit-20260918/derived/Build/Intermediates.noindex/Nosfy.build/Debug-iphonesimulator/Nosfy.build/Objects-normal/arm64/CoffreFlipLab.o -o /tmp/nosfy-live-commit-20260918/derived/Build/Intermediates.noindex/Nosfy.build/Debug-iphonesimulator/Nosfy.build/Objects-normal/arm64/CoffreFortCoin.o -o /tmp/nosfy-live-commit-20260918/derived/Build/Intermediates.noindex/Nosfy.build/Debug-iphonesimulator/Nosfy.build/Objects-normal/arm64/CoffreFortPurse.o -o /tmp/nosfy-live-commit-20260918/derived/Build/Intermediates.noindex/Nosfy.build/Debug-iphonesimulator/Nosfy.build/Objects-normal/arm64/CoffreFortView.o -o /tmp/nosfy-live-commit-20260918/derived/Build/Intermediates.noindex/Nosfy.build/Debug-iphonesimulator/Nosfy.build/Objects-normal/arm64/CoffreV2.o -o /tmp/nosfy-live-commit-20260918/derived/Build/Intermediates.noindex/Nosfy.build/Debug-iphonesimulator/Nosfy.build/Objects-normal/arm64/ConnexionButtonLab.o -o /tmp/nosfy-live-commit-20260918/derived/Build/Intermediates.noindex/Nosfy.build/Debug-iphonesimulator/Nosfy.build/Objects-normal/arm64/ConnexionCinematic.o -o /tmp/nosfy-live-commit-20260918/derived/Build/Intermediates.noindex/Nosfy.build/Debug-iphonesimulator/Nosfy.build/Objects-normal/arm64/CorpsNacre.o -o /tmp/nosfy-live-commit-20260918/derived/Build/Intermediates.noindex/Nosfy.build/Debug-iphonesimulator/Nosfy.build/Objects-normal/arm64/CounterLab.o -o /tmp/nosfy-live-commit-20260918/derived/Build/Intermediates.noindex/Nosfy.build/Debug-iphonesimulator/Nosfy.build/Objects-normal/arm64/DemonVideo.o -o /tmp/nosfy-live-commit-20260918/derived/Build/Intermediates.noindex/Nosfy.build/Debug-iphonesimulator/Nosfy.build/Objects-normal/arm64/DepartCine.o -o /tmp/nosfy-live-commit-20260918/derived/Build/Intermediates.noindex/Nosfy.build/Debug-iphonesimulator/Nosfy.build/Objects-normal/arm64/DepartSeance.o -o /tmp/nosfy-live-commit-20260918/derived/Build/Intermediates.noindex/Nosfy.build/Debug-iphonesimulator/Nosfy.build/Objects-normal/arm64/DevilAuraOverlay.o -o /tmp/nosfy-live-commit-20260918/derived/Build/Intermediates.noindex/Nosfy.build/Debug-iphonesimulator/Nosfy.build/Objects-normal/arm64/DuolinguoPage.o -o /tmp/nosfy-live-commit-20260918/derived/Build/Intermediates.noindex/Nosfy.build/Debug-iphonesimulator/Nosfy.build/Objects-normal/arm64/EmberFlameLab.o -o /tmp/nosfy-live-commit-20260918/derived/Build/Intermediates.noindex/Nosfy.build/Debug-iphonesimulator/Nosfy.build/Objects-normal/arm64/ExerciseDetailView.o -o /tmp/nosfy-live-commit-20260918/derived/Build/Intermediates.noindex/Nosfy.build/Debug-iphonesimulator/Nosfy.build/Objects-normal/arm64/ExerciseEditor.o -o /tmp/nosfy-live-commit-20260918/derived/Build/Intermediates.noindex/Nosfy.build/Debug-iphonesimulator/Nosfy.build/Objects-normal/arm64/ExercisePhoto.o -index-unit-output-path /Nosfy.build/Debug-iphonesimulator/Nosfy.build/Objects-normal/arm64/CinematicPlayer.o -index-unit-output-path /Nosfy.build/Debug-iphonesimulator/Nosfy.build/Objects-normal/arm64/ClavierBraise.o -index-unit-output-path /Nosfy.build/Debug-iphonesimulator/Nosfy.build/Objects-normal/arm64/CoffreFlipLab.o -index-unit-output-path /Nosfy.build/Debug-iphonesimulator/Nosfy.build/Objects-normal/arm64/CoffreFortCoin.o -index-unit-output-path /Nosfy.build/Debug-iphonesimulator/Nosfy.build/Objects-normal/arm64/CoffreFortPurse.o -index-unit-output-path /Nosfy.build/Debug-iphonesimulator/Nosfy.build/Objects-normal/arm64/CoffreFortView.o -index-unit-output-path /Nosfy.build/Debug-iphonesimulator/Nosfy.build/Objects-normal/arm64/CoffreV2.o -index-unit-output-path /Nosfy.build/Debug-iphonesimulator/Nosfy.build/Objects-normal/arm64/ConnexionButtonLab.o -index-unit-output-path /Nosfy.build/Debug-iphonesimulator/Nosfy.build/Objects-normal/arm64/ConnexionCinematic.o -index-unit-output-path /Nosfy.build/Debug-iphonesimulator/Nosfy.build/Objects-normal/arm64/CorpsNacre.o -index-unit-output-path /Nosfy.build/Debug-iphonesimulator/Nosfy.build/Objects-normal/arm64/CounterLab.o -index-unit-output-path /Nosfy.build/Debug-iphonesimulator/Nosfy.build/Objects-normal/arm64/DemonVideo.o -index-unit-output-path /Nosfy.build/Debug-iphonesimulator/Nosfy.build/Objects-normal/arm64/DepartCine.o -index-unit-output-path /Nosfy.build/Debug-iphonesimulator/Nosfy.build/Objects-normal/arm64/DepartSeance.o -index-unit-output-path /Nosfy.build/Debug-iphonesimulator/Nosfy.build/Objects-normal/arm64/DevilAuraOverlay.o -index-unit-output-path /Nosfy.build/Debug-iphonesimulator/Nosfy.build/Objects-normal/arm64/DuolinguoPage.o -index-unit-output-path /Nosfy.build/Debug-iphonesimulator/Nosfy.build/Objects-normal/arm64/EmberFlameLab.o -index-unit-output-path /Nosfy.build/Debug-iphonesimulator/Nosfy.build/Objects-normal/arm64/ExerciseDetailView.o -index-unit-output-path /Nosfy.build/Debug-iphonesimulator/Nosfy.build/Objects-normal/arm64/ExerciseEditor.o -index-unit-output-path /Nosfy.build/Debug-iphonesimulator/Nosfy.build/Objects-normal/arm64/ExercisePhoto.o -index-store-path /tmp/nosfy-live-commit-20260918/derived/Index.noindex/DataStore -index-system-modules

SwiftCompile normal arm64 /tmp/nosfy-live-commit-20260918/snapshot/Nosfy/Views/CinematicPlayer.swift (in target 'Nosfy' from project 'Nosfy')
    cd /tmp/nosfy-live-commit-20260918/snapshot
    

SwiftCompile normal arm64 /tmp/nosfy-live-commit-20260918/snapshot/Nosfy/Views/ClavierBraise.swift (in target 'Nosfy' from project 'Nosfy')
    cd /tmp/nosfy-live-commit-20260918/snapshot
    

SwiftCompile normal arm64 /tmp/nosfy-live-commit-20260918/snapshot/Nosfy/Views/CoffreFlipLab.swift (in target 'Nosfy' from project 'Nosfy')
    cd /tmp/nosfy-live-commit-20260918/snapshot
    
/tmp/nosfy-live-commit-20260918/snapshot/Nosfy/Views/CoffreFlipLab.swift:246:43: warning: 'main' was deprecated in iOS 26.0: Use a UIScreen instance found through context instead (i.e, view.window.windowScene.screen), or for properties like UIScreen.scale with trait equivalents, use a traitCollection found through context.
                    .position(x: UIScreen.main.bounds.width / 2,
                                          ^
/tmp/nosfy-live-commit-20260918/snapshot/Nosfy/Views/CoffreFlipLab.swift:248:45: warning: 'main' was deprecated in iOS 26.0: Use a UIScreen instance found through context instead (i.e, view.window.windowScene.screen), or for properties like UIScreen.scale with trait equivalents, use a traitCollection found through context.
                                 ? UIScreen.main.bounds.height * 0.63
                                            ^
/tmp/nosfy-live-commit-20260918/snapshot/Nosfy/Views/CoffreFlipLab.swift:249:45: warning: 'main' was deprecated in iOS 26.0: Use a UIScreen instance found through context instead (i.e, view.window.windowScene.screen), or for properties like UIScreen.scale with trait equivalents, use a traitCollection found through context.
                                 : UIScreen.main.bounds.height * 0.46)
                                            ^

SwiftCompile normal arm64 /tmp/nosfy-live-commit-20260918/snapshot/Nosfy/Views/CoffreFortCoin.swift (in target 'Nosfy' from project 'Nosfy')
    cd /tmp/nosfy-live-commit-20260918/snapshot
    

SwiftCompile normal arm64 /tmp/nosfy-live-commit-20260918/snapshot/Nosfy/Views/CoffreFortPurse.swift (in target 'Nosfy' from project 'Nosfy')
    cd /tmp/nosfy-live-commit-20260918/snapshot
    

SwiftCompile normal arm64 /tmp/nosfy-live-commit-20260918/snapshot/Nosfy/Views/CoffreFortView.swift (in target 'Nosfy' from project 'Nosfy')
    cd /tmp/nosfy-live-commit-20260918/snapshot
    

SwiftCompile normal arm64 /tmp/nosfy-live-commit-20260918/snapshot/Nosfy/Views/CoffreV2.swift (in target 'Nosfy' from project 'Nosfy')
    cd /tmp/nosfy-live-commit-20260918/snapshot
    

SwiftCompile normal arm64 /tmp/nosfy-live-commit-20260918/snapshot/Nosfy/Views/ConnexionButtonLab.swift (in target 'Nosfy' from project 'Nosfy')
    cd /tmp/nosfy-live-commit-20260918/snapshot
    

SwiftCompile normal arm64 /tmp/nosfy-live-commit-20260918/snapshot/Nosfy/Views/ConnexionCinematic.swift (in target 'Nosfy' from project 'Nosfy')
    cd /tmp/nosfy-live-commit-20260918/snapshot
    

SwiftCompile normal arm64 /tmp/nosfy-live-commit-20260918/snapshot/Nosfy/Views/CorpsNacre.swift (in target 'Nosfy' from project 'Nosfy')
    cd /tmp/nosfy-live-commit-20260918/snapshot
    

SwiftCompile normal arm64 /tmp/nosfy-live-commit-20260918/snapshot/Nosfy/Views/CounterLab.swift (in target 'Nosfy' from project 'Nosfy')
    cd /tmp/nosfy-live-commit-20260918/snapshot
    

SwiftCompile normal arm64 /tmp/nosfy-live-commit-20260918/snapshot/Nosfy/Views/DemonVideo.swift (in target 'Nosfy' from project 'Nosfy')
    cd /tmp/nosfy-live-commit-20260918/snapshot
    

SwiftCompile normal arm64 /tmp/nosfy-live-commit-20260918/snapshot/Nosfy/Views/DepartCine.swift (in target 'Nosfy' from project 'Nosfy')
    cd /tmp/nosfy-live-commit-20260918/snapshot
    

SwiftCompile normal arm64 /tmp/nosfy-live-commit-20260918/snapshot/Nosfy/Views/DepartSeance.swift (in target 'Nosfy' from project 'Nosfy')
    cd /tmp/nosfy-live-commit-20260918/snapshot
    

SwiftCompile normal arm64 /tmp/nosfy-live-commit-20260918/snapshot/Nosfy/Views/DevilAuraOverlay.swift (in target 'Nosfy' from project 'Nosfy')
    cd /tmp/nosfy-live-commit-20260918/snapshot
    

SwiftCompile normal arm64 /tmp/nosfy-live-commit-20260918/snapshot/Nosfy/Views/DuolinguoPage.swift (in target 'Nosfy' from project 'Nosfy')
    cd /tmp/nosfy-live-commit-20260918/snapshot
    
/tmp/nosfy-live-commit-20260918/snapshot/Nosfy/Views/DuolinguoPage.swift:1439:9: warning: result of call to 'withAnimation' is unused
        withAnimation(.easeInOut(duration: 0.45)) { etat.reclamees.insert(e.id) }
        ^            ~~~~~~~~~~~~~~~~~~~~~~~~~~~~~~~~~~~~~~~~~~~~~~~~~~~~~~~~~~~~
/tmp/nosfy-live-commit-20260918/snapshot/Nosfy/Views/DuolinguoPage.swift:1448:17: warning: result of call to 'withAnimation' is unused
                withAnimation(.easeInOut(duration: 0.30)) { etat.reclamees.remove(e.id) }
                ^            ~~~~~~~~~~~~~~~~~~~~~~~~~~~~~~~~~~~~~~~~~~~~~~~~~~~~~~~~~~~~

SwiftCompile normal arm64 /tmp/nosfy-live-commit-20260918/snapshot/Nosfy/Views/EmberFlameLab.swift (in target 'Nosfy' from project 'Nosfy')
    cd /tmp/nosfy-live-commit-20260918/snapshot
    

SwiftCompile normal arm64 /tmp/nosfy-live-commit-20260918/snapshot/Nosfy/Views/ExerciseDetailView.swift (in target 'Nosfy' from project 'Nosfy')
    cd /tmp/nosfy-live-commit-20260918/snapshot
    
/tmp/nosfy-live-commit-20260918/snapshot/Nosfy/Views/ExerciseDetailView.swift:2092:13: warning: initialization of immutable value 'naissance' was never used; consider replacing with assignment to '_' or removing it
        let naissance = Self.sstep(0.45, 0.92, u)
        ~~~~^~~~~~~~~
        _
/tmp/nosfy-live-commit-20260918/snapshot/Nosfy/Views/ExerciseDetailView.swift:2835:73: error: value of type 'Exercise' has no member 'nomLocalise'
            source: liveSource, exerciseID: exercise.id, name: exercise.nomLocalise,
                                                               ~~~~~~~~ ^~~~~~~~~~~
/tmp/nosfy-live-commit-20260918/snapshot/Nosfy/Views/ExerciseDetailView.swift:2861:73: error: value of type 'Exercise' has no member 'nomLocalise'
            source: liveSource, exerciseID: exercise.id, name: exercise.nomLocalise,
                                                               ~~~~~~~~ ^~~~~~~~~~~
/tmp/nosfy-live-commit-20260918/snapshot/Nosfy/Views/ExerciseDetailView.swift:2875:73: error: value of type 'Exercise' has no member 'nomLocalise'
            source: liveSource, exerciseID: exercise.id, name: exercise.nomLocalise,
                                                               ~~~~~~~~ ^~~~~~~~~~~

SwiftCompile normal arm64 /tmp/nosfy-live-commit-20260918/snapshot/Nosfy/Views/ExerciseEditor.swift (in target 'Nosfy' from project 'Nosfy')
    cd /tmp/nosfy-live-commit-20260918/snapshot
    

SwiftCompile normal arm64 /tmp/nosfy-live-commit-20260918/snapshot/Nosfy/Views/ExercisePhoto.swift (in target 'Nosfy' from project 'Nosfy')
    cd /tmp/nosfy-live-commit-20260918/snapshot
    

SwiftCompile normal arm64 Compiling\ NosfyOnboarding.swift,\ NotchedCard.swift,\ NotifCard.swift,\ NotifChasse.swift,\ NotifLab.swift,\ ObjectiveCard.swift,\ ObjectiveCardLab.swift,\ ObsidianCard.swift,\ ObsidianCardLab.swift,\ PageCard.swift,\ PanBande.swift,\ ParoleLigne.swift,\ PerleSemaineNative.swift,\ PiluleVagabonde.swift,\ PlayerMonde.swift,\ PorteApple.swift,\ PorteEntree.swift,\ PremiereArrivee.swift,\ ProfilLune.swift /tmp/nosfy-live-commit-20260918/snapshot/Nosfy/Views/NosfyOnboarding.swift /tmp/nosfy-live-commit-20260918/snapshot/Nosfy/Views/NotchedCard.swift /tmp/nosfy-live-commit-20260918/snapshot/Nosfy/Views/NotifCard.swift /tmp/nosfy-live-commit-20260918/snapshot/Nosfy/Views/NotifChasse.swift /tmp/nosfy-live-commit-20260918/snapshot/Nosfy/Views/NotifLab.swift /tmp/nosfy-live-commit-20260918/snapshot/Nosfy/Views/ObjectiveCard.swift /tmp/nosfy-live-commit-20260918/snapshot/Nosfy/Views/ObjectiveCardLab.swift /tmp/nosfy-live-commit-20260918/snapshot/Nosfy/Views/ObsidianCard.swift /tmp/nosfy-live-commit-20260918/snapshot/Nosfy/Views/ObsidianCardLab.swift /tmp/nosfy-live-commit-20260918/snapshot/Nosfy/Views/PageCard.swift /tmp/nosfy-live-commit-20260918/snapshot/Nosfy/Views/PanBande.swift /tmp/nosfy-live-commit-20260918/snapshot/Nosfy/Views/ParoleLigne.swift /tmp/nosfy-live-commit-20260918/snapshot/Nosfy/Views/PerleSemaineNative.swift /tmp/nosfy-live-commit-20260918/snapshot/Nosfy/Views/PiluleVagabonde.swift /tmp/nosfy-live-commit-20260918/snapshot/Nosfy/Views/PlayerMonde.swift /tmp/nosfy-live-commit-20260918/snapshot/Nosfy/Views/PorteApple.swift /tmp/nosfy-live-commit-20260918/snapshot/Nosfy/Views/PorteEntree.swift /tmp/nosfy-live-commit-20260918/snapshot/Nosfy/Views/PremiereArrivee.swift /tmp/nosfy-live-commit-20260918/snapshot/Nosfy/Views/ProfilLune.swift (in target 'Nosfy' from project 'Nosfy')

SwiftCompile normal arm64 /tmp/nosfy-live-commit-20260918/snapshot/Nosfy/Views/NosfyOnboarding.swift (in target 'Nosfy' from project 'Nosfy')
    cd /tmp/nosfy-live-commit-20260918/snapshot
    

SwiftCompile normal arm64 /tmp/nosfy-live-commit-20260918/snapshot/Nosfy/Views/NotchedCard.swift (in target 'Nosfy' from project 'Nosfy')
    cd /tmp/nosfy-live-commit-20260918/snapshot
    

SwiftCompile normal arm64 /tmp/nosfy-live-commit-20260918/snapshot/Nosfy/Views/NotifCard.swift (in target 'Nosfy' from project 'Nosfy')
    cd /tmp/nosfy-live-commit-20260918/snapshot
    

SwiftCompile normal arm64 /tmp/nosfy-live-commit-20260918/snapshot/Nosfy/Views/NotifChasse.swift (in target 'Nosfy' from project 'Nosfy')
    cd /tmp/nosfy-live-commit-20260918/snapshot
    

SwiftCompile normal arm64 /tmp/nosfy-live-commit-20260918/snapshot/Nosfy/Views/NotifLab.swift (in target 'Nosfy' from project 'Nosfy')
    cd /tmp/nosfy-live-commit-20260918/snapshot
    

SwiftCompile normal arm64 /tmp/nosfy-live-commit-20260918/snapshot/Nosfy/Views/ObjectiveCard.swift (in target 'Nosfy' from project 'Nosfy')
    cd /tmp/nosfy-live-commit-20260918/snapshot
    

SwiftCompile normal arm64 /tmp/nosfy-live-commit-20260918/snapshot/Nosfy/Views/ObjectiveCardLab.swift (in target 'Nosfy' from project 'Nosfy')
    cd /tmp/nosfy-live-commit-20260918/snapshot
    

SwiftCompile normal arm64 /tmp/nosfy-live-commit-20260918/snapshot/Nosfy/Views/ObsidianCard.swift (in target 'Nosfy' from project 'Nosfy')
    cd /tmp/nosfy-live-commit-20260918/snapshot
    

SwiftCompile normal arm64 /tmp/nosfy-live-commit-20260918/snapshot/Nosfy/Views/ObsidianCardLab.swift (in target 'Nosfy' from project 'Nosfy')
    cd /tmp/nosfy-live-commit-20260918/snapshot
    

SwiftCompile normal arm64 /tmp/nosfy-live-commit-20260918/snapshot/Nosfy/Views/PageCard.swift (in target 'Nosfy' from project 'Nosfy')
    cd /tmp/nosfy-live-commit-20260918/snapshot
    

SwiftCompile normal arm64 /tmp/nosfy-live-commit-20260918/snapshot/Nosfy/Views/PanBande.swift (in target 'Nosfy' from project 'Nosfy')
    cd /tmp/nosfy-live-commit-20260918/snapshot
    

SwiftCompile normal arm64 /tmp/nosfy-live-commit-20260918/snapshot/Nosfy/Views/ParoleLigne.swift (in target 'Nosfy' from project 'Nosfy')
    cd /tmp/nosfy-live-commit-20260918/snapshot
    

SwiftCompile normal arm64 /tmp/nosfy-live-commit-20260918/snapshot/Nosfy/Views/PerleSemaineNative.swift (in target 'Nosfy' from project 'Nosfy')
    cd /tmp/nosfy-live-commit-20260918/snapshot
    

SwiftCompile normal arm64 /tmp/nosfy-live-commit-20260918/snapshot/Nosfy/Views/PiluleVagabonde.swift (in target 'Nosfy' from project 'Nosfy')
    cd /tmp/nosfy-live-commit-20260918/snapshot
    

SwiftCompile normal arm64 /tmp/nosfy-live-commit-20260918/snapshot/Nosfy/Views/PlayerMonde.swift (in target 'Nosfy' from project 'Nosfy')
    cd /tmp/nosfy-live-commit-20260918/snapshot
    

SwiftCompile normal arm64 /tmp/nosfy-live-commit-20260918/snapshot/Nosfy/Views/PorteApple.swift (in target 'Nosfy' from project 'Nosfy')
    cd /tmp/nosfy-live-commit-20260918/snapshot
    

SwiftCompile normal arm64 /tmp/nosfy-live-commit-20260918/snapshot/Nosfy/Views/PorteEntree.swift (in target 'Nosfy' from project 'Nosfy')
    cd /tmp/nosfy-live-commit-20260918/snapshot
    

SwiftCompile normal arm64 /tmp/nosfy-live-commit-20260918/snapshot/Nosfy/Views/PremiereArrivee.swift (in target 'Nosfy' from project 'Nosfy')
    cd /tmp/nosfy-live-commit-20260918/snapshot
    

SwiftCompile normal arm64 /tmp/nosfy-live-commit-20260918/snapshot/Nosfy/Views/ProfilLune.swift (in target 'Nosfy' from project 'Nosfy')
    cd /tmp/nosfy-live-commit-20260918/snapshot
    

LinkAssetCatalog /tmp/nosfy-live-commit-20260918/snapshot/Nosfy/AppIcon.icon /tmp/nosfy-live-commit-20260918/snapshot/Nosfy/Assets.xcassets (in target 'Nosfy' from project 'Nosfy')
    cd /tmp/nosfy-live-commit-20260918/snapshot
    builtin-linkAssetCatalog --thinned /tmp/nosfy-live-commit-20260918/derived/Build/Intermediates.noindex/Nosfy.build/Debug-iphonesimulator/Nosfy.build/assetcatalog_output/thinned --thinned-dependencies /tmp/nosfy-live-commit-20260918/derived/Build/Intermediates.noindex/Nosfy.build/Debug-iphonesimulator/Nosfy.build/assetcatalog_dependencies_thinned --thinned-info-plist-content /tmp/nosfy-live-commit-20260918/derived/Build/Intermediates.noindex/Nosfy.build/Debug-iphonesimulator/Nosfy.build/assetcatalog_generated_info.plist_thinned --unthinned /tmp/nosfy-live-commit-20260918/derived/Build/Intermediates.noindex/Nosfy.build/Debug-iphonesimulator/Nosfy.build/assetcatalog_output/unthinned --unthinned-dependencies /tmp/nosfy-live-commit-20260918/derived/Build/Intermediates.noindex/Nosfy.build/Debug-iphonesimulator/Nosfy.build/assetcatalog_dependencies_unthinned --unthinned-info-plist-content /tmp/nosfy-live-commit-20260918/derived/Build/Intermediates.noindex/Nosfy.build/Debug-iphonesimulator/Nosfy.build/assetcatalog_generated_info.plist_unthinned --output /tmp/nosfy-live-commit-20260918/derived/Build/Products/Debug-iphonesimulator/Nosfy.app --plist-output /tmp/nosfy-live-commit-20260918/derived/Build/Intermediates.noindex/Nosfy.build/Debug-iphonesimulator/Nosfy.build/assetcatalog_generated_info.plist
note: Emplaced /tmp/nosfy-live-commit-20260918/derived/Build/Products/Debug-iphonesimulator/Nosfy.app/AppIcon76x76@2x~ipad.png (in target 'Nosfy' from project 'Nosfy')
note: Emplaced /tmp/nosfy-live-commit-20260918/derived/Build/Products/Debug-iphonesimulator/Nosfy.app/Assets.car (in target 'Nosfy' from project 'Nosfy')
note: Emplaced /tmp/nosfy-live-commit-20260918/derived/Build/Products/Debug-iphonesimulator/Nosfy.app/AppIcon60x60@2x.png (in target 'Nosfy' from project 'Nosfy')

SwiftDriverJobDiscovery normal arm64 Emitting module for Woop (in target 'Nosfy' from project 'Nosfy')

SwiftDriver\ Compilation\ Requirements Nosfy normal arm64 com.apple.xcode.tools.swift.compiler (in target 'Nosfy' from project 'Nosfy')
    cd /tmp/nosfy-live-commit-20260918/snapshot
    builtin-Swift-Compilation-Requirements -- /Applications/Xcode.app/Contents/Developer/Toolchains/XcodeDefault.xctoolchain/usr/bin/swiftc -module-name Woop -Onone @/tmp/nosfy-live-commit-20260918/derived/Build/Intermediates.noindex/Nosfy.build/Debug-iphonesimulator/Nosfy.build/Objects-normal/arm64/Nosfy.SwiftFileList -DDEBUG -enable-bare-slash-regex -enable-experimental-feature DebugDescriptionMacro -sdk /Applications/Xcode.app/Contents/Developer/Platforms/iPhoneSimulator.platform/Developer/SDKs/iPhoneSimulator26.5.sdk -target arm64-apple-ios26.0-simulator -g -module-cache-path /tmp/nosfy-live-commit-20260918/derived/ModuleCache.noindex -Xfrontend -serialize-debugging-options -enable-testing -index-store-path /tmp/nosfy-live-commit-20260918/derived/Index.noindex/DataStore -Xcc -D_LIBCPP_HARDENING_MODE\=_LIBCPP_HARDENING_MODE_DEBUG -swift-version 5 -I /tmp/nosfy-live-commit-20260918/derived/Build/Products/Debug-iphonesimulator -F /tmp/nosfy-live-commit-20260918/derived/Build/Products/Debug-iphonesimulator -emit-localized-strings -emit-localized-strings-path /tmp/nosfy-live-commit-20260918/derived/Build/Intermediates.noindex/Nosfy.build/Debug-iphonesimulator/Nosfy.build/Objects-normal/arm64 -c -j10 -enable-batch-mode -incremental -Xcc -ivfsstatcache -Xcc /tmp/nosfy-live-commit-20260918/derived/SDKStatCaches.noindex/iphonesimulator26.5-23F73-688ef53f1462e2c8f657fdc38a81448f6cfe768891a92b912361537c460fe42b.sdkstatcache -output-file-map /tmp/nosfy-live-commit-20260918/derived/Build/Intermediates.noindex/Nosfy.build/Debug-iphonesimulator/Nosfy.build/Objects-normal/arm64/Nosfy-OutputFileMap.json -use-frontend-parseable-output -save-temps -no-color-diagnostics -explicit-module-build -module-cache-path /tmp/nosfy-live-commit-20260918/derived/Build/Intermediates.noindex/SwiftExplicitPrecompiledModules -clang-scanner-module-cache-path /tmp/nosfy-live-commit-20260918/derived/ModuleCache.noindex -sdk-module-cache-path /tmp/nosfy-live-commit-20260918/derived/ModuleCache.noindex -serialize-diagnostics -emit-dependencies -emit-module -emit-module-path /tmp/nosfy-live-commit-20260918/derived/Build/Intermediates.noindex/Nosfy.build/Debug-iphonesimulator/Nosfy.build/Objects-normal/arm64/Woop.swiftmodule -validate-clang-modules-once -clang-build-session-file /tmp/nosfy-live-commit-20260918/derived/ModuleCache.noindex/Session.modulevalidation -Xcc -I/tmp/nosfy-live-commit-20260918/derived/Build/Intermediates.noindex/Nosfy.build/Debug-iphonesimulator/Nosfy.build/swift-overrides.hmap -emit-const-values -Xfrontend -const-gather-protocols-file -Xfrontend /tmp/nosfy-live-commit-20260918/derived/Build/Intermediates.noindex/Nosfy.build/Debug-iphonesimulator/Nosfy.build/Objects-normal/arm64/Nosfy_const_extract_protocols.json -Xcc -iquote -Xcc /tmp/nosfy-live-commit-20260918/derived/Build/Intermediates.noindex/Nosfy.build/Debug-iphonesimulator/Nosfy.build/Nosfy-generated-files.hmap -Xcc -I/tmp/nosfy-live-commit-20260918/derived/Build/Intermediates.noindex/Nosfy.build/Debug-iphonesimulator/Nosfy.build/Nosfy-own-target-headers.hmap -Xcc -I/tmp/nosfy-live-commit-20260918/derived/Build/Intermediates.noindex/Nosfy.build/Debug-iphonesimulator/Nosfy.build/Nosfy-all-target-headers.hmap -Xcc -iquote -Xcc /tmp/nosfy-live-commit-20260918/derived/Build/Intermediates.noindex/Nosfy.build/Debug-iphonesimulator/Nosfy.build/Nosfy-project-headers.hmap -Xcc -I/tmp/nosfy-live-commit-20260918/derived/Build/Products/Debug-iphonesimulator/include -Xcc -I/tmp/nosfy-live-commit-20260918/derived/Build/Intermediates.noindex/Nosfy.build/Debug-iphonesimulator/Nosfy.build/DerivedSources-normal/arm64 -Xcc -I/tmp/nosfy-live-commit-20260918/derived/Build/Intermediates.noindex/Nosfy.build/Debug-iphonesimulator/Nosfy.build/DerivedSources/arm64 -Xcc -I/tmp/nosfy-live-commit-20260918/derived/Build/Intermediates.noindex/Nosfy.build/Debug-iphonesimulator/Nosfy.build/DerivedSources -Xcc -DDEBUG\=1 -emit-objc-header -emit-objc-header-path /tmp/nosfy-live-commit-20260918/derived/Build/Intermediates.noindex/Nosfy.build/Debug-iphonesimulator/Nosfy.build/Objects-normal/arm64/Woop-Swift.h -working-directory /tmp/nosfy-live-commit-20260918/snapshot -experimental-emit-module-separately -disable-cmo

SwiftCompile normal arm64 Compiling\ InscriptionCompte.swift,\ Langue.swift,\ LuneForge.swift,\ OutboxGains.swift,\ OuvertureSeanceServeur.swift,\ ProfilServeur.swift,\ SacreServeur.swift,\ Supabase.swift,\ SupabaseSync.swift,\ SynthesisService.swift,\ WorkoutActivityController.swift,\ ActiveWorkoutView.swift,\ AppelChapitre.swift,\ AppelProfilVisite.swift,\ AuroraBgLab.swift,\ AuthView.swift,\ BancCoutHome.swift,\ BoosterCard.swift,\ BoosterLab.swift,\ BoosterPack.swift /tmp/nosfy-live-commit-20260918/snapshot/Nosfy/Services/InscriptionCompte.swift /tmp/nosfy-live-commit-20260918/snapshot/Nosfy/Services/Langue.swift /tmp/nosfy-live-commit-20260918/snapshot/Nosfy/Services/LuneForge.swift /tmp/nosfy-live-commit-20260918/snapshot/Nosfy/Services/OutboxGains.swift /tmp/nosfy-live-commit-20260918/snapshot/Nosfy/Services/OuvertureSeanceServeur.swift /tmp/nosfy-live-commit-20260918/snapshot/Nosfy/Services/ProfilServeur.swift /tmp/nosfy-live-commit-20260918/snapshot/Nosfy/Services/SacreServeur.swift /tmp/nosfy-live-commit-20260918/snapshot/Nosfy/Services/Supabase.swift /tmp/nosfy-live-commit-20260918/snapshot/Nosfy/Services/SupabaseSync.swift /tmp/nosfy-live-commit-20260918/snapshot/Nosfy/Services/SynthesisService.swift /tmp/nosfy-live-commit-20260918/snapshot/Nosfy/Services/WorkoutActivityController.swift /tmp/nosfy-live-commit-20260918/snapshot/Nosfy/Views/ActiveWorkoutView.swift /tmp/nosfy-live-commit-20260918/snapshot/Nosfy/Views/AppelChapitre.swift /tmp/nosfy-live-commit-20260918/snapshot/Nosfy/Views/AppelProfilVisite.swift /tmp/nosfy-live-commit-20260918/snapshot/Nosfy/Views/AuroraBgLab.swift /tmp/nosfy-live-commit-20260918/snapshot/Nosfy/Views/AuthView.swift /tmp/nosfy-live-commit-20260918/snapshot/Nosfy/Views/BancCoutHome.swift /tmp/nosfy-live-commit-20260918/snapshot/Nosfy/Views/BoosterCard.swift /tmp/nosfy-live-commit-20260918/snapshot/Nosfy/Views/BoosterLab.swift /tmp/nosfy-live-commit-20260918/snapshot/Nosfy/Views/BoosterPack.swift (in target 'Nosfy' from project 'Nosfy')

SwiftCompile normal arm64 /tmp/nosfy-live-commit-20260918/snapshot/Nosfy/Services/InscriptionCompte.swift (in target 'Nosfy' from project 'Nosfy')
    cd /tmp/nosfy-live-commit-20260918/snapshot
    

SwiftCompile normal arm64 /tmp/nosfy-live-commit-20260918/snapshot/Nosfy/Services/Langue.swift (in target 'Nosfy' from project 'Nosfy')
    cd /tmp/nosfy-live-commit-20260918/snapshot
    

SwiftCompile normal arm64 /tmp/nosfy-live-commit-20260918/snapshot/Nosfy/Services/LuneForge.swift (in target 'Nosfy' from project 'Nosfy')
    cd /tmp/nosfy-live-commit-20260918/snapshot
    

SwiftCompile normal arm64 /tmp/nosfy-live-commit-20260918/snapshot/Nosfy/Services/OutboxGains.swift (in target 'Nosfy' from project 'Nosfy')
    cd /tmp/nosfy-live-commit-20260918/snapshot
    

SwiftCompile normal arm64 /tmp/nosfy-live-commit-20260918/snapshot/Nosfy/Services/OuvertureSeanceServeur.swift (in target 'Nosfy' from project 'Nosfy')
    cd /tmp/nosfy-live-commit-20260918/snapshot
    

SwiftCompile normal arm64 /tmp/nosfy-live-commit-20260918/snapshot/Nosfy/Services/ProfilServeur.swift (in target 'Nosfy' from project 'Nosfy')
    cd /tmp/nosfy-live-commit-20260918/snapshot
    

SwiftCompile normal arm64 /tmp/nosfy-live-commit-20260918/snapshot/Nosfy/Services/SacreServeur.swift (in target 'Nosfy' from project 'Nosfy')
    cd /tmp/nosfy-live-commit-20260918/snapshot
    

SwiftCompile normal arm64 /tmp/nosfy-live-commit-20260918/snapshot/Nosfy/Services/Supabase.swift (in target 'Nosfy' from project 'Nosfy')
    cd /tmp/nosfy-live-commit-20260918/snapshot
    

SwiftCompile normal arm64 /tmp/nosfy-live-commit-20260918/snapshot/Nosfy/Services/SupabaseSync.swift (in target 'Nosfy' from project 'Nosfy')
    cd /tmp/nosfy-live-commit-20260918/snapshot
    

SwiftCompile normal arm64 /tmp/nosfy-live-commit-20260918/snapshot/Nosfy/Services/SynthesisService.swift (in target 'Nosfy' from project 'Nosfy')
    cd /tmp/nosfy-live-commit-20260918/snapshot
    

SwiftCompile normal arm64 /tmp/nosfy-live-commit-20260918/snapshot/Nosfy/Services/WorkoutActivityController.swift (in target 'Nosfy' from project 'Nosfy')
    cd /tmp/nosfy-live-commit-20260918/snapshot
    

SwiftCompile normal arm64 /tmp/nosfy-live-commit-20260918/snapshot/Nosfy/Views/ActiveWorkoutView.swift (in target 'Nosfy' from project 'Nosfy')
    cd /tmp/nosfy-live-commit-20260918/snapshot
    

SwiftCompile normal arm64 /tmp/nosfy-live-commit-20260918/snapshot/Nosfy/Views/AppelChapitre.swift (in target 'Nosfy' from project 'Nosfy')
    cd /tmp/nosfy-live-commit-20260918/snapshot
    

SwiftCompile normal arm64 /tmp/nosfy-live-commit-20260918/snapshot/Nosfy/Views/AppelProfilVisite.swift (in target 'Nosfy' from project 'Nosfy')
    cd /tmp/nosfy-live-commit-20260918/snapshot
    

SwiftCompile normal arm64 /tmp/nosfy-live-commit-20260918/snapshot/Nosfy/Views/AuroraBgLab.swift (in target 'Nosfy' from project 'Nosfy')
    cd /tmp/nosfy-live-commit-20260918/snapshot
    

SwiftCompile normal arm64 /tmp/nosfy-live-commit-20260918/snapshot/Nosfy/Views/AuthView.swift (in target 'Nosfy' from project 'Nosfy')
    cd /tmp/nosfy-live-commit-20260918/snapshot
    

SwiftCompile normal arm64 /tmp/nosfy-live-commit-20260918/snapshot/Nosfy/Views/BancCoutHome.swift (in target 'Nosfy' from project 'Nosfy')
    cd /tmp/nosfy-live-commit-20260918/snapshot
    

SwiftCompile normal arm64 /tmp/nosfy-live-commit-20260918/snapshot/Nosfy/Views/BoosterCard.swift (in target 'Nosfy' from project 'Nosfy')
    cd /tmp/nosfy-live-commit-20260918/snapshot
    

SwiftCompile normal arm64 /tmp/nosfy-live-commit-20260918/snapshot/Nosfy/Views/BoosterLab.swift (in target 'Nosfy' from project 'Nosfy')
    cd /tmp/nosfy-live-commit-20260918/snapshot
    

SwiftCompile normal arm64 /tmp/nosfy-live-commit-20260918/snapshot/Nosfy/Views/BoosterPack.swift (in target 'Nosfy' from project 'Nosfy')
    cd /tmp/nosfy-live-commit-20260918/snapshot
    

** BUILD FAILED **


The following build commands failed:
	SwiftCompile normal arm64 Compiling\ CinematicPlayer.swift,\ ClavierBraise.swift,\ CoffreFlipLab.swift,\ CoffreFortCoin.swift,\ CoffreFortPurse.swift,\ CoffreFortView.swift,\ CoffreV2.swift,\ ConnexionButtonLab.swift,\ ConnexionCinematic.swift,\ CorpsNacre.swift,\ CounterLab.swift,\ DemonVideo.swift,\ DepartCine.swift,\ DepartSeance.swift,\ DevilAuraOverlay.swift,\ DuolinguoPage.swift,\ EmberFlameLab.swift,\ ExerciseDetailView.swift,\ ExerciseEditor.swift,\ ExercisePhoto.swift /tmp/nosfy-live-commit-20260918/snapshot/Nosfy/Views/CinematicPlayer.swift /tmp/nosfy-live-commit-20260918/snapshot/Nosfy/Views/ClavierBraise.swift /tmp/nosfy-live-commit-20260918/snapshot/Nosfy/Views/CoffreFlipLab.swift /tmp/nosfy-live-commit-20260918/snapshot/Nosfy/Views/CoffreFortCoin.swift /tmp/nosfy-live-commit-20260918/snapshot/Nosfy/Views/CoffreFortPurse.swift /tmp/nosfy-live-commit-20260918/snapshot/Nosfy/Views/CoffreFortView.swift /tmp/nosfy-live-commit-20260918/snapshot/Nosfy/Views/CoffreV2.swift /tmp/nosfy-live-commit-20260918/snapshot/Nosfy/Views/ConnexionButtonLab.swift /tmp/nosfy-live-commit-20260918/snapshot/Nosfy/Views/ConnexionCinematic.swift /tmp/nosfy-live-commit-20260918/snapshot/Nosfy/Views/CorpsNacre.swift /tmp/nosfy-live-commit-20260918/snapshot/Nosfy/Views/CounterLab.swift /tmp/nosfy-live-commit-20260918/snapshot/Nosfy/Views/DemonVideo.swift /tmp/nosfy-live-commit-20260918/snapshot/Nosfy/Views/DepartCine.swift /tmp/nosfy-live-commit-20260918/snapshot/Nosfy/Views/DepartSeance.swift /tmp/nosfy-live-commit-20260918/snapshot/Nosfy/Views/DevilAuraOverlay.swift /tmp/nosfy-live-commit-20260918/snapshot/Nosfy/Views/DuolinguoPage.swift /tmp/nosfy-live-commit-20260918/snapshot/Nosfy/Views/EmberFlameLab.swift /tmp/nosfy-live-commit-20260918/snapshot/Nosfy/Views/ExerciseDetailView.swift /tmp/nosfy-live-commit-20260918/snapshot/Nosfy/Views/ExerciseEditor.swift /tmp/nosfy-live-commit-20260918/snapshot/Nosfy/Views/ExercisePhoto.swift (in target 'Nosfy' from project 'Nosfy')
	SwiftCompile normal arm64 /tmp/nosfy-live-commit-20260918/snapshot/Nosfy/Views/ExerciseDetailView.swift (in target 'Nosfy' from project 'Nosfy')
	Building project Nosfy with scheme Nosfy and configuration Debug
(3 failures)
