Command line invocation:
    /Applications/Xcode.app/Contents/Developer/usr/bin/xcodebuild -project Nosfy.xcodeproj -scheme Nosfy -configuration Debug -destination "generic/platform=iOS Simulator" -derivedDataPath /tmp/nosfy-cartes-dd CODE_SIGNING_ALLOWED=NO build

Build settings from command line:
    CODE_SIGNING_ALLOWED = NO

ComputePackagePrebuildTargetDependencyGraph

Prepare packages

CreateBuildRequest

SendProjectDescription

CreateBuildOperation

ComputeTargetDependencyGraph
note: Building targets in dependency order
note: Target dependency graph (2 targets)
    Target 'Nosfy' in project 'Nosfy'
        ➜ Explicit dependency on target 'NosfyWidgets' in project 'Nosfy'
    Target 'NosfyWidgets' in project 'Nosfy' (no dependencies)

GatherProvisioningInputs

CreateBuildDescription

ExecuteExternalTool /Applications/Xcode.app/Contents/Developer/Toolchains/XcodeDefault.xctoolchain/usr/bin/clang -v -E -dM -isysroot /Applications/Xcode.app/Contents/Developer/Platforms/iPhoneSimulator.platform/Developer/SDKs/iPhoneSimulator26.5.sdk -x c -c /dev/null

ExecuteExternalTool /Applications/Xcode.app/Contents/Developer/usr/bin/actool --version --output-format xml1

ExecuteExternalTool /Applications/Xcode.app/Contents/Developer/usr/bin/actool --print-asset-tag-combinations --output-format xml1 /Users/kathryn/Desktop/Nosfy/NosfyShared/LiveAssets.xcassets /Users/kathryn/Desktop/Nosfy/Nosfy/AppIcon.icon /Users/kathryn/Desktop/Nosfy/Nosfy/Assets.xcassets

ExecuteExternalTool /Applications/Xcode.app/Contents/Developer/Toolchains/XcodeDefault.xctoolchain/usr/bin/swiftc --version

ExecuteExternalTool /Applications/Xcode.app/Contents/Developer/Toolchains/XcodeDefault.xctoolchain/usr/bin/ld -version_details

Build description signature: e63f73ab4137b7c409538bd21a50f2c5
Build description path: /tmp/nosfy-cartes-dd/Build/Intermediates.noindex/XCBuildData/e63f73ab4137b7c409538bd21a50f2c5.xcbuilddata
ClangStatCache /Applications/Xcode.app/Contents/Developer/Toolchains/XcodeDefault.xctoolchain/usr/bin/clang-stat-cache /Applications/Xcode.app/Contents/Developer/Platforms/iPhoneSimulator.platform/Developer/SDKs/iPhoneSimulator26.5.sdk /tmp/nosfy-cartes-dd/SDKStatCaches.noindex/iphonesimulator26.5-23F73-688ef53f1462e2c8f657fdc38a81448f6cfe768891a92b912361537c460fe42b.sdkstatcache
    cd /Users/kathryn/Desktop/Nosfy/Nosfy.xcodeproj
    /Applications/Xcode.app/Contents/Developer/Toolchains/XcodeDefault.xctoolchain/usr/bin/clang-stat-cache /Applications/Xcode.app/Contents/Developer/Platforms/iPhoneSimulator.platform/Developer/SDKs/iPhoneSimulator26.5.sdk -o /tmp/nosfy-cartes-dd/SDKStatCaches.noindex/iphonesimulator26.5-23F73-688ef53f1462e2c8f657fdc38a81448f6cfe768891a92b912361537c460fe42b.sdkstatcache

CreateBuildDirectory /tmp/nosfy-cartes-dd/Build/Products
    cd /Users/kathryn/Desktop/Nosfy/Nosfy.xcodeproj
    builtin-create-build-directory /tmp/nosfy-cartes-dd/Build/Products

CreateBuildDirectory /tmp/nosfy-cartes-dd/Build/Intermediates.noindex
    cd /Users/kathryn/Desktop/Nosfy/Nosfy.xcodeproj
    builtin-create-build-directory /tmp/nosfy-cartes-dd/Build/Intermediates.noindex

CreateBuildDirectory /tmp/nosfy-cartes-dd/Build/Intermediates.noindex/SwiftExplicitPrecompiledModules
    cd /Users/kathryn/Desktop/Nosfy/Nosfy.xcodeproj
    builtin-create-build-directory /tmp/nosfy-cartes-dd/Build/Intermediates.noindex/SwiftExplicitPrecompiledModules

CreateBuildDirectory /tmp/nosfy-cartes-dd/Build/Products/Debug-iphonesimulator
    cd /Users/kathryn/Desktop/Nosfy/Nosfy.xcodeproj
    builtin-create-build-directory /tmp/nosfy-cartes-dd/Build/Products/Debug-iphonesimulator

CreateBuildDirectory /tmp/nosfy-cartes-dd/Build/Intermediates.noindex/ExplicitPrecompiledModules
    cd /Users/kathryn/Desktop/Nosfy/Nosfy.xcodeproj
    builtin-create-build-directory /tmp/nosfy-cartes-dd/Build/Intermediates.noindex/ExplicitPrecompiledModules

CreateBuildDirectory /tmp/nosfy-cartes-dd/Build/Intermediates.noindex/EagerLinkingTBDs/Debug-iphonesimulator
    cd /Users/kathryn/Desktop/Nosfy/Nosfy.xcodeproj
    builtin-create-build-directory /tmp/nosfy-cartes-dd/Build/Intermediates.noindex/EagerLinkingTBDs/Debug-iphonesimulator

WriteAuxiliaryFile /tmp/nosfy-cartes-dd/Build/Intermediates.noindex/Nosfy.build/Debug-iphonesimulator/Nosfy-79457564d8ce4e0e3822ec51709fb743-VFS-iphonesimulator/all-product-headers.yaml
    cd /Users/kathryn/Desktop/Nosfy/Nosfy.xcodeproj
    write-file /tmp/nosfy-cartes-dd/Build/Intermediates.noindex/Nosfy.build/Debug-iphonesimulator/Nosfy-79457564d8ce4e0e3822ec51709fb743-VFS-iphonesimulator/all-product-headers.yaml

WriteAuxiliaryFile /tmp/nosfy-cartes-dd/Build/Intermediates.noindex/Nosfy.build/Debug-iphonesimulator/NosfyWidgets.build/NosfyWidgets.hmap (in target 'NosfyWidgets' from project 'Nosfy')
    cd /Users/kathryn/Desktop/Nosfy
    write-file /tmp/nosfy-cartes-dd/Build/Intermediates.noindex/Nosfy.build/Debug-iphonesimulator/NosfyWidgets.build/NosfyWidgets.hmap

WriteAuxiliaryFile /tmp/nosfy-cartes-dd/Build/Intermediates.noindex/Nosfy.build/Debug-iphonesimulator/NosfyWidgets.build/NosfyWidgets-project-headers.hmap (in target 'NosfyWidgets' from project 'Nosfy')
    cd /Users/kathryn/Desktop/Nosfy
    write-file /tmp/nosfy-cartes-dd/Build/Intermediates.noindex/Nosfy.build/Debug-iphonesimulator/NosfyWidgets.build/NosfyWidgets-project-headers.hmap

WriteAuxiliaryFile /tmp/nosfy-cartes-dd/Build/Intermediates.noindex/Nosfy.build/Debug-iphonesimulator/Nosfy.build/Objects-normal/x86_64/Nosfy.LinkFileList (in target 'Nosfy' from project 'Nosfy')
    cd /Users/kathryn/Desktop/Nosfy
    write-file /tmp/nosfy-cartes-dd/Build/Intermediates.noindex/Nosfy.build/Debug-iphonesimulator/Nosfy.build/Objects-normal/x86_64/Nosfy.LinkFileList

WriteAuxiliaryFile /tmp/nosfy-cartes-dd/Build/Intermediates.noindex/Nosfy.build/Debug-iphonesimulator/NosfyWidgets.build/Objects-normal/x86_64/NosfyWidgets_const_extract_protocols.json (in target 'NosfyWidgets' from project 'Nosfy')
    cd /Users/kathryn/Desktop/Nosfy
    write-file /tmp/nosfy-cartes-dd/Build/Intermediates.noindex/Nosfy.build/Debug-iphonesimulator/NosfyWidgets.build/Objects-normal/x86_64/NosfyWidgets_const_extract_protocols.json

WriteAuxiliaryFile /tmp/nosfy-cartes-dd/Build/Intermediates.noindex/Nosfy.build/Debug-iphonesimulator/NosfyWidgets.build/Objects-normal/x86_64/NosfyWidgets-OutputFileMap.json (in target 'NosfyWidgets' from project 'Nosfy')
    cd /Users/kathryn/Desktop/Nosfy
    write-file /tmp/nosfy-cartes-dd/Build/Intermediates.noindex/Nosfy.build/Debug-iphonesimulator/NosfyWidgets.build/Objects-normal/x86_64/NosfyWidgets-OutputFileMap.json

WriteAuxiliaryFile /tmp/nosfy-cartes-dd/Build/Intermediates.noindex/Nosfy.build/Debug-iphonesimulator/Nosfy.build/Objects-normal/x86_64/Nosfy_const_extract_protocols.json (in target 'Nosfy' from project 'Nosfy')
    cd /Users/kathryn/Desktop/Nosfy
    write-file /tmp/nosfy-cartes-dd/Build/Intermediates.noindex/Nosfy.build/Debug-iphonesimulator/Nosfy.build/Objects-normal/x86_64/Nosfy_const_extract_protocols.json

WriteAuxiliaryFile /tmp/nosfy-cartes-dd/Build/Intermediates.noindex/Nosfy.build/Debug-iphonesimulator/NosfyWidgets.build/Objects-normal/x86_64/NosfyWidgets.SwiftFileList (in target 'NosfyWidgets' from project 'Nosfy')
    cd /Users/kathryn/Desktop/Nosfy
    write-file /tmp/nosfy-cartes-dd/Build/Intermediates.noindex/Nosfy.build/Debug-iphonesimulator/NosfyWidgets.build/Objects-normal/x86_64/NosfyWidgets.SwiftFileList

WriteAuxiliaryFile /tmp/nosfy-cartes-dd/Build/Intermediates.noindex/Nosfy.build/Debug-iphonesimulator/Nosfy.build/Objects-normal/x86_64/Nosfy-OutputFileMap.json (in target 'Nosfy' from project 'Nosfy')
    cd /Users/kathryn/Desktop/Nosfy
    write-file /tmp/nosfy-cartes-dd/Build/Intermediates.noindex/Nosfy.build/Debug-iphonesimulator/Nosfy.build/Objects-normal/x86_64/Nosfy-OutputFileMap.json

WriteAuxiliaryFile /tmp/nosfy-cartes-dd/Build/Intermediates.noindex/Nosfy.build/Debug-iphonesimulator/Nosfy.build/Objects-normal/arm64/Nosfy_const_extract_protocols.json (in target 'Nosfy' from project 'Nosfy')
    cd /Users/kathryn/Desktop/Nosfy
    write-file /tmp/nosfy-cartes-dd/Build/Intermediates.noindex/Nosfy.build/Debug-iphonesimulator/Nosfy.build/Objects-normal/arm64/Nosfy_const_extract_protocols.json

WriteAuxiliaryFile /tmp/nosfy-cartes-dd/Build/Intermediates.noindex/Nosfy.build/Debug-iphonesimulator/NosfyWidgets.build/Objects-normal/x86_64/NosfyWidgets.SwiftConstValuesFileList (in target 'NosfyWidgets' from project 'Nosfy')
    cd /Users/kathryn/Desktop/Nosfy
    write-file /tmp/nosfy-cartes-dd/Build/Intermediates.noindex/Nosfy.build/Debug-iphonesimulator/NosfyWidgets.build/Objects-normal/x86_64/NosfyWidgets.SwiftConstValuesFileList

WriteAuxiliaryFile /tmp/nosfy-cartes-dd/Build/Intermediates.noindex/Nosfy.build/Debug-iphonesimulator/NosfyWidgets.build/Objects-normal/x86_64/NosfyWidgets.LinkFileList (in target 'NosfyWidgets' from project 'Nosfy')
    cd /Users/kathryn/Desktop/Nosfy
    write-file /tmp/nosfy-cartes-dd/Build/Intermediates.noindex/Nosfy.build/Debug-iphonesimulator/NosfyWidgets.build/Objects-normal/x86_64/NosfyWidgets.LinkFileList

WriteAuxiliaryFile /tmp/nosfy-cartes-dd/Build/Intermediates.noindex/Nosfy.build/Debug-iphonesimulator/NosfyWidgets.build/Objects-normal/arm64/NosfyWidgets.SwiftConstValuesFileList (in target 'NosfyWidgets' from project 'Nosfy')
    cd /Users/kathryn/Desktop/Nosfy
    write-file /tmp/nosfy-cartes-dd/Build/Intermediates.noindex/Nosfy.build/Debug-iphonesimulator/NosfyWidgets.build/Objects-normal/arm64/NosfyWidgets.SwiftConstValuesFileList

WriteAuxiliaryFile /tmp/nosfy-cartes-dd/Build/Intermediates.noindex/Nosfy.build/Debug-iphonesimulator/NosfyWidgets.build/Objects-normal/arm64/NosfyWidgets_const_extract_protocols.json (in target 'NosfyWidgets' from project 'Nosfy')
    cd /Users/kathryn/Desktop/Nosfy
    write-file /tmp/nosfy-cartes-dd/Build/Intermediates.noindex/Nosfy.build/Debug-iphonesimulator/NosfyWidgets.build/Objects-normal/arm64/NosfyWidgets_const_extract_protocols.json

WriteAuxiliaryFile /tmp/nosfy-cartes-dd/Build/Intermediates.noindex/Nosfy.build/Debug-iphonesimulator/NosfyWidgets.build/Objects-normal/arm64/NosfyWidgets.LinkFileList (in target 'NosfyWidgets' from project 'Nosfy')
    cd /Users/kathryn/Desktop/Nosfy
    write-file /tmp/nosfy-cartes-dd/Build/Intermediates.noindex/Nosfy.build/Debug-iphonesimulator/NosfyWidgets.build/Objects-normal/arm64/NosfyWidgets.LinkFileList

WriteAuxiliaryFile /tmp/nosfy-cartes-dd/Build/Intermediates.noindex/Nosfy.build/Debug-iphonesimulator/NosfyWidgets.build/Objects-normal/arm64/NosfyWidgets.SwiftFileList (in target 'NosfyWidgets' from project 'Nosfy')
    cd /Users/kathryn/Desktop/Nosfy
    write-file /tmp/nosfy-cartes-dd/Build/Intermediates.noindex/Nosfy.build/Debug-iphonesimulator/NosfyWidgets.build/Objects-normal/arm64/NosfyWidgets.SwiftFileList

WriteAuxiliaryFile /tmp/nosfy-cartes-dd/Build/Intermediates.noindex/Nosfy.build/Debug-iphonesimulator/NosfyWidgets.build/Objects-normal/arm64/NosfyWidgets-OutputFileMap.json (in target 'NosfyWidgets' from project 'Nosfy')
    cd /Users/kathryn/Desktop/Nosfy
    write-file /tmp/nosfy-cartes-dd/Build/Intermediates.noindex/Nosfy.build/Debug-iphonesimulator/NosfyWidgets.build/Objects-normal/arm64/NosfyWidgets-OutputFileMap.json

WriteAuxiliaryFile /tmp/nosfy-cartes-dd/Build/Intermediates.noindex/Nosfy.build/Debug-iphonesimulator/NosfyWidgets.build/NosfyWidgets.DependencyStaticMetadataFileList (in target 'NosfyWidgets' from project 'Nosfy')
    cd /Users/kathryn/Desktop/Nosfy
    write-file /tmp/nosfy-cartes-dd/Build/Intermediates.noindex/Nosfy.build/Debug-iphonesimulator/NosfyWidgets.build/NosfyWidgets.DependencyStaticMetadataFileList

WriteAuxiliaryFile /tmp/nosfy-cartes-dd/Build/Intermediates.noindex/Nosfy.build/Debug-iphonesimulator/NosfyWidgets.build/NosfyWidgets.DependencyMetadataFileList (in target 'NosfyWidgets' from project 'Nosfy')
    cd /Users/kathryn/Desktop/Nosfy
    write-file /tmp/nosfy-cartes-dd/Build/Intermediates.noindex/Nosfy.build/Debug-iphonesimulator/NosfyWidgets.build/NosfyWidgets.DependencyMetadataFileList

WriteAuxiliaryFile /tmp/nosfy-cartes-dd/Build/Intermediates.noindex/Nosfy.build/Debug-iphonesimulator/NosfyWidgets.build/NosfyWidgets-own-target-headers.hmap (in target 'NosfyWidgets' from project 'Nosfy')
    cd /Users/kathryn/Desktop/Nosfy
    write-file /tmp/nosfy-cartes-dd/Build/Intermediates.noindex/Nosfy.build/Debug-iphonesimulator/NosfyWidgets.build/NosfyWidgets-own-target-headers.hmap

WriteAuxiliaryFile /tmp/nosfy-cartes-dd/Build/Intermediates.noindex/Nosfy.build/Debug-iphonesimulator/NosfyWidgets.build/NosfyWidgets-generated-files.hmap (in target 'NosfyWidgets' from project 'Nosfy')
    cd /Users/kathryn/Desktop/Nosfy
    write-file /tmp/nosfy-cartes-dd/Build/Intermediates.noindex/Nosfy.build/Debug-iphonesimulator/NosfyWidgets.build/NosfyWidgets-generated-files.hmap

WriteAuxiliaryFile /tmp/nosfy-cartes-dd/Build/Intermediates.noindex/Nosfy.build/Debug-iphonesimulator/NosfyWidgets.build/NosfyWidgets-all-target-headers.hmap (in target 'NosfyWidgets' from project 'Nosfy')
    cd /Users/kathryn/Desktop/Nosfy
    write-file /tmp/nosfy-cartes-dd/Build/Intermediates.noindex/Nosfy.build/Debug-iphonesimulator/NosfyWidgets.build/NosfyWidgets-all-target-headers.hmap

WriteAuxiliaryFile /tmp/nosfy-cartes-dd/Build/Intermediates.noindex/Nosfy.build/Debug-iphonesimulator/NosfyWidgets.build/NosfyWidgets-all-non-framework-target-headers.hmap (in target 'NosfyWidgets' from project 'Nosfy')
    cd /Users/kathryn/Desktop/Nosfy
    write-file /tmp/nosfy-cartes-dd/Build/Intermediates.noindex/Nosfy.build/Debug-iphonesimulator/NosfyWidgets.build/NosfyWidgets-all-non-framework-target-headers.hmap

WriteAuxiliaryFile /tmp/nosfy-cartes-dd/Build/Intermediates.noindex/Nosfy.build/Debug-iphonesimulator/NosfyWidgets.build/NosfyWidgets-DebugEntryPoint-normal-x86_64.txt (in target 'NosfyWidgets' from project 'Nosfy')
    cd /Users/kathryn/Desktop/Nosfy
    write-file /tmp/nosfy-cartes-dd/Build/Intermediates.noindex/Nosfy.build/Debug-iphonesimulator/NosfyWidgets.build/NosfyWidgets-DebugEntryPoint-normal-x86_64.txt

WriteAuxiliaryFile /tmp/nosfy-cartes-dd/Build/Intermediates.noindex/Nosfy.build/Debug-iphonesimulator/NosfyWidgets.build/NosfyWidgets-DebugEntryPoint-normal-arm64.txt (in target 'NosfyWidgets' from project 'Nosfy')
    cd /Users/kathryn/Desktop/Nosfy
    write-file /tmp/nosfy-cartes-dd/Build/Intermediates.noindex/Nosfy.build/Debug-iphonesimulator/NosfyWidgets.build/NosfyWidgets-DebugEntryPoint-normal-arm64.txt

WriteAuxiliaryFile /tmp/nosfy-cartes-dd/Build/Intermediates.noindex/Nosfy.build/Debug-iphonesimulator/NosfyWidgets.build/NosfyWidgets-DebugDylibPath-normal-x86_64.txt (in target 'NosfyWidgets' from project 'Nosfy')
    cd /Users/kathryn/Desktop/Nosfy
    write-file /tmp/nosfy-cartes-dd/Build/Intermediates.noindex/Nosfy.build/Debug-iphonesimulator/NosfyWidgets.build/NosfyWidgets-DebugDylibPath-normal-x86_64.txt

WriteAuxiliaryFile /tmp/nosfy-cartes-dd/Build/Intermediates.noindex/Nosfy.build/Debug-iphonesimulator/NosfyWidgets.build/NosfyWidgets-DebugDylibPath-normal-arm64.txt (in target 'NosfyWidgets' from project 'Nosfy')
    cd /Users/kathryn/Desktop/Nosfy
    write-file /tmp/nosfy-cartes-dd/Build/Intermediates.noindex/Nosfy.build/Debug-iphonesimulator/NosfyWidgets.build/NosfyWidgets-DebugDylibPath-normal-arm64.txt

WriteAuxiliaryFile /tmp/nosfy-cartes-dd/Build/Intermediates.noindex/Nosfy.build/Debug-iphonesimulator/NosfyWidgets.build/NosfyWidgets-DebugDylibInstallName-normal-x86_64.txt (in target 'NosfyWidgets' from project 'Nosfy')
    cd /Users/kathryn/Desktop/Nosfy
    write-file /tmp/nosfy-cartes-dd/Build/Intermediates.noindex/Nosfy.build/Debug-iphonesimulator/NosfyWidgets.build/NosfyWidgets-DebugDylibInstallName-normal-x86_64.txt

WriteAuxiliaryFile /tmp/nosfy-cartes-dd/Build/Intermediates.noindex/Nosfy.build/Debug-iphonesimulator/NosfyWidgets.build/NosfyWidgets-DebugDylibInstallName-normal-arm64.txt (in target 'NosfyWidgets' from project 'Nosfy')
    cd /Users/kathryn/Desktop/Nosfy
    write-file /tmp/nosfy-cartes-dd/Build/Intermediates.noindex/Nosfy.build/Debug-iphonesimulator/NosfyWidgets.build/NosfyWidgets-DebugDylibInstallName-normal-arm64.txt

WriteAuxiliaryFile /tmp/nosfy-cartes-dd/Build/Intermediates.noindex/Nosfy.build/Debug-iphonesimulator/Nosfy.build/Objects-normal/x86_64/Nosfy.SwiftFileList (in target 'Nosfy' from project 'Nosfy')
    cd /Users/kathryn/Desktop/Nosfy
    write-file /tmp/nosfy-cartes-dd/Build/Intermediates.noindex/Nosfy.build/Debug-iphonesimulator/Nosfy.build/Objects-normal/x86_64/Nosfy.SwiftFileList

WriteAuxiliaryFile /tmp/nosfy-cartes-dd/Build/Intermediates.noindex/Nosfy.build/Debug-iphonesimulator/Nosfy.build/Objects-normal/x86_64/Nosfy.SwiftConstValuesFileList (in target 'Nosfy' from project 'Nosfy')
    cd /Users/kathryn/Desktop/Nosfy
    write-file /tmp/nosfy-cartes-dd/Build/Intermediates.noindex/Nosfy.build/Debug-iphonesimulator/Nosfy.build/Objects-normal/x86_64/Nosfy.SwiftConstValuesFileList

WriteAuxiliaryFile /tmp/nosfy-cartes-dd/Build/Intermediates.noindex/Nosfy.build/Debug-iphonesimulator/Nosfy.build/Objects-normal/arm64/Nosfy.SwiftFileList (in target 'Nosfy' from project 'Nosfy')
    cd /Users/kathryn/Desktop/Nosfy
    write-file /tmp/nosfy-cartes-dd/Build/Intermediates.noindex/Nosfy.build/Debug-iphonesimulator/Nosfy.build/Objects-normal/arm64/Nosfy.SwiftFileList

WriteAuxiliaryFile /tmp/nosfy-cartes-dd/Build/Intermediates.noindex/Nosfy.build/Debug-iphonesimulator/Nosfy.build/Objects-normal/arm64/Nosfy.SwiftConstValuesFileList (in target 'Nosfy' from project 'Nosfy')
    cd /Users/kathryn/Desktop/Nosfy
    write-file /tmp/nosfy-cartes-dd/Build/Intermediates.noindex/Nosfy.build/Debug-iphonesimulator/Nosfy.build/Objects-normal/arm64/Nosfy.SwiftConstValuesFileList

WriteAuxiliaryFile /tmp/nosfy-cartes-dd/Build/Intermediates.noindex/Nosfy.build/Debug-iphonesimulator/Nosfy.build/Objects-normal/arm64/Nosfy.LinkFileList (in target 'Nosfy' from project 'Nosfy')
    cd /Users/kathryn/Desktop/Nosfy
    write-file /tmp/nosfy-cartes-dd/Build/Intermediates.noindex/Nosfy.build/Debug-iphonesimulator/Nosfy.build/Objects-normal/arm64/Nosfy.LinkFileList

WriteAuxiliaryFile /tmp/nosfy-cartes-dd/Build/Intermediates.noindex/Nosfy.build/Debug-iphonesimulator/Nosfy.build/Objects-normal/arm64/Nosfy-OutputFileMap.json (in target 'Nosfy' from project 'Nosfy')
    cd /Users/kathryn/Desktop/Nosfy
    write-file /tmp/nosfy-cartes-dd/Build/Intermediates.noindex/Nosfy.build/Debug-iphonesimulator/Nosfy.build/Objects-normal/arm64/Nosfy-OutputFileMap.json

WriteAuxiliaryFile /tmp/nosfy-cartes-dd/Build/Intermediates.noindex/Nosfy.build/Debug-iphonesimulator/Nosfy.build/Nosfy.hmap (in target 'Nosfy' from project 'Nosfy')
    cd /Users/kathryn/Desktop/Nosfy
    write-file /tmp/nosfy-cartes-dd/Build/Intermediates.noindex/Nosfy.build/Debug-iphonesimulator/Nosfy.build/Nosfy.hmap

WriteAuxiliaryFile /tmp/nosfy-cartes-dd/Build/Intermediates.noindex/Nosfy.build/Debug-iphonesimulator/Nosfy.build/Nosfy.DependencyStaticMetadataFileList (in target 'Nosfy' from project 'Nosfy')
    cd /Users/kathryn/Desktop/Nosfy
    write-file /tmp/nosfy-cartes-dd/Build/Intermediates.noindex/Nosfy.build/Debug-iphonesimulator/Nosfy.build/Nosfy.DependencyStaticMetadataFileList

WriteAuxiliaryFile /tmp/nosfy-cartes-dd/Build/Intermediates.noindex/Nosfy.build/Debug-iphonesimulator/Nosfy.build/Nosfy-project-headers.hmap (in target 'Nosfy' from project 'Nosfy')
    cd /Users/kathryn/Desktop/Nosfy
    write-file /tmp/nosfy-cartes-dd/Build/Intermediates.noindex/Nosfy.build/Debug-iphonesimulator/Nosfy.build/Nosfy-project-headers.hmap

WriteAuxiliaryFile /tmp/nosfy-cartes-dd/Build/Intermediates.noindex/Nosfy.build/Debug-iphonesimulator/Nosfy.build/Nosfy.DependencyMetadataFileList (in target 'Nosfy' from project 'Nosfy')
    cd /Users/kathryn/Desktop/Nosfy
    write-file /tmp/nosfy-cartes-dd/Build/Intermediates.noindex/Nosfy.build/Debug-iphonesimulator/Nosfy.build/Nosfy.DependencyMetadataFileList

WriteAuxiliaryFile /tmp/nosfy-cartes-dd/Build/Intermediates.noindex/Nosfy.build/Debug-iphonesimulator/Nosfy.build/Nosfy-own-target-headers.hmap (in target 'Nosfy' from project 'Nosfy')
    cd /Users/kathryn/Desktop/Nosfy
    write-file /tmp/nosfy-cartes-dd/Build/Intermediates.noindex/Nosfy.build/Debug-iphonesimulator/Nosfy.build/Nosfy-own-target-headers.hmap

WriteAuxiliaryFile /tmp/nosfy-cartes-dd/Build/Intermediates.noindex/Nosfy.build/Debug-iphonesimulator/Nosfy.build/Nosfy-all-target-headers.hmap (in target 'Nosfy' from project 'Nosfy')
    cd /Users/kathryn/Desktop/Nosfy
    write-file /tmp/nosfy-cartes-dd/Build/Intermediates.noindex/Nosfy.build/Debug-iphonesimulator/Nosfy.build/Nosfy-all-target-headers.hmap

WriteAuxiliaryFile /tmp/nosfy-cartes-dd/Build/Intermediates.noindex/Nosfy.build/Debug-iphonesimulator/Nosfy.build/Nosfy-generated-files.hmap (in target 'Nosfy' from project 'Nosfy')
    cd /Users/kathryn/Desktop/Nosfy
    write-file /tmp/nosfy-cartes-dd/Build/Intermediates.noindex/Nosfy.build/Debug-iphonesimulator/Nosfy.build/Nosfy-generated-files.hmap

WriteAuxiliaryFile /tmp/nosfy-cartes-dd/Build/Intermediates.noindex/Nosfy.build/Debug-iphonesimulator/Nosfy.build/Nosfy-all-non-framework-target-headers.hmap (in target 'Nosfy' from project 'Nosfy')
    cd /Users/kathryn/Desktop/Nosfy
    write-file /tmp/nosfy-cartes-dd/Build/Intermediates.noindex/Nosfy.build/Debug-iphonesimulator/Nosfy.build/Nosfy-all-non-framework-target-headers.hmap

WriteAuxiliaryFile /tmp/nosfy-cartes-dd/Build/Intermediates.noindex/Nosfy.build/Debug-iphonesimulator/Nosfy.build/Nosfy-DebugDylibPath-normal-x86_64.txt (in target 'Nosfy' from project 'Nosfy')
    cd /Users/kathryn/Desktop/Nosfy
    write-file /tmp/nosfy-cartes-dd/Build/Intermediates.noindex/Nosfy.build/Debug-iphonesimulator/Nosfy.build/Nosfy-DebugDylibPath-normal-x86_64.txt

WriteAuxiliaryFile /tmp/nosfy-cartes-dd/Build/Intermediates.noindex/Nosfy.build/Debug-iphonesimulator/Nosfy.build/Nosfy-DebugDylibPath-normal-arm64.txt (in target 'Nosfy' from project 'Nosfy')
    cd /Users/kathryn/Desktop/Nosfy
    write-file /tmp/nosfy-cartes-dd/Build/Intermediates.noindex/Nosfy.build/Debug-iphonesimulator/Nosfy.build/Nosfy-DebugDylibPath-normal-arm64.txt

WriteAuxiliaryFile /tmp/nosfy-cartes-dd/Build/Intermediates.noindex/Nosfy.build/Debug-iphonesimulator/Nosfy.build/Nosfy-DebugDylibInstallName-normal-x86_64.txt (in target 'Nosfy' from project 'Nosfy')
    cd /Users/kathryn/Desktop/Nosfy
    write-file /tmp/nosfy-cartes-dd/Build/Intermediates.noindex/Nosfy.build/Debug-iphonesimulator/Nosfy.build/Nosfy-DebugDylibInstallName-normal-x86_64.txt

WriteAuxiliaryFile /tmp/nosfy-cartes-dd/Build/Intermediates.noindex/Nosfy.build/Debug-iphonesimulator/Nosfy.build/Nosfy-DebugDylibInstallName-normal-arm64.txt (in target 'Nosfy' from project 'Nosfy')
    cd /Users/kathryn/Desktop/Nosfy
    write-file /tmp/nosfy-cartes-dd/Build/Intermediates.noindex/Nosfy.build/Debug-iphonesimulator/Nosfy.build/Nosfy-DebugDylibInstallName-normal-arm64.txt

MkDir /tmp/nosfy-cartes-dd/Build/Products/Debug-iphonesimulator/NosfyWidgets.appex (in target 'NosfyWidgets' from project 'Nosfy')
    cd /Users/kathryn/Desktop/Nosfy
    /bin/mkdir -p /tmp/nosfy-cartes-dd/Build/Products/Debug-iphonesimulator/NosfyWidgets.appex

MkDir /tmp/nosfy-cartes-dd/Build/Products/Debug-iphonesimulator/Nosfy.app/PlugIns (in target 'Nosfy' from project 'Nosfy')
    cd /Users/kathryn/Desktop/Nosfy
    /bin/mkdir -p /tmp/nosfy-cartes-dd/Build/Products/Debug-iphonesimulator/Nosfy.app/PlugIns

MkDir /tmp/nosfy-cartes-dd/Build/Products/Debug-iphonesimulator/Nosfy.app (in target 'Nosfy' from project 'Nosfy')
    cd /Users/kathryn/Desktop/Nosfy
    /bin/mkdir -p /tmp/nosfy-cartes-dd/Build/Products/Debug-iphonesimulator/Nosfy.app

MkDir /tmp/nosfy-cartes-dd/Build/Intermediates.noindex/Nosfy.build/Debug-iphonesimulator/NosfyWidgets.build/assetcatalog_output/thinned (in target 'NosfyWidgets' from project 'Nosfy')
    cd /Users/kathryn/Desktop/Nosfy
    /bin/mkdir -p /tmp/nosfy-cartes-dd/Build/Intermediates.noindex/Nosfy.build/Debug-iphonesimulator/NosfyWidgets.build/assetcatalog_output/thinned

Ld /tmp/nosfy-cartes-dd/Build/Intermediates.noindex/Nosfy.build/Debug-iphonesimulator/NosfyWidgets.build/Objects-normal/arm64/Binary/__preview.dylib normal arm64 (in target 'NosfyWidgets' from project 'Nosfy')
    cd /Users/kathryn/Desktop/Nosfy
    /Applications/Xcode.app/Contents/Developer/Toolchains/XcodeDefault.xctoolchain/usr/bin/clang -Xlinker -reproducible -target arm64-apple-ios26.0-simulator -dynamiclib -isysroot /Applications/Xcode.app/Contents/Developer/Platforms/iPhoneSimulator.platform/Developer/SDKs/iPhoneSimulator26.5.sdk -O0 -L/tmp/nosfy-cartes-dd/Build/Products/Debug-iphonesimulator -F/tmp/nosfy-cartes-dd/Build/Products/Debug-iphonesimulator -install_name @rpath/NosfyWidgets.debug.dylib -Xlinker -dead_strip -rdynamic -Xlinker -no_deduplicate -Xlinker -objc_abi_version -Xlinker 2 -Xlinker -dependency_info -Xlinker /tmp/nosfy-cartes-dd/Build/Intermediates.noindex/Nosfy.build/Debug-iphonesimulator/NosfyWidgets.build/Objects-normal/arm64/NosfyWidgets_dependency_info.dat -o /tmp/nosfy-cartes-dd/Build/Intermediates.noindex/Nosfy.build/Debug-iphonesimulator/NosfyWidgets.build/Objects-normal/arm64/Binary/__preview.dylib

MkDir /tmp/nosfy-cartes-dd/Build/Intermediates.noindex/Nosfy.build/Debug-iphonesimulator/NosfyWidgets.build/assetcatalog_output/unthinned (in target 'NosfyWidgets' from project 'Nosfy')
    cd /Users/kathryn/Desktop/Nosfy
    /bin/mkdir -p /tmp/nosfy-cartes-dd/Build/Intermediates.noindex/Nosfy.build/Debug-iphonesimulator/NosfyWidgets.build/assetcatalog_output/unthinned

Ld /tmp/nosfy-cartes-dd/Build/Intermediates.noindex/Nosfy.build/Debug-iphonesimulator/NosfyWidgets.build/Objects-normal/x86_64/Binary/__preview.dylib normal x86_64 (in target 'NosfyWidgets' from project 'Nosfy')
    cd /Users/kathryn/Desktop/Nosfy
    /Applications/Xcode.app/Contents/Developer/Toolchains/XcodeDefault.xctoolchain/usr/bin/clang -Xlinker -reproducible -target x86_64-apple-ios26.0-simulator -dynamiclib -isysroot /Applications/Xcode.app/Contents/Developer/Platforms/iPhoneSimulator.platform/Developer/SDKs/iPhoneSimulator26.5.sdk -O0 -L/tmp/nosfy-cartes-dd/Build/Products/Debug-iphonesimulator -F/tmp/nosfy-cartes-dd/Build/Products/Debug-iphonesimulator -install_name @rpath/NosfyWidgets.debug.dylib -Xlinker -dead_strip -rdynamic -Xlinker -no_deduplicate -Xlinker -objc_abi_version -Xlinker 2 -Xlinker -dependency_info -Xlinker /tmp/nosfy-cartes-dd/Build/Intermediates.noindex/Nosfy.build/Debug-iphonesimulator/NosfyWidgets.build/Objects-normal/x86_64/NosfyWidgets_dependency_info.dat -o /tmp/nosfy-cartes-dd/Build/Intermediates.noindex/Nosfy.build/Debug-iphonesimulator/NosfyWidgets.build/Objects-normal/x86_64/Binary/__preview.dylib

GenerateAssetSymbols /Users/kathryn/Desktop/Nosfy/NosfyShared/LiveAssets.xcassets (in target 'NosfyWidgets' from project 'Nosfy')
    cd /Users/kathryn/Desktop/Nosfy
    /Applications/Xcode.app/Contents/Developer/usr/bin/actool /Users/kathryn/Desktop/Nosfy/NosfyShared/LiveAssets.xcassets --compile /tmp/nosfy-cartes-dd/Build/Products/Debug-iphonesimulator/NosfyWidgets.appex --output-format human-readable-text --notices --warnings --export-dependency-info /tmp/nosfy-cartes-dd/Build/Intermediates.noindex/Nosfy.build/Debug-iphonesimulator/NosfyWidgets.build/assetcatalog_dependencies --output-partial-info-plist /tmp/nosfy-cartes-dd/Build/Intermediates.noindex/Nosfy.build/Debug-iphonesimulator/NosfyWidgets.build/assetcatalog_generated_info.plist --compress-pngs --enable-on-demand-resources NO --standalone-icon-behavior all --development-region fr --target-device iphone --minimum-deployment-target 26.0 --platform iphonesimulator --bundle-identifier fr.kathryn.woop.WoopWidgets --generate-swift-asset-symbol-extensions NO --generate-swift-asset-symbols /tmp/nosfy-cartes-dd/Build/Intermediates.noindex/Nosfy.build/Debug-iphonesimulator/NosfyWidgets.build/DerivedSources/GeneratedAssetSymbols.swift --generate-objc-asset-symbols /tmp/nosfy-cartes-dd/Build/Intermediates.noindex/Nosfy.build/Debug-iphonesimulator/NosfyWidgets.build/DerivedSources/GeneratedAssetSymbols.h --generate-asset-symbol-index /tmp/nosfy-cartes-dd/Build/Intermediates.noindex/Nosfy.build/Debug-iphonesimulator/NosfyWidgets.build/DerivedSources/GeneratedAssetSymbols-Index.plist
/* com.apple.actool.compilation-results */
/tmp/nosfy-cartes-dd/Build/Intermediates.noindex/Nosfy.build/Debug-iphonesimulator/NosfyWidgets.build/DerivedSources/GeneratedAssetSymbols-Index.plist
/tmp/nosfy-cartes-dd/Build/Intermediates.noindex/Nosfy.build/Debug-iphonesimulator/NosfyWidgets.build/DerivedSources/GeneratedAssetSymbols.h
/tmp/nosfy-cartes-dd/Build/Intermediates.noindex/Nosfy.build/Debug-iphonesimulator/NosfyWidgets.build/DerivedSources/GeneratedAssetSymbols.swift


CompileAssetCatalogVariant thinned /tmp/nosfy-cartes-dd/Build/Products/Debug-iphonesimulator/NosfyWidgets.appex /Users/kathryn/Desktop/Nosfy/NosfyShared/LiveAssets.xcassets (in target 'NosfyWidgets' from project 'Nosfy')
    cd /Users/kathryn/Desktop/Nosfy
    /Applications/Xcode.app/Contents/Developer/usr/bin/actool /Users/kathryn/Desktop/Nosfy/NosfyShared/LiveAssets.xcassets --compile /tmp/nosfy-cartes-dd/Build/Intermediates.noindex/Nosfy.build/Debug-iphonesimulator/NosfyWidgets.build/assetcatalog_output/thinned --output-format human-readable-text --notices --warnings --export-dependency-info /tmp/nosfy-cartes-dd/Build/Intermediates.noindex/Nosfy.build/Debug-iphonesimulator/NosfyWidgets.build/assetcatalog_dependencies_thinned --output-partial-info-plist /tmp/nosfy-cartes-dd/Build/Intermediates.noindex/Nosfy.build/Debug-iphonesimulator/NosfyWidgets.build/assetcatalog_generated_info.plist_thinned --compress-pngs --enable-on-demand-resources NO --standalone-icon-behavior all --development-region fr --target-device iphone --minimum-deployment-target 26.0 --platform iphonesimulator
/* com.apple.actool.compilation-results */
/tmp/nosfy-cartes-dd/Build/Intermediates.noindex/Nosfy.build/Debug-iphonesimulator/NosfyWidgets.build/assetcatalog_generated_info.plist_thinned
/tmp/nosfy-cartes-dd/Build/Intermediates.noindex/Nosfy.build/Debug-iphonesimulator/NosfyWidgets.build/assetcatalog_output/thinned/Assets.car


CreateUniversalBinary /tmp/nosfy-cartes-dd/Build/Products/Debug-iphonesimulator/NosfyWidgets.appex/__preview.dylib normal arm64\ x86_64 (in target 'NosfyWidgets' from project 'Nosfy')
    cd /Users/kathryn/Desktop/Nosfy
    /Applications/Xcode.app/Contents/Developer/Toolchains/XcodeDefault.xctoolchain/usr/bin/lipo -create /tmp/nosfy-cartes-dd/Build/Intermediates.noindex/Nosfy.build/Debug-iphonesimulator/NosfyWidgets.build/Objects-normal/arm64/Binary/__preview.dylib /tmp/nosfy-cartes-dd/Build/Intermediates.noindex/Nosfy.build/Debug-iphonesimulator/NosfyWidgets.build/Objects-normal/x86_64/Binary/__preview.dylib -output /tmp/nosfy-cartes-dd/Build/Products/Debug-iphonesimulator/NosfyWidgets.appex/__preview.dylib

SwiftDriver NosfyWidgets normal arm64 com.apple.xcode.tools.swift.compiler (in target 'NosfyWidgets' from project 'Nosfy')
    cd /Users/kathryn/Desktop/Nosfy
    builtin-SwiftDriver -- /Applications/Xcode.app/Contents/Developer/Toolchains/XcodeDefault.xctoolchain/usr/bin/swiftc -module-name NosfyWidgets -Onone @/tmp/nosfy-cartes-dd/Build/Intermediates.noindex/Nosfy.build/Debug-iphonesimulator/NosfyWidgets.build/Objects-normal/arm64/NosfyWidgets.SwiftFileList -DDEBUG -enable-bare-slash-regex -enable-experimental-feature DebugDescriptionMacro -sdk /Applications/Xcode.app/Contents/Developer/Platforms/iPhoneSimulator.platform/Developer/SDKs/iPhoneSimulator26.5.sdk -target arm64-apple-ios26.0-simulator -g -module-cache-path /tmp/nosfy-cartes-dd/ModuleCache.noindex -Xfrontend -serialize-debugging-options -application-extension -enable-testing -index-store-path /tmp/nosfy-cartes-dd/Index.noindex/DataStore -Xcc -D_LIBCPP_HARDENING_MODE\=_LIBCPP_HARDENING_MODE_DEBUG -swift-version 5 -I /tmp/nosfy-cartes-dd/Build/Products/Debug-iphonesimulator -F /tmp/nosfy-cartes-dd/Build/Products/Debug-iphonesimulator -emit-localized-strings -emit-localized-strings-path /tmp/nosfy-cartes-dd/Build/Intermediates.noindex/Nosfy.build/Debug-iphonesimulator/NosfyWidgets.build/Objects-normal/arm64 -c -j10 -enable-batch-mode -incremental -Xcc -ivfsstatcache -Xcc /tmp/nosfy-cartes-dd/SDKStatCaches.noindex/iphonesimulator26.5-23F73-688ef53f1462e2c8f657fdc38a81448f6cfe768891a92b912361537c460fe42b.sdkstatcache -output-file-map /tmp/nosfy-cartes-dd/Build/Intermediates.noindex/Nosfy.build/Debug-iphonesimulator/NosfyWidgets.build/Objects-normal/arm64/NosfyWidgets-OutputFileMap.json -use-frontend-parseable-output -save-temps -no-color-diagnostics -explicit-module-build -module-cache-path /tmp/nosfy-cartes-dd/Build/Intermediates.noindex/SwiftExplicitPrecompiledModules -clang-scanner-module-cache-path /tmp/nosfy-cartes-dd/ModuleCache.noindex -sdk-module-cache-path /tmp/nosfy-cartes-dd/ModuleCache.noindex -serialize-diagnostics -emit-dependencies -emit-module -emit-module-path /tmp/nosfy-cartes-dd/Build/Intermediates.noindex/Nosfy.build/Debug-iphonesimulator/NosfyWidgets.build/Objects-normal/arm64/NosfyWidgets.swiftmodule -validate-clang-modules-once -clang-build-session-file /tmp/nosfy-cartes-dd/ModuleCache.noindex/Session.modulevalidation -Xcc -I/tmp/nosfy-cartes-dd/Build/Intermediates.noindex/Nosfy.build/Debug-iphonesimulator/NosfyWidgets.build/swift-overrides.hmap -emit-const-values -Xfrontend -const-gather-protocols-file -Xfrontend /tmp/nosfy-cartes-dd/Build/Intermediates.noindex/Nosfy.build/Debug-iphonesimulator/NosfyWidgets.build/Objects-normal/arm64/NosfyWidgets_const_extract_protocols.json -Xcc -iquote -Xcc /tmp/nosfy-cartes-dd/Build/Intermediates.noindex/Nosfy.build/Debug-iphonesimulator/NosfyWidgets.build/NosfyWidgets-generated-files.hmap -Xcc -I/tmp/nosfy-cartes-dd/Build/Intermediates.noindex/Nosfy.build/Debug-iphonesimulator/NosfyWidgets.build/NosfyWidgets-own-target-headers.hmap -Xcc -I/tmp/nosfy-cartes-dd/Build/Intermediates.noindex/Nosfy.build/Debug-iphonesimulator/NosfyWidgets.build/NosfyWidgets-all-target-headers.hmap -Xcc -iquote -Xcc /tmp/nosfy-cartes-dd/Build/Intermediates.noindex/Nosfy.build/Debug-iphonesimulator/NosfyWidgets.build/NosfyWidgets-project-headers.hmap -Xcc -I/tmp/nosfy-cartes-dd/Build/Products/Debug-iphonesimulator/include -Xcc -I/tmp/nosfy-cartes-dd/Build/Intermediates.noindex/Nosfy.build/Debug-iphonesimulator/NosfyWidgets.build/DerivedSources-normal/arm64 -Xcc -I/tmp/nosfy-cartes-dd/Build/Intermediates.noindex/Nosfy.build/Debug-iphonesimulator/NosfyWidgets.build/DerivedSources/arm64 -Xcc -I/tmp/nosfy-cartes-dd/Build/Intermediates.noindex/Nosfy.build/Debug-iphonesimulator/NosfyWidgets.build/DerivedSources -Xcc -DDEBUG\=1 -emit-objc-header -emit-objc-header-path /tmp/nosfy-cartes-dd/Build/Intermediates.noindex/Nosfy.build/Debug-iphonesimulator/NosfyWidgets.build/Objects-normal/arm64/NosfyWidgets-Swift.h -working-directory /Users/kathryn/Desktop/Nosfy -experimental-emit-module-separately -disable-cmo

SwiftDriver NosfyWidgets normal x86_64 com.apple.xcode.tools.swift.compiler (in target 'NosfyWidgets' from project 'Nosfy')
    cd /Users/kathryn/Desktop/Nosfy
    builtin-SwiftDriver -- /Applications/Xcode.app/Contents/Developer/Toolchains/XcodeDefault.xctoolchain/usr/bin/swiftc -module-name NosfyWidgets -Onone @/tmp/nosfy-cartes-dd/Build/Intermediates.noindex/Nosfy.build/Debug-iphonesimulator/NosfyWidgets.build/Objects-normal/x86_64/NosfyWidgets.SwiftFileList -DDEBUG -enable-bare-slash-regex -enable-experimental-feature DebugDescriptionMacro -sdk /Applications/Xcode.app/Contents/Developer/Platforms/iPhoneSimulator.platform/Developer/SDKs/iPhoneSimulator26.5.sdk -target x86_64-apple-ios26.0-simulator -g -module-cache-path /tmp/nosfy-cartes-dd/ModuleCache.noindex -Xfrontend -serialize-debugging-options -application-extension -enable-testing -index-store-path /tmp/nosfy-cartes-dd/Index.noindex/DataStore -Xcc -D_LIBCPP_HARDENING_MODE\=_LIBCPP_HARDENING_MODE_DEBUG -swift-version 5 -I /tmp/nosfy-cartes-dd/Build/Products/Debug-iphonesimulator -F /tmp/nosfy-cartes-dd/Build/Products/Debug-iphonesimulator -emit-localized-strings -emit-localized-strings-path /tmp/nosfy-cartes-dd/Build/Intermediates.noindex/Nosfy.build/Debug-iphonesimulator/NosfyWidgets.build/Objects-normal/x86_64 -c -j10 -enable-batch-mode -incremental -Xcc -ivfsstatcache -Xcc /tmp/nosfy-cartes-dd/SDKStatCaches.noindex/iphonesimulator26.5-23F73-688ef53f1462e2c8f657fdc38a81448f6cfe768891a92b912361537c460fe42b.sdkstatcache -output-file-map /tmp/nosfy-cartes-dd/Build/Intermediates.noindex/Nosfy.build/Debug-iphonesimulator/NosfyWidgets.build/Objects-normal/x86_64/NosfyWidgets-OutputFileMap.json -use-frontend-parseable-output -save-temps -no-color-diagnostics -explicit-module-build -module-cache-path /tmp/nosfy-cartes-dd/Build/Intermediates.noindex/SwiftExplicitPrecompiledModules -clang-scanner-module-cache-path /tmp/nosfy-cartes-dd/ModuleCache.noindex -sdk-module-cache-path /tmp/nosfy-cartes-dd/ModuleCache.noindex -serialize-diagnostics -emit-dependencies -emit-module -emit-module-path /tmp/nosfy-cartes-dd/Build/Intermediates.noindex/Nosfy.build/Debug-iphonesimulator/NosfyWidgets.build/Objects-normal/x86_64/NosfyWidgets.swiftmodule -validate-clang-modules-once -clang-build-session-file /tmp/nosfy-cartes-dd/ModuleCache.noindex/Session.modulevalidation -Xcc -I/tmp/nosfy-cartes-dd/Build/Intermediates.noindex/Nosfy.build/Debug-iphonesimulator/NosfyWidgets.build/swift-overrides.hmap -emit-const-values -Xfrontend -const-gather-protocols-file -Xfrontend /tmp/nosfy-cartes-dd/Build/Intermediates.noindex/Nosfy.build/Debug-iphonesimulator/NosfyWidgets.build/Objects-normal/x86_64/NosfyWidgets_const_extract_protocols.json -Xcc -iquote -Xcc /tmp/nosfy-cartes-dd/Build/Intermediates.noindex/Nosfy.build/Debug-iphonesimulator/NosfyWidgets.build/NosfyWidgets-generated-files.hmap -Xcc -I/tmp/nosfy-cartes-dd/Build/Intermediates.noindex/Nosfy.build/Debug-iphonesimulator/NosfyWidgets.build/NosfyWidgets-own-target-headers.hmap -Xcc -I/tmp/nosfy-cartes-dd/Build/Intermediates.noindex/Nosfy.build/Debug-iphonesimulator/NosfyWidgets.build/NosfyWidgets-all-target-headers.hmap -Xcc -iquote -Xcc /tmp/nosfy-cartes-dd/Build/Intermediates.noindex/Nosfy.build/Debug-iphonesimulator/NosfyWidgets.build/NosfyWidgets-project-headers.hmap -Xcc -I/tmp/nosfy-cartes-dd/Build/Products/Debug-iphonesimulator/include -Xcc -I/tmp/nosfy-cartes-dd/Build/Intermediates.noindex/Nosfy.build/Debug-iphonesimulator/NosfyWidgets.build/DerivedSources-normal/x86_64 -Xcc -I/tmp/nosfy-cartes-dd/Build/Intermediates.noindex/Nosfy.build/Debug-iphonesimulator/NosfyWidgets.build/DerivedSources/x86_64 -Xcc -I/tmp/nosfy-cartes-dd/Build/Intermediates.noindex/Nosfy.build/Debug-iphonesimulator/NosfyWidgets.build/DerivedSources -Xcc -DDEBUG\=1 -emit-objc-header -emit-objc-header-path /tmp/nosfy-cartes-dd/Build/Intermediates.noindex/Nosfy.build/Debug-iphonesimulator/NosfyWidgets.build/Objects-normal/x86_64/NosfyWidgets-Swift.h -working-directory /Users/kathryn/Desktop/Nosfy -experimental-emit-module-separately -disable-cmo

SwiftExplicitDependencyGeneratePcm x86_64 /tmp/nosfy-cartes-dd/ModuleCache.noindex/SwiftShims-4KPN9JMO0HZ8L2A5OVU2GDEOK.pcm

SwiftExplicitDependencyGeneratePcm x86_64 /tmp/nosfy-cartes-dd/ModuleCache.noindex/ptrcheck-B25PVNMI96KYW4LHIK2IXEYA4.pcm

SwiftExplicitDependencyGeneratePcm x86_64 /tmp/nosfy-cartes-dd/ModuleCache.noindex/ActivityKit-9TO6XCZOBJSS72NWTZGJKRVR6.pcm

SwiftExplicitDependencyGeneratePcm x86_64 /tmp/nosfy-cartes-dd/ModuleCache.noindex/_Builtin_float-5E90MR0199MTKWE4BF7Z9ZGN9.pcm

SwiftExplicitDependencyGeneratePcm x86_64 /tmp/nosfy-cartes-dd/ModuleCache.noindex/_AvailabilityInternal-CR7J3MBSFG0CJTOHYC3HPBJQ9.pcm

SwiftExplicitDependencyGeneratePcm x86_64 /tmp/nosfy-cartes-dd/ModuleCache.noindex/ptrauth-BR9J6WG27CSN2QFUGOVBVCZVJ.pcm

SwiftExplicitDependencyGeneratePcm x86_64 /tmp/nosfy-cartes-dd/ModuleCache.noindex/_SwiftConcurrencyShims-EXSZIL2UP1JWFVFGN2HSGE1GY.pcm

SwiftExplicitDependencyGeneratePcm x86_64 /tmp/nosfy-cartes-dd/ModuleCache.noindex/DeveloperToolsSupport-35QNJJFRFQS8NM2P0SY2YP600.pcm

SwiftExplicitDependencyGeneratePcm x86_64 /tmp/nosfy-cartes-dd/ModuleCache.noindex/_Builtin_stdbool-D6CZQQNDIWQ14WQZI4W32YKP8.pcm

SwiftExplicitDependencyGeneratePcm arm64 /tmp/nosfy-cartes-dd/ModuleCache.noindex/ptrauth-3W7X0X32FUWUFIJ67N94PXWEA.pcm

SwiftExplicitDependencyGeneratePcm arm64 /tmp/nosfy-cartes-dd/ModuleCache.noindex/ptrcheck-A4DATBUODVGV30I2WHJ6KAMCZ.pcm

SwiftExplicitDependencyGeneratePcm arm64 /tmp/nosfy-cartes-dd/ModuleCache.noindex/SwiftShims-6ZT7ZLQW9JAOAG5M9SCTZ6TCQ.pcm

SwiftExplicitDependencyGeneratePcm arm64 /tmp/nosfy-cartes-dd/ModuleCache.noindex/_Builtin_stdarg-8QXZM2J46HXX660Z98C09PELT.pcm

SwiftExplicitDependencyGeneratePcm arm64 /tmp/nosfy-cartes-dd/ModuleCache.noindex/_AvailabilityInternal-8D7Q7IGT22LYR8WJ9PDXMJE9L.pcm

SwiftExplicitDependencyGeneratePcm arm64 /tmp/nosfy-cartes-dd/ModuleCache.noindex/_Builtin_stddef-ELC8GORZO38AC44JDGUN1O8VX.pcm

SwiftExplicitDependencyGeneratePcm arm64 /tmp/nosfy-cartes-dd/ModuleCache.noindex/DeveloperToolsSupport-1H61YNCPN1YIN7OUCN4I6LQ5X.pcm

SwiftExplicitDependencyGeneratePcm arm64 /tmp/nosfy-cartes-dd/ModuleCache.noindex/ActivityKit-B6658RSZ4IOM6EJWSPRAXYIKC.pcm

SwiftExplicitDependencyGeneratePcm x86_64 /tmp/nosfy-cartes-dd/ModuleCache.noindex/_DarwinFoundation1-6TB8CXWBTZQ3PIRNM85D3PH4T.pcm

SwiftExplicitDependencyGeneratePcm arm64 /tmp/nosfy-cartes-dd/ModuleCache.noindex/_SwiftConcurrencyShims-44AADS28D9VVMTXVQNL9FR59K.pcm

SwiftExplicitDependencyGeneratePcm x86_64 /tmp/nosfy-cartes-dd/ModuleCache.noindex/_Builtin_stdarg-12PBEQT3VFTO4QS69KE1TIOVI.pcm

SwiftExplicitDependencyGeneratePcm x86_64 /tmp/nosfy-cartes-dd/ModuleCache.noindex/_Builtin_stddef-A0GXK5N0X6BEB7PB6LXJYFF1G.pcm

SwiftExplicitDependencyGeneratePcm arm64 /tmp/nosfy-cartes-dd/ModuleCache.noindex/_Builtin_stdbool-1BPJIL4LROWDDXP0ZQHPG2HNI.pcm

SwiftExplicitDependencyGeneratePcm arm64 /tmp/nosfy-cartes-dd/ModuleCache.noindex/_Builtin_float-8RWNEOTW8ZW612KU1KBBXTSJV.pcm

SwiftExplicitDependencyGeneratePcm arm64 /tmp/nosfy-cartes-dd/ModuleCache.noindex/_DarwinFoundation1-5RUC9W0IYNB6E99V6KJZ6E84G.pcm

SwiftExplicitDependencyGeneratePcm x86_64 /tmp/nosfy-cartes-dd/ModuleCache.noindex/_Builtin_limits-5F8QKGIOI8V7ZRP9I7TH7YGPK.pcm

SwiftExplicitDependencyGeneratePcm x86_64 /tmp/nosfy-cartes-dd/ModuleCache.noindex/ExtensionFoundation-EMR8E5YCWW8JGX0O7R6KXJIXY.pcm

SwiftExplicitDependencyGeneratePcm x86_64 /tmp/nosfy-cartes-dd/ModuleCache.noindex/_DarwinFoundation2-CF5MYU0OVKZ7OXT6T3SZKZ5F9.pcm

SwiftExplicitDependencyGeneratePcm arm64 /tmp/nosfy-cartes-dd/ModuleCache.noindex/_Builtin_limits-2LRDBWO477GO9V19ITDZN5IPP.pcm

SwiftExplicitDependencyGeneratePcm arm64 /tmp/nosfy-cartes-dd/ModuleCache.noindex/_DarwinFoundation2-C8360GT3VJELN0156NGFDZC1R.pcm

SwiftExplicitDependencyGeneratePcm arm64 /tmp/nosfy-cartes-dd/ModuleCache.noindex/ExtensionFoundation-7X4M60M6TDYO3ENT7IS8VPD0J.pcm

SwiftExplicitDependencyGeneratePcm x86_64 /tmp/nosfy-cartes-dd/ModuleCache.noindex/sys_types-17X4KK1KB6DYNABY27LHRSMUM.pcm

SwiftExplicitDependencyGeneratePcm x86_64 /tmp/nosfy-cartes-dd/ModuleCache.noindex/_Builtin_tgmath-9CYJLZ4HBEN9MJJ3ZAE4LXBWV.pcm

SwiftExplicitDependencyGeneratePcm x86_64 /tmp/nosfy-cartes-dd/ModuleCache.noindex/_Builtin_stdint-24CCHU6JH6C0VOV7673L25355.pcm

SwiftExplicitDependencyGeneratePcm arm64 /tmp/nosfy-cartes-dd/ModuleCache.noindex/sys_types-8J5HXF3J6YUKKTBKBE15SDPMS.pcm

SwiftExplicitDependencyGeneratePcm arm64 /tmp/nosfy-cartes-dd/ModuleCache.noindex/_Builtin_stdint-1R1WAF03R7WRUBL2OIG5S27ZN.pcm

SwiftExplicitDependencyGeneratePcm arm64 /tmp/nosfy-cartes-dd/ModuleCache.noindex/_Builtin_tgmath-ASQHSHKZ6JSHS6I00U886BERB.pcm

SwiftExplicitDependencyGeneratePcm x86_64 /tmp/nosfy-cartes-dd/ModuleCache.noindex/_DarwinFoundation3-CHRFPV5T1MWRCBV7CBFTV0MVB.pcm

SwiftExplicitDependencyGeneratePcm x86_64 /tmp/nosfy-cartes-dd/ModuleCache.noindex/_Builtin_stdatomic-1ZWD239P52OJISQNYU6Y9K8FX.pcm

SwiftExplicitDependencyGeneratePcm arm64 /tmp/nosfy-cartes-dd/ModuleCache.noindex/_Builtin_stdatomic-15LS4BCZBK0P43QRV6UC9AXBM.pcm

SwiftExplicitDependencyGeneratePcm arm64 /tmp/nosfy-cartes-dd/ModuleCache.noindex/_Builtin_intrinsics-CQAIT6OF5VG7V4M18E46CL8H5.pcm

SwiftExplicitDependencyGeneratePcm arm64 /tmp/nosfy-cartes-dd/ModuleCache.noindex/_DarwinFoundation3-EQ0S0E8YCTRNR92N9CS9J88V2.pcm

SwiftExplicitDependencyGeneratePcm x86_64 /tmp/nosfy-cartes-dd/ModuleCache.noindex/_Builtin_intrinsics-9R6SJ8CNVIZKC5BO3K0N2BDYA.pcm

SwiftExplicitDependencyGeneratePcm x86_64 /tmp/nosfy-cartes-dd/ModuleCache.noindex/_Builtin_inttypes-1OX1OYKJWX40ZIJWFD0BMX5JW.pcm

SwiftExplicitDependencyGeneratePcm arm64 /tmp/nosfy-cartes-dd/ModuleCache.noindex/_Builtin_inttypes-83LYRTD1900UWKVKWJ1GYNGJI.pcm

SwiftExplicitDependencyGeneratePcm x86_64 /tmp/nosfy-cartes-dd/ModuleCache.noindex/Darwin-3L3Q8BHWG64440KFS6U1TQHUY.pcm

SwiftExplicitDependencyGeneratePcm arm64 /tmp/nosfy-cartes-dd/ModuleCache.noindex/Darwin-F2VCEW60CYCQR6BBQ184JO14H.pcm

SwiftExplicitDependencyGeneratePcm arm64 /tmp/nosfy-cartes-dd/ModuleCache.noindex/simd-CKF7GQ2JX62QKIN02DBOKKI18.pcm

SwiftExplicitDependencyGeneratePcm x86_64 /tmp/nosfy-cartes-dd/ModuleCache.noindex/ObjectiveC-51BCHXUA4V20KGBOMP0SA3RNE.pcm

SwiftExplicitDependencyGeneratePcm x86_64 /tmp/nosfy-cartes-dd/ModuleCache.noindex/MachO-8W7RVLDE96H60IKAQY0Q6KIPS.pcm

SwiftExplicitDependencyGeneratePcm x86_64 /tmp/nosfy-cartes-dd/ModuleCache.noindex/simd-3NKJ0946DFJGJLZMAIUCHN3I9.pcm

SwiftExplicitDependencyGeneratePcm arm64 /tmp/nosfy-cartes-dd/ModuleCache.noindex/ObjectiveC-BPEZSNIZIN0RIECQRD1ODNCH0.pcm

SwiftExplicitDependencyGeneratePcm arm64 /tmp/nosfy-cartes-dd/ModuleCache.noindex/MachO-95SV6M2W4TWFD1EG9LN62A12P.pcm

SwiftExplicitDependencyGeneratePcm x86_64 /tmp/nosfy-cartes-dd/ModuleCache.noindex/os_object-5LEF7RPR30SVJF11WJCET56VF.pcm

SwiftExplicitDependencyGeneratePcm x86_64 /tmp/nosfy-cartes-dd/ModuleCache.noindex/os_workgroup-2YOE594IQU3OWZH6IXUEW2XA2.pcm

SwiftExplicitDependencyGeneratePcm arm64 /tmp/nosfy-cartes-dd/ModuleCache.noindex/os_object-4NINNNF7TSYT6XLN6C0OOH3DY.pcm

SwiftExplicitDependencyGeneratePcm x86_64 /tmp/nosfy-cartes-dd/ModuleCache.noindex/Dispatch-40KR53ZX6R0KYY3BLGHBKFHVN.pcm

SwiftExplicitDependencyGeneratePcm arm64 /tmp/nosfy-cartes-dd/ModuleCache.noindex/os_workgroup-F5D6PIQ6WYQHCMARG6OZ4P10E.pcm

SwiftExplicitDependencyGeneratePcm arm64 /tmp/nosfy-cartes-dd/ModuleCache.noindex/Dispatch-3JFKEO0Q9QUQBI21AKCRJWC0D.pcm

SwiftExplicitDependencyGeneratePcm x86_64 /tmp/nosfy-cartes-dd/ModuleCache.noindex/XPC-94ZLZIQL2AL3XUO4O62YP92NT.pcm

SwiftExplicitDependencyGeneratePcm x86_64 /tmp/nosfy-cartes-dd/ModuleCache.noindex/CoreFoundation-46DXAKUDIZ1TZ9V3JCOACV3PX.pcm

SwiftExplicitDependencyGeneratePcm x86_64 /tmp/nosfy-cartes-dd/ModuleCache.noindex/dnssd-CIIH755ARP9VY8LBU4UTDHMMH.pcm

SwiftExplicitDependencyGeneratePcm arm64 /tmp/nosfy-cartes-dd/ModuleCache.noindex/Spatial-70ZQH5QJ9ZTTAK8GZ4VQF2MQ2.pcm

SwiftExplicitDependencyGeneratePcm x86_64 /tmp/nosfy-cartes-dd/ModuleCache.noindex/os-D9AYD6VC8902Q202BIVGA2DK2.pcm

SwiftExplicitDependencyGeneratePcm arm64 /tmp/nosfy-cartes-dd/ModuleCache.noindex/CoreFoundation-EM0A0Z4QLOGU44DP51N0TFL22.pcm

SwiftExplicitDependencyGeneratePcm arm64 /tmp/nosfy-cartes-dd/ModuleCache.noindex/dnssd-7Y2TZIDON8B5X4O7Q4IW8J018.pcm

SwiftExplicitDependencyGeneratePcm arm64 /tmp/nosfy-cartes-dd/ModuleCache.noindex/XPC-2VV1Z5W8GMGQK08699O1ET8JZ.pcm

SwiftExplicitDependencyGeneratePcm x86_64 /tmp/nosfy-cartes-dd/ModuleCache.noindex/CFNetwork-3SYK7WLHIX2WV6R6M4K0EHLFM.pcm

SwiftExplicitDependencyGeneratePcm x86_64 /tmp/nosfy-cartes-dd/ModuleCache.noindex/Security-9PD9JIMR4K0OYPL4K9O2UCCF3.pcm

SwiftExplicitDependencyGeneratePcm x86_64 /tmp/nosfy-cartes-dd/ModuleCache.noindex/CoreGraphics-EFNZ5RNK7A410QUT3X4SJNKPB.pcm

SwiftExplicitDependencyGeneratePcm arm64 /tmp/nosfy-cartes-dd/ModuleCache.noindex/os-NXDNUP6NROP1DXJEV4QHWSDS.pcm

SwiftExplicitDependencyGeneratePcm arm64 /tmp/nosfy-cartes-dd/ModuleCache.noindex/Security-8NHK8SAHFY0WQ03M5ZXI4WRRD.pcm

SwiftExplicitDependencyGeneratePcm arm64 /tmp/nosfy-cartes-dd/ModuleCache.noindex/CFNetwork-50MZKMV5PMYEVKFXWJN2K3X0B.pcm

SwiftExplicitDependencyGeneratePcm arm64 /tmp/nosfy-cartes-dd/ModuleCache.noindex/CoreGraphics-AQNKAM0ZLEK56WWI0BHF0XIJS.pcm

SwiftExplicitDependencyGeneratePcm x86_64 /tmp/nosfy-cartes-dd/ModuleCache.noindex/Foundation-B9L499YKUVPZHFVRU47CJZBTZ.pcm

SwiftExplicitDependencyGeneratePcm x86_64 /tmp/nosfy-cartes-dd/ModuleCache.noindex/CoreText-9UNQ81FG9N6RN71777ZZMF0L8.pcm

SwiftExplicitDependencyGeneratePcm x86_64 /tmp/nosfy-cartes-dd/ModuleCache.noindex/ImageIO-3VN48VD9HVNONCMJNY0Y5ZAJB.pcm

SwiftExplicitDependencyGeneratePcm x86_64 /tmp/nosfy-cartes-dd/ModuleCache.noindex/Spatial-E8JHSSR2UAD13J4HUVHPYOF8D.pcm

SwiftExplicitDependencyGeneratePcm arm64 /tmp/nosfy-cartes-dd/ModuleCache.noindex/Foundation-A95WHE2NMRKZDEEYAQG4YKA8O.pcm

SwiftExplicitDependencyGeneratePcm arm64 /tmp/nosfy-cartes-dd/ModuleCache.noindex/CoreText-CLV0POZX28W2QIEEVTKPQH40X.pcm

SwiftExplicitDependencyGeneratePcm arm64 /tmp/nosfy-cartes-dd/ModuleCache.noindex/ImageIO-CUVF0CCA82SZD9NAJ9Q9OK5BH.pcm

SwiftExplicitDependencyGeneratePcm x86_64 /tmp/nosfy-cartes-dd/ModuleCache.noindex/UniformTypeIdentifiers-F0ZPOXN1UO0XMS3ULRPJUY7X1.pcm

SwiftExplicitDependencyGeneratePcm x86_64 /tmp/nosfy-cartes-dd/ModuleCache.noindex/Accessibility-57Q7ZKU5U8GY5W21BMANP6AIA.pcm

SwiftExplicitDependencyGeneratePcm x86_64 /tmp/nosfy-cartes-dd/ModuleCache.noindex/IOSurface-526NK315JRWMR2Z2E93LIULYC.pcm

SwiftExplicitDependencyGeneratePcm x86_64 /tmp/nosfy-cartes-dd/ModuleCache.noindex/AppIntents-2UCM2K9TEOSQOVEOEMXSL4RKC.pcm

SwiftExplicitDependencyGeneratePcm x86_64 /tmp/nosfy-cartes-dd/ModuleCache.noindex/RelevanceKit-5DV0YMC4AJQCWY2AZ37PDEJP3.pcm

SwiftExplicitDependencyGeneratePcm x86_64 /tmp/nosfy-cartes-dd/ModuleCache.noindex/_LocationEssentials-EXQDY49KE1805X4V8TO795WYE.pcm

SwiftExplicitDependencyGeneratePcm x86_64 /tmp/nosfy-cartes-dd/ModuleCache.noindex/OSLog-E04FLCBM8W1IMVJH239OGNWRM.pcm

SwiftExplicitDependencyGeneratePcm x86_64 /tmp/nosfy-cartes-dd/ModuleCache.noindex/UIUtilities-93VE90ZOR5C04GS6XH337SEKU.pcm

SwiftExplicitDependencyGeneratePcm x86_64 /tmp/nosfy-cartes-dd/ModuleCache.noindex/FileProvider-9F3FXTIGU97XLFBIDN88R34SO.pcm

SwiftExplicitDependencyGeneratePcm x86_64 /tmp/nosfy-cartes-dd/ModuleCache.noindex/UserNotifications-9HIJTLP0OX6GACXONHSQTADPM.pcm

SwiftExplicitDependencyGeneratePcm x86_64 /tmp/nosfy-cartes-dd/ModuleCache.noindex/Network-DPWOQJH47MY82IOGTCE16SFXV.pcm

SwiftExplicitDependencyGeneratePcm x86_64 /tmp/nosfy-cartes-dd/ModuleCache.noindex/WidgetKit-5QORIKO47WQ2D3JW77CXTW33F.pcm

SwiftExplicitDependencyGeneratePcm x86_64 /tmp/nosfy-cartes-dd/ModuleCache.noindex/OpenGLES-6V5ERVJN7WFL2WJSAZ0K0VWHF.pcm

SwiftExplicitDependencyGeneratePcm x86_64 /tmp/nosfy-cartes-dd/ModuleCache.noindex/CoreData-D8KBB2C1BKJUYZX3Y4QSTGN59.pcm

SwiftExplicitDependencyGeneratePcm x86_64 /tmp/nosfy-cartes-dd/ModuleCache.noindex/Metal-AACNVTK30CWG0B0BBIS4OF8NI.pcm

SwiftExplicitDependencyGeneratePcm x86_64 /tmp/nosfy-cartes-dd/ModuleCache.noindex/CoreSpotlight-EWX6IV68GQRKPO0QHXMTTKCBJ.pcm

SwiftExplicitDependencyGeneratePcm x86_64 /tmp/nosfy-cartes-dd/ModuleCache.noindex/CoreTransferable-BL3SHDSM19E2XFOMBK9DZC1QK.pcm

SwiftExplicitDependencyGeneratePcm arm64 /tmp/nosfy-cartes-dd/ModuleCache.noindex/CoreTransferable-8K0LZS27S6764Z2X5JC9JGRWT.pcm

SwiftExplicitDependencyGeneratePcm arm64 /tmp/nosfy-cartes-dd/ModuleCache.noindex/Network-DYX76ZQ11PKKKK54D7ISP1DPW.pcm

SwiftExplicitDependencyGeneratePcm arm64 /tmp/nosfy-cartes-dd/ModuleCache.noindex/UserNotifications-7Q44EKKDJV2YCVFAIWNRAGZ8M.pcm

SwiftExplicitDependencyGeneratePcm arm64 /tmp/nosfy-cartes-dd/ModuleCache.noindex/UniformTypeIdentifiers-4XX076TS1LLSFEB6A6LM0T55X.pcm

SwiftExplicitDependencyGeneratePcm arm64 /tmp/nosfy-cartes-dd/ModuleCache.noindex/Accessibility-5SVBV1OHDJMG44S2EMWVEAVTK.pcm

SwiftExplicitDependencyGeneratePcm arm64 /tmp/nosfy-cartes-dd/ModuleCache.noindex/AppIntents-62BHVITDRW5EJBO8IZ8YLUQB2.pcm

SwiftExplicitDependencyGeneratePcm arm64 /tmp/nosfy-cartes-dd/ModuleCache.noindex/CoreData-5L4DTIZB0RQQM1S7VHZ2U35KT.pcm

SwiftExplicitDependencyGeneratePcm arm64 /tmp/nosfy-cartes-dd/ModuleCache.noindex/FileProvider-5Q4AYP07NEHKEBAHXXCMN2SI7.pcm

SwiftExplicitDependencyGeneratePcm arm64 /tmp/nosfy-cartes-dd/ModuleCache.noindex/Symbols-AAX3B4312OEBJSR4KUENN51L3.pcm

SwiftExplicitDependencyGeneratePcm arm64 /tmp/nosfy-cartes-dd/ModuleCache.noindex/DataDetection-6NZS315YQDCEGVJENPZ8A414C.pcm

SwiftExplicitDependencyGeneratePcm arm64 /tmp/nosfy-cartes-dd/ModuleCache.noindex/CoreSpotlight-DD6QU9IDG6EF11G65X07EDLIN.pcm

SwiftExplicitDependencyGeneratePcm arm64 /tmp/nosfy-cartes-dd/ModuleCache.noindex/IOSurface-D11ZQ5NMXG3CD5EY2ZQGLBXLO.pcm

SwiftExplicitDependencyGeneratePcm arm64 /tmp/nosfy-cartes-dd/ModuleCache.noindex/OpenGLES-2XQYP5WY9HUN7W59IA6KVGW1I.pcm

SwiftExplicitDependencyGeneratePcm arm64 /tmp/nosfy-cartes-dd/ModuleCache.noindex/OSLog-C2Q4UKFOHFTYFPAG9RO41G4VZ.pcm

SwiftExplicitDependencyGeneratePcm x86_64 /tmp/nosfy-cartes-dd/ModuleCache.noindex/CoreVideo-ARDTQ63P066VVIWDBLXAIE6AY.pcm

SwiftExplicitDependencyGeneratePcm arm64 /tmp/nosfy-cartes-dd/ModuleCache.noindex/UIUtilities-2YCYB3F9I7JDZS5CI2OLQIZ5O.pcm

SwiftExplicitDependencyGeneratePcm x86_64 /tmp/nosfy-cartes-dd/ModuleCache.noindex/CoreLocation-9WD3K9BZIMMUW77BW9OAQGT2K.pcm

SwiftExplicitDependencyGeneratePcm x86_64 /tmp/nosfy-cartes-dd/ModuleCache.noindex/DataDetection-33LKP9FAJFQZNNCPMRQ495H00.pcm

SwiftExplicitDependencyGeneratePcm arm64 /tmp/nosfy-cartes-dd/ModuleCache.noindex/RelevanceKit-7B8FNLKK5GJZS60I1XRCCVQIA.pcm

SwiftExplicitDependencyGeneratePcm arm64 /tmp/nosfy-cartes-dd/ModuleCache.noindex/_LocationEssentials-8HF8IMS77TPXC2IRQV06XMBCS.pcm

SwiftExplicitDependencyGeneratePcm arm64 /tmp/nosfy-cartes-dd/ModuleCache.noindex/Metal-673XZ2ENXFX6N8V0DVZP5JVYI.pcm

SwiftExplicitDependencyGeneratePcm x86_64 /tmp/nosfy-cartes-dd/ModuleCache.noindex/Symbols-7L0M75P6CA4FRQJ4GOGV56P98.pcm

SwiftExplicitDependencyGeneratePcm arm64 /tmp/nosfy-cartes-dd/ModuleCache.noindex/WidgetKit-3PEBUBL91VK5VB00Z8NEYDGZW.pcm

SwiftExplicitDependencyGeneratePcm x86_64 /tmp/nosfy-cartes-dd/ModuleCache.noindex/QuartzCore-22VEOQ0JDNLXINECXQ0D6ZI0M.pcm

SwiftExplicitDependencyGeneratePcm x86_64 /tmp/nosfy-cartes-dd/ModuleCache.noindex/CoreImage-4HDTDYM2VZ2FNQPO41D40KJX2.pcm

SwiftExplicitDependencyGeneratePcm x86_64 /tmp/nosfy-cartes-dd/ModuleCache.noindex/Intents-DAYHYWDS9N38ETIZY4RUV9I84.pcm

SwiftExplicitDependencyGeneratePcm arm64 /tmp/nosfy-cartes-dd/ModuleCache.noindex/CoreLocation-9LLIT1FZJT54VNSAPDY70O1A3.pcm

SwiftExplicitDependencyGeneratePcm x86_64 /tmp/nosfy-cartes-dd/ModuleCache.noindex/SwiftUICore-CLAABXX61KBE9Q3B4Z4M7FOK8.pcm

SwiftExplicitDependencyGeneratePcm arm64 /tmp/nosfy-cartes-dd/ModuleCache.noindex/Intents-CT134059W32MPHT1X9G9IFQY5.pcm

SwiftExplicitDependencyGeneratePcm x86_64 /tmp/nosfy-cartes-dd/ModuleCache.noindex/UIKit-6XUCBLNF1CTOWP2Q5NNRL43MF.pcm

SwiftExplicitDependencyGeneratePcm arm64 /tmp/nosfy-cartes-dd/ModuleCache.noindex/CoreVideo-E6YNCNAT1T6WE0D3264NG1U3F.pcm

SwiftExplicitDependencyGeneratePcm arm64 /tmp/nosfy-cartes-dd/ModuleCache.noindex/CoreImage-6BR9KNP48CV25GUDS4A73AXWJ.pcm

SwiftExplicitDependencyGeneratePcm arm64 /tmp/nosfy-cartes-dd/ModuleCache.noindex/QuartzCore-B91BMWYYMGA9LV0AQ356M5M2J.pcm

SwiftExplicitDependencyGeneratePcm arm64 /tmp/nosfy-cartes-dd/ModuleCache.noindex/SwiftUICore-9H7YT2D8TE89OFS4VZPE8BO3D.pcm

SwiftExplicitDependencyGeneratePcm arm64 /tmp/nosfy-cartes-dd/ModuleCache.noindex/UIKit-C3XDA3KT8IXPYRHMGWPCPH9LJ.pcm

SwiftExplicitDependencyGeneratePcm x86_64 /tmp/nosfy-cartes-dd/ModuleCache.noindex/SwiftUI-EF9ZP149PJYM7F5485RN6UFHA.pcm

SwiftEmitModule normal x86_64 Emitting\ module\ for\ NosfyWidgets (in target 'NosfyWidgets' from project 'Nosfy')

EmitSwiftModule normal x86_64 (in target 'NosfyWidgets' from project 'Nosfy')
    cd /Users/kathryn/Desktop/Nosfy
    

SwiftCompile normal x86_64 Compiling\ WorkoutActivity.swift /Users/kathryn/Desktop/Nosfy/NosfyShared/WorkoutActivity.swift (in target 'NosfyWidgets' from project 'Nosfy')
SwiftCompile normal x86_64 /Users/kathryn/Desktop/Nosfy/NosfyShared/WorkoutActivity.swift (in target 'NosfyWidgets' from project 'Nosfy')
    cd /Users/kathryn/Desktop/Nosfy
    

SwiftCompile normal x86_64 Compiling\ ImpGlyph.swift /Users/kathryn/Desktop/Nosfy/NosfyShared/ImpGlyph.swift (in target 'NosfyWidgets' from project 'Nosfy')
SwiftCompile normal x86_64 /Users/kathryn/Desktop/Nosfy/NosfyShared/ImpGlyph.swift (in target 'NosfyWidgets' from project 'Nosfy')
    cd /Users/kathryn/Desktop/Nosfy
    

SwiftCompile normal x86_64 Compiling\ NosfyWidgetsBundle.swift /Users/kathryn/Desktop/Nosfy/NosfyWidgets/NosfyWidgetsBundle.swift (in target 'NosfyWidgets' from project 'Nosfy')
SwiftCompile normal x86_64 /Users/kathryn/Desktop/Nosfy/NosfyWidgets/NosfyWidgetsBundle.swift (in target 'NosfyWidgets' from project 'Nosfy')
    cd /Users/kathryn/Desktop/Nosfy
    

SwiftCompile normal x86_64 Compiling\ ProgressComet.swift /Users/kathryn/Desktop/Nosfy/NosfyShared/ProgressComet.swift (in target 'NosfyWidgets' from project 'Nosfy')

SwiftCompile normal x86_64 /Users/kathryn/Desktop/Nosfy/NosfyShared/ProgressComet.swift (in target 'NosfyWidgets' from project 'Nosfy')
    cd /Users/kathryn/Desktop/Nosfy
    

SwiftCompile normal x86_64 Compiling\ GeneratedAssetSymbols.swift /tmp/nosfy-cartes-dd/Build/Intermediates.noindex/Nosfy.build/Debug-iphonesimulator/NosfyWidgets.build/DerivedSources/GeneratedAssetSymbols.swift (in target 'NosfyWidgets' from project 'Nosfy')

SwiftCompile normal x86_64 /tmp/nosfy-cartes-dd/Build/Intermediates.noindex/Nosfy.build/Debug-iphonesimulator/NosfyWidgets.build/DerivedSources/GeneratedAssetSymbols.swift (in target 'NosfyWidgets' from project 'Nosfy')
    cd /Users/kathryn/Desktop/Nosfy
    

SwiftCompile normal x86_64 Compiling\ WorkoutLiveActivity.swift /Users/kathryn/Desktop/Nosfy/NosfyWidgets/WorkoutLiveActivity.swift (in target 'NosfyWidgets' from project 'Nosfy')
SwiftCompile normal x86_64 /Users/kathryn/Desktop/Nosfy/NosfyWidgets/WorkoutLiveActivity.swift (in target 'NosfyWidgets' from project 'Nosfy')
    cd /Users/kathryn/Desktop/Nosfy
    

SwiftCompile normal x86_64 Compiling\ WorkoutLiveFocus.swift /Users/kathryn/Desktop/Nosfy/NosfyShared/WorkoutLiveFocus.swift (in target 'NosfyWidgets' from project 'Nosfy')

SwiftCompile normal x86_64 /Users/kathryn/Desktop/Nosfy/NosfyShared/WorkoutLiveFocus.swift (in target 'NosfyWidgets' from project 'Nosfy')
    cd /Users/kathryn/Desktop/Nosfy
    

SwiftCompile normal x86_64 Compiling\ MoonGlyph.swift /Users/kathryn/Desktop/Nosfy/NosfyShared/MoonGlyph.swift (in target 'NosfyWidgets' from project 'Nosfy')

SwiftCompile normal x86_64 /Users/kathryn/Desktop/Nosfy/NosfyShared/MoonGlyph.swift (in target 'NosfyWidgets' from project 'Nosfy')
    cd /Users/kathryn/Desktop/Nosfy
    

SwiftExplicitDependencyGeneratePcm arm64 /tmp/nosfy-cartes-dd/ModuleCache.noindex/SwiftUI-8V456TEPWKZDAB05O7S11QN1O.pcm

SwiftDriverJobDiscovery normal x86_64 Emitting module for NosfyWidgets (in target 'NosfyWidgets' from project 'Nosfy')

SwiftDriver\ Compilation\ Requirements NosfyWidgets normal x86_64 com.apple.xcode.tools.swift.compiler (in target 'NosfyWidgets' from project 'Nosfy')
    cd /Users/kathryn/Desktop/Nosfy
    builtin-Swift-Compilation-Requirements -- /Applications/Xcode.app/Contents/Developer/Toolchains/XcodeDefault.xctoolchain/usr/bin/swiftc -module-name NosfyWidgets -Onone @/tmp/nosfy-cartes-dd/Build/Intermediates.noindex/Nosfy.build/Debug-iphonesimulator/NosfyWidgets.build/Objects-normal/x86_64/NosfyWidgets.SwiftFileList -DDEBUG -enable-bare-slash-regex -enable-experimental-feature DebugDescriptionMacro -sdk /Applications/Xcode.app/Contents/Developer/Platforms/iPhoneSimulator.platform/Developer/SDKs/iPhoneSimulator26.5.sdk -target x86_64-apple-ios26.0-simulator -g -module-cache-path /tmp/nosfy-cartes-dd/ModuleCache.noindex -Xfrontend -serialize-debugging-options -application-extension -enable-testing -index-store-path /tmp/nosfy-cartes-dd/Index.noindex/DataStore -Xcc -D_LIBCPP_HARDENING_MODE\=_LIBCPP_HARDENING_MODE_DEBUG -swift-version 5 -I /tmp/nosfy-cartes-dd/Build/Products/Debug-iphonesimulator -F /tmp/nosfy-cartes-dd/Build/Products/Debug-iphonesimulator -emit-localized-strings -emit-localized-strings-path /tmp/nosfy-cartes-dd/Build/Intermediates.noindex/Nosfy.build/Debug-iphonesimulator/NosfyWidgets.build/Objects-normal/x86_64 -c -j10 -enable-batch-mode -incremental -Xcc -ivfsstatcache -Xcc /tmp/nosfy-cartes-dd/SDKStatCaches.noindex/iphonesimulator26.5-23F73-688ef53f1462e2c8f657fdc38a81448f6cfe768891a92b912361537c460fe42b.sdkstatcache -output-file-map /tmp/nosfy-cartes-dd/Build/Intermediates.noindex/Nosfy.build/Debug-iphonesimulator/NosfyWidgets.build/Objects-normal/x86_64/NosfyWidgets-OutputFileMap.json -use-frontend-parseable-output -save-temps -no-color-diagnostics -explicit-module-build -module-cache-path /tmp/nosfy-cartes-dd/Build/Intermediates.noindex/SwiftExplicitPrecompiledModules -clang-scanner-module-cache-path /tmp/nosfy-cartes-dd/ModuleCache.noindex -sdk-module-cache-path /tmp/nosfy-cartes-dd/ModuleCache.noindex -serialize-diagnostics -emit-dependencies -emit-module -emit-module-path /tmp/nosfy-cartes-dd/Build/Intermediates.noindex/Nosfy.build/Debug-iphonesimulator/NosfyWidgets.build/Objects-normal/x86_64/NosfyWidgets.swiftmodule -validate-clang-modules-once -clang-build-session-file /tmp/nosfy-cartes-dd/ModuleCache.noindex/Session.modulevalidation -Xcc -I/tmp/nosfy-cartes-dd/Build/Intermediates.noindex/Nosfy.build/Debug-iphonesimulator/NosfyWidgets.build/swift-overrides.hmap -emit-const-values -Xfrontend -const-gather-protocols-file -Xfrontend /tmp/nosfy-cartes-dd/Build/Intermediates.noindex/Nosfy.build/Debug-iphonesimulator/NosfyWidgets.build/Objects-normal/x86_64/NosfyWidgets_const_extract_protocols.json -Xcc -iquote -Xcc /tmp/nosfy-cartes-dd/Build/Intermediates.noindex/Nosfy.build/Debug-iphonesimulator/NosfyWidgets.build/NosfyWidgets-generated-files.hmap -Xcc -I/tmp/nosfy-cartes-dd/Build/Intermediates.noindex/Nosfy.build/Debug-iphonesimulator/NosfyWidgets.build/NosfyWidgets-own-target-headers.hmap -Xcc -I/tmp/nosfy-cartes-dd/Build/Intermediates.noindex/Nosfy.build/Debug-iphonesimulator/NosfyWidgets.build/NosfyWidgets-all-target-headers.hmap -Xcc -iquote -Xcc /tmp/nosfy-cartes-dd/Build/Intermediates.noindex/Nosfy.build/Debug-iphonesimulator/NosfyWidgets.build/NosfyWidgets-project-headers.hmap -Xcc -I/tmp/nosfy-cartes-dd/Build/Products/Debug-iphonesimulator/include -Xcc -I/tmp/nosfy-cartes-dd/Build/Intermediates.noindex/Nosfy.build/Debug-iphonesimulator/NosfyWidgets.build/DerivedSources-normal/x86_64 -Xcc -I/tmp/nosfy-cartes-dd/Build/Intermediates.noindex/Nosfy.build/Debug-iphonesimulator/NosfyWidgets.build/DerivedSources/x86_64 -Xcc -I/tmp/nosfy-cartes-dd/Build/Intermediates.noindex/Nosfy.build/Debug-iphonesimulator/NosfyWidgets.build/DerivedSources -Xcc -DDEBUG\=1 -emit-objc-header -emit-objc-header-path /tmp/nosfy-cartes-dd/Build/Intermediates.noindex/Nosfy.build/Debug-iphonesimulator/NosfyWidgets.build/Objects-normal/x86_64/NosfyWidgets-Swift.h -working-directory /Users/kathryn/Desktop/Nosfy -experimental-emit-module-separately -disable-cmo

SwiftEmitModule normal arm64 Emitting\ module\ for\ NosfyWidgets (in target 'NosfyWidgets' from project 'Nosfy')

EmitSwiftModule normal arm64 (in target 'NosfyWidgets' from project 'Nosfy')
    cd /Users/kathryn/Desktop/Nosfy
    

Copy /tmp/nosfy-cartes-dd/Build/Products/Debug-iphonesimulator/NosfyWidgets.swiftmodule/x86_64-apple-ios-simulator.swiftmodule /tmp/nosfy-cartes-dd/Build/Intermediates.noindex/Nosfy.build/Debug-iphonesimulator/NosfyWidgets.build/Objects-normal/x86_64/NosfyWidgets.swiftmodule (in target 'NosfyWidgets' from project 'Nosfy')
    cd /Users/kathryn/Desktop/Nosfy
    builtin-copy -exclude .DS_Store -exclude CVS -exclude .svn -exclude .git -exclude .hg -resolve-src-symlinks -rename /tmp/nosfy-cartes-dd/Build/Intermediates.noindex/Nosfy.build/Debug-iphonesimulator/NosfyWidgets.build/Objects-normal/x86_64/NosfyWidgets.swiftmodule /tmp/nosfy-cartes-dd/Build/Products/Debug-iphonesimulator/NosfyWidgets.swiftmodule/x86_64-apple-ios-simulator.swiftmodule

SwiftDriverJobDiscovery normal arm64 Emitting module for NosfyWidgets (in target 'NosfyWidgets' from project 'Nosfy')

SwiftDriver\ Compilation\ Requirements NosfyWidgets normal arm64 com.apple.xcode.tools.swift.compiler (in target 'NosfyWidgets' from project 'Nosfy')
    cd /Users/kathryn/Desktop/Nosfy
    builtin-Swift-Compilation-Requirements -- /Applications/Xcode.app/Contents/Developer/Toolchains/XcodeDefault.xctoolchain/usr/bin/swiftc -module-name NosfyWidgets -Onone @/tmp/nosfy-cartes-dd/Build/Intermediates.noindex/Nosfy.build/Debug-iphonesimulator/NosfyWidgets.build/Objects-normal/arm64/NosfyWidgets.SwiftFileList -DDEBUG -enable-bare-slash-regex -enable-experimental-feature DebugDescriptionMacro -sdk /Applications/Xcode.app/Contents/Developer/Platforms/iPhoneSimulator.platform/Developer/SDKs/iPhoneSimulator26.5.sdk -target arm64-apple-ios26.0-simulator -g -module-cache-path /tmp/nosfy-cartes-dd/ModuleCache.noindex -Xfrontend -serialize-debugging-options -application-extension -enable-testing -index-store-path /tmp/nosfy-cartes-dd/Index.noindex/DataStore -Xcc -D_LIBCPP_HARDENING_MODE\=_LIBCPP_HARDENING_MODE_DEBUG -swift-version 5 -I /tmp/nosfy-cartes-dd/Build/Products/Debug-iphonesimulator -F /tmp/nosfy-cartes-dd/Build/Products/Debug-iphonesimulator -emit-localized-strings -emit-localized-strings-path /tmp/nosfy-cartes-dd/Build/Intermediates.noindex/Nosfy.build/Debug-iphonesimulator/NosfyWidgets.build/Objects-normal/arm64 -c -j10 -enable-batch-mode -incremental -Xcc -ivfsstatcache -Xcc /tmp/nosfy-cartes-dd/SDKStatCaches.noindex/iphonesimulator26.5-23F73-688ef53f1462e2c8f657fdc38a81448f6cfe768891a92b912361537c460fe42b.sdkstatcache -output-file-map /tmp/nosfy-cartes-dd/Build/Intermediates.noindex/Nosfy.build/Debug-iphonesimulator/NosfyWidgets.build/Objects-normal/arm64/NosfyWidgets-OutputFileMap.json -use-frontend-parseable-output -save-temps -no-color-diagnostics -explicit-module-build -module-cache-path /tmp/nosfy-cartes-dd/Build/Intermediates.noindex/SwiftExplicitPrecompiledModules -clang-scanner-module-cache-path /tmp/nosfy-cartes-dd/ModuleCache.noindex -sdk-module-cache-path /tmp/nosfy-cartes-dd/ModuleCache.noindex -serialize-diagnostics -emit-dependencies -emit-module -emit-module-path /tmp/nosfy-cartes-dd/Build/Intermediates.noindex/Nosfy.build/Debug-iphonesimulator/NosfyWidgets.build/Objects-normal/arm64/NosfyWidgets.swiftmodule -validate-clang-modules-once -clang-build-session-file /tmp/nosfy-cartes-dd/ModuleCache.noindex/Session.modulevalidation -Xcc -I/tmp/nosfy-cartes-dd/Build/Intermediates.noindex/Nosfy.build/Debug-iphonesimulator/NosfyWidgets.build/swift-overrides.hmap -emit-const-values -Xfrontend -const-gather-protocols-file -Xfrontend /tmp/nosfy-cartes-dd/Build/Intermediates.noindex/Nosfy.build/Debug-iphonesimulator/NosfyWidgets.build/Objects-normal/arm64/NosfyWidgets_const_extract_protocols.json -Xcc -iquote -Xcc /tmp/nosfy-cartes-dd/Build/Intermediates.noindex/Nosfy.build/Debug-iphonesimulator/NosfyWidgets.build/NosfyWidgets-generated-files.hmap -Xcc -I/tmp/nosfy-cartes-dd/Build/Intermediates.noindex/Nosfy.build/Debug-iphonesimulator/NosfyWidgets.build/NosfyWidgets-own-target-headers.hmap -Xcc -I/tmp/nosfy-cartes-dd/Build/Intermediates.noindex/Nosfy.build/Debug-iphonesimulator/NosfyWidgets.build/NosfyWidgets-all-target-headers.hmap -Xcc -iquote -Xcc /tmp/nosfy-cartes-dd/Build/Intermediates.noindex/Nosfy.build/Debug-iphonesimulator/NosfyWidgets.build/NosfyWidgets-project-headers.hmap -Xcc -I/tmp/nosfy-cartes-dd/Build/Products/Debug-iphonesimulator/include -Xcc -I/tmp/nosfy-cartes-dd/Build/Intermediates.noindex/Nosfy.build/Debug-iphonesimulator/NosfyWidgets.build/DerivedSources-normal/arm64 -Xcc -I/tmp/nosfy-cartes-dd/Build/Intermediates.noindex/Nosfy.build/Debug-iphonesimulator/NosfyWidgets.build/DerivedSources/arm64 -Xcc -I/tmp/nosfy-cartes-dd/Build/Intermediates.noindex/Nosfy.build/Debug-iphonesimulator/NosfyWidgets.build/DerivedSources -Xcc -DDEBUG\=1 -emit-objc-header -emit-objc-header-path /tmp/nosfy-cartes-dd/Build/Intermediates.noindex/Nosfy.build/Debug-iphonesimulator/NosfyWidgets.build/Objects-normal/arm64/NosfyWidgets-Swift.h -working-directory /Users/kathryn/Desktop/Nosfy -experimental-emit-module-separately -disable-cmo

Copy /tmp/nosfy-cartes-dd/Build/Products/Debug-iphonesimulator/NosfyWidgets.swiftmodule/x86_64-apple-ios-simulator.swiftdoc /tmp/nosfy-cartes-dd/Build/Intermediates.noindex/Nosfy.build/Debug-iphonesimulator/NosfyWidgets.build/Objects-normal/x86_64/NosfyWidgets.swiftdoc (in target 'NosfyWidgets' from project 'Nosfy')
    cd /Users/kathryn/Desktop/Nosfy
    builtin-copy -exclude .DS_Store -exclude CVS -exclude .svn -exclude .git -exclude .hg -resolve-src-symlinks -rename /tmp/nosfy-cartes-dd/Build/Intermediates.noindex/Nosfy.build/Debug-iphonesimulator/NosfyWidgets.build/Objects-normal/x86_64/NosfyWidgets.swiftdoc /tmp/nosfy-cartes-dd/Build/Products/Debug-iphonesimulator/NosfyWidgets.swiftmodule/x86_64-apple-ios-simulator.swiftdoc

Copy /tmp/nosfy-cartes-dd/Build/Products/Debug-iphonesimulator/NosfyWidgets.swiftmodule/x86_64-apple-ios-simulator.abi.json /tmp/nosfy-cartes-dd/Build/Intermediates.noindex/Nosfy.build/Debug-iphonesimulator/NosfyWidgets.build/Objects-normal/x86_64/NosfyWidgets.abi.json (in target 'NosfyWidgets' from project 'Nosfy')
    cd /Users/kathryn/Desktop/Nosfy
    builtin-copy -exclude .DS_Store -exclude CVS -exclude .svn -exclude .git -exclude .hg -resolve-src-symlinks -rename /tmp/nosfy-cartes-dd/Build/Intermediates.noindex/Nosfy.build/Debug-iphonesimulator/NosfyWidgets.build/Objects-normal/x86_64/NosfyWidgets.abi.json /tmp/nosfy-cartes-dd/Build/Products/Debug-iphonesimulator/NosfyWidgets.swiftmodule/x86_64-apple-ios-simulator.abi.json

SwiftMergeGeneratedHeaders /tmp/nosfy-cartes-dd/Build/Intermediates.noindex/Nosfy.build/Debug-iphonesimulator/NosfyWidgets.build/DerivedSources/NosfyWidgets-Swift.h /tmp/nosfy-cartes-dd/Build/Intermediates.noindex/Nosfy.build/Debug-iphonesimulator/NosfyWidgets.build/Objects-normal/arm64/NosfyWidgets-Swift.h /tmp/nosfy-cartes-dd/Build/Intermediates.noindex/Nosfy.build/Debug-iphonesimulator/NosfyWidgets.build/Objects-normal/x86_64/NosfyWidgets-Swift.h (in target 'NosfyWidgets' from project 'Nosfy')
    cd /Users/kathryn/Desktop/Nosfy
    builtin-swiftHeaderTool -arch arm64 /tmp/nosfy-cartes-dd/Build/Intermediates.noindex/Nosfy.build/Debug-iphonesimulator/NosfyWidgets.build/Objects-normal/arm64/NosfyWidgets-Swift.h -arch x86_64 /tmp/nosfy-cartes-dd/Build/Intermediates.noindex/Nosfy.build/Debug-iphonesimulator/NosfyWidgets.build/Objects-normal/x86_64/NosfyWidgets-Swift.h -o /tmp/nosfy-cartes-dd/Build/Intermediates.noindex/Nosfy.build/Debug-iphonesimulator/NosfyWidgets.build/DerivedSources/NosfyWidgets-Swift.h

Copy /tmp/nosfy-cartes-dd/Build/Products/Debug-iphonesimulator/NosfyWidgets.swiftmodule/arm64-apple-ios-simulator.swiftmodule /tmp/nosfy-cartes-dd/Build/Intermediates.noindex/Nosfy.build/Debug-iphonesimulator/NosfyWidgets.build/Objects-normal/arm64/NosfyWidgets.swiftmodule (in target 'NosfyWidgets' from project 'Nosfy')
    cd /Users/kathryn/Desktop/Nosfy
    builtin-copy -exclude .DS_Store -exclude CVS -exclude .svn -exclude .git -exclude .hg -resolve-src-symlinks -rename /tmp/nosfy-cartes-dd/Build/Intermediates.noindex/Nosfy.build/Debug-iphonesimulator/NosfyWidgets.build/Objects-normal/arm64/NosfyWidgets.swiftmodule /tmp/nosfy-cartes-dd/Build/Products/Debug-iphonesimulator/NosfyWidgets.swiftmodule/arm64-apple-ios-simulator.swiftmodule

Copy /tmp/nosfy-cartes-dd/Build/Products/Debug-iphonesimulator/NosfyWidgets.swiftmodule/arm64-apple-ios-simulator.swiftdoc /tmp/nosfy-cartes-dd/Build/Intermediates.noindex/Nosfy.build/Debug-iphonesimulator/NosfyWidgets.build/Objects-normal/arm64/NosfyWidgets.swiftdoc (in target 'NosfyWidgets' from project 'Nosfy')
    cd /Users/kathryn/Desktop/Nosfy
    builtin-copy -exclude .DS_Store -exclude CVS -exclude .svn -exclude .git -exclude .hg -resolve-src-symlinks -rename /tmp/nosfy-cartes-dd/Build/Intermediates.noindex/Nosfy.build/Debug-iphonesimulator/NosfyWidgets.build/Objects-normal/arm64/NosfyWidgets.swiftdoc /tmp/nosfy-cartes-dd/Build/Products/Debug-iphonesimulator/NosfyWidgets.swiftmodule/arm64-apple-ios-simulator.swiftdoc

Copy /tmp/nosfy-cartes-dd/Build/Products/Debug-iphonesimulator/NosfyWidgets.swiftmodule/arm64-apple-ios-simulator.abi.json /tmp/nosfy-cartes-dd/Build/Intermediates.noindex/Nosfy.build/Debug-iphonesimulator/NosfyWidgets.build/Objects-normal/arm64/NosfyWidgets.abi.json (in target 'NosfyWidgets' from project 'Nosfy')
    cd /Users/kathryn/Desktop/Nosfy
    builtin-copy -exclude .DS_Store -exclude CVS -exclude .svn -exclude .git -exclude .hg -resolve-src-symlinks -rename /tmp/nosfy-cartes-dd/Build/Intermediates.noindex/Nosfy.build/Debug-iphonesimulator/NosfyWidgets.build/Objects-normal/arm64/NosfyWidgets.abi.json /tmp/nosfy-cartes-dd/Build/Products/Debug-iphonesimulator/NosfyWidgets.swiftmodule/arm64-apple-ios-simulator.abi.json

Copy /tmp/nosfy-cartes-dd/Build/Products/Debug-iphonesimulator/NosfyWidgets.swiftmodule/Project/x86_64-apple-ios-simulator.swiftsourceinfo /tmp/nosfy-cartes-dd/Build/Intermediates.noindex/Nosfy.build/Debug-iphonesimulator/NosfyWidgets.build/Objects-normal/x86_64/NosfyWidgets.swiftsourceinfo (in target 'NosfyWidgets' from project 'Nosfy')
    cd /Users/kathryn/Desktop/Nosfy
    builtin-copy -exclude .DS_Store -exclude CVS -exclude .svn -exclude .git -exclude .hg -resolve-src-symlinks -rename /tmp/nosfy-cartes-dd/Build/Intermediates.noindex/Nosfy.build/Debug-iphonesimulator/NosfyWidgets.build/Objects-normal/x86_64/NosfyWidgets.swiftsourceinfo /tmp/nosfy-cartes-dd/Build/Products/Debug-iphonesimulator/NosfyWidgets.swiftmodule/Project/x86_64-apple-ios-simulator.swiftsourceinfo

Copy /tmp/nosfy-cartes-dd/Build/Products/Debug-iphonesimulator/NosfyWidgets.swiftmodule/Project/arm64-apple-ios-simulator.swiftsourceinfo /tmp/nosfy-cartes-dd/Build/Intermediates.noindex/Nosfy.build/Debug-iphonesimulator/NosfyWidgets.build/Objects-normal/arm64/NosfyWidgets.swiftsourceinfo (in target 'NosfyWidgets' from project 'Nosfy')
    cd /Users/kathryn/Desktop/Nosfy
    builtin-copy -exclude .DS_Store -exclude CVS -exclude .svn -exclude .git -exclude .hg -resolve-src-symlinks -rename /tmp/nosfy-cartes-dd/Build/Intermediates.noindex/Nosfy.build/Debug-iphonesimulator/NosfyWidgets.build/Objects-normal/arm64/NosfyWidgets.swiftsourceinfo /tmp/nosfy-cartes-dd/Build/Products/Debug-iphonesimulator/NosfyWidgets.swiftmodule/Project/arm64-apple-ios-simulator.swiftsourceinfo

SwiftCompile normal arm64 Compiling\ ImpGlyph.swift /Users/kathryn/Desktop/Nosfy/NosfyShared/ImpGlyph.swift (in target 'NosfyWidgets' from project 'Nosfy')

SwiftCompile normal arm64 /Users/kathryn/Desktop/Nosfy/NosfyShared/ImpGlyph.swift (in target 'NosfyWidgets' from project 'Nosfy')
    cd /Users/kathryn/Desktop/Nosfy
    

SwiftCompile normal arm64 Compiling\ GeneratedAssetSymbols.swift /tmp/nosfy-cartes-dd/Build/Intermediates.noindex/Nosfy.build/Debug-iphonesimulator/NosfyWidgets.build/DerivedSources/GeneratedAssetSymbols.swift (in target 'NosfyWidgets' from project 'Nosfy')

SwiftCompile normal arm64 /tmp/nosfy-cartes-dd/Build/Intermediates.noindex/Nosfy.build/Debug-iphonesimulator/NosfyWidgets.build/DerivedSources/GeneratedAssetSymbols.swift (in target 'NosfyWidgets' from project 'Nosfy')
    cd /Users/kathryn/Desktop/Nosfy
    

SwiftCompile normal arm64 Compiling\ ProgressComet.swift /Users/kathryn/Desktop/Nosfy/NosfyShared/ProgressComet.swift (in target 'NosfyWidgets' from project 'Nosfy')

SwiftCompile normal arm64 /Users/kathryn/Desktop/Nosfy/NosfyShared/ProgressComet.swift (in target 'NosfyWidgets' from project 'Nosfy')
    cd /Users/kathryn/Desktop/Nosfy
    

SwiftDriverJobDiscovery normal x86_64 Compiling GeneratedAssetSymbols.swift (in target 'NosfyWidgets' from project 'Nosfy')

SwiftCompile normal arm64 Compiling\ WorkoutLiveCard.swift /Users/kathryn/Desktop/Nosfy/NosfyShared/WorkoutLiveCard.swift (in target 'NosfyWidgets' from project 'Nosfy')
SwiftCompile normal arm64 /Users/kathryn/Desktop/Nosfy/NosfyShared/WorkoutLiveCard.swift (in target 'NosfyWidgets' from project 'Nosfy')
    cd /Users/kathryn/Desktop/Nosfy
    

SwiftDriverJobDiscovery normal x86_64 Compiling WorkoutActivity.swift (in target 'NosfyWidgets' from project 'Nosfy')

LinkAssetCatalog /Users/kathryn/Desktop/Nosfy/NosfyShared/LiveAssets.xcassets (in target 'NosfyWidgets' from project 'Nosfy')
    cd /Users/kathryn/Desktop/Nosfy
    builtin-linkAssetCatalog --thinned /tmp/nosfy-cartes-dd/Build/Intermediates.noindex/Nosfy.build/Debug-iphonesimulator/NosfyWidgets.build/assetcatalog_output/thinned --thinned-dependencies /tmp/nosfy-cartes-dd/Build/Intermediates.noindex/Nosfy.build/Debug-iphonesimulator/NosfyWidgets.build/assetcatalog_dependencies_thinned --thinned-info-plist-content /tmp/nosfy-cartes-dd/Build/Intermediates.noindex/Nosfy.build/Debug-iphonesimulator/NosfyWidgets.build/assetcatalog_generated_info.plist_thinned --unthinned /tmp/nosfy-cartes-dd/Build/Intermediates.noindex/Nosfy.build/Debug-iphonesimulator/NosfyWidgets.build/assetcatalog_output/unthinned --unthinned-dependencies /tmp/nosfy-cartes-dd/Build/Intermediates.noindex/Nosfy.build/Debug-iphonesimulator/NosfyWidgets.build/assetcatalog_dependencies_unthinned --unthinned-info-plist-content /tmp/nosfy-cartes-dd/Build/Intermediates.noindex/Nosfy.build/Debug-iphonesimulator/NosfyWidgets.build/assetcatalog_generated_info.plist_unthinned --output /tmp/nosfy-cartes-dd/Build/Products/Debug-iphonesimulator/NosfyWidgets.appex --plist-output /tmp/nosfy-cartes-dd/Build/Intermediates.noindex/Nosfy.build/Debug-iphonesimulator/NosfyWidgets.build/assetcatalog_generated_info.plist
note: Emplaced /tmp/nosfy-cartes-dd/Build/Products/Debug-iphonesimulator/NosfyWidgets.appex/Assets.car (in target 'NosfyWidgets' from project 'Nosfy')

SwiftDriverJobDiscovery normal x86_64 Compiling WorkoutLiveFocus.swift (in target 'NosfyWidgets' from project 'Nosfy')

ProcessInfoPlistFile /tmp/nosfy-cartes-dd/Build/Products/Debug-iphonesimulator/NosfyWidgets.appex/Info.plist /Users/kathryn/Desktop/Nosfy/NosfyWidgets/Info.plist (in target 'NosfyWidgets' from project 'Nosfy')
    cd /Users/kathryn/Desktop/Nosfy
    builtin-infoPlistUtility /Users/kathryn/Desktop/Nosfy/NosfyWidgets/Info.plist -producttype com.apple.product-type.app-extension -expandbuildsettings -format binary -platform iphonesimulator -additionalcontentfile /tmp/nosfy-cartes-dd/Build/Intermediates.noindex/Nosfy.build/Debug-iphonesimulator/NosfyWidgets.build/assetcatalog_generated_info.plist -o /tmp/nosfy-cartes-dd/Build/Products/Debug-iphonesimulator/NosfyWidgets.appex/Info.plist

SwiftCompile normal arm64 Compiling\ MoonGlyph.swift /Users/kathryn/Desktop/Nosfy/NosfyShared/MoonGlyph.swift (in target 'NosfyWidgets' from project 'Nosfy')

SwiftCompile normal arm64 /Users/kathryn/Desktop/Nosfy/NosfyShared/MoonGlyph.swift (in target 'NosfyWidgets' from project 'Nosfy')
    cd /Users/kathryn/Desktop/Nosfy
    

SwiftCompile normal arm64 Compiling\ WorkoutLiveActivity.swift /Users/kathryn/Desktop/Nosfy/NosfyWidgets/WorkoutLiveActivity.swift (in target 'NosfyWidgets' from project 'Nosfy')
SwiftCompile normal arm64 /Users/kathryn/Desktop/Nosfy/NosfyWidgets/WorkoutLiveActivity.swift (in target 'NosfyWidgets' from project 'Nosfy')
    cd /Users/kathryn/Desktop/Nosfy
    

SwiftDriverJobDiscovery normal arm64 Compiling GeneratedAssetSymbols.swift (in target 'NosfyWidgets' from project 'Nosfy')

SwiftCompile normal arm64 Compiling\ WorkoutLiveFocus.swift /Users/kathryn/Desktop/Nosfy/NosfyShared/WorkoutLiveFocus.swift (in target 'NosfyWidgets' from project 'Nosfy')

SwiftCompile normal arm64 /Users/kathryn/Desktop/Nosfy/NosfyShared/WorkoutLiveFocus.swift (in target 'NosfyWidgets' from project 'Nosfy')
    cd /Users/kathryn/Desktop/Nosfy
    

SwiftDriverJobDiscovery normal x86_64 Compiling MoonGlyph.swift (in target 'NosfyWidgets' from project 'Nosfy')

SwiftCompile normal arm64 Compiling\ WorkoutActivity.swift /Users/kathryn/Desktop/Nosfy/NosfyShared/WorkoutActivity.swift (in target 'NosfyWidgets' from project 'Nosfy')

SwiftCompile normal arm64 /Users/kathryn/Desktop/Nosfy/NosfyShared/WorkoutActivity.swift (in target 'NosfyWidgets' from project 'Nosfy')
    cd /Users/kathryn/Desktop/Nosfy
    

SwiftDriverJobDiscovery normal x86_64 Compiling ProgressComet.swift (in target 'NosfyWidgets' from project 'Nosfy')

SwiftCompile normal arm64 Compiling\ NosfyWidgetsBundle.swift /Users/kathryn/Desktop/Nosfy/NosfyWidgets/NosfyWidgetsBundle.swift (in target 'NosfyWidgets' from project 'Nosfy')

SwiftCompile normal arm64 /Users/kathryn/Desktop/Nosfy/NosfyWidgets/NosfyWidgetsBundle.swift (in target 'NosfyWidgets' from project 'Nosfy')
    cd /Users/kathryn/Desktop/Nosfy
    

SwiftDriverJobDiscovery normal x86_64 Compiling ImpGlyph.swift (in target 'NosfyWidgets' from project 'Nosfy')

SwiftCompile normal x86_64 Compiling\ WorkoutLiveCard.swift /Users/kathryn/Desktop/Nosfy/NosfyShared/WorkoutLiveCard.swift (in target 'NosfyWidgets' from project 'Nosfy')
SwiftCompile normal x86_64 /Users/kathryn/Desktop/Nosfy/NosfyShared/WorkoutLiveCard.swift (in target 'NosfyWidgets' from project 'Nosfy')
    cd /Users/kathryn/Desktop/Nosfy
    

SwiftDriverJobDiscovery normal arm64 Compiling WorkoutActivity.swift (in target 'NosfyWidgets' from project 'Nosfy')

SwiftDriverJobDiscovery normal arm64 Compiling MoonGlyph.swift (in target 'NosfyWidgets' from project 'Nosfy')

MkDir /tmp/nosfy-cartes-dd/Build/Intermediates.noindex/Nosfy.build/Debug-iphonesimulator/Nosfy.build/assetcatalog_output/unthinned (in target 'Nosfy' from project 'Nosfy')
    cd /Users/kathryn/Desktop/Nosfy
    /bin/mkdir -p /tmp/nosfy-cartes-dd/Build/Intermediates.noindex/Nosfy.build/Debug-iphonesimulator/Nosfy.build/assetcatalog_output/unthinned

MkDir /tmp/nosfy-cartes-dd/Build/Intermediates.noindex/Nosfy.build/Debug-iphonesimulator/Nosfy.build/assetcatalog_output/thinned (in target 'Nosfy' from project 'Nosfy')
    cd /Users/kathryn/Desktop/Nosfy
    /bin/mkdir -p /tmp/nosfy-cartes-dd/Build/Intermediates.noindex/Nosfy.build/Debug-iphonesimulator/Nosfy.build/assetcatalog_output/thinned

GenerateAssetSymbols /Users/kathryn/Desktop/Nosfy/NosfyShared/LiveAssets.xcassets /Users/kathryn/Desktop/Nosfy/Nosfy/AppIcon.icon /Users/kathryn/Desktop/Nosfy/Nosfy/Assets.xcassets (in target 'Nosfy' from project 'Nosfy')
    cd /Users/kathryn/Desktop/Nosfy
    /Applications/Xcode.app/Contents/Developer/usr/bin/actool /Users/kathryn/Desktop/Nosfy/NosfyShared/LiveAssets.xcassets /Users/kathryn/Desktop/Nosfy/Nosfy/AppIcon.icon /Users/kathryn/Desktop/Nosfy/Nosfy/Assets.xcassets --compile /tmp/nosfy-cartes-dd/Build/Products/Debug-iphonesimulator/Nosfy.app --output-format human-readable-text --notices --warnings --export-dependency-info /tmp/nosfy-cartes-dd/Build/Intermediates.noindex/Nosfy.build/Debug-iphonesimulator/Nosfy.build/assetcatalog_dependencies --output-partial-info-plist /tmp/nosfy-cartes-dd/Build/Intermediates.noindex/Nosfy.build/Debug-iphonesimulator/Nosfy.build/assetcatalog_generated_info.plist --app-icon AppIcon --accent-color AccentColor --compress-pngs --enable-on-demand-resources YES --development-region fr --target-device iphone --minimum-deployment-target 26.0 --platform iphonesimulator --bundle-identifier fr.kathryn.woop --generate-swift-asset-symbol-extensions NO --generate-swift-asset-symbols /tmp/nosfy-cartes-dd/Build/Intermediates.noindex/Nosfy.build/Debug-iphonesimulator/Nosfy.build/DerivedSources/GeneratedAssetSymbols.swift --generate-objc-asset-symbols /tmp/nosfy-cartes-dd/Build/Intermediates.noindex/Nosfy.build/Debug-iphonesimulator/Nosfy.build/DerivedSources/GeneratedAssetSymbols.h --generate-asset-symbol-index /tmp/nosfy-cartes-dd/Build/Intermediates.noindex/Nosfy.build/Debug-iphonesimulator/Nosfy.build/DerivedSources/GeneratedAssetSymbols-Index.plist
/* com.apple.actool.compilation-results */
/tmp/nosfy-cartes-dd/Build/Intermediates.noindex/Nosfy.build/Debug-iphonesimulator/Nosfy.build/DerivedSources/GeneratedAssetSymbols-Index.plist
/tmp/nosfy-cartes-dd/Build/Intermediates.noindex/Nosfy.build/Debug-iphonesimulator/Nosfy.build/DerivedSources/GeneratedAssetSymbols.h
/tmp/nosfy-cartes-dd/Build/Intermediates.noindex/Nosfy.build/Debug-iphonesimulator/Nosfy.build/DerivedSources/GeneratedAssetSymbols.swift


CompileMetalFile /Users/kathryn/Desktop/Nosfy/Nosfy/WahouAura.metal (in target 'Nosfy' from project 'Nosfy')
    cd /Users/kathryn/Desktop/Nosfy
    /var/run/com.apple.security.cryptexd/mnt/com.apple.MobileAsset.MetalToolchain-v17.6.42.0.BA5Ggr/Metal.xctoolchain/usr/bin/metal -c -target air64-apple-ios26.0-simulator -gline-tables-only -frecord-sources -I/tmp/nosfy-cartes-dd/Build/Products/Debug-iphonesimulator/include -F/tmp/nosfy-cartes-dd/Build/Products/Debug-iphonesimulator -isysroot /Applications/Xcode.app/Contents/Developer/Platforms/iPhoneSimulator.platform/Developer/SDKs/iPhoneSimulator26.5.sdk -fmetal-math-mode\=fast -fmetal-math-fp32-functions\=fast -serialize-diagnostics /tmp/nosfy-cartes-dd/Build/Intermediates.noindex/Nosfy.build/Debug-iphonesimulator/Nosfy.build/Metal/WahouAura.dia -o /tmp/nosfy-cartes-dd/Build/Intermediates.noindex/Nosfy.build/Debug-iphonesimulator/Nosfy.build/Metal/WahouAura.air -index-store-path /tmp/nosfy-cartes-dd/Index.noindex/DataStore -MMD -MT dependencies -MF /tmp/nosfy-cartes-dd/Build/Intermediates.noindex/Nosfy.build/Debug-iphonesimulator/Nosfy.build/Metal/WahouAura.dat /Users/kathryn/Desktop/Nosfy/Nosfy/WahouAura.metal

SwiftDriverJobDiscovery normal arm64 Compiling ProgressComet.swift (in target 'NosfyWidgets' from project 'Nosfy')

CompileMetalFile /Users/kathryn/Desktop/Nosfy/Nosfy/VerreGalet.metal (in target 'Nosfy' from project 'Nosfy')
    cd /Users/kathryn/Desktop/Nosfy
    /var/run/com.apple.security.cryptexd/mnt/com.apple.MobileAsset.MetalToolchain-v17.6.42.0.BA5Ggr/Metal.xctoolchain/usr/bin/metal -c -target air64-apple-ios26.0-simulator -gline-tables-only -frecord-sources -I/tmp/nosfy-cartes-dd/Build/Products/Debug-iphonesimulator/include -F/tmp/nosfy-cartes-dd/Build/Products/Debug-iphonesimulator -isysroot /Applications/Xcode.app/Contents/Developer/Platforms/iPhoneSimulator.platform/Developer/SDKs/iPhoneSimulator26.5.sdk -fmetal-math-mode\=fast -fmetal-math-fp32-functions\=fast -serialize-diagnostics /tmp/nosfy-cartes-dd/Build/Intermediates.noindex/Nosfy.build/Debug-iphonesimulator/Nosfy.build/Metal/VerreGalet.dia -o /tmp/nosfy-cartes-dd/Build/Intermediates.noindex/Nosfy.build/Debug-iphonesimulator/Nosfy.build/Metal/VerreGalet.air -index-store-path /tmp/nosfy-cartes-dd/Index.noindex/DataStore -MMD -MT dependencies -MF /tmp/nosfy-cartes-dd/Build/Intermediates.noindex/Nosfy.build/Debug-iphonesimulator/Nosfy.build/Metal/VerreGalet.dat /Users/kathryn/Desktop/Nosfy/Nosfy/VerreGalet.metal

SwiftDriverJobDiscovery normal arm64 Compiling ImpGlyph.swift (in target 'NosfyWidgets' from project 'Nosfy')

CompileMetalFile /Users/kathryn/Desktop/Nosfy/Nosfy/VerreCoulant.metal (in target 'Nosfy' from project 'Nosfy')
    cd /Users/kathryn/Desktop/Nosfy
    /var/run/com.apple.security.cryptexd/mnt/com.apple.MobileAsset.MetalToolchain-v17.6.42.0.BA5Ggr/Metal.xctoolchain/usr/bin/metal -c -target air64-apple-ios26.0-simulator -gline-tables-only -frecord-sources -I/tmp/nosfy-cartes-dd/Build/Products/Debug-iphonesimulator/include -F/tmp/nosfy-cartes-dd/Build/Products/Debug-iphonesimulator -isysroot /Applications/Xcode.app/Contents/Developer/Platforms/iPhoneSimulator.platform/Developer/SDKs/iPhoneSimulator26.5.sdk -fmetal-math-mode\=fast -fmetal-math-fp32-functions\=fast -serialize-diagnostics /tmp/nosfy-cartes-dd/Build/Intermediates.noindex/Nosfy.build/Debug-iphonesimulator/Nosfy.build/Metal/VerreCoulant-a9f8871bc6a50ecc261287c465b3cd2f.dia -o /tmp/nosfy-cartes-dd/Build/Intermediates.noindex/Nosfy.build/Debug-iphonesimulator/Nosfy.build/Metal/VerreCoulant-a9f8871bc6a50ecc261287c465b3cd2f.air -index-store-path /tmp/nosfy-cartes-dd/Index.noindex/DataStore -MMD -MT dependencies -MF /tmp/nosfy-cartes-dd/Build/Intermediates.noindex/Nosfy.build/Debug-iphonesimulator/Nosfy.build/Metal/VerreCoulant-a9f8871bc6a50ecc261287c465b3cd2f.dat /Users/kathryn/Desktop/Nosfy/Nosfy/VerreCoulant.metal
/Users/kathryn/Desktop/Nosfy/Nosfy/VerreCoulant.metal:138:11: warning: unused variable 'swell' [-Wunused-variable]
    float swell = 1.0 + 0.050 * sin(t * 6.2832 / 8.7)
          ^
1 warning generated.

CompileMetalFile /Users/kathryn/Desktop/Nosfy/Nosfy/TreasureBadge.metal (in target 'Nosfy' from project 'Nosfy')
    cd /Users/kathryn/Desktop/Nosfy
    /var/run/com.apple.security.cryptexd/mnt/com.apple.MobileAsset.MetalToolchain-v17.6.42.0.BA5Ggr/Metal.xctoolchain/usr/bin/metal -c -target air64-apple-ios26.0-simulator -gline-tables-only -frecord-sources -I/tmp/nosfy-cartes-dd/Build/Products/Debug-iphonesimulator/include -F/tmp/nosfy-cartes-dd/Build/Products/Debug-iphonesimulator -isysroot /Applications/Xcode.app/Contents/Developer/Platforms/iPhoneSimulator.platform/Developer/SDKs/iPhoneSimulator26.5.sdk -fmetal-math-mode\=fast -fmetal-math-fp32-functions\=fast -serialize-diagnostics /tmp/nosfy-cartes-dd/Build/Intermediates.noindex/Nosfy.build/Debug-iphonesimulator/Nosfy.build/Metal/TreasureBadge.dia -o /tmp/nosfy-cartes-dd/Build/Intermediates.noindex/Nosfy.build/Debug-iphonesimulator/Nosfy.build/Metal/TreasureBadge.air -index-store-path /tmp/nosfy-cartes-dd/Index.noindex/DataStore -MMD -MT dependencies -MF /tmp/nosfy-cartes-dd/Build/Intermediates.noindex/Nosfy.build/Debug-iphonesimulator/Nosfy.build/Metal/TreasureBadge.dat /Users/kathryn/Desktop/Nosfy/Nosfy/TreasureBadge.metal

SwiftDriverJobDiscovery normal arm64 Compiling WorkoutLiveFocus.swift (in target 'NosfyWidgets' from project 'Nosfy')

CompileMetalFile /Users/kathryn/Desktop/Nosfy/Nosfy/PorteCaresse.metal (in target 'Nosfy' from project 'Nosfy')
    cd /Users/kathryn/Desktop/Nosfy
    /var/run/com.apple.security.cryptexd/mnt/com.apple.MobileAsset.MetalToolchain-v17.6.42.0.BA5Ggr/Metal.xctoolchain/usr/bin/metal -c -target air64-apple-ios26.0-simulator -gline-tables-only -frecord-sources -I/tmp/nosfy-cartes-dd/Build/Products/Debug-iphonesimulator/include -F/tmp/nosfy-cartes-dd/Build/Products/Debug-iphonesimulator -isysroot /Applications/Xcode.app/Contents/Developer/Platforms/iPhoneSimulator.platform/Developer/SDKs/iPhoneSimulator26.5.sdk -fmetal-math-mode\=fast -fmetal-math-fp32-functions\=fast -serialize-diagnostics /tmp/nosfy-cartes-dd/Build/Intermediates.noindex/Nosfy.build/Debug-iphonesimulator/Nosfy.build/Metal/PorteCaresse.dia -o /tmp/nosfy-cartes-dd/Build/Intermediates.noindex/Nosfy.build/Debug-iphonesimulator/Nosfy.build/Metal/PorteCaresse.air -index-store-path /tmp/nosfy-cartes-dd/Index.noindex/DataStore -MMD -MT dependencies -MF /tmp/nosfy-cartes-dd/Build/Intermediates.noindex/Nosfy.build/Debug-iphonesimulator/Nosfy.build/Metal/PorteCaresse.dat /Users/kathryn/Desktop/Nosfy/Nosfy/PorteCaresse.metal

SwiftDriverJobDiscovery normal x86_64 Compiling NosfyWidgetsBundle.swift (in target 'NosfyWidgets' from project 'Nosfy')

CompileMetalFile /Users/kathryn/Desktop/Nosfy/Nosfy/PieceVerre.metal (in target 'Nosfy' from project 'Nosfy')
    cd /Users/kathryn/Desktop/Nosfy
    /var/run/com.apple.security.cryptexd/mnt/com.apple.MobileAsset.MetalToolchain-v17.6.42.0.BA5Ggr/Metal.xctoolchain/usr/bin/metal -c -target air64-apple-ios26.0-simulator -gline-tables-only -frecord-sources -I/tmp/nosfy-cartes-dd/Build/Products/Debug-iphonesimulator/include -F/tmp/nosfy-cartes-dd/Build/Products/Debug-iphonesimulator -isysroot /Applications/Xcode.app/Contents/Developer/Platforms/iPhoneSimulator.platform/Developer/SDKs/iPhoneSimulator26.5.sdk -fmetal-math-mode\=fast -fmetal-math-fp32-functions\=fast -serialize-diagnostics /tmp/nosfy-cartes-dd/Build/Intermediates.noindex/Nosfy.build/Debug-iphonesimulator/Nosfy.build/Metal/PieceVerre.dia -o /tmp/nosfy-cartes-dd/Build/Intermediates.noindex/Nosfy.build/Debug-iphonesimulator/Nosfy.build/Metal/PieceVerre.air -index-store-path /tmp/nosfy-cartes-dd/Index.noindex/DataStore -MMD -MT dependencies -MF /tmp/nosfy-cartes-dd/Build/Intermediates.noindex/Nosfy.build/Debug-iphonesimulator/Nosfy.build/Metal/PieceVerre.dat /Users/kathryn/Desktop/Nosfy/Nosfy/PieceVerre.metal

SwiftDriverJobDiscovery normal x86_64 Compiling WorkoutLiveActivity.swift (in target 'NosfyWidgets' from project 'Nosfy')

CompileMetalFile /Users/kathryn/Desktop/Nosfy/Nosfy/PebbleDust.metal (in target 'Nosfy' from project 'Nosfy')
    cd /Users/kathryn/Desktop/Nosfy
    /var/run/com.apple.security.cryptexd/mnt/com.apple.MobileAsset.MetalToolchain-v17.6.42.0.BA5Ggr/Metal.xctoolchain/usr/bin/metal -c -target air64-apple-ios26.0-simulator -gline-tables-only -frecord-sources -I/tmp/nosfy-cartes-dd/Build/Products/Debug-iphonesimulator/include -F/tmp/nosfy-cartes-dd/Build/Products/Debug-iphonesimulator -isysroot /Applications/Xcode.app/Contents/Developer/Platforms/iPhoneSimulator.platform/Developer/SDKs/iPhoneSimulator26.5.sdk -fmetal-math-mode\=fast -fmetal-math-fp32-functions\=fast -serialize-diagnostics /tmp/nosfy-cartes-dd/Build/Intermediates.noindex/Nosfy.build/Debug-iphonesimulator/Nosfy.build/Metal/PebbleDust.dia -o /tmp/nosfy-cartes-dd/Build/Intermediates.noindex/Nosfy.build/Debug-iphonesimulator/Nosfy.build/Metal/PebbleDust.air -index-store-path /tmp/nosfy-cartes-dd/Index.noindex/DataStore -MMD -MT dependencies -MF /tmp/nosfy-cartes-dd/Build/Intermediates.noindex/Nosfy.build/Debug-iphonesimulator/Nosfy.build/Metal/PebbleDust.dat /Users/kathryn/Desktop/Nosfy/Nosfy/PebbleDust.metal

SwiftDriverJobDiscovery normal arm64 Compiling WorkoutLiveCard.swift (in target 'NosfyWidgets' from project 'Nosfy')

CompileMetalFile /Users/kathryn/Desktop/Nosfy/Nosfy/ObsidianCard.metal (in target 'Nosfy' from project 'Nosfy')
    cd /Users/kathryn/Desktop/Nosfy
    /var/run/com.apple.security.cryptexd/mnt/com.apple.MobileAsset.MetalToolchain-v17.6.42.0.BA5Ggr/Metal.xctoolchain/usr/bin/metal -c -target air64-apple-ios26.0-simulator -gline-tables-only -frecord-sources -I/tmp/nosfy-cartes-dd/Build/Products/Debug-iphonesimulator/include -F/tmp/nosfy-cartes-dd/Build/Products/Debug-iphonesimulator -isysroot /Applications/Xcode.app/Contents/Developer/Platforms/iPhoneSimulator.platform/Developer/SDKs/iPhoneSimulator26.5.sdk -fmetal-math-mode\=fast -fmetal-math-fp32-functions\=fast -serialize-diagnostics /tmp/nosfy-cartes-dd/Build/Intermediates.noindex/Nosfy.build/Debug-iphonesimulator/Nosfy.build/Metal/ObsidianCard-795b9147487e85f10275672f6e73cfe5.dia -o /tmp/nosfy-cartes-dd/Build/Intermediates.noindex/Nosfy.build/Debug-iphonesimulator/Nosfy.build/Metal/ObsidianCard-795b9147487e85f10275672f6e73cfe5.air -index-store-path /tmp/nosfy-cartes-dd/Index.noindex/DataStore -MMD -MT dependencies -MF /tmp/nosfy-cartes-dd/Build/Intermediates.noindex/Nosfy.build/Debug-iphonesimulator/Nosfy.build/Metal/ObsidianCard-795b9147487e85f10275672f6e73cfe5.dat /Users/kathryn/Desktop/Nosfy/Nosfy/ObsidianCard.metal
/Users/kathryn/Desktop/Nosfy/Nosfy/ObsidianCard.metal:72:14: warning: unused function 'olobe' [-Wunused-function]
static float olobe(float2 p, float2 c, float2 s) {
             ^
/Users/kathryn/Desktop/Nosfy/Nosfy/ObsidianCard.metal:89:17: warning: unused variable 'kWarm' [-Wunused-const-variable]
constant float3 kWarm = float3(1.000, 0.456, 0.154);   // la source chaude
                ^
/Users/kathryn/Desktop/Nosfy/Nosfy/ObsidianCard.metal:97:17: warning: unused variable 'kRim' [-Wunused-const-variable]
constant float3 kRim  = float3(1.000, 0.600, 0.320);
                ^
3 warnings generated.

SwiftDriverJobDiscovery normal arm64 Compiling NosfyWidgetsBundle.swift (in target 'NosfyWidgets' from project 'Nosfy')

CompileMetalFile /Users/kathryn/Desktop/Nosfy/Nosfy/ObjectiveJewel.metal (in target 'Nosfy' from project 'Nosfy')
    cd /Users/kathryn/Desktop/Nosfy
    /var/run/com.apple.security.cryptexd/mnt/com.apple.MobileAsset.MetalToolchain-v17.6.42.0.BA5Ggr/Metal.xctoolchain/usr/bin/metal -c -target air64-apple-ios26.0-simulator -gline-tables-only -frecord-sources -I/tmp/nosfy-cartes-dd/Build/Products/Debug-iphonesimulator/include -F/tmp/nosfy-cartes-dd/Build/Products/Debug-iphonesimulator -isysroot /Applications/Xcode.app/Contents/Developer/Platforms/iPhoneSimulator.platform/Developer/SDKs/iPhoneSimulator26.5.sdk -fmetal-math-mode\=fast -fmetal-math-fp32-functions\=fast -serialize-diagnostics /tmp/nosfy-cartes-dd/Build/Intermediates.noindex/Nosfy.build/Debug-iphonesimulator/Nosfy.build/Metal/ObjectiveJewel.dia -o /tmp/nosfy-cartes-dd/Build/Intermediates.noindex/Nosfy.build/Debug-iphonesimulator/Nosfy.build/Metal/ObjectiveJewel.air -index-store-path /tmp/nosfy-cartes-dd/Index.noindex/DataStore -MMD -MT dependencies -MF /tmp/nosfy-cartes-dd/Build/Intermediates.noindex/Nosfy.build/Debug-iphonesimulator/Nosfy.build/Metal/ObjectiveJewel.dat /Users/kathryn/Desktop/Nosfy/Nosfy/ObjectiveJewel.metal

SwiftDriverJobDiscovery normal arm64 Compiling WorkoutLiveActivity.swift (in target 'NosfyWidgets' from project 'Nosfy')

CompileMetalFile /Users/kathryn/Desktop/Nosfy/Nosfy/NeonPrimary.metal (in target 'Nosfy' from project 'Nosfy')
    cd /Users/kathryn/Desktop/Nosfy
    /var/run/com.apple.security.cryptexd/mnt/com.apple.MobileAsset.MetalToolchain-v17.6.42.0.BA5Ggr/Metal.xctoolchain/usr/bin/metal -c -target air64-apple-ios26.0-simulator -gline-tables-only -frecord-sources -I/tmp/nosfy-cartes-dd/Build/Products/Debug-iphonesimulator/include -F/tmp/nosfy-cartes-dd/Build/Products/Debug-iphonesimulator -isysroot /Applications/Xcode.app/Contents/Developer/Platforms/iPhoneSimulator.platform/Developer/SDKs/iPhoneSimulator26.5.sdk -fmetal-math-mode\=fast -fmetal-math-fp32-functions\=fast -serialize-diagnostics /tmp/nosfy-cartes-dd/Build/Intermediates.noindex/Nosfy.build/Debug-iphonesimulator/Nosfy.build/Metal/NeonPrimary.dia -o /tmp/nosfy-cartes-dd/Build/Intermediates.noindex/Nosfy.build/Debug-iphonesimulator/Nosfy.build/Metal/NeonPrimary.air -index-store-path /tmp/nosfy-cartes-dd/Index.noindex/DataStore -MMD -MT dependencies -MF /tmp/nosfy-cartes-dd/Build/Intermediates.noindex/Nosfy.build/Debug-iphonesimulator/Nosfy.build/Metal/NeonPrimary.dat /Users/kathryn/Desktop/Nosfy/Nosfy/NeonPrimary.metal

SwiftDriver\ Compilation NosfyWidgets normal arm64 com.apple.xcode.tools.swift.compiler (in target 'NosfyWidgets' from project 'Nosfy')
    cd /Users/kathryn/Desktop/Nosfy
    builtin-Swift-Compilation -- /Applications/Xcode.app/Contents/Developer/Toolchains/XcodeDefault.xctoolchain/usr/bin/swiftc -module-name NosfyWidgets -Onone @/tmp/nosfy-cartes-dd/Build/Intermediates.noindex/Nosfy.build/Debug-iphonesimulator/NosfyWidgets.build/Objects-normal/arm64/NosfyWidgets.SwiftFileList -DDEBUG -enable-bare-slash-regex -enable-experimental-feature DebugDescriptionMacro -sdk /Applications/Xcode.app/Contents/Developer/Platforms/iPhoneSimulator.platform/Developer/SDKs/iPhoneSimulator26.5.sdk -target arm64-apple-ios26.0-simulator -g -module-cache-path /tmp/nosfy-cartes-dd/ModuleCache.noindex -Xfrontend -serialize-debugging-options -application-extension -enable-testing -index-store-path /tmp/nosfy-cartes-dd/Index.noindex/DataStore -Xcc -D_LIBCPP_HARDENING_MODE\=_LIBCPP_HARDENING_MODE_DEBUG -swift-version 5 -I /tmp/nosfy-cartes-dd/Build/Products/Debug-iphonesimulator -F /tmp/nosfy-cartes-dd/Build/Products/Debug-iphonesimulator -emit-localized-strings -emit-localized-strings-path /tmp/nosfy-cartes-dd/Build/Intermediates.noindex/Nosfy.build/Debug-iphonesimulator/NosfyWidgets.build/Objects-normal/arm64 -c -j10 -enable-batch-mode -incremental -Xcc -ivfsstatcache -Xcc /tmp/nosfy-cartes-dd/SDKStatCaches.noindex/iphonesimulator26.5-23F73-688ef53f1462e2c8f657fdc38a81448f6cfe768891a92b912361537c460fe42b.sdkstatcache -output-file-map /tmp/nosfy-cartes-dd/Build/Intermediates.noindex/Nosfy.build/Debug-iphonesimulator/NosfyWidgets.build/Objects-normal/arm64/NosfyWidgets-OutputFileMap.json -use-frontend-parseable-output -save-temps -no-color-diagnostics -explicit-module-build -module-cache-path /tmp/nosfy-cartes-dd/Build/Intermediates.noindex/SwiftExplicitPrecompiledModules -clang-scanner-module-cache-path /tmp/nosfy-cartes-dd/ModuleCache.noindex -sdk-module-cache-path /tmp/nosfy-cartes-dd/ModuleCache.noindex -serialize-diagnostics -emit-dependencies -emit-module -emit-module-path /tmp/nosfy-cartes-dd/Build/Intermediates.noindex/Nosfy.build/Debug-iphonesimulator/NosfyWidgets.build/Objects-normal/arm64/NosfyWidgets.swiftmodule -validate-clang-modules-once -clang-build-session-file /tmp/nosfy-cartes-dd/ModuleCache.noindex/Session.modulevalidation -Xcc -I/tmp/nosfy-cartes-dd/Build/Intermediates.noindex/Nosfy.build/Debug-iphonesimulator/NosfyWidgets.build/swift-overrides.hmap -emit-const-values -Xfrontend -const-gather-protocols-file -Xfrontend /tmp/nosfy-cartes-dd/Build/Intermediates.noindex/Nosfy.build/Debug-iphonesimulator/NosfyWidgets.build/Objects-normal/arm64/NosfyWidgets_const_extract_protocols.json -Xcc -iquote -Xcc /tmp/nosfy-cartes-dd/Build/Intermediates.noindex/Nosfy.build/Debug-iphonesimulator/NosfyWidgets.build/NosfyWidgets-generated-files.hmap -Xcc -I/tmp/nosfy-cartes-dd/Build/Intermediates.noindex/Nosfy.build/Debug-iphonesimulator/NosfyWidgets.build/NosfyWidgets-own-target-headers.hmap -Xcc -I/tmp/nosfy-cartes-dd/Build/Intermediates.noindex/Nosfy.build/Debug-iphonesimulator/NosfyWidgets.build/NosfyWidgets-all-target-headers.hmap -Xcc -iquote -Xcc /tmp/nosfy-cartes-dd/Build/Intermediates.noindex/Nosfy.build/Debug-iphonesimulator/NosfyWidgets.build/NosfyWidgets-project-headers.hmap -Xcc -I/tmp/nosfy-cartes-dd/Build/Products/Debug-iphonesimulator/include -Xcc -I/tmp/nosfy-cartes-dd/Build/Intermediates.noindex/Nosfy.build/Debug-iphonesimulator/NosfyWidgets.build/DerivedSources-normal/arm64 -Xcc -I/tmp/nosfy-cartes-dd/Build/Intermediates.noindex/Nosfy.build/Debug-iphonesimulator/NosfyWidgets.build/DerivedSources/arm64 -Xcc -I/tmp/nosfy-cartes-dd/Build/Intermediates.noindex/Nosfy.build/Debug-iphonesimulator/NosfyWidgets.build/DerivedSources -Xcc -DDEBUG\=1 -emit-objc-header -emit-objc-header-path /tmp/nosfy-cartes-dd/Build/Intermediates.noindex/Nosfy.build/Debug-iphonesimulator/NosfyWidgets.build/Objects-normal/arm64/NosfyWidgets-Swift.h -working-directory /Users/kathryn/Desktop/Nosfy -experimental-emit-module-separately -disable-cmo

CompileMetalFile /Users/kathryn/Desktop/Nosfy/Nosfy/NebulaShaders.metal (in target 'Nosfy' from project 'Nosfy')
    cd /Users/kathryn/Desktop/Nosfy
    /var/run/com.apple.security.cryptexd/mnt/com.apple.MobileAsset.MetalToolchain-v17.6.42.0.BA5Ggr/Metal.xctoolchain/usr/bin/metal -c -target air64-apple-ios26.0-simulator -gline-tables-only -frecord-sources -I/tmp/nosfy-cartes-dd/Build/Products/Debug-iphonesimulator/include -F/tmp/nosfy-cartes-dd/Build/Products/Debug-iphonesimulator -isysroot /Applications/Xcode.app/Contents/Developer/Platforms/iPhoneSimulator.platform/Developer/SDKs/iPhoneSimulator26.5.sdk -fmetal-math-mode\=fast -fmetal-math-fp32-functions\=fast -serialize-diagnostics /tmp/nosfy-cartes-dd/Build/Intermediates.noindex/Nosfy.build/Debug-iphonesimulator/Nosfy.build/Metal/NebulaShaders.dia -o /tmp/nosfy-cartes-dd/Build/Intermediates.noindex/Nosfy.build/Debug-iphonesimulator/Nosfy.build/Metal/NebulaShaders.air -index-store-path /tmp/nosfy-cartes-dd/Index.noindex/DataStore -MMD -MT dependencies -MF /tmp/nosfy-cartes-dd/Build/Intermediates.noindex/Nosfy.build/Debug-iphonesimulator/Nosfy.build/Metal/NebulaShaders.dat /Users/kathryn/Desktop/Nosfy/Nosfy/NebulaShaders.metal

CompileMetalFile /Users/kathryn/Desktop/Nosfy/Nosfy/NavMonolith.metal (in target 'Nosfy' from project 'Nosfy')
    cd /Users/kathryn/Desktop/Nosfy
    /var/run/com.apple.security.cryptexd/mnt/com.apple.MobileAsset.MetalToolchain-v17.6.42.0.BA5Ggr/Metal.xctoolchain/usr/bin/metal -c -target air64-apple-ios26.0-simulator -gline-tables-only -frecord-sources -I/tmp/nosfy-cartes-dd/Build/Products/Debug-iphonesimulator/include -F/tmp/nosfy-cartes-dd/Build/Products/Debug-iphonesimulator -isysroot /Applications/Xcode.app/Contents/Developer/Platforms/iPhoneSimulator.platform/Developer/SDKs/iPhoneSimulator26.5.sdk -fmetal-math-mode\=fast -fmetal-math-fp32-functions\=fast -serialize-diagnostics /tmp/nosfy-cartes-dd/Build/Intermediates.noindex/Nosfy.build/Debug-iphonesimulator/Nosfy.build/Metal/NavMonolith.dia -o /tmp/nosfy-cartes-dd/Build/Intermediates.noindex/Nosfy.build/Debug-iphonesimulator/Nosfy.build/Metal/NavMonolith.air -index-store-path /tmp/nosfy-cartes-dd/Index.noindex/DataStore -MMD -MT dependencies -MF /tmp/nosfy-cartes-dd/Build/Intermediates.noindex/Nosfy.build/Debug-iphonesimulator/Nosfy.build/Metal/NavMonolith.dat /Users/kathryn/Desktop/Nosfy/Nosfy/NavMonolith.metal

CompileMetalFile /Users/kathryn/Desktop/Nosfy/Nosfy/MoonCoin.metal (in target 'Nosfy' from project 'Nosfy')
    cd /Users/kathryn/Desktop/Nosfy
    /var/run/com.apple.security.cryptexd/mnt/com.apple.MobileAsset.MetalToolchain-v17.6.42.0.BA5Ggr/Metal.xctoolchain/usr/bin/metal -c -target air64-apple-ios26.0-simulator -gline-tables-only -frecord-sources -I/tmp/nosfy-cartes-dd/Build/Products/Debug-iphonesimulator/include -F/tmp/nosfy-cartes-dd/Build/Products/Debug-iphonesimulator -isysroot /Applications/Xcode.app/Contents/Developer/Platforms/iPhoneSimulator.platform/Developer/SDKs/iPhoneSimulator26.5.sdk -fmetal-math-mode\=fast -fmetal-math-fp32-functions\=fast -serialize-diagnostics /tmp/nosfy-cartes-dd/Build/Intermediates.noindex/Nosfy.build/Debug-iphonesimulator/Nosfy.build/Metal/MoonCoin.dia -o /tmp/nosfy-cartes-dd/Build/Intermediates.noindex/Nosfy.build/Debug-iphonesimulator/Nosfy.build/Metal/MoonCoin.air -index-store-path /tmp/nosfy-cartes-dd/Index.noindex/DataStore -MMD -MT dependencies -MF /tmp/nosfy-cartes-dd/Build/Intermediates.noindex/Nosfy.build/Debug-iphonesimulator/Nosfy.build/Metal/MoonCoin.dat /Users/kathryn/Desktop/Nosfy/Nosfy/MoonCoin.metal

CompileMetalFile /Users/kathryn/Desktop/Nosfy/Nosfy/LoginAurora.metal (in target 'Nosfy' from project 'Nosfy')
    cd /Users/kathryn/Desktop/Nosfy
    /var/run/com.apple.security.cryptexd/mnt/com.apple.MobileAsset.MetalToolchain-v17.6.42.0.BA5Ggr/Metal.xctoolchain/usr/bin/metal -c -target air64-apple-ios26.0-simulator -gline-tables-only -frecord-sources -I/tmp/nosfy-cartes-dd/Build/Products/Debug-iphonesimulator/include -F/tmp/nosfy-cartes-dd/Build/Products/Debug-iphonesimulator -isysroot /Applications/Xcode.app/Contents/Developer/Platforms/iPhoneSimulator.platform/Developer/SDKs/iPhoneSimulator26.5.sdk -fmetal-math-mode\=fast -fmetal-math-fp32-functions\=fast -serialize-diagnostics /tmp/nosfy-cartes-dd/Build/Intermediates.noindex/Nosfy.build/Debug-iphonesimulator/Nosfy.build/Metal/LoginAurora.dia -o /tmp/nosfy-cartes-dd/Build/Intermediates.noindex/Nosfy.build/Debug-iphonesimulator/Nosfy.build/Metal/LoginAurora.air -index-store-path /tmp/nosfy-cartes-dd/Index.noindex/DataStore -MMD -MT dependencies -MF /tmp/nosfy-cartes-dd/Build/Intermediates.noindex/Nosfy.build/Debug-iphonesimulator/Nosfy.build/Metal/LoginAurora.dat /Users/kathryn/Desktop/Nosfy/Nosfy/LoginAurora.metal

CompileMetalFile /Users/kathryn/Desktop/Nosfy/Nosfy/LogoMonolith.metal (in target 'Nosfy' from project 'Nosfy')
    cd /Users/kathryn/Desktop/Nosfy
    /var/run/com.apple.security.cryptexd/mnt/com.apple.MobileAsset.MetalToolchain-v17.6.42.0.BA5Ggr/Metal.xctoolchain/usr/bin/metal -c -target air64-apple-ios26.0-simulator -gline-tables-only -frecord-sources -I/tmp/nosfy-cartes-dd/Build/Products/Debug-iphonesimulator/include -F/tmp/nosfy-cartes-dd/Build/Products/Debug-iphonesimulator -isysroot /Applications/Xcode.app/Contents/Developer/Platforms/iPhoneSimulator.platform/Developer/SDKs/iPhoneSimulator26.5.sdk -fmetal-math-mode\=fast -fmetal-math-fp32-functions\=fast -serialize-diagnostics /tmp/nosfy-cartes-dd/Build/Intermediates.noindex/Nosfy.build/Debug-iphonesimulator/Nosfy.build/Metal/LogoMonolith.dia -o /tmp/nosfy-cartes-dd/Build/Intermediates.noindex/Nosfy.build/Debug-iphonesimulator/Nosfy.build/Metal/LogoMonolith.air -index-store-path /tmp/nosfy-cartes-dd/Index.noindex/DataStore -MMD -MT dependencies -MF /tmp/nosfy-cartes-dd/Build/Intermediates.noindex/Nosfy.build/Debug-iphonesimulator/Nosfy.build/Metal/LogoMonolith.dat /Users/kathryn/Desktop/Nosfy/Nosfy/LogoMonolith.metal

CompileMetalFile /Users/kathryn/Desktop/Nosfy/Nosfy/LiquidLens.metal (in target 'Nosfy' from project 'Nosfy')
    cd /Users/kathryn/Desktop/Nosfy
    /var/run/com.apple.security.cryptexd/mnt/com.apple.MobileAsset.MetalToolchain-v17.6.42.0.BA5Ggr/Metal.xctoolchain/usr/bin/metal -c -target air64-apple-ios26.0-simulator -gline-tables-only -frecord-sources -I/tmp/nosfy-cartes-dd/Build/Products/Debug-iphonesimulator/include -F/tmp/nosfy-cartes-dd/Build/Products/Debug-iphonesimulator -isysroot /Applications/Xcode.app/Contents/Developer/Platforms/iPhoneSimulator.platform/Developer/SDKs/iPhoneSimulator26.5.sdk -fmetal-math-mode\=fast -fmetal-math-fp32-functions\=fast -serialize-diagnostics /tmp/nosfy-cartes-dd/Build/Intermediates.noindex/Nosfy.build/Debug-iphonesimulator/Nosfy.build/Metal/LiquidLens.dia -o /tmp/nosfy-cartes-dd/Build/Intermediates.noindex/Nosfy.build/Debug-iphonesimulator/Nosfy.build/Metal/LiquidLens.air -index-store-path /tmp/nosfy-cartes-dd/Index.noindex/DataStore -MMD -MT dependencies -MF /tmp/nosfy-cartes-dd/Build/Intermediates.noindex/Nosfy.build/Debug-iphonesimulator/Nosfy.build/Metal/LiquidLens.dat /Users/kathryn/Desktop/Nosfy/Nosfy/LiquidLens.metal

CompileMetalFile /Users/kathryn/Desktop/Nosfy/Nosfy/JaugeLacque.metal (in target 'Nosfy' from project 'Nosfy')
    cd /Users/kathryn/Desktop/Nosfy
    /var/run/com.apple.security.cryptexd/mnt/com.apple.MobileAsset.MetalToolchain-v17.6.42.0.BA5Ggr/Metal.xctoolchain/usr/bin/metal -c -target air64-apple-ios26.0-simulator -gline-tables-only -frecord-sources -I/tmp/nosfy-cartes-dd/Build/Products/Debug-iphonesimulator/include -F/tmp/nosfy-cartes-dd/Build/Products/Debug-iphonesimulator -isysroot /Applications/Xcode.app/Contents/Developer/Platforms/iPhoneSimulator.platform/Developer/SDKs/iPhoneSimulator26.5.sdk -fmetal-math-mode\=fast -fmetal-math-fp32-functions\=fast -serialize-diagnostics /tmp/nosfy-cartes-dd/Build/Intermediates.noindex/Nosfy.build/Debug-iphonesimulator/Nosfy.build/Metal/JaugeLacque.dia -o /tmp/nosfy-cartes-dd/Build/Intermediates.noindex/Nosfy.build/Debug-iphonesimulator/Nosfy.build/Metal/JaugeLacque.air -index-store-path /tmp/nosfy-cartes-dd/Index.noindex/DataStore -MMD -MT dependencies -MF /tmp/nosfy-cartes-dd/Build/Intermediates.noindex/Nosfy.build/Debug-iphonesimulator/Nosfy.build/Metal/JaugeLacque.dat /Users/kathryn/Desktop/Nosfy/Nosfy/JaugeLacque.metal

CompileMetalFile /Users/kathryn/Desktop/Nosfy/Nosfy/HomeNuit.metal (in target 'Nosfy' from project 'Nosfy')
    cd /Users/kathryn/Desktop/Nosfy
    /var/run/com.apple.security.cryptexd/mnt/com.apple.MobileAsset.MetalToolchain-v17.6.42.0.BA5Ggr/Metal.xctoolchain/usr/bin/metal -c -target air64-apple-ios26.0-simulator -gline-tables-only -frecord-sources -I/tmp/nosfy-cartes-dd/Build/Products/Debug-iphonesimulator/include -F/tmp/nosfy-cartes-dd/Build/Products/Debug-iphonesimulator -isysroot /Applications/Xcode.app/Contents/Developer/Platforms/iPhoneSimulator.platform/Developer/SDKs/iPhoneSimulator26.5.sdk -fmetal-math-mode\=fast -fmetal-math-fp32-functions\=fast -serialize-diagnostics /tmp/nosfy-cartes-dd/Build/Intermediates.noindex/Nosfy.build/Debug-iphonesimulator/Nosfy.build/Metal/HomeNuit-44cadf144714b73557875b5ca1198f63.dia -o /tmp/nosfy-cartes-dd/Build/Intermediates.noindex/Nosfy.build/Debug-iphonesimulator/Nosfy.build/Metal/HomeNuit-44cadf144714b73557875b5ca1198f63.air -index-store-path /tmp/nosfy-cartes-dd/Index.noindex/DataStore -MMD -MT dependencies -MF /tmp/nosfy-cartes-dd/Build/Intermediates.noindex/Nosfy.build/Debug-iphonesimulator/Nosfy.build/Metal/HomeNuit-44cadf144714b73557875b5ca1198f63.dat /Users/kathryn/Desktop/Nosfy/Nosfy/HomeNuit.metal
/Users/kathryn/Desktop/Nosfy/Nosfy/HomeNuit.metal:41:17: warning: unused variable 'NR_BRAISE' [-Wunused-const-variable]
constant float3 NR_BRAISE = float3(1.00, 0.62, 0.24);
                ^
1 warning generated.

Ld /tmp/nosfy-cartes-dd/Build/Intermediates.noindex/Nosfy.build/Debug-iphonesimulator/NosfyWidgets.build/Objects-normal/arm64/Binary/NosfyWidgets.debug.dylib normal arm64 (in target 'NosfyWidgets' from project 'Nosfy')
    cd /Users/kathryn/Desktop/Nosfy
    /Applications/Xcode.app/Contents/Developer/Toolchains/XcodeDefault.xctoolchain/usr/bin/clang -Xlinker -reproducible -target arm64-apple-ios26.0-simulator -dynamiclib -isysroot /Applications/Xcode.app/Contents/Developer/Platforms/iPhoneSimulator.platform/Developer/SDKs/iPhoneSimulator26.5.sdk -O0 -L/tmp/nosfy-cartes-dd/Build/Intermediates.noindex/EagerLinkingTBDs/Debug-iphonesimulator -L/tmp/nosfy-cartes-dd/Build/Products/Debug-iphonesimulator -F/tmp/nosfy-cartes-dd/Build/Intermediates.noindex/EagerLinkingTBDs/Debug-iphonesimulator -F/tmp/nosfy-cartes-dd/Build/Products/Debug-iphonesimulator -filelist /tmp/nosfy-cartes-dd/Build/Intermediates.noindex/Nosfy.build/Debug-iphonesimulator/NosfyWidgets.build/Objects-normal/arm64/NosfyWidgets.LinkFileList -install_name @rpath/NosfyWidgets.debug.dylib -Xlinker -rpath -Xlinker @executable_path/Frameworks -Xlinker -rpath -Xlinker @executable_path/../../Frameworks -Xlinker -dead_strip -Xlinker -object_path_lto -Xlinker /tmp/nosfy-cartes-dd/Build/Intermediates.noindex/Nosfy.build/Debug-iphonesimulator/NosfyWidgets.build/Objects-normal/arm64/NosfyWidgets_lto.o -rdynamic -Xlinker -no_deduplicate -Xlinker -objc_abi_version -Xlinker 2 -Xlinker -dependency_info -Xlinker /tmp/nosfy-cartes-dd/Build/Intermediates.noindex/Nosfy.build/Debug-iphonesimulator/NosfyWidgets.build/Objects-normal/arm64/NosfyWidgets_dependency_info.dat -fapplication-extension -fobjc-link-runtime -L/Applications/Xcode.app/Contents/Developer/Toolchains/XcodeDefault.xctoolchain/usr/lib/swift/iphonesimulator -L/usr/lib/swift -Xlinker -add_ast_path -Xlinker /tmp/nosfy-cartes-dd/Build/Intermediates.noindex/Nosfy.build/Debug-iphonesimulator/NosfyWidgets.build/Objects-normal/arm64/NosfyWidgets.swiftmodule @/tmp/nosfy-cartes-dd/Build/Intermediates.noindex/Nosfy.build/Debug-iphonesimulator/NosfyWidgets.build/Objects-normal/arm64/NosfyWidgets-linker-args.resp -Xlinker -alias -Xlinker _NSExtensionMain -Xlinker ___debug_main_executable_dylib_entry_point -o /tmp/nosfy-cartes-dd/Build/Intermediates.noindex/Nosfy.build/Debug-iphonesimulator/NosfyWidgets.build/Objects-normal/arm64/Binary/NosfyWidgets.debug.dylib

CompileMetalFile /Users/kathryn/Desktop/Nosfy/Nosfy/HaloDawn.metal (in target 'Nosfy' from project 'Nosfy')
    cd /Users/kathryn/Desktop/Nosfy
    /var/run/com.apple.security.cryptexd/mnt/com.apple.MobileAsset.MetalToolchain-v17.6.42.0.BA5Ggr/Metal.xctoolchain/usr/bin/metal -c -target air64-apple-ios26.0-simulator -gline-tables-only -frecord-sources -I/tmp/nosfy-cartes-dd/Build/Products/Debug-iphonesimulator/include -F/tmp/nosfy-cartes-dd/Build/Products/Debug-iphonesimulator -isysroot /Applications/Xcode.app/Contents/Developer/Platforms/iPhoneSimulator.platform/Developer/SDKs/iPhoneSimulator26.5.sdk -fmetal-math-mode\=fast -fmetal-math-fp32-functions\=fast -serialize-diagnostics /tmp/nosfy-cartes-dd/Build/Intermediates.noindex/Nosfy.build/Debug-iphonesimulator/Nosfy.build/Metal/HaloDawn.dia -o /tmp/nosfy-cartes-dd/Build/Intermediates.noindex/Nosfy.build/Debug-iphonesimulator/Nosfy.build/Metal/HaloDawn.air -index-store-path /tmp/nosfy-cartes-dd/Index.noindex/DataStore -MMD -MT dependencies -MF /tmp/nosfy-cartes-dd/Build/Intermediates.noindex/Nosfy.build/Debug-iphonesimulator/Nosfy.build/Metal/HaloDawn.dat /Users/kathryn/Desktop/Nosfy/Nosfy/HaloDawn.metal

CompileMetalFile /Users/kathryn/Desktop/Nosfy/Nosfy/GaletStage.metal (in target 'Nosfy' from project 'Nosfy')
    cd /Users/kathryn/Desktop/Nosfy
    /var/run/com.apple.security.cryptexd/mnt/com.apple.MobileAsset.MetalToolchain-v17.6.42.0.BA5Ggr/Metal.xctoolchain/usr/bin/metal -c -target air64-apple-ios26.0-simulator -gline-tables-only -frecord-sources -I/tmp/nosfy-cartes-dd/Build/Products/Debug-iphonesimulator/include -F/tmp/nosfy-cartes-dd/Build/Products/Debug-iphonesimulator -isysroot /Applications/Xcode.app/Contents/Developer/Platforms/iPhoneSimulator.platform/Developer/SDKs/iPhoneSimulator26.5.sdk -fmetal-math-mode\=fast -fmetal-math-fp32-functions\=fast -serialize-diagnostics /tmp/nosfy-cartes-dd/Build/Intermediates.noindex/Nosfy.build/Debug-iphonesimulator/Nosfy.build/Metal/GaletStage.dia -o /tmp/nosfy-cartes-dd/Build/Intermediates.noindex/Nosfy.build/Debug-iphonesimulator/Nosfy.build/Metal/GaletStage.air -index-store-path /tmp/nosfy-cartes-dd/Index.noindex/DataStore -MMD -MT dependencies -MF /tmp/nosfy-cartes-dd/Build/Intermediates.noindex/Nosfy.build/Debug-iphonesimulator/Nosfy.build/Metal/GaletStage.dat /Users/kathryn/Desktop/Nosfy/Nosfy/GaletStage.metal

CompileMetalFile /Users/kathryn/Desktop/Nosfy/Nosfy/GaletMedaillon.metal (in target 'Nosfy' from project 'Nosfy')
    cd /Users/kathryn/Desktop/Nosfy
    /var/run/com.apple.security.cryptexd/mnt/com.apple.MobileAsset.MetalToolchain-v17.6.42.0.BA5Ggr/Metal.xctoolchain/usr/bin/metal -c -target air64-apple-ios26.0-simulator -gline-tables-only -frecord-sources -I/tmp/nosfy-cartes-dd/Build/Products/Debug-iphonesimulator/include -F/tmp/nosfy-cartes-dd/Build/Products/Debug-iphonesimulator -isysroot /Applications/Xcode.app/Contents/Developer/Platforms/iPhoneSimulator.platform/Developer/SDKs/iPhoneSimulator26.5.sdk -fmetal-math-mode\=fast -fmetal-math-fp32-functions\=fast -serialize-diagnostics /tmp/nosfy-cartes-dd/Build/Intermediates.noindex/Nosfy.build/Debug-iphonesimulator/Nosfy.build/Metal/GaletMedaillon.dia -o /tmp/nosfy-cartes-dd/Build/Intermediates.noindex/Nosfy.build/Debug-iphonesimulator/Nosfy.build/Metal/GaletMedaillon.air -index-store-path /tmp/nosfy-cartes-dd/Index.noindex/DataStore -MMD -MT dependencies -MF /tmp/nosfy-cartes-dd/Build/Intermediates.noindex/Nosfy.build/Debug-iphonesimulator/Nosfy.build/Metal/GaletMedaillon.dat /Users/kathryn/Desktop/Nosfy/Nosfy/GaletMedaillon.metal

CompileMetalFile /Users/kathryn/Desktop/Nosfy/Nosfy/GaletLisere.metal (in target 'Nosfy' from project 'Nosfy')
    cd /Users/kathryn/Desktop/Nosfy
    /var/run/com.apple.security.cryptexd/mnt/com.apple.MobileAsset.MetalToolchain-v17.6.42.0.BA5Ggr/Metal.xctoolchain/usr/bin/metal -c -target air64-apple-ios26.0-simulator -gline-tables-only -frecord-sources -I/tmp/nosfy-cartes-dd/Build/Products/Debug-iphonesimulator/include -F/tmp/nosfy-cartes-dd/Build/Products/Debug-iphonesimulator -isysroot /Applications/Xcode.app/Contents/Developer/Platforms/iPhoneSimulator.platform/Developer/SDKs/iPhoneSimulator26.5.sdk -fmetal-math-mode\=fast -fmetal-math-fp32-functions\=fast -serialize-diagnostics /tmp/nosfy-cartes-dd/Build/Intermediates.noindex/Nosfy.build/Debug-iphonesimulator/Nosfy.build/Metal/GaletLisere.dia -o /tmp/nosfy-cartes-dd/Build/Intermediates.noindex/Nosfy.build/Debug-iphonesimulator/Nosfy.build/Metal/GaletLisere.air -index-store-path /tmp/nosfy-cartes-dd/Index.noindex/DataStore -MMD -MT dependencies -MF /tmp/nosfy-cartes-dd/Build/Intermediates.noindex/Nosfy.build/Debug-iphonesimulator/Nosfy.build/Metal/GaletLisere.dat /Users/kathryn/Desktop/Nosfy/Nosfy/GaletLisere.metal

CompileMetalFile /Users/kathryn/Desktop/Nosfy/Nosfy/FumeeX2.metal (in target 'Nosfy' from project 'Nosfy')
    cd /Users/kathryn/Desktop/Nosfy
    /var/run/com.apple.security.cryptexd/mnt/com.apple.MobileAsset.MetalToolchain-v17.6.42.0.BA5Ggr/Metal.xctoolchain/usr/bin/metal -c -target air64-apple-ios26.0-simulator -gline-tables-only -frecord-sources -I/tmp/nosfy-cartes-dd/Build/Products/Debug-iphonesimulator/include -F/tmp/nosfy-cartes-dd/Build/Products/Debug-iphonesimulator -isysroot /Applications/Xcode.app/Contents/Developer/Platforms/iPhoneSimulator.platform/Developer/SDKs/iPhoneSimulator26.5.sdk -fmetal-math-mode\=fast -fmetal-math-fp32-functions\=fast -serialize-diagnostics /tmp/nosfy-cartes-dd/Build/Intermediates.noindex/Nosfy.build/Debug-iphonesimulator/Nosfy.build/Metal/FumeeX2.dia -o /tmp/nosfy-cartes-dd/Build/Intermediates.noindex/Nosfy.build/Debug-iphonesimulator/Nosfy.build/Metal/FumeeX2.air -index-store-path /tmp/nosfy-cartes-dd/Index.noindex/DataStore -MMD -MT dependencies -MF /tmp/nosfy-cartes-dd/Build/Intermediates.noindex/Nosfy.build/Debug-iphonesimulator/Nosfy.build/Metal/FumeeX2.dat /Users/kathryn/Desktop/Nosfy/Nosfy/FumeeX2.metal

CompileMetalFile /Users/kathryn/Desktop/Nosfy/Nosfy/FondVideoMetal.metal (in target 'Nosfy' from project 'Nosfy')
    cd /Users/kathryn/Desktop/Nosfy
    /var/run/com.apple.security.cryptexd/mnt/com.apple.MobileAsset.MetalToolchain-v17.6.42.0.BA5Ggr/Metal.xctoolchain/usr/bin/metal -c -target air64-apple-ios26.0-simulator -gline-tables-only -frecord-sources -I/tmp/nosfy-cartes-dd/Build/Products/Debug-iphonesimulator/include -F/tmp/nosfy-cartes-dd/Build/Products/Debug-iphonesimulator -isysroot /Applications/Xcode.app/Contents/Developer/Platforms/iPhoneSimulator.platform/Developer/SDKs/iPhoneSimulator26.5.sdk -fmetal-math-mode\=fast -fmetal-math-fp32-functions\=fast -serialize-diagnostics /tmp/nosfy-cartes-dd/Build/Intermediates.noindex/Nosfy.build/Debug-iphonesimulator/Nosfy.build/Metal/FondVideoMetal-5542d674eb797a0477087f1e1a95c3c6.dia -o /tmp/nosfy-cartes-dd/Build/Intermediates.noindex/Nosfy.build/Debug-iphonesimulator/Nosfy.build/Metal/FondVideoMetal-5542d674eb797a0477087f1e1a95c3c6.air -index-store-path /tmp/nosfy-cartes-dd/Index.noindex/DataStore -MMD -MT dependencies -MF /tmp/nosfy-cartes-dd/Build/Intermediates.noindex/Nosfy.build/Debug-iphonesimulator/Nosfy.build/Metal/FondVideoMetal-5542d674eb797a0477087f1e1a95c3c6.dat /Users/kathryn/Desktop/Nosfy/Nosfy/FondVideoMetal.metal

CompileMetalFile /Users/kathryn/Desktop/Nosfy/Nosfy/FlameJewel.metal (in target 'Nosfy' from project 'Nosfy')
    cd /Users/kathryn/Desktop/Nosfy
    /var/run/com.apple.security.cryptexd/mnt/com.apple.MobileAsset.MetalToolchain-v17.6.42.0.BA5Ggr/Metal.xctoolchain/usr/bin/metal -c -target air64-apple-ios26.0-simulator -gline-tables-only -frecord-sources -I/tmp/nosfy-cartes-dd/Build/Products/Debug-iphonesimulator/include -F/tmp/nosfy-cartes-dd/Build/Products/Debug-iphonesimulator -isysroot /Applications/Xcode.app/Contents/Developer/Platforms/iPhoneSimulator.platform/Developer/SDKs/iPhoneSimulator26.5.sdk -fmetal-math-mode\=fast -fmetal-math-fp32-functions\=fast -serialize-diagnostics /tmp/nosfy-cartes-dd/Build/Intermediates.noindex/Nosfy.build/Debug-iphonesimulator/Nosfy.build/Metal/FlameJewel.dia -o /tmp/nosfy-cartes-dd/Build/Intermediates.noindex/Nosfy.build/Debug-iphonesimulator/Nosfy.build/Metal/FlameJewel.air -index-store-path /tmp/nosfy-cartes-dd/Index.noindex/DataStore -MMD -MT dependencies -MF /tmp/nosfy-cartes-dd/Build/Intermediates.noindex/Nosfy.build/Debug-iphonesimulator/Nosfy.build/Metal/FlameJewel.dat /Users/kathryn/Desktop/Nosfy/Nosfy/FlameJewel.metal

CompileMetalFile /Users/kathryn/Desktop/Nosfy/Nosfy/Figures/InkGrain.metal (in target 'Nosfy' from project 'Nosfy')
    cd /Users/kathryn/Desktop/Nosfy
    /var/run/com.apple.security.cryptexd/mnt/com.apple.MobileAsset.MetalToolchain-v17.6.42.0.BA5Ggr/Metal.xctoolchain/usr/bin/metal -c -target air64-apple-ios26.0-simulator -gline-tables-only -frecord-sources -I/tmp/nosfy-cartes-dd/Build/Products/Debug-iphonesimulator/include -F/tmp/nosfy-cartes-dd/Build/Products/Debug-iphonesimulator -isysroot /Applications/Xcode.app/Contents/Developer/Platforms/iPhoneSimulator.platform/Developer/SDKs/iPhoneSimulator26.5.sdk -fmetal-math-mode\=fast -fmetal-math-fp32-functions\=fast -serialize-diagnostics /tmp/nosfy-cartes-dd/Build/Intermediates.noindex/Nosfy.build/Debug-iphonesimulator/Nosfy.build/Metal/InkGrain.dia -o /tmp/nosfy-cartes-dd/Build/Intermediates.noindex/Nosfy.build/Debug-iphonesimulator/Nosfy.build/Metal/InkGrain.air -index-store-path /tmp/nosfy-cartes-dd/Index.noindex/DataStore -MMD -MT dependencies -MF /tmp/nosfy-cartes-dd/Build/Intermediates.noindex/Nosfy.build/Debug-iphonesimulator/Nosfy.build/Metal/InkGrain.dat /Users/kathryn/Desktop/Nosfy/Nosfy/Figures/InkGrain.metal

CompileMetalFile /Users/kathryn/Desktop/Nosfy/Nosfy/Figures/GlassFX.metal (in target 'Nosfy' from project 'Nosfy')
    cd /Users/kathryn/Desktop/Nosfy
    /var/run/com.apple.security.cryptexd/mnt/com.apple.MobileAsset.MetalToolchain-v17.6.42.0.BA5Ggr/Metal.xctoolchain/usr/bin/metal -c -target air64-apple-ios26.0-simulator -gline-tables-only -frecord-sources -I/tmp/nosfy-cartes-dd/Build/Products/Debug-iphonesimulator/include -F/tmp/nosfy-cartes-dd/Build/Products/Debug-iphonesimulator -isysroot /Applications/Xcode.app/Contents/Developer/Platforms/iPhoneSimulator.platform/Developer/SDKs/iPhoneSimulator26.5.sdk -fmetal-math-mode\=fast -fmetal-math-fp32-functions\=fast -serialize-diagnostics /tmp/nosfy-cartes-dd/Build/Intermediates.noindex/Nosfy.build/Debug-iphonesimulator/Nosfy.build/Metal/GlassFX.dia -o /tmp/nosfy-cartes-dd/Build/Intermediates.noindex/Nosfy.build/Debug-iphonesimulator/Nosfy.build/Metal/GlassFX.air -index-store-path /tmp/nosfy-cartes-dd/Index.noindex/DataStore -MMD -MT dependencies -MF /tmp/nosfy-cartes-dd/Build/Intermediates.noindex/Nosfy.build/Debug-iphonesimulator/Nosfy.build/Metal/GlassFX.dat /Users/kathryn/Desktop/Nosfy/Nosfy/Figures/GlassFX.metal

CompileMetalFile /Users/kathryn/Desktop/Nosfy/Nosfy/ExosHalo.metal (in target 'Nosfy' from project 'Nosfy')
    cd /Users/kathryn/Desktop/Nosfy
    /var/run/com.apple.security.cryptexd/mnt/com.apple.MobileAsset.MetalToolchain-v17.6.42.0.BA5Ggr/Metal.xctoolchain/usr/bin/metal -c -target air64-apple-ios26.0-simulator -gline-tables-only -frecord-sources -I/tmp/nosfy-cartes-dd/Build/Products/Debug-iphonesimulator/include -F/tmp/nosfy-cartes-dd/Build/Products/Debug-iphonesimulator -isysroot /Applications/Xcode.app/Contents/Developer/Platforms/iPhoneSimulator.platform/Developer/SDKs/iPhoneSimulator26.5.sdk -fmetal-math-mode\=fast -fmetal-math-fp32-functions\=fast -serialize-diagnostics /tmp/nosfy-cartes-dd/Build/Intermediates.noindex/Nosfy.build/Debug-iphonesimulator/Nosfy.build/Metal/ExosHalo.dia -o /tmp/nosfy-cartes-dd/Build/Intermediates.noindex/Nosfy.build/Debug-iphonesimulator/Nosfy.build/Metal/ExosHalo.air -index-store-path /tmp/nosfy-cartes-dd/Index.noindex/DataStore -MMD -MT dependencies -MF /tmp/nosfy-cartes-dd/Build/Intermediates.noindex/Nosfy.build/Debug-iphonesimulator/Nosfy.build/Metal/ExosHalo.dat /Users/kathryn/Desktop/Nosfy/Nosfy/ExosHalo.metal

CompileMetalFile /Users/kathryn/Desktop/Nosfy/Nosfy/ExoHeaderGlow.metal (in target 'Nosfy' from project 'Nosfy')
    cd /Users/kathryn/Desktop/Nosfy
    /var/run/com.apple.security.cryptexd/mnt/com.apple.MobileAsset.MetalToolchain-v17.6.42.0.BA5Ggr/Metal.xctoolchain/usr/bin/metal -c -target air64-apple-ios26.0-simulator -gline-tables-only -frecord-sources -I/tmp/nosfy-cartes-dd/Build/Products/Debug-iphonesimulator/include -F/tmp/nosfy-cartes-dd/Build/Products/Debug-iphonesimulator -isysroot /Applications/Xcode.app/Contents/Developer/Platforms/iPhoneSimulator.platform/Developer/SDKs/iPhoneSimulator26.5.sdk -fmetal-math-mode\=fast -fmetal-math-fp32-functions\=fast -serialize-diagnostics /tmp/nosfy-cartes-dd/Build/Intermediates.noindex/Nosfy.build/Debug-iphonesimulator/Nosfy.build/Metal/ExoHeaderGlow.dia -o /tmp/nosfy-cartes-dd/Build/Intermediates.noindex/Nosfy.build/Debug-iphonesimulator/Nosfy.build/Metal/ExoHeaderGlow.air -index-store-path /tmp/nosfy-cartes-dd/Index.noindex/DataStore -MMD -MT dependencies -MF /tmp/nosfy-cartes-dd/Build/Intermediates.noindex/Nosfy.build/Debug-iphonesimulator/Nosfy.build/Metal/ExoHeaderGlow.dat /Users/kathryn/Desktop/Nosfy/Nosfy/ExoHeaderGlow.metal
/Users/kathryn/Desktop/Nosfy/Nosfy/ExoHeaderGlow.metal:57:17: warning: unused variable 'EHG_CREME' [-Wunused-const-variable]
constant float3 EHG_CREME  = float3(1.000, 0.938, 0.790);  // le cœur
                ^
1 warning generated.

CompileMetalFile /Users/kathryn/Desktop/Nosfy/Nosfy/EmberFlame.metal (in target 'Nosfy' from project 'Nosfy')
    cd /Users/kathryn/Desktop/Nosfy
    /var/run/com.apple.security.cryptexd/mnt/com.apple.MobileAsset.MetalToolchain-v17.6.42.0.BA5Ggr/Metal.xctoolchain/usr/bin/metal -c -target air64-apple-ios26.0-simulator -gline-tables-only -frecord-sources -I/tmp/nosfy-cartes-dd/Build/Products/Debug-iphonesimulator/include -F/tmp/nosfy-cartes-dd/Build/Products/Debug-iphonesimulator -isysroot /Applications/Xcode.app/Contents/Developer/Platforms/iPhoneSimulator.platform/Developer/SDKs/iPhoneSimulator26.5.sdk -fmetal-math-mode\=fast -fmetal-math-fp32-functions\=fast -serialize-diagnostics /tmp/nosfy-cartes-dd/Build/Intermediates.noindex/Nosfy.build/Debug-iphonesimulator/Nosfy.build/Metal/EmberFlame.dia -o /tmp/nosfy-cartes-dd/Build/Intermediates.noindex/Nosfy.build/Debug-iphonesimulator/Nosfy.build/Metal/EmberFlame.air -index-store-path /tmp/nosfy-cartes-dd/Index.noindex/DataStore -MMD -MT dependencies -MF /tmp/nosfy-cartes-dd/Build/Intermediates.noindex/Nosfy.build/Debug-iphonesimulator/Nosfy.build/Metal/EmberFlame.dat /Users/kathryn/Desktop/Nosfy/Nosfy/EmberFlame.metal

CompileMetalFile /Users/kathryn/Desktop/Nosfy/Nosfy/EclipseHalo.metal (in target 'Nosfy' from project 'Nosfy')
    cd /Users/kathryn/Desktop/Nosfy
    /var/run/com.apple.security.cryptexd/mnt/com.apple.MobileAsset.MetalToolchain-v17.6.42.0.BA5Ggr/Metal.xctoolchain/usr/bin/metal -c -target air64-apple-ios26.0-simulator -gline-tables-only -frecord-sources -I/tmp/nosfy-cartes-dd/Build/Products/Debug-iphonesimulator/include -F/tmp/nosfy-cartes-dd/Build/Products/Debug-iphonesimulator -isysroot /Applications/Xcode.app/Contents/Developer/Platforms/iPhoneSimulator.platform/Developer/SDKs/iPhoneSimulator26.5.sdk -fmetal-math-mode\=fast -fmetal-math-fp32-functions\=fast -serialize-diagnostics /tmp/nosfy-cartes-dd/Build/Intermediates.noindex/Nosfy.build/Debug-iphonesimulator/Nosfy.build/Metal/EclipseHalo.dia -o /tmp/nosfy-cartes-dd/Build/Intermediates.noindex/Nosfy.build/Debug-iphonesimulator/Nosfy.build/Metal/EclipseHalo.air -index-store-path /tmp/nosfy-cartes-dd/Index.noindex/DataStore -MMD -MT dependencies -MF /tmp/nosfy-cartes-dd/Build/Intermediates.noindex/Nosfy.build/Debug-iphonesimulator/Nosfy.build/Metal/EclipseHalo.dat /Users/kathryn/Desktop/Nosfy/Nosfy/EclipseHalo.metal

CompileMetalFile /Users/kathryn/Desktop/Nosfy/Nosfy/DiamondButton.metal (in target 'Nosfy' from project 'Nosfy')
    cd /Users/kathryn/Desktop/Nosfy
    /var/run/com.apple.security.cryptexd/mnt/com.apple.MobileAsset.MetalToolchain-v17.6.42.0.BA5Ggr/Metal.xctoolchain/usr/bin/metal -c -target air64-apple-ios26.0-simulator -gline-tables-only -frecord-sources -I/tmp/nosfy-cartes-dd/Build/Products/Debug-iphonesimulator/include -F/tmp/nosfy-cartes-dd/Build/Products/Debug-iphonesimulator -isysroot /Applications/Xcode.app/Contents/Developer/Platforms/iPhoneSimulator.platform/Developer/SDKs/iPhoneSimulator26.5.sdk -fmetal-math-mode\=fast -fmetal-math-fp32-functions\=fast -serialize-diagnostics /tmp/nosfy-cartes-dd/Build/Intermediates.noindex/Nosfy.build/Debug-iphonesimulator/Nosfy.build/Metal/DiamondButton.dia -o /tmp/nosfy-cartes-dd/Build/Intermediates.noindex/Nosfy.build/Debug-iphonesimulator/Nosfy.build/Metal/DiamondButton.air -index-store-path /tmp/nosfy-cartes-dd/Index.noindex/DataStore -MMD -MT dependencies -MF /tmp/nosfy-cartes-dd/Build/Intermediates.noindex/Nosfy.build/Debug-iphonesimulator/Nosfy.build/Metal/DiamondButton.dat /Users/kathryn/Desktop/Nosfy/Nosfy/DiamondButton.metal

CompileMetalFile /Users/kathryn/Desktop/Nosfy/Nosfy/DemonSky.metal (in target 'Nosfy' from project 'Nosfy')
    cd /Users/kathryn/Desktop/Nosfy
    /var/run/com.apple.security.cryptexd/mnt/com.apple.MobileAsset.MetalToolchain-v17.6.42.0.BA5Ggr/Metal.xctoolchain/usr/bin/metal -c -target air64-apple-ios26.0-simulator -gline-tables-only -frecord-sources -I/tmp/nosfy-cartes-dd/Build/Products/Debug-iphonesimulator/include -F/tmp/nosfy-cartes-dd/Build/Products/Debug-iphonesimulator -isysroot /Applications/Xcode.app/Contents/Developer/Platforms/iPhoneSimulator.platform/Developer/SDKs/iPhoneSimulator26.5.sdk -fmetal-math-mode\=fast -fmetal-math-fp32-functions\=fast -serialize-diagnostics /tmp/nosfy-cartes-dd/Build/Intermediates.noindex/Nosfy.build/Debug-iphonesimulator/Nosfy.build/Metal/DemonSky-5c66a1b6668a81336671736df8db1daf.dia -o /tmp/nosfy-cartes-dd/Build/Intermediates.noindex/Nosfy.build/Debug-iphonesimulator/Nosfy.build/Metal/DemonSky-5c66a1b6668a81336671736df8db1daf.air -index-store-path /tmp/nosfy-cartes-dd/Index.noindex/DataStore -MMD -MT dependencies -MF /tmp/nosfy-cartes-dd/Build/Intermediates.noindex/Nosfy.build/Debug-iphonesimulator/Nosfy.build/Metal/DemonSky-5c66a1b6668a81336671736df8db1daf.dat /Users/kathryn/Desktop/Nosfy/Nosfy/DemonSky.metal
/Users/kathryn/Desktop/Nosfy/Nosfy/DemonSky.metal:34:19: warning: unused variable 'kStrip' [-Wunused-const-variable]
constexpr sampler kStrip(s_address::repeat, t_address::clamp_to_edge,
                  ^
1 warning generated.

CompileMetalFile /Users/kathryn/Desktop/Nosfy/Nosfy/CorpsLisere.metal (in target 'Nosfy' from project 'Nosfy')
    cd /Users/kathryn/Desktop/Nosfy
    /var/run/com.apple.security.cryptexd/mnt/com.apple.MobileAsset.MetalToolchain-v17.6.42.0.BA5Ggr/Metal.xctoolchain/usr/bin/metal -c -target air64-apple-ios26.0-simulator -gline-tables-only -frecord-sources -I/tmp/nosfy-cartes-dd/Build/Products/Debug-iphonesimulator/include -F/tmp/nosfy-cartes-dd/Build/Products/Debug-iphonesimulator -isysroot /Applications/Xcode.app/Contents/Developer/Platforms/iPhoneSimulator.platform/Developer/SDKs/iPhoneSimulator26.5.sdk -fmetal-math-mode\=fast -fmetal-math-fp32-functions\=fast -serialize-diagnostics /tmp/nosfy-cartes-dd/Build/Intermediates.noindex/Nosfy.build/Debug-iphonesimulator/Nosfy.build/Metal/CorpsLisere.dia -o /tmp/nosfy-cartes-dd/Build/Intermediates.noindex/Nosfy.build/Debug-iphonesimulator/Nosfy.build/Metal/CorpsLisere.air -index-store-path /tmp/nosfy-cartes-dd/Index.noindex/DataStore -MMD -MT dependencies -MF /tmp/nosfy-cartes-dd/Build/Intermediates.noindex/Nosfy.build/Debug-iphonesimulator/Nosfy.build/Metal/CorpsLisere.dat /Users/kathryn/Desktop/Nosfy/Nosfy/CorpsLisere.metal

CompileMetalFile /Users/kathryn/Desktop/Nosfy/Nosfy/CarteLune.metal (in target 'Nosfy' from project 'Nosfy')
    cd /Users/kathryn/Desktop/Nosfy
    /var/run/com.apple.security.cryptexd/mnt/com.apple.MobileAsset.MetalToolchain-v17.6.42.0.BA5Ggr/Metal.xctoolchain/usr/bin/metal -c -target air64-apple-ios26.0-simulator -gline-tables-only -frecord-sources -I/tmp/nosfy-cartes-dd/Build/Products/Debug-iphonesimulator/include -F/tmp/nosfy-cartes-dd/Build/Products/Debug-iphonesimulator -isysroot /Applications/Xcode.app/Contents/Developer/Platforms/iPhoneSimulator.platform/Developer/SDKs/iPhoneSimulator26.5.sdk -fmetal-math-mode\=fast -fmetal-math-fp32-functions\=fast -serialize-diagnostics /tmp/nosfy-cartes-dd/Build/Intermediates.noindex/Nosfy.build/Debug-iphonesimulator/Nosfy.build/Metal/CarteLune.dia -o /tmp/nosfy-cartes-dd/Build/Intermediates.noindex/Nosfy.build/Debug-iphonesimulator/Nosfy.build/Metal/CarteLune.air -index-store-path /tmp/nosfy-cartes-dd/Index.noindex/DataStore -MMD -MT dependencies -MF /tmp/nosfy-cartes-dd/Build/Intermediates.noindex/Nosfy.build/Debug-iphonesimulator/Nosfy.build/Metal/CarteLune.dat /Users/kathryn/Desktop/Nosfy/Nosfy/CarteLune.metal

CompileMetalFile /Users/kathryn/Desktop/Nosfy/Nosfy/CarnetCuir.metal (in target 'Nosfy' from project 'Nosfy')
    cd /Users/kathryn/Desktop/Nosfy
    /var/run/com.apple.security.cryptexd/mnt/com.apple.MobileAsset.MetalToolchain-v17.6.42.0.BA5Ggr/Metal.xctoolchain/usr/bin/metal -c -target air64-apple-ios26.0-simulator -gline-tables-only -frecord-sources -I/tmp/nosfy-cartes-dd/Build/Products/Debug-iphonesimulator/include -F/tmp/nosfy-cartes-dd/Build/Products/Debug-iphonesimulator -isysroot /Applications/Xcode.app/Contents/Developer/Platforms/iPhoneSimulator.platform/Developer/SDKs/iPhoneSimulator26.5.sdk -fmetal-math-mode\=fast -fmetal-math-fp32-functions\=fast -serialize-diagnostics /tmp/nosfy-cartes-dd/Build/Intermediates.noindex/Nosfy.build/Debug-iphonesimulator/Nosfy.build/Metal/CarnetCuir.dia -o /tmp/nosfy-cartes-dd/Build/Intermediates.noindex/Nosfy.build/Debug-iphonesimulator/Nosfy.build/Metal/CarnetCuir.air -index-store-path /tmp/nosfy-cartes-dd/Index.noindex/DataStore -MMD -MT dependencies -MF /tmp/nosfy-cartes-dd/Build/Intermediates.noindex/Nosfy.build/Debug-iphonesimulator/Nosfy.build/Metal/CarnetCuir.dat /Users/kathryn/Desktop/Nosfy/Nosfy/CarnetCuir.metal

CompileMetalFile /Users/kathryn/Desktop/Nosfy/Nosfy/BravoPill.metal (in target 'Nosfy' from project 'Nosfy')
    cd /Users/kathryn/Desktop/Nosfy
    /var/run/com.apple.security.cryptexd/mnt/com.apple.MobileAsset.MetalToolchain-v17.6.42.0.BA5Ggr/Metal.xctoolchain/usr/bin/metal -c -target air64-apple-ios26.0-simulator -gline-tables-only -frecord-sources -I/tmp/nosfy-cartes-dd/Build/Products/Debug-iphonesimulator/include -F/tmp/nosfy-cartes-dd/Build/Products/Debug-iphonesimulator -isysroot /Applications/Xcode.app/Contents/Developer/Platforms/iPhoneSimulator.platform/Developer/SDKs/iPhoneSimulator26.5.sdk -fmetal-math-mode\=fast -fmetal-math-fp32-functions\=fast -serialize-diagnostics /tmp/nosfy-cartes-dd/Build/Intermediates.noindex/Nosfy.build/Debug-iphonesimulator/Nosfy.build/Metal/BravoPill.dia -o /tmp/nosfy-cartes-dd/Build/Intermediates.noindex/Nosfy.build/Debug-iphonesimulator/Nosfy.build/Metal/BravoPill.air -index-store-path /tmp/nosfy-cartes-dd/Index.noindex/DataStore -MMD -MT dependencies -MF /tmp/nosfy-cartes-dd/Build/Intermediates.noindex/Nosfy.build/Debug-iphonesimulator/Nosfy.build/Metal/BravoPill.dat /Users/kathryn/Desktop/Nosfy/Nosfy/BravoPill.metal

CompileMetalFile /Users/kathryn/Desktop/Nosfy/Nosfy/AuthNebula.metal (in target 'Nosfy' from project 'Nosfy')
    cd /Users/kathryn/Desktop/Nosfy
    /var/run/com.apple.security.cryptexd/mnt/com.apple.MobileAsset.MetalToolchain-v17.6.42.0.BA5Ggr/Metal.xctoolchain/usr/bin/metal -c -target air64-apple-ios26.0-simulator -gline-tables-only -frecord-sources -I/tmp/nosfy-cartes-dd/Build/Products/Debug-iphonesimulator/include -F/tmp/nosfy-cartes-dd/Build/Products/Debug-iphonesimulator -isysroot /Applications/Xcode.app/Contents/Developer/Platforms/iPhoneSimulator.platform/Developer/SDKs/iPhoneSimulator26.5.sdk -fmetal-math-mode\=fast -fmetal-math-fp32-functions\=fast -serialize-diagnostics /tmp/nosfy-cartes-dd/Build/Intermediates.noindex/Nosfy.build/Debug-iphonesimulator/Nosfy.build/Metal/AuthNebula.dia -o /tmp/nosfy-cartes-dd/Build/Intermediates.noindex/Nosfy.build/Debug-iphonesimulator/Nosfy.build/Metal/AuthNebula.air -index-store-path /tmp/nosfy-cartes-dd/Index.noindex/DataStore -MMD -MT dependencies -MF /tmp/nosfy-cartes-dd/Build/Intermediates.noindex/Nosfy.build/Debug-iphonesimulator/Nosfy.build/Metal/AuthNebula.dat /Users/kathryn/Desktop/Nosfy/Nosfy/AuthNebula.metal

CompileMetalFile /Users/kathryn/Desktop/Nosfy/Nosfy/AuroraHome.metal (in target 'Nosfy' from project 'Nosfy')
    cd /Users/kathryn/Desktop/Nosfy
    /var/run/com.apple.security.cryptexd/mnt/com.apple.MobileAsset.MetalToolchain-v17.6.42.0.BA5Ggr/Metal.xctoolchain/usr/bin/metal -c -target air64-apple-ios26.0-simulator -gline-tables-only -frecord-sources -I/tmp/nosfy-cartes-dd/Build/Products/Debug-iphonesimulator/include -F/tmp/nosfy-cartes-dd/Build/Products/Debug-iphonesimulator -isysroot /Applications/Xcode.app/Contents/Developer/Platforms/iPhoneSimulator.platform/Developer/SDKs/iPhoneSimulator26.5.sdk -fmetal-math-mode\=fast -fmetal-math-fp32-functions\=fast -serialize-diagnostics /tmp/nosfy-cartes-dd/Build/Intermediates.noindex/Nosfy.build/Debug-iphonesimulator/Nosfy.build/Metal/AuroraHome.dia -o /tmp/nosfy-cartes-dd/Build/Intermediates.noindex/Nosfy.build/Debug-iphonesimulator/Nosfy.build/Metal/AuroraHome.air -index-store-path /tmp/nosfy-cartes-dd/Index.noindex/DataStore -MMD -MT dependencies -MF /tmp/nosfy-cartes-dd/Build/Intermediates.noindex/Nosfy.build/Debug-iphonesimulator/Nosfy.build/Metal/AuroraHome.dat /Users/kathryn/Desktop/Nosfy/Nosfy/AuroraHome.metal

CompileMetalFile /Users/kathryn/Desktop/Nosfy/Nosfy/AuroraBg.metal (in target 'Nosfy' from project 'Nosfy')
    cd /Users/kathryn/Desktop/Nosfy
    /var/run/com.apple.security.cryptexd/mnt/com.apple.MobileAsset.MetalToolchain-v17.6.42.0.BA5Ggr/Metal.xctoolchain/usr/bin/metal -c -target air64-apple-ios26.0-simulator -gline-tables-only -frecord-sources -I/tmp/nosfy-cartes-dd/Build/Products/Debug-iphonesimulator/include -F/tmp/nosfy-cartes-dd/Build/Products/Debug-iphonesimulator -isysroot /Applications/Xcode.app/Contents/Developer/Platforms/iPhoneSimulator.platform/Developer/SDKs/iPhoneSimulator26.5.sdk -fmetal-math-mode\=fast -fmetal-math-fp32-functions\=fast -serialize-diagnostics /tmp/nosfy-cartes-dd/Build/Intermediates.noindex/Nosfy.build/Debug-iphonesimulator/Nosfy.build/Metal/AuroraBg.dia -o /tmp/nosfy-cartes-dd/Build/Intermediates.noindex/Nosfy.build/Debug-iphonesimulator/Nosfy.build/Metal/AuroraBg.air -index-store-path /tmp/nosfy-cartes-dd/Index.noindex/DataStore -MMD -MT dependencies -MF /tmp/nosfy-cartes-dd/Build/Intermediates.noindex/Nosfy.build/Debug-iphonesimulator/Nosfy.build/Metal/AuroraBg.dat /Users/kathryn/Desktop/Nosfy/Nosfy/AuroraBg.metal

CompileAssetCatalogVariant thinned /tmp/nosfy-cartes-dd/Build/Products/Debug-iphonesimulator/Nosfy.app /Users/kathryn/Desktop/Nosfy/NosfyShared/LiveAssets.xcassets /Users/kathryn/Desktop/Nosfy/Nosfy/AppIcon.icon /Users/kathryn/Desktop/Nosfy/Nosfy/Assets.xcassets (in target 'Nosfy' from project 'Nosfy')
    cd /Users/kathryn/Desktop/Nosfy
    /Applications/Xcode.app/Contents/Developer/usr/bin/actool /Users/kathryn/Desktop/Nosfy/NosfyShared/LiveAssets.xcassets /Users/kathryn/Desktop/Nosfy/Nosfy/AppIcon.icon /Users/kathryn/Desktop/Nosfy/Nosfy/Assets.xcassets --compile /tmp/nosfy-cartes-dd/Build/Intermediates.noindex/Nosfy.build/Debug-iphonesimulator/Nosfy.build/assetcatalog_output/thinned --output-format human-readable-text --notices --warnings --export-dependency-info /tmp/nosfy-cartes-dd/Build/Intermediates.noindex/Nosfy.build/Debug-iphonesimulator/Nosfy.build/assetcatalog_dependencies_thinned --output-partial-info-plist /tmp/nosfy-cartes-dd/Build/Intermediates.noindex/Nosfy.build/Debug-iphonesimulator/Nosfy.build/assetcatalog_generated_info.plist_thinned --app-icon AppIcon --accent-color AccentColor --compress-pngs --enable-on-demand-resources YES --development-region fr --target-device iphone --minimum-deployment-target 26.0 --platform iphonesimulator
2026-09-18 11:00:18.569 AssetCatalogSimulatorAgent[72563:18832405] The filter 'CIPortraitEffectSpillCorrection' is not implemented in the bundle at /Library/Developer/CoreSimulator/Volumes/iOS_23F77/Library/Developer/CoreSimulator/Profiles/Runtimes/iOS 26.5.simruntime/Contents/Resources/RuntimeRoot/System/Library/CoreImage/PortraitFilters.cifilter.
/* com.apple.actool.compilation-results */
/tmp/nosfy-cartes-dd/Build/Intermediates.noindex/Nosfy.build/Debug-iphonesimulator/Nosfy.build/assetcatalog_generated_info.plist_thinned
/tmp/nosfy-cartes-dd/Build/Intermediates.noindex/Nosfy.build/Debug-iphonesimulator/Nosfy.build/assetcatalog_output/thinned/AppIcon60x60@2x.png
/tmp/nosfy-cartes-dd/Build/Intermediates.noindex/Nosfy.build/Debug-iphonesimulator/Nosfy.build/assetcatalog_output/thinned/AppIcon76x76@2x~ipad.png
/tmp/nosfy-cartes-dd/Build/Intermediates.noindex/Nosfy.build/Debug-iphonesimulator/Nosfy.build/assetcatalog_output/thinned/Assets.car


ConstructStubExecutorLinkFileList /tmp/nosfy-cartes-dd/Build/Intermediates.noindex/Nosfy.build/Debug-iphonesimulator/NosfyWidgets.build/NosfyWidgets-ExecutorLinkFileList-normal-arm64.txt (in target 'NosfyWidgets' from project 'Nosfy')
    cd /Users/kathryn/Desktop/Nosfy
    construct-stub-executor-link-file-list /tmp/nosfy-cartes-dd/Build/Intermediates.noindex/Nosfy.build/Debug-iphonesimulator/NosfyWidgets.build/Objects-normal/arm64/Binary/NosfyWidgets.debug.dylib /Applications/Xcode.app/Contents/Developer/Platforms/iPhoneSimulator.platform/Developer/usr/lib/libPreviewsJITStubExecutor_no_swift_entry_point.a /Applications/Xcode.app/Contents/Developer/Platforms/iPhoneSimulator.platform/Developer/usr/lib/libPreviewsJITStubExecutor.a --output /tmp/nosfy-cartes-dd/Build/Intermediates.noindex/Nosfy.build/Debug-iphonesimulator/NosfyWidgets.build/NosfyWidgets-ExecutorLinkFileList-normal-arm64.txt
note: Using stub executor library with Swift entry point. (in target 'NosfyWidgets' from project 'Nosfy')

SwiftDriver Nosfy normal x86_64 com.apple.xcode.tools.swift.compiler (in target 'Nosfy' from project 'Nosfy')
    cd /Users/kathryn/Desktop/Nosfy
    builtin-SwiftDriver -- /Applications/Xcode.app/Contents/Developer/Toolchains/XcodeDefault.xctoolchain/usr/bin/swiftc -module-name Woop -Onone @/tmp/nosfy-cartes-dd/Build/Intermediates.noindex/Nosfy.build/Debug-iphonesimulator/Nosfy.build/Objects-normal/x86_64/Nosfy.SwiftFileList -DDEBUG -enable-bare-slash-regex -enable-experimental-feature DebugDescriptionMacro -sdk /Applications/Xcode.app/Contents/Developer/Platforms/iPhoneSimulator.platform/Developer/SDKs/iPhoneSimulator26.5.sdk -target x86_64-apple-ios26.0-simulator -g -module-cache-path /tmp/nosfy-cartes-dd/ModuleCache.noindex -Xfrontend -serialize-debugging-options -enable-testing -index-store-path /tmp/nosfy-cartes-dd/Index.noindex/DataStore -Xcc -D_LIBCPP_HARDENING_MODE\=_LIBCPP_HARDENING_MODE_DEBUG -swift-version 5 -I /tmp/nosfy-cartes-dd/Build/Products/Debug-iphonesimulator -F /tmp/nosfy-cartes-dd/Build/Products/Debug-iphonesimulator -emit-localized-strings -emit-localized-strings-path /tmp/nosfy-cartes-dd/Build/Intermediates.noindex/Nosfy.build/Debug-iphonesimulator/Nosfy.build/Objects-normal/x86_64 -c -j10 -enable-batch-mode -incremental -Xcc -ivfsstatcache -Xcc /tmp/nosfy-cartes-dd/SDKStatCaches.noindex/iphonesimulator26.5-23F73-688ef53f1462e2c8f657fdc38a81448f6cfe768891a92b912361537c460fe42b.sdkstatcache -output-file-map /tmp/nosfy-cartes-dd/Build/Intermediates.noindex/Nosfy.build/Debug-iphonesimulator/Nosfy.build/Objects-normal/x86_64/Nosfy-OutputFileMap.json -use-frontend-parseable-output -save-temps -no-color-diagnostics -explicit-module-build -module-cache-path /tmp/nosfy-cartes-dd/Build/Intermediates.noindex/SwiftExplicitPrecompiledModules -clang-scanner-module-cache-path /tmp/nosfy-cartes-dd/ModuleCache.noindex -sdk-module-cache-path /tmp/nosfy-cartes-dd/ModuleCache.noindex -serialize-diagnostics -emit-dependencies -emit-module -emit-module-path /tmp/nosfy-cartes-dd/Build/Intermediates.noindex/Nosfy.build/Debug-iphonesimulator/Nosfy.build/Objects-normal/x86_64/Woop.swiftmodule -validate-clang-modules-once -clang-build-session-file /tmp/nosfy-cartes-dd/ModuleCache.noindex/Session.modulevalidation -Xcc -I/tmp/nosfy-cartes-dd/Build/Intermediates.noindex/Nosfy.build/Debug-iphonesimulator/Nosfy.build/swift-overrides.hmap -emit-const-values -Xfrontend -const-gather-protocols-file -Xfrontend /tmp/nosfy-cartes-dd/Build/Intermediates.noindex/Nosfy.build/Debug-iphonesimulator/Nosfy.build/Objects-normal/x86_64/Nosfy_const_extract_protocols.json -Xcc -iquote -Xcc /tmp/nosfy-cartes-dd/Build/Intermediates.noindex/Nosfy.build/Debug-iphonesimulator/Nosfy.build/Nosfy-generated-files.hmap -Xcc -I/tmp/nosfy-cartes-dd/Build/Intermediates.noindex/Nosfy.build/Debug-iphonesimulator/Nosfy.build/Nosfy-own-target-headers.hmap -Xcc -I/tmp/nosfy-cartes-dd/Build/Intermediates.noindex/Nosfy.build/Debug-iphonesimulator/Nosfy.build/Nosfy-all-target-headers.hmap -Xcc -iquote -Xcc /tmp/nosfy-cartes-dd/Build/Intermediates.noindex/Nosfy.build/Debug-iphonesimulator/Nosfy.build/Nosfy-project-headers.hmap -Xcc -I/tmp/nosfy-cartes-dd/Build/Products/Debug-iphonesimulator/include -Xcc -I/tmp/nosfy-cartes-dd/Build/Intermediates.noindex/Nosfy.build/Debug-iphonesimulator/Nosfy.build/DerivedSources-normal/x86_64 -Xcc -I/tmp/nosfy-cartes-dd/Build/Intermediates.noindex/Nosfy.build/Debug-iphonesimulator/Nosfy.build/DerivedSources/x86_64 -Xcc -I/tmp/nosfy-cartes-dd/Build/Intermediates.noindex/Nosfy.build/Debug-iphonesimulator/Nosfy.build/DerivedSources -Xcc -DDEBUG\=1 -emit-objc-header -emit-objc-header-path /tmp/nosfy-cartes-dd/Build/Intermediates.noindex/Nosfy.build/Debug-iphonesimulator/Nosfy.build/Objects-normal/x86_64/Woop-Swift.h -working-directory /Users/kathryn/Desktop/Nosfy -experimental-emit-module-separately -disable-cmo

Ld /tmp/nosfy-cartes-dd/Build/Intermediates.noindex/Nosfy.build/Debug-iphonesimulator/NosfyWidgets.build/Objects-normal/arm64/Binary/NosfyWidgets normal arm64 (in target 'NosfyWidgets' from project 'Nosfy')
    cd /Users/kathryn/Desktop/Nosfy
    /Applications/Xcode.app/Contents/Developer/Toolchains/XcodeDefault.xctoolchain/usr/bin/clang -Xlinker -reproducible -target arm64-apple-ios26.0-simulator -isysroot /Applications/Xcode.app/Contents/Developer/Platforms/iPhoneSimulator.platform/Developer/SDKs/iPhoneSimulator26.5.sdk -O0 -L/tmp/nosfy-cartes-dd/Build/Products/Debug-iphonesimulator -F/tmp/nosfy-cartes-dd/Build/Products/Debug-iphonesimulator -Xlinker -rpath -Xlinker @executable_path -Xlinker -rpath -Xlinker @executable_path/Frameworks -Xlinker -rpath -Xlinker @executable_path/../../Frameworks -rdynamic -Xlinker -no_deduplicate -Xlinker -objc_abi_version -Xlinker 2 -e ___debug_blank_executor_main -Xlinker -sectcreate -Xlinker __TEXT -Xlinker __debug_dylib -Xlinker /tmp/nosfy-cartes-dd/Build/Intermediates.noindex/Nosfy.build/Debug-iphonesimulator/NosfyWidgets.build/NosfyWidgets-DebugDylibPath-normal-arm64.txt -Xlinker -sectcreate -Xlinker __TEXT -Xlinker __debug_entry -Xlinker /tmp/nosfy-cartes-dd/Build/Intermediates.noindex/Nosfy.build/Debug-iphonesimulator/NosfyWidgets.build/NosfyWidgets-DebugEntryPoint-normal-arm64.txt -Xlinker -sectcreate -Xlinker __TEXT -Xlinker __debug_instlnm -Xlinker /tmp/nosfy-cartes-dd/Build/Intermediates.noindex/Nosfy.build/Debug-iphonesimulator/NosfyWidgets.build/NosfyWidgets-DebugDylibInstallName-normal-arm64.txt -Xlinker -filelist -Xlinker /tmp/nosfy-cartes-dd/Build/Intermediates.noindex/Nosfy.build/Debug-iphonesimulator/NosfyWidgets.build/NosfyWidgets-ExecutorLinkFileList-normal-arm64.txt /tmp/nosfy-cartes-dd/Build/Intermediates.noindex/Nosfy.build/Debug-iphonesimulator/NosfyWidgets.build/Objects-normal/arm64/Binary/NosfyWidgets.debug.dylib -o /tmp/nosfy-cartes-dd/Build/Intermediates.noindex/Nosfy.build/Debug-iphonesimulator/NosfyWidgets.build/Objects-normal/arm64/Binary/NosfyWidgets

SwiftDriver Nosfy normal arm64 com.apple.xcode.tools.swift.compiler (in target 'Nosfy' from project 'Nosfy')
    cd /Users/kathryn/Desktop/Nosfy
    builtin-SwiftDriver -- /Applications/Xcode.app/Contents/Developer/Toolchains/XcodeDefault.xctoolchain/usr/bin/swiftc -module-name Woop -Onone @/tmp/nosfy-cartes-dd/Build/Intermediates.noindex/Nosfy.build/Debug-iphonesimulator/Nosfy.build/Objects-normal/arm64/Nosfy.SwiftFileList -DDEBUG -enable-bare-slash-regex -enable-experimental-feature DebugDescriptionMacro -sdk /Applications/Xcode.app/Contents/Developer/Platforms/iPhoneSimulator.platform/Developer/SDKs/iPhoneSimulator26.5.sdk -target arm64-apple-ios26.0-simulator -g -module-cache-path /tmp/nosfy-cartes-dd/ModuleCache.noindex -Xfrontend -serialize-debugging-options -enable-testing -index-store-path /tmp/nosfy-cartes-dd/Index.noindex/DataStore -Xcc -D_LIBCPP_HARDENING_MODE\=_LIBCPP_HARDENING_MODE_DEBUG -swift-version 5 -I /tmp/nosfy-cartes-dd/Build/Products/Debug-iphonesimulator -F /tmp/nosfy-cartes-dd/Build/Products/Debug-iphonesimulator -emit-localized-strings -emit-localized-strings-path /tmp/nosfy-cartes-dd/Build/Intermediates.noindex/Nosfy.build/Debug-iphonesimulator/Nosfy.build/Objects-normal/arm64 -c -j10 -enable-batch-mode -incremental -Xcc -ivfsstatcache -Xcc /tmp/nosfy-cartes-dd/SDKStatCaches.noindex/iphonesimulator26.5-23F73-688ef53f1462e2c8f657fdc38a81448f6cfe768891a92b912361537c460fe42b.sdkstatcache -output-file-map /tmp/nosfy-cartes-dd/Build/Intermediates.noindex/Nosfy.build/Debug-iphonesimulator/Nosfy.build/Objects-normal/arm64/Nosfy-OutputFileMap.json -use-frontend-parseable-output -save-temps -no-color-diagnostics -explicit-module-build -module-cache-path /tmp/nosfy-cartes-dd/Build/Intermediates.noindex/SwiftExplicitPrecompiledModules -clang-scanner-module-cache-path /tmp/nosfy-cartes-dd/ModuleCache.noindex -sdk-module-cache-path /tmp/nosfy-cartes-dd/ModuleCache.noindex -serialize-diagnostics -emit-dependencies -emit-module -emit-module-path /tmp/nosfy-cartes-dd/Build/Intermediates.noindex/Nosfy.build/Debug-iphonesimulator/Nosfy.build/Objects-normal/arm64/Woop.swiftmodule -validate-clang-modules-once -clang-build-session-file /tmp/nosfy-cartes-dd/ModuleCache.noindex/Session.modulevalidation -Xcc -I/tmp/nosfy-cartes-dd/Build/Intermediates.noindex/Nosfy.build/Debug-iphonesimulator/Nosfy.build/swift-overrides.hmap -emit-const-values -Xfrontend -const-gather-protocols-file -Xfrontend /tmp/nosfy-cartes-dd/Build/Intermediates.noindex/Nosfy.build/Debug-iphonesimulator/Nosfy.build/Objects-normal/arm64/Nosfy_const_extract_protocols.json -Xcc -iquote -Xcc /tmp/nosfy-cartes-dd/Build/Intermediates.noindex/Nosfy.build/Debug-iphonesimulator/Nosfy.build/Nosfy-generated-files.hmap -Xcc -I/tmp/nosfy-cartes-dd/Build/Intermediates.noindex/Nosfy.build/Debug-iphonesimulator/Nosfy.build/Nosfy-own-target-headers.hmap -Xcc -I/tmp/nosfy-cartes-dd/Build/Intermediates.noindex/Nosfy.build/Debug-iphonesimulator/Nosfy.build/Nosfy-all-target-headers.hmap -Xcc -iquote -Xcc /tmp/nosfy-cartes-dd/Build/Intermediates.noindex/Nosfy.build/Debug-iphonesimulator/Nosfy.build/Nosfy-project-headers.hmap -Xcc -I/tmp/nosfy-cartes-dd/Build/Products/Debug-iphonesimulator/include -Xcc -I/tmp/nosfy-cartes-dd/Build/Intermediates.noindex/Nosfy.build/Debug-iphonesimulator/Nosfy.build/DerivedSources-normal/arm64 -Xcc -I/tmp/nosfy-cartes-dd/Build/Intermediates.noindex/Nosfy.build/Debug-iphonesimulator/Nosfy.build/DerivedSources/arm64 -Xcc -I/tmp/nosfy-cartes-dd/Build/Intermediates.noindex/Nosfy.build/Debug-iphonesimulator/Nosfy.build/DerivedSources -Xcc -DDEBUG\=1 -emit-objc-header -emit-objc-header-path /tmp/nosfy-cartes-dd/Build/Intermediates.noindex/Nosfy.build/Debug-iphonesimulator/Nosfy.build/Objects-normal/arm64/Woop-Swift.h -working-directory /Users/kathryn/Desktop/Nosfy -experimental-emit-module-separately -disable-cmo

SwiftDriverJobDiscovery normal x86_64 Compiling WorkoutLiveCard.swift (in target 'NosfyWidgets' from project 'Nosfy')

SwiftDriver\ Compilation NosfyWidgets normal x86_64 com.apple.xcode.tools.swift.compiler (in target 'NosfyWidgets' from project 'Nosfy')
    cd /Users/kathryn/Desktop/Nosfy
    builtin-Swift-Compilation -- /Applications/Xcode.app/Contents/Developer/Toolchains/XcodeDefault.xctoolchain/usr/bin/swiftc -module-name NosfyWidgets -Onone @/tmp/nosfy-cartes-dd/Build/Intermediates.noindex/Nosfy.build/Debug-iphonesimulator/NosfyWidgets.build/Objects-normal/x86_64/NosfyWidgets.SwiftFileList -DDEBUG -enable-bare-slash-regex -enable-experimental-feature DebugDescriptionMacro -sdk /Applications/Xcode.app/Contents/Developer/Platforms/iPhoneSimulator.platform/Developer/SDKs/iPhoneSimulator26.5.sdk -target x86_64-apple-ios26.0-simulator -g -module-cache-path /tmp/nosfy-cartes-dd/ModuleCache.noindex -Xfrontend -serialize-debugging-options -application-extension -enable-testing -index-store-path /tmp/nosfy-cartes-dd/Index.noindex/DataStore -Xcc -D_LIBCPP_HARDENING_MODE\=_LIBCPP_HARDENING_MODE_DEBUG -swift-version 5 -I /tmp/nosfy-cartes-dd/Build/Products/Debug-iphonesimulator -F /tmp/nosfy-cartes-dd/Build/Products/Debug-iphonesimulator -emit-localized-strings -emit-localized-strings-path /tmp/nosfy-cartes-dd/Build/Intermediates.noindex/Nosfy.build/Debug-iphonesimulator/NosfyWidgets.build/Objects-normal/x86_64 -c -j10 -enable-batch-mode -incremental -Xcc -ivfsstatcache -Xcc /tmp/nosfy-cartes-dd/SDKStatCaches.noindex/iphonesimulator26.5-23F73-688ef53f1462e2c8f657fdc38a81448f6cfe768891a92b912361537c460fe42b.sdkstatcache -output-file-map /tmp/nosfy-cartes-dd/Build/Intermediates.noindex/Nosfy.build/Debug-iphonesimulator/NosfyWidgets.build/Objects-normal/x86_64/NosfyWidgets-OutputFileMap.json -use-frontend-parseable-output -save-temps -no-color-diagnostics -explicit-module-build -module-cache-path /tmp/nosfy-cartes-dd/Build/Intermediates.noindex/SwiftExplicitPrecompiledModules -clang-scanner-module-cache-path /tmp/nosfy-cartes-dd/ModuleCache.noindex -sdk-module-cache-path /tmp/nosfy-cartes-dd/ModuleCache.noindex -serialize-diagnostics -emit-dependencies -emit-module -emit-module-path /tmp/nosfy-cartes-dd/Build/Intermediates.noindex/Nosfy.build/Debug-iphonesimulator/NosfyWidgets.build/Objects-normal/x86_64/NosfyWidgets.swiftmodule -validate-clang-modules-once -clang-build-session-file /tmp/nosfy-cartes-dd/ModuleCache.noindex/Session.modulevalidation -Xcc -I/tmp/nosfy-cartes-dd/Build/Intermediates.noindex/Nosfy.build/Debug-iphonesimulator/NosfyWidgets.build/swift-overrides.hmap -emit-const-values -Xfrontend -const-gather-protocols-file -Xfrontend /tmp/nosfy-cartes-dd/Build/Intermediates.noindex/Nosfy.build/Debug-iphonesimulator/NosfyWidgets.build/Objects-normal/x86_64/NosfyWidgets_const_extract_protocols.json -Xcc -iquote -Xcc /tmp/nosfy-cartes-dd/Build/Intermediates.noindex/Nosfy.build/Debug-iphonesimulator/NosfyWidgets.build/NosfyWidgets-generated-files.hmap -Xcc -I/tmp/nosfy-cartes-dd/Build/Intermediates.noindex/Nosfy.build/Debug-iphonesimulator/NosfyWidgets.build/NosfyWidgets-own-target-headers.hmap -Xcc -I/tmp/nosfy-cartes-dd/Build/Intermediates.noindex/Nosfy.build/Debug-iphonesimulator/NosfyWidgets.build/NosfyWidgets-all-target-headers.hmap -Xcc -iquote -Xcc /tmp/nosfy-cartes-dd/Build/Intermediates.noindex/Nosfy.build/Debug-iphonesimulator/NosfyWidgets.build/NosfyWidgets-project-headers.hmap -Xcc -I/tmp/nosfy-cartes-dd/Build/Products/Debug-iphonesimulator/include -Xcc -I/tmp/nosfy-cartes-dd/Build/Intermediates.noindex/Nosfy.build/Debug-iphonesimulator/NosfyWidgets.build/DerivedSources-normal/x86_64 -Xcc -I/tmp/nosfy-cartes-dd/Build/Intermediates.noindex/Nosfy.build/Debug-iphonesimulator/NosfyWidgets.build/DerivedSources/x86_64 -Xcc -I/tmp/nosfy-cartes-dd/Build/Intermediates.noindex/Nosfy.build/Debug-iphonesimulator/NosfyWidgets.build/DerivedSources -Xcc -DDEBUG\=1 -emit-objc-header -emit-objc-header-path /tmp/nosfy-cartes-dd/Build/Intermediates.noindex/Nosfy.build/Debug-iphonesimulator/NosfyWidgets.build/Objects-normal/x86_64/NosfyWidgets-Swift.h -working-directory /Users/kathryn/Desktop/Nosfy -experimental-emit-module-separately -disable-cmo

Ld /tmp/nosfy-cartes-dd/Build/Intermediates.noindex/Nosfy.build/Debug-iphonesimulator/NosfyWidgets.build/Objects-normal/x86_64/Binary/NosfyWidgets.debug.dylib normal x86_64 (in target 'NosfyWidgets' from project 'Nosfy')
    cd /Users/kathryn/Desktop/Nosfy
    /Applications/Xcode.app/Contents/Developer/Toolchains/XcodeDefault.xctoolchain/usr/bin/clang -Xlinker -reproducible -target x86_64-apple-ios26.0-simulator -dynamiclib -isysroot /Applications/Xcode.app/Contents/Developer/Platforms/iPhoneSimulator.platform/Developer/SDKs/iPhoneSimulator26.5.sdk -O0 -L/tmp/nosfy-cartes-dd/Build/Intermediates.noindex/EagerLinkingTBDs/Debug-iphonesimulator -L/tmp/nosfy-cartes-dd/Build/Products/Debug-iphonesimulator -F/tmp/nosfy-cartes-dd/Build/Intermediates.noindex/EagerLinkingTBDs/Debug-iphonesimulator -F/tmp/nosfy-cartes-dd/Build/Products/Debug-iphonesimulator -filelist /tmp/nosfy-cartes-dd/Build/Intermediates.noindex/Nosfy.build/Debug-iphonesimulator/NosfyWidgets.build/Objects-normal/x86_64/NosfyWidgets.LinkFileList -install_name @rpath/NosfyWidgets.debug.dylib -Xlinker -rpath -Xlinker @executable_path/Frameworks -Xlinker -rpath -Xlinker @executable_path/../../Frameworks -Xlinker -dead_strip -Xlinker -object_path_lto -Xlinker /tmp/nosfy-cartes-dd/Build/Intermediates.noindex/Nosfy.build/Debug-iphonesimulator/NosfyWidgets.build/Objects-normal/x86_64/NosfyWidgets_lto.o -rdynamic -Xlinker -no_deduplicate -Xlinker -objc_abi_version -Xlinker 2 -Xlinker -dependency_info -Xlinker /tmp/nosfy-cartes-dd/Build/Intermediates.noindex/Nosfy.build/Debug-iphonesimulator/NosfyWidgets.build/Objects-normal/x86_64/NosfyWidgets_dependency_info.dat -fapplication-extension -fobjc-link-runtime -L/Applications/Xcode.app/Contents/Developer/Toolchains/XcodeDefault.xctoolchain/usr/lib/swift/iphonesimulator -L/usr/lib/swift -Xlinker -add_ast_path -Xlinker /tmp/nosfy-cartes-dd/Build/Intermediates.noindex/Nosfy.build/Debug-iphonesimulator/NosfyWidgets.build/Objects-normal/x86_64/NosfyWidgets.swiftmodule @/tmp/nosfy-cartes-dd/Build/Intermediates.noindex/Nosfy.build/Debug-iphonesimulator/NosfyWidgets.build/Objects-normal/x86_64/NosfyWidgets-linker-args.resp -Xlinker -alias -Xlinker _NSExtensionMain -Xlinker ___debug_main_executable_dylib_entry_point -o /tmp/nosfy-cartes-dd/Build/Intermediates.noindex/Nosfy.build/Debug-iphonesimulator/NosfyWidgets.build/Objects-normal/x86_64/Binary/NosfyWidgets.debug.dylib

MetalLink /tmp/nosfy-cartes-dd/Build/Products/Debug-iphonesimulator/Nosfy.app/default.metallib (in target 'Nosfy' from project 'Nosfy')
    cd /Users/kathryn/Desktop/Nosfy
    /var/run/com.apple.security.cryptexd/mnt/com.apple.MobileAsset.MetalToolchain-v17.6.42.0.BA5Ggr/Metal.xctoolchain/usr/bin/metal -target air64-apple-ios26.0-simulator -frecord-sources -o /tmp/nosfy-cartes-dd/Build/Products/Debug-iphonesimulator/Nosfy.app/default.metallib /tmp/nosfy-cartes-dd/Build/Intermediates.noindex/Nosfy.build/Debug-iphonesimulator/Nosfy.build/Metal/GlassFX.air /tmp/nosfy-cartes-dd/Build/Intermediates.noindex/Nosfy.build/Debug-iphonesimulator/Nosfy.build/Metal/InkGrain.air /tmp/nosfy-cartes-dd/Build/Intermediates.noindex/Nosfy.build/Debug-iphonesimulator/Nosfy.build/Metal/AuroraBg.air /tmp/nosfy-cartes-dd/Build/Intermediates.noindex/Nosfy.build/Debug-iphonesimulator/Nosfy.build/Metal/AuroraHome.air /tmp/nosfy-cartes-dd/Build/Intermediates.noindex/Nosfy.build/Debug-iphonesimulator/Nosfy.build/Metal/AuthNebula.air /tmp/nosfy-cartes-dd/Build/Intermediates.noindex/Nosfy.build/Debug-iphonesimulator/Nosfy.build/Metal/BravoPill.air /tmp/nosfy-cartes-dd/Build/Intermediates.noindex/Nosfy.build/Debug-iphonesimulator/Nosfy.build/Metal/CarnetCuir.air /tmp/nosfy-cartes-dd/Build/Intermediates.noindex/Nosfy.build/Debug-iphonesimulator/Nosfy.build/Metal/CarteLune.air /tmp/nosfy-cartes-dd/Build/Intermediates.noindex/Nosfy.build/Debug-iphonesimulator/Nosfy.build/Metal/CorpsLisere.air /tmp/nosfy-cartes-dd/Build/Intermediates.noindex/Nosfy.build/Debug-iphonesimulator/Nosfy.build/Metal/DemonSky-5c66a1b6668a81336671736df8db1daf.air /tmp/nosfy-cartes-dd/Build/Intermediates.noindex/Nosfy.build/Debug-iphonesimulator/Nosfy.build/Metal/DiamondButton.air /tmp/nosfy-cartes-dd/Build/Intermediates.noindex/Nosfy.build/Debug-iphonesimulator/Nosfy.build/Metal/EclipseHalo.air /tmp/nosfy-cartes-dd/Build/Intermediates.noindex/Nosfy.build/Debug-iphonesimulator/Nosfy.build/Metal/EmberFlame.air /tmp/nosfy-cartes-dd/Build/Intermediates.noindex/Nosfy.build/Debug-iphonesimulator/Nosfy.build/Metal/ExoHeaderGlow.air /tmp/nosfy-cartes-dd/Build/Intermediates.noindex/Nosfy.build/Debug-iphonesimulator/Nosfy.build/Metal/ExosHalo.air /tmp/nosfy-cartes-dd/Build/Intermediates.noindex/Nosfy.build/Debug-iphonesimulator/Nosfy.build/Metal/FlameJewel.air /tmp/nosfy-cartes-dd/Build/Intermediates.noindex/Nosfy.build/Debug-iphonesimulator/Nosfy.build/Metal/FondVideoMetal-5542d674eb797a0477087f1e1a95c3c6.air /tmp/nosfy-cartes-dd/Build/Intermediates.noindex/Nosfy.build/Debug-iphonesimulator/Nosfy.build/Metal/FumeeX2.air /tmp/nosfy-cartes-dd/Build/Intermediates.noindex/Nosfy.build/Debug-iphonesimulator/Nosfy.build/Metal/GaletLisere.air /tmp/nosfy-cartes-dd/Build/Intermediates.noindex/Nosfy.build/Debug-iphonesimulator/Nosfy.build/Metal/GaletMedaillon.air /tmp/nosfy-cartes-dd/Build/Intermediates.noindex/Nosfy.build/Debug-iphonesimulator/Nosfy.build/Metal/GaletStage.air /tmp/nosfy-cartes-dd/Build/Intermediates.noindex/Nosfy.build/Debug-iphonesimulator/Nosfy.build/Metal/HaloDawn.air /tmp/nosfy-cartes-dd/Build/Intermediates.noindex/Nosfy.build/Debug-iphonesimulator/Nosfy.build/Metal/HomeNuit-44cadf144714b73557875b5ca1198f63.air /tmp/nosfy-cartes-dd/Build/Intermediates.noindex/Nosfy.build/Debug-iphonesimulator/Nosfy.build/Metal/JaugeLacque.air /tmp/nosfy-cartes-dd/Build/Intermediates.noindex/Nosfy.build/Debug-iphonesimulator/Nosfy.build/Metal/LiquidLens.air /tmp/nosfy-cartes-dd/Build/Intermediates.noindex/Nosfy.build/Debug-iphonesimulator/Nosfy.build/Metal/LoginAurora.air /tmp/nosfy-cartes-dd/Build/Intermediates.noindex/Nosfy.build/Debug-iphonesimulator/Nosfy.build/Metal/LogoMonolith.air /tmp/nosfy-cartes-dd/Build/Intermediates.noindex/Nosfy.build/Debug-iphonesimulator/Nosfy.build/Metal/MoonCoin.air /tmp/nosfy-cartes-dd/Build/Intermediates.noindex/Nosfy.build/Debug-iphonesimulator/Nosfy.build/Metal/NavMonolith.air /tmp/nosfy-cartes-dd/Build/Intermediates.noindex/Nosfy.build/Debug-iphonesimulator/Nosfy.build/Metal/NebulaShaders.air /tmp/nosfy-cartes-dd/Build/Intermediates.noindex/Nosfy.build/Debug-iphonesimulator/Nosfy.build/Metal/NeonPrimary.air /tmp/nosfy-cartes-dd/Build/Intermediates.noindex/Nosfy.build/Debug-iphonesimulator/Nosfy.build/Metal/ObjectiveJewel.air /tmp/nosfy-cartes-dd/Build/Intermediates.noindex/Nosfy.build/Debug-iphonesimulator/Nosfy.build/Metal/ObsidianCard-795b9147487e85f10275672f6e73cfe5.air /tmp/nosfy-cartes-dd/Build/Intermediates.noindex/Nosfy.build/Debug-iphonesimulator/Nosfy.build/Metal/PebbleDust.air /tmp/nosfy-cartes-dd/Build/Intermediates.noindex/Nosfy.build/Debug-iphonesimulator/Nosfy.build/Metal/PieceVerre.air /tmp/nosfy-cartes-dd/Build/Intermediates.noindex/Nosfy.build/Debug-iphonesimulator/Nosfy.build/Metal/PorteCaresse.air /tmp/nosfy-cartes-dd/Build/Intermediates.noindex/Nosfy.build/Debug-iphonesimulator/Nosfy.build/Metal/TreasureBadge.air /tmp/nosfy-cartes-dd/Build/Intermediates.noindex/Nosfy.build/Debug-iphonesimulator/Nosfy.build/Metal/VerreCoulant-a9f8871bc6a50ecc261287c465b3cd2f.air /tmp/nosfy-cartes-dd/Build/Intermediates.noindex/Nosfy.build/Debug-iphonesimulator/Nosfy.build/Metal/VerreGalet.air /tmp/nosfy-cartes-dd/Build/Intermediates.noindex/Nosfy.build/Debug-iphonesimulator/Nosfy.build/Metal/WahouAura.air

CreateUniversalBinary /tmp/nosfy-cartes-dd/Build/Products/Debug-iphonesimulator/NosfyWidgets.appex/NosfyWidgets.debug.dylib normal arm64\ x86_64 (in target 'NosfyWidgets' from project 'Nosfy')
    cd /Users/kathryn/Desktop/Nosfy
    /Applications/Xcode.app/Contents/Developer/Toolchains/XcodeDefault.xctoolchain/usr/bin/lipo -create /tmp/nosfy-cartes-dd/Build/Intermediates.noindex/Nosfy.build/Debug-iphonesimulator/NosfyWidgets.build/Objects-normal/arm64/Binary/NosfyWidgets.debug.dylib /tmp/nosfy-cartes-dd/Build/Intermediates.noindex/Nosfy.build/Debug-iphonesimulator/NosfyWidgets.build/Objects-normal/x86_64/Binary/NosfyWidgets.debug.dylib -output /tmp/nosfy-cartes-dd/Build/Products/Debug-iphonesimulator/NosfyWidgets.appex/NosfyWidgets.debug.dylib

ConstructStubExecutorLinkFileList /tmp/nosfy-cartes-dd/Build/Intermediates.noindex/Nosfy.build/Debug-iphonesimulator/NosfyWidgets.build/NosfyWidgets-ExecutorLinkFileList-normal-x86_64.txt (in target 'NosfyWidgets' from project 'Nosfy')
    cd /Users/kathryn/Desktop/Nosfy
    construct-stub-executor-link-file-list /tmp/nosfy-cartes-dd/Build/Intermediates.noindex/Nosfy.build/Debug-iphonesimulator/NosfyWidgets.build/Objects-normal/x86_64/Binary/NosfyWidgets.debug.dylib /Applications/Xcode.app/Contents/Developer/Platforms/iPhoneSimulator.platform/Developer/usr/lib/libPreviewsJITStubExecutor_no_swift_entry_point.a /Applications/Xcode.app/Contents/Developer/Platforms/iPhoneSimulator.platform/Developer/usr/lib/libPreviewsJITStubExecutor.a --output /tmp/nosfy-cartes-dd/Build/Intermediates.noindex/Nosfy.build/Debug-iphonesimulator/NosfyWidgets.build/NosfyWidgets-ExecutorLinkFileList-normal-x86_64.txt
note: Using stub executor library with Swift entry point. (in target 'NosfyWidgets' from project 'Nosfy')

Ld /tmp/nosfy-cartes-dd/Build/Intermediates.noindex/Nosfy.build/Debug-iphonesimulator/NosfyWidgets.build/Objects-normal/x86_64/Binary/NosfyWidgets normal x86_64 (in target 'NosfyWidgets' from project 'Nosfy')
    cd /Users/kathryn/Desktop/Nosfy
    /Applications/Xcode.app/Contents/Developer/Toolchains/XcodeDefault.xctoolchain/usr/bin/clang -Xlinker -reproducible -target x86_64-apple-ios26.0-simulator -isysroot /Applications/Xcode.app/Contents/Developer/Platforms/iPhoneSimulator.platform/Developer/SDKs/iPhoneSimulator26.5.sdk -O0 -L/tmp/nosfy-cartes-dd/Build/Products/Debug-iphonesimulator -F/tmp/nosfy-cartes-dd/Build/Products/Debug-iphonesimulator -Xlinker -rpath -Xlinker @executable_path -Xlinker -rpath -Xlinker @executable_path/Frameworks -Xlinker -rpath -Xlinker @executable_path/../../Frameworks -rdynamic -Xlinker -no_deduplicate -Xlinker -objc_abi_version -Xlinker 2 -e ___debug_blank_executor_main -Xlinker -sectcreate -Xlinker __TEXT -Xlinker __debug_dylib -Xlinker /tmp/nosfy-cartes-dd/Build/Intermediates.noindex/Nosfy.build/Debug-iphonesimulator/NosfyWidgets.build/NosfyWidgets-DebugDylibPath-normal-x86_64.txt -Xlinker -sectcreate -Xlinker __TEXT -Xlinker __debug_entry -Xlinker /tmp/nosfy-cartes-dd/Build/Intermediates.noindex/Nosfy.build/Debug-iphonesimulator/NosfyWidgets.build/NosfyWidgets-DebugEntryPoint-normal-x86_64.txt -Xlinker -sectcreate -Xlinker __TEXT -Xlinker __debug_instlnm -Xlinker /tmp/nosfy-cartes-dd/Build/Intermediates.noindex/Nosfy.build/Debug-iphonesimulator/NosfyWidgets.build/NosfyWidgets-DebugDylibInstallName-normal-x86_64.txt -Xlinker -filelist -Xlinker /tmp/nosfy-cartes-dd/Build/Intermediates.noindex/Nosfy.build/Debug-iphonesimulator/NosfyWidgets.build/NosfyWidgets-ExecutorLinkFileList-normal-x86_64.txt /tmp/nosfy-cartes-dd/Build/Intermediates.noindex/Nosfy.build/Debug-iphonesimulator/NosfyWidgets.build/Objects-normal/x86_64/Binary/NosfyWidgets.debug.dylib -o /tmp/nosfy-cartes-dd/Build/Intermediates.noindex/Nosfy.build/Debug-iphonesimulator/NosfyWidgets.build/Objects-normal/x86_64/Binary/NosfyWidgets

CreateUniversalBinary /tmp/nosfy-cartes-dd/Build/Products/Debug-iphonesimulator/NosfyWidgets.appex/NosfyWidgets normal arm64\ x86_64 (in target 'NosfyWidgets' from project 'Nosfy')
    cd /Users/kathryn/Desktop/Nosfy
    /Applications/Xcode.app/Contents/Developer/Toolchains/XcodeDefault.xctoolchain/usr/bin/lipo -create /tmp/nosfy-cartes-dd/Build/Intermediates.noindex/Nosfy.build/Debug-iphonesimulator/NosfyWidgets.build/Objects-normal/arm64/Binary/NosfyWidgets /tmp/nosfy-cartes-dd/Build/Intermediates.noindex/Nosfy.build/Debug-iphonesimulator/NosfyWidgets.build/Objects-normal/x86_64/Binary/NosfyWidgets -output /tmp/nosfy-cartes-dd/Build/Products/Debug-iphonesimulator/NosfyWidgets.appex/NosfyWidgets

ExtractAppIntentsMetadata (in target 'NosfyWidgets' from project 'Nosfy')
    cd /Users/kathryn/Desktop/Nosfy
    /Applications/Xcode.app/Contents/Developer/Toolchains/XcodeDefault.xctoolchain/usr/bin/appintentsmetadataprocessor --toolchain-dir /var/run/com.apple.security.cryptexd/mnt/com.apple.MobileAsset.MetalToolchain-v17.6.42.0.BA5Ggr/Metal.xctoolchain --module-name NosfyWidgets --sdk-root /Applications/Xcode.app/Contents/Developer/Platforms/iPhoneSimulator.platform/Developer/SDKs/iPhoneSimulator26.5.sdk --xcode-version 17F42 --platform-family iOS --deployment-target 26.0 --bundle-identifier fr.kathryn.woop.WoopWidgets --output /tmp/nosfy-cartes-dd/Build/Products/Debug-iphonesimulator/NosfyWidgets.appex --target-triple arm64-apple-ios26.0-simulator --target-triple x86_64-apple-ios26.0-simulator --binary-file /tmp/nosfy-cartes-dd/Build/Products/Debug-iphonesimulator/NosfyWidgets.appex/NosfyWidgets --dependency-file /tmp/nosfy-cartes-dd/Build/Intermediates.noindex/Nosfy.build/Debug-iphonesimulator/NosfyWidgets.build/Objects-normal/arm64/NosfyWidgets_dependency_info.dat --dependency-file /tmp/nosfy-cartes-dd/Build/Intermediates.noindex/Nosfy.build/Debug-iphonesimulator/NosfyWidgets.build/Objects-normal/x86_64/NosfyWidgets_dependency_info.dat --stringsdata-file /tmp/nosfy-cartes-dd/Build/Intermediates.noindex/Nosfy.build/Debug-iphonesimulator/NosfyWidgets.build/Objects-normal/arm64/ExtractedAppShortcutsMetadata.stringsdata --stringsdata-file /tmp/nosfy-cartes-dd/Build/Intermediates.noindex/Nosfy.build/Debug-iphonesimulator/NosfyWidgets.build/Objects-normal/x86_64/ExtractedAppShortcutsMetadata.stringsdata --source-file-list /tmp/nosfy-cartes-dd/Build/Intermediates.noindex/Nosfy.build/Debug-iphonesimulator/NosfyWidgets.build/Objects-normal/arm64/NosfyWidgets.SwiftFileList --source-file-list /tmp/nosfy-cartes-dd/Build/Intermediates.noindex/Nosfy.build/Debug-iphonesimulator/NosfyWidgets.build/Objects-normal/x86_64/NosfyWidgets.SwiftFileList --metadata-file-list /tmp/nosfy-cartes-dd/Build/Intermediates.noindex/Nosfy.build/Debug-iphonesimulator/NosfyWidgets.build/NosfyWidgets.DependencyMetadataFileList --static-metadata-file-list /tmp/nosfy-cartes-dd/Build/Intermediates.noindex/Nosfy.build/Debug-iphonesimulator/NosfyWidgets.build/NosfyWidgets.DependencyStaticMetadataFileList --swift-const-vals-list /tmp/nosfy-cartes-dd/Build/Intermediates.noindex/Nosfy.build/Debug-iphonesimulator/NosfyWidgets.build/Objects-normal/arm64/NosfyWidgets.SwiftConstValuesFileList --swift-const-vals-list /tmp/nosfy-cartes-dd/Build/Intermediates.noindex/Nosfy.build/Debug-iphonesimulator/NosfyWidgets.build/Objects-normal/x86_64/NosfyWidgets.SwiftConstValuesFileList --compile-time-extraction --deployment-aware-processing --validate-assistant-intents --no-app-shortcuts-localization
2026-09-18 11:00:17.319 appintentsmetadataprocessor[72568:18832195] Starting appintentsmetadataprocessor export
2026-09-18 11:00:17.362 appintentsmetadataprocessor[72568:18832195] Extracted no relevant App Intents symbols, skipping writing output

AppIntentsSSUTraining (in target 'NosfyWidgets' from project 'Nosfy')
    cd /Users/kathryn/Desktop/Nosfy
    /Applications/Xcode.app/Contents/Developer/Toolchains/XcodeDefault.xctoolchain/usr/bin/appintentsnltrainingprocessor --infoplist-path /tmp/nosfy-cartes-dd/Build/Products/Debug-iphonesimulator/NosfyWidgets.appex/Info.plist --temp-dir-path /tmp/nosfy-cartes-dd/Build/Intermediates.noindex/Nosfy.build/Debug-iphonesimulator/NosfyWidgets.build/ssu --bundle-id fr.kathryn.woop.WoopWidgets --product-path /tmp/nosfy-cartes-dd/Build/Products/Debug-iphonesimulator/NosfyWidgets.appex --extracted-metadata-path /tmp/nosfy-cartes-dd/Build/Products/Debug-iphonesimulator/NosfyWidgets.appex/Metadata.appintents --metadata-file-list /tmp/nosfy-cartes-dd/Build/Intermediates.noindex/Nosfy.build/Debug-iphonesimulator/NosfyWidgets.build/NosfyWidgets.DependencyMetadataFileList --source-file /tmp/nosfy-cartes-dd/Build/Products/Debug-iphonesimulator/NosfyWidgets.appex/Info.plist --archive-ssu-assets
2026-09-18 11:00:17.390 appintentsnltrainingprocessor[72569:18832229] Parsing options for appintentsnltrainingprocessor
2026-09-18 11:00:17.391 appintentsnltrainingprocessor[72569:18832229] Starting AppIntents SSU YAML Generation
2026-09-18 11:00:17.392 appintentsnltrainingprocessor[72569:18832229] No AppShortcuts found - Skipping.

RegisterExecutionPolicyException /tmp/nosfy-cartes-dd/Build/Products/Debug-iphonesimulator/NosfyWidgets.appex (in target 'NosfyWidgets' from project 'Nosfy')
    cd /Users/kathryn/Desktop/Nosfy
    builtin-RegisterExecutionPolicyException /tmp/nosfy-cartes-dd/Build/Products/Debug-iphonesimulator/NosfyWidgets.appex

Touch /tmp/nosfy-cartes-dd/Build/Products/Debug-iphonesimulator/NosfyWidgets.appex (in target 'NosfyWidgets' from project 'Nosfy')
    cd /Users/kathryn/Desktop/Nosfy
    /usr/bin/touch -c /tmp/nosfy-cartes-dd/Build/Products/Debug-iphonesimulator/NosfyWidgets.appex

Ld /tmp/nosfy-cartes-dd/Build/Intermediates.noindex/Nosfy.build/Debug-iphonesimulator/Nosfy.build/Objects-normal/x86_64/Binary/__preview.dylib normal x86_64 (in target 'Nosfy' from project 'Nosfy')
    cd /Users/kathryn/Desktop/Nosfy
    /Applications/Xcode.app/Contents/Developer/Toolchains/XcodeDefault.xctoolchain/usr/bin/clang -Xlinker -reproducible -target x86_64-apple-ios26.0-simulator -dynamiclib -isysroot /Applications/Xcode.app/Contents/Developer/Platforms/iPhoneSimulator.platform/Developer/SDKs/iPhoneSimulator26.5.sdk -O0 -L/tmp/nosfy-cartes-dd/Build/Products/Debug-iphonesimulator -F/tmp/nosfy-cartes-dd/Build/Products/Debug-iphonesimulator -install_name @rpath/Nosfy.debug.dylib -Xlinker -dead_strip -rdynamic -Xlinker -no_deduplicate -Xlinker -objc_abi_version -Xlinker 2 -Xlinker -dependency_info -Xlinker /tmp/nosfy-cartes-dd/Build/Intermediates.noindex/Nosfy.build/Debug-iphonesimulator/Nosfy.build/Objects-normal/x86_64/Nosfy_dependency_info.dat -o /tmp/nosfy-cartes-dd/Build/Intermediates.noindex/Nosfy.build/Debug-iphonesimulator/Nosfy.build/Objects-normal/x86_64/Binary/__preview.dylib

Ld /tmp/nosfy-cartes-dd/Build/Intermediates.noindex/Nosfy.build/Debug-iphonesimulator/Nosfy.build/Objects-normal/arm64/Binary/__preview.dylib normal arm64 (in target 'Nosfy' from project 'Nosfy')
    cd /Users/kathryn/Desktop/Nosfy
    /Applications/Xcode.app/Contents/Developer/Toolchains/XcodeDefault.xctoolchain/usr/bin/clang -Xlinker -reproducible -target arm64-apple-ios26.0-simulator -dynamiclib -isysroot /Applications/Xcode.app/Contents/Developer/Platforms/iPhoneSimulator.platform/Developer/SDKs/iPhoneSimulator26.5.sdk -O0 -L/tmp/nosfy-cartes-dd/Build/Products/Debug-iphonesimulator -F/tmp/nosfy-cartes-dd/Build/Products/Debug-iphonesimulator -install_name @rpath/Nosfy.debug.dylib -Xlinker -dead_strip -rdynamic -Xlinker -no_deduplicate -Xlinker -objc_abi_version -Xlinker 2 -Xlinker -dependency_info -Xlinker /tmp/nosfy-cartes-dd/Build/Intermediates.noindex/Nosfy.build/Debug-iphonesimulator/Nosfy.build/Objects-normal/arm64/Nosfy_dependency_info.dat -o /tmp/nosfy-cartes-dd/Build/Intermediates.noindex/Nosfy.build/Debug-iphonesimulator/Nosfy.build/Objects-normal/arm64/Binary/__preview.dylib

CpResource /tmp/nosfy-cartes-dd/Build/Products/Debug-iphonesimulator/Nosfy.app/welcome-nosfy-premiere.mp4 /Users/kathryn/Desktop/Nosfy/Nosfy/Media/welcome-nosfy-premiere.mp4 (in target 'Nosfy' from project 'Nosfy')
    cd /Users/kathryn/Desktop/Nosfy
    builtin-copy -exclude .DS_Store -exclude CVS -exclude .svn -exclude .git -exclude .hg -resolve-src-symlinks /Users/kathryn/Desktop/Nosfy/Nosfy/Media/welcome-nosfy-premiere.mp4 /tmp/nosfy-cartes-dd/Build/Products/Debug-iphonesimulator/Nosfy.app

CpResource /tmp/nosfy-cartes-dd/Build/Products/Debug-iphonesimulator/Nosfy.app/welcome-galet-premiere.mp4 /Users/kathryn/Desktop/Nosfy/Nosfy/Media/welcome-galet-premiere.mp4 (in target 'Nosfy' from project 'Nosfy')
    cd /Users/kathryn/Desktop/Nosfy
    builtin-copy -exclude .DS_Store -exclude CVS -exclude .svn -exclude .git -exclude .hg -resolve-src-symlinks /Users/kathryn/Desktop/Nosfy/Nosfy/Media/welcome-galet-premiere.mp4 /tmp/nosfy-cartes-dd/Build/Products/Debug-iphonesimulator/Nosfy.app

CpResource /tmp/nosfy-cartes-dd/Build/Products/Debug-iphonesimulator/Nosfy.app/video_demon_3.mp4 /Users/kathryn/Desktop/Nosfy/Nosfy/Media/video_demon_3.mp4 (in target 'Nosfy' from project 'Nosfy')
    cd /Users/kathryn/Desktop/Nosfy
    builtin-copy -exclude .DS_Store -exclude CVS -exclude .svn -exclude .git -exclude .hg -resolve-src-symlinks /Users/kathryn/Desktop/Nosfy/Nosfy/Media/video_demon_3.mp4 /tmp/nosfy-cartes-dd/Build/Products/Debug-iphonesimulator/Nosfy.app

CpResource /tmp/nosfy-cartes-dd/Build/Products/Debug-iphonesimulator/Nosfy.app/video_demon_2.mp4 /Users/kathryn/Desktop/Nosfy/Nosfy/Media/video_demon_2.mp4 (in target 'Nosfy' from project 'Nosfy')
    cd /Users/kathryn/Desktop/Nosfy
    builtin-copy -exclude .DS_Store -exclude CVS -exclude .svn -exclude .git -exclude .hg -resolve-src-symlinks /Users/kathryn/Desktop/Nosfy/Nosfy/Media/video_demon_2.mp4 /tmp/nosfy-cartes-dd/Build/Products/Debug-iphonesimulator/Nosfy.app

CpResource /tmp/nosfy-cartes-dd/Build/Products/Debug-iphonesimulator/Nosfy.app/video_demon_1.mp4 /Users/kathryn/Desktop/Nosfy/Nosfy/Media/video_demon_1.mp4 (in target 'Nosfy' from project 'Nosfy')
    cd /Users/kathryn/Desktop/Nosfy
    builtin-copy -exclude .DS_Store -exclude CVS -exclude .svn -exclude .git -exclude .hg -resolve-src-symlinks /Users/kathryn/Desktop/Nosfy/Nosfy/Media/video_demon_1.mp4 /tmp/nosfy-cartes-dd/Build/Products/Debug-iphonesimulator/Nosfy.app

CpResource /tmp/nosfy-cartes-dd/Build/Products/Debug-iphonesimulator/Nosfy.app/story-pilule-top.mp4 /Users/kathryn/Desktop/Nosfy/Nosfy/Media/story-pilule-top.mp4 (in target 'Nosfy' from project 'Nosfy')
    cd /Users/kathryn/Desktop/Nosfy
    builtin-copy -exclude .DS_Store -exclude CVS -exclude .svn -exclude .git -exclude .hg -resolve-src-symlinks /Users/kathryn/Desktop/Nosfy/Nosfy/Media/story-pilule-top.mp4 /tmp/nosfy-cartes-dd/Build/Products/Debug-iphonesimulator/Nosfy.app

CpResource /tmp/nosfy-cartes-dd/Build/Products/Debug-iphonesimulator/Nosfy.app/story-pilule-droite.mp4 /Users/kathryn/Desktop/Nosfy/Nosfy/Media/story-pilule-droite.mp4 (in target 'Nosfy' from project 'Nosfy')
    cd /Users/kathryn/Desktop/Nosfy
    builtin-copy -exclude .DS_Store -exclude CVS -exclude .svn -exclude .git -exclude .hg -resolve-src-symlinks /Users/kathryn/Desktop/Nosfy/Nosfy/Media/story-pilule-droite.mp4 /tmp/nosfy-cartes-dd/Build/Products/Debug-iphonesimulator/Nosfy.app

CpResource /tmp/nosfy-cartes-dd/Build/Products/Debug-iphonesimulator/Nosfy.app/story-macro-or.mp4 /Users/kathryn/Desktop/Nosfy/Nosfy/Media/story-macro-or.mp4 (in target 'Nosfy' from project 'Nosfy')
    cd /Users/kathryn/Desktop/Nosfy
    builtin-copy -exclude .DS_Store -exclude CVS -exclude .svn -exclude .git -exclude .hg -resolve-src-symlinks /Users/kathryn/Desktop/Nosfy/Nosfy/Media/story-macro-or.mp4 /tmp/nosfy-cartes-dd/Build/Products/Debug-iphonesimulator/Nosfy.app

CpResource /tmp/nosfy-cartes-dd/Build/Products/Debug-iphonesimulator/Nosfy.app/story-macro-flanc.mp4 /Users/kathryn/Desktop/Nosfy/Nosfy/Media/story-macro-flanc.mp4 (in target 'Nosfy' from project 'Nosfy')
    cd /Users/kathryn/Desktop/Nosfy
    builtin-copy -exclude .DS_Store -exclude CVS -exclude .svn -exclude .git -exclude .hg -resolve-src-symlinks /Users/kathryn/Desktop/Nosfy/Nosfy/Media/story-macro-flanc.mp4 /tmp/nosfy-cartes-dd/Build/Products/Debug-iphonesimulator/Nosfy.app

CpResource /tmp/nosfy-cartes-dd/Build/Products/Debug-iphonesimulator/Nosfy.app/story-macro-bas.mp4 /Users/kathryn/Desktop/Nosfy/Nosfy/Media/story-macro-bas.mp4 (in target 'Nosfy' from project 'Nosfy')
    cd /Users/kathryn/Desktop/Nosfy
    builtin-copy -exclude .DS_Store -exclude CVS -exclude .svn -exclude .git -exclude .hg -resolve-src-symlinks /Users/kathryn/Desktop/Nosfy/Nosfy/Media/story-macro-bas.mp4 /tmp/nosfy-cartes-dd/Build/Products/Debug-iphonesimulator/Nosfy.app

CpResource /tmp/nosfy-cartes-dd/Build/Products/Debug-iphonesimulator/Nosfy.app/story-ended-verre-b.mp4 /Users/kathryn/Desktop/Nosfy/Nosfy/Media/story-ended-verre-b.mp4 (in target 'Nosfy' from project 'Nosfy')
    cd /Users/kathryn/Desktop/Nosfy
    builtin-copy -exclude .DS_Store -exclude CVS -exclude .svn -exclude .git -exclude .hg -resolve-src-symlinks /Users/kathryn/Desktop/Nosfy/Nosfy/Media/story-ended-verre-b.mp4 /tmp/nosfy-cartes-dd/Build/Products/Debug-iphonesimulator/Nosfy.app

CpResource /tmp/nosfy-cartes-dd/Build/Products/Debug-iphonesimulator/Nosfy.app/story-ended-verre-a.mp4 /Users/kathryn/Desktop/Nosfy/Nosfy/Media/story-ended-verre-a.mp4 (in target 'Nosfy' from project 'Nosfy')
    cd /Users/kathryn/Desktop/Nosfy
    builtin-copy -exclude .DS_Store -exclude CVS -exclude .svn -exclude .git -exclude .hg -resolve-src-symlinks /Users/kathryn/Desktop/Nosfy/Nosfy/Media/story-ended-verre-a.mp4 /tmp/nosfy-cartes-dd/Build/Products/Debug-iphonesimulator/Nosfy.app

CpResource /tmp/nosfy-cartes-dd/Build/Products/Debug-iphonesimulator/Nosfy.app/story-eclair-loop.mp4 /Users/kathryn/Desktop/Nosfy/Nosfy/Media/story-eclair-loop.mp4 (in target 'Nosfy' from project 'Nosfy')
    cd /Users/kathryn/Desktop/Nosfy
    builtin-copy -exclude .DS_Store -exclude CVS -exclude .svn -exclude .git -exclude .hg -resolve-src-symlinks /Users/kathryn/Desktop/Nosfy/Nosfy/Media/story-eclair-loop.mp4 /tmp/nosfy-cartes-dd/Build/Products/Debug-iphonesimulator/Nosfy.app

CpResource /tmp/nosfy-cartes-dd/Build/Products/Debug-iphonesimulator/Nosfy.app/story-booster-noir.mp4 /Users/kathryn/Desktop/Nosfy/Nosfy/Media/story-booster-noir.mp4 (in target 'Nosfy' from project 'Nosfy')
    cd /Users/kathryn/Desktop/Nosfy
    builtin-copy -exclude .DS_Store -exclude CVS -exclude .svn -exclude .git -exclude .hg -resolve-src-symlinks /Users/kathryn/Desktop/Nosfy/Nosfy/Media/story-booster-noir.mp4 /tmp/nosfy-cartes-dd/Build/Products/Debug-iphonesimulator/Nosfy.app

CpResource /tmp/nosfy-cartes-dd/Build/Products/Debug-iphonesimulator/Nosfy.app/story-booster-lune.mp4 /Users/kathryn/Desktop/Nosfy/Nosfy/Media/story-booster-lune.mp4 (in target 'Nosfy' from project 'Nosfy')
    cd /Users/kathryn/Desktop/Nosfy
    builtin-copy -exclude .DS_Store -exclude CVS -exclude .svn -exclude .git -exclude .hg -resolve-src-symlinks /Users/kathryn/Desktop/Nosfy/Nosfy/Media/story-booster-lune.mp4 /tmp/nosfy-cartes-dd/Build/Products/Debug-iphonesimulator/Nosfy.app

CpResource /tmp/nosfy-cartes-dd/Build/Products/Debug-iphonesimulator/Nosfy.app/stop-bat-loop.mp4 /Users/kathryn/Desktop/Nosfy/Nosfy/Media/stop-bat-loop.mp4 (in target 'Nosfy' from project 'Nosfy')
    cd /Users/kathryn/Desktop/Nosfy
    builtin-copy -exclude .DS_Store -exclude CVS -exclude .svn -exclude .git -exclude .hg -resolve-src-symlinks /Users/kathryn/Desktop/Nosfy/Nosfy/Media/stop-bat-loop.mp4 /tmp/nosfy-cartes-dd/Build/Products/Debug-iphonesimulator/Nosfy.app

CpResource /tmp/nosfy-cartes-dd/Build/Products/Debug-iphonesimulator/Nosfy.app/start-entrainement-loop.mp4 /Users/kathryn/Desktop/Nosfy/Nosfy/Media/start-entrainement-loop.mp4 (in target 'Nosfy' from project 'Nosfy')
    cd /Users/kathryn/Desktop/Nosfy
    builtin-copy -exclude .DS_Store -exclude CVS -exclude .svn -exclude .git -exclude .hg -resolve-src-symlinks /Users/kathryn/Desktop/Nosfy/Nosfy/Media/start-entrainement-loop.mp4 /tmp/nosfy-cartes-dd/Build/Products/Debug-iphonesimulator/Nosfy.app

CpResource /tmp/nosfy-cartes-dd/Build/Products/Debug-iphonesimulator/Nosfy.app/sacre-lune.caf /Users/kathryn/Desktop/Nosfy/Nosfy/Media/sacre-lune.caf (in target 'Nosfy' from project 'Nosfy')
    cd /Users/kathryn/Desktop/Nosfy
    builtin-copy -exclude .DS_Store -exclude CVS -exclude .svn -exclude .git -exclude .hg -resolve-src-symlinks /Users/kathryn/Desktop/Nosfy/Nosfy/Media/sacre-lune.caf /tmp/nosfy-cartes-dd/Build/Products/Debug-iphonesimulator/Nosfy.app

CpResource /tmp/nosfy-cartes-dd/Build/Products/Debug-iphonesimulator/Nosfy.app/sacre-legendaire.caf /Users/kathryn/Desktop/Nosfy/Nosfy/Media/sacre-legendaire.caf (in target 'Nosfy' from project 'Nosfy')
    cd /Users/kathryn/Desktop/Nosfy
    builtin-copy -exclude .DS_Store -exclude CVS -exclude .svn -exclude .git -exclude .hg -resolve-src-symlinks /Users/kathryn/Desktop/Nosfy/Nosfy/Media/sacre-legendaire.caf /tmp/nosfy-cartes-dd/Build/Products/Debug-iphonesimulator/Nosfy.app

CpResource /tmp/nosfy-cartes-dd/Build/Products/Debug-iphonesimulator/Nosfy.app/sacre-epique.caf /Users/kathryn/Desktop/Nosfy/Nosfy/Media/sacre-epique.caf (in target 'Nosfy' from project 'Nosfy')
    cd /Users/kathryn/Desktop/Nosfy
    builtin-copy -exclude .DS_Store -exclude CVS -exclude .svn -exclude .git -exclude .hg -resolve-src-symlinks /Users/kathryn/Desktop/Nosfy/Nosfy/Media/sacre-epique.caf /tmp/nosfy-cartes-dd/Build/Products/Debug-iphonesimulator/Nosfy.app

CpResource /tmp/nosfy-cartes-dd/Build/Products/Debug-iphonesimulator/Nosfy.app/sacre-commune.caf /Users/kathryn/Desktop/Nosfy/Nosfy/Media/sacre-commune.caf (in target 'Nosfy' from project 'Nosfy')
    cd /Users/kathryn/Desktop/Nosfy
    builtin-copy -exclude .DS_Store -exclude CVS -exclude .svn -exclude .git -exclude .hg -resolve-src-symlinks /Users/kathryn/Desktop/Nosfy/Nosfy/Media/sacre-commune.caf /tmp/nosfy-cartes-dd/Build/Products/Debug-iphonesimulator/Nosfy.app

CpResource /tmp/nosfy-cartes-dd/Build/Products/Debug-iphonesimulator/Nosfy.app/reward-welcome.mp4 /Users/kathryn/Desktop/Nosfy/Nosfy/Media/reward-welcome.mp4 (in target 'Nosfy' from project 'Nosfy')
    cd /Users/kathryn/Desktop/Nosfy
    builtin-copy -exclude .DS_Store -exclude CVS -exclude .svn -exclude .git -exclude .hg -resolve-src-symlinks /Users/kathryn/Desktop/Nosfy/Nosfy/Media/reward-welcome.mp4 /tmp/nosfy-cartes-dd/Build/Products/Debug-iphonesimulator/Nosfy.app

CpResource /tmp/nosfy-cartes-dd/Build/Products/Debug-iphonesimulator/Nosfy.app/reward-welcome-loop.mp4 /Users/kathryn/Desktop/Nosfy/Nosfy/Media/reward-welcome-loop.mp4 (in target 'Nosfy' from project 'Nosfy')
    cd /Users/kathryn/Desktop/Nosfy
    builtin-copy -exclude .DS_Store -exclude CVS -exclude .svn -exclude .git -exclude .hg -resolve-src-symlinks /Users/kathryn/Desktop/Nosfy/Nosfy/Media/reward-welcome-loop.mp4 /tmp/nosfy-cartes-dd/Build/Products/Debug-iphonesimulator/Nosfy.app

CpResource /tmp/nosfy-cartes-dd/Build/Products/Debug-iphonesimulator/Nosfy.app/reward-rare.mp4 /Users/kathryn/Desktop/Nosfy/Nosfy/Media/reward-rare.mp4 (in target 'Nosfy' from project 'Nosfy')
    cd /Users/kathryn/Desktop/Nosfy
    builtin-copy -exclude .DS_Store -exclude CVS -exclude .svn -exclude .git -exclude .hg -resolve-src-symlinks /Users/kathryn/Desktop/Nosfy/Nosfy/Media/reward-rare.mp4 /tmp/nosfy-cartes-dd/Build/Products/Debug-iphonesimulator/Nosfy.app

CpResource /tmp/nosfy-cartes-dd/Build/Products/Debug-iphonesimulator/Nosfy.app/reward-piece-5.mp4 /Users/kathryn/Desktop/Nosfy/Nosfy/Media/reward-piece-5.mp4 (in target 'Nosfy' from project 'Nosfy')
    cd /Users/kathryn/Desktop/Nosfy
    builtin-copy -exclude .DS_Store -exclude CVS -exclude .svn -exclude .git -exclude .hg -resolve-src-symlinks /Users/kathryn/Desktop/Nosfy/Nosfy/Media/reward-piece-5.mp4 /tmp/nosfy-cartes-dd/Build/Products/Debug-iphonesimulator/Nosfy.app

CpResource /tmp/nosfy-cartes-dd/Build/Products/Debug-iphonesimulator/Nosfy.app/reward-piece-4.mp4 /Users/kathryn/Desktop/Nosfy/Nosfy/Media/reward-piece-4.mp4 (in target 'Nosfy' from project 'Nosfy')
    cd /Users/kathryn/Desktop/Nosfy
    builtin-copy -exclude .DS_Store -exclude CVS -exclude .svn -exclude .git -exclude .hg -resolve-src-symlinks /Users/kathryn/Desktop/Nosfy/Nosfy/Media/reward-piece-4.mp4 /tmp/nosfy-cartes-dd/Build/Products/Debug-iphonesimulator/Nosfy.app

CreateUniversalBinary /tmp/nosfy-cartes-dd/Build/Products/Debug-iphonesimulator/Nosfy.app/__preview.dylib normal arm64\ x86_64 (in target 'Nosfy' from project 'Nosfy')
    cd /Users/kathryn/Desktop/Nosfy
    /Applications/Xcode.app/Contents/Developer/Toolchains/XcodeDefault.xctoolchain/usr/bin/lipo -create /tmp/nosfy-cartes-dd/Build/Intermediates.noindex/Nosfy.build/Debug-iphonesimulator/Nosfy.build/Objects-normal/arm64/Binary/__preview.dylib /tmp/nosfy-cartes-dd/Build/Intermediates.noindex/Nosfy.build/Debug-iphonesimulator/Nosfy.build/Objects-normal/x86_64/Binary/__preview.dylib -output /tmp/nosfy-cartes-dd/Build/Products/Debug-iphonesimulator/Nosfy.app/__preview.dylib

CpResource /tmp/nosfy-cartes-dd/Build/Products/Debug-iphonesimulator/Nosfy.app/reward-piece-3.mp4 /Users/kathryn/Desktop/Nosfy/Nosfy/Media/reward-piece-3.mp4 (in target 'Nosfy' from project 'Nosfy')
    cd /Users/kathryn/Desktop/Nosfy
    builtin-copy -exclude .DS_Store -exclude CVS -exclude .svn -exclude .git -exclude .hg -resolve-src-symlinks /Users/kathryn/Desktop/Nosfy/Nosfy/Media/reward-piece-3.mp4 /tmp/nosfy-cartes-dd/Build/Products/Debug-iphonesimulator/Nosfy.app

CpResource /tmp/nosfy-cartes-dd/Build/Products/Debug-iphonesimulator/Nosfy.app/reward-piece-2.mp4 /Users/kathryn/Desktop/Nosfy/Nosfy/Media/reward-piece-2.mp4 (in target 'Nosfy' from project 'Nosfy')
    cd /Users/kathryn/Desktop/Nosfy
    builtin-copy -exclude .DS_Store -exclude CVS -exclude .svn -exclude .git -exclude .hg -resolve-src-symlinks /Users/kathryn/Desktop/Nosfy/Nosfy/Media/reward-piece-2.mp4 /tmp/nosfy-cartes-dd/Build/Products/Debug-iphonesimulator/Nosfy.app

CpResource /tmp/nosfy-cartes-dd/Build/Products/Debug-iphonesimulator/Nosfy.app/reward-piece-1.mp4 /Users/kathryn/Desktop/Nosfy/Nosfy/Media/reward-piece-1.mp4 (in target 'Nosfy' from project 'Nosfy')
    cd /Users/kathryn/Desktop/Nosfy
    builtin-copy -exclude .DS_Store -exclude CVS -exclude .svn -exclude .git -exclude .hg -resolve-src-symlinks /Users/kathryn/Desktop/Nosfy/Nosfy/Media/reward-piece-1.mp4 /tmp/nosfy-cartes-dd/Build/Products/Debug-iphonesimulator/Nosfy.app

CpResource /tmp/nosfy-cartes-dd/Build/Products/Debug-iphonesimulator/Nosfy.app/reward-nosfy-coins.mp4 /Users/kathryn/Desktop/Nosfy/Nosfy/Media/reward-nosfy-coins.mp4 (in target 'Nosfy' from project 'Nosfy')
    cd /Users/kathryn/Desktop/Nosfy
    builtin-copy -exclude .DS_Store -exclude CVS -exclude .svn -exclude .git -exclude .hg -resolve-src-symlinks /Users/kathryn/Desktop/Nosfy/Nosfy/Media/reward-nosfy-coins.mp4 /tmp/nosfy-cartes-dd/Build/Products/Debug-iphonesimulator/Nosfy.app

CpResource /tmp/nosfy-cartes-dd/Build/Products/Debug-iphonesimulator/Nosfy.app/reward-lune.mp4 /Users/kathryn/Desktop/Nosfy/Nosfy/Media/reward-lune.mp4 (in target 'Nosfy' from project 'Nosfy')
    cd /Users/kathryn/Desktop/Nosfy
    builtin-copy -exclude .DS_Store -exclude CVS -exclude .svn -exclude .git -exclude .hg -resolve-src-symlinks /Users/kathryn/Desktop/Nosfy/Nosfy/Media/reward-lune.mp4 /tmp/nosfy-cartes-dd/Build/Products/Debug-iphonesimulator/Nosfy.app

CpResource /tmp/nosfy-cartes-dd/Build/Products/Debug-iphonesimulator/Nosfy.app/reward-fire.mp4 /Users/kathryn/Desktop/Nosfy/Nosfy/Media/reward-fire.mp4 (in target 'Nosfy' from project 'Nosfy')
    cd /Users/kathryn/Desktop/Nosfy
    builtin-copy -exclude .DS_Store -exclude CVS -exclude .svn -exclude .git -exclude .hg -resolve-src-symlinks /Users/kathryn/Desktop/Nosfy/Nosfy/Media/reward-fire.mp4 /tmp/nosfy-cartes-dd/Build/Products/Debug-iphonesimulator/Nosfy.app

CpResource /tmp/nosfy-cartes-dd/Build/Products/Debug-iphonesimulator/Nosfy.app/progress-pill-bas.mp4 /Users/kathryn/Desktop/Nosfy/Nosfy/Media/progress-pill-bas.mp4 (in target 'Nosfy' from project 'Nosfy')
    cd /Users/kathryn/Desktop/Nosfy
    builtin-copy -exclude .DS_Store -exclude CVS -exclude .svn -exclude .git -exclude .hg -resolve-src-symlinks /Users/kathryn/Desktop/Nosfy/Nosfy/Media/progress-pill-bas.mp4 /tmp/nosfy-cartes-dd/Build/Products/Debug-iphonesimulator/Nosfy.app

CpResource /tmp/nosfy-cartes-dd/Build/Products/Debug-iphonesimulator/Nosfy.app/piece-sol.mp4 /Users/kathryn/Desktop/Nosfy/Nosfy/Media/piece-sol.mp4 (in target 'Nosfy' from project 'Nosfy')
    cd /Users/kathryn/Desktop/Nosfy
    builtin-copy -exclude .DS_Store -exclude CVS -exclude .svn -exclude .git -exclude .hg -resolve-src-symlinks /Users/kathryn/Desktop/Nosfy/Nosfy/Media/piece-sol.mp4 /tmp/nosfy-cartes-dd/Build/Products/Debug-iphonesimulator/Nosfy.app

CpResource /tmp/nosfy-cartes-dd/Build/Products/Debug-iphonesimulator/Nosfy.app/piece-bravo.mp4 /Users/kathryn/Desktop/Nosfy/Nosfy/Media/piece-bravo.mp4 (in target 'Nosfy' from project 'Nosfy')
    cd /Users/kathryn/Desktop/Nosfy
    builtin-copy -exclude .DS_Store -exclude CVS -exclude .svn -exclude .git -exclude .hg -resolve-src-symlinks /Users/kathryn/Desktop/Nosfy/Nosfy/Media/piece-bravo.mp4 /tmp/nosfy-cartes-dd/Build/Products/Debug-iphonesimulator/Nosfy.app

CpResource /tmp/nosfy-cartes-dd/Build/Products/Debug-iphonesimulator/Nosfy.app/piece-bravo-loop.mp4 /Users/kathryn/Desktop/Nosfy/Nosfy/Media/piece-bravo-loop.mp4 (in target 'Nosfy' from project 'Nosfy')
    cd /Users/kathryn/Desktop/Nosfy
    builtin-copy -exclude .DS_Store -exclude CVS -exclude .svn -exclude .git -exclude .hg -resolve-src-symlinks /Users/kathryn/Desktop/Nosfy/Nosfy/Media/piece-bravo-loop.mp4 /tmp/nosfy-cartes-dd/Build/Products/Debug-iphonesimulator/Nosfy.app

CpResource /tmp/nosfy-cartes-dd/Build/Products/Debug-iphonesimulator/Nosfy.app/pause-overlay-loop.mp4 /Users/kathryn/Desktop/Nosfy/Nosfy/Media/pause-overlay-loop.mp4 (in target 'Nosfy' from project 'Nosfy')
    cd /Users/kathryn/Desktop/Nosfy
    builtin-copy -exclude .DS_Store -exclude CVS -exclude .svn -exclude .git -exclude .hg -resolve-src-symlinks /Users/kathryn/Desktop/Nosfy/Nosfy/Media/pause-overlay-loop.mp4 /tmp/nosfy-cartes-dd/Build/Products/Debug-iphonesimulator/Nosfy.app

CpResource /tmp/nosfy-cartes-dd/Build/Products/Debug-iphonesimulator/Nosfy.app/onb-track-loop.mp4 /Users/kathryn/Desktop/Nosfy/Nosfy/Media/onb-track-loop.mp4 (in target 'Nosfy' from project 'Nosfy')
    cd /Users/kathryn/Desktop/Nosfy
    builtin-copy -exclude .DS_Store -exclude CVS -exclude .svn -exclude .git -exclude .hg -resolve-src-symlinks /Users/kathryn/Desktop/Nosfy/Nosfy/Media/onb-track-loop.mp4 /tmp/nosfy-cartes-dd/Build/Products/Debug-iphonesimulator/Nosfy.app

CpResource /tmp/nosfy-cartes-dd/Build/Products/Debug-iphonesimulator/Nosfy.app/onb-lune-loop.mp4 /Users/kathryn/Desktop/Nosfy/Nosfy/Media/onb-lune-loop.mp4 (in target 'Nosfy' from project 'Nosfy')
    cd /Users/kathryn/Desktop/Nosfy
    builtin-copy -exclude .DS_Store -exclude CVS -exclude .svn -exclude .git -exclude .hg -resolve-src-symlinks /Users/kathryn/Desktop/Nosfy/Nosfy/Media/onb-lune-loop.mp4 /tmp/nosfy-cartes-dd/Build/Products/Debug-iphonesimulator/Nosfy.app

CpResource /tmp/nosfy-cartes-dd/Build/Products/Debug-iphonesimulator/Nosfy.app/onb-exos-loop.mp4 /Users/kathryn/Desktop/Nosfy/Nosfy/Media/onb-exos-loop.mp4 (in target 'Nosfy' from project 'Nosfy')
    cd /Users/kathryn/Desktop/Nosfy
    builtin-copy -exclude .DS_Store -exclude CVS -exclude .svn -exclude .git -exclude .hg -resolve-src-symlinks /Users/kathryn/Desktop/Nosfy/Nosfy/Media/onb-exos-loop.mp4 /tmp/nosfy-cartes-dd/Build/Products/Debug-iphonesimulator/Nosfy.app

CpResource /tmp/nosfy-cartes-dd/Build/Products/Debug-iphonesimulator/Nosfy.app/onb-arrivee.mp4 /Users/kathryn/Desktop/Nosfy/Nosfy/Media/onb-arrivee.mp4 (in target 'Nosfy' from project 'Nosfy')
    cd /Users/kathryn/Desktop/Nosfy
    builtin-copy -exclude .DS_Store -exclude CVS -exclude .svn -exclude .git -exclude .hg -resolve-src-symlinks /Users/kathryn/Desktop/Nosfy/Nosfy/Media/onb-arrivee.mp4 /tmp/nosfy-cartes-dd/Build/Products/Debug-iphonesimulator/Nosfy.app

CpResource /tmp/nosfy-cartes-dd/Build/Products/Debug-iphonesimulator/Nosfy.app/nosfy-nuit.mp4 /Users/kathryn/Desktop/Nosfy/Nosfy/Media/nosfy-nuit.mp4 (in target 'Nosfy' from project 'Nosfy')
    cd /Users/kathryn/Desktop/Nosfy
    builtin-copy -exclude .DS_Store -exclude CVS -exclude .svn -exclude .git -exclude .hg -resolve-src-symlinks /Users/kathryn/Desktop/Nosfy/Nosfy/Media/nosfy-nuit.mp4 /tmp/nosfy-cartes-dd/Build/Products/Debug-iphonesimulator/Nosfy.app

CpResource /tmp/nosfy-cartes-dd/Build/Products/Debug-iphonesimulator/Nosfy.app/nosfy-notif-loop.mp4 /Users/kathryn/Desktop/Nosfy/Nosfy/Media/nosfy-notif-loop.mp4 (in target 'Nosfy' from project 'Nosfy')
    cd /Users/kathryn/Desktop/Nosfy
    builtin-copy -exclude .DS_Store -exclude CVS -exclude .svn -exclude .git -exclude .hg -resolve-src-symlinks /Users/kathryn/Desktop/Nosfy/Nosfy/Media/nosfy-notif-loop.mp4 /tmp/nosfy-cartes-dd/Build/Products/Debug-iphonesimulator/Nosfy.app

CpResource /tmp/nosfy-cartes-dd/Build/Products/Debug-iphonesimulator/Nosfy.app/nosfy-end.mp4 /Users/kathryn/Desktop/Nosfy/Nosfy/Media/nosfy-end.mp4 (in target 'Nosfy' from project 'Nosfy')
    cd /Users/kathryn/Desktop/Nosfy
    builtin-copy -exclude .DS_Store -exclude CVS -exclude .svn -exclude .git -exclude .hg -resolve-src-symlinks /Users/kathryn/Desktop/Nosfy/Nosfy/Media/nosfy-end.mp4 /tmp/nosfy-cartes-dd/Build/Products/Debug-iphonesimulator/Nosfy.app

CpResource /tmp/nosfy-cartes-dd/Build/Products/Debug-iphonesimulator/Nosfy.app/nosfy-accueil-loop.mp4 /Users/kathryn/Desktop/Nosfy/Nosfy/Media/nosfy-accueil-loop.mp4 (in target 'Nosfy' from project 'Nosfy')
    cd /Users/kathryn/Desktop/Nosfy
    builtin-copy -exclude .DS_Store -exclude CVS -exclude .svn -exclude .git -exclude .hg -resolve-src-symlinks /Users/kathryn/Desktop/Nosfy/Nosfy/Media/nosfy-accueil-loop.mp4 /tmp/nosfy-cartes-dd/Build/Products/Debug-iphonesimulator/Nosfy.app

CpResource /tmp/nosfy-cartes-dd/Build/Products/Debug-iphonesimulator/Nosfy.app/molette-glass-loop.mp4 /Users/kathryn/Desktop/Nosfy/Nosfy/Media/molette-glass-loop.mp4 (in target 'Nosfy' from project 'Nosfy')
    cd /Users/kathryn/Desktop/Nosfy
    builtin-copy -exclude .DS_Store -exclude CVS -exclude .svn -exclude .git -exclude .hg -resolve-src-symlinks /Users/kathryn/Desktop/Nosfy/Nosfy/Media/molette-glass-loop.mp4 /tmp/nosfy-cartes-dd/Build/Products/Debug-iphonesimulator/Nosfy.app

CpResource /tmp/nosfy-cartes-dd/Build/Products/Debug-iphonesimulator/Nosfy.app/manege-nappe.caf /Users/kathryn/Desktop/Nosfy/Nosfy/Media/manege-nappe.caf (in target 'Nosfy' from project 'Nosfy')
    cd /Users/kathryn/Desktop/Nosfy
    builtin-copy -exclude .DS_Store -exclude CVS -exclude .svn -exclude .git -exclude .hg -resolve-src-symlinks /Users/kathryn/Desktop/Nosfy/Nosfy/Media/manege-nappe.caf /tmp/nosfy-cartes-dd/Build/Products/Debug-iphonesimulator/Nosfy.app

CpResource /tmp/nosfy-cartes-dd/Build/Products/Debug-iphonesimulator/Nosfy.app/ile-sortie.wav /Users/kathryn/Desktop/Nosfy/Nosfy/Media/ile-sortie.wav (in target 'Nosfy' from project 'Nosfy')
    cd /Users/kathryn/Desktop/Nosfy
    builtin-copy -exclude .DS_Store -exclude CVS -exclude .svn -exclude .git -exclude .hg -resolve-src-symlinks /Users/kathryn/Desktop/Nosfy/Nosfy/Media/ile-sortie.wav /tmp/nosfy-cartes-dd/Build/Products/Debug-iphonesimulator/Nosfy.app

CpResource /tmp/nosfy-cartes-dd/Build/Products/Debug-iphonesimulator/Nosfy.app/ile-entree.wav /Users/kathryn/Desktop/Nosfy/Nosfy/Media/ile-entree.wav (in target 'Nosfy' from project 'Nosfy')
    cd /Users/kathryn/Desktop/Nosfy
    builtin-copy -exclude .DS_Store -exclude CVS -exclude .svn -exclude .git -exclude .hg -resolve-src-symlinks /Users/kathryn/Desktop/Nosfy/Nosfy/Media/ile-entree.wav /tmp/nosfy-cartes-dd/Build/Products/Debug-iphonesimulator/Nosfy.app

CpResource /tmp/nosfy-cartes-dd/Build/Products/Debug-iphonesimulator/Nosfy.app/home-textes.json /Users/kathryn/Desktop/Nosfy/Nosfy/Resources/home-textes.json (in target 'Nosfy' from project 'Nosfy')
    cd /Users/kathryn/Desktop/Nosfy
    builtin-copy -exclude .DS_Store -exclude CVS -exclude .svn -exclude .git -exclude .hg -resolve-src-symlinks /Users/kathryn/Desktop/Nosfy/Nosfy/Resources/home-textes.json /tmp/nosfy-cartes-dd/Build/Products/Debug-iphonesimulator/Nosfy.app

CpResource /tmp/nosfy-cartes-dd/Build/Products/Debug-iphonesimulator/Nosfy.app/home-fond-precompose-393x709.mp4 /Users/kathryn/Desktop/Nosfy/Nosfy/Media/home-fond-precompose-393x709.mp4 (in target 'Nosfy' from project 'Nosfy')
    cd /Users/kathryn/Desktop/Nosfy
    builtin-copy -exclude .DS_Store -exclude CVS -exclude .svn -exclude .git -exclude .hg -resolve-src-symlinks /Users/kathryn/Desktop/Nosfy/Nosfy/Media/home-fond-precompose-393x709.mp4 /tmp/nosfy-cartes-dd/Build/Products/Debug-iphonesimulator/Nosfy.app

CpResource /tmp/nosfy-cartes-dd/Build/Products/Debug-iphonesimulator/Nosfy.app/home-fond-pilule.mp4 /Users/kathryn/Desktop/Nosfy/Nosfy/Media/home-fond-pilule.mp4 (in target 'Nosfy' from project 'Nosfy')
    cd /Users/kathryn/Desktop/Nosfy
    builtin-copy -exclude .DS_Store -exclude CVS -exclude .svn -exclude .git -exclude .hg -resolve-src-symlinks /Users/kathryn/Desktop/Nosfy/Nosfy/Media/home-fond-pilule.mp4 /tmp/nosfy-cartes-dd/Build/Products/Debug-iphonesimulator/Nosfy.app

CpResource /tmp/nosfy-cartes-dd/Build/Products/Debug-iphonesimulator/Nosfy.app/home-fond-loop.mp4 /Users/kathryn/Desktop/Nosfy/Nosfy/Media/home-fond-loop.mp4 (in target 'Nosfy' from project 'Nosfy')
    cd /Users/kathryn/Desktop/Nosfy
    builtin-copy -exclude .DS_Store -exclude CVS -exclude .svn -exclude .git -exclude .hg -resolve-src-symlinks /Users/kathryn/Desktop/Nosfy/Nosfy/Media/home-fond-loop.mp4 /tmp/nosfy-cartes-dd/Build/Products/Debug-iphonesimulator/Nosfy.app

CpResource /tmp/nosfy-cartes-dd/Build/Products/Debug-iphonesimulator/Nosfy.app/home-fond-flamme.mp4 /Users/kathryn/Desktop/Nosfy/Nosfy/Media/home-fond-flamme.mp4 (in target 'Nosfy' from project 'Nosfy')
    cd /Users/kathryn/Desktop/Nosfy
    builtin-copy -exclude .DS_Store -exclude CVS -exclude .svn -exclude .git -exclude .hg -resolve-src-symlinks /Users/kathryn/Desktop/Nosfy/Nosfy/Media/home-fond-flamme.mp4 /tmp/nosfy-cartes-dd/Build/Products/Debug-iphonesimulator/Nosfy.app

CpResource /tmp/nosfy-cartes-dd/Build/Products/Debug-iphonesimulator/Nosfy.app/fond-matrice-loop.mp4 /Users/kathryn/Desktop/Nosfy/Nosfy/Media/fond-matrice-loop.mp4 (in target 'Nosfy' from project 'Nosfy')
    cd /Users/kathryn/Desktop/Nosfy
    builtin-copy -exclude .DS_Store -exclude CVS -exclude .svn -exclude .git -exclude .hg -resolve-src-symlinks /Users/kathryn/Desktop/Nosfy/Nosfy/Media/fond-matrice-loop.mp4 /tmp/nosfy-cartes-dd/Build/Products/Debug-iphonesimulator/Nosfy.app

CpResource /tmp/nosfy-cartes-dd/Build/Products/Debug-iphonesimulator/Nosfy.app/flamme_overlay.mp4 /Users/kathryn/Desktop/Nosfy/Nosfy/Media/flamme_overlay.mp4 (in target 'Nosfy' from project 'Nosfy')
    cd /Users/kathryn/Desktop/Nosfy
    builtin-copy -exclude .DS_Store -exclude CVS -exclude .svn -exclude .git -exclude .hg -resolve-src-symlinks /Users/kathryn/Desktop/Nosfy/Nosfy/Media/flamme_overlay.mp4 /tmp/nosfy-cartes-dd/Build/Products/Debug-iphonesimulator/Nosfy.app

CpResource /tmp/nosfy-cartes-dd/Build/Products/Debug-iphonesimulator/Nosfy.app/feerie-carillon.caf /Users/kathryn/Desktop/Nosfy/Nosfy/Media/feerie-carillon.caf (in target 'Nosfy' from project 'Nosfy')
    cd /Users/kathryn/Desktop/Nosfy
    builtin-copy -exclude .DS_Store -exclude CVS -exclude .svn -exclude .git -exclude .hg -resolve-src-symlinks /Users/kathryn/Desktop/Nosfy/Nosfy/Media/feerie-carillon.caf /tmp/nosfy-cartes-dd/Build/Products/Debug-iphonesimulator/Nosfy.app

CpResource /tmp/nosfy-cartes-dd/Build/Products/Debug-iphonesimulator/Nosfy.app/exos-fond-loop.mp4 /Users/kathryn/Desktop/Nosfy/Nosfy/Media/exos-fond-loop.mp4 (in target 'Nosfy' from project 'Nosfy')
    cd /Users/kathryn/Desktop/Nosfy
    builtin-copy -exclude .DS_Store -exclude CVS -exclude .svn -exclude .git -exclude .hg -resolve-src-symlinks /Users/kathryn/Desktop/Nosfy/Nosfy/Media/exos-fond-loop.mp4 /tmp/nosfy-cartes-dd/Build/Products/Debug-iphonesimulator/Nosfy.app

CpResource /tmp/nosfy-cartes-dd/Build/Products/Debug-iphonesimulator/Nosfy.app/duo-nosfy-reward.mp4 /Users/kathryn/Desktop/Nosfy/Nosfy/Media/duo-nosfy-reward.mp4 (in target 'Nosfy' from project 'Nosfy')
    cd /Users/kathryn/Desktop/Nosfy
    builtin-copy -exclude .DS_Store -exclude CVS -exclude .svn -exclude .git -exclude .hg -resolve-src-symlinks /Users/kathryn/Desktop/Nosfy/Nosfy/Media/duo-nosfy-reward.mp4 /tmp/nosfy-cartes-dd/Build/Products/Debug-iphonesimulator/Nosfy.app

CpResource /tmp/nosfy-cartes-dd/Build/Products/Debug-iphonesimulator/Nosfy.app/duo-galet-rougebleu.mp4 /Users/kathryn/Desktop/Nosfy/Nosfy/Media/duo-galet-rougebleu.mp4 (in target 'Nosfy' from project 'Nosfy')
    cd /Users/kathryn/Desktop/Nosfy
    builtin-copy -exclude .DS_Store -exclude CVS -exclude .svn -exclude .git -exclude .hg -resolve-src-symlinks /Users/kathryn/Desktop/Nosfy/Nosfy/Media/duo-galet-rougebleu.mp4 /tmp/nosfy-cartes-dd/Build/Products/Debug-iphonesimulator/Nosfy.app

CpResource /tmp/nosfy-cartes-dd/Build/Products/Debug-iphonesimulator/Nosfy.app/duo-galet-rouge.mp4 /Users/kathryn/Desktop/Nosfy/Nosfy/Media/duo-galet-rouge.mp4 (in target 'Nosfy' from project 'Nosfy')
    cd /Users/kathryn/Desktop/Nosfy
    builtin-copy -exclude .DS_Store -exclude CVS -exclude .svn -exclude .git -exclude .hg -resolve-src-symlinks /Users/kathryn/Desktop/Nosfy/Nosfy/Media/duo-galet-rouge.mp4 /tmp/nosfy-cartes-dd/Build/Products/Debug-iphonesimulator/Nosfy.app

CpResource /tmp/nosfy-cartes-dd/Build/Products/Debug-iphonesimulator/Nosfy.app/duo-galet-noir.mp4 /Users/kathryn/Desktop/Nosfy/Nosfy/Media/duo-galet-noir.mp4 (in target 'Nosfy' from project 'Nosfy')
    cd /Users/kathryn/Desktop/Nosfy
    builtin-copy -exclude .DS_Store -exclude CVS -exclude .svn -exclude .git -exclude .hg -resolve-src-symlinks /Users/kathryn/Desktop/Nosfy/Nosfy/Media/duo-galet-noir.mp4 /tmp/nosfy-cartes-dd/Build/Products/Debug-iphonesimulator/Nosfy.app

CpResource /tmp/nosfy-cartes-dd/Build/Products/Debug-iphonesimulator/Nosfy.app/duo-flamme-bleue.mp4 /Users/kathryn/Desktop/Nosfy/Nosfy/Media/duo-flamme-bleue.mp4 (in target 'Nosfy' from project 'Nosfy')
    cd /Users/kathryn/Desktop/Nosfy
    builtin-copy -exclude .DS_Store -exclude CVS -exclude .svn -exclude .git -exclude .hg -resolve-src-symlinks /Users/kathryn/Desktop/Nosfy/Nosfy/Media/duo-flamme-bleue.mp4 /tmp/nosfy-cartes-dd/Build/Products/Debug-iphonesimulator/Nosfy.app

CpResource /tmp/nosfy-cartes-dd/Build/Products/Debug-iphonesimulator/Nosfy.app/duo-feu-rouge.mp4 /Users/kathryn/Desktop/Nosfy/Nosfy/Media/duo-feu-rouge.mp4 (in target 'Nosfy' from project 'Nosfy')
    cd /Users/kathryn/Desktop/Nosfy
    builtin-copy -exclude .DS_Store -exclude CVS -exclude .svn -exclude .git -exclude .hg -resolve-src-symlinks /Users/kathryn/Desktop/Nosfy/Nosfy/Media/duo-feu-rouge.mp4 /tmp/nosfy-cartes-dd/Build/Products/Debug-iphonesimulator/Nosfy.app

CpResource /tmp/nosfy-cartes-dd/Build/Products/Debug-iphonesimulator/Nosfy.app/duo-feu-blanc.mp4 /Users/kathryn/Desktop/Nosfy/Nosfy/Media/duo-feu-blanc.mp4 (in target 'Nosfy' from project 'Nosfy')
    cd /Users/kathryn/Desktop/Nosfy
    builtin-copy -exclude .DS_Store -exclude CVS -exclude .svn -exclude .git -exclude .hg -resolve-src-symlinks /Users/kathryn/Desktop/Nosfy/Nosfy/Media/duo-feu-blanc.mp4 /tmp/nosfy-cartes-dd/Build/Products/Debug-iphonesimulator/Nosfy.app

CpResource /tmp/nosfy-cartes-dd/Build/Products/Debug-iphonesimulator/Nosfy.app/dechirure-lente.caf /Users/kathryn/Desktop/Nosfy/Nosfy/Media/dechirure-lente.caf (in target 'Nosfy' from project 'Nosfy')
    cd /Users/kathryn/Desktop/Nosfy
    builtin-copy -exclude .DS_Store -exclude CVS -exclude .svn -exclude .git -exclude .hg -resolve-src-symlinks /Users/kathryn/Desktop/Nosfy/Nosfy/Media/dechirure-lente.caf /tmp/nosfy-cartes-dd/Build/Products/Debug-iphonesimulator/Nosfy.app

CpResource /tmp/nosfy-cartes-dd/Build/Products/Debug-iphonesimulator/Nosfy.app/dechirure-franche.caf /Users/kathryn/Desktop/Nosfy/Nosfy/Media/dechirure-franche.caf (in target 'Nosfy' from project 'Nosfy')
    cd /Users/kathryn/Desktop/Nosfy
    builtin-copy -exclude .DS_Store -exclude CVS -exclude .svn -exclude .git -exclude .hg -resolve-src-symlinks /Users/kathryn/Desktop/Nosfy/Nosfy/Media/dechirure-franche.caf /tmp/nosfy-cartes-dd/Build/Products/Debug-iphonesimulator/Nosfy.app

CpResource /tmp/nosfy-cartes-dd/Build/Products/Debug-iphonesimulator/Nosfy.app/dechirure-finale.caf /Users/kathryn/Desktop/Nosfy/Nosfy/Media/dechirure-finale.caf (in target 'Nosfy' from project 'Nosfy')
    cd /Users/kathryn/Desktop/Nosfy
    builtin-copy -exclude .DS_Store -exclude CVS -exclude .svn -exclude .git -exclude .hg -resolve-src-symlinks /Users/kathryn/Desktop/Nosfy/Nosfy/Media/dechirure-finale.caf /tmp/nosfy-cartes-dd/Build/Products/Debug-iphonesimulator/Nosfy.app

CpResource /tmp/nosfy-cartes-dd/Build/Products/Debug-iphonesimulator/Nosfy.app/count.mp4 /Users/kathryn/Desktop/Nosfy/Nosfy/Media/count.mp4 (in target 'Nosfy' from project 'Nosfy')
    cd /Users/kathryn/Desktop/Nosfy
    builtin-copy -exclude .DS_Store -exclude CVS -exclude .svn -exclude .git -exclude .hg -resolve-src-symlinks /Users/kathryn/Desktop/Nosfy/Nosfy/Media/count.mp4 /tmp/nosfy-cartes-dd/Build/Products/Debug-iphonesimulator/Nosfy.app

CpResource /tmp/nosfy-cartes-dd/Build/Products/Debug-iphonesimulator/Nosfy.app/coffre-spot-loop.mp4 /Users/kathryn/Desktop/Nosfy/Nosfy/Media/coffre-spot-loop.mp4 (in target 'Nosfy' from project 'Nosfy')
    cd /Users/kathryn/Desktop/Nosfy
    builtin-copy -exclude .DS_Store -exclude CVS -exclude .svn -exclude .git -exclude .hg -resolve-src-symlinks /Users/kathryn/Desktop/Nosfy/Nosfy/Media/coffre-spot-loop.mp4 /tmp/nosfy-cartes-dd/Build/Products/Debug-iphonesimulator/Nosfy.app

CpResource /tmp/nosfy-cartes-dd/Build/Products/Debug-iphonesimulator/Nosfy.app/coffre-salut.mp4 /Users/kathryn/Desktop/Nosfy/Nosfy/Media/coffre-salut.mp4 (in target 'Nosfy' from project 'Nosfy')
    cd /Users/kathryn/Desktop/Nosfy
    builtin-copy -exclude .DS_Store -exclude CVS -exclude .svn -exclude .git -exclude .hg -resolve-src-symlinks /Users/kathryn/Desktop/Nosfy/Nosfy/Media/coffre-salut.mp4 /tmp/nosfy-cartes-dd/Build/Products/Debug-iphonesimulator/Nosfy.app

CpResource /tmp/nosfy-cartes-dd/Build/Products/Debug-iphonesimulator/Nosfy.app/coffre-salle-loop.mp4 /Users/kathryn/Desktop/Nosfy/Nosfy/Media/coffre-salle-loop.mp4 (in target 'Nosfy' from project 'Nosfy')
    cd /Users/kathryn/Desktop/Nosfy
    builtin-copy -exclude .DS_Store -exclude CVS -exclude .svn -exclude .git -exclude .hg -resolve-src-symlinks /Users/kathryn/Desktop/Nosfy/Nosfy/Media/coffre-salle-loop.mp4 /tmp/nosfy-cartes-dd/Build/Products/Debug-iphonesimulator/Nosfy.app

CpResource /tmp/nosfy-cartes-dd/Build/Products/Debug-iphonesimulator/Nosfy.app/coffre-arrivee.mp4 /Users/kathryn/Desktop/Nosfy/Nosfy/Media/coffre-arrivee.mp4 (in target 'Nosfy' from project 'Nosfy')
    cd /Users/kathryn/Desktop/Nosfy
    builtin-copy -exclude .DS_Store -exclude CVS -exclude .svn -exclude .git -exclude .hg -resolve-src-symlinks /Users/kathryn/Desktop/Nosfy/Nosfy/Media/coffre-arrivee.mp4 /tmp/nosfy-cartes-dd/Build/Products/Debug-iphonesimulator/Nosfy.app

CpResource /tmp/nosfy-cartes-dd/Build/Products/Debug-iphonesimulator/Nosfy.app/coffre-beau.mp4 /Users/kathryn/Desktop/Nosfy/Nosfy/Media/coffre-beau.mp4 (in target 'Nosfy' from project 'Nosfy')
    cd /Users/kathryn/Desktop/Nosfy
    builtin-copy -exclude .DS_Store -exclude CVS -exclude .svn -exclude .git -exclude .hg -resolve-src-symlinks /Users/kathryn/Desktop/Nosfy/Nosfy/Media/coffre-beau.mp4 /tmp/nosfy-cartes-dd/Build/Products/Debug-iphonesimulator/Nosfy.app

CpResource /tmp/nosfy-cartes-dd/Build/Products/Debug-iphonesimulator/Nosfy.app/braise-veille.caf /Users/kathryn/Desktop/Nosfy/Nosfy/Media/braise-veille.caf (in target 'Nosfy' from project 'Nosfy')
    cd /Users/kathryn/Desktop/Nosfy
    builtin-copy -exclude .DS_Store -exclude CVS -exclude .svn -exclude .git -exclude .hg -resolve-src-symlinks /Users/kathryn/Desktop/Nosfy/Nosfy/Media/braise-veille.caf /tmp/nosfy-cartes-dd/Build/Products/Debug-iphonesimulator/Nosfy.app

CpResource /tmp/nosfy-cartes-dd/Build/Products/Debug-iphonesimulator/Nosfy.app/booster.bin /Users/kathryn/Desktop/Nosfy/Nosfy/Media/booster.bin (in target 'Nosfy' from project 'Nosfy')
    cd /Users/kathryn/Desktop/Nosfy
    builtin-copy -exclude .DS_Store -exclude CVS -exclude .svn -exclude .git -exclude .hg -resolve-src-symlinks /Users/kathryn/Desktop/Nosfy/Nosfy/Media/booster.bin /tmp/nosfy-cartes-dd/Build/Products/Debug-iphonesimulator/Nosfy.app

CpResource /tmp/nosfy-cartes-dd/Build/Products/Debug-iphonesimulator/Nosfy.app/booster-loop.mp4 /Users/kathryn/Desktop/Nosfy/Nosfy/Media/booster-loop.mp4 (in target 'Nosfy' from project 'Nosfy')
    cd /Users/kathryn/Desktop/Nosfy
    builtin-copy -exclude .DS_Store -exclude CVS -exclude .svn -exclude .git -exclude .hg -resolve-src-symlinks /Users/kathryn/Desktop/Nosfy/Nosfy/Media/booster-loop.mp4 /tmp/nosfy-cartes-dd/Build/Products/Debug-iphonesimulator/Nosfy.app

CpResource /tmp/nosfy-cartes-dd/Build/Products/Debug-iphonesimulator/Nosfy.app/booster-loop-noir.mp4 /Users/kathryn/Desktop/Nosfy/Nosfy/Media/booster-loop-noir.mp4 (in target 'Nosfy' from project 'Nosfy')
    cd /Users/kathryn/Desktop/Nosfy
    builtin-copy -exclude .DS_Store -exclude CVS -exclude .svn -exclude .git -exclude .hg -resolve-src-symlinks /Users/kathryn/Desktop/Nosfy/Nosfy/Media/booster-loop-noir.mp4 /tmp/nosfy-cartes-dd/Build/Products/Debug-iphonesimulator/Nosfy.app

CpResource /tmp/nosfy-cartes-dd/Build/Products/Debug-iphonesimulator/Nosfy.app/booster-dot-loop.mp4 /Users/kathryn/Desktop/Nosfy/Nosfy/Media/booster-dot-loop.mp4 (in target 'Nosfy' from project 'Nosfy')
    cd /Users/kathryn/Desktop/Nosfy
    builtin-copy -exclude .DS_Store -exclude CVS -exclude .svn -exclude .git -exclude .hg -resolve-src-symlinks /Users/kathryn/Desktop/Nosfy/Nosfy/Media/booster-dot-loop.mp4 /tmp/nosfy-cartes-dd/Build/Products/Debug-iphonesimulator/Nosfy.app

CpResource /tmp/nosfy-cartes-dd/Build/Products/Debug-iphonesimulator/Nosfy.app/background-calendar-loop.mp4 /Users/kathryn/Desktop/Nosfy/Nosfy/Media/background-calendar-loop.mp4 (in target 'Nosfy' from project 'Nosfy')
    cd /Users/kathryn/Desktop/Nosfy
    builtin-copy -exclude .DS_Store -exclude CVS -exclude .svn -exclude .git -exclude .hg -resolve-src-symlinks /Users/kathryn/Desktop/Nosfy/Nosfy/Media/background-calendar-loop.mp4 /tmp/nosfy-cartes-dd/Build/Products/Debug-iphonesimulator/Nosfy.app

CpResource /tmp/nosfy-cartes-dd/Build/Products/Debug-iphonesimulator/Nosfy.app/PoussiereLune.wav /Users/kathryn/Desktop/Nosfy/Nosfy/Media/PoussiereLune.wav (in target 'Nosfy' from project 'Nosfy')
    cd /Users/kathryn/Desktop/Nosfy
    builtin-copy -exclude .DS_Store -exclude CVS -exclude .svn -exclude .git -exclude .hg -resolve-src-symlinks /Users/kathryn/Desktop/Nosfy/Nosfy/Media/PoussiereLune.wav /tmp/nosfy-cartes-dd/Build/Products/Debug-iphonesimulator/Nosfy.app

CpResource /tmp/nosfy-cartes-dd/Build/Products/Debug-iphonesimulator/Nosfy.app/Paillette.wav /Users/kathryn/Desktop/Nosfy/Nosfy/Sounds/Paillette.wav (in target 'Nosfy' from project 'Nosfy')
    cd /Users/kathryn/Desktop/Nosfy
    builtin-copy -exclude .DS_Store -exclude CVS -exclude .svn -exclude .git -exclude .hg -resolve-src-symlinks /Users/kathryn/Desktop/Nosfy/Nosfy/Sounds/Paillette.wav /tmp/nosfy-cartes-dd/Build/Products/Debug-iphonesimulator/Nosfy.app

CpResource /tmp/nosfy-cartes-dd/Build/Products/Debug-iphonesimulator/Nosfy.app/NosfyTheme.m4a /Users/kathryn/Desktop/Nosfy/Nosfy/Sounds/NosfyTheme.m4a (in target 'Nosfy' from project 'Nosfy')
    cd /Users/kathryn/Desktop/Nosfy
    builtin-copy -exclude .DS_Store -exclude CVS -exclude .svn -exclude .git -exclude .hg -resolve-src-symlinks /Users/kathryn/Desktop/Nosfy/Nosfy/Sounds/NosfyTheme.m4a /tmp/nosfy-cartes-dd/Build/Products/Debug-iphonesimulator/Nosfy.app

CpResource /tmp/nosfy-cartes-dd/Build/Products/Debug-iphonesimulator/Nosfy.app/NosfyTap.wav /Users/kathryn/Desktop/Nosfy/Nosfy/Sounds/NosfyTap.wav (in target 'Nosfy' from project 'Nosfy')
    cd /Users/kathryn/Desktop/Nosfy
    builtin-copy -exclude .DS_Store -exclude CVS -exclude .svn -exclude .git -exclude .hg -resolve-src-symlinks /Users/kathryn/Desktop/Nosfy/Nosfy/Sounds/NosfyTap.wav /tmp/nosfy-cartes-dd/Build/Products/Debug-iphonesimulator/Nosfy.app

CpResource /tmp/nosfy-cartes-dd/Build/Products/Debug-iphonesimulator/Nosfy.app/NosfyPaillette.wav /Users/kathryn/Desktop/Nosfy/Nosfy/Sounds/NosfyPaillette.wav (in target 'Nosfy' from project 'Nosfy')
    cd /Users/kathryn/Desktop/Nosfy
    builtin-copy -exclude .DS_Store -exclude CVS -exclude .svn -exclude .git -exclude .hg -resolve-src-symlinks /Users/kathryn/Desktop/Nosfy/Nosfy/Sounds/NosfyPaillette.wav /tmp/nosfy-cartes-dd/Build/Products/Debug-iphonesimulator/Nosfy.app

CpResource /tmp/nosfy-cartes-dd/Build/Products/Debug-iphonesimulator/Nosfy.app/NosfyFin.m4a /Users/kathryn/Desktop/Nosfy/Nosfy/Sounds/NosfyFin.m4a (in target 'Nosfy' from project 'Nosfy')
    cd /Users/kathryn/Desktop/Nosfy
    builtin-copy -exclude .DS_Store -exclude CVS -exclude .svn -exclude .git -exclude .hg -resolve-src-symlinks /Users/kathryn/Desktop/Nosfy/Nosfy/Sounds/NosfyFin.m4a /tmp/nosfy-cartes-dd/Build/Products/Debug-iphonesimulator/Nosfy.app

CpResource /tmp/nosfy-cartes-dd/Build/Products/Debug-iphonesimulator/Nosfy.app/NeonIgnite.wav /Users/kathryn/Desktop/Nosfy/Nosfy/Sounds/NeonIgnite.wav (in target 'Nosfy' from project 'Nosfy')
    cd /Users/kathryn/Desktop/Nosfy
    builtin-copy -exclude .DS_Store -exclude CVS -exclude .svn -exclude .git -exclude .hg -resolve-src-symlinks /Users/kathryn/Desktop/Nosfy/Nosfy/Sounds/NeonIgnite.wav /tmp/nosfy-cartes-dd/Build/Products/Debug-iphonesimulator/Nosfy.app

CpResource /tmp/nosfy-cartes-dd/Build/Products/Debug-iphonesimulator/Nosfy.app/MoonSplashTheme.m4a /Users/kathryn/Desktop/Nosfy/Nosfy/Sounds/MoonSplashTheme.m4a (in target 'Nosfy' from project 'Nosfy')
    cd /Users/kathryn/Desktop/Nosfy
    builtin-copy -exclude .DS_Store -exclude CVS -exclude .svn -exclude .git -exclude .hg -resolve-src-symlinks /Users/kathryn/Desktop/Nosfy/Nosfy/Sounds/MoonSplashTheme.m4a /tmp/nosfy-cartes-dd/Build/Products/Debug-iphonesimulator/Nosfy.app

CpResource /tmp/nosfy-cartes-dd/Build/Products/Debug-iphonesimulator/Nosfy.app/MoonSDF.bin /Users/kathryn/Desktop/Nosfy/Nosfy/MoonSDF.bin (in target 'Nosfy' from project 'Nosfy')
    cd /Users/kathryn/Desktop/Nosfy
    builtin-copy -exclude .DS_Store -exclude CVS -exclude .svn -exclude .git -exclude .hg -resolve-src-symlinks /Users/kathryn/Desktop/Nosfy/Nosfy/MoonSDF.bin /tmp/nosfy-cartes-dd/Build/Products/Debug-iphonesimulator/Nosfy.app

CpResource /tmp/nosfy-cartes-dd/Build/Products/Debug-iphonesimulator/Nosfy.app/MoonGraze.wav /Users/kathryn/Desktop/Nosfy/Nosfy/Sounds/MoonGraze.wav (in target 'Nosfy' from project 'Nosfy')
    cd /Users/kathryn/Desktop/Nosfy
    builtin-copy -exclude .DS_Store -exclude CVS -exclude .svn -exclude .git -exclude .hg -resolve-src-symlinks /Users/kathryn/Desktop/Nosfy/Nosfy/Sounds/MoonGraze.wav /tmp/nosfy-cartes-dd/Build/Products/Debug-iphonesimulator/Nosfy.app

CpResource /tmp/nosfy-cartes-dd/Build/Products/Debug-iphonesimulator/Nosfy.app/MoonGlide.wav /Users/kathryn/Desktop/Nosfy/Nosfy/Sounds/MoonGlide.wav (in target 'Nosfy' from project 'Nosfy')
    cd /Users/kathryn/Desktop/Nosfy
    builtin-copy -exclude .DS_Store -exclude CVS -exclude .svn -exclude .git -exclude .hg -resolve-src-symlinks /Users/kathryn/Desktop/Nosfy/Nosfy/Sounds/MoonGlide.wav /tmp/nosfy-cartes-dd/Build/Products/Debug-iphonesimulator/Nosfy.app

CpResource /tmp/nosfy-cartes-dd/Build/Products/Debug-iphonesimulator/Nosfy.app/LuneSangTheme.m4a /Users/kathryn/Desktop/Nosfy/Nosfy/Sounds/LuneSangTheme.m4a (in target 'Nosfy' from project 'Nosfy')
    cd /Users/kathryn/Desktop/Nosfy
    builtin-copy -exclude .DS_Store -exclude CVS -exclude .svn -exclude .git -exclude .hg -resolve-src-symlinks /Users/kathryn/Desktop/Nosfy/Nosfy/Sounds/LuneSangTheme.m4a /tmp/nosfy-cartes-dd/Build/Products/Debug-iphonesimulator/Nosfy.app

CpResource /tmp/nosfy-cartes-dd/Build/Products/Debug-iphonesimulator/Nosfy.app/LensTheme.m4a /Users/kathryn/Desktop/Nosfy/Nosfy/Sounds/LensTheme.m4a (in target 'Nosfy' from project 'Nosfy')
    cd /Users/kathryn/Desktop/Nosfy
    builtin-copy -exclude .DS_Store -exclude CVS -exclude .svn -exclude .git -exclude .hg -resolve-src-symlinks /Users/kathryn/Desktop/Nosfy/Nosfy/Sounds/LensTheme.m4a /tmp/nosfy-cartes-dd/Build/Products/Debug-iphonesimulator/Nosfy.app

CpResource /tmp/nosfy-cartes-dd/Build/Products/Debug-iphonesimulator/Nosfy.app/Inter-SemiBold.otf /Users/kathryn/Desktop/Nosfy/Nosfy/Fonts/Inter-SemiBold.otf (in target 'Nosfy' from project 'Nosfy')
    cd /Users/kathryn/Desktop/Nosfy
    builtin-copy -exclude .DS_Store -exclude CVS -exclude .svn -exclude .git -exclude .hg -resolve-src-symlinks /Users/kathryn/Desktop/Nosfy/Nosfy/Fonts/Inter-SemiBold.otf /tmp/nosfy-cartes-dd/Build/Products/Debug-iphonesimulator/Nosfy.app

CpResource /tmp/nosfy-cartes-dd/Build/Products/Debug-iphonesimulator/Nosfy.app/Inter-Regular.otf /Users/kathryn/Desktop/Nosfy/Nosfy/Fonts/Inter-Regular.otf (in target 'Nosfy' from project 'Nosfy')
    cd /Users/kathryn/Desktop/Nosfy
    builtin-copy -exclude .DS_Store -exclude CVS -exclude .svn -exclude .git -exclude .hg -resolve-src-symlinks /Users/kathryn/Desktop/Nosfy/Nosfy/Fonts/Inter-Regular.otf /tmp/nosfy-cartes-dd/Build/Products/Debug-iphonesimulator/Nosfy.app

CpResource /tmp/nosfy-cartes-dd/Build/Products/Debug-iphonesimulator/Nosfy.app/Inter-Medium.otf /Users/kathryn/Desktop/Nosfy/Nosfy/Fonts/Inter-Medium.otf (in target 'Nosfy' from project 'Nosfy')
    cd /Users/kathryn/Desktop/Nosfy
    builtin-copy -exclude .DS_Store -exclude CVS -exclude .svn -exclude .git -exclude .hg -resolve-src-symlinks /Users/kathryn/Desktop/Nosfy/Nosfy/Fonts/Inter-Medium.otf /tmp/nosfy-cartes-dd/Build/Products/Debug-iphonesimulator/Nosfy.app

CpResource /tmp/nosfy-cartes-dd/Build/Products/Debug-iphonesimulator/Nosfy.app/Inter-Light.otf /Users/kathryn/Desktop/Nosfy/Nosfy/Fonts/Inter-Light.otf (in target 'Nosfy' from project 'Nosfy')
    cd /Users/kathryn/Desktop/Nosfy
    builtin-copy -exclude .DS_Store -exclude CVS -exclude .svn -exclude .git -exclude .hg -resolve-src-symlinks /Users/kathryn/Desktop/Nosfy/Nosfy/Fonts/Inter-Light.otf /tmp/nosfy-cartes-dd/Build/Products/Debug-iphonesimulator/Nosfy.app

CpResource /tmp/nosfy-cartes-dd/Build/Products/Debug-iphonesimulator/Nosfy.app/Inter-Bold.otf /Users/kathryn/Desktop/Nosfy/Nosfy/Fonts/Inter-Bold.otf (in target 'Nosfy' from project 'Nosfy')
    cd /Users/kathryn/Desktop/Nosfy
    builtin-copy -exclude .DS_Store -exclude CVS -exclude .svn -exclude .git -exclude .hg -resolve-src-symlinks /Users/kathryn/Desktop/Nosfy/Nosfy/Fonts/Inter-Bold.otf /tmp/nosfy-cartes-dd/Build/Products/Debug-iphonesimulator/Nosfy.app

CpResource /tmp/nosfy-cartes-dd/Build/Products/Debug-iphonesimulator/Nosfy.app/DialTock.wav /Users/kathryn/Desktop/Nosfy/Nosfy/Sounds/DialTock.wav (in target 'Nosfy' from project 'Nosfy')
    cd /Users/kathryn/Desktop/Nosfy
    builtin-copy -exclude .DS_Store -exclude CVS -exclude .svn -exclude .git -exclude .hg -resolve-src-symlinks /Users/kathryn/Desktop/Nosfy/Nosfy/Sounds/DialTock.wav /tmp/nosfy-cartes-dd/Build/Products/Debug-iphonesimulator/Nosfy.app

CpResource /tmp/nosfy-cartes-dd/Build/Products/Debug-iphonesimulator/Nosfy.app/DialTick.wav /Users/kathryn/Desktop/Nosfy/Nosfy/Sounds/DialTick.wav (in target 'Nosfy' from project 'Nosfy')
    cd /Users/kathryn/Desktop/Nosfy
    builtin-copy -exclude .DS_Store -exclude CVS -exclude .svn -exclude .git -exclude .hg -resolve-src-symlinks /Users/kathryn/Desktop/Nosfy/Nosfy/Sounds/DialTick.wav /tmp/nosfy-cartes-dd/Build/Products/Debug-iphonesimulator/Nosfy.app

CpResource /tmp/nosfy-cartes-dd/Build/Products/Debug-iphonesimulator/Nosfy.app/DialTap.wav /Users/kathryn/Desktop/Nosfy/Nosfy/Sounds/DialTap.wav (in target 'Nosfy' from project 'Nosfy')
    cd /Users/kathryn/Desktop/Nosfy
    builtin-copy -exclude .DS_Store -exclude CVS -exclude .svn -exclude .git -exclude .hg -resolve-src-symlinks /Users/kathryn/Desktop/Nosfy/Nosfy/Sounds/DialTap.wav /tmp/nosfy-cartes-dd/Build/Products/Debug-iphonesimulator/Nosfy.app

CpResource /tmp/nosfy-cartes-dd/Build/Products/Debug-iphonesimulator/Nosfy.app/CoinChink.wav /Users/kathryn/Desktop/Nosfy/Nosfy/Media/CoinChink.wav (in target 'Nosfy' from project 'Nosfy')
    cd /Users/kathryn/Desktop/Nosfy
    builtin-copy -exclude .DS_Store -exclude CVS -exclude .svn -exclude .git -exclude .hg -resolve-src-symlinks /Users/kathryn/Desktop/Nosfy/Nosfy/Media/CoinChink.wav /tmp/nosfy-cartes-dd/Build/Products/Debug-iphonesimulator/Nosfy.app

CpResource /tmp/nosfy-cartes-dd/Build/Products/Debug-iphonesimulator/Nosfy.app/BoosterLeve.wav /Users/kathryn/Desktop/Nosfy/Nosfy/Media/BoosterLeve.wav (in target 'Nosfy' from project 'Nosfy')
    cd /Users/kathryn/Desktop/Nosfy
    builtin-copy -exclude .DS_Store -exclude CVS -exclude .svn -exclude .git -exclude .hg -resolve-src-symlinks /Users/kathryn/Desktop/Nosfy/Nosfy/Media/BoosterLeve.wav /tmp/nosfy-cartes-dd/Build/Products/Debug-iphonesimulator/Nosfy.app

CpResource /tmp/nosfy-cartes-dd/Build/Products/Debug-iphonesimulator/Nosfy.app/AuroraSwipe.wav /Users/kathryn/Desktop/Nosfy/Nosfy/Sounds/AuroraSwipe.wav (in target 'Nosfy' from project 'Nosfy')
    cd /Users/kathryn/Desktop/Nosfy
    builtin-copy -exclude .DS_Store -exclude CVS -exclude .svn -exclude .git -exclude .hg -resolve-src-symlinks /Users/kathryn/Desktop/Nosfy/Nosfy/Sounds/AuroraSwipe.wav /tmp/nosfy-cartes-dd/Build/Products/Debug-iphonesimulator/Nosfy.app

CpResource /tmp/nosfy-cartes-dd/Build/Products/Debug-iphonesimulator/Nosfy.app/AuroraSparkle.wav /Users/kathryn/Desktop/Nosfy/Nosfy/Sounds/AuroraSparkle.wav (in target 'Nosfy' from project 'Nosfy')
    cd /Users/kathryn/Desktop/Nosfy
    builtin-copy -exclude .DS_Store -exclude CVS -exclude .svn -exclude .git -exclude .hg -resolve-src-symlinks /Users/kathryn/Desktop/Nosfy/Nosfy/Sounds/AuroraSparkle.wav /tmp/nosfy-cartes-dd/Build/Products/Debug-iphonesimulator/Nosfy.app

CpResource /tmp/nosfy-cartes-dd/Build/Products/Debug-iphonesimulator/Nosfy.app/AuroraBreath.wav /Users/kathryn/Desktop/Nosfy/Nosfy/Sounds/AuroraBreath.wav (in target 'Nosfy' from project 'Nosfy')
    cd /Users/kathryn/Desktop/Nosfy
    builtin-copy -exclude .DS_Store -exclude CVS -exclude .svn -exclude .git -exclude .hg -resolve-src-symlinks /Users/kathryn/Desktop/Nosfy/Nosfy/Sounds/AuroraBreath.wav /tmp/nosfy-cartes-dd/Build/Products/Debug-iphonesimulator/Nosfy.app

CopyPNGFile /tmp/nosfy-cartes-dd/Build/Products/Debug-iphonesimulator/Nosfy.app/coffre-spot.png /Users/kathryn/Desktop/Nosfy/Nosfy/Media/coffre-spot.png (in target 'Nosfy' from project 'Nosfy')
    cd /Users/kathryn/Desktop/Nosfy
    /Applications/Xcode.app/Contents/Developer/usr/bin/copypng -compress -strip-PNG-text /Users/kathryn/Desktop/Nosfy/Nosfy/Media/coffre-spot.png /tmp/nosfy-cartes-dd/Build/Products/Debug-iphonesimulator/Nosfy.app/coffre-spot.png

CopyPNGFile /tmp/nosfy-cartes-dd/Build/Products/Debug-iphonesimulator/Nosfy.app/coffre-arche.png /Users/kathryn/Desktop/Nosfy/Nosfy/Media/coffre-arche.png (in target 'Nosfy' from project 'Nosfy')
    cd /Users/kathryn/Desktop/Nosfy
    /Applications/Xcode.app/Contents/Developer/usr/bin/copypng -compress -strip-PNG-text /Users/kathryn/Desktop/Nosfy/Nosfy/Media/coffre-arche.png /tmp/nosfy-cartes-dd/Build/Products/Debug-iphonesimulator/Nosfy.app/coffre-arche.png

CopyPNGFile /tmp/nosfy-cartes-dd/Build/Products/Debug-iphonesimulator/Nosfy.app/coffre-arche-neon.png /Users/kathryn/Desktop/Nosfy/Nosfy/Media/coffre-arche-neon.png (in target 'Nosfy' from project 'Nosfy')
    cd /Users/kathryn/Desktop/Nosfy
    /Applications/Xcode.app/Contents/Developer/usr/bin/copypng -compress -strip-PNG-text /Users/kathryn/Desktop/Nosfy/Nosfy/Media/coffre-arche-neon.png /tmp/nosfy-cartes-dd/Build/Products/Debug-iphonesimulator/Nosfy.app/coffre-arche-neon.png

CopyPNGFile /tmp/nosfy-cartes-dd/Build/Products/Debug-iphonesimulator/Nosfy.app/carte-lune-L3.png /Users/kathryn/Desktop/Nosfy/Nosfy/Media/carte-lune-L3.png (in target 'Nosfy' from project 'Nosfy')
    cd /Users/kathryn/Desktop/Nosfy
    /Applications/Xcode.app/Contents/Developer/usr/bin/copypng -compress -strip-PNG-text /Users/kathryn/Desktop/Nosfy/Nosfy/Media/carte-lune-L3.png /tmp/nosfy-cartes-dd/Build/Products/Debug-iphonesimulator/Nosfy.app/carte-lune-L3.png

CopyPNGFile /tmp/nosfy-cartes-dd/Build/Products/Debug-iphonesimulator/Nosfy.app/carte-lune-L2.png /Users/kathryn/Desktop/Nosfy/Nosfy/Media/carte-lune-L2.png (in target 'Nosfy' from project 'Nosfy')
    cd /Users/kathryn/Desktop/Nosfy
    /Applications/Xcode.app/Contents/Developer/usr/bin/copypng -compress -strip-PNG-text /Users/kathryn/Desktop/Nosfy/Nosfy/Media/carte-lune-L2.png /tmp/nosfy-cartes-dd/Build/Products/Debug-iphonesimulator/Nosfy.app/carte-lune-L2.png

CopyPNGFile /tmp/nosfy-cartes-dd/Build/Products/Debug-iphonesimulator/Nosfy.app/carte-lune-L1.png /Users/kathryn/Desktop/Nosfy/Nosfy/Media/carte-lune-L1.png (in target 'Nosfy' from project 'Nosfy')
    cd /Users/kathryn/Desktop/Nosfy
    /Applications/Xcode.app/Contents/Developer/usr/bin/copypng -compress -strip-PNG-text /Users/kathryn/Desktop/Nosfy/Nosfy/Media/carte-lune-L1.png /tmp/nosfy-cartes-dd/Build/Products/Debug-iphonesimulator/Nosfy.app/carte-lune-L1.png

CopyPNGFile /tmp/nosfy-cartes-dd/Build/Products/Debug-iphonesimulator/Nosfy.app/carte-lune-L0.png /Users/kathryn/Desktop/Nosfy/Nosfy/Media/carte-lune-L0.png (in target 'Nosfy' from project 'Nosfy')
    cd /Users/kathryn/Desktop/Nosfy
    /Applications/Xcode.app/Contents/Developer/usr/bin/copypng -compress -strip-PNG-text /Users/kathryn/Desktop/Nosfy/Nosfy/Media/carte-lune-L0.png /tmp/nosfy-cartes-dd/Build/Products/Debug-iphonesimulator/Nosfy.app/carte-lune-L0.png

CopyPNGFile /tmp/nosfy-cartes-dd/Build/Products/Debug-iphonesimulator/Nosfy.app/carte-lune-1.png /Users/kathryn/Desktop/Nosfy/Nosfy/Media/carte-lune-1.png (in target 'Nosfy' from project 'Nosfy')
    cd /Users/kathryn/Desktop/Nosfy
    /Applications/Xcode.app/Contents/Developer/usr/bin/copypng -compress -strip-PNG-text /Users/kathryn/Desktop/Nosfy/Nosfy/Media/carte-lune-1.png /tmp/nosfy-cartes-dd/Build/Products/Debug-iphonesimulator/Nosfy.app/carte-lune-1.png

CopyPNGFile /tmp/nosfy-cartes-dd/Build/Products/Debug-iphonesimulator/Nosfy.app/carte-lune-1-depth.png /Users/kathryn/Desktop/Nosfy/Nosfy/Media/carte-lune-1-depth.png (in target 'Nosfy' from project 'Nosfy')
    cd /Users/kathryn/Desktop/Nosfy
    /Applications/Xcode.app/Contents/Developer/usr/bin/copypng -compress -strip-PNG-text /Users/kathryn/Desktop/Nosfy/Nosfy/Media/carte-lune-1-depth.png /tmp/nosfy-cartes-dd/Build/Products/Debug-iphonesimulator/Nosfy.app/carte-lune-1-depth.png

CopyPNGFile /tmp/nosfy-cartes-dd/Build/Products/Debug-iphonesimulator/Nosfy.app/carte-logo-ref.png /Users/kathryn/Desktop/Nosfy/Nosfy/Media/carte-logo-ref.png (in target 'Nosfy' from project 'Nosfy')
    cd /Users/kathryn/Desktop/Nosfy
    /Applications/Xcode.app/Contents/Developer/usr/bin/copypng -compress -strip-PNG-text /Users/kathryn/Desktop/Nosfy/Nosfy/Media/carte-logo-ref.png /tmp/nosfy-cartes-dd/Build/Products/Debug-iphonesimulator/Nosfy.app/carte-logo-ref.png

CopyPNGFile /tmp/nosfy-cartes-dd/Build/Products/Debug-iphonesimulator/Nosfy.app/carte-dos.png /Users/kathryn/Desktop/Nosfy/Nosfy/Media/carte-dos.png (in target 'Nosfy' from project 'Nosfy')
    cd /Users/kathryn/Desktop/Nosfy
    /Applications/Xcode.app/Contents/Developer/usr/bin/copypng -compress -strip-PNG-text /Users/kathryn/Desktop/Nosfy/Nosfy/Media/carte-dos.png /tmp/nosfy-cartes-dd/Build/Products/Debug-iphonesimulator/Nosfy.app/carte-dos.png

CopyPNGFile /tmp/nosfy-cartes-dd/Build/Products/Debug-iphonesimulator/Nosfy.app/carte-dos-vide.png /Users/kathryn/Desktop/Nosfy/Nosfy/Media/carte-dos-vide.png (in target 'Nosfy' from project 'Nosfy')
    cd /Users/kathryn/Desktop/Nosfy
    /Applications/Xcode.app/Contents/Developer/usr/bin/copypng -compress -strip-PNG-text /Users/kathryn/Desktop/Nosfy/Nosfy/Media/carte-dos-vide.png /tmp/nosfy-cartes-dd/Build/Products/Debug-iphonesimulator/Nosfy.app/carte-dos-vide.png

CopyPNGFile /tmp/nosfy-cartes-dd/Build/Products/Debug-iphonesimulator/Nosfy.app/carte-cadre.png /Users/kathryn/Desktop/Nosfy/Nosfy/Media/carte-cadre.png (in target 'Nosfy' from project 'Nosfy')
    cd /Users/kathryn/Desktop/Nosfy
    /Applications/Xcode.app/Contents/Developer/usr/bin/copypng -compress -strip-PNG-text /Users/kathryn/Desktop/Nosfy/Nosfy/Media/carte-cadre.png /tmp/nosfy-cartes-dd/Build/Products/Debug-iphonesimulator/Nosfy.app/carte-cadre.png

SwiftExplicitDependencyGeneratePcm x86_64 /tmp/nosfy-cartes-dd/ModuleCache.noindex/_Builtin_float-45WY0WLLNJ2GDZC0VLM2XA5ZT.pcm

SwiftExplicitDependencyGeneratePcm x86_64 /tmp/nosfy-cartes-dd/ModuleCache.noindex/ptrauth-7EFHK13918LY2SXITOMHBETR6.pcm

SwiftExplicitDependencyGeneratePcm x86_64 /tmp/nosfy-cartes-dd/ModuleCache.noindex/ActivityKit-AVBFOGNXNNBCJNFTFM41IVY9M.pcm

SwiftExplicitDependencyGeneratePcm x86_64 /tmp/nosfy-cartes-dd/ModuleCache.noindex/_Builtin_stdbool-DE8YYCJ8O3S8VTGJFE18Z26IV.pcm

SwiftExplicitDependencyGeneratePcm arm64 /tmp/nosfy-cartes-dd/ModuleCache.noindex/ptrcheck-1MDE5M6XHLXDIAEOUMQQGAL5E.pcm

SwiftExplicitDependencyGeneratePcm arm64 /tmp/nosfy-cartes-dd/ModuleCache.noindex/ptrauth-F0DBX2N7SQQ0LFONVJC04GGW7.pcm

SwiftExplicitDependencyGeneratePcm arm64 /tmp/nosfy-cartes-dd/ModuleCache.noindex/_Builtin_stdarg-E7L696D97MZKGNMPSI1KSB4OY.pcm

SwiftExplicitDependencyGeneratePcm arm64 /tmp/nosfy-cartes-dd/ModuleCache.noindex/_Builtin_stdbool-D63DOV8Y2LIX8MUDFKCNVU2T7.pcm

SwiftExplicitDependencyGeneratePcm x86_64 /tmp/nosfy-cartes-dd/ModuleCache.noindex/_Builtin_stdarg-EJXQS2VYAM6YLF0JW112OR9D2.pcm

SwiftExplicitDependencyGeneratePcm arm64 /tmp/nosfy-cartes-dd/ModuleCache.noindex/_Builtin_stddef-6EWJ21ICJT2O24R2601ASKW8L.pcm

SwiftExplicitDependencyGeneratePcm x86_64 /tmp/nosfy-cartes-dd/ModuleCache.noindex/ptrcheck-CBV3BMLLNQOWB2YO80LD61A94.pcm

SwiftExplicitDependencyGeneratePcm arm64 /tmp/nosfy-cartes-dd/ModuleCache.noindex/_SwiftConcurrencyShims-6K9GGS1ZE7CLXID4FO31CDBIL.pcm

SwiftExplicitDependencyGeneratePcm arm64 /tmp/nosfy-cartes-dd/ModuleCache.noindex/SwiftShims-7UDWJVL8UMA4FE1KI1513UKLM.pcm

SwiftExplicitDependencyGeneratePcm x86_64 /tmp/nosfy-cartes-dd/ModuleCache.noindex/_AvailabilityInternal-AXE2F26RZRYOTVMSUU0Q2U1HC.pcm

SwiftExplicitDependencyGeneratePcm x86_64 /tmp/nosfy-cartes-dd/ModuleCache.noindex/_SwiftConcurrencyShims-6C1SRTAOH7I3B83EJOW3QZNUD.pcm

SwiftExplicitDependencyGeneratePcm x86_64 /tmp/nosfy-cartes-dd/ModuleCache.noindex/DeveloperToolsSupport-EH9S4M7I0AM8WNRLFLSU5JDGN.pcm

SwiftExplicitDependencyGeneratePcm arm64 /tmp/nosfy-cartes-dd/ModuleCache.noindex/_Builtin_float-17AFUB2D71XRNBUWO3R1LCETH.pcm

SwiftExplicitDependencyGeneratePcm x86_64 /tmp/nosfy-cartes-dd/ModuleCache.noindex/_DarwinFoundation1-DZAF4GKPMV9299EUB5U8E50GA.pcm

SwiftExplicitDependencyGeneratePcm arm64 /tmp/nosfy-cartes-dd/ModuleCache.noindex/ActivityKit-E4T2EG7M64P6GHPUJE342Y0SD.pcm

SwiftExplicitDependencyGeneratePcm x86_64 /tmp/nosfy-cartes-dd/ModuleCache.noindex/_Builtin_stddef-3IF62PUE413YYKUEHG7S5KC7V.pcm

SwiftExplicitDependencyGeneratePcm x86_64 /tmp/nosfy-cartes-dd/ModuleCache.noindex/SwiftShims-EZZXLKNH053QHAX7D3CMCR0WI.pcm

SwiftExplicitDependencyGeneratePcm arm64 /tmp/nosfy-cartes-dd/ModuleCache.noindex/_AvailabilityInternal-CFC5GG5FK7P95HV605AIPN0WR.pcm

SwiftExplicitDependencyGeneratePcm arm64 /tmp/nosfy-cartes-dd/ModuleCache.noindex/DeveloperToolsSupport-62YKPTIR3YA4IUNZ42PZWTJO8.pcm

SwiftExplicitDependencyGeneratePcm x86_64 /tmp/nosfy-cartes-dd/ModuleCache.noindex/_DarwinFoundation2-BUHUQUHQWRSFMDB38VJ6V7VCA.pcm

SwiftExplicitDependencyGeneratePcm x86_64 /tmp/nosfy-cartes-dd/ModuleCache.noindex/_Builtin_limits-6AZWST2FWBTY7643EG2JJLEOD.pcm

SwiftExplicitDependencyGeneratePcm x86_64 /tmp/nosfy-cartes-dd/ModuleCache.noindex/ExtensionFoundation-35KFX8LEW5LPH2AMFUFGPDSC4.pcm

SwiftExplicitDependencyGeneratePcm arm64 /tmp/nosfy-cartes-dd/ModuleCache.noindex/_DarwinFoundation1-3EP11U9FGNFWKM6LOA3ZETQJW.pcm

CopyPNGFile /tmp/nosfy-cartes-dd/Build/Products/Debug-iphonesimulator/Nosfy.app/carte-cadre-legendaire.png /Users/kathryn/Desktop/Nosfy/Nosfy/Media/carte-cadre-legendaire.png (in target 'Nosfy' from project 'Nosfy')
    cd /Users/kathryn/Desktop/Nosfy
    /Applications/Xcode.app/Contents/Developer/usr/bin/copypng -compress -strip-PNG-text /Users/kathryn/Desktop/Nosfy/Nosfy/Media/carte-cadre-legendaire.png /tmp/nosfy-cartes-dd/Build/Products/Debug-iphonesimulator/Nosfy.app/carte-cadre-legendaire.png

CopyPNGFile /tmp/nosfy-cartes-dd/Build/Products/Debug-iphonesimulator/Nosfy.app/carnet-ouvert.png /Users/kathryn/Desktop/Nosfy/Nosfy/Media/carnet-ouvert.png (in target 'Nosfy' from project 'Nosfy')
    cd /Users/kathryn/Desktop/Nosfy
    /Applications/Xcode.app/Contents/Developer/usr/bin/copypng -compress -strip-PNG-text /Users/kathryn/Desktop/Nosfy/Nosfy/Media/carnet-ouvert.png /tmp/nosfy-cartes-dd/Build/Products/Debug-iphonesimulator/Nosfy.app/carnet-ouvert.png

SwiftExplicitDependencyGeneratePcm x86_64 /tmp/nosfy-cartes-dd/ModuleCache.noindex/_Builtin_tgmath-58ANWTUV1Z5LVV5RLNKBOAZ9Z.pcm

SwiftExplicitDependencyGeneratePcm arm64 /tmp/nosfy-cartes-dd/ModuleCache.noindex/_Builtin_limits-2P5WNR71JJHQ1QO30I73V3YLA.pcm

SwiftExplicitDependencyGeneratePcm arm64 /tmp/nosfy-cartes-dd/ModuleCache.noindex/ExtensionFoundation-5F4DOVNOVTW7UWABGA1MNKF3V.pcm

SwiftExplicitDependencyGeneratePcm arm64 /tmp/nosfy-cartes-dd/ModuleCache.noindex/_DarwinFoundation2-EACZ0DC8VYXPJPGHPFQ1IBNTC.pcm

SwiftExplicitDependencyGeneratePcm x86_64 /tmp/nosfy-cartes-dd/ModuleCache.noindex/_Builtin_stdint-DKX8PG2P67YLJUQS7F19144J1.pcm

SwiftExplicitDependencyGeneratePcm x86_64 /tmp/nosfy-cartes-dd/ModuleCache.noindex/sys_types-CEX7WZU79IR12E8APJR0YKHHJ.pcm

SwiftExplicitDependencyGeneratePcm x86_64 /tmp/nosfy-cartes-dd/ModuleCache.noindex/_DarwinFoundation3-DC9MXTUFVRGBHW5QPETD7PSU3.pcm

SwiftExplicitDependencyGeneratePcm arm64 /tmp/nosfy-cartes-dd/ModuleCache.noindex/_Builtin_stdint-CQLOQX72YDOYBPLUA3GXHV5KV.pcm

SwiftExplicitDependencyGeneratePcm x86_64 /tmp/nosfy-cartes-dd/ModuleCache.noindex/_Builtin_stdatomic-4UZNEI0L335QD3IYCE7CGADAH.pcm

SwiftExplicitDependencyGeneratePcm arm64 /tmp/nosfy-cartes-dd/ModuleCache.noindex/_Builtin_tgmath-3VXEKXBJUO8F1YHNHTTERNJQN.pcm

SwiftExplicitDependencyGeneratePcm arm64 /tmp/nosfy-cartes-dd/ModuleCache.noindex/_DarwinFoundation3-2KE39QOL2JNC9XUSGAVNJ8IE2.pcm

SwiftExplicitDependencyGeneratePcm arm64 /tmp/nosfy-cartes-dd/ModuleCache.noindex/_Builtin_stdatomic-4UKUYMOZJ5CJV1UAYM2B1QA99.pcm

SwiftExplicitDependencyGeneratePcm arm64 /tmp/nosfy-cartes-dd/ModuleCache.noindex/_Builtin_intrinsics-7P9NA08DS5V2J7EKUXV8LE79G.pcm

SwiftExplicitDependencyGeneratePcm x86_64 /tmp/nosfy-cartes-dd/ModuleCache.noindex/_Builtin_intrinsics-BE9UVDD70LFMZ66WQ9OU3AMT.pcm

SwiftExplicitDependencyGeneratePcm x86_64 /tmp/nosfy-cartes-dd/ModuleCache.noindex/_Builtin_inttypes-E2HS4PZ3BTVX0IOT7VLJG0VJM.pcm

SwiftExplicitDependencyGeneratePcm arm64 /tmp/nosfy-cartes-dd/ModuleCache.noindex/sys_types-C8VYWK0R53BD3QYQZ5ESDS0MD.pcm

SwiftExplicitDependencyGeneratePcm arm64 /tmp/nosfy-cartes-dd/ModuleCache.noindex/_Builtin_inttypes-4L4LDR55H0UI7FT10F6FE9PGK.pcm

SwiftExplicitDependencyGeneratePcm x86_64 /tmp/nosfy-cartes-dd/ModuleCache.noindex/Darwin-9I2HMG3LPCXNCSRKZANMJWSDY.pcm

CopyPNGFile /tmp/nosfy-cartes-dd/Build/Products/Debug-iphonesimulator/Nosfy.app/carnet-ferme.png /Users/kathryn/Desktop/Nosfy/Nosfy/Media/carnet-ferme.png (in target 'Nosfy' from project 'Nosfy')
    cd /Users/kathryn/Desktop/Nosfy
    /Applications/Xcode.app/Contents/Developer/usr/bin/copypng -compress -strip-PNG-text /Users/kathryn/Desktop/Nosfy/Nosfy/Media/carnet-ferme.png /tmp/nosfy-cartes-dd/Build/Products/Debug-iphonesimulator/Nosfy.app/carnet-ferme.png

SwiftExplicitDependencyGeneratePcm arm64 /tmp/nosfy-cartes-dd/ModuleCache.noindex/Darwin-ADUKIEPN0IXWBWLZNZNRHS6ZK.pcm

SwiftExplicitDependencyGeneratePcm arm64 /tmp/nosfy-cartes-dd/ModuleCache.noindex/simd-58HPKEDDDMD04P043VPO62KCK.pcm

SwiftExplicitDependencyGeneratePcm x86_64 /tmp/nosfy-cartes-dd/ModuleCache.noindex/MachO-7GP7WGWC7UXQBWGHGJGDFP5EC.pcm

SwiftExplicitDependencyGeneratePcm x86_64 /tmp/nosfy-cartes-dd/ModuleCache.noindex/ObjectiveC-2IDHSWZLVKBW36S3HIGKDFVW9.pcm

CopyPNGFile /tmp/nosfy-cartes-dd/Build/Products/Debug-iphonesimulator/Nosfy.app/booster-pill.png /Users/kathryn/Desktop/Nosfy/Nosfy/Media/booster-pill.png (in target 'Nosfy' from project 'Nosfy')
    cd /Users/kathryn/Desktop/Nosfy
    /Applications/Xcode.app/Contents/Developer/usr/bin/copypng -compress -strip-PNG-text /Users/kathryn/Desktop/Nosfy/Nosfy/Media/booster-pill.png /tmp/nosfy-cartes-dd/Build/Products/Debug-iphonesimulator/Nosfy.app/booster-pill.png

CopyPNGFile /tmp/nosfy-cartes-dd/Build/Products/Debug-iphonesimulator/Nosfy.app/booster-pill-noir.png /Users/kathryn/Desktop/Nosfy/Nosfy/Media/booster-pill-noir.png (in target 'Nosfy' from project 'Nosfy')
    cd /Users/kathryn/Desktop/Nosfy
    /Applications/Xcode.app/Contents/Developer/usr/bin/copypng -compress -strip-PNG-text /Users/kathryn/Desktop/Nosfy/Nosfy/Media/booster-pill-noir.png /tmp/nosfy-cartes-dd/Build/Products/Debug-iphonesimulator/Nosfy.app/booster-pill-noir.png

CopyPNGFile /tmp/nosfy-cartes-dd/Build/Products/Debug-iphonesimulator/Nosfy.app/booster-normal.png /Users/kathryn/Desktop/Nosfy/Nosfy/Media/booster-normal.png (in target 'Nosfy' from project 'Nosfy')
    cd /Users/kathryn/Desktop/Nosfy
    /Applications/Xcode.app/Contents/Developer/usr/bin/copypng -compress -strip-PNG-text /Users/kathryn/Desktop/Nosfy/Nosfy/Media/booster-normal.png /tmp/nosfy-cartes-dd/Build/Products/Debug-iphonesimulator/Nosfy.app/booster-normal.png

SwiftExplicitDependencyGeneratePcm x86_64 /tmp/nosfy-cartes-dd/ModuleCache.noindex/os_object-E76Q2DJP3DB3OV5VOSBBGAASF.pcm

CopyPNGFile /tmp/nosfy-cartes-dd/Build/Products/Debug-iphonesimulator/Nosfy.app/booster-noir-emiss.png /Users/kathryn/Desktop/Nosfy/Nosfy/Media/booster-noir-emiss.png (in target 'Nosfy' from project 'Nosfy')
    cd /Users/kathryn/Desktop/Nosfy
    /Applications/Xcode.app/Contents/Developer/usr/bin/copypng -compress -strip-PNG-text /Users/kathryn/Desktop/Nosfy/Nosfy/Media/booster-noir-emiss.png /tmp/nosfy-cartes-dd/Build/Products/Debug-iphonesimulator/Nosfy.app/booster-noir-emiss.png

SwiftExplicitDependencyGeneratePcm x86_64 /tmp/nosfy-cartes-dd/ModuleCache.noindex/simd-1V5RK3N9FEV6CQMQ9EDCFBQGI.pcm

CopyPNGFile /tmp/nosfy-cartes-dd/Build/Products/Debug-iphonesimulator/Nosfy.app/booster-noir-color.png /Users/kathryn/Desktop/Nosfy/Nosfy/Media/booster-noir-color.png (in target 'Nosfy' from project 'Nosfy')
    cd /Users/kathryn/Desktop/Nosfy
    /Applications/Xcode.app/Contents/Developer/usr/bin/copypng -compress -strip-PNG-text /Users/kathryn/Desktop/Nosfy/Nosfy/Media/booster-noir-color.png /tmp/nosfy-cartes-dd/Build/Products/Debug-iphonesimulator/Nosfy.app/booster-noir-color.png

SwiftExplicitDependencyGeneratePcm x86_64 /tmp/nosfy-cartes-dd/ModuleCache.noindex/os_workgroup-GIF4O7FJJM9CGJWLDQDAXCDM.pcm

SwiftExplicitDependencyGeneratePcm arm64 /tmp/nosfy-cartes-dd/ModuleCache.noindex/MachO-97DNMDG77QMIUV2FJH0J5GWJU.pcm

SwiftExplicitDependencyGeneratePcm arm64 /tmp/nosfy-cartes-dd/ModuleCache.noindex/ObjectiveC-ELZHQ9F6IH8KAR6NFNEUCFQEZ.pcm

CopyPNGFile /tmp/nosfy-cartes-dd/Build/Products/Debug-iphonesimulator/Nosfy.app/booster-emiss.png /Users/kathryn/Desktop/Nosfy/Nosfy/Media/booster-emiss.png (in target 'Nosfy' from project 'Nosfy')
    cd /Users/kathryn/Desktop/Nosfy
    /Applications/Xcode.app/Contents/Developer/usr/bin/copypng -compress -strip-PNG-text /Users/kathryn/Desktop/Nosfy/Nosfy/Media/booster-emiss.png /tmp/nosfy-cartes-dd/Build/Products/Debug-iphonesimulator/Nosfy.app/booster-emiss.png

SwiftExplicitDependencyGeneratePcm x86_64 /tmp/nosfy-cartes-dd/ModuleCache.noindex/Dispatch-DW3PX7VZKIDKJEAHY1ZN6QQ4O.pcm

SwiftExplicitDependencyGeneratePcm arm64 /tmp/nosfy-cartes-dd/ModuleCache.noindex/os_object-46WN5W8LHX6KHN60BPLOAPS6E.pcm

CopyPNGFile /tmp/nosfy-cartes-dd/Build/Products/Debug-iphonesimulator/Nosfy.app/booster-color.png /Users/kathryn/Desktop/Nosfy/Nosfy/Media/booster-color.png (in target 'Nosfy' from project 'Nosfy')
    cd /Users/kathryn/Desktop/Nosfy
    /Applications/Xcode.app/Contents/Developer/usr/bin/copypng -compress -strip-PNG-text /Users/kathryn/Desktop/Nosfy/Nosfy/Media/booster-color.png /tmp/nosfy-cartes-dd/Build/Products/Debug-iphonesimulator/Nosfy.app/booster-color.png

CopyPNGFile /tmp/nosfy-cartes-dd/Build/Products/Debug-iphonesimulator/Nosfy.app/booster-carte.png /Users/kathryn/Desktop/Nosfy/Nosfy/Media/booster-carte.png (in target 'Nosfy' from project 'Nosfy')
    cd /Users/kathryn/Desktop/Nosfy
    /Applications/Xcode.app/Contents/Developer/usr/bin/copypng -compress -strip-PNG-text /Users/kathryn/Desktop/Nosfy/Nosfy/Media/booster-carte.png /tmp/nosfy-cartes-dd/Build/Products/Debug-iphonesimulator/Nosfy.app/booster-carte.png

SwiftExplicitDependencyGeneratePcm arm64 /tmp/nosfy-cartes-dd/ModuleCache.noindex/os_workgroup-DRKN48EK3PEPLCMCTMT51HDEI.pcm

SwiftExplicitDependencyGeneratePcm x86_64 /tmp/nosfy-cartes-dd/ModuleCache.noindex/CoreFoundation-EIQLW6W3L6M3AHEPEDD6W2BL0.pcm

SwiftExplicitDependencyGeneratePcm x86_64 /tmp/nosfy-cartes-dd/ModuleCache.noindex/XPC-ECCQMPA148PP6BC27WKV8PPNQ.pcm

SwiftExplicitDependencyGeneratePcm arm64 /tmp/nosfy-cartes-dd/ModuleCache.noindex/Spatial-VTCQUHIYKQL2AVI7RBYTT4SD.pcm

SwiftExplicitDependencyGeneratePcm arm64 /tmp/nosfy-cartes-dd/ModuleCache.noindex/Dispatch-C2LCLLXNP3910ISJ6JZTG7T1.pcm

SwiftExplicitDependencyGeneratePcm x86_64 /tmp/nosfy-cartes-dd/ModuleCache.noindex/Security-E9QPP09AZJJ5FYREMRYGZSO8Y.pcm

SwiftExplicitDependencyGeneratePcm x86_64 /tmp/nosfy-cartes-dd/ModuleCache.noindex/CFNetwork-AC5IZLN5P3BAE9BWMKXVMU568.pcm

SwiftExplicitDependencyGeneratePcm arm64 /tmp/nosfy-cartes-dd/ModuleCache.noindex/CoreFoundation-78SAVD4ALHK8KX7COFC5VCMZG.pcm

SwiftExplicitDependencyGeneratePcm arm64 /tmp/nosfy-cartes-dd/ModuleCache.noindex/XPC-YUQ252TZE04X7F92E3SZ994P.pcm

SwiftExplicitDependencyGeneratePcm x86_64 /tmp/nosfy-cartes-dd/ModuleCache.noindex/Spatial-CCNSDNDY6E7Z516N2NK98XYWW.pcm

SwiftExplicitDependencyGeneratePcm x86_64 /tmp/nosfy-cartes-dd/ModuleCache.noindex/Foundation-ATKDLCEJBB8PRN8KZUCIAM6SA.pcm

SwiftExplicitDependencyGeneratePcm arm64 /tmp/nosfy-cartes-dd/ModuleCache.noindex/dnssd-107PGB3MJQS70WE4IBBD31AEC.pcm

SwiftExplicitDependencyGeneratePcm arm64 /tmp/nosfy-cartes-dd/ModuleCache.noindex/os-5MR02XZBW76U24J2ABNV6HCJQ.pcm

SwiftExplicitDependencyGeneratePcm arm64 /tmp/nosfy-cartes-dd/ModuleCache.noindex/Security-1TD6SM65K0THVA5FROOAFSBJZ.pcm

SwiftExplicitDependencyGeneratePcm arm64 /tmp/nosfy-cartes-dd/ModuleCache.noindex/CoreAudioTypes-F27IGTU6TS5P88QWYWZEC7P9B.pcm

SwiftExplicitDependencyGeneratePcm arm64 /tmp/nosfy-cartes-dd/ModuleCache.noindex/CFNetwork-8ZRGWVMOP8I2OSH3RBPBDZT84.pcm

SwiftExplicitDependencyGeneratePcm x86_64 /tmp/nosfy-cartes-dd/ModuleCache.noindex/os-6BFRREB9O5B056Y7U1UAGD07V.pcm

SwiftExplicitDependencyGeneratePcm arm64 /tmp/nosfy-cartes-dd/ModuleCache.noindex/CoreAudio-4BCVQPQSQR2WWRJ9MBT8VU5Q0.pcm

SwiftExplicitDependencyGeneratePcm arm64 /tmp/nosfy-cartes-dd/ModuleCache.noindex/CoreGraphics-CAZYHCW8XI0NDB9B30VJ8L302.pcm

SwiftExplicitDependencyGeneratePcm x86_64 /tmp/nosfy-cartes-dd/ModuleCache.noindex/CoreGraphics-EYD12OO6ETUAYHI5AEM8FQ1L1.pcm

SwiftExplicitDependencyGeneratePcm x86_64 /tmp/nosfy-cartes-dd/ModuleCache.noindex/dnssd-39GB231TQR54I2YRT09WSL86Y.pcm

SwiftExplicitDependencyGeneratePcm x86_64 /tmp/nosfy-cartes-dd/ModuleCache.noindex/CoreAudioTypes-4SBX37A26V5L5CYA8PC4GURJR.pcm

SwiftExplicitDependencyGeneratePcm arm64 /tmp/nosfy-cartes-dd/ModuleCache.noindex/Foundation-14SKR62MGYMD392Z34SA86R7U.pcm

SwiftExplicitDependencyGeneratePcm x86_64 /tmp/nosfy-cartes-dd/ModuleCache.noindex/CoreAudio-85V6FJHR5OZPJZE8Q59XZ6FCE.pcm

SwiftExplicitDependencyGeneratePcm arm64 /tmp/nosfy-cartes-dd/ModuleCache.noindex/CoreText-CQR9USD2FVULL6W3ZZNRJ32IO.pcm

SwiftExplicitDependencyGeneratePcm arm64 /tmp/nosfy-cartes-dd/ModuleCache.noindex/ImageIO-DJOUCYCQF9T5TY4NOEL94PW2D.pcm

SwiftExplicitDependencyGeneratePcm x86_64 /tmp/nosfy-cartes-dd/ModuleCache.noindex/CoreText-38EDMEZRQ1A93RH2MK68CS8HH.pcm

SwiftExplicitDependencyGeneratePcm x86_64 /tmp/nosfy-cartes-dd/ModuleCache.noindex/ImageIO-62VN4T7RS394DRKW30RKSFJEO.pcm

SwiftExplicitDependencyGeneratePcm x86_64 /tmp/nosfy-cartes-dd/ModuleCache.noindex/OSLog-49G4VJISTEC4I2BZYNPLDQD8M.pcm

SwiftExplicitDependencyGeneratePcm x86_64 /tmp/nosfy-cartes-dd/ModuleCache.noindex/_LocationEssentials-DVXKQOEF1GITXA21OKED5LPS4.pcm

SwiftExplicitDependencyGeneratePcm x86_64 /tmp/nosfy-cartes-dd/ModuleCache.noindex/OpenGLES-8GIWXOOWUIBYM1Z80IA1Z6F22.pcm

SwiftExplicitDependencyGeneratePcm x86_64 /tmp/nosfy-cartes-dd/ModuleCache.noindex/CoreMIDI-B4HUDT3TRDCTGLOT2I1UCFJOE.pcm

SwiftExplicitDependencyGeneratePcm x86_64 /tmp/nosfy-cartes-dd/ModuleCache.noindex/UIUtilities-BGHBWZAELYWY527T2TX7706Z4.pcm

SwiftExplicitDependencyGeneratePcm x86_64 /tmp/nosfy-cartes-dd/ModuleCache.noindex/UniformTypeIdentifiers-9IHWM4KN56JZBLA5JEQ5HSOUX.pcm

SwiftExplicitDependencyGeneratePcm x86_64 /tmp/nosfy-cartes-dd/ModuleCache.noindex/CoreLocation-5Z1G29BZMY96H2IHGMADFEHI.pcm

SwiftExplicitDependencyGeneratePcm x86_64 /tmp/nosfy-cartes-dd/ModuleCache.noindex/DataDetection-2S02FUVACZWP59T8URRMYNGSF.pcm

SwiftExplicitDependencyGeneratePcm x86_64 /tmp/nosfy-cartes-dd/ModuleCache.noindex/CoreTransferable-AL7U6TQ7KPHUNRLG59CUC8FB0.pcm

SwiftExplicitDependencyGeneratePcm x86_64 /tmp/nosfy-cartes-dd/ModuleCache.noindex/WidgetKit-EV9HXDW1R8RHZP15IRZYO090W.pcm

SwiftExplicitDependencyGeneratePcm x86_64 /tmp/nosfy-cartes-dd/ModuleCache.noindex/CoreHaptics-6CSSP8OFED9EHUJL1A02GFKNT.pcm

SwiftExplicitDependencyGeneratePcm x86_64 /tmp/nosfy-cartes-dd/ModuleCache.noindex/FileProvider-FPNQ7O3PINDPEPZOU8PK4UTP.pcm

SwiftExplicitDependencyGeneratePcm x86_64 /tmp/nosfy-cartes-dd/ModuleCache.noindex/AppIntents-5GXFSXXCFWVSZ447SJV6PWEFT.pcm

SwiftExplicitDependencyGeneratePcm x86_64 /tmp/nosfy-cartes-dd/ModuleCache.noindex/AudioToolbox-C38MBUOIHL6GWDIJPTA7XHXTD.pcm

SwiftExplicitDependencyGeneratePcm x86_64 /tmp/nosfy-cartes-dd/ModuleCache.noindex/LocalAuthentication-4UFLGTI9A770J111HUBMEXMZK.pcm

SwiftExplicitDependencyGeneratePcm x86_64 /tmp/nosfy-cartes-dd/ModuleCache.noindex/ModelIO-372NZJFD6J2RU5SXD55QZ17H3.pcm

SwiftExplicitDependencyGeneratePcm x86_64 /tmp/nosfy-cartes-dd/ModuleCache.noindex/UserNotifications-4T9JRVJO6JAUQOZO1H0EWKREA.pcm

SwiftExplicitDependencyGeneratePcm x86_64 /tmp/nosfy-cartes-dd/ModuleCache.noindex/IOSurface-7NT7XT8TX4JMITSE9TFEKX534.pcm

SwiftExplicitDependencyGeneratePcm x86_64 /tmp/nosfy-cartes-dd/ModuleCache.noindex/CoreSpotlight-BPKNCRUYUA1KI0M34US3SVJXM.pcm

SwiftExplicitDependencyGeneratePcm x86_64 /tmp/nosfy-cartes-dd/ModuleCache.noindex/Network-3WARJ8P6K14BB7WDEDD6CMCJE.pcm

SwiftExplicitDependencyGeneratePcm arm64 /tmp/nosfy-cartes-dd/ModuleCache.noindex/WidgetKit-3P0P2N3XDXII03NC5IW0H3NN1.pcm

SwiftExplicitDependencyGeneratePcm arm64 /tmp/nosfy-cartes-dd/ModuleCache.noindex/Symbols-3JW46439DVLT7HJHM73VNWCGJ.pcm

SwiftExplicitDependencyGeneratePcm arm64 /tmp/nosfy-cartes-dd/ModuleCache.noindex/RelevanceKit-1FHE9HVRFDLK5KQOKEGVZS9H7.pcm

SwiftExplicitDependencyGeneratePcm x86_64 /tmp/nosfy-cartes-dd/ModuleCache.noindex/Intents-ANODPS5E4583XUGME1V3R5DS.pcm

SwiftExplicitDependencyGeneratePcm arm64 /tmp/nosfy-cartes-dd/ModuleCache.noindex/AppIntents-72V0BKOY9M61A5KJ3T44SVXKB.pcm

SwiftExplicitDependencyGeneratePcm arm64 /tmp/nosfy-cartes-dd/ModuleCache.noindex/LocalAuthentication-CXZMCJ3VW53VOKKOYOSL8X6ZP.pcm

SwiftExplicitDependencyGeneratePcm arm64 /tmp/nosfy-cartes-dd/ModuleCache.noindex/ModelIO-AG3QV4G4CKPS4KZ19Z0KRZGK2.pcm

SwiftExplicitDependencyGeneratePcm arm64 /tmp/nosfy-cartes-dd/ModuleCache.noindex/CoreData-9T7VLXZAOIED1VWLEGTGIMDDG.pcm

SwiftExplicitDependencyGeneratePcm arm64 /tmp/nosfy-cartes-dd/ModuleCache.noindex/FileProvider-8J7FXZRPJGF2Q63V8OL4LJJ6G.pcm

SwiftExplicitDependencyGeneratePcm arm64 /tmp/nosfy-cartes-dd/ModuleCache.noindex/UserNotifications-6PVHWMEYGC4KPRSCWGRRPWSFF.pcm

SwiftExplicitDependencyGeneratePcm arm64 /tmp/nosfy-cartes-dd/ModuleCache.noindex/Accessibility-8FB6B6J9I1T7UX2HMGVLDH97N.pcm

SwiftExplicitDependencyGeneratePcm arm64 /tmp/nosfy-cartes-dd/ModuleCache.noindex/OSLog-DWAZUDGN871YJ2XMDLB5VDRPQ.pcm

SwiftExplicitDependencyGeneratePcm arm64 /tmp/nosfy-cartes-dd/ModuleCache.noindex/CoreHaptics-DXB1AHMQ8RGTFBZCP8BO13GSL.pcm

SwiftExplicitDependencyGeneratePcm arm64 /tmp/nosfy-cartes-dd/ModuleCache.noindex/DataDetection-1Q3ZXYV498YKZ8TBI1Z07MZC8.pcm

SwiftExplicitDependencyGeneratePcm arm64 /tmp/nosfy-cartes-dd/ModuleCache.noindex/CoreMIDI-9M03GH07X3RX2B3ZQYR3CBQFE.pcm

SwiftExplicitDependencyGeneratePcm x86_64 /tmp/nosfy-cartes-dd/ModuleCache.noindex/AVRouting-DGB9PNYDBNVS49J6BM2NIQK9R.pcm

SwiftExplicitDependencyGeneratePcm x86_64 /tmp/nosfy-cartes-dd/ModuleCache.noindex/Metal-7R1TH8WLGYFJHJKATEI8BIKXN.pcm

SwiftExplicitDependencyGeneratePcm arm64 /tmp/nosfy-cartes-dd/ModuleCache.noindex/UIUtilities-91XHHU2NYORHLBGS1MSWFGSGT.pcm

SwiftExplicitDependencyGeneratePcm arm64 /tmp/nosfy-cartes-dd/ModuleCache.noindex/UniformTypeIdentifiers-8P7FFM8VJD7A9XFRPM39G4K0F.pcm

SwiftExplicitDependencyGeneratePcm arm64 /tmp/nosfy-cartes-dd/ModuleCache.noindex/CoreTransferable-76CUYXVHEK4SH705PVY4YIVAO.pcm

SwiftExplicitDependencyGeneratePcm arm64 /tmp/nosfy-cartes-dd/ModuleCache.noindex/Network-1ASUCWZYLWRMBC6MPMEUJZYNT.pcm

SwiftExplicitDependencyGeneratePcm arm64 /tmp/nosfy-cartes-dd/ModuleCache.noindex/_LocationEssentials-EX5SRKT9658DG0UZLRU1BRAJ.pcm

SwiftExplicitDependencyGeneratePcm arm64 /tmp/nosfy-cartes-dd/ModuleCache.noindex/IOSurface-DU0P9QDAD7K4W1J3PR9ADUVVP.pcm

SwiftExplicitDependencyGeneratePcm arm64 /tmp/nosfy-cartes-dd/ModuleCache.noindex/OpenGLES-ATGEK8FYE8KA5O9K9XC88R30V.pcm

SwiftExplicitDependencyGeneratePcm arm64 /tmp/nosfy-cartes-dd/ModuleCache.noindex/CoreSpotlight-9RL31W2LWTTMBW4KEEM733W5D.pcm

SwiftExplicitDependencyGeneratePcm arm64 /tmp/nosfy-cartes-dd/ModuleCache.noindex/AudioToolbox-CRLX51LZMK6JVV2MKEY38WZ23.pcm

SwiftExplicitDependencyGeneratePcm x86_64 /tmp/nosfy-cartes-dd/ModuleCache.noindex/Symbols-9PETM023DS30DPVH5Z74G9C22.pcm

SwiftExplicitDependencyGeneratePcm x86_64 /tmp/nosfy-cartes-dd/ModuleCache.noindex/CoreData-CFLQIFZZXYKKXQTYTA69JWG3J.pcm

SwiftExplicitDependencyGeneratePcm arm64 /tmp/nosfy-cartes-dd/ModuleCache.noindex/CoreLocation-7ZB9OKPBM0HEL51ST2TCGEDHL.pcm

SwiftExplicitDependencyGeneratePcm arm64 /tmp/nosfy-cartes-dd/ModuleCache.noindex/Metal-511URGYVWA23SX5C55X146DBS.pcm

SwiftExplicitDependencyGeneratePcm arm64 /tmp/nosfy-cartes-dd/ModuleCache.noindex/AVRouting-A6003XKAR91VA3QICMH1VDLAL.pcm

SwiftExplicitDependencyGeneratePcm x86_64 /tmp/nosfy-cartes-dd/ModuleCache.noindex/CoreMotion-DVUTYMY3JIT0A10BULXTGH7BS.pcm

SwiftExplicitDependencyGeneratePcm x86_64 /tmp/nosfy-cartes-dd/ModuleCache.noindex/RelevanceKit-5ETPW7N6B1WEVNOAEQQGJNSGO.pcm

SwiftExplicitDependencyGeneratePcm x86_64 /tmp/nosfy-cartes-dd/ModuleCache.noindex/Accessibility-MBCDP3LTEVKFVW6MFN54GO1J.pcm

SwiftExplicitDependencyGeneratePcm x86_64 /tmp/nosfy-cartes-dd/ModuleCache.noindex/CoreVideo-6BAIRM2A5EFROTK32PK3ZOEHM.pcm

SwiftExplicitDependencyGeneratePcm arm64 /tmp/nosfy-cartes-dd/ModuleCache.noindex/CoreMotion-AVA8N8K9TIMNXZJEP8E1JUDPL.pcm

SwiftExplicitDependencyGeneratePcm arm64 /tmp/nosfy-cartes-dd/ModuleCache.noindex/Intents-E4DKUYGP4XC1FYFNNV1UXOZAT.pcm

SwiftExplicitDependencyGeneratePcm x86_64 /tmp/nosfy-cartes-dd/ModuleCache.noindex/CoreImage-F18ID0VUEPNE05PIN9ZVZZM3R.pcm

SwiftExplicitDependencyGeneratePcm x86_64 /tmp/nosfy-cartes-dd/ModuleCache.noindex/QuartzCore-BDECY8ODNZW0Z1SW4FDECYTCM.pcm

SwiftExplicitDependencyGeneratePcm x86_64 /tmp/nosfy-cartes-dd/ModuleCache.noindex/CoreMedia-CB0DV7EKB5T1B0GHWQ1AR4228.pcm

SwiftExplicitDependencyGeneratePcm arm64 /tmp/nosfy-cartes-dd/ModuleCache.noindex/CoreVideo-DOELPPVZO5J5581VFMX61QPLK.pcm

SwiftExplicitDependencyGeneratePcm x86_64 /tmp/nosfy-cartes-dd/ModuleCache.noindex/SwiftUICore-ABS5AKV9SUXDLKT96MIEDOGVN.pcm

SwiftExplicitDependencyGeneratePcm x86_64 /tmp/nosfy-cartes-dd/ModuleCache.noindex/AVFAudio-3LMRD3JGCUC1BPUOACF7CRZOE.pcm

SwiftExplicitDependencyGeneratePcm x86_64 /tmp/nosfy-cartes-dd/ModuleCache.noindex/MediaToolbox-8955LVPNH6336LOXGZZ2Y57DA.pcm

SwiftExplicitDependencyGeneratePcm x86_64 /tmp/nosfy-cartes-dd/ModuleCache.noindex/UIKit-6Y0NT6DQWAGS797IVB2Z5B8OY.pcm

SwiftExplicitDependencyGeneratePcm arm64 /tmp/nosfy-cartes-dd/ModuleCache.noindex/CoreMedia-4WS12MVLPLLLS7GECEREB0C20.pcm

SwiftExplicitDependencyGeneratePcm arm64 /tmp/nosfy-cartes-dd/ModuleCache.noindex/QuartzCore-XE2JVPQP3B0QM4EMNAU4PB1M.pcm

SwiftExplicitDependencyGeneratePcm arm64 /tmp/nosfy-cartes-dd/ModuleCache.noindex/CoreImage-A21TU5JY2SF5G0ZJRA33LEV8T.pcm

SwiftExplicitDependencyGeneratePcm arm64 /tmp/nosfy-cartes-dd/ModuleCache.noindex/SwiftUICore-DD1PZJIW0JM11O7XRZJ7029GT.pcm

SwiftExplicitDependencyGeneratePcm x86_64 /tmp/nosfy-cartes-dd/ModuleCache.noindex/AVFoundation-C7W7RJUC7Q4TCD9XL028PXKUI.pcm

SwiftExplicitDependencyGeneratePcm arm64 /tmp/nosfy-cartes-dd/ModuleCache.noindex/MediaToolbox-4GMP8ZOYEYI8FK2H1PMRQA8C1.pcm

SwiftExplicitDependencyGeneratePcm arm64 /tmp/nosfy-cartes-dd/ModuleCache.noindex/UIKit-BXXCM5Q064BDZXMKYA6A7HBPV.pcm

SwiftExplicitDependencyGeneratePcm arm64 /tmp/nosfy-cartes-dd/ModuleCache.noindex/AVFAudio-EEPFD0GLYQSLCR3KNSQ1MKT34.pcm

SwiftExplicitDependencyGeneratePcm arm64 /tmp/nosfy-cartes-dd/ModuleCache.noindex/AVFoundation-5PISEC1IQH3GML6OZM09C9PTA.pcm

SwiftExplicitDependencyGeneratePcm x86_64 /tmp/nosfy-cartes-dd/ModuleCache.noindex/GLKit-12CH2H119I7P3C2OU7UK7MNK0.pcm

SwiftExplicitDependencyGeneratePcm x86_64 /tmp/nosfy-cartes-dd/ModuleCache.noindex/AuthenticationServices-1Y4KD0YU9M7DDZNWVHZ2Z7IDT.pcm

SwiftExplicitDependencyGeneratePcm x86_64 /tmp/nosfy-cartes-dd/ModuleCache.noindex/SwiftUI-9WB1EZAC97TCW3H3UTL0UQHRH.pcm

SwiftExplicitDependencyGeneratePcm x86_64 /tmp/nosfy-cartes-dd/ModuleCache.noindex/MetalKit-EEX6K7FKPMGU1GV47KA42OSE8.pcm

SwiftExplicitDependencyGeneratePcm x86_64 /tmp/nosfy-cartes-dd/ModuleCache.noindex/SceneKit-9TO9DEET56IS2FMM5LQ1W41DU.pcm

SwiftExplicitDependencyGeneratePcm arm64 /tmp/nosfy-cartes-dd/ModuleCache.noindex/SwiftUI-E62S3OKWVJBKBUIQNHITHYC03.pcm

SwiftExplicitDependencyGeneratePcm arm64 /tmp/nosfy-cartes-dd/ModuleCache.noindex/GLKit-BJ5PXIPWDTTMX1Q3PMFY39SAA.pcm

SwiftExplicitDependencyGeneratePcm arm64 /tmp/nosfy-cartes-dd/ModuleCache.noindex/MetalKit-74SEJ0K4H78DS4EN7LVZTCGJC.pcm

SwiftExplicitDependencyGeneratePcm arm64 /tmp/nosfy-cartes-dd/ModuleCache.noindex/AuthenticationServices-D37RFZ94EXCUW8M5V9NNE2IU9.pcm

SwiftExplicitDependencyGeneratePcm arm64 /tmp/nosfy-cartes-dd/ModuleCache.noindex/SceneKit-73L464YI6NU5BHJZG97HXJJXO.pcm

SwiftCompile normal x86_64 Compiling\ ChipVerre.swift,\ CinematicPlayer.swift,\ ClavierBraise.swift,\ CoffreFlipLab.swift,\ CoffreFortCoin.swift,\ CoffreFortPurse.swift,\ CoffreFortView.swift,\ CoffreV2.swift,\ ConnexionButtonLab.swift,\ ConnexionCinematic.swift,\ CorpsNacre.swift,\ CounterLab.swift,\ DemonVideo.swift,\ DepartCine.swift,\ DepartSeance.swift,\ DevilAuraOverlay.swift,\ DuolinguoPage.swift,\ EmberFlameLab.swift,\ ExerciseDetailView.swift,\ ExerciseEditor.swift /Users/kathryn/Desktop/Nosfy/Nosfy/Views/ChipVerre.swift /Users/kathryn/Desktop/Nosfy/Nosfy/Views/CinematicPlayer.swift /Users/kathryn/Desktop/Nosfy/Nosfy/Views/ClavierBraise.swift /Users/kathryn/Desktop/Nosfy/Nosfy/Views/CoffreFlipLab.swift /Users/kathryn/Desktop/Nosfy/Nosfy/Views/CoffreFortCoin.swift /Users/kathryn/Desktop/Nosfy/Nosfy/Views/CoffreFortPurse.swift /Users/kathryn/Desktop/Nosfy/Nosfy/Views/CoffreFortView.swift /Users/kathryn/Desktop/Nosfy/Nosfy/Views/CoffreV2.swift /Users/kathryn/Desktop/Nosfy/Nosfy/Views/ConnexionButtonLab.swift /Users/kathryn/Desktop/Nosfy/Nosfy/Views/ConnexionCinematic.swift /Users/kathryn/Desktop/Nosfy/Nosfy/Views/CorpsNacre.swift /Users/kathryn/Desktop/Nosfy/Nosfy/Views/CounterLab.swift /Users/kathryn/Desktop/Nosfy/Nosfy/Views/DemonVideo.swift /Users/kathryn/Desktop/Nosfy/Nosfy/Views/DepartCine.swift /Users/kathryn/Desktop/Nosfy/Nosfy/Views/DepartSeance.swift /Users/kathryn/Desktop/Nosfy/Nosfy/Views/DevilAuraOverlay.swift /Users/kathryn/Desktop/Nosfy/Nosfy/Views/DuolinguoPage.swift /Users/kathryn/Desktop/Nosfy/Nosfy/Views/EmberFlameLab.swift /Users/kathryn/Desktop/Nosfy/Nosfy/Views/ExerciseDetailView.swift /Users/kathryn/Desktop/Nosfy/Nosfy/Views/ExerciseEditor.swift (in target 'Nosfy' from project 'Nosfy')
SwiftCompile normal x86_64 /Users/kathryn/Desktop/Nosfy/Nosfy/Views/ChipVerre.swift (in target 'Nosfy' from project 'Nosfy')
    cd /Users/kathryn/Desktop/Nosfy
    

SwiftCompile normal x86_64 /Users/kathryn/Desktop/Nosfy/Nosfy/Views/CinematicPlayer.swift (in target 'Nosfy' from project 'Nosfy')
    cd /Users/kathryn/Desktop/Nosfy
    

SwiftCompile normal x86_64 /Users/kathryn/Desktop/Nosfy/Nosfy/Views/ClavierBraise.swift (in target 'Nosfy' from project 'Nosfy')
    cd /Users/kathryn/Desktop/Nosfy
    

SwiftCompile normal x86_64 /Users/kathryn/Desktop/Nosfy/Nosfy/Views/CoffreFlipLab.swift (in target 'Nosfy' from project 'Nosfy')
    cd /Users/kathryn/Desktop/Nosfy
    
/Users/kathryn/Desktop/Nosfy/Nosfy/Views/CoffreFlipLab.swift:246:43: warning: 'main' was deprecated in iOS 26.0: Use a UIScreen instance found through context instead (i.e, view.window.windowScene.screen), or for properties like UIScreen.scale with trait equivalents, use a traitCollection found through context.
                    .position(x: UIScreen.main.bounds.width / 2,
                                          ^
/Users/kathryn/Desktop/Nosfy/Nosfy/Views/CoffreFlipLab.swift:248:45: warning: 'main' was deprecated in iOS 26.0: Use a UIScreen instance found through context instead (i.e, view.window.windowScene.screen), or for properties like UIScreen.scale with trait equivalents, use a traitCollection found through context.
                                 ? UIScreen.main.bounds.height * 0.63
                                            ^
/Users/kathryn/Desktop/Nosfy/Nosfy/Views/CoffreFlipLab.swift:249:45: warning: 'main' was deprecated in iOS 26.0: Use a UIScreen instance found through context instead (i.e, view.window.windowScene.screen), or for properties like UIScreen.scale with trait equivalents, use a traitCollection found through context.
                                 : UIScreen.main.bounds.height * 0.46)
                                            ^

SwiftCompile normal x86_64 /Users/kathryn/Desktop/Nosfy/Nosfy/Views/CoffreFortCoin.swift (in target 'Nosfy' from project 'Nosfy')
    cd /Users/kathryn/Desktop/Nosfy
    

SwiftCompile normal x86_64 /Users/kathryn/Desktop/Nosfy/Nosfy/Views/CoffreFortPurse.swift (in target 'Nosfy' from project 'Nosfy')
    cd /Users/kathryn/Desktop/Nosfy
    

SwiftCompile normal x86_64 /Users/kathryn/Desktop/Nosfy/Nosfy/Views/CoffreFortView.swift (in target 'Nosfy' from project 'Nosfy')
    cd /Users/kathryn/Desktop/Nosfy
    

SwiftCompile normal x86_64 /Users/kathryn/Desktop/Nosfy/Nosfy/Views/CoffreV2.swift (in target 'Nosfy' from project 'Nosfy')
    cd /Users/kathryn/Desktop/Nosfy
    

SwiftCompile normal x86_64 /Users/kathryn/Desktop/Nosfy/Nosfy/Views/ConnexionButtonLab.swift (in target 'Nosfy' from project 'Nosfy')
    cd /Users/kathryn/Desktop/Nosfy
    

SwiftCompile normal x86_64 /Users/kathryn/Desktop/Nosfy/Nosfy/Views/ConnexionCinematic.swift (in target 'Nosfy' from project 'Nosfy')
    cd /Users/kathryn/Desktop/Nosfy
    

SwiftCompile normal x86_64 /Users/kathryn/Desktop/Nosfy/Nosfy/Views/CorpsNacre.swift (in target 'Nosfy' from project 'Nosfy')
    cd /Users/kathryn/Desktop/Nosfy
    

SwiftCompile normal x86_64 /Users/kathryn/Desktop/Nosfy/Nosfy/Views/CounterLab.swift (in target 'Nosfy' from project 'Nosfy')
    cd /Users/kathryn/Desktop/Nosfy
    

SwiftCompile normal x86_64 /Users/kathryn/Desktop/Nosfy/Nosfy/Views/DemonVideo.swift (in target 'Nosfy' from project 'Nosfy')
    cd /Users/kathryn/Desktop/Nosfy
    

SwiftCompile normal x86_64 /Users/kathryn/Desktop/Nosfy/Nosfy/Views/DepartCine.swift (in target 'Nosfy' from project 'Nosfy')
    cd /Users/kathryn/Desktop/Nosfy
    

SwiftCompile normal x86_64 /Users/kathryn/Desktop/Nosfy/Nosfy/Views/DepartSeance.swift (in target 'Nosfy' from project 'Nosfy')
    cd /Users/kathryn/Desktop/Nosfy
    

SwiftCompile normal x86_64 /Users/kathryn/Desktop/Nosfy/Nosfy/Views/DevilAuraOverlay.swift (in target 'Nosfy' from project 'Nosfy')
    cd /Users/kathryn/Desktop/Nosfy
    

SwiftCompile normal x86_64 /Users/kathryn/Desktop/Nosfy/Nosfy/Views/DuolinguoPage.swift (in target 'Nosfy' from project 'Nosfy')
    cd /Users/kathryn/Desktop/Nosfy
    
/Users/kathryn/Desktop/Nosfy/Nosfy/Views/DuolinguoPage.swift:1356:9: warning: result of call to 'withAnimation' is unused
        withAnimation(.easeInOut(duration: 0.45)) { etat.reclamees.insert(e.id) }
        ^            ~~~~~~~~~~~~~~~~~~~~~~~~~~~~~~~~~~~~~~~~~~~~~~~~~~~~~~~~~~~~
/Users/kathryn/Desktop/Nosfy/Nosfy/Views/DuolinguoPage.swift:1365:17: warning: result of call to 'withAnimation' is unused
                withAnimation(.easeInOut(duration: 0.30)) { etat.reclamees.remove(e.id) }
                ^            ~~~~~~~~~~~~~~~~~~~~~~~~~~~~~~~~~~~~~~~~~~~~~~~~~~~~~~~~~~~~

SwiftCompile normal x86_64 /Users/kathryn/Desktop/Nosfy/Nosfy/Views/EmberFlameLab.swift (in target 'Nosfy' from project 'Nosfy')
    cd /Users/kathryn/Desktop/Nosfy
    

SwiftCompile normal x86_64 /Users/kathryn/Desktop/Nosfy/Nosfy/Views/ExerciseDetailView.swift (in target 'Nosfy' from project 'Nosfy')
    cd /Users/kathryn/Desktop/Nosfy
    
/Users/kathryn/Desktop/Nosfy/Nosfy/Views/ExerciseDetailView.swift:2103:13: warning: initialization of immutable value 'naissance' was never used; consider replacing with assignment to '_' or removing it
        let naissance = Self.sstep(0.45, 0.92, u)
        ~~~~^~~~~~~~~
        _

SwiftCompile normal x86_64 /Users/kathryn/Desktop/Nosfy/Nosfy/Views/ExerciseEditor.swift (in target 'Nosfy' from project 'Nosfy')
    cd /Users/kathryn/Desktop/Nosfy
    

SwiftCompile normal x86_64 Compiling\ BottleSplash.swift,\ CoinChime.swift,\ DiamondGlints.swift,\ Ink.swift,\ LightDial.swift,\ LuneDust.swift,\ MonolithChime.swift,\ NightBirds.swift,\ RocketHaptics.swift,\ SparkleBurst.swift,\ SplashBackground.swift,\ SplashWisp.swift,\ Annonces.swift,\ AppleAuth.swift,\ CartesServeur.swift,\ ChambreServeur.swift,\ CoachServeur.swift,\ Compte.swift,\ EconomieNosfy.swift,\ ForgeServeur.swift /Users/kathryn/Desktop/Nosfy/Nosfy/Figures/BottleSplash.swift /Users/kathryn/Desktop/Nosfy/Nosfy/Figures/CoinChime.swift /Users/kathryn/Desktop/Nosfy/Nosfy/Figures/DiamondGlints.swift /Users/kathryn/Desktop/Nosfy/Nosfy/Figures/Ink.swift /Users/kathryn/Desktop/Nosfy/Nosfy/Figures/LightDial.swift /Users/kathryn/Desktop/Nosfy/Nosfy/Figures/LuneDust.swift /Users/kathryn/Desktop/Nosfy/Nosfy/Figures/MonolithChime.swift /Users/kathryn/Desktop/Nosfy/Nosfy/Figures/NightBirds.swift /Users/kathryn/Desktop/Nosfy/Nosfy/Figures/RocketHaptics.swift /Users/kathryn/Desktop/Nosfy/Nosfy/Figures/SparkleBurst.swift /Users/kathryn/Desktop/Nosfy/Nosfy/Figures/SplashBackground.swift /Users/kathryn/Desktop/Nosfy/Nosfy/Figures/SplashWisp.swift /Users/kathryn/Desktop/Nosfy/Nosfy/Services/Annonces.swift /Users/kathryn/Desktop/Nosfy/Nosfy/Services/AppleAuth.swift /Users/kathryn/Desktop/Nosfy/Nosfy/Services/CartesServeur.swift /Users/kathryn/Desktop/Nosfy/Nosfy/Services/ChambreServeur.swift /Users/kathryn/Desktop/Nosfy/Nosfy/Services/CoachServeur.swift /Users/kathryn/Desktop/Nosfy/Nosfy/Services/Compte.swift /Users/kathryn/Desktop/Nosfy/Nosfy/Services/EconomieNosfy.swift /Users/kathryn/Desktop/Nosfy/Nosfy/Services/ForgeServeur.swift (in target 'Nosfy' from project 'Nosfy')
SwiftCompile normal x86_64 /Users/kathryn/Desktop/Nosfy/Nosfy/Figures/BottleSplash.swift (in target 'Nosfy' from project 'Nosfy')
    cd /Users/kathryn/Desktop/Nosfy
    
/Users/kathryn/Desktop/Nosfy/Nosfy/Services/AppleAuth.swift:303:74: warning: 'init()' was deprecated in iOS 26.0: Use init(windowScene:) instead.
        return fenetres.first(where: \.isKeyWindow) ?? fenetres.first ?? ASPresentationAnchor()
                                                                         ^

SwiftCompile normal x86_64 /Users/kathryn/Desktop/Nosfy/Nosfy/Figures/CoinChime.swift (in target 'Nosfy' from project 'Nosfy')
    cd /Users/kathryn/Desktop/Nosfy
    
/Users/kathryn/Desktop/Nosfy/Nosfy/Services/AppleAuth.swift:303:74: warning: 'init()' was deprecated in iOS 26.0: Use init(windowScene:) instead.
        return fenetres.first(where: \.isKeyWindow) ?? fenetres.first ?? ASPresentationAnchor()
                                                                         ^

SwiftCompile normal x86_64 /Users/kathryn/Desktop/Nosfy/Nosfy/Figures/DiamondGlints.swift (in target 'Nosfy' from project 'Nosfy')
    cd /Users/kathryn/Desktop/Nosfy
    
/Users/kathryn/Desktop/Nosfy/Nosfy/Services/AppleAuth.swift:303:74: warning: 'init()' was deprecated in iOS 26.0: Use init(windowScene:) instead.
        return fenetres.first(where: \.isKeyWindow) ?? fenetres.first ?? ASPresentationAnchor()
                                                                         ^

SwiftCompile normal x86_64 /Users/kathryn/Desktop/Nosfy/Nosfy/Figures/Ink.swift (in target 'Nosfy' from project 'Nosfy')
    cd /Users/kathryn/Desktop/Nosfy
    
/Users/kathryn/Desktop/Nosfy/Nosfy/Services/AppleAuth.swift:303:74: warning: 'init()' was deprecated in iOS 26.0: Use init(windowScene:) instead.
        return fenetres.first(where: \.isKeyWindow) ?? fenetres.first ?? ASPresentationAnchor()
                                                                         ^

SwiftCompile normal x86_64 /Users/kathryn/Desktop/Nosfy/Nosfy/Figures/LightDial.swift (in target 'Nosfy' from project 'Nosfy')
    cd /Users/kathryn/Desktop/Nosfy
    
/Users/kathryn/Desktop/Nosfy/Nosfy/Services/AppleAuth.swift:303:74: warning: 'init()' was deprecated in iOS 26.0: Use init(windowScene:) instead.
        return fenetres.first(where: \.isKeyWindow) ?? fenetres.first ?? ASPresentationAnchor()
                                                                         ^

SwiftCompile normal x86_64 /Users/kathryn/Desktop/Nosfy/Nosfy/Figures/LuneDust.swift (in target 'Nosfy' from project 'Nosfy')
    cd /Users/kathryn/Desktop/Nosfy
    
/Users/kathryn/Desktop/Nosfy/Nosfy/Services/AppleAuth.swift:303:74: warning: 'init()' was deprecated in iOS 26.0: Use init(windowScene:) instead.
        return fenetres.first(where: \.isKeyWindow) ?? fenetres.first ?? ASPresentationAnchor()
                                                                         ^

SwiftCompile normal x86_64 /Users/kathryn/Desktop/Nosfy/Nosfy/Figures/MonolithChime.swift (in target 'Nosfy' from project 'Nosfy')
    cd /Users/kathryn/Desktop/Nosfy
    
/Users/kathryn/Desktop/Nosfy/Nosfy/Services/AppleAuth.swift:303:74: warning: 'init()' was deprecated in iOS 26.0: Use init(windowScene:) instead.
        return fenetres.first(where: \.isKeyWindow) ?? fenetres.first ?? ASPresentationAnchor()
                                                                         ^

SwiftCompile normal x86_64 /Users/kathryn/Desktop/Nosfy/Nosfy/Figures/NightBirds.swift (in target 'Nosfy' from project 'Nosfy')
    cd /Users/kathryn/Desktop/Nosfy
    
/Users/kathryn/Desktop/Nosfy/Nosfy/Services/AppleAuth.swift:303:74: warning: 'init()' was deprecated in iOS 26.0: Use init(windowScene:) instead.
        return fenetres.first(where: \.isKeyWindow) ?? fenetres.first ?? ASPresentationAnchor()
                                                                         ^

SwiftCompile normal x86_64 /Users/kathryn/Desktop/Nosfy/Nosfy/Figures/RocketHaptics.swift (in target 'Nosfy' from project 'Nosfy')
    cd /Users/kathryn/Desktop/Nosfy
    
/Users/kathryn/Desktop/Nosfy/Nosfy/Services/AppleAuth.swift:303:74: warning: 'init()' was deprecated in iOS 26.0: Use init(windowScene:) instead.
        return fenetres.first(where: \.isKeyWindow) ?? fenetres.first ?? ASPresentationAnchor()
                                                                         ^

SwiftCompile normal x86_64 /Users/kathryn/Desktop/Nosfy/Nosfy/Figures/SparkleBurst.swift (in target 'Nosfy' from project 'Nosfy')
    cd /Users/kathryn/Desktop/Nosfy
    
/Users/kathryn/Desktop/Nosfy/Nosfy/Services/AppleAuth.swift:303:74: warning: 'init()' was deprecated in iOS 26.0: Use init(windowScene:) instead.
        return fenetres.first(where: \.isKeyWindow) ?? fenetres.first ?? ASPresentationAnchor()
                                                                         ^

SwiftCompile normal x86_64 /Users/kathryn/Desktop/Nosfy/Nosfy/Figures/SplashBackground.swift (in target 'Nosfy' from project 'Nosfy')
    cd /Users/kathryn/Desktop/Nosfy
    
/Users/kathryn/Desktop/Nosfy/Nosfy/Services/AppleAuth.swift:303:74: warning: 'init()' was deprecated in iOS 26.0: Use init(windowScene:) instead.
        return fenetres.first(where: \.isKeyWindow) ?? fenetres.first ?? ASPresentationAnchor()
                                                                         ^

SwiftCompile normal x86_64 /Users/kathryn/Desktop/Nosfy/Nosfy/Figures/SplashWisp.swift (in target 'Nosfy' from project 'Nosfy')
    cd /Users/kathryn/Desktop/Nosfy
    
/Users/kathryn/Desktop/Nosfy/Nosfy/Services/AppleAuth.swift:303:74: warning: 'init()' was deprecated in iOS 26.0: Use init(windowScene:) instead.
        return fenetres.first(where: \.isKeyWindow) ?? fenetres.first ?? ASPresentationAnchor()
                                                                         ^

SwiftCompile normal x86_64 /Users/kathryn/Desktop/Nosfy/Nosfy/Services/Annonces.swift (in target 'Nosfy' from project 'Nosfy')
    cd /Users/kathryn/Desktop/Nosfy
    
/Users/kathryn/Desktop/Nosfy/Nosfy/Services/AppleAuth.swift:303:74: warning: 'init()' was deprecated in iOS 26.0: Use init(windowScene:) instead.
        return fenetres.first(where: \.isKeyWindow) ?? fenetres.first ?? ASPresentationAnchor()
                                                                         ^

SwiftCompile normal x86_64 /Users/kathryn/Desktop/Nosfy/Nosfy/Services/AppleAuth.swift (in target 'Nosfy' from project 'Nosfy')
    cd /Users/kathryn/Desktop/Nosfy
    
/Users/kathryn/Desktop/Nosfy/Nosfy/Services/AppleAuth.swift:303:74: warning: 'init()' was deprecated in iOS 26.0: Use init(windowScene:) instead.
        return fenetres.first(where: \.isKeyWindow) ?? fenetres.first ?? ASPresentationAnchor()
                                                                         ^

SwiftCompile normal x86_64 /Users/kathryn/Desktop/Nosfy/Nosfy/Services/CartesServeur.swift (in target 'Nosfy' from project 'Nosfy')
    cd /Users/kathryn/Desktop/Nosfy
    
/Users/kathryn/Desktop/Nosfy/Nosfy/Services/AppleAuth.swift:303:74: warning: 'init()' was deprecated in iOS 26.0: Use init(windowScene:) instead.
        return fenetres.first(where: \.isKeyWindow) ?? fenetres.first ?? ASPresentationAnchor()
                                                                         ^

SwiftCompile normal x86_64 /Users/kathryn/Desktop/Nosfy/Nosfy/Services/ChambreServeur.swift (in target 'Nosfy' from project 'Nosfy')
    cd /Users/kathryn/Desktop/Nosfy
    
/Users/kathryn/Desktop/Nosfy/Nosfy/Services/AppleAuth.swift:303:74: warning: 'init()' was deprecated in iOS 26.0: Use init(windowScene:) instead.
        return fenetres.first(where: \.isKeyWindow) ?? fenetres.first ?? ASPresentationAnchor()
                                                                         ^

SwiftCompile normal x86_64 /Users/kathryn/Desktop/Nosfy/Nosfy/Services/CoachServeur.swift (in target 'Nosfy' from project 'Nosfy')
    cd /Users/kathryn/Desktop/Nosfy
    
/Users/kathryn/Desktop/Nosfy/Nosfy/Services/AppleAuth.swift:303:74: warning: 'init()' was deprecated in iOS 26.0: Use init(windowScene:) instead.
        return fenetres.first(where: \.isKeyWindow) ?? fenetres.first ?? ASPresentationAnchor()
                                                                         ^

SwiftCompile normal x86_64 /Users/kathryn/Desktop/Nosfy/Nosfy/Services/Compte.swift (in target 'Nosfy' from project 'Nosfy')
    cd /Users/kathryn/Desktop/Nosfy
    
/Users/kathryn/Desktop/Nosfy/Nosfy/Services/AppleAuth.swift:303:74: warning: 'init()' was deprecated in iOS 26.0: Use init(windowScene:) instead.
        return fenetres.first(where: \.isKeyWindow) ?? fenetres.first ?? ASPresentationAnchor()
                                                                         ^

SwiftCompile normal x86_64 /Users/kathryn/Desktop/Nosfy/Nosfy/Services/EconomieNosfy.swift (in target 'Nosfy' from project 'Nosfy')
    cd /Users/kathryn/Desktop/Nosfy
    
/Users/kathryn/Desktop/Nosfy/Nosfy/Services/AppleAuth.swift:303:74: warning: 'init()' was deprecated in iOS 26.0: Use init(windowScene:) instead.
        return fenetres.first(where: \.isKeyWindow) ?? fenetres.first ?? ASPresentationAnchor()
                                                                         ^

SwiftCompile normal x86_64 /Users/kathryn/Desktop/Nosfy/Nosfy/Services/ForgeServeur.swift (in target 'Nosfy' from project 'Nosfy')
    cd /Users/kathryn/Desktop/Nosfy
    
/Users/kathryn/Desktop/Nosfy/Nosfy/Services/AppleAuth.swift:303:74: warning: 'init()' was deprecated in iOS 26.0: Use init(windowScene:) instead.
        return fenetres.first(where: \.isKeyWindow) ?? fenetres.first ?? ASPresentationAnchor()
                                                                         ^

SwiftCompile normal x86_64 Compiling\ ProfilLune.swift,\ ProgressionView.swift,\ ProgressPage.swift,\ RecentWorkoutCard.swift,\ RestartSheet.swift,\ RewardCard.swift,\ RewardChemin.swift,\ RewardCheminCard.swift,\ ImpGlyph.swift,\ MoonGlyph.swift,\ ProgressComet.swift,\ WorkoutActivity.swift,\ WorkoutLiveCard.swift,\ WorkoutLiveFocus.swift,\ RewardCheminVariants.swift,\ RewardLab.swift,\ RythmeEcran.swift,\ SacreAccueil.swift,\ SessionSlate.swift,\ SetEntrySheet.swift /Users/kathryn/Desktop/Nosfy/Nosfy/Views/ProfilLune.swift /Users/kathryn/Desktop/Nosfy/Nosfy/Views/ProgressionView.swift /Users/kathryn/Desktop/Nosfy/Nosfy/Views/ProgressPage.swift /Users/kathryn/Desktop/Nosfy/Nosfy/Views/RecentWorkoutCard.swift /Users/kathryn/Desktop/Nosfy/Nosfy/Views/RestartSheet.swift /Users/kathryn/Desktop/Nosfy/Nosfy/Views/RewardCard.swift /Users/kathryn/Desktop/Nosfy/Nosfy/Views/RewardChemin.swift /Users/kathryn/Desktop/Nosfy/Nosfy/Views/RewardCheminCard.swift /Users/kathryn/Desktop/Nosfy/NosfyShared/ImpGlyph.swift /Users/kathryn/Desktop/Nosfy/NosfyShared/MoonGlyph.swift /Users/kathryn/Desktop/Nosfy/NosfyShared/ProgressComet.swift /Users/kathryn/Desktop/Nosfy/NosfyShared/WorkoutActivity.swift /Users/kathryn/Desktop/Nosfy/NosfyShared/WorkoutLiveCard.swift /Users/kathryn/Desktop/Nosfy/NosfyShared/WorkoutLiveFocus.swift /Users/kathryn/Desktop/Nosfy/Nosfy/Views/RewardCheminVariants.swift /Users/kathryn/Desktop/Nosfy/Nosfy/Views/RewardLab.swift /Users/kathryn/Desktop/Nosfy/Nosfy/Views/RythmeEcran.swift /Users/kathryn/Desktop/Nosfy/Nosfy/Views/SacreAccueil.swift /Users/kathryn/Desktop/Nosfy/Nosfy/Views/SessionSlate.swift /Users/kathryn/Desktop/Nosfy/Nosfy/Views/SetEntrySheet.swift (in target 'Nosfy' from project 'Nosfy')
SwiftCompile normal x86_64 /Users/kathryn/Desktop/Nosfy/Nosfy/Views/ProfilLune.swift (in target 'Nosfy' from project 'Nosfy')
    cd /Users/kathryn/Desktop/Nosfy
    

SwiftCompile normal x86_64 /Users/kathryn/Desktop/Nosfy/Nosfy/Views/ProgressionView.swift (in target 'Nosfy' from project 'Nosfy')
    cd /Users/kathryn/Desktop/Nosfy
    

SwiftCompile normal x86_64 /Users/kathryn/Desktop/Nosfy/Nosfy/Views/ProgressPage.swift (in target 'Nosfy' from project 'Nosfy')
    cd /Users/kathryn/Desktop/Nosfy
    

SwiftCompile normal x86_64 /Users/kathryn/Desktop/Nosfy/Nosfy/Views/RecentWorkoutCard.swift (in target 'Nosfy' from project 'Nosfy')
    cd /Users/kathryn/Desktop/Nosfy
    

SwiftCompile normal x86_64 /Users/kathryn/Desktop/Nosfy/Nosfy/Views/RestartSheet.swift (in target 'Nosfy' from project 'Nosfy')
    cd /Users/kathryn/Desktop/Nosfy
    

SwiftCompile normal x86_64 /Users/kathryn/Desktop/Nosfy/Nosfy/Views/RewardCard.swift (in target 'Nosfy' from project 'Nosfy')
    cd /Users/kathryn/Desktop/Nosfy
    
/Users/kathryn/Desktop/Nosfy/Nosfy/Views/RewardCard.swift:1550:17: warning: initialization of immutable value 'tilt' was never used; consider replacing with assignment to '_' or removing it
            let tilt = SkyMotion.shared.tilt
            ~~~~^~~~
            _

SwiftCompile normal x86_64 /Users/kathryn/Desktop/Nosfy/Nosfy/Views/RewardChemin.swift (in target 'Nosfy' from project 'Nosfy')
    cd /Users/kathryn/Desktop/Nosfy
    

SwiftCompile normal x86_64 /Users/kathryn/Desktop/Nosfy/Nosfy/Views/RewardCheminCard.swift (in target 'Nosfy' from project 'Nosfy')
    cd /Users/kathryn/Desktop/Nosfy
    

SwiftCompile normal x86_64 /Users/kathryn/Desktop/Nosfy/NosfyShared/ImpGlyph.swift (in target 'Nosfy' from project 'Nosfy')
    cd /Users/kathryn/Desktop/Nosfy
    

SwiftCompile normal x86_64 /Users/kathryn/Desktop/Nosfy/NosfyShared/MoonGlyph.swift (in target 'Nosfy' from project 'Nosfy')
    cd /Users/kathryn/Desktop/Nosfy
    

SwiftCompile normal x86_64 /Users/kathryn/Desktop/Nosfy/NosfyShared/ProgressComet.swift (in target 'Nosfy' from project 'Nosfy')
    cd /Users/kathryn/Desktop/Nosfy
    

SwiftCompile normal x86_64 /Users/kathryn/Desktop/Nosfy/NosfyShared/WorkoutActivity.swift (in target 'Nosfy' from project 'Nosfy')
    cd /Users/kathryn/Desktop/Nosfy
    

SwiftCompile normal x86_64 /Users/kathryn/Desktop/Nosfy/NosfyShared/WorkoutLiveCard.swift (in target 'Nosfy' from project 'Nosfy')
    cd /Users/kathryn/Desktop/Nosfy
    

SwiftCompile normal x86_64 /Users/kathryn/Desktop/Nosfy/NosfyShared/WorkoutLiveFocus.swift (in target 'Nosfy' from project 'Nosfy')
    cd /Users/kathryn/Desktop/Nosfy
    

SwiftCompile normal x86_64 /Users/kathryn/Desktop/Nosfy/Nosfy/Views/RewardCheminVariants.swift (in target 'Nosfy' from project 'Nosfy')
    cd /Users/kathryn/Desktop/Nosfy
    

SwiftCompile normal x86_64 /Users/kathryn/Desktop/Nosfy/Nosfy/Views/RewardLab.swift (in target 'Nosfy' from project 'Nosfy')
    cd /Users/kathryn/Desktop/Nosfy
    

SwiftCompile normal x86_64 /Users/kathryn/Desktop/Nosfy/Nosfy/Views/RythmeEcran.swift (in target 'Nosfy' from project 'Nosfy')
    cd /Users/kathryn/Desktop/Nosfy
    

SwiftCompile normal x86_64 /Users/kathryn/Desktop/Nosfy/Nosfy/Views/SacreAccueil.swift (in target 'Nosfy' from project 'Nosfy')
    cd /Users/kathryn/Desktop/Nosfy
    

SwiftCompile normal x86_64 /Users/kathryn/Desktop/Nosfy/Nosfy/Views/SessionSlate.swift (in target 'Nosfy' from project 'Nosfy')
    cd /Users/kathryn/Desktop/Nosfy
    

SwiftCompile normal x86_64 /Users/kathryn/Desktop/Nosfy/Nosfy/Views/SetEntrySheet.swift (in target 'Nosfy' from project 'Nosfy')
    cd /Users/kathryn/Desktop/Nosfy
    

SwiftEmitModule normal x86_64 Emitting\ module\ for\ Woop (in target 'Nosfy' from project 'Nosfy')

EmitSwiftModule normal x86_64 (in target 'Nosfy' from project 'Nosfy')
    cd /Users/kathryn/Desktop/Nosfy
    

SwiftCompile normal x86_64 Compiling\ ExercisePhoto.swift,\ ExerciseSetupCard.swift,\ ExercisesView.swift,\ ExosFond.swift,\ FilmDepartSeance.swift,\ FlameLab.swift,\ FlammeJauge.swift,\ FlammeJaugeLab.swift,\ FondVideoMetal.swift,\ Foyer.swift,\ FumeeInviteMetal.swift,\ GaletEtape.swift,\ GaletLab.swift,\ GaletSlide.swift,\ HaloDawnLab.swift,\ HarmonieLab.swift,\ HomeAuroraView.swift,\ HomeNuit.swift,\ HomeView.swift,\ JewelTabBar.swift /Users/kathryn/Desktop/Nosfy/Nosfy/Views/ExercisePhoto.swift /Users/kathryn/Desktop/Nosfy/Nosfy/Views/ExerciseSetupCard.swift /Users/kathryn/Desktop/Nosfy/Nosfy/Views/ExercisesView.swift /Users/kathryn/Desktop/Nosfy/Nosfy/Views/ExosFond.swift /Users/kathryn/Desktop/Nosfy/Nosfy/Views/FilmDepartSeance.swift /Users/kathryn/Desktop/Nosfy/Nosfy/Views/FlameLab.swift /Users/kathryn/Desktop/Nosfy/Nosfy/Views/FlammeJauge.swift /Users/kathryn/Desktop/Nosfy/Nosfy/Views/FlammeJaugeLab.swift /Users/kathryn/Desktop/Nosfy/Nosfy/Views/FondVideoMetal.swift /Users/kathryn/Desktop/Nosfy/Nosfy/Views/Foyer.swift /Users/kathryn/Desktop/Nosfy/Nosfy/Views/FumeeInviteMetal.swift /Users/kathryn/Desktop/Nosfy/Nosfy/Views/GaletEtape.swift /Users/kathryn/Desktop/Nosfy/Nosfy/Views/GaletLab.swift /Users/kathryn/Desktop/Nosfy/Nosfy/Views/GaletSlide.swift /Users/kathryn/Desktop/Nosfy/Nosfy/Views/HaloDawnLab.swift /Users/kathryn/Desktop/Nosfy/Nosfy/Views/HarmonieLab.swift /Users/kathryn/Desktop/Nosfy/Nosfy/Views/HomeAuroraView.swift /Users/kathryn/Desktop/Nosfy/Nosfy/Views/HomeNuit.swift /Users/kathryn/Desktop/Nosfy/Nosfy/Views/HomeView.swift /Users/kathryn/Desktop/Nosfy/Nosfy/Views/JewelTabBar.swift (in target 'Nosfy' from project 'Nosfy')

SwiftCompile normal x86_64 /Users/kathryn/Desktop/Nosfy/Nosfy/Views/ExercisePhoto.swift (in target 'Nosfy' from project 'Nosfy')
    cd /Users/kathryn/Desktop/Nosfy
    

SwiftCompile normal x86_64 /Users/kathryn/Desktop/Nosfy/Nosfy/Views/ExerciseSetupCard.swift (in target 'Nosfy' from project 'Nosfy')
    cd /Users/kathryn/Desktop/Nosfy
    

SwiftCompile normal x86_64 /Users/kathryn/Desktop/Nosfy/Nosfy/Views/ExercisesView.swift (in target 'Nosfy' from project 'Nosfy')
    cd /Users/kathryn/Desktop/Nosfy
    
/Users/kathryn/Desktop/Nosfy/Nosfy/Views/ExercisesView.swift:2023:49: warning: call to main actor-isolated static method 'voileBas' in a synchronous nonisolated context
                    let bas = min(1, GrilleExos.voileBas(vh - f.maxY - 60) * 1.5)
                                                ^
/Users/kathryn/Desktop/Nosfy/Nosfy/Views/ExercisesView.swift:1786:17: note: calls to static method 'voileBas' from outside of its actor context are implicitly asynchronous
    static func voileBas(_ d: CGFloat) -> Double {
                ^
/Users/kathryn/Desktop/Nosfy/Nosfy/Views/ExercisesView.swift:1786:17: note: main actor isolation inferred from conformance to protocol 'View'
    static func voileBas(_ d: CGFloat) -> Double {
                ^
/Users/kathryn/Desktop/Nosfy/Nosfy/Views/ExercisesView.swift:2024:43: warning: call to main actor-isolated static method 'voileHaut' in a synchronous nonisolated context
                    let haut = GrilleExos.voileHaut(reserve - f.minY)
                                          ^
/Users/kathryn/Desktop/Nosfy/Nosfy/Views/ExercisesView.swift:1795:17: note: calls to static method 'voileHaut' from outside of its actor context are implicitly asynchronous
    static func voileHaut(_ d: CGFloat) -> Double {
                ^
/Users/kathryn/Desktop/Nosfy/Nosfy/Views/ExercisesView.swift:1795:17: note: main actor isolation inferred from conformance to protocol 'View'
    static func voileHaut(_ d: CGFloat) -> Double {
                ^
/Users/kathryn/Desktop/Nosfy/Nosfy/Views/ExercisesView.swift:2113:42: warning: call to main actor-isolated static method 'voileBas' in a synchronous nonisolated context
                    let bas = GrilleExos.voileBas(vh - f.maxY)
                                         ^
/Users/kathryn/Desktop/Nosfy/Nosfy/Views/ExercisesView.swift:1786:17: note: calls to static method 'voileBas' from outside of its actor context are implicitly asynchronous
    static func voileBas(_ d: CGFloat) -> Double {
                ^
/Users/kathryn/Desktop/Nosfy/Nosfy/Views/ExercisesView.swift:1786:17: note: main actor isolation inferred from conformance to protocol 'View'
    static func voileBas(_ d: CGFloat) -> Double {
                ^
/Users/kathryn/Desktop/Nosfy/Nosfy/Views/ExercisesView.swift:2114:43: warning: call to main actor-isolated static method 'voileHaut' in a synchronous nonisolated context
                    let haut = GrilleExos.voileHaut(reserve - f.minY)
                                          ^
/Users/kathryn/Desktop/Nosfy/Nosfy/Views/ExercisesView.swift:1795:17: note: calls to static method 'voileHaut' from outside of its actor context are implicitly asynchronous
    static func voileHaut(_ d: CGFloat) -> Double {
                ^
/Users/kathryn/Desktop/Nosfy/Nosfy/Views/ExercisesView.swift:1795:17: note: main actor isolation inferred from conformance to protocol 'View'
    static func voileHaut(_ d: CGFloat) -> Double {
                ^

SwiftCompile normal x86_64 /Users/kathryn/Desktop/Nosfy/Nosfy/Views/ExosFond.swift (in target 'Nosfy' from project 'Nosfy')
    cd /Users/kathryn/Desktop/Nosfy
    

SwiftCompile normal x86_64 /Users/kathryn/Desktop/Nosfy/Nosfy/Views/FilmDepartSeance.swift (in target 'Nosfy' from project 'Nosfy')
    cd /Users/kathryn/Desktop/Nosfy
    

SwiftCompile normal x86_64 /Users/kathryn/Desktop/Nosfy/Nosfy/Views/FlameLab.swift (in target 'Nosfy' from project 'Nosfy')
    cd /Users/kathryn/Desktop/Nosfy
    

SwiftCompile normal x86_64 /Users/kathryn/Desktop/Nosfy/Nosfy/Views/FlammeJauge.swift (in target 'Nosfy' from project 'Nosfy')
    cd /Users/kathryn/Desktop/Nosfy
    

SwiftCompile normal x86_64 /Users/kathryn/Desktop/Nosfy/Nosfy/Views/FlammeJaugeLab.swift (in target 'Nosfy' from project 'Nosfy')
    cd /Users/kathryn/Desktop/Nosfy
    

SwiftCompile normal x86_64 /Users/kathryn/Desktop/Nosfy/Nosfy/Views/FondVideoMetal.swift (in target 'Nosfy' from project 'Nosfy')
    cd /Users/kathryn/Desktop/Nosfy
    

SwiftCompile normal x86_64 /Users/kathryn/Desktop/Nosfy/Nosfy/Views/Foyer.swift (in target 'Nosfy' from project 'Nosfy')
    cd /Users/kathryn/Desktop/Nosfy
    

SwiftCompile normal x86_64 /Users/kathryn/Desktop/Nosfy/Nosfy/Views/FumeeInviteMetal.swift (in target 'Nosfy' from project 'Nosfy')
    cd /Users/kathryn/Desktop/Nosfy
    

SwiftCompile normal x86_64 /Users/kathryn/Desktop/Nosfy/Nosfy/Views/GaletEtape.swift (in target 'Nosfy' from project 'Nosfy')
    cd /Users/kathryn/Desktop/Nosfy
    
/Users/kathryn/Desktop/Nosfy/Nosfy/Views/GaletEtape.swift:88:13: warning: initialization of immutable value 's' was never used; consider replacing with assignment to '_' or removing it
        let s = graine
        ~~~~^
        _

SwiftCompile normal x86_64 /Users/kathryn/Desktop/Nosfy/Nosfy/Views/GaletLab.swift (in target 'Nosfy' from project 'Nosfy')
    cd /Users/kathryn/Desktop/Nosfy
    

SwiftCompile normal x86_64 /Users/kathryn/Desktop/Nosfy/Nosfy/Views/GaletSlide.swift (in target 'Nosfy' from project 'Nosfy')
    cd /Users/kathryn/Desktop/Nosfy
    

SwiftCompile normal x86_64 /Users/kathryn/Desktop/Nosfy/Nosfy/Views/HaloDawnLab.swift (in target 'Nosfy' from project 'Nosfy')
    cd /Users/kathryn/Desktop/Nosfy
    

SwiftCompile normal x86_64 /Users/kathryn/Desktop/Nosfy/Nosfy/Views/HarmonieLab.swift (in target 'Nosfy' from project 'Nosfy')
    cd /Users/kathryn/Desktop/Nosfy
    

SwiftCompile normal x86_64 /Users/kathryn/Desktop/Nosfy/Nosfy/Views/HomeAuroraView.swift (in target 'Nosfy' from project 'Nosfy')
    cd /Users/kathryn/Desktop/Nosfy
    

SwiftCompile normal x86_64 /Users/kathryn/Desktop/Nosfy/Nosfy/Views/HomeNuit.swift (in target 'Nosfy' from project 'Nosfy')
    cd /Users/kathryn/Desktop/Nosfy
    
/Users/kathryn/Desktop/Nosfy/Nosfy/Views/HomeNuit.swift:3403:13: warning: initialization of immutable value 'flou' was never used; consider replacing with assignment to '_' or removing it
        let flou = DepartCine.sstep(DepartCine.flouAt,
        ~~~~^~~~
        _
/Users/kathryn/Desktop/Nosfy/Nosfy/Views/HomeNuit.swift:3405:13: warning: initialization of immutable value 'mort' was never used; consider replacing with assignment to '_' or removing it
        let mort = DepartCine.sstep(DepartCine.fadeAt,
        ~~~~^~~~
        _

SwiftCompile normal x86_64 /Users/kathryn/Desktop/Nosfy/Nosfy/Views/HomeView.swift (in target 'Nosfy' from project 'Nosfy')
    cd /Users/kathryn/Desktop/Nosfy
    

SwiftCompile normal x86_64 /Users/kathryn/Desktop/Nosfy/Nosfy/Views/JewelTabBar.swift (in target 'Nosfy' from project 'Nosfy')
    cd /Users/kathryn/Desktop/Nosfy
    

SwiftCompile normal x86_64 Compiling\ NosfyOnboarding.swift,\ NotchedCard.swift,\ NotifCard.swift,\ NotifChasse.swift,\ NotifLab.swift,\ ObjectiveCard.swift,\ ObjectiveCardLab.swift,\ ObsidianCard.swift,\ ObsidianCardLab.swift,\ OrphanProbe.swift,\ PageCard.swift,\ PanBande.swift,\ ParoleLigne.swift,\ PerleSemaineNative.swift,\ PiluleVagabonde.swift,\ PlayerMonde.swift,\ PlayerSeance.swift,\ PorteApple.swift,\ PorteEntree.swift,\ PremiereArrivee.swift /Users/kathryn/Desktop/Nosfy/Nosfy/Views/NosfyOnboarding.swift /Users/kathryn/Desktop/Nosfy/Nosfy/Views/NotchedCard.swift /Users/kathryn/Desktop/Nosfy/Nosfy/Views/NotifCard.swift /Users/kathryn/Desktop/Nosfy/Nosfy/Views/NotifChasse.swift /Users/kathryn/Desktop/Nosfy/Nosfy/Views/NotifLab.swift /Users/kathryn/Desktop/Nosfy/Nosfy/Views/ObjectiveCard.swift /Users/kathryn/Desktop/Nosfy/Nosfy/Views/ObjectiveCardLab.swift /Users/kathryn/Desktop/Nosfy/Nosfy/Views/ObsidianCard.swift /Users/kathryn/Desktop/Nosfy/Nosfy/Views/ObsidianCardLab.swift /Users/kathryn/Desktop/Nosfy/Nosfy/Views/OrphanProbe.swift /Users/kathryn/Desktop/Nosfy/Nosfy/Views/PageCard.swift /Users/kathryn/Desktop/Nosfy/Nosfy/Views/PanBande.swift /Users/kathryn/Desktop/Nosfy/Nosfy/Views/ParoleLigne.swift /Users/kathryn/Desktop/Nosfy/Nosfy/Views/PerleSemaineNative.swift /Users/kathryn/Desktop/Nosfy/Nosfy/Views/PiluleVagabonde.swift /Users/kathryn/Desktop/Nosfy/Nosfy/Views/PlayerMonde.swift /Users/kathryn/Desktop/Nosfy/Nosfy/Views/PlayerSeance.swift /Users/kathryn/Desktop/Nosfy/Nosfy/Views/PorteApple.swift /Users/kathryn/Desktop/Nosfy/Nosfy/Views/PorteEntree.swift /Users/kathryn/Desktop/Nosfy/Nosfy/Views/PremiereArrivee.swift (in target 'Nosfy' from project 'Nosfy')

SwiftCompile normal x86_64 /Users/kathryn/Desktop/Nosfy/Nosfy/Views/NosfyOnboarding.swift (in target 'Nosfy' from project 'Nosfy')
    cd /Users/kathryn/Desktop/Nosfy
    
/Users/kathryn/Desktop/Nosfy/Nosfy/Views/NosfyOnboarding.swift:499:65: warning: backward matching of the unlabeled trailing closure is deprecated; label the argument with 'onTap' to suppress this warning
                SemaineTapable(choisis: reponses.jours, en: en) { i in
                                                              ~ ^
                                                              , onTap: 
/Users/kathryn/Desktop/Nosfy/Nosfy/Views/NosfyOnboarding.swift:1856:16: note: 'init(choisis:onTap:en:)' declared here
private struct SemaineTapable: View {
               ^
/Users/kathryn/Desktop/Nosfy/Nosfy/Views/NosfyOnboarding.swift:743:23: warning: main actor-isolated property 'etape' cannot be accessed from outside of the actor; this is an error in the Swift 6 language mode
                while etape != e {
                      ^~~~~~~~~~
                      await 
/Users/kathryn/Desktop/Nosfy/Nosfy/Views/NosfyOnboarding.swift:749:24: warning: main actor-isolated property 'etape' cannot be accessed from outside of the actor; this is an error in the Swift 6 language mode
                return etape == e
                       ^~~~~~~~~~
                       await 

SwiftCompile normal x86_64 /Users/kathryn/Desktop/Nosfy/Nosfy/Views/NotchedCard.swift (in target 'Nosfy' from project 'Nosfy')
    cd /Users/kathryn/Desktop/Nosfy
    

SwiftCompile normal x86_64 /Users/kathryn/Desktop/Nosfy/Nosfy/Views/NotifCard.swift (in target 'Nosfy' from project 'Nosfy')
    cd /Users/kathryn/Desktop/Nosfy
    

SwiftCompile normal x86_64 /Users/kathryn/Desktop/Nosfy/Nosfy/Views/NotifChasse.swift (in target 'Nosfy' from project 'Nosfy')
    cd /Users/kathryn/Desktop/Nosfy
    

SwiftCompile normal x86_64 /Users/kathryn/Desktop/Nosfy/Nosfy/Views/NotifLab.swift (in target 'Nosfy' from project 'Nosfy')
    cd /Users/kathryn/Desktop/Nosfy
    

SwiftCompile normal x86_64 /Users/kathryn/Desktop/Nosfy/Nosfy/Views/ObjectiveCard.swift (in target 'Nosfy' from project 'Nosfy')
    cd /Users/kathryn/Desktop/Nosfy
    

SwiftCompile normal x86_64 /Users/kathryn/Desktop/Nosfy/Nosfy/Views/ObjectiveCardLab.swift (in target 'Nosfy' from project 'Nosfy')
    cd /Users/kathryn/Desktop/Nosfy
    

SwiftCompile normal x86_64 /Users/kathryn/Desktop/Nosfy/Nosfy/Views/ObsidianCard.swift (in target 'Nosfy' from project 'Nosfy')
    cd /Users/kathryn/Desktop/Nosfy
    

SwiftCompile normal x86_64 /Users/kathryn/Desktop/Nosfy/Nosfy/Views/ObsidianCardLab.swift (in target 'Nosfy' from project 'Nosfy')
    cd /Users/kathryn/Desktop/Nosfy
    

SwiftCompile normal x86_64 /Users/kathryn/Desktop/Nosfy/Nosfy/Views/OrphanProbe.swift (in target 'Nosfy' from project 'Nosfy')
    cd /Users/kathryn/Desktop/Nosfy
    

SwiftCompile normal x86_64 /Users/kathryn/Desktop/Nosfy/Nosfy/Views/PageCard.swift (in target 'Nosfy' from project 'Nosfy')
    cd /Users/kathryn/Desktop/Nosfy
    

SwiftCompile normal x86_64 /Users/kathryn/Desktop/Nosfy/Nosfy/Views/PanBande.swift (in target 'Nosfy' from project 'Nosfy')
    cd /Users/kathryn/Desktop/Nosfy
    

SwiftCompile normal x86_64 /Users/kathryn/Desktop/Nosfy/Nosfy/Views/ParoleLigne.swift (in target 'Nosfy' from project 'Nosfy')
    cd /Users/kathryn/Desktop/Nosfy
    

SwiftCompile normal x86_64 /Users/kathryn/Desktop/Nosfy/Nosfy/Views/PerleSemaineNative.swift (in target 'Nosfy' from project 'Nosfy')
    cd /Users/kathryn/Desktop/Nosfy
    

SwiftCompile normal x86_64 /Users/kathryn/Desktop/Nosfy/Nosfy/Views/PiluleVagabonde.swift (in target 'Nosfy' from project 'Nosfy')
    cd /Users/kathryn/Desktop/Nosfy
    
/Users/kathryn/Desktop/Nosfy/Nosfy/Views/PiluleVagabonde.swift:377:25: warning: 'main' was deprecated in iOS 26.0: Use a UIScreen instance found through context instead (i.e, view.window.windowScene.screen), or for properties like UIScreen.scale with trait equivalents, use a traitCollection found through context.
        130...(UIScreen.main.bounds.height - 138)
                        ^
/Users/kathryn/Desktop/Nosfy/Nosfy/Views/PiluleVagabonde.swift:390:26: warning: 'main' was deprecated in iOS 26.0: Use a UIScreen instance found through context instead (i.e, view.window.windowScene.screen), or for properties like UIScreen.scale with trait equivalents, use a traitCollection found through context.
        let W = UIScreen.main.bounds.width
                         ^
/Users/kathryn/Desktop/Nosfy/Nosfy/Views/PiluleVagabonde.swift:443:26: warning: 'main' was deprecated in iOS 26.0: Use a UIScreen instance found through context instead (i.e, view.window.windowScene.screen), or for properties like UIScreen.scale with trait equivalents, use a traitCollection found through context.
        let W = UIScreen.main.bounds.width
                         ^
/Users/kathryn/Desktop/Nosfy/Nosfy/Views/PiluleVagabonde.swift:920:35: warning: 'main' was deprecated in iOS 26.0: Use a UIScreen instance found through context instead (i.e, view.window.windowScene.screen), or for properties like UIScreen.scale with trait equivalents, use a traitCollection found through context.
            .position(x: UIScreen.main.bounds.width / 2,
                                  ^
/Users/kathryn/Desktop/Nosfy/Nosfy/Views/PiluleVagabonde.swift:1092:31: warning: 'main' was deprecated in iOS 26.0: Use a UIScreen instance found through context instead (i.e, view.window.windowScene.screen), or for properties like UIScreen.scale with trait equivalents, use a traitCollection found through context.
        .position(x: UIScreen.main.bounds.width / 2, y: IleGeo.centreY)
                              ^
/Users/kathryn/Desktop/Nosfy/Nosfy/Views/PiluleVagabonde.swift:1181:31: warning: 'main' was deprecated in iOS 26.0: Use a UIScreen instance found through context instead (i.e, view.window.windowScene.screen), or for properties like UIScreen.scale with trait equivalents, use a traitCollection found through context.
        .position(x: UIScreen.main.bounds.width / 2,
                              ^
/Users/kathryn/Desktop/Nosfy/Nosfy/Views/PiluleVagabonde.swift:1431:36: warning: 'main' was deprecated in iOS 26.0: Use a UIScreen instance found through context instead (i.e, view.window.windowScene.screen), or for properties like UIScreen.scale with trait equivalents, use a traitCollection found through context.
            .frame(width: UIScreen.main.bounds.width - NotifGeo.margeH * 2,
                                   ^
/Users/kathryn/Desktop/Nosfy/Nosfy/Views/PiluleVagabonde.swift:1502:35: warning: 'main' was deprecated in iOS 26.0: Use a UIScreen instance found through context instead (i.e, view.window.windowScene.screen), or for properties like UIScreen.scale with trait equivalents, use a traitCollection found through context.
            .position(x: UIScreen.main.bounds.width / 2, y: y)
                                  ^

SwiftCompile normal x86_64 /Users/kathryn/Desktop/Nosfy/Nosfy/Views/PlayerMonde.swift (in target 'Nosfy' from project 'Nosfy')
    cd /Users/kathryn/Desktop/Nosfy
    

SwiftCompile normal x86_64 /Users/kathryn/Desktop/Nosfy/Nosfy/Views/PlayerSeance.swift (in target 'Nosfy' from project 'Nosfy')
    cd /Users/kathryn/Desktop/Nosfy
    

SwiftCompile normal x86_64 /Users/kathryn/Desktop/Nosfy/Nosfy/Views/PorteApple.swift (in target 'Nosfy' from project 'Nosfy')
    cd /Users/kathryn/Desktop/Nosfy
    

SwiftCompile normal x86_64 /Users/kathryn/Desktop/Nosfy/Nosfy/Views/PorteEntree.swift (in target 'Nosfy' from project 'Nosfy')
    cd /Users/kathryn/Desktop/Nosfy
    

SwiftCompile normal x86_64 /Users/kathryn/Desktop/Nosfy/Nosfy/Views/PremiereArrivee.swift (in target 'Nosfy' from project 'Nosfy')
    cd /Users/kathryn/Desktop/Nosfy
    

SwiftCompile normal x86_64 Compiling\ HomeTextes.swift,\ InscriptionCompte.swift,\ Langue.swift,\ LuneForge.swift,\ OutboxGains.swift,\ OuvertureSeanceServeur.swift,\ ProfilServeur.swift,\ SacreServeur.swift,\ Supabase.swift,\ SupabaseSync.swift,\ SynthesisService.swift,\ WorkoutActivityController.swift,\ ActiveWorkoutView.swift,\ AppelChapitre.swift,\ AppelProfilVisite.swift,\ AuroraBgLab.swift,\ AuthView.swift,\ BancCoutHome.swift,\ BoosterCard.swift,\ BoosterLab.swift /Users/kathryn/Desktop/Nosfy/Nosfy/Services/HomeTextes.swift /Users/kathryn/Desktop/Nosfy/Nosfy/Services/InscriptionCompte.swift /Users/kathryn/Desktop/Nosfy/Nosfy/Services/Langue.swift /Users/kathryn/Desktop/Nosfy/Nosfy/Services/LuneForge.swift /Users/kathryn/Desktop/Nosfy/Nosfy/Services/OutboxGains.swift /Users/kathryn/Desktop/Nosfy/Nosfy/Services/OuvertureSeanceServeur.swift /Users/kathryn/Desktop/Nosfy/Nosfy/Services/ProfilServeur.swift /Users/kathryn/Desktop/Nosfy/Nosfy/Services/SacreServeur.swift /Users/kathryn/Desktop/Nosfy/Nosfy/Services/Supabase.swift /Users/kathryn/Desktop/Nosfy/Nosfy/Services/SupabaseSync.swift /Users/kathryn/Desktop/Nosfy/Nosfy/Services/SynthesisService.swift /Users/kathryn/Desktop/Nosfy/Nosfy/Services/WorkoutActivityController.swift /Users/kathryn/Desktop/Nosfy/Nosfy/Views/ActiveWorkoutView.swift /Users/kathryn/Desktop/Nosfy/Nosfy/Views/AppelChapitre.swift /Users/kathryn/Desktop/Nosfy/Nosfy/Views/AppelProfilVisite.swift /Users/kathryn/Desktop/Nosfy/Nosfy/Views/AuroraBgLab.swift /Users/kathryn/Desktop/Nosfy/Nosfy/Views/AuthView.swift /Users/kathryn/Desktop/Nosfy/Nosfy/Views/BancCoutHome.swift /Users/kathryn/Desktop/Nosfy/Nosfy/Views/BoosterCard.swift /Users/kathryn/Desktop/Nosfy/Nosfy/Views/BoosterLab.swift (in target 'Nosfy' from project 'Nosfy')

SwiftCompile normal x86_64 /Users/kathryn/Desktop/Nosfy/Nosfy/Services/HomeTextes.swift (in target 'Nosfy' from project 'Nosfy')
    cd /Users/kathryn/Desktop/Nosfy
    

SwiftCompile normal x86_64 /Users/kathryn/Desktop/Nosfy/Nosfy/Services/InscriptionCompte.swift (in target 'Nosfy' from project 'Nosfy')
    cd /Users/kathryn/Desktop/Nosfy
    

SwiftCompile normal x86_64 /Users/kathryn/Desktop/Nosfy/Nosfy/Services/Langue.swift (in target 'Nosfy' from project 'Nosfy')
    cd /Users/kathryn/Desktop/Nosfy
    

SwiftCompile normal x86_64 /Users/kathryn/Desktop/Nosfy/Nosfy/Services/LuneForge.swift (in target 'Nosfy' from project 'Nosfy')
    cd /Users/kathryn/Desktop/Nosfy
    
/Users/kathryn/Desktop/Nosfy/Nosfy/Services/LuneForge.swift:274:19: warning: value 'cadre' was defined but never used; consider replacing with boolean test
        guard let cadre = UIImage(named: "carte-cadre")
              ~~~~^~~~~~~~
              (

SwiftCompile normal x86_64 /Users/kathryn/Desktop/Nosfy/Nosfy/Services/OutboxGains.swift (in target 'Nosfy' from project 'Nosfy')
    cd /Users/kathryn/Desktop/Nosfy
    

SwiftCompile normal x86_64 /Users/kathryn/Desktop/Nosfy/Nosfy/Services/OuvertureSeanceServeur.swift (in target 'Nosfy' from project 'Nosfy')
    cd /Users/kathryn/Desktop/Nosfy
    

SwiftCompile normal x86_64 /Users/kathryn/Desktop/Nosfy/Nosfy/Services/ProfilServeur.swift (in target 'Nosfy' from project 'Nosfy')
    cd /Users/kathryn/Desktop/Nosfy
    

SwiftCompile normal x86_64 /Users/kathryn/Desktop/Nosfy/Nosfy/Services/SacreServeur.swift (in target 'Nosfy' from project 'Nosfy')
    cd /Users/kathryn/Desktop/Nosfy
    

SwiftCompile normal x86_64 /Users/kathryn/Desktop/Nosfy/Nosfy/Services/Supabase.swift (in target 'Nosfy' from project 'Nosfy')
    cd /Users/kathryn/Desktop/Nosfy
    

SwiftCompile normal x86_64 /Users/kathryn/Desktop/Nosfy/Nosfy/Services/SupabaseSync.swift (in target 'Nosfy' from project 'Nosfy')
    cd /Users/kathryn/Desktop/Nosfy
    

SwiftCompile normal x86_64 /Users/kathryn/Desktop/Nosfy/Nosfy/Services/SynthesisService.swift (in target 'Nosfy' from project 'Nosfy')
    cd /Users/kathryn/Desktop/Nosfy
    

SwiftCompile normal x86_64 /Users/kathryn/Desktop/Nosfy/Nosfy/Services/WorkoutActivityController.swift (in target 'Nosfy' from project 'Nosfy')
    cd /Users/kathryn/Desktop/Nosfy
    

SwiftCompile normal x86_64 /Users/kathryn/Desktop/Nosfy/Nosfy/Views/ActiveWorkoutView.swift (in target 'Nosfy' from project 'Nosfy')
    cd /Users/kathryn/Desktop/Nosfy
    

SwiftCompile normal x86_64 /Users/kathryn/Desktop/Nosfy/Nosfy/Views/AppelChapitre.swift (in target 'Nosfy' from project 'Nosfy')
    cd /Users/kathryn/Desktop/Nosfy
    

SwiftCompile normal x86_64 /Users/kathryn/Desktop/Nosfy/Nosfy/Views/AppelProfilVisite.swift (in target 'Nosfy' from project 'Nosfy')
    cd /Users/kathryn/Desktop/Nosfy
    

SwiftCompile normal x86_64 /Users/kathryn/Desktop/Nosfy/Nosfy/Views/AuroraBgLab.swift (in target 'Nosfy' from project 'Nosfy')
    cd /Users/kathryn/Desktop/Nosfy
    

SwiftCompile normal x86_64 /Users/kathryn/Desktop/Nosfy/Nosfy/Views/AuthView.swift (in target 'Nosfy' from project 'Nosfy')
    cd /Users/kathryn/Desktop/Nosfy
    

SwiftCompile normal x86_64 /Users/kathryn/Desktop/Nosfy/Nosfy/Views/BancCoutHome.swift (in target 'Nosfy' from project 'Nosfy')
    cd /Users/kathryn/Desktop/Nosfy
    

SwiftCompile normal x86_64 /Users/kathryn/Desktop/Nosfy/Nosfy/Views/BoosterCard.swift (in target 'Nosfy' from project 'Nosfy')
    cd /Users/kathryn/Desktop/Nosfy
    

SwiftCompile normal x86_64 /Users/kathryn/Desktop/Nosfy/Nosfy/Views/BoosterLab.swift (in target 'Nosfy' from project 'Nosfy')
    cd /Users/kathryn/Desktop/Nosfy
    

SwiftCompile normal x86_64 Compiling\ VerreCoulant.swift,\ VisiteExercice.swift,\ VisiteHome.swift,\ WahouReveal.swift,\ WidgetEdition.swift,\ WidgetsCards.swift,\ WorkoutPill.swift,\ WorkoutsListView.swift,\ Atmosphere.swift,\ DemonSky.swift,\ Models.swift,\ MoonPath.swift,\ MoonSDF.swift,\ NebulaConfiguration.swift,\ NebulaNoise.swift,\ NebulaStrip.swift,\ NosfyApp.swift,\ Theme.swift,\ GeneratedAssetSymbols.swift /Users/kathryn/Desktop/Nosfy/Nosfy/Views/VerreCoulant.swift /Users/kathryn/Desktop/Nosfy/Nosfy/Views/VisiteExercice.swift /Users/kathryn/Desktop/Nosfy/Nosfy/Views/VisiteHome.swift /Users/kathryn/Desktop/Nosfy/Nosfy/Views/WahouReveal.swift /Users/kathryn/Desktop/Nosfy/Nosfy/Views/WidgetEdition.swift /Users/kathryn/Desktop/Nosfy/Nosfy/Views/WidgetsCards.swift /Users/kathryn/Desktop/Nosfy/Nosfy/Views/WorkoutPill.swift /Users/kathryn/Desktop/Nosfy/Nosfy/Views/WorkoutsListView.swift /Users/kathryn/Desktop/Nosfy/Nosfy/Atmosphere.swift /Users/kathryn/Desktop/Nosfy/Nosfy/DemonSky.swift /Users/kathryn/Desktop/Nosfy/Nosfy/Models.swift /Users/kathryn/Desktop/Nosfy/Nosfy/MoonPath.swift /Users/kathryn/Desktop/Nosfy/Nosfy/MoonSDF.swift /Users/kathryn/Desktop/Nosfy/Nosfy/NebulaConfiguration.swift /Users/kathryn/Desktop/Nosfy/Nosfy/NebulaNoise.swift /Users/kathryn/Desktop/Nosfy/Nosfy/NebulaStrip.swift /Users/kathryn/Desktop/Nosfy/Nosfy/NosfyApp.swift /Users/kathryn/Desktop/Nosfy/Nosfy/Theme.swift /tmp/nosfy-cartes-dd/Build/Intermediates.noindex/Nosfy.build/Debug-iphonesimulator/Nosfy.build/DerivedSources/GeneratedAssetSymbols.swift (in target 'Nosfy' from project 'Nosfy')
SwiftCompile normal x86_64 /Users/kathryn/Desktop/Nosfy/Nosfy/Views/VerreCoulant.swift (in target 'Nosfy' from project 'Nosfy')
    cd /Users/kathryn/Desktop/Nosfy
    

SwiftCompile normal x86_64 /Users/kathryn/Desktop/Nosfy/Nosfy/Views/VisiteExercice.swift (in target 'Nosfy' from project 'Nosfy')
    cd /Users/kathryn/Desktop/Nosfy
    

SwiftCompile normal x86_64 /Users/kathryn/Desktop/Nosfy/Nosfy/Views/VisiteHome.swift (in target 'Nosfy' from project 'Nosfy')
    cd /Users/kathryn/Desktop/Nosfy
    

SwiftCompile normal x86_64 /Users/kathryn/Desktop/Nosfy/Nosfy/Views/WahouReveal.swift (in target 'Nosfy' from project 'Nosfy')
    cd /Users/kathryn/Desktop/Nosfy
    

SwiftCompile normal x86_64 /Users/kathryn/Desktop/Nosfy/Nosfy/Views/WidgetEdition.swift (in target 'Nosfy' from project 'Nosfy')
    cd /Users/kathryn/Desktop/Nosfy
    

SwiftCompile normal x86_64 /Users/kathryn/Desktop/Nosfy/Nosfy/Views/WidgetsCards.swift (in target 'Nosfy' from project 'Nosfy')
    cd /Users/kathryn/Desktop/Nosfy
    

SwiftCompile normal x86_64 /Users/kathryn/Desktop/Nosfy/Nosfy/Views/WorkoutPill.swift (in target 'Nosfy' from project 'Nosfy')
    cd /Users/kathryn/Desktop/Nosfy
    

SwiftCompile normal x86_64 /Users/kathryn/Desktop/Nosfy/Nosfy/Views/WorkoutsListView.swift (in target 'Nosfy' from project 'Nosfy')
    cd /Users/kathryn/Desktop/Nosfy
    

SwiftCompile normal x86_64 /Users/kathryn/Desktop/Nosfy/Nosfy/Atmosphere.swift (in target 'Nosfy' from project 'Nosfy')
    cd /Users/kathryn/Desktop/Nosfy
    

SwiftCompile normal x86_64 /Users/kathryn/Desktop/Nosfy/Nosfy/DemonSky.swift (in target 'Nosfy' from project 'Nosfy')
    cd /Users/kathryn/Desktop/Nosfy
    

SwiftCompile normal x86_64 /Users/kathryn/Desktop/Nosfy/Nosfy/Models.swift (in target 'Nosfy' from project 'Nosfy')
    cd /Users/kathryn/Desktop/Nosfy
    

SwiftCompile normal x86_64 /Users/kathryn/Desktop/Nosfy/Nosfy/MoonPath.swift (in target 'Nosfy' from project 'Nosfy')
    cd /Users/kathryn/Desktop/Nosfy
    

SwiftCompile normal x86_64 /Users/kathryn/Desktop/Nosfy/Nosfy/MoonSDF.swift (in target 'Nosfy' from project 'Nosfy')
    cd /Users/kathryn/Desktop/Nosfy
    

SwiftCompile normal x86_64 /Users/kathryn/Desktop/Nosfy/Nosfy/NebulaConfiguration.swift (in target 'Nosfy' from project 'Nosfy')
    cd /Users/kathryn/Desktop/Nosfy
    

SwiftCompile normal x86_64 /Users/kathryn/Desktop/Nosfy/Nosfy/NebulaNoise.swift (in target 'Nosfy' from project 'Nosfy')
    cd /Users/kathryn/Desktop/Nosfy
    

SwiftCompile normal x86_64 /Users/kathryn/Desktop/Nosfy/Nosfy/NebulaStrip.swift (in target 'Nosfy' from project 'Nosfy')
    cd /Users/kathryn/Desktop/Nosfy
    

SwiftCompile normal x86_64 /Users/kathryn/Desktop/Nosfy/Nosfy/NosfyApp.swift (in target 'Nosfy' from project 'Nosfy')
    cd /Users/kathryn/Desktop/Nosfy
    
/Users/kathryn/Desktop/Nosfy/Nosfy/NosfyApp.swift:1353:44: warning: left side of nil coalescing operator '??' has non-optional type 'Date', so the right side is never used
            MiniCardJour(date: a.startedAt ?? .now,
                               ~~~~~~~~~~~~^~~~~~~
                                          
/Users/kathryn/Desktop/Nosfy/Nosfy/NosfyApp.swift:1378:58: warning: left side of nil coalescing operator '??' has non-optional type 'Date', so the right side is never used
                TimelineView(.periodic(from: a.startedAt ?? .now,
                                             ~~~~~~~~~~~~^~~~~~~
                                                        
/Users/kathryn/Desktop/Nosfy/Nosfy/NosfyApp.swift:1381:56: warning: left side of nil coalescing operator '??' has non-optional type 'Date', so the right side is never used
                        .timeIntervalSince(a.startedAt ?? .now)))
                                           ~~~~~~~~~~~~^~~~~~~
                                                      
/Users/kathryn/Desktop/Nosfy/Nosfy/NosfyApp.swift:1773:47: warning: left side of nil coalescing operator '??' has non-optional type 'Date', so the right side is never used
                    departSeance: a.startedAt ?? .now,
                                  ~~~~~~~~~~~~^~~~~~~
                                             
/Users/kathryn/Desktop/Nosfy/Nosfy/NosfyApp.swift:1799:41: warning: left side of nil coalescing operator '??' has non-optional type 'Date', so the right side is never used
                    depart: a.startedAt ?? .now,
                            ~~~~~~~~~~~~^~~~~~~
                                       
/Users/kathryn/Desktop/Nosfy/Nosfy/NosfyApp.swift:1798:43: warning: 'main' was deprecated in iOS 26.0: Use a UIScreen instance found through context instead (i.e, view.window.windowScene.screen), or for properties like UIScreen.scale with trait equivalents, use a traitCollection found through context.
                    ecranTaille: UIScreen.main.bounds.size,
                                          ^

SwiftCompile normal x86_64 /Users/kathryn/Desktop/Nosfy/Nosfy/Theme.swift (in target 'Nosfy' from project 'Nosfy')
    cd /Users/kathryn/Desktop/Nosfy
    

SwiftCompile normal x86_64 /tmp/nosfy-cartes-dd/Build/Intermediates.noindex/Nosfy.build/Debug-iphonesimulator/Nosfy.build/DerivedSources/GeneratedAssetSymbols.swift (in target 'Nosfy' from project 'Nosfy')
    cd /Users/kathryn/Desktop/Nosfy
    

SwiftCompile normal x86_64 Compiling\ LaunchPebble.swift,\ LensParticles.swift,\ LiquidLensLab.swift,\ LisereCoreAnimation.swift,\ LisereImages.swift,\ LisereRespirant.swift,\ LiveExerciseView.swift,\ LivingNebulaBackground.swift,\ LoginLab.swift,\ LogoLab.swift,\ LuneDeSang.swift,\ MenuCouronne.swift,\ MenuNappe.swift,\ MoonCoinLab.swift,\ MoonSplash.swift,\ NavDiagnostic.swift,\ NavEncre.swift,\ NavLab.swift,\ NeonPrimaryButton.swift,\ NeonPrimaryLab.swift /Users/kathryn/Desktop/Nosfy/Nosfy/Views/LaunchPebble.swift /Users/kathryn/Desktop/Nosfy/Nosfy/Views/LensParticles.swift /Users/kathryn/Desktop/Nosfy/Nosfy/Views/LiquidLensLab.swift /Users/kathryn/Desktop/Nosfy/Nosfy/Views/LisereCoreAnimation.swift /Users/kathryn/Desktop/Nosfy/Nosfy/Views/LisereImages.swift /Users/kathryn/Desktop/Nosfy/Nosfy/Views/LisereRespirant.swift /Users/kathryn/Desktop/Nosfy/Nosfy/Views/LiveExerciseView.swift /Users/kathryn/Desktop/Nosfy/Nosfy/Views/LivingNebulaBackground.swift /Users/kathryn/Desktop/Nosfy/Nosfy/Views/LoginLab.swift /Users/kathryn/Desktop/Nosfy/Nosfy/Views/LogoLab.swift /Users/kathryn/Desktop/Nosfy/Nosfy/Views/LuneDeSang.swift /Users/kathryn/Desktop/Nosfy/Nosfy/Views/MenuCouronne.swift /Users/kathryn/Desktop/Nosfy/Nosfy/Views/MenuNappe.swift /Users/kathryn/Desktop/Nosfy/Nosfy/Views/MoonCoinLab.swift /Users/kathryn/Desktop/Nosfy/Nosfy/Views/MoonSplash.swift /Users/kathryn/Desktop/Nosfy/Nosfy/Views/NavDiagnostic.swift /Users/kathryn/Desktop/Nosfy/Nosfy/Views/NavEncre.swift /Users/kathryn/Desktop/Nosfy/Nosfy/Views/NavLab.swift /Users/kathryn/Desktop/Nosfy/Nosfy/Views/NeonPrimaryButton.swift /Users/kathryn/Desktop/Nosfy/Nosfy/Views/NeonPrimaryLab.swift (in target 'Nosfy' from project 'Nosfy')

SwiftCompile normal x86_64 /Users/kathryn/Desktop/Nosfy/Nosfy/Views/LaunchPebble.swift (in target 'Nosfy' from project 'Nosfy')
    cd /Users/kathryn/Desktop/Nosfy
    

SwiftCompile normal x86_64 /Users/kathryn/Desktop/Nosfy/Nosfy/Views/LensParticles.swift (in target 'Nosfy' from project 'Nosfy')
    cd /Users/kathryn/Desktop/Nosfy
    
/Users/kathryn/Desktop/Nosfy/Nosfy/Views/LensParticles.swift:46:17: warning: initialization of immutable value 'ce' was never used; consider replacing with assignment to '_' or removing it
            let ce = ceStart.map { now.timeIntervalSince($0) } ?? -1
            ~~~~^~
            _

SwiftCompile normal x86_64 /Users/kathryn/Desktop/Nosfy/Nosfy/Views/LiquidLensLab.swift (in target 'Nosfy' from project 'Nosfy')
    cd /Users/kathryn/Desktop/Nosfy
    
/Users/kathryn/Desktop/Nosfy/Nosfy/Views/LiquidLensLab.swift:1221:13: warning: immutable value 'veil' was never used; consider replacing with '_' or removing it
        let veil: Double = entering ? 1 : 0
            ^~~~
            _

SwiftCompile normal x86_64 /Users/kathryn/Desktop/Nosfy/Nosfy/Views/LisereCoreAnimation.swift (in target 'Nosfy' from project 'Nosfy')
    cd /Users/kathryn/Desktop/Nosfy
    

SwiftCompile normal x86_64 /Users/kathryn/Desktop/Nosfy/Nosfy/Views/LisereImages.swift (in target 'Nosfy' from project 'Nosfy')
    cd /Users/kathryn/Desktop/Nosfy
    

SwiftCompile normal x86_64 /Users/kathryn/Desktop/Nosfy/Nosfy/Views/LisereRespirant.swift (in target 'Nosfy' from project 'Nosfy')
    cd /Users/kathryn/Desktop/Nosfy
    

SwiftCompile normal x86_64 /Users/kathryn/Desktop/Nosfy/Nosfy/Views/LiveExerciseView.swift (in target 'Nosfy' from project 'Nosfy')
    cd /Users/kathryn/Desktop/Nosfy
    

SwiftCompile normal x86_64 /Users/kathryn/Desktop/Nosfy/Nosfy/Views/LivingNebulaBackground.swift (in target 'Nosfy' from project 'Nosfy')
    cd /Users/kathryn/Desktop/Nosfy
    

SwiftCompile normal x86_64 /Users/kathryn/Desktop/Nosfy/Nosfy/Views/LoginLab.swift (in target 'Nosfy' from project 'Nosfy')
    cd /Users/kathryn/Desktop/Nosfy
    

SwiftCompile normal x86_64 /Users/kathryn/Desktop/Nosfy/Nosfy/Views/LogoLab.swift (in target 'Nosfy' from project 'Nosfy')
    cd /Users/kathryn/Desktop/Nosfy
    

SwiftCompile normal x86_64 /Users/kathryn/Desktop/Nosfy/Nosfy/Views/LuneDeSang.swift (in target 'Nosfy' from project 'Nosfy')
    cd /Users/kathryn/Desktop/Nosfy
    

SwiftCompile normal x86_64 /Users/kathryn/Desktop/Nosfy/Nosfy/Views/MenuCouronne.swift (in target 'Nosfy' from project 'Nosfy')
    cd /Users/kathryn/Desktop/Nosfy
    

SwiftCompile normal x86_64 /Users/kathryn/Desktop/Nosfy/Nosfy/Views/MenuNappe.swift (in target 'Nosfy' from project 'Nosfy')
    cd /Users/kathryn/Desktop/Nosfy
    
/Users/kathryn/Desktop/Nosfy/Nosfy/Views/MenuNappe.swift:1959:34: warning: call to main actor-isolated instance method 'dragLevel' in a synchronous nonisolated context
            RocketHaptics.shared.dragLevel(x * 0.55)
                                 ^
/Users/kathryn/Desktop/Nosfy/Nosfy/Figures/RocketHaptics.swift:343:10: note: calls to instance method 'dragLevel' from outside of its actor context are implicitly asynchronous
    func dragLevel(_ climb: Double) {
         ^
/Users/kathryn/Desktop/Nosfy/Nosfy/Views/MenuNappe.swift:1959:27: warning: main actor-isolated static property 'shared' can not be referenced from a Sendable closure
            RocketHaptics.shared.dragLevel(x * 0.55)
                          ^
/Users/kathryn/Desktop/Nosfy/Nosfy/Figures/RocketHaptics.swift:25:16: note: static property declared here
    static let shared = RocketHaptics()
               ^

SwiftCompile normal x86_64 /Users/kathryn/Desktop/Nosfy/Nosfy/Views/MoonCoinLab.swift (in target 'Nosfy' from project 'Nosfy')
    cd /Users/kathryn/Desktop/Nosfy
    

SwiftCompile normal x86_64 /Users/kathryn/Desktop/Nosfy/Nosfy/Views/MoonSplash.swift (in target 'Nosfy' from project 'Nosfy')
    cd /Users/kathryn/Desktop/Nosfy
    
/Users/kathryn/Desktop/Nosfy/Nosfy/Views/MoonSplash.swift:883:60: warning: main actor-isolated property 'start' cannot be accessed from outside of the actor; this is an error in the Swift 6 language mode
                let left = when - Date().timeIntervalSince(start)
                           ~~~~~~~~~~~~~~~~~~~~~~~~~~~~~~~~^~~~~~
                           await 

SwiftCompile normal x86_64 /Users/kathryn/Desktop/Nosfy/Nosfy/Views/NavDiagnostic.swift (in target 'Nosfy' from project 'Nosfy')
    cd /Users/kathryn/Desktop/Nosfy
    

SwiftCompile normal x86_64 /Users/kathryn/Desktop/Nosfy/Nosfy/Views/NavEncre.swift (in target 'Nosfy' from project 'Nosfy')
    cd /Users/kathryn/Desktop/Nosfy
    

SwiftCompile normal x86_64 /Users/kathryn/Desktop/Nosfy/Nosfy/Views/NavLab.swift (in target 'Nosfy' from project 'Nosfy')
    cd /Users/kathryn/Desktop/Nosfy
    

SwiftCompile normal x86_64 /Users/kathryn/Desktop/Nosfy/Nosfy/Views/NeonPrimaryButton.swift (in target 'Nosfy' from project 'Nosfy')
    cd /Users/kathryn/Desktop/Nosfy
    

SwiftCompile normal x86_64 /Users/kathryn/Desktop/Nosfy/Nosfy/Views/NeonPrimaryLab.swift (in target 'Nosfy' from project 'Nosfy')
    cd /Users/kathryn/Desktop/Nosfy
    

SwiftEmitModule normal arm64 Emitting\ module\ for\ Woop (in target 'Nosfy' from project 'Nosfy')

EmitSwiftModule normal arm64 (in target 'Nosfy' from project 'Nosfy')
    cd /Users/kathryn/Desktop/Nosfy
    

SwiftCompile normal arm64 Compiling\ HomeTextes.swift,\ InscriptionCompte.swift,\ Langue.swift,\ LuneForge.swift,\ OutboxGains.swift,\ OuvertureSeanceServeur.swift,\ ProfilServeur.swift,\ SacreServeur.swift,\ Supabase.swift,\ SupabaseSync.swift,\ SynthesisService.swift,\ WorkoutActivityController.swift,\ ActiveWorkoutView.swift,\ AppelChapitre.swift,\ AppelProfilVisite.swift,\ AuroraBgLab.swift,\ AuthView.swift,\ BancCoutHome.swift,\ BoosterCard.swift,\ BoosterLab.swift /Users/kathryn/Desktop/Nosfy/Nosfy/Services/HomeTextes.swift /Users/kathryn/Desktop/Nosfy/Nosfy/Services/InscriptionCompte.swift /Users/kathryn/Desktop/Nosfy/Nosfy/Services/Langue.swift /Users/kathryn/Desktop/Nosfy/Nosfy/Services/LuneForge.swift /Users/kathryn/Desktop/Nosfy/Nosfy/Services/OutboxGains.swift /Users/kathryn/Desktop/Nosfy/Nosfy/Services/OuvertureSeanceServeur.swift /Users/kathryn/Desktop/Nosfy/Nosfy/Services/ProfilServeur.swift /Users/kathryn/Desktop/Nosfy/Nosfy/Services/SacreServeur.swift /Users/kathryn/Desktop/Nosfy/Nosfy/Services/Supabase.swift /Users/kathryn/Desktop/Nosfy/Nosfy/Services/SupabaseSync.swift /Users/kathryn/Desktop/Nosfy/Nosfy/Services/SynthesisService.swift /Users/kathryn/Desktop/Nosfy/Nosfy/Services/WorkoutActivityController.swift /Users/kathryn/Desktop/Nosfy/Nosfy/Views/ActiveWorkoutView.swift /Users/kathryn/Desktop/Nosfy/Nosfy/Views/AppelChapitre.swift /Users/kathryn/Desktop/Nosfy/Nosfy/Views/AppelProfilVisite.swift /Users/kathryn/Desktop/Nosfy/Nosfy/Views/AuroraBgLab.swift /Users/kathryn/Desktop/Nosfy/Nosfy/Views/AuthView.swift /Users/kathryn/Desktop/Nosfy/Nosfy/Views/BancCoutHome.swift /Users/kathryn/Desktop/Nosfy/Nosfy/Views/BoosterCard.swift /Users/kathryn/Desktop/Nosfy/Nosfy/Views/BoosterLab.swift (in target 'Nosfy' from project 'Nosfy')

SwiftCompile normal arm64 /Users/kathryn/Desktop/Nosfy/Nosfy/Services/HomeTextes.swift (in target 'Nosfy' from project 'Nosfy')
    cd /Users/kathryn/Desktop/Nosfy
    

SwiftCompile normal arm64 /Users/kathryn/Desktop/Nosfy/Nosfy/Services/InscriptionCompte.swift (in target 'Nosfy' from project 'Nosfy')
    cd /Users/kathryn/Desktop/Nosfy
    

SwiftCompile normal arm64 /Users/kathryn/Desktop/Nosfy/Nosfy/Services/Langue.swift (in target 'Nosfy' from project 'Nosfy')
    cd /Users/kathryn/Desktop/Nosfy
    

SwiftCompile normal arm64 /Users/kathryn/Desktop/Nosfy/Nosfy/Services/LuneForge.swift (in target 'Nosfy' from project 'Nosfy')
    cd /Users/kathryn/Desktop/Nosfy
    
/Users/kathryn/Desktop/Nosfy/Nosfy/Services/LuneForge.swift:274:19: warning: value 'cadre' was defined but never used; consider replacing with boolean test
        guard let cadre = UIImage(named: "carte-cadre")
              ~~~~^~~~~~~~
              (

SwiftCompile normal arm64 /Users/kathryn/Desktop/Nosfy/Nosfy/Services/OutboxGains.swift (in target 'Nosfy' from project 'Nosfy')
    cd /Users/kathryn/Desktop/Nosfy
    

SwiftCompile normal arm64 /Users/kathryn/Desktop/Nosfy/Nosfy/Services/OuvertureSeanceServeur.swift (in target 'Nosfy' from project 'Nosfy')
    cd /Users/kathryn/Desktop/Nosfy
    

SwiftCompile normal arm64 /Users/kathryn/Desktop/Nosfy/Nosfy/Services/ProfilServeur.swift (in target 'Nosfy' from project 'Nosfy')
    cd /Users/kathryn/Desktop/Nosfy
    

SwiftCompile normal arm64 /Users/kathryn/Desktop/Nosfy/Nosfy/Services/SacreServeur.swift (in target 'Nosfy' from project 'Nosfy')
    cd /Users/kathryn/Desktop/Nosfy
    

SwiftCompile normal arm64 /Users/kathryn/Desktop/Nosfy/Nosfy/Services/Supabase.swift (in target 'Nosfy' from project 'Nosfy')
    cd /Users/kathryn/Desktop/Nosfy
    

SwiftCompile normal arm64 /Users/kathryn/Desktop/Nosfy/Nosfy/Services/SupabaseSync.swift (in target 'Nosfy' from project 'Nosfy')
    cd /Users/kathryn/Desktop/Nosfy
    

SwiftCompile normal arm64 /Users/kathryn/Desktop/Nosfy/Nosfy/Services/SynthesisService.swift (in target 'Nosfy' from project 'Nosfy')
    cd /Users/kathryn/Desktop/Nosfy
    

SwiftCompile normal arm64 /Users/kathryn/Desktop/Nosfy/Nosfy/Services/WorkoutActivityController.swift (in target 'Nosfy' from project 'Nosfy')
    cd /Users/kathryn/Desktop/Nosfy
    

SwiftCompile normal arm64 /Users/kathryn/Desktop/Nosfy/Nosfy/Views/ActiveWorkoutView.swift (in target 'Nosfy' from project 'Nosfy')
    cd /Users/kathryn/Desktop/Nosfy
    

SwiftCompile normal arm64 /Users/kathryn/Desktop/Nosfy/Nosfy/Views/AppelChapitre.swift (in target 'Nosfy' from project 'Nosfy')
    cd /Users/kathryn/Desktop/Nosfy
    

SwiftCompile normal arm64 /Users/kathryn/Desktop/Nosfy/Nosfy/Views/AppelProfilVisite.swift (in target 'Nosfy' from project 'Nosfy')
    cd /Users/kathryn/Desktop/Nosfy
    

SwiftCompile normal arm64 /Users/kathryn/Desktop/Nosfy/Nosfy/Views/AuroraBgLab.swift (in target 'Nosfy' from project 'Nosfy')
    cd /Users/kathryn/Desktop/Nosfy
    

SwiftCompile normal arm64 /Users/kathryn/Desktop/Nosfy/Nosfy/Views/AuthView.swift (in target 'Nosfy' from project 'Nosfy')
    cd /Users/kathryn/Desktop/Nosfy
    

SwiftCompile normal arm64 /Users/kathryn/Desktop/Nosfy/Nosfy/Views/BancCoutHome.swift (in target 'Nosfy' from project 'Nosfy')
    cd /Users/kathryn/Desktop/Nosfy
    

SwiftCompile normal arm64 /Users/kathryn/Desktop/Nosfy/Nosfy/Views/BoosterCard.swift (in target 'Nosfy' from project 'Nosfy')
    cd /Users/kathryn/Desktop/Nosfy
    

SwiftCompile normal arm64 /Users/kathryn/Desktop/Nosfy/Nosfy/Views/BoosterLab.swift (in target 'Nosfy' from project 'Nosfy')
    cd /Users/kathryn/Desktop/Nosfy
    

SwiftDriverJobDiscovery normal x86_64 Emitting module for Woop (in target 'Nosfy' from project 'Nosfy')

SwiftDriver\ Compilation\ Requirements Nosfy normal x86_64 com.apple.xcode.tools.swift.compiler (in target 'Nosfy' from project 'Nosfy')
    cd /Users/kathryn/Desktop/Nosfy
    builtin-Swift-Compilation-Requirements -- /Applications/Xcode.app/Contents/Developer/Toolchains/XcodeDefault.xctoolchain/usr/bin/swiftc -module-name Woop -Onone @/tmp/nosfy-cartes-dd/Build/Intermediates.noindex/Nosfy.build/Debug-iphonesimulator/Nosfy.build/Objects-normal/x86_64/Nosfy.SwiftFileList -DDEBUG -enable-bare-slash-regex -enable-experimental-feature DebugDescriptionMacro -sdk /Applications/Xcode.app/Contents/Developer/Platforms/iPhoneSimulator.platform/Developer/SDKs/iPhoneSimulator26.5.sdk -target x86_64-apple-ios26.0-simulator -g -module-cache-path /tmp/nosfy-cartes-dd/ModuleCache.noindex -Xfrontend -serialize-debugging-options -enable-testing -index-store-path /tmp/nosfy-cartes-dd/Index.noindex/DataStore -Xcc -D_LIBCPP_HARDENING_MODE\=_LIBCPP_HARDENING_MODE_DEBUG -swift-version 5 -I /tmp/nosfy-cartes-dd/Build/Products/Debug-iphonesimulator -F /tmp/nosfy-cartes-dd/Build/Products/Debug-iphonesimulator -emit-localized-strings -emit-localized-strings-path /tmp/nosfy-cartes-dd/Build/Intermediates.noindex/Nosfy.build/Debug-iphonesimulator/Nosfy.build/Objects-normal/x86_64 -c -j10 -enable-batch-mode -incremental -Xcc -ivfsstatcache -Xcc /tmp/nosfy-cartes-dd/SDKStatCaches.noindex/iphonesimulator26.5-23F73-688ef53f1462e2c8f657fdc38a81448f6cfe768891a92b912361537c460fe42b.sdkstatcache -output-file-map /tmp/nosfy-cartes-dd/Build/Intermediates.noindex/Nosfy.build/Debug-iphonesimulator/Nosfy.build/Objects-normal/x86_64/Nosfy-OutputFileMap.json -use-frontend-parseable-output -save-temps -no-color-diagnostics -explicit-module-build -module-cache-path /tmp/nosfy-cartes-dd/Build/Intermediates.noindex/SwiftExplicitPrecompiledModules -clang-scanner-module-cache-path /tmp/nosfy-cartes-dd/ModuleCache.noindex -sdk-module-cache-path /tmp/nosfy-cartes-dd/ModuleCache.noindex -serialize-diagnostics -emit-dependencies -emit-module -emit-module-path /tmp/nosfy-cartes-dd/Build/Intermediates.noindex/Nosfy.build/Debug-iphonesimulator/Nosfy.build/Objects-normal/x86_64/Woop.swiftmodule -validate-clang-modules-once -clang-build-session-file /tmp/nosfy-cartes-dd/ModuleCache.noindex/Session.modulevalidation -Xcc -I/tmp/nosfy-cartes-dd/Build/Intermediates.noindex/Nosfy.build/Debug-iphonesimulator/Nosfy.build/swift-overrides.hmap -emit-const-values -Xfrontend -const-gather-protocols-file -Xfrontend /tmp/nosfy-cartes-dd/Build/Intermediates.noindex/Nosfy.build/Debug-iphonesimulator/Nosfy.build/Objects-normal/x86_64/Nosfy_const_extract_protocols.json -Xcc -iquote -Xcc /tmp/nosfy-cartes-dd/Build/Intermediates.noindex/Nosfy.build/Debug-iphonesimulator/Nosfy.build/Nosfy-generated-files.hmap -Xcc -I/tmp/nosfy-cartes-dd/Build/Intermediates.noindex/Nosfy.build/Debug-iphonesimulator/Nosfy.build/Nosfy-own-target-headers.hmap -Xcc -I/tmp/nosfy-cartes-dd/Build/Intermediates.noindex/Nosfy.build/Debug-iphonesimulator/Nosfy.build/Nosfy-all-target-headers.hmap -Xcc -iquote -Xcc /tmp/nosfy-cartes-dd/Build/Intermediates.noindex/Nosfy.build/Debug-iphonesimulator/Nosfy.build/Nosfy-project-headers.hmap -Xcc -I/tmp/nosfy-cartes-dd/Build/Products/Debug-iphonesimulator/include -Xcc -I/tmp/nosfy-cartes-dd/Build/Intermediates.noindex/Nosfy.build/Debug-iphonesimulator/Nosfy.build/DerivedSources-normal/x86_64 -Xcc -I/tmp/nosfy-cartes-dd/Build/Intermediates.noindex/Nosfy.build/Debug-iphonesimulator/Nosfy.build/DerivedSources/x86_64 -Xcc -I/tmp/nosfy-cartes-dd/Build/Intermediates.noindex/Nosfy.build/Debug-iphonesimulator/Nosfy.build/DerivedSources -Xcc -DDEBUG\=1 -emit-objc-header -emit-objc-header-path /tmp/nosfy-cartes-dd/Build/Intermediates.noindex/Nosfy.build/Debug-iphonesimulator/Nosfy.build/Objects-normal/x86_64/Woop-Swift.h -working-directory /Users/kathryn/Desktop/Nosfy -experimental-emit-module-separately -disable-cmo

SwiftDriverJobDiscovery normal arm64 Emitting module for Woop (in target 'Nosfy' from project 'Nosfy')

SwiftDriver\ Compilation\ Requirements Nosfy normal arm64 com.apple.xcode.tools.swift.compiler (in target 'Nosfy' from project 'Nosfy')
    cd /Users/kathryn/Desktop/Nosfy
    builtin-Swift-Compilation-Requirements -- /Applications/Xcode.app/Contents/Developer/Toolchains/XcodeDefault.xctoolchain/usr/bin/swiftc -module-name Woop -Onone @/tmp/nosfy-cartes-dd/Build/Intermediates.noindex/Nosfy.build/Debug-iphonesimulator/Nosfy.build/Objects-normal/arm64/Nosfy.SwiftFileList -DDEBUG -enable-bare-slash-regex -enable-experimental-feature DebugDescriptionMacro -sdk /Applications/Xcode.app/Contents/Developer/Platforms/iPhoneSimulator.platform/Developer/SDKs/iPhoneSimulator26.5.sdk -target arm64-apple-ios26.0-simulator -g -module-cache-path /tmp/nosfy-cartes-dd/ModuleCache.noindex -Xfrontend -serialize-debugging-options -enable-testing -index-store-path /tmp/nosfy-cartes-dd/Index.noindex/DataStore -Xcc -D_LIBCPP_HARDENING_MODE\=_LIBCPP_HARDENING_MODE_DEBUG -swift-version 5 -I /tmp/nosfy-cartes-dd/Build/Products/Debug-iphonesimulator -F /tmp/nosfy-cartes-dd/Build/Products/Debug-iphonesimulator -emit-localized-strings -emit-localized-strings-path /tmp/nosfy-cartes-dd/Build/Intermediates.noindex/Nosfy.build/Debug-iphonesimulator/Nosfy.build/Objects-normal/arm64 -c -j10 -enable-batch-mode -incremental -Xcc -ivfsstatcache -Xcc /tmp/nosfy-cartes-dd/SDKStatCaches.noindex/iphonesimulator26.5-23F73-688ef53f1462e2c8f657fdc38a81448f6cfe768891a92b912361537c460fe42b.sdkstatcache -output-file-map /tmp/nosfy-cartes-dd/Build/Intermediates.noindex/Nosfy.build/Debug-iphonesimulator/Nosfy.build/Objects-normal/arm64/Nosfy-OutputFileMap.json -use-frontend-parseable-output -save-temps -no-color-diagnostics -explicit-module-build -module-cache-path /tmp/nosfy-cartes-dd/Build/Intermediates.noindex/SwiftExplicitPrecompiledModules -clang-scanner-module-cache-path /tmp/nosfy-cartes-dd/ModuleCache.noindex -sdk-module-cache-path /tmp/nosfy-cartes-dd/ModuleCache.noindex -serialize-diagnostics -emit-dependencies -emit-module -emit-module-path /tmp/nosfy-cartes-dd/Build/Intermediates.noindex/Nosfy.build/Debug-iphonesimulator/Nosfy.build/Objects-normal/arm64/Woop.swiftmodule -validate-clang-modules-once -clang-build-session-file /tmp/nosfy-cartes-dd/ModuleCache.noindex/Session.modulevalidation -Xcc -I/tmp/nosfy-cartes-dd/Build/Intermediates.noindex/Nosfy.build/Debug-iphonesimulator/Nosfy.build/swift-overrides.hmap -emit-const-values -Xfrontend -const-gather-protocols-file -Xfrontend /tmp/nosfy-cartes-dd/Build/Intermediates.noindex/Nosfy.build/Debug-iphonesimulator/Nosfy.build/Objects-normal/arm64/Nosfy_const_extract_protocols.json -Xcc -iquote -Xcc /tmp/nosfy-cartes-dd/Build/Intermediates.noindex/Nosfy.build/Debug-iphonesimulator/Nosfy.build/Nosfy-generated-files.hmap -Xcc -I/tmp/nosfy-cartes-dd/Build/Intermediates.noindex/Nosfy.build/Debug-iphonesimulator/Nosfy.build/Nosfy-own-target-headers.hmap -Xcc -I/tmp/nosfy-cartes-dd/Build/Intermediates.noindex/Nosfy.build/Debug-iphonesimulator/Nosfy.build/Nosfy-all-target-headers.hmap -Xcc -iquote -Xcc /tmp/nosfy-cartes-dd/Build/Intermediates.noindex/Nosfy.build/Debug-iphonesimulator/Nosfy.build/Nosfy-project-headers.hmap -Xcc -I/tmp/nosfy-cartes-dd/Build/Products/Debug-iphonesimulator/include -Xcc -I/tmp/nosfy-cartes-dd/Build/Intermediates.noindex/Nosfy.build/Debug-iphonesimulator/Nosfy.build/DerivedSources-normal/arm64 -Xcc -I/tmp/nosfy-cartes-dd/Build/Intermediates.noindex/Nosfy.build/Debug-iphonesimulator/Nosfy.build/DerivedSources/arm64 -Xcc -I/tmp/nosfy-cartes-dd/Build/Intermediates.noindex/Nosfy.build/Debug-iphonesimulator/Nosfy.build/DerivedSources -Xcc -DDEBUG\=1 -emit-objc-header -emit-objc-header-path /tmp/nosfy-cartes-dd/Build/Intermediates.noindex/Nosfy.build/Debug-iphonesimulator/Nosfy.build/Objects-normal/arm64/Woop-Swift.h -working-directory /Users/kathryn/Desktop/Nosfy -experimental-emit-module-separately -disable-cmo

Copy /tmp/nosfy-cartes-dd/Build/Products/Debug-iphonesimulator/Woop.swiftmodule/x86_64-apple-ios-simulator.swiftmodule /tmp/nosfy-cartes-dd/Build/Intermediates.noindex/Nosfy.build/Debug-iphonesimulator/Nosfy.build/Objects-normal/x86_64/Woop.swiftmodule (in target 'Nosfy' from project 'Nosfy')
    cd /Users/kathryn/Desktop/Nosfy
    builtin-copy -exclude .DS_Store -exclude CVS -exclude .svn -exclude .git -exclude .hg -resolve-src-symlinks -rename /tmp/nosfy-cartes-dd/Build/Intermediates.noindex/Nosfy.build/Debug-iphonesimulator/Nosfy.build/Objects-normal/x86_64/Woop.swiftmodule /tmp/nosfy-cartes-dd/Build/Products/Debug-iphonesimulator/Woop.swiftmodule/x86_64-apple-ios-simulator.swiftmodule

SwiftMergeGeneratedHeaders /tmp/nosfy-cartes-dd/Build/Intermediates.noindex/Nosfy.build/Debug-iphonesimulator/Nosfy.build/DerivedSources/Woop-Swift.h /tmp/nosfy-cartes-dd/Build/Intermediates.noindex/Nosfy.build/Debug-iphonesimulator/Nosfy.build/Objects-normal/arm64/Woop-Swift.h /tmp/nosfy-cartes-dd/Build/Intermediates.noindex/Nosfy.build/Debug-iphonesimulator/Nosfy.build/Objects-normal/x86_64/Woop-Swift.h (in target 'Nosfy' from project 'Nosfy')
    cd /Users/kathryn/Desktop/Nosfy
    builtin-swiftHeaderTool -arch arm64 /tmp/nosfy-cartes-dd/Build/Intermediates.noindex/Nosfy.build/Debug-iphonesimulator/Nosfy.build/Objects-normal/arm64/Woop-Swift.h -arch x86_64 /tmp/nosfy-cartes-dd/Build/Intermediates.noindex/Nosfy.build/Debug-iphonesimulator/Nosfy.build/Objects-normal/x86_64/Woop-Swift.h -o /tmp/nosfy-cartes-dd/Build/Intermediates.noindex/Nosfy.build/Debug-iphonesimulator/Nosfy.build/DerivedSources/Woop-Swift.h

Copy /tmp/nosfy-cartes-dd/Build/Products/Debug-iphonesimulator/Woop.swiftmodule/x86_64-apple-ios-simulator.swiftdoc /tmp/nosfy-cartes-dd/Build/Intermediates.noindex/Nosfy.build/Debug-iphonesimulator/Nosfy.build/Objects-normal/x86_64/Woop.swiftdoc (in target 'Nosfy' from project 'Nosfy')
    cd /Users/kathryn/Desktop/Nosfy
    builtin-copy -exclude .DS_Store -exclude CVS -exclude .svn -exclude .git -exclude .hg -resolve-src-symlinks -rename /tmp/nosfy-cartes-dd/Build/Intermediates.noindex/Nosfy.build/Debug-iphonesimulator/Nosfy.build/Objects-normal/x86_64/Woop.swiftdoc /tmp/nosfy-cartes-dd/Build/Products/Debug-iphonesimulator/Woop.swiftmodule/x86_64-apple-ios-simulator.swiftdoc

Copy /tmp/nosfy-cartes-dd/Build/Products/Debug-iphonesimulator/Woop.swiftmodule/x86_64-apple-ios-simulator.abi.json /tmp/nosfy-cartes-dd/Build/Intermediates.noindex/Nosfy.build/Debug-iphonesimulator/Nosfy.build/Objects-normal/x86_64/Woop.abi.json (in target 'Nosfy' from project 'Nosfy')
    cd /Users/kathryn/Desktop/Nosfy
    builtin-copy -exclude .DS_Store -exclude CVS -exclude .svn -exclude .git -exclude .hg -resolve-src-symlinks -rename /tmp/nosfy-cartes-dd/Build/Intermediates.noindex/Nosfy.build/Debug-iphonesimulator/Nosfy.build/Objects-normal/x86_64/Woop.abi.json /tmp/nosfy-cartes-dd/Build/Products/Debug-iphonesimulator/Woop.swiftmodule/x86_64-apple-ios-simulator.abi.json

Copy /tmp/nosfy-cartes-dd/Build/Products/Debug-iphonesimulator/Woop.swiftmodule/arm64-apple-ios-simulator.swiftmodule /tmp/nosfy-cartes-dd/Build/Intermediates.noindex/Nosfy.build/Debug-iphonesimulator/Nosfy.build/Objects-normal/arm64/Woop.swiftmodule (in target 'Nosfy' from project 'Nosfy')
    cd /Users/kathryn/Desktop/Nosfy
    builtin-copy -exclude .DS_Store -exclude CVS -exclude .svn -exclude .git -exclude .hg -resolve-src-symlinks -rename /tmp/nosfy-cartes-dd/Build/Intermediates.noindex/Nosfy.build/Debug-iphonesimulator/Nosfy.build/Objects-normal/arm64/Woop.swiftmodule /tmp/nosfy-cartes-dd/Build/Products/Debug-iphonesimulator/Woop.swiftmodule/arm64-apple-ios-simulator.swiftmodule

Copy /tmp/nosfy-cartes-dd/Build/Products/Debug-iphonesimulator/Woop.swiftmodule/arm64-apple-ios-simulator.swiftdoc /tmp/nosfy-cartes-dd/Build/Intermediates.noindex/Nosfy.build/Debug-iphonesimulator/Nosfy.build/Objects-normal/arm64/Woop.swiftdoc (in target 'Nosfy' from project 'Nosfy')
    cd /Users/kathryn/Desktop/Nosfy
    builtin-copy -exclude .DS_Store -exclude CVS -exclude .svn -exclude .git -exclude .hg -resolve-src-symlinks -rename /tmp/nosfy-cartes-dd/Build/Intermediates.noindex/Nosfy.build/Debug-iphonesimulator/Nosfy.build/Objects-normal/arm64/Woop.swiftdoc /tmp/nosfy-cartes-dd/Build/Products/Debug-iphonesimulator/Woop.swiftmodule/arm64-apple-ios-simulator.swiftdoc

Copy /tmp/nosfy-cartes-dd/Build/Products/Debug-iphonesimulator/Woop.swiftmodule/arm64-apple-ios-simulator.abi.json /tmp/nosfy-cartes-dd/Build/Intermediates.noindex/Nosfy.build/Debug-iphonesimulator/Nosfy.build/Objects-normal/arm64/Woop.abi.json (in target 'Nosfy' from project 'Nosfy')
    cd /Users/kathryn/Desktop/Nosfy
    builtin-copy -exclude .DS_Store -exclude CVS -exclude .svn -exclude .git -exclude .hg -resolve-src-symlinks -rename /tmp/nosfy-cartes-dd/Build/Intermediates.noindex/Nosfy.build/Debug-iphonesimulator/Nosfy.build/Objects-normal/arm64/Woop.abi.json /tmp/nosfy-cartes-dd/Build/Products/Debug-iphonesimulator/Woop.swiftmodule/arm64-apple-ios-simulator.abi.json

Copy /tmp/nosfy-cartes-dd/Build/Products/Debug-iphonesimulator/Woop.swiftmodule/Project/x86_64-apple-ios-simulator.swiftsourceinfo /tmp/nosfy-cartes-dd/Build/Intermediates.noindex/Nosfy.build/Debug-iphonesimulator/Nosfy.build/Objects-normal/x86_64/Woop.swiftsourceinfo (in target 'Nosfy' from project 'Nosfy')
    cd /Users/kathryn/Desktop/Nosfy
    builtin-copy -exclude .DS_Store -exclude CVS -exclude .svn -exclude .git -exclude .hg -resolve-src-symlinks -rename /tmp/nosfy-cartes-dd/Build/Intermediates.noindex/Nosfy.build/Debug-iphonesimulator/Nosfy.build/Objects-normal/x86_64/Woop.swiftsourceinfo /tmp/nosfy-cartes-dd/Build/Products/Debug-iphonesimulator/Woop.swiftmodule/Project/x86_64-apple-ios-simulator.swiftsourceinfo

Copy /tmp/nosfy-cartes-dd/Build/Products/Debug-iphonesimulator/Woop.swiftmodule/Project/arm64-apple-ios-simulator.swiftsourceinfo /tmp/nosfy-cartes-dd/Build/Intermediates.noindex/Nosfy.build/Debug-iphonesimulator/Nosfy.build/Objects-normal/arm64/Woop.swiftsourceinfo (in target 'Nosfy' from project 'Nosfy')
    cd /Users/kathryn/Desktop/Nosfy
    builtin-copy -exclude .DS_Store -exclude CVS -exclude .svn -exclude .git -exclude .hg -resolve-src-symlinks -rename /tmp/nosfy-cartes-dd/Build/Intermediates.noindex/Nosfy.build/Debug-iphonesimulator/Nosfy.build/Objects-normal/arm64/Woop.swiftsourceinfo /tmp/nosfy-cartes-dd/Build/Products/Debug-iphonesimulator/Woop.swiftmodule/Project/arm64-apple-ios-simulator.swiftsourceinfo

SwiftCompile normal arm64 Compiling\ ChipVerre.swift,\ CinematicPlayer.swift,\ ClavierBraise.swift,\ CoffreFlipLab.swift,\ CoffreFortCoin.swift,\ CoffreFortPurse.swift,\ CoffreFortView.swift,\ CoffreV2.swift,\ ConnexionButtonLab.swift,\ ConnexionCinematic.swift,\ CorpsNacre.swift,\ CounterLab.swift,\ DemonVideo.swift,\ DepartCine.swift,\ DepartSeance.swift,\ DevilAuraOverlay.swift,\ DuolinguoPage.swift,\ EmberFlameLab.swift,\ ExerciseDetailView.swift,\ ExerciseEditor.swift /Users/kathryn/Desktop/Nosfy/Nosfy/Views/ChipVerre.swift /Users/kathryn/Desktop/Nosfy/Nosfy/Views/CinematicPlayer.swift /Users/kathryn/Desktop/Nosfy/Nosfy/Views/ClavierBraise.swift /Users/kathryn/Desktop/Nosfy/Nosfy/Views/CoffreFlipLab.swift /Users/kathryn/Desktop/Nosfy/Nosfy/Views/CoffreFortCoin.swift /Users/kathryn/Desktop/Nosfy/Nosfy/Views/CoffreFortPurse.swift /Users/kathryn/Desktop/Nosfy/Nosfy/Views/CoffreFortView.swift /Users/kathryn/Desktop/Nosfy/Nosfy/Views/CoffreV2.swift /Users/kathryn/Desktop/Nosfy/Nosfy/Views/ConnexionButtonLab.swift /Users/kathryn/Desktop/Nosfy/Nosfy/Views/ConnexionCinematic.swift /Users/kathryn/Desktop/Nosfy/Nosfy/Views/CorpsNacre.swift /Users/kathryn/Desktop/Nosfy/Nosfy/Views/CounterLab.swift /Users/kathryn/Desktop/Nosfy/Nosfy/Views/DemonVideo.swift /Users/kathryn/Desktop/Nosfy/Nosfy/Views/DepartCine.swift /Users/kathryn/Desktop/Nosfy/Nosfy/Views/DepartSeance.swift /Users/kathryn/Desktop/Nosfy/Nosfy/Views/DevilAuraOverlay.swift /Users/kathryn/Desktop/Nosfy/Nosfy/Views/DuolinguoPage.swift /Users/kathryn/Desktop/Nosfy/Nosfy/Views/EmberFlameLab.swift /Users/kathryn/Desktop/Nosfy/Nosfy/Views/ExerciseDetailView.swift /Users/kathryn/Desktop/Nosfy/Nosfy/Views/ExerciseEditor.swift (in target 'Nosfy' from project 'Nosfy')

SwiftCompile normal arm64 /Users/kathryn/Desktop/Nosfy/Nosfy/Views/ChipVerre.swift (in target 'Nosfy' from project 'Nosfy')
    cd /Users/kathryn/Desktop/Nosfy
    

SwiftCompile normal arm64 /Users/kathryn/Desktop/Nosfy/Nosfy/Views/CinematicPlayer.swift (in target 'Nosfy' from project 'Nosfy')
    cd /Users/kathryn/Desktop/Nosfy
    

SwiftCompile normal arm64 /Users/kathryn/Desktop/Nosfy/Nosfy/Views/ClavierBraise.swift (in target 'Nosfy' from project 'Nosfy')
    cd /Users/kathryn/Desktop/Nosfy
    

SwiftCompile normal arm64 /Users/kathryn/Desktop/Nosfy/Nosfy/Views/CoffreFlipLab.swift (in target 'Nosfy' from project 'Nosfy')
    cd /Users/kathryn/Desktop/Nosfy
    
/Users/kathryn/Desktop/Nosfy/Nosfy/Views/CoffreFlipLab.swift:246:43: warning: 'main' was deprecated in iOS 26.0: Use a UIScreen instance found through context instead (i.e, view.window.windowScene.screen), or for properties like UIScreen.scale with trait equivalents, use a traitCollection found through context.
                    .position(x: UIScreen.main.bounds.width / 2,
                                          ^
/Users/kathryn/Desktop/Nosfy/Nosfy/Views/CoffreFlipLab.swift:248:45: warning: 'main' was deprecated in iOS 26.0: Use a UIScreen instance found through context instead (i.e, view.window.windowScene.screen), or for properties like UIScreen.scale with trait equivalents, use a traitCollection found through context.
                                 ? UIScreen.main.bounds.height * 0.63
                                            ^
/Users/kathryn/Desktop/Nosfy/Nosfy/Views/CoffreFlipLab.swift:249:45: warning: 'main' was deprecated in iOS 26.0: Use a UIScreen instance found through context instead (i.e, view.window.windowScene.screen), or for properties like UIScreen.scale with trait equivalents, use a traitCollection found through context.
                                 : UIScreen.main.bounds.height * 0.46)
                                            ^

SwiftCompile normal arm64 /Users/kathryn/Desktop/Nosfy/Nosfy/Views/CoffreFortCoin.swift (in target 'Nosfy' from project 'Nosfy')
    cd /Users/kathryn/Desktop/Nosfy
    

SwiftCompile normal arm64 /Users/kathryn/Desktop/Nosfy/Nosfy/Views/CoffreFortPurse.swift (in target 'Nosfy' from project 'Nosfy')
    cd /Users/kathryn/Desktop/Nosfy
    

SwiftCompile normal arm64 /Users/kathryn/Desktop/Nosfy/Nosfy/Views/CoffreFortView.swift (in target 'Nosfy' from project 'Nosfy')
    cd /Users/kathryn/Desktop/Nosfy
    

SwiftCompile normal arm64 /Users/kathryn/Desktop/Nosfy/Nosfy/Views/CoffreV2.swift (in target 'Nosfy' from project 'Nosfy')
    cd /Users/kathryn/Desktop/Nosfy
    

SwiftCompile normal arm64 /Users/kathryn/Desktop/Nosfy/Nosfy/Views/ConnexionButtonLab.swift (in target 'Nosfy' from project 'Nosfy')
    cd /Users/kathryn/Desktop/Nosfy
    

SwiftCompile normal arm64 /Users/kathryn/Desktop/Nosfy/Nosfy/Views/ConnexionCinematic.swift (in target 'Nosfy' from project 'Nosfy')
    cd /Users/kathryn/Desktop/Nosfy
    

SwiftCompile normal arm64 /Users/kathryn/Desktop/Nosfy/Nosfy/Views/CorpsNacre.swift (in target 'Nosfy' from project 'Nosfy')
    cd /Users/kathryn/Desktop/Nosfy
    

SwiftCompile normal arm64 /Users/kathryn/Desktop/Nosfy/Nosfy/Views/CounterLab.swift (in target 'Nosfy' from project 'Nosfy')
    cd /Users/kathryn/Desktop/Nosfy
    

SwiftCompile normal arm64 /Users/kathryn/Desktop/Nosfy/Nosfy/Views/DemonVideo.swift (in target 'Nosfy' from project 'Nosfy')
    cd /Users/kathryn/Desktop/Nosfy
    

SwiftCompile normal arm64 /Users/kathryn/Desktop/Nosfy/Nosfy/Views/DepartCine.swift (in target 'Nosfy' from project 'Nosfy')
    cd /Users/kathryn/Desktop/Nosfy
    

SwiftCompile normal arm64 /Users/kathryn/Desktop/Nosfy/Nosfy/Views/DepartSeance.swift (in target 'Nosfy' from project 'Nosfy')
    cd /Users/kathryn/Desktop/Nosfy
    

SwiftCompile normal arm64 /Users/kathryn/Desktop/Nosfy/Nosfy/Views/DevilAuraOverlay.swift (in target 'Nosfy' from project 'Nosfy')
    cd /Users/kathryn/Desktop/Nosfy
    

SwiftCompile normal arm64 /Users/kathryn/Desktop/Nosfy/Nosfy/Views/DuolinguoPage.swift (in target 'Nosfy' from project 'Nosfy')
    cd /Users/kathryn/Desktop/Nosfy
    
/Users/kathryn/Desktop/Nosfy/Nosfy/Views/DuolinguoPage.swift:1356:9: warning: result of call to 'withAnimation' is unused
        withAnimation(.easeInOut(duration: 0.45)) { etat.reclamees.insert(e.id) }
        ^            ~~~~~~~~~~~~~~~~~~~~~~~~~~~~~~~~~~~~~~~~~~~~~~~~~~~~~~~~~~~~
/Users/kathryn/Desktop/Nosfy/Nosfy/Views/DuolinguoPage.swift:1365:17: warning: result of call to 'withAnimation' is unused
                withAnimation(.easeInOut(duration: 0.30)) { etat.reclamees.remove(e.id) }
                ^            ~~~~~~~~~~~~~~~~~~~~~~~~~~~~~~~~~~~~~~~~~~~~~~~~~~~~~~~~~~~~

SwiftCompile normal arm64 /Users/kathryn/Desktop/Nosfy/Nosfy/Views/EmberFlameLab.swift (in target 'Nosfy' from project 'Nosfy')
    cd /Users/kathryn/Desktop/Nosfy
    

SwiftCompile normal arm64 /Users/kathryn/Desktop/Nosfy/Nosfy/Views/ExerciseDetailView.swift (in target 'Nosfy' from project 'Nosfy')
    cd /Users/kathryn/Desktop/Nosfy
    
/Users/kathryn/Desktop/Nosfy/Nosfy/Views/ExerciseDetailView.swift:2103:13: warning: initialization of immutable value 'naissance' was never used; consider replacing with assignment to '_' or removing it
        let naissance = Self.sstep(0.45, 0.92, u)
        ~~~~^~~~~~~~~
        _

SwiftCompile normal arm64 /Users/kathryn/Desktop/Nosfy/Nosfy/Views/ExerciseEditor.swift (in target 'Nosfy' from project 'Nosfy')
    cd /Users/kathryn/Desktop/Nosfy
    

SwiftCompile normal arm64 Compiling\ BoosterPack.swift,\ BoosterPopup.swift,\ BordSeance.swift,\ BoutonPrimaire.swift,\ BravoLab.swift,\ CalendarView.swift,\ CalLab.swift,\ CardioFiche.swift,\ CardRoute.swift,\ CarnetLab.swift,\ CarnetScene.swift,\ CarteLuneLab.swift,\ ChambreDonnees.swift,\ ChambreHiit.swift,\ ChambreLongue.swift,\ ChambrePeak.swift,\ ChambreRegularite.swift,\ ChambreVolume.swift,\ ChargeFiche.swift,\ ChevronAppelNatif.swift /Users/kathryn/Desktop/Nosfy/Nosfy/Views/BoosterPack.swift /Users/kathryn/Desktop/Nosfy/Nosfy/Views/BoosterPopup.swift /Users/kathryn/Desktop/Nosfy/Nosfy/Views/BordSeance.swift /Users/kathryn/Desktop/Nosfy/Nosfy/Views/BoutonPrimaire.swift /Users/kathryn/Desktop/Nosfy/Nosfy/Views/BravoLab.swift /Users/kathryn/Desktop/Nosfy/Nosfy/Views/CalendarView.swift /Users/kathryn/Desktop/Nosfy/Nosfy/Views/CalLab.swift /Users/kathryn/Desktop/Nosfy/Nosfy/Views/CardioFiche.swift /Users/kathryn/Desktop/Nosfy/Nosfy/Views/CardRoute.swift /Users/kathryn/Desktop/Nosfy/Nosfy/Views/CarnetLab.swift /Users/kathryn/Desktop/Nosfy/Nosfy/Views/CarnetScene.swift /Users/kathryn/Desktop/Nosfy/Nosfy/Views/CarteLuneLab.swift /Users/kathryn/Desktop/Nosfy/Nosfy/Views/ChambreDonnees.swift /Users/kathryn/Desktop/Nosfy/Nosfy/Views/ChambreHiit.swift /Users/kathryn/Desktop/Nosfy/Nosfy/Views/ChambreLongue.swift /Users/kathryn/Desktop/Nosfy/Nosfy/Views/ChambrePeak.swift /Users/kathryn/Desktop/Nosfy/Nosfy/Views/ChambreRegularite.swift /Users/kathryn/Desktop/Nosfy/Nosfy/Views/ChambreVolume.swift /Users/kathryn/Desktop/Nosfy/Nosfy/Views/ChargeFiche.swift /Users/kathryn/Desktop/Nosfy/Nosfy/Views/ChevronAppelNatif.swift (in target 'Nosfy' from project 'Nosfy')
SwiftCompile normal arm64 /Users/kathryn/Desktop/Nosfy/Nosfy/Views/BoosterPack.swift (in target 'Nosfy' from project 'Nosfy')
    cd /Users/kathryn/Desktop/Nosfy
    

SwiftCompile normal arm64 /Users/kathryn/Desktop/Nosfy/Nosfy/Views/BoosterPopup.swift (in target 'Nosfy' from project 'Nosfy')
    cd /Users/kathryn/Desktop/Nosfy
    

SwiftCompile normal arm64 /Users/kathryn/Desktop/Nosfy/Nosfy/Views/BordSeance.swift (in target 'Nosfy' from project 'Nosfy')
    cd /Users/kathryn/Desktop/Nosfy
    

SwiftCompile normal arm64 /Users/kathryn/Desktop/Nosfy/Nosfy/Views/BoutonPrimaire.swift (in target 'Nosfy' from project 'Nosfy')
    cd /Users/kathryn/Desktop/Nosfy
    

SwiftCompile normal arm64 /Users/kathryn/Desktop/Nosfy/Nosfy/Views/BravoLab.swift (in target 'Nosfy' from project 'Nosfy')
    cd /Users/kathryn/Desktop/Nosfy
    
/Users/kathryn/Desktop/Nosfy/Nosfy/Views/BravoLab.swift:332:21: warning: initialization of immutable value 'bornU' was never used; consider replacing with assignment to '_' or removing it
                let bornU = BravoCine.sstep(BravoCine.contentAt,
                ~~~~^~~~~
                _

SwiftCompile normal arm64 /Users/kathryn/Desktop/Nosfy/Nosfy/Views/CalendarView.swift (in target 'Nosfy' from project 'Nosfy')
    cd /Users/kathryn/Desktop/Nosfy
    

SwiftCompile normal arm64 /Users/kathryn/Desktop/Nosfy/Nosfy/Views/CalLab.swift (in target 'Nosfy' from project 'Nosfy')
    cd /Users/kathryn/Desktop/Nosfy
    

SwiftCompile normal arm64 /Users/kathryn/Desktop/Nosfy/Nosfy/Views/CardioFiche.swift (in target 'Nosfy' from project 'Nosfy')
    cd /Users/kathryn/Desktop/Nosfy
    

SwiftCompile normal arm64 /Users/kathryn/Desktop/Nosfy/Nosfy/Views/CardRoute.swift (in target 'Nosfy' from project 'Nosfy')
    cd /Users/kathryn/Desktop/Nosfy
    

SwiftCompile normal arm64 /Users/kathryn/Desktop/Nosfy/Nosfy/Views/CarnetLab.swift (in target 'Nosfy' from project 'Nosfy')
    cd /Users/kathryn/Desktop/Nosfy
    

SwiftCompile normal arm64 /Users/kathryn/Desktop/Nosfy/Nosfy/Views/CarnetScene.swift (in target 'Nosfy' from project 'Nosfy')
    cd /Users/kathryn/Desktop/Nosfy
    

SwiftCompile normal arm64 /Users/kathryn/Desktop/Nosfy/Nosfy/Views/CarteLuneLab.swift (in target 'Nosfy' from project 'Nosfy')
    cd /Users/kathryn/Desktop/Nosfy
    
/Users/kathryn/Desktop/Nosfy/Nosfy/Views/CarteLuneLab.swift:580:52: warning: 'main' was deprecated in iOS 26.0: Use a UIScreen instance found through context instead (i.e, view.window.windowScene.screen), or for properties like UIScreen.scale with trait equivalents, use a traitCollection found through context.
                            .frame(width: UIScreen.main.bounds.width * 2.4,
                                                   ^
/Users/kathryn/Desktop/Nosfy/Nosfy/Views/CarteLuneLab.swift:581:53: warning: 'main' was deprecated in iOS 26.0: Use a UIScreen instance found through context instead (i.e, view.window.windowScene.screen), or for properties like UIScreen.scale with trait equivalents, use a traitCollection found through context.
                                   height: UIScreen.main.bounds.height * 2.4)
                                                    ^

SwiftCompile normal arm64 /Users/kathryn/Desktop/Nosfy/Nosfy/Views/ChambreDonnees.swift (in target 'Nosfy' from project 'Nosfy')
    cd /Users/kathryn/Desktop/Nosfy
    
/Users/kathryn/Desktop/Nosfy/Nosfy/Views/ChambreDonnees.swift:313:31: warning: 'flatMap' is deprecated: Please use compactMap(_:) for the case where closure returns an optional value
            let pic = seances.flatMap { picHiit($0) }.max()
                              ^
/Users/kathryn/Desktop/Nosfy/Nosfy/Views/ChambreDonnees.swift:313:31: note: use 'compactMap(_:)' instead
            let pic = seances.flatMap { picHiit($0) }.max()
                              ^~~~~~~
                              compactMap

SwiftCompile normal arm64 /Users/kathryn/Desktop/Nosfy/Nosfy/Views/ChambreHiit.swift (in target 'Nosfy' from project 'Nosfy')
    cd /Users/kathryn/Desktop/Nosfy
    

SwiftCompile normal arm64 /Users/kathryn/Desktop/Nosfy/Nosfy/Views/ChambreLongue.swift (in target 'Nosfy' from project 'Nosfy')
    cd /Users/kathryn/Desktop/Nosfy
    

SwiftCompile normal arm64 /Users/kathryn/Desktop/Nosfy/Nosfy/Views/ChambrePeak.swift (in target 'Nosfy' from project 'Nosfy')
    cd /Users/kathryn/Desktop/Nosfy
    

SwiftCompile normal arm64 /Users/kathryn/Desktop/Nosfy/Nosfy/Views/ChambreRegularite.swift (in target 'Nosfy' from project 'Nosfy')
    cd /Users/kathryn/Desktop/Nosfy
    

SwiftCompile normal arm64 /Users/kathryn/Desktop/Nosfy/Nosfy/Views/ChambreVolume.swift (in target 'Nosfy' from project 'Nosfy')
    cd /Users/kathryn/Desktop/Nosfy
    

SwiftCompile normal arm64 /Users/kathryn/Desktop/Nosfy/Nosfy/Views/ChargeFiche.swift (in target 'Nosfy' from project 'Nosfy')
    cd /Users/kathryn/Desktop/Nosfy
    

SwiftCompile normal arm64 /Users/kathryn/Desktop/Nosfy/Nosfy/Views/ChevronAppelNatif.swift (in target 'Nosfy' from project 'Nosfy')
    cd /Users/kathryn/Desktop/Nosfy
    

SwiftDriverJobDiscovery normal x86_64 Compiling LaunchPebble.swift, LensParticles.swift, LiquidLensLab.swift, LisereCoreAnimation.swift, LisereImages.swift, LisereRespirant.swift, LiveExerciseView.swift, LivingNebulaBackground.swift, LoginLab.swift, LogoLab.swift, LuneDeSang.swift, MenuCouronne.swift, MenuNappe.swift, MoonCoinLab.swift, MoonSplash.swift, NavDiagnostic.swift, NavEncre.swift, NavLab.swift, NeonPrimaryButton.swift, NeonPrimaryLab.swift (in target 'Nosfy' from project 'Nosfy')

LinkAssetCatalog /Users/kathryn/Desktop/Nosfy/NosfyShared/LiveAssets.xcassets /Users/kathryn/Desktop/Nosfy/Nosfy/AppIcon.icon /Users/kathryn/Desktop/Nosfy/Nosfy/Assets.xcassets (in target 'Nosfy' from project 'Nosfy')
    cd /Users/kathryn/Desktop/Nosfy
    builtin-linkAssetCatalog --thinned /tmp/nosfy-cartes-dd/Build/Intermediates.noindex/Nosfy.build/Debug-iphonesimulator/Nosfy.build/assetcatalog_output/thinned --thinned-dependencies /tmp/nosfy-cartes-dd/Build/Intermediates.noindex/Nosfy.build/Debug-iphonesimulator/Nosfy.build/assetcatalog_dependencies_thinned --thinned-info-plist-content /tmp/nosfy-cartes-dd/Build/Intermediates.noindex/Nosfy.build/Debug-iphonesimulator/Nosfy.build/assetcatalog_generated_info.plist_thinned --unthinned /tmp/nosfy-cartes-dd/Build/Intermediates.noindex/Nosfy.build/Debug-iphonesimulator/Nosfy.build/assetcatalog_output/unthinned --unthinned-dependencies /tmp/nosfy-cartes-dd/Build/Intermediates.noindex/Nosfy.build/Debug-iphonesimulator/Nosfy.build/assetcatalog_dependencies_unthinned --unthinned-info-plist-content /tmp/nosfy-cartes-dd/Build/Intermediates.noindex/Nosfy.build/Debug-iphonesimulator/Nosfy.build/assetcatalog_generated_info.plist_unthinned --output /tmp/nosfy-cartes-dd/Build/Products/Debug-iphonesimulator/Nosfy.app --plist-output /tmp/nosfy-cartes-dd/Build/Intermediates.noindex/Nosfy.build/Debug-iphonesimulator/Nosfy.build/assetcatalog_generated_info.plist
note: Emplaced /tmp/nosfy-cartes-dd/Build/Products/Debug-iphonesimulator/Nosfy.app/Assets.car (in target 'Nosfy' from project 'Nosfy')
note: Emplaced /tmp/nosfy-cartes-dd/Build/Products/Debug-iphonesimulator/Nosfy.app/AppIcon76x76@2x~ipad.png (in target 'Nosfy' from project 'Nosfy')
note: Emplaced /tmp/nosfy-cartes-dd/Build/Products/Debug-iphonesimulator/Nosfy.app/AppIcon60x60@2x.png (in target 'Nosfy' from project 'Nosfy')

SwiftCompile normal arm64 Compiling\ ExercisePhoto.swift,\ ExerciseSetupCard.swift,\ ExercisesView.swift,\ ExosFond.swift,\ FilmDepartSeance.swift,\ FlameLab.swift,\ FlammeJauge.swift,\ FlammeJaugeLab.swift,\ FondVideoMetal.swift,\ Foyer.swift,\ FumeeInviteMetal.swift,\ GaletEtape.swift,\ GaletLab.swift,\ GaletSlide.swift,\ HaloDawnLab.swift,\ HarmonieLab.swift,\ HomeAuroraView.swift,\ HomeNuit.swift,\ HomeView.swift,\ JewelTabBar.swift /Users/kathryn/Desktop/Nosfy/Nosfy/Views/ExercisePhoto.swift /Users/kathryn/Desktop/Nosfy/Nosfy/Views/ExerciseSetupCard.swift /Users/kathryn/Desktop/Nosfy/Nosfy/Views/ExercisesView.swift /Users/kathryn/Desktop/Nosfy/Nosfy/Views/ExosFond.swift /Users/kathryn/Desktop/Nosfy/Nosfy/Views/FilmDepartSeance.swift /Users/kathryn/Desktop/Nosfy/Nosfy/Views/FlameLab.swift /Users/kathryn/Desktop/Nosfy/Nosfy/Views/FlammeJauge.swift /Users/kathryn/Desktop/Nosfy/Nosfy/Views/FlammeJaugeLab.swift /Users/kathryn/Desktop/Nosfy/Nosfy/Views/FondVideoMetal.swift /Users/kathryn/Desktop/Nosfy/Nosfy/Views/Foyer.swift /Users/kathryn/Desktop/Nosfy/Nosfy/Views/FumeeInviteMetal.swift /Users/kathryn/Desktop/Nosfy/Nosfy/Views/GaletEtape.swift /Users/kathryn/Desktop/Nosfy/Nosfy/Views/GaletLab.swift /Users/kathryn/Desktop/Nosfy/Nosfy/Views/GaletSlide.swift /Users/kathryn/Desktop/Nosfy/Nosfy/Views/HaloDawnLab.swift /Users/kathryn/Desktop/Nosfy/Nosfy/Views/HarmonieLab.swift /Users/kathryn/Desktop/Nosfy/Nosfy/Views/HomeAuroraView.swift /Users/kathryn/Desktop/Nosfy/Nosfy/Views/HomeNuit.swift /Users/kathryn/Desktop/Nosfy/Nosfy/Views/HomeView.swift /Users/kathryn/Desktop/Nosfy/Nosfy/Views/JewelTabBar.swift (in target 'Nosfy' from project 'Nosfy')

SwiftCompile normal arm64 /Users/kathryn/Desktop/Nosfy/Nosfy/Views/ExercisePhoto.swift (in target 'Nosfy' from project 'Nosfy')
    cd /Users/kathryn/Desktop/Nosfy
    

SwiftCompile normal arm64 /Users/kathryn/Desktop/Nosfy/Nosfy/Views/ExerciseSetupCard.swift (in target 'Nosfy' from project 'Nosfy')
    cd /Users/kathryn/Desktop/Nosfy
    

SwiftCompile normal arm64 /Users/kathryn/Desktop/Nosfy/Nosfy/Views/ExercisesView.swift (in target 'Nosfy' from project 'Nosfy')
    cd /Users/kathryn/Desktop/Nosfy
    
/Users/kathryn/Desktop/Nosfy/Nosfy/Views/ExercisesView.swift:2023:49: warning: call to main actor-isolated static method 'voileBas' in a synchronous nonisolated context
                    let bas = min(1, GrilleExos.voileBas(vh - f.maxY - 60) * 1.5)
                                                ^
/Users/kathryn/Desktop/Nosfy/Nosfy/Views/ExercisesView.swift:1786:17: note: calls to static method 'voileBas' from outside of its actor context are implicitly asynchronous
    static func voileBas(_ d: CGFloat) -> Double {
                ^
/Users/kathryn/Desktop/Nosfy/Nosfy/Views/ExercisesView.swift:1786:17: note: main actor isolation inferred from conformance to protocol 'View'
    static func voileBas(_ d: CGFloat) -> Double {
                ^
/Users/kathryn/Desktop/Nosfy/Nosfy/Views/ExercisesView.swift:2024:43: warning: call to main actor-isolated static method 'voileHaut' in a synchronous nonisolated context
                    let haut = GrilleExos.voileHaut(reserve - f.minY)
                                          ^
/Users/kathryn/Desktop/Nosfy/Nosfy/Views/ExercisesView.swift:1795:17: note: calls to static method 'voileHaut' from outside of its actor context are implicitly asynchronous
    static func voileHaut(_ d: CGFloat) -> Double {
                ^
/Users/kathryn/Desktop/Nosfy/Nosfy/Views/ExercisesView.swift:1795:17: note: main actor isolation inferred from conformance to protocol 'View'
    static func voileHaut(_ d: CGFloat) -> Double {
                ^
/Users/kathryn/Desktop/Nosfy/Nosfy/Views/ExercisesView.swift:2113:42: warning: call to main actor-isolated static method 'voileBas' in a synchronous nonisolated context
                    let bas = GrilleExos.voileBas(vh - f.maxY)
                                         ^
/Users/kathryn/Desktop/Nosfy/Nosfy/Views/ExercisesView.swift:1786:17: note: calls to static method 'voileBas' from outside of its actor context are implicitly asynchronous
    static func voileBas(_ d: CGFloat) -> Double {
                ^
/Users/kathryn/Desktop/Nosfy/Nosfy/Views/ExercisesView.swift:1786:17: note: main actor isolation inferred from conformance to protocol 'View'
    static func voileBas(_ d: CGFloat) -> Double {
                ^
/Users/kathryn/Desktop/Nosfy/Nosfy/Views/ExercisesView.swift:2114:43: warning: call to main actor-isolated static method 'voileHaut' in a synchronous nonisolated context
                    let haut = GrilleExos.voileHaut(reserve - f.minY)
                                          ^
/Users/kathryn/Desktop/Nosfy/Nosfy/Views/ExercisesView.swift:1795:17: note: calls to static method 'voileHaut' from outside of its actor context are implicitly asynchronous
    static func voileHaut(_ d: CGFloat) -> Double {
                ^
/Users/kathryn/Desktop/Nosfy/Nosfy/Views/ExercisesView.swift:1795:17: note: main actor isolation inferred from conformance to protocol 'View'
    static func voileHaut(_ d: CGFloat) -> Double {
                ^

SwiftCompile normal arm64 /Users/kathryn/Desktop/Nosfy/Nosfy/Views/ExosFond.swift (in target 'Nosfy' from project 'Nosfy')
    cd /Users/kathryn/Desktop/Nosfy
    

SwiftCompile normal arm64 /Users/kathryn/Desktop/Nosfy/Nosfy/Views/FilmDepartSeance.swift (in target 'Nosfy' from project 'Nosfy')
    cd /Users/kathryn/Desktop/Nosfy
    

SwiftCompile normal arm64 /Users/kathryn/Desktop/Nosfy/Nosfy/Views/FlameLab.swift (in target 'Nosfy' from project 'Nosfy')
    cd /Users/kathryn/Desktop/Nosfy
    

SwiftCompile normal arm64 /Users/kathryn/Desktop/Nosfy/Nosfy/Views/FlammeJauge.swift (in target 'Nosfy' from project 'Nosfy')
    cd /Users/kathryn/Desktop/Nosfy
    

SwiftCompile normal arm64 /Users/kathryn/Desktop/Nosfy/Nosfy/Views/FlammeJaugeLab.swift (in target 'Nosfy' from project 'Nosfy')
    cd /Users/kathryn/Desktop/Nosfy
    

SwiftCompile normal arm64 /Users/kathryn/Desktop/Nosfy/Nosfy/Views/FondVideoMetal.swift (in target 'Nosfy' from project 'Nosfy')
    cd /Users/kathryn/Desktop/Nosfy
    

SwiftCompile normal arm64 /Users/kathryn/Desktop/Nosfy/Nosfy/Views/Foyer.swift (in target 'Nosfy' from project 'Nosfy')
    cd /Users/kathryn/Desktop/Nosfy
    

SwiftCompile normal arm64 /Users/kathryn/Desktop/Nosfy/Nosfy/Views/FumeeInviteMetal.swift (in target 'Nosfy' from project 'Nosfy')
    cd /Users/kathryn/Desktop/Nosfy
    

SwiftCompile normal arm64 /Users/kathryn/Desktop/Nosfy/Nosfy/Views/GaletEtape.swift (in target 'Nosfy' from project 'Nosfy')
    cd /Users/kathryn/Desktop/Nosfy
    
/Users/kathryn/Desktop/Nosfy/Nosfy/Views/GaletEtape.swift:88:13: warning: initialization of immutable value 's' was never used; consider replacing with assignment to '_' or removing it
        let s = graine
        ~~~~^
        _

SwiftCompile normal arm64 /Users/kathryn/Desktop/Nosfy/Nosfy/Views/GaletLab.swift (in target 'Nosfy' from project 'Nosfy')
    cd /Users/kathryn/Desktop/Nosfy
    

SwiftCompile normal arm64 /Users/kathryn/Desktop/Nosfy/Nosfy/Views/GaletSlide.swift (in target 'Nosfy' from project 'Nosfy')
    cd /Users/kathryn/Desktop/Nosfy
    

SwiftCompile normal arm64 /Users/kathryn/Desktop/Nosfy/Nosfy/Views/HaloDawnLab.swift (in target 'Nosfy' from project 'Nosfy')
    cd /Users/kathryn/Desktop/Nosfy
    

SwiftCompile normal arm64 /Users/kathryn/Desktop/Nosfy/Nosfy/Views/HarmonieLab.swift (in target 'Nosfy' from project 'Nosfy')
    cd /Users/kathryn/Desktop/Nosfy
    

SwiftCompile normal arm64 /Users/kathryn/Desktop/Nosfy/Nosfy/Views/HomeAuroraView.swift (in target 'Nosfy' from project 'Nosfy')
    cd /Users/kathryn/Desktop/Nosfy
    

SwiftCompile normal arm64 /Users/kathryn/Desktop/Nosfy/Nosfy/Views/HomeNuit.swift (in target 'Nosfy' from project 'Nosfy')
    cd /Users/kathryn/Desktop/Nosfy
    
/Users/kathryn/Desktop/Nosfy/Nosfy/Views/HomeNuit.swift:3403:13: warning: initialization of immutable value 'flou' was never used; consider replacing with assignment to '_' or removing it
        let flou = DepartCine.sstep(DepartCine.flouAt,
        ~~~~^~~~
        _
/Users/kathryn/Desktop/Nosfy/Nosfy/Views/HomeNuit.swift:3405:13: warning: initialization of immutable value 'mort' was never used; consider replacing with assignment to '_' or removing it
        let mort = DepartCine.sstep(DepartCine.fadeAt,
        ~~~~^~~~
        _

SwiftCompile normal arm64 /Users/kathryn/Desktop/Nosfy/Nosfy/Views/HomeView.swift (in target 'Nosfy' from project 'Nosfy')
    cd /Users/kathryn/Desktop/Nosfy
    

SwiftCompile normal arm64 /Users/kathryn/Desktop/Nosfy/Nosfy/Views/JewelTabBar.swift (in target 'Nosfy' from project 'Nosfy')
    cd /Users/kathryn/Desktop/Nosfy
    

SwiftDriverJobDiscovery normal x86_64 Compiling HomeTextes.swift, InscriptionCompte.swift, Langue.swift, LuneForge.swift, OutboxGains.swift, OuvertureSeanceServeur.swift, ProfilServeur.swift, SacreServeur.swift, Supabase.swift, SupabaseSync.swift, SynthesisService.swift, WorkoutActivityController.swift, ActiveWorkoutView.swift, AppelChapitre.swift, AppelProfilVisite.swift, AuroraBgLab.swift, AuthView.swift, BancCoutHome.swift, BoosterCard.swift, BoosterLab.swift (in target 'Nosfy' from project 'Nosfy')

SwiftCompile normal arm64 Compiling\ LaunchPebble.swift,\ LensParticles.swift,\ LiquidLensLab.swift,\ LisereCoreAnimation.swift,\ LisereImages.swift,\ LisereRespirant.swift,\ LiveExerciseView.swift,\ LivingNebulaBackground.swift,\ LoginLab.swift,\ LogoLab.swift,\ LuneDeSang.swift,\ MenuCouronne.swift,\ MenuNappe.swift,\ MoonCoinLab.swift,\ MoonSplash.swift,\ NavDiagnostic.swift,\ NavEncre.swift,\ NavLab.swift,\ NeonPrimaryButton.swift,\ NeonPrimaryLab.swift /Users/kathryn/Desktop/Nosfy/Nosfy/Views/LaunchPebble.swift /Users/kathryn/Desktop/Nosfy/Nosfy/Views/LensParticles.swift /Users/kathryn/Desktop/Nosfy/Nosfy/Views/LiquidLensLab.swift /Users/kathryn/Desktop/Nosfy/Nosfy/Views/LisereCoreAnimation.swift /Users/kathryn/Desktop/Nosfy/Nosfy/Views/LisereImages.swift /Users/kathryn/Desktop/Nosfy/Nosfy/Views/LisereRespirant.swift /Users/kathryn/Desktop/Nosfy/Nosfy/Views/LiveExerciseView.swift /Users/kathryn/Desktop/Nosfy/Nosfy/Views/LivingNebulaBackground.swift /Users/kathryn/Desktop/Nosfy/Nosfy/Views/LoginLab.swift /Users/kathryn/Desktop/Nosfy/Nosfy/Views/LogoLab.swift /Users/kathryn/Desktop/Nosfy/Nosfy/Views/LuneDeSang.swift /Users/kathryn/Desktop/Nosfy/Nosfy/Views/MenuCouronne.swift /Users/kathryn/Desktop/Nosfy/Nosfy/Views/MenuNappe.swift /Users/kathryn/Desktop/Nosfy/Nosfy/Views/MoonCoinLab.swift /Users/kathryn/Desktop/Nosfy/Nosfy/Views/MoonSplash.swift /Users/kathryn/Desktop/Nosfy/Nosfy/Views/NavDiagnostic.swift /Users/kathryn/Desktop/Nosfy/Nosfy/Views/NavEncre.swift /Users/kathryn/Desktop/Nosfy/Nosfy/Views/NavLab.swift /Users/kathryn/Desktop/Nosfy/Nosfy/Views/NeonPrimaryButton.swift /Users/kathryn/Desktop/Nosfy/Nosfy/Views/NeonPrimaryLab.swift (in target 'Nosfy' from project 'Nosfy')

SwiftCompile normal arm64 /Users/kathryn/Desktop/Nosfy/Nosfy/Views/LaunchPebble.swift (in target 'Nosfy' from project 'Nosfy')
    cd /Users/kathryn/Desktop/Nosfy
    

SwiftCompile normal arm64 /Users/kathryn/Desktop/Nosfy/Nosfy/Views/LensParticles.swift (in target 'Nosfy' from project 'Nosfy')
    cd /Users/kathryn/Desktop/Nosfy
    
/Users/kathryn/Desktop/Nosfy/Nosfy/Views/LensParticles.swift:46:17: warning: initialization of immutable value 'ce' was never used; consider replacing with assignment to '_' or removing it
            let ce = ceStart.map { now.timeIntervalSince($0) } ?? -1
            ~~~~^~
            _

SwiftCompile normal arm64 /Users/kathryn/Desktop/Nosfy/Nosfy/Views/LiquidLensLab.swift (in target 'Nosfy' from project 'Nosfy')
    cd /Users/kathryn/Desktop/Nosfy
    
/Users/kathryn/Desktop/Nosfy/Nosfy/Views/LiquidLensLab.swift:1221:13: warning: immutable value 'veil' was never used; consider replacing with '_' or removing it
        let veil: Double = entering ? 1 : 0
            ^~~~
            _

SwiftCompile normal arm64 /Users/kathryn/Desktop/Nosfy/Nosfy/Views/LisereCoreAnimation.swift (in target 'Nosfy' from project 'Nosfy')
    cd /Users/kathryn/Desktop/Nosfy
    

SwiftCompile normal arm64 /Users/kathryn/Desktop/Nosfy/Nosfy/Views/LisereImages.swift (in target 'Nosfy' from project 'Nosfy')
    cd /Users/kathryn/Desktop/Nosfy
    

SwiftCompile normal arm64 /Users/kathryn/Desktop/Nosfy/Nosfy/Views/LisereRespirant.swift (in target 'Nosfy' from project 'Nosfy')
    cd /Users/kathryn/Desktop/Nosfy
    

SwiftCompile normal arm64 /Users/kathryn/Desktop/Nosfy/Nosfy/Views/LiveExerciseView.swift (in target 'Nosfy' from project 'Nosfy')
    cd /Users/kathryn/Desktop/Nosfy
    

SwiftCompile normal arm64 /Users/kathryn/Desktop/Nosfy/Nosfy/Views/LivingNebulaBackground.swift (in target 'Nosfy' from project 'Nosfy')
    cd /Users/kathryn/Desktop/Nosfy
    

SwiftCompile normal arm64 /Users/kathryn/Desktop/Nosfy/Nosfy/Views/LoginLab.swift (in target 'Nosfy' from project 'Nosfy')
    cd /Users/kathryn/Desktop/Nosfy
    

SwiftCompile normal arm64 /Users/kathryn/Desktop/Nosfy/Nosfy/Views/LogoLab.swift (in target 'Nosfy' from project 'Nosfy')
    cd /Users/kathryn/Desktop/Nosfy
    

SwiftCompile normal arm64 /Users/kathryn/Desktop/Nosfy/Nosfy/Views/LuneDeSang.swift (in target 'Nosfy' from project 'Nosfy')
    cd /Users/kathryn/Desktop/Nosfy
    

SwiftCompile normal arm64 /Users/kathryn/Desktop/Nosfy/Nosfy/Views/MenuCouronne.swift (in target 'Nosfy' from project 'Nosfy')
    cd /Users/kathryn/Desktop/Nosfy
    

SwiftCompile normal arm64 /Users/kathryn/Desktop/Nosfy/Nosfy/Views/MenuNappe.swift (in target 'Nosfy' from project 'Nosfy')
    cd /Users/kathryn/Desktop/Nosfy
    
/Users/kathryn/Desktop/Nosfy/Nosfy/Views/MenuNappe.swift:1959:34: warning: call to main actor-isolated instance method 'dragLevel' in a synchronous nonisolated context
            RocketHaptics.shared.dragLevel(x * 0.55)
                                 ^
/Users/kathryn/Desktop/Nosfy/Nosfy/Figures/RocketHaptics.swift:343:10: note: calls to instance method 'dragLevel' from outside of its actor context are implicitly asynchronous
    func dragLevel(_ climb: Double) {
         ^
/Users/kathryn/Desktop/Nosfy/Nosfy/Views/MenuNappe.swift:1959:27: warning: main actor-isolated static property 'shared' can not be referenced from a Sendable closure
            RocketHaptics.shared.dragLevel(x * 0.55)
                          ^
/Users/kathryn/Desktop/Nosfy/Nosfy/Figures/RocketHaptics.swift:25:16: note: static property declared here
    static let shared = RocketHaptics()
               ^

SwiftCompile normal arm64 /Users/kathryn/Desktop/Nosfy/Nosfy/Views/MoonCoinLab.swift (in target 'Nosfy' from project 'Nosfy')
    cd /Users/kathryn/Desktop/Nosfy
    

SwiftCompile normal arm64 /Users/kathryn/Desktop/Nosfy/Nosfy/Views/MoonSplash.swift (in target 'Nosfy' from project 'Nosfy')
    cd /Users/kathryn/Desktop/Nosfy
    
/Users/kathryn/Desktop/Nosfy/Nosfy/Views/MoonSplash.swift:883:60: warning: main actor-isolated property 'start' cannot be accessed from outside of the actor; this is an error in the Swift 6 language mode
                let left = when - Date().timeIntervalSince(start)
                           ~~~~~~~~~~~~~~~~~~~~~~~~~~~~~~~~^~~~~~
                           await 

SwiftCompile normal arm64 /Users/kathryn/Desktop/Nosfy/Nosfy/Views/NavDiagnostic.swift (in target 'Nosfy' from project 'Nosfy')
    cd /Users/kathryn/Desktop/Nosfy
    

SwiftCompile normal arm64 /Users/kathryn/Desktop/Nosfy/Nosfy/Views/NavEncre.swift (in target 'Nosfy' from project 'Nosfy')
    cd /Users/kathryn/Desktop/Nosfy
    

SwiftCompile normal arm64 /Users/kathryn/Desktop/Nosfy/Nosfy/Views/NavLab.swift (in target 'Nosfy' from project 'Nosfy')
    cd /Users/kathryn/Desktop/Nosfy
    

SwiftCompile normal arm64 /Users/kathryn/Desktop/Nosfy/Nosfy/Views/NeonPrimaryButton.swift (in target 'Nosfy' from project 'Nosfy')
    cd /Users/kathryn/Desktop/Nosfy
    

SwiftCompile normal arm64 /Users/kathryn/Desktop/Nosfy/Nosfy/Views/NeonPrimaryLab.swift (in target 'Nosfy' from project 'Nosfy')
    cd /Users/kathryn/Desktop/Nosfy
    

SwiftDriverJobDiscovery normal x86_64 Compiling NosfyOnboarding.swift, NotchedCard.swift, NotifCard.swift, NotifChasse.swift, NotifLab.swift, ObjectiveCard.swift, ObjectiveCardLab.swift, ObsidianCard.swift, ObsidianCardLab.swift, OrphanProbe.swift, PageCard.swift, PanBande.swift, ParoleLigne.swift, PerleSemaineNative.swift, PiluleVagabonde.swift, PlayerMonde.swift, PlayerSeance.swift, PorteApple.swift, PorteEntree.swift, PremiereArrivee.swift (in target 'Nosfy' from project 'Nosfy')

SwiftCompile normal arm64 Compiling\ ProfilLune.swift,\ ProgressionView.swift,\ ProgressPage.swift,\ RecentWorkoutCard.swift,\ RestartSheet.swift,\ RewardCard.swift,\ RewardChemin.swift,\ RewardCheminCard.swift,\ ImpGlyph.swift,\ MoonGlyph.swift,\ ProgressComet.swift,\ WorkoutActivity.swift,\ WorkoutLiveCard.swift,\ WorkoutLiveFocus.swift,\ RewardCheminVariants.swift,\ RewardLab.swift,\ RythmeEcran.swift,\ SacreAccueil.swift,\ SessionSlate.swift,\ SetEntrySheet.swift /Users/kathryn/Desktop/Nosfy/Nosfy/Views/ProfilLune.swift /Users/kathryn/Desktop/Nosfy/Nosfy/Views/ProgressionView.swift /Users/kathryn/Desktop/Nosfy/Nosfy/Views/ProgressPage.swift /Users/kathryn/Desktop/Nosfy/Nosfy/Views/RecentWorkoutCard.swift /Users/kathryn/Desktop/Nosfy/Nosfy/Views/RestartSheet.swift /Users/kathryn/Desktop/Nosfy/Nosfy/Views/RewardCard.swift /Users/kathryn/Desktop/Nosfy/Nosfy/Views/RewardChemin.swift /Users/kathryn/Desktop/Nosfy/Nosfy/Views/RewardCheminCard.swift /Users/kathryn/Desktop/Nosfy/NosfyShared/ImpGlyph.swift /Users/kathryn/Desktop/Nosfy/NosfyShared/MoonGlyph.swift /Users/kathryn/Desktop/Nosfy/NosfyShared/ProgressComet.swift /Users/kathryn/Desktop/Nosfy/NosfyShared/WorkoutActivity.swift /Users/kathryn/Desktop/Nosfy/NosfyShared/WorkoutLiveCard.swift /Users/kathryn/Desktop/Nosfy/NosfyShared/WorkoutLiveFocus.swift /Users/kathryn/Desktop/Nosfy/Nosfy/Views/RewardCheminVariants.swift /Users/kathryn/Desktop/Nosfy/Nosfy/Views/RewardLab.swift /Users/kathryn/Desktop/Nosfy/Nosfy/Views/RythmeEcran.swift /Users/kathryn/Desktop/Nosfy/Nosfy/Views/SacreAccueil.swift /Users/kathryn/Desktop/Nosfy/Nosfy/Views/SessionSlate.swift /Users/kathryn/Desktop/Nosfy/Nosfy/Views/SetEntrySheet.swift (in target 'Nosfy' from project 'Nosfy')
SwiftCompile normal arm64 /Users/kathryn/Desktop/Nosfy/Nosfy/Views/ProfilLune.swift (in target 'Nosfy' from project 'Nosfy')
    cd /Users/kathryn/Desktop/Nosfy
    

SwiftCompile normal arm64 /Users/kathryn/Desktop/Nosfy/Nosfy/Views/ProgressionView.swift (in target 'Nosfy' from project 'Nosfy')
    cd /Users/kathryn/Desktop/Nosfy
    

SwiftCompile normal arm64 /Users/kathryn/Desktop/Nosfy/Nosfy/Views/ProgressPage.swift (in target 'Nosfy' from project 'Nosfy')
    cd /Users/kathryn/Desktop/Nosfy
    

SwiftCompile normal arm64 /Users/kathryn/Desktop/Nosfy/Nosfy/Views/RecentWorkoutCard.swift (in target 'Nosfy' from project 'Nosfy')
    cd /Users/kathryn/Desktop/Nosfy
    

SwiftCompile normal arm64 /Users/kathryn/Desktop/Nosfy/Nosfy/Views/RestartSheet.swift (in target 'Nosfy' from project 'Nosfy')
    cd /Users/kathryn/Desktop/Nosfy
    

SwiftCompile normal arm64 /Users/kathryn/Desktop/Nosfy/Nosfy/Views/RewardCard.swift (in target 'Nosfy' from project 'Nosfy')
    cd /Users/kathryn/Desktop/Nosfy
    
/Users/kathryn/Desktop/Nosfy/Nosfy/Views/RewardCard.swift:1550:17: warning: initialization of immutable value 'tilt' was never used; consider replacing with assignment to '_' or removing it
            let tilt = SkyMotion.shared.tilt
            ~~~~^~~~
            _

SwiftCompile normal arm64 /Users/kathryn/Desktop/Nosfy/Nosfy/Views/RewardChemin.swift (in target 'Nosfy' from project 'Nosfy')
    cd /Users/kathryn/Desktop/Nosfy
    

SwiftCompile normal arm64 /Users/kathryn/Desktop/Nosfy/Nosfy/Views/RewardCheminCard.swift (in target 'Nosfy' from project 'Nosfy')
    cd /Users/kathryn/Desktop/Nosfy
    

SwiftCompile normal arm64 /Users/kathryn/Desktop/Nosfy/NosfyShared/ImpGlyph.swift (in target 'Nosfy' from project 'Nosfy')
    cd /Users/kathryn/Desktop/Nosfy
    

SwiftCompile normal arm64 /Users/kathryn/Desktop/Nosfy/NosfyShared/MoonGlyph.swift (in target 'Nosfy' from project 'Nosfy')
    cd /Users/kathryn/Desktop/Nosfy
    

SwiftCompile normal arm64 /Users/kathryn/Desktop/Nosfy/NosfyShared/ProgressComet.swift (in target 'Nosfy' from project 'Nosfy')
    cd /Users/kathryn/Desktop/Nosfy
    

SwiftCompile normal arm64 /Users/kathryn/Desktop/Nosfy/NosfyShared/WorkoutActivity.swift (in target 'Nosfy' from project 'Nosfy')
    cd /Users/kathryn/Desktop/Nosfy
    

SwiftCompile normal arm64 /Users/kathryn/Desktop/Nosfy/NosfyShared/WorkoutLiveCard.swift (in target 'Nosfy' from project 'Nosfy')
    cd /Users/kathryn/Desktop/Nosfy
    

SwiftCompile normal arm64 /Users/kathryn/Desktop/Nosfy/NosfyShared/WorkoutLiveFocus.swift (in target 'Nosfy' from project 'Nosfy')
    cd /Users/kathryn/Desktop/Nosfy
    

SwiftCompile normal arm64 /Users/kathryn/Desktop/Nosfy/Nosfy/Views/RewardCheminVariants.swift (in target 'Nosfy' from project 'Nosfy')
    cd /Users/kathryn/Desktop/Nosfy
    

SwiftCompile normal arm64 /Users/kathryn/Desktop/Nosfy/Nosfy/Views/RewardLab.swift (in target 'Nosfy' from project 'Nosfy')
    cd /Users/kathryn/Desktop/Nosfy
    

SwiftCompile normal arm64 /Users/kathryn/Desktop/Nosfy/Nosfy/Views/RythmeEcran.swift (in target 'Nosfy' from project 'Nosfy')
    cd /Users/kathryn/Desktop/Nosfy
    

SwiftCompile normal arm64 /Users/kathryn/Desktop/Nosfy/Nosfy/Views/SacreAccueil.swift (in target 'Nosfy' from project 'Nosfy')
    cd /Users/kathryn/Desktop/Nosfy
    

SwiftCompile normal arm64 /Users/kathryn/Desktop/Nosfy/Nosfy/Views/SessionSlate.swift (in target 'Nosfy' from project 'Nosfy')
    cd /Users/kathryn/Desktop/Nosfy
    

SwiftCompile normal arm64 /Users/kathryn/Desktop/Nosfy/Nosfy/Views/SetEntrySheet.swift (in target 'Nosfy' from project 'Nosfy')
    cd /Users/kathryn/Desktop/Nosfy
    

SwiftDriverJobDiscovery normal arm64 Compiling HomeTextes.swift, InscriptionCompte.swift, Langue.swift, LuneForge.swift, OutboxGains.swift, OuvertureSeanceServeur.swift, ProfilServeur.swift, SacreServeur.swift, Supabase.swift, SupabaseSync.swift, SynthesisService.swift, WorkoutActivityController.swift, ActiveWorkoutView.swift, AppelChapitre.swift, AppelProfilVisite.swift, AuroraBgLab.swift, AuthView.swift, BancCoutHome.swift, BoosterCard.swift, BoosterLab.swift (in target 'Nosfy' from project 'Nosfy')

SwiftCompile normal arm64 Compiling\ VerreCoulant.swift,\ VisiteExercice.swift,\ VisiteHome.swift,\ WahouReveal.swift,\ WidgetEdition.swift,\ WidgetsCards.swift,\ WorkoutPill.swift,\ WorkoutsListView.swift,\ Atmosphere.swift,\ DemonSky.swift,\ Models.swift,\ MoonPath.swift,\ MoonSDF.swift,\ NebulaConfiguration.swift,\ NebulaNoise.swift,\ NebulaStrip.swift,\ NosfyApp.swift,\ Theme.swift,\ GeneratedAssetSymbols.swift /Users/kathryn/Desktop/Nosfy/Nosfy/Views/VerreCoulant.swift /Users/kathryn/Desktop/Nosfy/Nosfy/Views/VisiteExercice.swift /Users/kathryn/Desktop/Nosfy/Nosfy/Views/VisiteHome.swift /Users/kathryn/Desktop/Nosfy/Nosfy/Views/WahouReveal.swift /Users/kathryn/Desktop/Nosfy/Nosfy/Views/WidgetEdition.swift /Users/kathryn/Desktop/Nosfy/Nosfy/Views/WidgetsCards.swift /Users/kathryn/Desktop/Nosfy/Nosfy/Views/WorkoutPill.swift /Users/kathryn/Desktop/Nosfy/Nosfy/Views/WorkoutsListView.swift /Users/kathryn/Desktop/Nosfy/Nosfy/Atmosphere.swift /Users/kathryn/Desktop/Nosfy/Nosfy/DemonSky.swift /Users/kathryn/Desktop/Nosfy/Nosfy/Models.swift /Users/kathryn/Desktop/Nosfy/Nosfy/MoonPath.swift /Users/kathryn/Desktop/Nosfy/Nosfy/MoonSDF.swift /Users/kathryn/Desktop/Nosfy/Nosfy/NebulaConfiguration.swift /Users/kathryn/Desktop/Nosfy/Nosfy/NebulaNoise.swift /Users/kathryn/Desktop/Nosfy/Nosfy/NebulaStrip.swift /Users/kathryn/Desktop/Nosfy/Nosfy/NosfyApp.swift /Users/kathryn/Desktop/Nosfy/Nosfy/Theme.swift /tmp/nosfy-cartes-dd/Build/Intermediates.noindex/Nosfy.build/Debug-iphonesimulator/Nosfy.build/DerivedSources/GeneratedAssetSymbols.swift (in target 'Nosfy' from project 'Nosfy')
SwiftCompile normal arm64 /Users/kathryn/Desktop/Nosfy/Nosfy/Views/VerreCoulant.swift (in target 'Nosfy' from project 'Nosfy')
    cd /Users/kathryn/Desktop/Nosfy
    

SwiftCompile normal arm64 /Users/kathryn/Desktop/Nosfy/Nosfy/Views/VisiteExercice.swift (in target 'Nosfy' from project 'Nosfy')
    cd /Users/kathryn/Desktop/Nosfy
    

SwiftCompile normal arm64 /Users/kathryn/Desktop/Nosfy/Nosfy/Views/VisiteHome.swift (in target 'Nosfy' from project 'Nosfy')
    cd /Users/kathryn/Desktop/Nosfy
    

SwiftCompile normal arm64 /Users/kathryn/Desktop/Nosfy/Nosfy/Views/WahouReveal.swift (in target 'Nosfy' from project 'Nosfy')
    cd /Users/kathryn/Desktop/Nosfy
    

SwiftCompile normal arm64 /Users/kathryn/Desktop/Nosfy/Nosfy/Views/WidgetEdition.swift (in target 'Nosfy' from project 'Nosfy')
    cd /Users/kathryn/Desktop/Nosfy
    

SwiftCompile normal arm64 /Users/kathryn/Desktop/Nosfy/Nosfy/Views/WidgetsCards.swift (in target 'Nosfy' from project 'Nosfy')
    cd /Users/kathryn/Desktop/Nosfy
    

SwiftCompile normal arm64 /Users/kathryn/Desktop/Nosfy/Nosfy/Views/WorkoutPill.swift (in target 'Nosfy' from project 'Nosfy')
    cd /Users/kathryn/Desktop/Nosfy
    

SwiftCompile normal arm64 /Users/kathryn/Desktop/Nosfy/Nosfy/Views/WorkoutsListView.swift (in target 'Nosfy' from project 'Nosfy')
    cd /Users/kathryn/Desktop/Nosfy
    

SwiftCompile normal arm64 /Users/kathryn/Desktop/Nosfy/Nosfy/Atmosphere.swift (in target 'Nosfy' from project 'Nosfy')
    cd /Users/kathryn/Desktop/Nosfy
    

SwiftCompile normal arm64 /Users/kathryn/Desktop/Nosfy/Nosfy/DemonSky.swift (in target 'Nosfy' from project 'Nosfy')
    cd /Users/kathryn/Desktop/Nosfy
    

SwiftCompile normal arm64 /Users/kathryn/Desktop/Nosfy/Nosfy/Models.swift (in target 'Nosfy' from project 'Nosfy')
    cd /Users/kathryn/Desktop/Nosfy
    

SwiftCompile normal arm64 /Users/kathryn/Desktop/Nosfy/Nosfy/MoonPath.swift (in target 'Nosfy' from project 'Nosfy')
    cd /Users/kathryn/Desktop/Nosfy
    

SwiftCompile normal arm64 /Users/kathryn/Desktop/Nosfy/Nosfy/MoonSDF.swift (in target 'Nosfy' from project 'Nosfy')
    cd /Users/kathryn/Desktop/Nosfy
    

SwiftCompile normal arm64 /Users/kathryn/Desktop/Nosfy/Nosfy/NebulaConfiguration.swift (in target 'Nosfy' from project 'Nosfy')
    cd /Users/kathryn/Desktop/Nosfy
    

SwiftCompile normal arm64 /Users/kathryn/Desktop/Nosfy/Nosfy/NebulaNoise.swift (in target 'Nosfy' from project 'Nosfy')
    cd /Users/kathryn/Desktop/Nosfy
    

SwiftCompile normal arm64 /Users/kathryn/Desktop/Nosfy/Nosfy/NebulaStrip.swift (in target 'Nosfy' from project 'Nosfy')
    cd /Users/kathryn/Desktop/Nosfy
    

SwiftCompile normal arm64 /Users/kathryn/Desktop/Nosfy/Nosfy/NosfyApp.swift (in target 'Nosfy' from project 'Nosfy')
    cd /Users/kathryn/Desktop/Nosfy
    
/Users/kathryn/Desktop/Nosfy/Nosfy/NosfyApp.swift:1353:44: warning: left side of nil coalescing operator '??' has non-optional type 'Date', so the right side is never used
            MiniCardJour(date: a.startedAt ?? .now,
                               ~~~~~~~~~~~~^~~~~~~
                                          
/Users/kathryn/Desktop/Nosfy/Nosfy/NosfyApp.swift:1378:58: warning: left side of nil coalescing operator '??' has non-optional type 'Date', so the right side is never used
                TimelineView(.periodic(from: a.startedAt ?? .now,
                                             ~~~~~~~~~~~~^~~~~~~
                                                        
/Users/kathryn/Desktop/Nosfy/Nosfy/NosfyApp.swift:1381:56: warning: left side of nil coalescing operator '??' has non-optional type 'Date', so the right side is never used
                        .timeIntervalSince(a.startedAt ?? .now)))
                                           ~~~~~~~~~~~~^~~~~~~
                                                      
/Users/kathryn/Desktop/Nosfy/Nosfy/NosfyApp.swift:1773:47: warning: left side of nil coalescing operator '??' has non-optional type 'Date', so the right side is never used
                    departSeance: a.startedAt ?? .now,
                                  ~~~~~~~~~~~~^~~~~~~
                                             
/Users/kathryn/Desktop/Nosfy/Nosfy/NosfyApp.swift:1799:41: warning: left side of nil coalescing operator '??' has non-optional type 'Date', so the right side is never used
                    depart: a.startedAt ?? .now,
                            ~~~~~~~~~~~~^~~~~~~
                                       
/Users/kathryn/Desktop/Nosfy/Nosfy/NosfyApp.swift:1798:43: warning: 'main' was deprecated in iOS 26.0: Use a UIScreen instance found through context instead (i.e, view.window.windowScene.screen), or for properties like UIScreen.scale with trait equivalents, use a traitCollection found through context.
                    ecranTaille: UIScreen.main.bounds.size,
                                          ^

SwiftCompile normal arm64 /Users/kathryn/Desktop/Nosfy/Nosfy/Theme.swift (in target 'Nosfy' from project 'Nosfy')
    cd /Users/kathryn/Desktop/Nosfy
    

SwiftCompile normal arm64 /tmp/nosfy-cartes-dd/Build/Intermediates.noindex/Nosfy.build/Debug-iphonesimulator/Nosfy.build/DerivedSources/GeneratedAssetSymbols.swift (in target 'Nosfy' from project 'Nosfy')
    cd /Users/kathryn/Desktop/Nosfy
    

SwiftDriverJobDiscovery normal x86_64 Compiling ChipVerre.swift, CinematicPlayer.swift, ClavierBraise.swift, CoffreFlipLab.swift, CoffreFortCoin.swift, CoffreFortPurse.swift, CoffreFortView.swift, CoffreV2.swift, ConnexionButtonLab.swift, ConnexionCinematic.swift, CorpsNacre.swift, CounterLab.swift, DemonVideo.swift, DepartCine.swift, DepartSeance.swift, DevilAuraOverlay.swift, DuolinguoPage.swift, EmberFlameLab.swift, ExerciseDetailView.swift, ExerciseEditor.swift (in target 'Nosfy' from project 'Nosfy')

SwiftCompile normal arm64 Compiling\ NosfyOnboarding.swift,\ NotchedCard.swift,\ NotifCard.swift,\ NotifChasse.swift,\ NotifLab.swift,\ ObjectiveCard.swift,\ ObjectiveCardLab.swift,\ ObsidianCard.swift,\ ObsidianCardLab.swift,\ OrphanProbe.swift,\ PageCard.swift,\ PanBande.swift,\ ParoleLigne.swift,\ PerleSemaineNative.swift,\ PiluleVagabonde.swift,\ PlayerMonde.swift,\ PlayerSeance.swift,\ PorteApple.swift,\ PorteEntree.swift,\ PremiereArrivee.swift /Users/kathryn/Desktop/Nosfy/Nosfy/Views/NosfyOnboarding.swift /Users/kathryn/Desktop/Nosfy/Nosfy/Views/NotchedCard.swift /Users/kathryn/Desktop/Nosfy/Nosfy/Views/NotifCard.swift /Users/kathryn/Desktop/Nosfy/Nosfy/Views/NotifChasse.swift /Users/kathryn/Desktop/Nosfy/Nosfy/Views/NotifLab.swift /Users/kathryn/Desktop/Nosfy/Nosfy/Views/ObjectiveCard.swift /Users/kathryn/Desktop/Nosfy/Nosfy/Views/ObjectiveCardLab.swift /Users/kathryn/Desktop/Nosfy/Nosfy/Views/ObsidianCard.swift /Users/kathryn/Desktop/Nosfy/Nosfy/Views/ObsidianCardLab.swift /Users/kathryn/Desktop/Nosfy/Nosfy/Views/OrphanProbe.swift /Users/kathryn/Desktop/Nosfy/Nosfy/Views/PageCard.swift /Users/kathryn/Desktop/Nosfy/Nosfy/Views/PanBande.swift /Users/kathryn/Desktop/Nosfy/Nosfy/Views/ParoleLigne.swift /Users/kathryn/Desktop/Nosfy/Nosfy/Views/PerleSemaineNative.swift /Users/kathryn/Desktop/Nosfy/Nosfy/Views/PiluleVagabonde.swift /Users/kathryn/Desktop/Nosfy/Nosfy/Views/PlayerMonde.swift /Users/kathryn/Desktop/Nosfy/Nosfy/Views/PlayerSeance.swift /Users/kathryn/Desktop/Nosfy/Nosfy/Views/PorteApple.swift /Users/kathryn/Desktop/Nosfy/Nosfy/Views/PorteEntree.swift /Users/kathryn/Desktop/Nosfy/Nosfy/Views/PremiereArrivee.swift (in target 'Nosfy' from project 'Nosfy')

SwiftCompile normal arm64 /Users/kathryn/Desktop/Nosfy/Nosfy/Views/NosfyOnboarding.swift (in target 'Nosfy' from project 'Nosfy')
    cd /Users/kathryn/Desktop/Nosfy
    
/Users/kathryn/Desktop/Nosfy/Nosfy/Views/NosfyOnboarding.swift:499:65: warning: backward matching of the unlabeled trailing closure is deprecated; label the argument with 'onTap' to suppress this warning
                SemaineTapable(choisis: reponses.jours, en: en) { i in
                                                              ~ ^
                                                              , onTap: 
/Users/kathryn/Desktop/Nosfy/Nosfy/Views/NosfyOnboarding.swift:1856:16: note: 'init(choisis:onTap:en:)' declared here
private struct SemaineTapable: View {
               ^
/Users/kathryn/Desktop/Nosfy/Nosfy/Views/NosfyOnboarding.swift:743:23: warning: main actor-isolated property 'etape' cannot be accessed from outside of the actor; this is an error in the Swift 6 language mode
                while etape != e {
                      ^~~~~~~~~~
                      await 
/Users/kathryn/Desktop/Nosfy/Nosfy/Views/NosfyOnboarding.swift:749:24: warning: main actor-isolated property 'etape' cannot be accessed from outside of the actor; this is an error in the Swift 6 language mode
                return etape == e
                       ^~~~~~~~~~
                       await 

SwiftCompile normal arm64 /Users/kathryn/Desktop/Nosfy/Nosfy/Views/NotchedCard.swift (in target 'Nosfy' from project 'Nosfy')
    cd /Users/kathryn/Desktop/Nosfy
    

SwiftCompile normal arm64 /Users/kathryn/Desktop/Nosfy/Nosfy/Views/NotifCard.swift (in target 'Nosfy' from project 'Nosfy')
    cd /Users/kathryn/Desktop/Nosfy
    

SwiftCompile normal arm64 /Users/kathryn/Desktop/Nosfy/Nosfy/Views/NotifChasse.swift (in target 'Nosfy' from project 'Nosfy')
    cd /Users/kathryn/Desktop/Nosfy
    

SwiftCompile normal arm64 /Users/kathryn/Desktop/Nosfy/Nosfy/Views/NotifLab.swift (in target 'Nosfy' from project 'Nosfy')
    cd /Users/kathryn/Desktop/Nosfy
    

SwiftCompile normal arm64 /Users/kathryn/Desktop/Nosfy/Nosfy/Views/ObjectiveCard.swift (in target 'Nosfy' from project 'Nosfy')
    cd /Users/kathryn/Desktop/Nosfy
    

SwiftCompile normal arm64 /Users/kathryn/Desktop/Nosfy/Nosfy/Views/ObjectiveCardLab.swift (in target 'Nosfy' from project 'Nosfy')
    cd /Users/kathryn/Desktop/Nosfy
    

SwiftCompile normal arm64 /Users/kathryn/Desktop/Nosfy/Nosfy/Views/ObsidianCard.swift (in target 'Nosfy' from project 'Nosfy')
    cd /Users/kathryn/Desktop/Nosfy
    

SwiftCompile normal arm64 /Users/kathryn/Desktop/Nosfy/Nosfy/Views/ObsidianCardLab.swift (in target 'Nosfy' from project 'Nosfy')
    cd /Users/kathryn/Desktop/Nosfy
    

SwiftCompile normal arm64 /Users/kathryn/Desktop/Nosfy/Nosfy/Views/OrphanProbe.swift (in target 'Nosfy' from project 'Nosfy')
    cd /Users/kathryn/Desktop/Nosfy
    

SwiftCompile normal arm64 /Users/kathryn/Desktop/Nosfy/Nosfy/Views/PageCard.swift (in target 'Nosfy' from project 'Nosfy')
    cd /Users/kathryn/Desktop/Nosfy
    

SwiftCompile normal arm64 /Users/kathryn/Desktop/Nosfy/Nosfy/Views/PanBande.swift (in target 'Nosfy' from project 'Nosfy')
    cd /Users/kathryn/Desktop/Nosfy
    

SwiftCompile normal arm64 /Users/kathryn/Desktop/Nosfy/Nosfy/Views/ParoleLigne.swift (in target 'Nosfy' from project 'Nosfy')
    cd /Users/kathryn/Desktop/Nosfy
    

SwiftCompile normal arm64 /Users/kathryn/Desktop/Nosfy/Nosfy/Views/PerleSemaineNative.swift (in target 'Nosfy' from project 'Nosfy')
    cd /Users/kathryn/Desktop/Nosfy
    

SwiftCompile normal arm64 /Users/kathryn/Desktop/Nosfy/Nosfy/Views/PiluleVagabonde.swift (in target 'Nosfy' from project 'Nosfy')
    cd /Users/kathryn/Desktop/Nosfy
    
/Users/kathryn/Desktop/Nosfy/Nosfy/Views/PiluleVagabonde.swift:377:25: warning: 'main' was deprecated in iOS 26.0: Use a UIScreen instance found through context instead (i.e, view.window.windowScene.screen), or for properties like UIScreen.scale with trait equivalents, use a traitCollection found through context.
        130...(UIScreen.main.bounds.height - 138)
                        ^
/Users/kathryn/Desktop/Nosfy/Nosfy/Views/PiluleVagabonde.swift:390:26: warning: 'main' was deprecated in iOS 26.0: Use a UIScreen instance found through context instead (i.e, view.window.windowScene.screen), or for properties like UIScreen.scale with trait equivalents, use a traitCollection found through context.
        let W = UIScreen.main.bounds.width
                         ^
/Users/kathryn/Desktop/Nosfy/Nosfy/Views/PiluleVagabonde.swift:443:26: warning: 'main' was deprecated in iOS 26.0: Use a UIScreen instance found through context instead (i.e, view.window.windowScene.screen), or for properties like UIScreen.scale with trait equivalents, use a traitCollection found through context.
        let W = UIScreen.main.bounds.width
                         ^
/Users/kathryn/Desktop/Nosfy/Nosfy/Views/PiluleVagabonde.swift:920:35: warning: 'main' was deprecated in iOS 26.0: Use a UIScreen instance found through context instead (i.e, view.window.windowScene.screen), or for properties like UIScreen.scale with trait equivalents, use a traitCollection found through context.
            .position(x: UIScreen.main.bounds.width / 2,
                                  ^
/Users/kathryn/Desktop/Nosfy/Nosfy/Views/PiluleVagabonde.swift:1092:31: warning: 'main' was deprecated in iOS 26.0: Use a UIScreen instance found through context instead (i.e, view.window.windowScene.screen), or for properties like UIScreen.scale with trait equivalents, use a traitCollection found through context.
        .position(x: UIScreen.main.bounds.width / 2, y: IleGeo.centreY)
                              ^
/Users/kathryn/Desktop/Nosfy/Nosfy/Views/PiluleVagabonde.swift:1181:31: warning: 'main' was deprecated in iOS 26.0: Use a UIScreen instance found through context instead (i.e, view.window.windowScene.screen), or for properties like UIScreen.scale with trait equivalents, use a traitCollection found through context.
        .position(x: UIScreen.main.bounds.width / 2,
                              ^
/Users/kathryn/Desktop/Nosfy/Nosfy/Views/PiluleVagabonde.swift:1431:36: warning: 'main' was deprecated in iOS 26.0: Use a UIScreen instance found through context instead (i.e, view.window.windowScene.screen), or for properties like UIScreen.scale with trait equivalents, use a traitCollection found through context.
            .frame(width: UIScreen.main.bounds.width - NotifGeo.margeH * 2,
                                   ^
/Users/kathryn/Desktop/Nosfy/Nosfy/Views/PiluleVagabonde.swift:1502:35: warning: 'main' was deprecated in iOS 26.0: Use a UIScreen instance found through context instead (i.e, view.window.windowScene.screen), or for properties like UIScreen.scale with trait equivalents, use a traitCollection found through context.
            .position(x: UIScreen.main.bounds.width / 2, y: y)
                                  ^

SwiftCompile normal arm64 /Users/kathryn/Desktop/Nosfy/Nosfy/Views/PlayerMonde.swift (in target 'Nosfy' from project 'Nosfy')
    cd /Users/kathryn/Desktop/Nosfy
    

SwiftCompile normal arm64 /Users/kathryn/Desktop/Nosfy/Nosfy/Views/PlayerSeance.swift (in target 'Nosfy' from project 'Nosfy')
    cd /Users/kathryn/Desktop/Nosfy
    

SwiftCompile normal arm64 /Users/kathryn/Desktop/Nosfy/Nosfy/Views/PorteApple.swift (in target 'Nosfy' from project 'Nosfy')
    cd /Users/kathryn/Desktop/Nosfy
    

SwiftCompile normal arm64 /Users/kathryn/Desktop/Nosfy/Nosfy/Views/PorteEntree.swift (in target 'Nosfy' from project 'Nosfy')
    cd /Users/kathryn/Desktop/Nosfy
    

SwiftCompile normal arm64 /Users/kathryn/Desktop/Nosfy/Nosfy/Views/PremiereArrivee.swift (in target 'Nosfy' from project 'Nosfy')
    cd /Users/kathryn/Desktop/Nosfy
    

SwiftDriverJobDiscovery normal x86_64 Compiling BottleSplash.swift, CoinChime.swift, DiamondGlints.swift, Ink.swift, LightDial.swift, LuneDust.swift, MonolithChime.swift, NightBirds.swift, RocketHaptics.swift, SparkleBurst.swift, SplashBackground.swift, SplashWisp.swift, Annonces.swift, AppleAuth.swift, CartesServeur.swift, ChambreServeur.swift, CoachServeur.swift, Compte.swift, EconomieNosfy.swift, ForgeServeur.swift (in target 'Nosfy' from project 'Nosfy')

SwiftCompile normal arm64 Compiling\ SetHistoryRow.swift,\ SliderLab.swift,\ SliderObsidienne.swift,\ SondeCadence.swift,\ SondeVol.swift,\ StopCard.swift,\ StopLab.swift,\ StopSessionSheet.swift,\ StoryEnded.swift,\ StoryFlow.swift,\ StorySuite.swift,\ StoryVideo.swift,\ SuccessLab.swift,\ SwapCardSurface.swift,\ SwapEmptyCard.swift,\ SynthesisCard.swift,\ TapisLab.swift,\ TapisScene.swift,\ VerificationCompte.swift /Users/kathryn/Desktop/Nosfy/Nosfy/Views/SetHistoryRow.swift /Users/kathryn/Desktop/Nosfy/Nosfy/Views/SliderLab.swift /Users/kathryn/Desktop/Nosfy/Nosfy/Views/SliderObsidienne.swift /Users/kathryn/Desktop/Nosfy/Nosfy/Views/SondeCadence.swift /Users/kathryn/Desktop/Nosfy/Nosfy/Views/SondeVol.swift /Users/kathryn/Desktop/Nosfy/Nosfy/Views/StopCard.swift /Users/kathryn/Desktop/Nosfy/Nosfy/Views/StopLab.swift /Users/kathryn/Desktop/Nosfy/Nosfy/Views/StopSessionSheet.swift /Users/kathryn/Desktop/Nosfy/Nosfy/Views/StoryEnded.swift /Users/kathryn/Desktop/Nosfy/Nosfy/Views/StoryFlow.swift /Users/kathryn/Desktop/Nosfy/Nosfy/Views/StorySuite.swift /Users/kathryn/Desktop/Nosfy/Nosfy/Views/StoryVideo.swift /Users/kathryn/Desktop/Nosfy/Nosfy/Views/SuccessLab.swift /Users/kathryn/Desktop/Nosfy/Nosfy/Views/SwapCardSurface.swift /Users/kathryn/Desktop/Nosfy/Nosfy/Views/SwapEmptyCard.swift /Users/kathryn/Desktop/Nosfy/Nosfy/Views/SynthesisCard.swift /Users/kathryn/Desktop/Nosfy/Nosfy/Views/TapisLab.swift /Users/kathryn/Desktop/Nosfy/Nosfy/Views/TapisScene.swift /Users/kathryn/Desktop/Nosfy/Nosfy/Views/VerificationCompte.swift (in target 'Nosfy' from project 'Nosfy')

SwiftCompile normal arm64 /Users/kathryn/Desktop/Nosfy/Nosfy/Views/SetHistoryRow.swift (in target 'Nosfy' from project 'Nosfy')
    cd /Users/kathryn/Desktop/Nosfy
    

SwiftCompile normal arm64 /Users/kathryn/Desktop/Nosfy/Nosfy/Views/SliderLab.swift (in target 'Nosfy' from project 'Nosfy')
    cd /Users/kathryn/Desktop/Nosfy
    

SwiftCompile normal arm64 /Users/kathryn/Desktop/Nosfy/Nosfy/Views/SliderObsidienne.swift (in target 'Nosfy' from project 'Nosfy')
    cd /Users/kathryn/Desktop/Nosfy
    

SwiftCompile normal arm64 /Users/kathryn/Desktop/Nosfy/Nosfy/Views/SondeCadence.swift (in target 'Nosfy' from project 'Nosfy')
    cd /Users/kathryn/Desktop/Nosfy
    

SwiftCompile normal arm64 /Users/kathryn/Desktop/Nosfy/Nosfy/Views/SondeVol.swift (in target 'Nosfy' from project 'Nosfy')
    cd /Users/kathryn/Desktop/Nosfy
    

SwiftCompile normal arm64 /Users/kathryn/Desktop/Nosfy/Nosfy/Views/StopCard.swift (in target 'Nosfy' from project 'Nosfy')
    cd /Users/kathryn/Desktop/Nosfy
    

SwiftCompile normal arm64 /Users/kathryn/Desktop/Nosfy/Nosfy/Views/StopLab.swift (in target 'Nosfy' from project 'Nosfy')
    cd /Users/kathryn/Desktop/Nosfy
    

SwiftCompile normal arm64 /Users/kathryn/Desktop/Nosfy/Nosfy/Views/StopSessionSheet.swift (in target 'Nosfy' from project 'Nosfy')
    cd /Users/kathryn/Desktop/Nosfy
    

SwiftCompile normal arm64 /Users/kathryn/Desktop/Nosfy/Nosfy/Views/StoryEnded.swift (in target 'Nosfy' from project 'Nosfy')
    cd /Users/kathryn/Desktop/Nosfy
    

SwiftCompile normal arm64 /Users/kathryn/Desktop/Nosfy/Nosfy/Views/StoryFlow.swift (in target 'Nosfy' from project 'Nosfy')
    cd /Users/kathryn/Desktop/Nosfy
    

SwiftCompile normal arm64 /Users/kathryn/Desktop/Nosfy/Nosfy/Views/StorySuite.swift (in target 'Nosfy' from project 'Nosfy')
    cd /Users/kathryn/Desktop/Nosfy
    
/Users/kathryn/Desktop/Nosfy/Nosfy/Views/StorySuite.swift:841:25: warning: '+' was deprecated in iOS 26.0: Use string interpolation on `Text` instead: `Text("Hello \(name)")`
                    acc + Text(m.0)
                        ^

SwiftCompile normal arm64 /Users/kathryn/Desktop/Nosfy/Nosfy/Views/StoryVideo.swift (in target 'Nosfy' from project 'Nosfy')
    cd /Users/kathryn/Desktop/Nosfy
    

SwiftCompile normal arm64 /Users/kathryn/Desktop/Nosfy/Nosfy/Views/SuccessLab.swift (in target 'Nosfy' from project 'Nosfy')
    cd /Users/kathryn/Desktop/Nosfy
    

SwiftCompile normal arm64 /Users/kathryn/Desktop/Nosfy/Nosfy/Views/SwapCardSurface.swift (in target 'Nosfy' from project 'Nosfy')
    cd /Users/kathryn/Desktop/Nosfy
    

SwiftCompile normal arm64 /Users/kathryn/Desktop/Nosfy/Nosfy/Views/SwapEmptyCard.swift (in target 'Nosfy' from project 'Nosfy')
    cd /Users/kathryn/Desktop/Nosfy
    

SwiftCompile normal arm64 /Users/kathryn/Desktop/Nosfy/Nosfy/Views/SynthesisCard.swift (in target 'Nosfy' from project 'Nosfy')
    cd /Users/kathryn/Desktop/Nosfy
    

SwiftCompile normal arm64 /Users/kathryn/Desktop/Nosfy/Nosfy/Views/TapisLab.swift (in target 'Nosfy' from project 'Nosfy')
    cd /Users/kathryn/Desktop/Nosfy
    

SwiftCompile normal arm64 /Users/kathryn/Desktop/Nosfy/Nosfy/Views/TapisScene.swift (in target 'Nosfy' from project 'Nosfy')
    cd /Users/kathryn/Desktop/Nosfy
    

SwiftCompile normal arm64 /Users/kathryn/Desktop/Nosfy/Nosfy/Views/VerificationCompte.swift (in target 'Nosfy' from project 'Nosfy')
    cd /Users/kathryn/Desktop/Nosfy
    

SwiftDriverJobDiscovery normal arm64 Compiling LaunchPebble.swift, LensParticles.swift, LiquidLensLab.swift, LisereCoreAnimation.swift, LisereImages.swift, LisereRespirant.swift, LiveExerciseView.swift, LivingNebulaBackground.swift, LoginLab.swift, LogoLab.swift, LuneDeSang.swift, MenuCouronne.swift, MenuNappe.swift, MoonCoinLab.swift, MoonSplash.swift, NavDiagnostic.swift, NavEncre.swift, NavLab.swift, NeonPrimaryButton.swift, NeonPrimaryLab.swift (in target 'Nosfy' from project 'Nosfy')

SwiftCompile normal arm64 Compiling\ BottleSplash.swift,\ CoinChime.swift,\ DiamondGlints.swift,\ Ink.swift,\ LightDial.swift,\ LuneDust.swift,\ MonolithChime.swift,\ NightBirds.swift,\ RocketHaptics.swift,\ SparkleBurst.swift,\ SplashBackground.swift,\ SplashWisp.swift,\ Annonces.swift,\ AppleAuth.swift,\ CartesServeur.swift,\ ChambreServeur.swift,\ CoachServeur.swift,\ Compte.swift,\ EconomieNosfy.swift,\ ForgeServeur.swift /Users/kathryn/Desktop/Nosfy/Nosfy/Figures/BottleSplash.swift /Users/kathryn/Desktop/Nosfy/Nosfy/Figures/CoinChime.swift /Users/kathryn/Desktop/Nosfy/Nosfy/Figures/DiamondGlints.swift /Users/kathryn/Desktop/Nosfy/Nosfy/Figures/Ink.swift /Users/kathryn/Desktop/Nosfy/Nosfy/Figures/LightDial.swift /Users/kathryn/Desktop/Nosfy/Nosfy/Figures/LuneDust.swift /Users/kathryn/Desktop/Nosfy/Nosfy/Figures/MonolithChime.swift /Users/kathryn/Desktop/Nosfy/Nosfy/Figures/NightBirds.swift /Users/kathryn/Desktop/Nosfy/Nosfy/Figures/RocketHaptics.swift /Users/kathryn/Desktop/Nosfy/Nosfy/Figures/SparkleBurst.swift /Users/kathryn/Desktop/Nosfy/Nosfy/Figures/SplashBackground.swift /Users/kathryn/Desktop/Nosfy/Nosfy/Figures/SplashWisp.swift /Users/kathryn/Desktop/Nosfy/Nosfy/Services/Annonces.swift /Users/kathryn/Desktop/Nosfy/Nosfy/Services/AppleAuth.swift /Users/kathryn/Desktop/Nosfy/Nosfy/Services/CartesServeur.swift /Users/kathryn/Desktop/Nosfy/Nosfy/Services/ChambreServeur.swift /Users/kathryn/Desktop/Nosfy/Nosfy/Services/CoachServeur.swift /Users/kathryn/Desktop/Nosfy/Nosfy/Services/Compte.swift /Users/kathryn/Desktop/Nosfy/Nosfy/Services/EconomieNosfy.swift /Users/kathryn/Desktop/Nosfy/Nosfy/Services/ForgeServeur.swift (in target 'Nosfy' from project 'Nosfy')

SwiftCompile normal arm64 /Users/kathryn/Desktop/Nosfy/Nosfy/Figures/BottleSplash.swift (in target 'Nosfy' from project 'Nosfy')
    cd /Users/kathryn/Desktop/Nosfy
    
/Users/kathryn/Desktop/Nosfy/Nosfy/Services/AppleAuth.swift:303:74: warning: 'init()' was deprecated in iOS 26.0: Use init(windowScene:) instead.
        return fenetres.first(where: \.isKeyWindow) ?? fenetres.first ?? ASPresentationAnchor()
                                                                         ^

SwiftCompile normal arm64 /Users/kathryn/Desktop/Nosfy/Nosfy/Figures/CoinChime.swift (in target 'Nosfy' from project 'Nosfy')
    cd /Users/kathryn/Desktop/Nosfy
    
/Users/kathryn/Desktop/Nosfy/Nosfy/Services/AppleAuth.swift:303:74: warning: 'init()' was deprecated in iOS 26.0: Use init(windowScene:) instead.
        return fenetres.first(where: \.isKeyWindow) ?? fenetres.first ?? ASPresentationAnchor()
                                                                         ^

SwiftCompile normal arm64 /Users/kathryn/Desktop/Nosfy/Nosfy/Figures/DiamondGlints.swift (in target 'Nosfy' from project 'Nosfy')
    cd /Users/kathryn/Desktop/Nosfy
    
/Users/kathryn/Desktop/Nosfy/Nosfy/Services/AppleAuth.swift:303:74: warning: 'init()' was deprecated in iOS 26.0: Use init(windowScene:) instead.
        return fenetres.first(where: \.isKeyWindow) ?? fenetres.first ?? ASPresentationAnchor()
                                                                         ^

SwiftCompile normal arm64 /Users/kathryn/Desktop/Nosfy/Nosfy/Figures/Ink.swift (in target 'Nosfy' from project 'Nosfy')
    cd /Users/kathryn/Desktop/Nosfy
    
/Users/kathryn/Desktop/Nosfy/Nosfy/Services/AppleAuth.swift:303:74: warning: 'init()' was deprecated in iOS 26.0: Use init(windowScene:) instead.
        return fenetres.first(where: \.isKeyWindow) ?? fenetres.first ?? ASPresentationAnchor()
                                                                         ^

SwiftCompile normal arm64 /Users/kathryn/Desktop/Nosfy/Nosfy/Figures/LightDial.swift (in target 'Nosfy' from project 'Nosfy')
    cd /Users/kathryn/Desktop/Nosfy
    
/Users/kathryn/Desktop/Nosfy/Nosfy/Services/AppleAuth.swift:303:74: warning: 'init()' was deprecated in iOS 26.0: Use init(windowScene:) instead.
        return fenetres.first(where: \.isKeyWindow) ?? fenetres.first ?? ASPresentationAnchor()
                                                                         ^

SwiftCompile normal arm64 /Users/kathryn/Desktop/Nosfy/Nosfy/Figures/LuneDust.swift (in target 'Nosfy' from project 'Nosfy')
    cd /Users/kathryn/Desktop/Nosfy
    
/Users/kathryn/Desktop/Nosfy/Nosfy/Services/AppleAuth.swift:303:74: warning: 'init()' was deprecated in iOS 26.0: Use init(windowScene:) instead.
        return fenetres.first(where: \.isKeyWindow) ?? fenetres.first ?? ASPresentationAnchor()
                                                                         ^

SwiftCompile normal arm64 /Users/kathryn/Desktop/Nosfy/Nosfy/Figures/MonolithChime.swift (in target 'Nosfy' from project 'Nosfy')
    cd /Users/kathryn/Desktop/Nosfy
    
/Users/kathryn/Desktop/Nosfy/Nosfy/Services/AppleAuth.swift:303:74: warning: 'init()' was deprecated in iOS 26.0: Use init(windowScene:) instead.
        return fenetres.first(where: \.isKeyWindow) ?? fenetres.first ?? ASPresentationAnchor()
                                                                         ^

SwiftCompile normal arm64 /Users/kathryn/Desktop/Nosfy/Nosfy/Figures/NightBirds.swift (in target 'Nosfy' from project 'Nosfy')
    cd /Users/kathryn/Desktop/Nosfy
    
/Users/kathryn/Desktop/Nosfy/Nosfy/Services/AppleAuth.swift:303:74: warning: 'init()' was deprecated in iOS 26.0: Use init(windowScene:) instead.
        return fenetres.first(where: \.isKeyWindow) ?? fenetres.first ?? ASPresentationAnchor()
                                                                         ^

SwiftCompile normal arm64 /Users/kathryn/Desktop/Nosfy/Nosfy/Figures/RocketHaptics.swift (in target 'Nosfy' from project 'Nosfy')
    cd /Users/kathryn/Desktop/Nosfy
    
/Users/kathryn/Desktop/Nosfy/Nosfy/Services/AppleAuth.swift:303:74: warning: 'init()' was deprecated in iOS 26.0: Use init(windowScene:) instead.
        return fenetres.first(where: \.isKeyWindow) ?? fenetres.first ?? ASPresentationAnchor()
                                                                         ^

SwiftCompile normal arm64 /Users/kathryn/Desktop/Nosfy/Nosfy/Figures/SparkleBurst.swift (in target 'Nosfy' from project 'Nosfy')
    cd /Users/kathryn/Desktop/Nosfy
    
/Users/kathryn/Desktop/Nosfy/Nosfy/Services/AppleAuth.swift:303:74: warning: 'init()' was deprecated in iOS 26.0: Use init(windowScene:) instead.
        return fenetres.first(where: \.isKeyWindow) ?? fenetres.first ?? ASPresentationAnchor()
                                                                         ^

SwiftCompile normal arm64 /Users/kathryn/Desktop/Nosfy/Nosfy/Figures/SplashBackground.swift (in target 'Nosfy' from project 'Nosfy')
    cd /Users/kathryn/Desktop/Nosfy
    
/Users/kathryn/Desktop/Nosfy/Nosfy/Services/AppleAuth.swift:303:74: warning: 'init()' was deprecated in iOS 26.0: Use init(windowScene:) instead.
        return fenetres.first(where: \.isKeyWindow) ?? fenetres.first ?? ASPresentationAnchor()
                                                                         ^

SwiftCompile normal arm64 /Users/kathryn/Desktop/Nosfy/Nosfy/Figures/SplashWisp.swift (in target 'Nosfy' from project 'Nosfy')
    cd /Users/kathryn/Desktop/Nosfy
    
/Users/kathryn/Desktop/Nosfy/Nosfy/Services/AppleAuth.swift:303:74: warning: 'init()' was deprecated in iOS 26.0: Use init(windowScene:) instead.
        return fenetres.first(where: \.isKeyWindow) ?? fenetres.first ?? ASPresentationAnchor()
                                                                         ^

SwiftCompile normal arm64 /Users/kathryn/Desktop/Nosfy/Nosfy/Services/Annonces.swift (in target 'Nosfy' from project 'Nosfy')
    cd /Users/kathryn/Desktop/Nosfy
    
/Users/kathryn/Desktop/Nosfy/Nosfy/Services/AppleAuth.swift:303:74: warning: 'init()' was deprecated in iOS 26.0: Use init(windowScene:) instead.
        return fenetres.first(where: \.isKeyWindow) ?? fenetres.first ?? ASPresentationAnchor()
                                                                         ^

SwiftCompile normal arm64 /Users/kathryn/Desktop/Nosfy/Nosfy/Services/AppleAuth.swift (in target 'Nosfy' from project 'Nosfy')
    cd /Users/kathryn/Desktop/Nosfy
    
/Users/kathryn/Desktop/Nosfy/Nosfy/Services/AppleAuth.swift:303:74: warning: 'init()' was deprecated in iOS 26.0: Use init(windowScene:) instead.
        return fenetres.first(where: \.isKeyWindow) ?? fenetres.first ?? ASPresentationAnchor()
                                                                         ^

SwiftCompile normal arm64 /Users/kathryn/Desktop/Nosfy/Nosfy/Services/CartesServeur.swift (in target 'Nosfy' from project 'Nosfy')
    cd /Users/kathryn/Desktop/Nosfy
    
/Users/kathryn/Desktop/Nosfy/Nosfy/Services/AppleAuth.swift:303:74: warning: 'init()' was deprecated in iOS 26.0: Use init(windowScene:) instead.
        return fenetres.first(where: \.isKeyWindow) ?? fenetres.first ?? ASPresentationAnchor()
                                                                         ^

SwiftCompile normal arm64 /Users/kathryn/Desktop/Nosfy/Nosfy/Services/ChambreServeur.swift (in target 'Nosfy' from project 'Nosfy')
    cd /Users/kathryn/Desktop/Nosfy
    
/Users/kathryn/Desktop/Nosfy/Nosfy/Services/AppleAuth.swift:303:74: warning: 'init()' was deprecated in iOS 26.0: Use init(windowScene:) instead.
        return fenetres.first(where: \.isKeyWindow) ?? fenetres.first ?? ASPresentationAnchor()
                                                                         ^

SwiftCompile normal arm64 /Users/kathryn/Desktop/Nosfy/Nosfy/Services/CoachServeur.swift (in target 'Nosfy' from project 'Nosfy')
    cd /Users/kathryn/Desktop/Nosfy
    
/Users/kathryn/Desktop/Nosfy/Nosfy/Services/AppleAuth.swift:303:74: warning: 'init()' was deprecated in iOS 26.0: Use init(windowScene:) instead.
        return fenetres.first(where: \.isKeyWindow) ?? fenetres.first ?? ASPresentationAnchor()
                                                                         ^

SwiftCompile normal arm64 /Users/kathryn/Desktop/Nosfy/Nosfy/Services/Compte.swift (in target 'Nosfy' from project 'Nosfy')
    cd /Users/kathryn/Desktop/Nosfy
    
/Users/kathryn/Desktop/Nosfy/Nosfy/Services/AppleAuth.swift:303:74: warning: 'init()' was deprecated in iOS 26.0: Use init(windowScene:) instead.
        return fenetres.first(where: \.isKeyWindow) ?? fenetres.first ?? ASPresentationAnchor()
                                                                         ^

SwiftCompile normal arm64 /Users/kathryn/Desktop/Nosfy/Nosfy/Services/EconomieNosfy.swift (in target 'Nosfy' from project 'Nosfy')
    cd /Users/kathryn/Desktop/Nosfy
    
/Users/kathryn/Desktop/Nosfy/Nosfy/Services/AppleAuth.swift:303:74: warning: 'init()' was deprecated in iOS 26.0: Use init(windowScene:) instead.
        return fenetres.first(where: \.isKeyWindow) ?? fenetres.first ?? ASPresentationAnchor()
                                                                         ^

SwiftCompile normal arm64 /Users/kathryn/Desktop/Nosfy/Nosfy/Services/ForgeServeur.swift (in target 'Nosfy' from project 'Nosfy')
    cd /Users/kathryn/Desktop/Nosfy
    
/Users/kathryn/Desktop/Nosfy/Nosfy/Services/AppleAuth.swift:303:74: warning: 'init()' was deprecated in iOS 26.0: Use init(windowScene:) instead.
        return fenetres.first(where: \.isKeyWindow) ?? fenetres.first ?? ASPresentationAnchor()
                                                                         ^

SwiftDriverJobDiscovery normal x86_64 Compiling ExercisePhoto.swift, ExerciseSetupCard.swift, ExercisesView.swift, ExosFond.swift, FilmDepartSeance.swift, FlameLab.swift, FlammeJauge.swift, FlammeJaugeLab.swift, FondVideoMetal.swift, Foyer.swift, FumeeInviteMetal.swift, GaletEtape.swift, GaletLab.swift, GaletSlide.swift, HaloDawnLab.swift, HarmonieLab.swift, HomeAuroraView.swift, HomeNuit.swift, HomeView.swift, JewelTabBar.swift (in target 'Nosfy' from project 'Nosfy')

SwiftCompile normal x86_64 Compiling\ SetHistoryRow.swift,\ SliderLab.swift,\ SliderObsidienne.swift,\ SondeCadence.swift,\ SondeVol.swift,\ StopCard.swift,\ StopLab.swift,\ StopSessionSheet.swift,\ StoryEnded.swift,\ StoryFlow.swift,\ StorySuite.swift,\ StoryVideo.swift,\ SuccessLab.swift,\ SwapCardSurface.swift,\ SwapEmptyCard.swift,\ SynthesisCard.swift,\ TapisLab.swift,\ TapisScene.swift,\ VerificationCompte.swift /Users/kathryn/Desktop/Nosfy/Nosfy/Views/SetHistoryRow.swift /Users/kathryn/Desktop/Nosfy/Nosfy/Views/SliderLab.swift /Users/kathryn/Desktop/Nosfy/Nosfy/Views/SliderObsidienne.swift /Users/kathryn/Desktop/Nosfy/Nosfy/Views/SondeCadence.swift /Users/kathryn/Desktop/Nosfy/Nosfy/Views/SondeVol.swift /Users/kathryn/Desktop/Nosfy/Nosfy/Views/StopCard.swift /Users/kathryn/Desktop/Nosfy/Nosfy/Views/StopLab.swift /Users/kathryn/Desktop/Nosfy/Nosfy/Views/StopSessionSheet.swift /Users/kathryn/Desktop/Nosfy/Nosfy/Views/StoryEnded.swift /Users/kathryn/Desktop/Nosfy/Nosfy/Views/StoryFlow.swift /Users/kathryn/Desktop/Nosfy/Nosfy/Views/StorySuite.swift /Users/kathryn/Desktop/Nosfy/Nosfy/Views/StoryVideo.swift /Users/kathryn/Desktop/Nosfy/Nosfy/Views/SuccessLab.swift /Users/kathryn/Desktop/Nosfy/Nosfy/Views/SwapCardSurface.swift /Users/kathryn/Desktop/Nosfy/Nosfy/Views/SwapEmptyCard.swift /Users/kathryn/Desktop/Nosfy/Nosfy/Views/SynthesisCard.swift /Users/kathryn/Desktop/Nosfy/Nosfy/Views/TapisLab.swift /Users/kathryn/Desktop/Nosfy/Nosfy/Views/TapisScene.swift /Users/kathryn/Desktop/Nosfy/Nosfy/Views/VerificationCompte.swift (in target 'Nosfy' from project 'Nosfy')
SwiftCompile normal x86_64 /Users/kathryn/Desktop/Nosfy/Nosfy/Views/SetHistoryRow.swift (in target 'Nosfy' from project 'Nosfy')
    cd /Users/kathryn/Desktop/Nosfy
    

SwiftCompile normal x86_64 /Users/kathryn/Desktop/Nosfy/Nosfy/Views/SliderLab.swift (in target 'Nosfy' from project 'Nosfy')
    cd /Users/kathryn/Desktop/Nosfy
    

SwiftCompile normal x86_64 /Users/kathryn/Desktop/Nosfy/Nosfy/Views/SliderObsidienne.swift (in target 'Nosfy' from project 'Nosfy')
    cd /Users/kathryn/Desktop/Nosfy
    

SwiftCompile normal x86_64 /Users/kathryn/Desktop/Nosfy/Nosfy/Views/SondeCadence.swift (in target 'Nosfy' from project 'Nosfy')
    cd /Users/kathryn/Desktop/Nosfy
    

SwiftCompile normal x86_64 /Users/kathryn/Desktop/Nosfy/Nosfy/Views/SondeVol.swift (in target 'Nosfy' from project 'Nosfy')
    cd /Users/kathryn/Desktop/Nosfy
    

SwiftCompile normal x86_64 /Users/kathryn/Desktop/Nosfy/Nosfy/Views/StopCard.swift (in target 'Nosfy' from project 'Nosfy')
    cd /Users/kathryn/Desktop/Nosfy
    

SwiftCompile normal x86_64 /Users/kathryn/Desktop/Nosfy/Nosfy/Views/StopLab.swift (in target 'Nosfy' from project 'Nosfy')
    cd /Users/kathryn/Desktop/Nosfy
    

SwiftCompile normal x86_64 /Users/kathryn/Desktop/Nosfy/Nosfy/Views/StopSessionSheet.swift (in target 'Nosfy' from project 'Nosfy')
    cd /Users/kathryn/Desktop/Nosfy
    

SwiftCompile normal x86_64 /Users/kathryn/Desktop/Nosfy/Nosfy/Views/StoryEnded.swift (in target 'Nosfy' from project 'Nosfy')
    cd /Users/kathryn/Desktop/Nosfy
    

SwiftCompile normal x86_64 /Users/kathryn/Desktop/Nosfy/Nosfy/Views/StoryFlow.swift (in target 'Nosfy' from project 'Nosfy')
    cd /Users/kathryn/Desktop/Nosfy
    

SwiftCompile normal x86_64 /Users/kathryn/Desktop/Nosfy/Nosfy/Views/StorySuite.swift (in target 'Nosfy' from project 'Nosfy')
    cd /Users/kathryn/Desktop/Nosfy
    
/Users/kathryn/Desktop/Nosfy/Nosfy/Views/StorySuite.swift:841:25: warning: '+' was deprecated in iOS 26.0: Use string interpolation on `Text` instead: `Text("Hello \(name)")`
                    acc + Text(m.0)
                        ^

SwiftCompile normal x86_64 /Users/kathryn/Desktop/Nosfy/Nosfy/Views/StoryVideo.swift (in target 'Nosfy' from project 'Nosfy')
    cd /Users/kathryn/Desktop/Nosfy
    

SwiftCompile normal x86_64 /Users/kathryn/Desktop/Nosfy/Nosfy/Views/SuccessLab.swift (in target 'Nosfy' from project 'Nosfy')
    cd /Users/kathryn/Desktop/Nosfy
    

SwiftCompile normal x86_64 /Users/kathryn/Desktop/Nosfy/Nosfy/Views/SwapCardSurface.swift (in target 'Nosfy' from project 'Nosfy')
    cd /Users/kathryn/Desktop/Nosfy
    

SwiftCompile normal x86_64 /Users/kathryn/Desktop/Nosfy/Nosfy/Views/SwapEmptyCard.swift (in target 'Nosfy' from project 'Nosfy')
    cd /Users/kathryn/Desktop/Nosfy
    

SwiftCompile normal x86_64 /Users/kathryn/Desktop/Nosfy/Nosfy/Views/SynthesisCard.swift (in target 'Nosfy' from project 'Nosfy')
    cd /Users/kathryn/Desktop/Nosfy
    

SwiftCompile normal x86_64 /Users/kathryn/Desktop/Nosfy/Nosfy/Views/TapisLab.swift (in target 'Nosfy' from project 'Nosfy')
    cd /Users/kathryn/Desktop/Nosfy
    

SwiftCompile normal x86_64 /Users/kathryn/Desktop/Nosfy/Nosfy/Views/TapisScene.swift (in target 'Nosfy' from project 'Nosfy')
    cd /Users/kathryn/Desktop/Nosfy
    

SwiftCompile normal x86_64 /Users/kathryn/Desktop/Nosfy/Nosfy/Views/VerificationCompte.swift (in target 'Nosfy' from project 'Nosfy')
    cd /Users/kathryn/Desktop/Nosfy
    

SwiftDriverJobDiscovery normal arm64 Compiling ChipVerre.swift, CinematicPlayer.swift, ClavierBraise.swift, CoffreFlipLab.swift, CoffreFortCoin.swift, CoffreFortPurse.swift, CoffreFortView.swift, CoffreV2.swift, ConnexionButtonLab.swift, ConnexionCinematic.swift, CorpsNacre.swift, CounterLab.swift, DemonVideo.swift, DepartCine.swift, DepartSeance.swift, DevilAuraOverlay.swift, DuolinguoPage.swift, EmberFlameLab.swift, ExerciseDetailView.swift, ExerciseEditor.swift (in target 'Nosfy' from project 'Nosfy')

SwiftCompile normal x86_64 Compiling\ BoosterPack.swift,\ BoosterPopup.swift,\ BordSeance.swift,\ BoutonPrimaire.swift,\ BravoLab.swift,\ CalendarView.swift,\ CalLab.swift,\ CardioFiche.swift,\ CardRoute.swift,\ CarnetLab.swift,\ CarnetScene.swift,\ CarteLuneLab.swift,\ ChambreDonnees.swift,\ ChambreHiit.swift,\ ChambreLongue.swift,\ ChambrePeak.swift,\ ChambreRegularite.swift,\ ChambreVolume.swift,\ ChargeFiche.swift,\ ChevronAppelNatif.swift /Users/kathryn/Desktop/Nosfy/Nosfy/Views/BoosterPack.swift /Users/kathryn/Desktop/Nosfy/Nosfy/Views/BoosterPopup.swift /Users/kathryn/Desktop/Nosfy/Nosfy/Views/BordSeance.swift /Users/kathryn/Desktop/Nosfy/Nosfy/Views/BoutonPrimaire.swift /Users/kathryn/Desktop/Nosfy/Nosfy/Views/BravoLab.swift /Users/kathryn/Desktop/Nosfy/Nosfy/Views/CalendarView.swift /Users/kathryn/Desktop/Nosfy/Nosfy/Views/CalLab.swift /Users/kathryn/Desktop/Nosfy/Nosfy/Views/CardioFiche.swift /Users/kathryn/Desktop/Nosfy/Nosfy/Views/CardRoute.swift /Users/kathryn/Desktop/Nosfy/Nosfy/Views/CarnetLab.swift /Users/kathryn/Desktop/Nosfy/Nosfy/Views/CarnetScene.swift /Users/kathryn/Desktop/Nosfy/Nosfy/Views/CarteLuneLab.swift /Users/kathryn/Desktop/Nosfy/Nosfy/Views/ChambreDonnees.swift /Users/kathryn/Desktop/Nosfy/Nosfy/Views/ChambreHiit.swift /Users/kathryn/Desktop/Nosfy/Nosfy/Views/ChambreLongue.swift /Users/kathryn/Desktop/Nosfy/Nosfy/Views/ChambrePeak.swift /Users/kathryn/Desktop/Nosfy/Nosfy/Views/ChambreRegularite.swift /Users/kathryn/Desktop/Nosfy/Nosfy/Views/ChambreVolume.swift /Users/kathryn/Desktop/Nosfy/Nosfy/Views/ChargeFiche.swift /Users/kathryn/Desktop/Nosfy/Nosfy/Views/ChevronAppelNatif.swift (in target 'Nosfy' from project 'Nosfy')
SwiftCompile normal x86_64 /Users/kathryn/Desktop/Nosfy/Nosfy/Views/BoosterPack.swift (in target 'Nosfy' from project 'Nosfy')
    cd /Users/kathryn/Desktop/Nosfy
    

SwiftCompile normal x86_64 /Users/kathryn/Desktop/Nosfy/Nosfy/Views/BoosterPopup.swift (in target 'Nosfy' from project 'Nosfy')
    cd /Users/kathryn/Desktop/Nosfy
    

SwiftCompile normal x86_64 /Users/kathryn/Desktop/Nosfy/Nosfy/Views/BordSeance.swift (in target 'Nosfy' from project 'Nosfy')
    cd /Users/kathryn/Desktop/Nosfy
    

SwiftCompile normal x86_64 /Users/kathryn/Desktop/Nosfy/Nosfy/Views/BoutonPrimaire.swift (in target 'Nosfy' from project 'Nosfy')
    cd /Users/kathryn/Desktop/Nosfy
    

SwiftCompile normal x86_64 /Users/kathryn/Desktop/Nosfy/Nosfy/Views/BravoLab.swift (in target 'Nosfy' from project 'Nosfy')
    cd /Users/kathryn/Desktop/Nosfy
    
/Users/kathryn/Desktop/Nosfy/Nosfy/Views/BravoLab.swift:332:21: warning: initialization of immutable value 'bornU' was never used; consider replacing with assignment to '_' or removing it
                let bornU = BravoCine.sstep(BravoCine.contentAt,
                ~~~~^~~~~
                _

SwiftCompile normal x86_64 /Users/kathryn/Desktop/Nosfy/Nosfy/Views/CalendarView.swift (in target 'Nosfy' from project 'Nosfy')
    cd /Users/kathryn/Desktop/Nosfy
    

SwiftCompile normal x86_64 /Users/kathryn/Desktop/Nosfy/Nosfy/Views/CalLab.swift (in target 'Nosfy' from project 'Nosfy')
    cd /Users/kathryn/Desktop/Nosfy
    

SwiftCompile normal x86_64 /Users/kathryn/Desktop/Nosfy/Nosfy/Views/CardioFiche.swift (in target 'Nosfy' from project 'Nosfy')
    cd /Users/kathryn/Desktop/Nosfy
    

SwiftCompile normal x86_64 /Users/kathryn/Desktop/Nosfy/Nosfy/Views/CardRoute.swift (in target 'Nosfy' from project 'Nosfy')
    cd /Users/kathryn/Desktop/Nosfy
    

SwiftCompile normal x86_64 /Users/kathryn/Desktop/Nosfy/Nosfy/Views/CarnetLab.swift (in target 'Nosfy' from project 'Nosfy')
    cd /Users/kathryn/Desktop/Nosfy
    

SwiftCompile normal x86_64 /Users/kathryn/Desktop/Nosfy/Nosfy/Views/CarnetScene.swift (in target 'Nosfy' from project 'Nosfy')
    cd /Users/kathryn/Desktop/Nosfy
    

SwiftCompile normal x86_64 /Users/kathryn/Desktop/Nosfy/Nosfy/Views/CarteLuneLab.swift (in target 'Nosfy' from project 'Nosfy')
    cd /Users/kathryn/Desktop/Nosfy
    
/Users/kathryn/Desktop/Nosfy/Nosfy/Views/CarteLuneLab.swift:580:52: warning: 'main' was deprecated in iOS 26.0: Use a UIScreen instance found through context instead (i.e, view.window.windowScene.screen), or for properties like UIScreen.scale with trait equivalents, use a traitCollection found through context.
                            .frame(width: UIScreen.main.bounds.width * 2.4,
                                                   ^
/Users/kathryn/Desktop/Nosfy/Nosfy/Views/CarteLuneLab.swift:581:53: warning: 'main' was deprecated in iOS 26.0: Use a UIScreen instance found through context instead (i.e, view.window.windowScene.screen), or for properties like UIScreen.scale with trait equivalents, use a traitCollection found through context.
                                   height: UIScreen.main.bounds.height * 2.4)
                                                    ^

SwiftCompile normal x86_64 /Users/kathryn/Desktop/Nosfy/Nosfy/Views/ChambreDonnees.swift (in target 'Nosfy' from project 'Nosfy')
    cd /Users/kathryn/Desktop/Nosfy
    
/Users/kathryn/Desktop/Nosfy/Nosfy/Views/ChambreDonnees.swift:313:31: warning: 'flatMap' is deprecated: Please use compactMap(_:) for the case where closure returns an optional value
            let pic = seances.flatMap { picHiit($0) }.max()
                              ^
/Users/kathryn/Desktop/Nosfy/Nosfy/Views/ChambreDonnees.swift:313:31: note: use 'compactMap(_:)' instead
            let pic = seances.flatMap { picHiit($0) }.max()
                              ^~~~~~~
                              compactMap

SwiftCompile normal x86_64 /Users/kathryn/Desktop/Nosfy/Nosfy/Views/ChambreHiit.swift (in target 'Nosfy' from project 'Nosfy')
    cd /Users/kathryn/Desktop/Nosfy
    

SwiftCompile normal x86_64 /Users/kathryn/Desktop/Nosfy/Nosfy/Views/ChambreLongue.swift (in target 'Nosfy' from project 'Nosfy')
    cd /Users/kathryn/Desktop/Nosfy
    

SwiftCompile normal x86_64 /Users/kathryn/Desktop/Nosfy/Nosfy/Views/ChambrePeak.swift (in target 'Nosfy' from project 'Nosfy')
    cd /Users/kathryn/Desktop/Nosfy
    

SwiftCompile normal x86_64 /Users/kathryn/Desktop/Nosfy/Nosfy/Views/ChambreRegularite.swift (in target 'Nosfy' from project 'Nosfy')
    cd /Users/kathryn/Desktop/Nosfy
    

SwiftCompile normal x86_64 /Users/kathryn/Desktop/Nosfy/Nosfy/Views/ChambreVolume.swift (in target 'Nosfy' from project 'Nosfy')
    cd /Users/kathryn/Desktop/Nosfy
    

SwiftCompile normal x86_64 /Users/kathryn/Desktop/Nosfy/Nosfy/Views/ChargeFiche.swift (in target 'Nosfy' from project 'Nosfy')
    cd /Users/kathryn/Desktop/Nosfy
    

SwiftCompile normal x86_64 /Users/kathryn/Desktop/Nosfy/Nosfy/Views/ChevronAppelNatif.swift (in target 'Nosfy' from project 'Nosfy')
    cd /Users/kathryn/Desktop/Nosfy
    

SwiftDriverJobDiscovery normal x86_64 Compiling ProfilLune.swift, ProgressionView.swift, ProgressPage.swift, RecentWorkoutCard.swift, RestartSheet.swift, RewardCard.swift, RewardChemin.swift, RewardCheminCard.swift, ImpGlyph.swift, MoonGlyph.swift, ProgressComet.swift, WorkoutActivity.swift, WorkoutLiveCard.swift, WorkoutLiveFocus.swift, RewardCheminVariants.swift, RewardLab.swift, RythmeEcran.swift, SacreAccueil.swift, SessionSlate.swift, SetEntrySheet.swift (in target 'Nosfy' from project 'Nosfy')

SwiftDriverJobDiscovery normal x86_64 Compiling VerreCoulant.swift, VisiteExercice.swift, VisiteHome.swift, WahouReveal.swift, WidgetEdition.swift, WidgetsCards.swift, WorkoutPill.swift, WorkoutsListView.swift, Atmosphere.swift, DemonSky.swift, Models.swift, MoonPath.swift, MoonSDF.swift, NebulaConfiguration.swift, NebulaNoise.swift, NebulaStrip.swift, NosfyApp.swift, Theme.swift, GeneratedAssetSymbols.swift (in target 'Nosfy' from project 'Nosfy')

SwiftDriverJobDiscovery normal arm64 Compiling NosfyOnboarding.swift, NotchedCard.swift, NotifCard.swift, NotifChasse.swift, NotifLab.swift, ObjectiveCard.swift, ObjectiveCardLab.swift, ObsidianCard.swift, ObsidianCardLab.swift, OrphanProbe.swift, PageCard.swift, PanBande.swift, ParoleLigne.swift, PerleSemaineNative.swift, PiluleVagabonde.swift, PlayerMonde.swift, PlayerSeance.swift, PorteApple.swift, PorteEntree.swift, PremiereArrivee.swift (in target 'Nosfy' from project 'Nosfy')

SwiftDriverJobDiscovery normal arm64 Compiling ExercisePhoto.swift, ExerciseSetupCard.swift, ExercisesView.swift, ExosFond.swift, FilmDepartSeance.swift, FlameLab.swift, FlammeJauge.swift, FlammeJaugeLab.swift, FondVideoMetal.swift, Foyer.swift, FumeeInviteMetal.swift, GaletEtape.swift, GaletLab.swift, GaletSlide.swift, HaloDawnLab.swift, HarmonieLab.swift, HomeAuroraView.swift, HomeNuit.swift, HomeView.swift, JewelTabBar.swift (in target 'Nosfy' from project 'Nosfy')

SwiftDriverJobDiscovery normal arm64 Compiling BoosterPack.swift, BoosterPopup.swift, BordSeance.swift, BoutonPrimaire.swift, BravoLab.swift, CalendarView.swift, CalLab.swift, CardioFiche.swift, CardRoute.swift, CarnetLab.swift, CarnetScene.swift, CarteLuneLab.swift, ChambreDonnees.swift, ChambreHiit.swift, ChambreLongue.swift, ChambrePeak.swift, ChambreRegularite.swift, ChambreVolume.swift, ChargeFiche.swift, ChevronAppelNatif.swift (in target 'Nosfy' from project 'Nosfy')

SwiftDriverJobDiscovery normal arm64 Compiling ProfilLune.swift, ProgressionView.swift, ProgressPage.swift, RecentWorkoutCard.swift, RestartSheet.swift, RewardCard.swift, RewardChemin.swift, RewardCheminCard.swift, ImpGlyph.swift, MoonGlyph.swift, ProgressComet.swift, WorkoutActivity.swift, WorkoutLiveCard.swift, WorkoutLiveFocus.swift, RewardCheminVariants.swift, RewardLab.swift, RythmeEcran.swift, SacreAccueil.swift, SessionSlate.swift, SetEntrySheet.swift (in target 'Nosfy' from project 'Nosfy')

SwiftDriverJobDiscovery normal arm64 Compiling BottleSplash.swift, CoinChime.swift, DiamondGlints.swift, Ink.swift, LightDial.swift, LuneDust.swift, MonolithChime.swift, NightBirds.swift, RocketHaptics.swift, SparkleBurst.swift, SplashBackground.swift, SplashWisp.swift, Annonces.swift, AppleAuth.swift, CartesServeur.swift, ChambreServeur.swift, CoachServeur.swift, Compte.swift, EconomieNosfy.swift, ForgeServeur.swift (in target 'Nosfy' from project 'Nosfy')

SwiftDriverJobDiscovery normal arm64 Compiling SetHistoryRow.swift, SliderLab.swift, SliderObsidienne.swift, SondeCadence.swift, SondeVol.swift, StopCard.swift, StopLab.swift, StopSessionSheet.swift, StoryEnded.swift, StoryFlow.swift, StorySuite.swift, StoryVideo.swift, SuccessLab.swift, SwapCardSurface.swift, SwapEmptyCard.swift, SynthesisCard.swift, TapisLab.swift, TapisScene.swift, VerificationCompte.swift (in target 'Nosfy' from project 'Nosfy')

SwiftDriverJobDiscovery normal arm64 Compiling VerreCoulant.swift, VisiteExercice.swift, VisiteHome.swift, WahouReveal.swift, WidgetEdition.swift, WidgetsCards.swift, WorkoutPill.swift, WorkoutsListView.swift, Atmosphere.swift, DemonSky.swift, Models.swift, MoonPath.swift, MoonSDF.swift, NebulaConfiguration.swift, NebulaNoise.swift, NebulaStrip.swift, NosfyApp.swift, Theme.swift, GeneratedAssetSymbols.swift (in target 'Nosfy' from project 'Nosfy')

SwiftDriver\ Compilation Nosfy normal arm64 com.apple.xcode.tools.swift.compiler (in target 'Nosfy' from project 'Nosfy')
    cd /Users/kathryn/Desktop/Nosfy
    builtin-Swift-Compilation -- /Applications/Xcode.app/Contents/Developer/Toolchains/XcodeDefault.xctoolchain/usr/bin/swiftc -module-name Woop -Onone @/tmp/nosfy-cartes-dd/Build/Intermediates.noindex/Nosfy.build/Debug-iphonesimulator/Nosfy.build/Objects-normal/arm64/Nosfy.SwiftFileList -DDEBUG -enable-bare-slash-regex -enable-experimental-feature DebugDescriptionMacro -sdk /Applications/Xcode.app/Contents/Developer/Platforms/iPhoneSimulator.platform/Developer/SDKs/iPhoneSimulator26.5.sdk -target arm64-apple-ios26.0-simulator -g -module-cache-path /tmp/nosfy-cartes-dd/ModuleCache.noindex -Xfrontend -serialize-debugging-options -enable-testing -index-store-path /tmp/nosfy-cartes-dd/Index.noindex/DataStore -Xcc -D_LIBCPP_HARDENING_MODE\=_LIBCPP_HARDENING_MODE_DEBUG -swift-version 5 -I /tmp/nosfy-cartes-dd/Build/Products/Debug-iphonesimulator -F /tmp/nosfy-cartes-dd/Build/Products/Debug-iphonesimulator -emit-localized-strings -emit-localized-strings-path /tmp/nosfy-cartes-dd/Build/Intermediates.noindex/Nosfy.build/Debug-iphonesimulator/Nosfy.build/Objects-normal/arm64 -c -j10 -enable-batch-mode -incremental -Xcc -ivfsstatcache -Xcc /tmp/nosfy-cartes-dd/SDKStatCaches.noindex/iphonesimulator26.5-23F73-688ef53f1462e2c8f657fdc38a81448f6cfe768891a92b912361537c460fe42b.sdkstatcache -output-file-map /tmp/nosfy-cartes-dd/Build/Intermediates.noindex/Nosfy.build/Debug-iphonesimulator/Nosfy.build/Objects-normal/arm64/Nosfy-OutputFileMap.json -use-frontend-parseable-output -save-temps -no-color-diagnostics -explicit-module-build -module-cache-path /tmp/nosfy-cartes-dd/Build/Intermediates.noindex/SwiftExplicitPrecompiledModules -clang-scanner-module-cache-path /tmp/nosfy-cartes-dd/ModuleCache.noindex -sdk-module-cache-path /tmp/nosfy-cartes-dd/ModuleCache.noindex -serialize-diagnostics -emit-dependencies -emit-module -emit-module-path /tmp/nosfy-cartes-dd/Build/Intermediates.noindex/Nosfy.build/Debug-iphonesimulator/Nosfy.build/Objects-normal/arm64/Woop.swiftmodule -validate-clang-modules-once -clang-build-session-file /tmp/nosfy-cartes-dd/ModuleCache.noindex/Session.modulevalidation -Xcc -I/tmp/nosfy-cartes-dd/Build/Intermediates.noindex/Nosfy.build/Debug-iphonesimulator/Nosfy.build/swift-overrides.hmap -emit-const-values -Xfrontend -const-gather-protocols-file -Xfrontend /tmp/nosfy-cartes-dd/Build/Intermediates.noindex/Nosfy.build/Debug-iphonesimulator/Nosfy.build/Objects-normal/arm64/Nosfy_const_extract_protocols.json -Xcc -iquote -Xcc /tmp/nosfy-cartes-dd/Build/Intermediates.noindex/Nosfy.build/Debug-iphonesimulator/Nosfy.build/Nosfy-generated-files.hmap -Xcc -I/tmp/nosfy-cartes-dd/Build/Intermediates.noindex/Nosfy.build/Debug-iphonesimulator/Nosfy.build/Nosfy-own-target-headers.hmap -Xcc -I/tmp/nosfy-cartes-dd/Build/Intermediates.noindex/Nosfy.build/Debug-iphonesimulator/Nosfy.build/Nosfy-all-target-headers.hmap -Xcc -iquote -Xcc /tmp/nosfy-cartes-dd/Build/Intermediates.noindex/Nosfy.build/Debug-iphonesimulator/Nosfy.build/Nosfy-project-headers.hmap -Xcc -I/tmp/nosfy-cartes-dd/Build/Products/Debug-iphonesimulator/include -Xcc -I/tmp/nosfy-cartes-dd/Build/Intermediates.noindex/Nosfy.build/Debug-iphonesimulator/Nosfy.build/DerivedSources-normal/arm64 -Xcc -I/tmp/nosfy-cartes-dd/Build/Intermediates.noindex/Nosfy.build/Debug-iphonesimulator/Nosfy.build/DerivedSources/arm64 -Xcc -I/tmp/nosfy-cartes-dd/Build/Intermediates.noindex/Nosfy.build/Debug-iphonesimulator/Nosfy.build/DerivedSources -Xcc -DDEBUG\=1 -emit-objc-header -emit-objc-header-path /tmp/nosfy-cartes-dd/Build/Intermediates.noindex/Nosfy.build/Debug-iphonesimulator/Nosfy.build/Objects-normal/arm64/Woop-Swift.h -working-directory /Users/kathryn/Desktop/Nosfy -experimental-emit-module-separately -disable-cmo

Ld /tmp/nosfy-cartes-dd/Build/Intermediates.noindex/Nosfy.build/Debug-iphonesimulator/Nosfy.build/Objects-normal/arm64/Binary/Nosfy.debug.dylib normal arm64 (in target 'Nosfy' from project 'Nosfy')
    cd /Users/kathryn/Desktop/Nosfy
    /Applications/Xcode.app/Contents/Developer/Toolchains/XcodeDefault.xctoolchain/usr/bin/clang -Xlinker -reproducible -target arm64-apple-ios26.0-simulator -dynamiclib -isysroot /Applications/Xcode.app/Contents/Developer/Platforms/iPhoneSimulator.platform/Developer/SDKs/iPhoneSimulator26.5.sdk -O0 -L/tmp/nosfy-cartes-dd/Build/Intermediates.noindex/EagerLinkingTBDs/Debug-iphonesimulator -L/tmp/nosfy-cartes-dd/Build/Products/Debug-iphonesimulator -F/tmp/nosfy-cartes-dd/Build/Intermediates.noindex/EagerLinkingTBDs/Debug-iphonesimulator -F/tmp/nosfy-cartes-dd/Build/Products/Debug-iphonesimulator -filelist /tmp/nosfy-cartes-dd/Build/Intermediates.noindex/Nosfy.build/Debug-iphonesimulator/Nosfy.build/Objects-normal/arm64/Nosfy.LinkFileList -install_name @rpath/Nosfy.debug.dylib -Xlinker -rpath -Xlinker @executable_path/Frameworks -Xlinker -dead_strip -Xlinker -object_path_lto -Xlinker /tmp/nosfy-cartes-dd/Build/Intermediates.noindex/Nosfy.build/Debug-iphonesimulator/Nosfy.build/Objects-normal/arm64/Nosfy_lto.o -rdynamic -Xlinker -no_deduplicate -Xlinker -objc_abi_version -Xlinker 2 -Xlinker -dependency_info -Xlinker /tmp/nosfy-cartes-dd/Build/Intermediates.noindex/Nosfy.build/Debug-iphonesimulator/Nosfy.build/Objects-normal/arm64/Nosfy_dependency_info.dat -fobjc-link-runtime -L/Applications/Xcode.app/Contents/Developer/Toolchains/XcodeDefault.xctoolchain/usr/lib/swift/iphonesimulator -L/usr/lib/swift -Xlinker -add_ast_path -Xlinker /tmp/nosfy-cartes-dd/Build/Intermediates.noindex/Nosfy.build/Debug-iphonesimulator/Nosfy.build/Objects-normal/arm64/Woop.swiftmodule @/tmp/nosfy-cartes-dd/Build/Intermediates.noindex/Nosfy.build/Debug-iphonesimulator/Nosfy.build/Objects-normal/arm64/Woop-linker-args.resp -Xlinker -alias -Xlinker _main -Xlinker ___debug_main_executable_dylib_entry_point -o /tmp/nosfy-cartes-dd/Build/Intermediates.noindex/Nosfy.build/Debug-iphonesimulator/Nosfy.build/Objects-normal/arm64/Binary/Nosfy.debug.dylib

ConstructStubExecutorLinkFileList /tmp/nosfy-cartes-dd/Build/Intermediates.noindex/Nosfy.build/Debug-iphonesimulator/Nosfy.build/Nosfy-ExecutorLinkFileList-normal-arm64.txt (in target 'Nosfy' from project 'Nosfy')
    cd /Users/kathryn/Desktop/Nosfy
    construct-stub-executor-link-file-list /tmp/nosfy-cartes-dd/Build/Intermediates.noindex/Nosfy.build/Debug-iphonesimulator/Nosfy.build/Objects-normal/arm64/Binary/Nosfy.debug.dylib /Applications/Xcode.app/Contents/Developer/Platforms/iPhoneSimulator.platform/Developer/usr/lib/libPreviewsJITStubExecutor_no_swift_entry_point.a /Applications/Xcode.app/Contents/Developer/Platforms/iPhoneSimulator.platform/Developer/usr/lib/libPreviewsJITStubExecutor.a --output /tmp/nosfy-cartes-dd/Build/Intermediates.noindex/Nosfy.build/Debug-iphonesimulator/Nosfy.build/Nosfy-ExecutorLinkFileList-normal-arm64.txt
note: Using stub executor library with Swift entry point. (in target 'Nosfy' from project 'Nosfy')

Ld /tmp/nosfy-cartes-dd/Build/Intermediates.noindex/Nosfy.build/Debug-iphonesimulator/Nosfy.build/Objects-normal/arm64/Binary/Nosfy normal arm64 (in target 'Nosfy' from project 'Nosfy')
    cd /Users/kathryn/Desktop/Nosfy
    /Applications/Xcode.app/Contents/Developer/Toolchains/XcodeDefault.xctoolchain/usr/bin/clang -Xlinker -reproducible -target arm64-apple-ios26.0-simulator -isysroot /Applications/Xcode.app/Contents/Developer/Platforms/iPhoneSimulator.platform/Developer/SDKs/iPhoneSimulator26.5.sdk -O0 -L/tmp/nosfy-cartes-dd/Build/Products/Debug-iphonesimulator -F/tmp/nosfy-cartes-dd/Build/Products/Debug-iphonesimulator -Xlinker -rpath -Xlinker @executable_path -Xlinker -rpath -Xlinker @executable_path/Frameworks -rdynamic -Xlinker -no_deduplicate -Xlinker -objc_abi_version -Xlinker 2 -e ___debug_blank_executor_main -Xlinker -sectcreate -Xlinker __TEXT -Xlinker __debug_dylib -Xlinker /tmp/nosfy-cartes-dd/Build/Intermediates.noindex/Nosfy.build/Debug-iphonesimulator/Nosfy.build/Nosfy-DebugDylibPath-normal-arm64.txt -Xlinker -sectcreate -Xlinker __TEXT -Xlinker __debug_instlnm -Xlinker /tmp/nosfy-cartes-dd/Build/Intermediates.noindex/Nosfy.build/Debug-iphonesimulator/Nosfy.build/Nosfy-DebugDylibInstallName-normal-arm64.txt -Xlinker -filelist -Xlinker /tmp/nosfy-cartes-dd/Build/Intermediates.noindex/Nosfy.build/Debug-iphonesimulator/Nosfy.build/Nosfy-ExecutorLinkFileList-normal-arm64.txt /tmp/nosfy-cartes-dd/Build/Intermediates.noindex/Nosfy.build/Debug-iphonesimulator/Nosfy.build/Objects-normal/arm64/Binary/Nosfy.debug.dylib -o /tmp/nosfy-cartes-dd/Build/Intermediates.noindex/Nosfy.build/Debug-iphonesimulator/Nosfy.build/Objects-normal/arm64/Binary/Nosfy

SwiftDriverJobDiscovery normal x86_64 Compiling SetHistoryRow.swift, SliderLab.swift, SliderObsidienne.swift, SondeCadence.swift, SondeVol.swift, StopCard.swift, StopLab.swift, StopSessionSheet.swift, StoryEnded.swift, StoryFlow.swift, StorySuite.swift, StoryVideo.swift, SuccessLab.swift, SwapCardSurface.swift, SwapEmptyCard.swift, SynthesisCard.swift, TapisLab.swift, TapisScene.swift, VerificationCompte.swift (in target 'Nosfy' from project 'Nosfy')

SwiftDriverJobDiscovery normal x86_64 Compiling BoosterPack.swift, BoosterPopup.swift, BordSeance.swift, BoutonPrimaire.swift, BravoLab.swift, CalendarView.swift, CalLab.swift, CardioFiche.swift, CardRoute.swift, CarnetLab.swift, CarnetScene.swift, CarteLuneLab.swift, ChambreDonnees.swift, ChambreHiit.swift, ChambreLongue.swift, ChambrePeak.swift, ChambreRegularite.swift, ChambreVolume.swift, ChargeFiche.swift, ChevronAppelNatif.swift (in target 'Nosfy' from project 'Nosfy')

SwiftDriver\ Compilation Nosfy normal x86_64 com.apple.xcode.tools.swift.compiler (in target 'Nosfy' from project 'Nosfy')
    cd /Users/kathryn/Desktop/Nosfy
    builtin-Swift-Compilation -- /Applications/Xcode.app/Contents/Developer/Toolchains/XcodeDefault.xctoolchain/usr/bin/swiftc -module-name Woop -Onone @/tmp/nosfy-cartes-dd/Build/Intermediates.noindex/Nosfy.build/Debug-iphonesimulator/Nosfy.build/Objects-normal/x86_64/Nosfy.SwiftFileList -DDEBUG -enable-bare-slash-regex -enable-experimental-feature DebugDescriptionMacro -sdk /Applications/Xcode.app/Contents/Developer/Platforms/iPhoneSimulator.platform/Developer/SDKs/iPhoneSimulator26.5.sdk -target x86_64-apple-ios26.0-simulator -g -module-cache-path /tmp/nosfy-cartes-dd/ModuleCache.noindex -Xfrontend -serialize-debugging-options -enable-testing -index-store-path /tmp/nosfy-cartes-dd/Index.noindex/DataStore -Xcc -D_LIBCPP_HARDENING_MODE\=_LIBCPP_HARDENING_MODE_DEBUG -swift-version 5 -I /tmp/nosfy-cartes-dd/Build/Products/Debug-iphonesimulator -F /tmp/nosfy-cartes-dd/Build/Products/Debug-iphonesimulator -emit-localized-strings -emit-localized-strings-path /tmp/nosfy-cartes-dd/Build/Intermediates.noindex/Nosfy.build/Debug-iphonesimulator/Nosfy.build/Objects-normal/x86_64 -c -j10 -enable-batch-mode -incremental -Xcc -ivfsstatcache -Xcc /tmp/nosfy-cartes-dd/SDKStatCaches.noindex/iphonesimulator26.5-23F73-688ef53f1462e2c8f657fdc38a81448f6cfe768891a92b912361537c460fe42b.sdkstatcache -output-file-map /tmp/nosfy-cartes-dd/Build/Intermediates.noindex/Nosfy.build/Debug-iphonesimulator/Nosfy.build/Objects-normal/x86_64/Nosfy-OutputFileMap.json -use-frontend-parseable-output -save-temps -no-color-diagnostics -explicit-module-build -module-cache-path /tmp/nosfy-cartes-dd/Build/Intermediates.noindex/SwiftExplicitPrecompiledModules -clang-scanner-module-cache-path /tmp/nosfy-cartes-dd/ModuleCache.noindex -sdk-module-cache-path /tmp/nosfy-cartes-dd/ModuleCache.noindex -serialize-diagnostics -emit-dependencies -emit-module -emit-module-path /tmp/nosfy-cartes-dd/Build/Intermediates.noindex/Nosfy.build/Debug-iphonesimulator/Nosfy.build/Objects-normal/x86_64/Woop.swiftmodule -validate-clang-modules-once -clang-build-session-file /tmp/nosfy-cartes-dd/ModuleCache.noindex/Session.modulevalidation -Xcc -I/tmp/nosfy-cartes-dd/Build/Intermediates.noindex/Nosfy.build/Debug-iphonesimulator/Nosfy.build/swift-overrides.hmap -emit-const-values -Xfrontend -const-gather-protocols-file -Xfrontend /tmp/nosfy-cartes-dd/Build/Intermediates.noindex/Nosfy.build/Debug-iphonesimulator/Nosfy.build/Objects-normal/x86_64/Nosfy_const_extract_protocols.json -Xcc -iquote -Xcc /tmp/nosfy-cartes-dd/Build/Intermediates.noindex/Nosfy.build/Debug-iphonesimulator/Nosfy.build/Nosfy-generated-files.hmap -Xcc -I/tmp/nosfy-cartes-dd/Build/Intermediates.noindex/Nosfy.build/Debug-iphonesimulator/Nosfy.build/Nosfy-own-target-headers.hmap -Xcc -I/tmp/nosfy-cartes-dd/Build/Intermediates.noindex/Nosfy.build/Debug-iphonesimulator/Nosfy.build/Nosfy-all-target-headers.hmap -Xcc -iquote -Xcc /tmp/nosfy-cartes-dd/Build/Intermediates.noindex/Nosfy.build/Debug-iphonesimulator/Nosfy.build/Nosfy-project-headers.hmap -Xcc -I/tmp/nosfy-cartes-dd/Build/Products/Debug-iphonesimulator/include -Xcc -I/tmp/nosfy-cartes-dd/Build/Intermediates.noindex/Nosfy.build/Debug-iphonesimulator/Nosfy.build/DerivedSources-normal/x86_64 -Xcc -I/tmp/nosfy-cartes-dd/Build/Intermediates.noindex/Nosfy.build/Debug-iphonesimulator/Nosfy.build/DerivedSources/x86_64 -Xcc -I/tmp/nosfy-cartes-dd/Build/Intermediates.noindex/Nosfy.build/Debug-iphonesimulator/Nosfy.build/DerivedSources -Xcc -DDEBUG\=1 -emit-objc-header -emit-objc-header-path /tmp/nosfy-cartes-dd/Build/Intermediates.noindex/Nosfy.build/Debug-iphonesimulator/Nosfy.build/Objects-normal/x86_64/Woop-Swift.h -working-directory /Users/kathryn/Desktop/Nosfy -experimental-emit-module-separately -disable-cmo

Ld /tmp/nosfy-cartes-dd/Build/Intermediates.noindex/Nosfy.build/Debug-iphonesimulator/Nosfy.build/Objects-normal/x86_64/Binary/Nosfy.debug.dylib normal x86_64 (in target 'Nosfy' from project 'Nosfy')
    cd /Users/kathryn/Desktop/Nosfy
    /Applications/Xcode.app/Contents/Developer/Toolchains/XcodeDefault.xctoolchain/usr/bin/clang -Xlinker -reproducible -target x86_64-apple-ios26.0-simulator -dynamiclib -isysroot /Applications/Xcode.app/Contents/Developer/Platforms/iPhoneSimulator.platform/Developer/SDKs/iPhoneSimulator26.5.sdk -O0 -L/tmp/nosfy-cartes-dd/Build/Intermediates.noindex/EagerLinkingTBDs/Debug-iphonesimulator -L/tmp/nosfy-cartes-dd/Build/Products/Debug-iphonesimulator -F/tmp/nosfy-cartes-dd/Build/Intermediates.noindex/EagerLinkingTBDs/Debug-iphonesimulator -F/tmp/nosfy-cartes-dd/Build/Products/Debug-iphonesimulator -filelist /tmp/nosfy-cartes-dd/Build/Intermediates.noindex/Nosfy.build/Debug-iphonesimulator/Nosfy.build/Objects-normal/x86_64/Nosfy.LinkFileList -install_name @rpath/Nosfy.debug.dylib -Xlinker -rpath -Xlinker @executable_path/Frameworks -Xlinker -dead_strip -Xlinker -object_path_lto -Xlinker /tmp/nosfy-cartes-dd/Build/Intermediates.noindex/Nosfy.build/Debug-iphonesimulator/Nosfy.build/Objects-normal/x86_64/Nosfy_lto.o -rdynamic -Xlinker -no_deduplicate -Xlinker -objc_abi_version -Xlinker 2 -Xlinker -dependency_info -Xlinker /tmp/nosfy-cartes-dd/Build/Intermediates.noindex/Nosfy.build/Debug-iphonesimulator/Nosfy.build/Objects-normal/x86_64/Nosfy_dependency_info.dat -fobjc-link-runtime -L/Applications/Xcode.app/Contents/Developer/Toolchains/XcodeDefault.xctoolchain/usr/lib/swift/iphonesimulator -L/usr/lib/swift -Xlinker -add_ast_path -Xlinker /tmp/nosfy-cartes-dd/Build/Intermediates.noindex/Nosfy.build/Debug-iphonesimulator/Nosfy.build/Objects-normal/x86_64/Woop.swiftmodule @/tmp/nosfy-cartes-dd/Build/Intermediates.noindex/Nosfy.build/Debug-iphonesimulator/Nosfy.build/Objects-normal/x86_64/Woop-linker-args.resp -Xlinker -alias -Xlinker _main -Xlinker ___debug_main_executable_dylib_entry_point -o /tmp/nosfy-cartes-dd/Build/Intermediates.noindex/Nosfy.build/Debug-iphonesimulator/Nosfy.build/Objects-normal/x86_64/Binary/Nosfy.debug.dylib

CreateUniversalBinary /tmp/nosfy-cartes-dd/Build/Products/Debug-iphonesimulator/Nosfy.app/Nosfy.debug.dylib normal arm64\ x86_64 (in target 'Nosfy' from project 'Nosfy')
    cd /Users/kathryn/Desktop/Nosfy
    /Applications/Xcode.app/Contents/Developer/Toolchains/XcodeDefault.xctoolchain/usr/bin/lipo -create /tmp/nosfy-cartes-dd/Build/Intermediates.noindex/Nosfy.build/Debug-iphonesimulator/Nosfy.build/Objects-normal/arm64/Binary/Nosfy.debug.dylib /tmp/nosfy-cartes-dd/Build/Intermediates.noindex/Nosfy.build/Debug-iphonesimulator/Nosfy.build/Objects-normal/x86_64/Binary/Nosfy.debug.dylib -output /tmp/nosfy-cartes-dd/Build/Products/Debug-iphonesimulator/Nosfy.app/Nosfy.debug.dylib

ConstructStubExecutorLinkFileList /tmp/nosfy-cartes-dd/Build/Intermediates.noindex/Nosfy.build/Debug-iphonesimulator/Nosfy.build/Nosfy-ExecutorLinkFileList-normal-x86_64.txt (in target 'Nosfy' from project 'Nosfy')
    cd /Users/kathryn/Desktop/Nosfy
    construct-stub-executor-link-file-list /tmp/nosfy-cartes-dd/Build/Intermediates.noindex/Nosfy.build/Debug-iphonesimulator/Nosfy.build/Objects-normal/x86_64/Binary/Nosfy.debug.dylib /Applications/Xcode.app/Contents/Developer/Platforms/iPhoneSimulator.platform/Developer/usr/lib/libPreviewsJITStubExecutor_no_swift_entry_point.a /Applications/Xcode.app/Contents/Developer/Platforms/iPhoneSimulator.platform/Developer/usr/lib/libPreviewsJITStubExecutor.a --output /tmp/nosfy-cartes-dd/Build/Intermediates.noindex/Nosfy.build/Debug-iphonesimulator/Nosfy.build/Nosfy-ExecutorLinkFileList-normal-x86_64.txt
note: Using stub executor library with Swift entry point. (in target 'Nosfy' from project 'Nosfy')

Ld /tmp/nosfy-cartes-dd/Build/Intermediates.noindex/Nosfy.build/Debug-iphonesimulator/Nosfy.build/Objects-normal/x86_64/Binary/Nosfy normal x86_64 (in target 'Nosfy' from project 'Nosfy')
    cd /Users/kathryn/Desktop/Nosfy
    /Applications/Xcode.app/Contents/Developer/Toolchains/XcodeDefault.xctoolchain/usr/bin/clang -Xlinker -reproducible -target x86_64-apple-ios26.0-simulator -isysroot /Applications/Xcode.app/Contents/Developer/Platforms/iPhoneSimulator.platform/Developer/SDKs/iPhoneSimulator26.5.sdk -O0 -L/tmp/nosfy-cartes-dd/Build/Products/Debug-iphonesimulator -F/tmp/nosfy-cartes-dd/Build/Products/Debug-iphonesimulator -Xlinker -rpath -Xlinker @executable_path -Xlinker -rpath -Xlinker @executable_path/Frameworks -rdynamic -Xlinker -no_deduplicate -Xlinker -objc_abi_version -Xlinker 2 -e ___debug_blank_executor_main -Xlinker -sectcreate -Xlinker __TEXT -Xlinker __debug_dylib -Xlinker /tmp/nosfy-cartes-dd/Build/Intermediates.noindex/Nosfy.build/Debug-iphonesimulator/Nosfy.build/Nosfy-DebugDylibPath-normal-x86_64.txt -Xlinker -sectcreate -Xlinker __TEXT -Xlinker __debug_instlnm -Xlinker /tmp/nosfy-cartes-dd/Build/Intermediates.noindex/Nosfy.build/Debug-iphonesimulator/Nosfy.build/Nosfy-DebugDylibInstallName-normal-x86_64.txt -Xlinker -filelist -Xlinker /tmp/nosfy-cartes-dd/Build/Intermediates.noindex/Nosfy.build/Debug-iphonesimulator/Nosfy.build/Nosfy-ExecutorLinkFileList-normal-x86_64.txt /tmp/nosfy-cartes-dd/Build/Intermediates.noindex/Nosfy.build/Debug-iphonesimulator/Nosfy.build/Objects-normal/x86_64/Binary/Nosfy.debug.dylib -o /tmp/nosfy-cartes-dd/Build/Intermediates.noindex/Nosfy.build/Debug-iphonesimulator/Nosfy.build/Objects-normal/x86_64/Binary/Nosfy

CreateUniversalBinary /tmp/nosfy-cartes-dd/Build/Products/Debug-iphonesimulator/Nosfy.app/Nosfy normal arm64\ x86_64 (in target 'Nosfy' from project 'Nosfy')
    cd /Users/kathryn/Desktop/Nosfy
    /Applications/Xcode.app/Contents/Developer/Toolchains/XcodeDefault.xctoolchain/usr/bin/lipo -create /tmp/nosfy-cartes-dd/Build/Intermediates.noindex/Nosfy.build/Debug-iphonesimulator/Nosfy.build/Objects-normal/arm64/Binary/Nosfy /tmp/nosfy-cartes-dd/Build/Intermediates.noindex/Nosfy.build/Debug-iphonesimulator/Nosfy.build/Objects-normal/x86_64/Binary/Nosfy -output /tmp/nosfy-cartes-dd/Build/Products/Debug-iphonesimulator/Nosfy.app/Nosfy

Copy /tmp/nosfy-cartes-dd/Build/Products/Debug-iphonesimulator/Nosfy.app/PlugIns/NosfyWidgets.appex /tmp/nosfy-cartes-dd/Build/Products/Debug-iphonesimulator/NosfyWidgets.appex (in target 'Nosfy' from project 'Nosfy')
    cd /Users/kathryn/Desktop/Nosfy
    builtin-copy -exclude .DS_Store -exclude CVS -exclude .svn -exclude .git -exclude .hg -exclude Headers -exclude PrivateHeaders -exclude Modules -exclude \*.tbd -resolve-src-symlinks -remove-static-executable /tmp/nosfy-cartes-dd/Build/Products/Debug-iphonesimulator/NosfyWidgets.appex /tmp/nosfy-cartes-dd/Build/Products/Debug-iphonesimulator/Nosfy.app/PlugIns

ProcessInfoPlistFile /tmp/nosfy-cartes-dd/Build/Products/Debug-iphonesimulator/Nosfy.app/Info.plist /Users/kathryn/Desktop/Nosfy/Nosfy/Info.plist (in target 'Nosfy' from project 'Nosfy')
    cd /Users/kathryn/Desktop/Nosfy
    builtin-infoPlistUtility /Users/kathryn/Desktop/Nosfy/Nosfy/Info.plist -producttype com.apple.product-type.application -genpkginfo /tmp/nosfy-cartes-dd/Build/Products/Debug-iphonesimulator/Nosfy.app/PkgInfo -expandbuildsettings -format binary -platform iphonesimulator -additionalcontentfile /tmp/nosfy-cartes-dd/Build/Intermediates.noindex/Nosfy.build/Debug-iphonesimulator/Nosfy.build/assetcatalog_generated_info.plist -scanforprivacyfile /tmp/nosfy-cartes-dd/Build/Products/Debug-iphonesimulator/Nosfy.app/PlugIns/NosfyWidgets.appex -o /tmp/nosfy-cartes-dd/Build/Products/Debug-iphonesimulator/Nosfy.app/Info.plist

CopySwiftLibs /tmp/nosfy-cartes-dd/Build/Products/Debug-iphonesimulator/Nosfy.app (in target 'Nosfy' from project 'Nosfy')
    cd /Users/kathryn/Desktop/Nosfy
    builtin-swiftStdLibTool --copy --verbose --scan-executable /tmp/nosfy-cartes-dd/Build/Products/Debug-iphonesimulator/Nosfy.app/Nosfy.debug.dylib --scan-folder /tmp/nosfy-cartes-dd/Build/Products/Debug-iphonesimulator/Nosfy.app/Frameworks --scan-folder /tmp/nosfy-cartes-dd/Build/Products/Debug-iphonesimulator/Nosfy.app/PlugIns --scan-folder /tmp/nosfy-cartes-dd/Build/Products/Debug-iphonesimulator/Nosfy.app/SystemExtensions --scan-folder /tmp/nosfy-cartes-dd/Build/Products/Debug-iphonesimulator/Nosfy.app/Extensions --platform iphonesimulator --toolchain /var/run/com.apple.security.cryptexd/mnt/com.apple.MobileAsset.MetalToolchain-v17.6.42.0.BA5Ggr/Metal.xctoolchain --toolchain /Applications/Xcode.app/Contents/Developer/Toolchains/XcodeDefault.xctoolchain --destination /tmp/nosfy-cartes-dd/Build/Products/Debug-iphonesimulator/Nosfy.app/Frameworks --strip-bitcode --strip-bitcode-tool /Applications/Xcode.app/Contents/Developer/Toolchains/XcodeDefault.xctoolchain/usr/bin/bitcode_strip --emit-dependency-info /tmp/nosfy-cartes-dd/Build/Intermediates.noindex/Nosfy.build/Debug-iphonesimulator/Nosfy.build/SwiftStdLibToolInputDependencies.dep --filter-for-swift-os
Ignoring --strip-bitcode because --sign was not passed

ExtractAppIntentsMetadata (in target 'Nosfy' from project 'Nosfy')
    cd /Users/kathryn/Desktop/Nosfy
    /Applications/Xcode.app/Contents/Developer/Toolchains/XcodeDefault.xctoolchain/usr/bin/appintentsmetadataprocessor --toolchain-dir /var/run/com.apple.security.cryptexd/mnt/com.apple.MobileAsset.MetalToolchain-v17.6.42.0.BA5Ggr/Metal.xctoolchain --module-name Woop --sdk-root /Applications/Xcode.app/Contents/Developer/Platforms/iPhoneSimulator.platform/Developer/SDKs/iPhoneSimulator26.5.sdk --xcode-version 17F42 --platform-family iOS --deployment-target 26.0 --bundle-identifier fr.kathryn.woop --output /tmp/nosfy-cartes-dd/Build/Products/Debug-iphonesimulator/Nosfy.app --target-triple arm64-apple-ios26.0-simulator --target-triple x86_64-apple-ios26.0-simulator --binary-file /tmp/nosfy-cartes-dd/Build/Products/Debug-iphonesimulator/Nosfy.app/Nosfy --dependency-file /tmp/nosfy-cartes-dd/Build/Intermediates.noindex/Nosfy.build/Debug-iphonesimulator/Nosfy.build/Objects-normal/arm64/Nosfy_dependency_info.dat --dependency-file /tmp/nosfy-cartes-dd/Build/Intermediates.noindex/Nosfy.build/Debug-iphonesimulator/Nosfy.build/Objects-normal/x86_64/Nosfy_dependency_info.dat --stringsdata-file /tmp/nosfy-cartes-dd/Build/Intermediates.noindex/Nosfy.build/Debug-iphonesimulator/Nosfy.build/Objects-normal/arm64/ExtractedAppShortcutsMetadata.stringsdata --stringsdata-file /tmp/nosfy-cartes-dd/Build/Intermediates.noindex/Nosfy.build/Debug-iphonesimulator/Nosfy.build/Objects-normal/x86_64/ExtractedAppShortcutsMetadata.stringsdata --source-file-list /tmp/nosfy-cartes-dd/Build/Intermediates.noindex/Nosfy.build/Debug-iphonesimulator/Nosfy.build/Objects-normal/arm64/Nosfy.SwiftFileList --source-file-list /tmp/nosfy-cartes-dd/Build/Intermediates.noindex/Nosfy.build/Debug-iphonesimulator/Nosfy.build/Objects-normal/x86_64/Nosfy.SwiftFileList --metadata-file-list /tmp/nosfy-cartes-dd/Build/Intermediates.noindex/Nosfy.build/Debug-iphonesimulator/Nosfy.build/Nosfy.DependencyMetadataFileList --static-metadata-file-list /tmp/nosfy-cartes-dd/Build/Intermediates.noindex/Nosfy.build/Debug-iphonesimulator/Nosfy.build/Nosfy.DependencyStaticMetadataFileList --swift-const-vals-list /tmp/nosfy-cartes-dd/Build/Intermediates.noindex/Nosfy.build/Debug-iphonesimulator/Nosfy.build/Objects-normal/arm64/Nosfy.SwiftConstValuesFileList --swift-const-vals-list /tmp/nosfy-cartes-dd/Build/Intermediates.noindex/Nosfy.build/Debug-iphonesimulator/Nosfy.build/Objects-normal/x86_64/Nosfy.SwiftConstValuesFileList --compile-time-extraction --deployment-aware-processing --validate-assistant-intents --no-app-shortcuts-localization
2026-09-18 11:02:34.703 appintentsmetadataprocessor[74067:18841789] Starting appintentsmetadataprocessor export
2026-09-18 11:02:34.741 appintentsmetadataprocessor[74067:18841789] Extracted no relevant App Intents symbols, skipping writing output

ValidateEmbeddedBinary /tmp/nosfy-cartes-dd/Build/Products/Debug-iphonesimulator/Nosfy.app/PlugIns/NosfyWidgets.appex (in target 'Nosfy' from project 'Nosfy')
    cd /Users/kathryn/Desktop/Nosfy
    /Applications/Xcode.app/Contents/Developer/usr/bin/embeddedBinaryValidationUtility /tmp/nosfy-cartes-dd/Build/Products/Debug-iphonesimulator/Nosfy.app/PlugIns/NosfyWidgets.appex -info-plist-path /tmp/nosfy-cartes-dd/Build/Products/Debug-iphonesimulator/Nosfy.app/Info.plist

AppIntentsSSUTraining (in target 'Nosfy' from project 'Nosfy')
    cd /Users/kathryn/Desktop/Nosfy
    /Applications/Xcode.app/Contents/Developer/Toolchains/XcodeDefault.xctoolchain/usr/bin/appintentsnltrainingprocessor --infoplist-path /tmp/nosfy-cartes-dd/Build/Products/Debug-iphonesimulator/Nosfy.app/Info.plist --temp-dir-path /tmp/nosfy-cartes-dd/Build/Intermediates.noindex/Nosfy.build/Debug-iphonesimulator/Nosfy.build/ssu --bundle-id fr.kathryn.woop --product-path /tmp/nosfy-cartes-dd/Build/Products/Debug-iphonesimulator/Nosfy.app --extracted-metadata-path /tmp/nosfy-cartes-dd/Build/Products/Debug-iphonesimulator/Nosfy.app/Metadata.appintents --metadata-file-list /tmp/nosfy-cartes-dd/Build/Intermediates.noindex/Nosfy.build/Debug-iphonesimulator/Nosfy.build/Nosfy.DependencyMetadataFileList --source-file /tmp/nosfy-cartes-dd/Build/Products/Debug-iphonesimulator/Nosfy.app/Info.plist --archive-ssu-assets
2026-09-18 11:02:34.758 appintentsnltrainingprocessor[74069:18841795] Parsing options for appintentsnltrainingprocessor
2026-09-18 11:02:34.759 appintentsnltrainingprocessor[74069:18841795] Starting AppIntents SSU YAML Generation
2026-09-18 11:02:34.759 appintentsnltrainingprocessor[74069:18841795] No AppShortcuts found - Skipping.

RegisterExecutionPolicyException /tmp/nosfy-cartes-dd/Build/Products/Debug-iphonesimulator/Nosfy.app (in target 'Nosfy' from project 'Nosfy')
    cd /Users/kathryn/Desktop/Nosfy
    builtin-RegisterExecutionPolicyException /tmp/nosfy-cartes-dd/Build/Products/Debug-iphonesimulator/Nosfy.app

Validate /tmp/nosfy-cartes-dd/Build/Products/Debug-iphonesimulator/Nosfy.app (in target 'Nosfy' from project 'Nosfy')
    cd /Users/kathryn/Desktop/Nosfy
    builtin-validationUtility /tmp/nosfy-cartes-dd/Build/Products/Debug-iphonesimulator/Nosfy.app -shallow-bundle -infoplist-subpath Info.plist

Touch /tmp/nosfy-cartes-dd/Build/Products/Debug-iphonesimulator/Nosfy.app (in target 'Nosfy' from project 'Nosfy')
    cd /Users/kathryn/Desktop/Nosfy
    /usr/bin/touch -c /tmp/nosfy-cartes-dd/Build/Products/Debug-iphonesimulator/Nosfy.app

** BUILD SUCCEEDED **

