Command line invocation:
    /Applications/Xcode.app/Contents/Developer/usr/bin/xcodebuild -project Nosfy.xcodeproj -scheme Nosfy -configuration Release -destination "generic/platform=iOS Simulator" -derivedDataPath /tmp/nosfy-cartes-release-dd CODE_SIGNING_ALLOWED=NO ARCHS=arm64 build

Build settings from command line:
    ARCHS = arm64
    CODE_SIGNING_ALLOWED = NO

ComputePackagePrebuildTargetDependencyGraph

Prepare packages

CreateBuildRequest

SendProjectDescription

CreateBuildOperation

ComputeTargetDependencyGraph
note: Building targets in dependency order
note: Target dependency graph (2 targets)
    Target 'Nosfy' in project 'Nosfy'
        ➜ Explicit dependency on target 'NosfyWidgets' in project 'Nosfy'
    Target 'NosfyWidgets' in project 'Nosfy' (no dependencies)

GatherProvisioningInputs

CreateBuildDescription

ExecuteExternalTool /Applications/Xcode.app/Contents/Developer/Toolchains/XcodeDefault.xctoolchain/usr/bin/clang -v -E -dM -isysroot /Applications/Xcode.app/Contents/Developer/Platforms/iPhoneSimulator.platform/Developer/SDKs/iPhoneSimulator26.5.sdk -x c -c /dev/null

ExecuteExternalTool /Applications/Xcode.app/Contents/Developer/usr/bin/actool --version --output-format xml1

ExecuteExternalTool /Applications/Xcode.app/Contents/Developer/usr/bin/actool --print-asset-tag-combinations --output-format xml1 /Users/kathryn/Desktop/Nosfy/NosfyShared/LiveAssets.xcassets /Users/kathryn/Desktop/Nosfy/Nosfy/AppIcon.icon /Users/kathryn/Desktop/Nosfy/Nosfy/Assets.xcassets

ExecuteExternalTool /Applications/Xcode.app/Contents/Developer/Toolchains/XcodeDefault.xctoolchain/usr/bin/swiftc --version

ExecuteExternalTool /Applications/Xcode.app/Contents/Developer/Toolchains/XcodeDefault.xctoolchain/usr/bin/ld -version_details

Build description signature: 62e4f8255f03ae1997434b452fbb5fe6
Build description path: /tmp/nosfy-cartes-release-dd/Build/Intermediates.noindex/XCBuildData/62e4f8255f03ae1997434b452fbb5fe6.xcbuilddata
ClangStatCache /Applications/Xcode.app/Contents/Developer/Toolchains/XcodeDefault.xctoolchain/usr/bin/clang-stat-cache /Applications/Xcode.app/Contents/Developer/Platforms/iPhoneSimulator.platform/Developer/SDKs/iPhoneSimulator26.5.sdk /tmp/nosfy-cartes-release-dd/SDKStatCaches.noindex/iphonesimulator26.5-23F73-688ef53f1462e2c8f657fdc38a81448f6cfe768891a92b912361537c460fe42b.sdkstatcache
    cd /Users/kathryn/Desktop/Nosfy/Nosfy.xcodeproj
    /Applications/Xcode.app/Contents/Developer/Toolchains/XcodeDefault.xctoolchain/usr/bin/clang-stat-cache /Applications/Xcode.app/Contents/Developer/Platforms/iPhoneSimulator.platform/Developer/SDKs/iPhoneSimulator26.5.sdk -o /tmp/nosfy-cartes-release-dd/SDKStatCaches.noindex/iphonesimulator26.5-23F73-688ef53f1462e2c8f657fdc38a81448f6cfe768891a92b912361537c460fe42b.sdkstatcache

CreateBuildDirectory /tmp/nosfy-cartes-release-dd/Build/Intermediates.noindex
    cd /Users/kathryn/Desktop/Nosfy/Nosfy.xcodeproj
    builtin-create-build-directory /tmp/nosfy-cartes-release-dd/Build/Intermediates.noindex

CreateBuildDirectory /tmp/nosfy-cartes-release-dd/Build/Products
    cd /Users/kathryn/Desktop/Nosfy/Nosfy.xcodeproj
    builtin-create-build-directory /tmp/nosfy-cartes-release-dd/Build/Products

CreateBuildDirectory /tmp/nosfy-cartes-release-dd/Build/Products/Release-iphonesimulator
    cd /Users/kathryn/Desktop/Nosfy/Nosfy.xcodeproj
    builtin-create-build-directory /tmp/nosfy-cartes-release-dd/Build/Products/Release-iphonesimulator

CreateBuildDirectory /tmp/nosfy-cartes-release-dd/Build/Intermediates.noindex/ExplicitPrecompiledModules
    cd /Users/kathryn/Desktop/Nosfy/Nosfy.xcodeproj
    builtin-create-build-directory /tmp/nosfy-cartes-release-dd/Build/Intermediates.noindex/ExplicitPrecompiledModules

CreateBuildDirectory /tmp/nosfy-cartes-release-dd/Build/Intermediates.noindex/SwiftExplicitPrecompiledModules
    cd /Users/kathryn/Desktop/Nosfy/Nosfy.xcodeproj
    builtin-create-build-directory /tmp/nosfy-cartes-release-dd/Build/Intermediates.noindex/SwiftExplicitPrecompiledModules

CreateBuildDirectory /tmp/nosfy-cartes-release-dd/Build/Intermediates.noindex/EagerLinkingTBDs/Release-iphonesimulator
    cd /Users/kathryn/Desktop/Nosfy/Nosfy.xcodeproj
    builtin-create-build-directory /tmp/nosfy-cartes-release-dd/Build/Intermediates.noindex/EagerLinkingTBDs/Release-iphonesimulator

WriteAuxiliaryFile /tmp/nosfy-cartes-release-dd/Build/Intermediates.noindex/Nosfy.build/Release-iphonesimulator/Nosfy-79457564d8ce4e0e3822ec51709fb743-VFS-iphonesimulator/all-product-headers.yaml
    cd /Users/kathryn/Desktop/Nosfy/Nosfy.xcodeproj
    write-file /tmp/nosfy-cartes-release-dd/Build/Intermediates.noindex/Nosfy.build/Release-iphonesimulator/Nosfy-79457564d8ce4e0e3822ec51709fb743-VFS-iphonesimulator/all-product-headers.yaml

WriteAuxiliaryFile /tmp/nosfy-cartes-release-dd/Build/Intermediates.noindex/Nosfy.build/Release-iphonesimulator/Nosfy.build/Nosfy.hmap (in target 'Nosfy' from project 'Nosfy')
    cd /Users/kathryn/Desktop/Nosfy
    write-file /tmp/nosfy-cartes-release-dd/Build/Intermediates.noindex/Nosfy.build/Release-iphonesimulator/Nosfy.build/Nosfy.hmap

WriteAuxiliaryFile /tmp/nosfy-cartes-release-dd/Build/Intermediates.noindex/Nosfy.build/Release-iphonesimulator/Nosfy.build/Nosfy-project-headers.hmap (in target 'Nosfy' from project 'Nosfy')
    cd /Users/kathryn/Desktop/Nosfy
    write-file /tmp/nosfy-cartes-release-dd/Build/Intermediates.noindex/Nosfy.build/Release-iphonesimulator/Nosfy.build/Nosfy-project-headers.hmap

WriteAuxiliaryFile /tmp/nosfy-cartes-release-dd/Build/Intermediates.noindex/Nosfy.build/Release-iphonesimulator/Nosfy.build/Objects-normal/arm64/Nosfy_const_extract_protocols.json (in target 'Nosfy' from project 'Nosfy')
    cd /Users/kathryn/Desktop/Nosfy
    write-file /tmp/nosfy-cartes-release-dd/Build/Intermediates.noindex/Nosfy.build/Release-iphonesimulator/Nosfy.build/Objects-normal/arm64/Nosfy_const_extract_protocols.json

WriteAuxiliaryFile /tmp/nosfy-cartes-release-dd/Build/Intermediates.noindex/Nosfy.build/Release-iphonesimulator/Nosfy.build/Objects-normal/arm64/Nosfy.LinkFileList (in target 'Nosfy' from project 'Nosfy')
    cd /Users/kathryn/Desktop/Nosfy
    write-file /tmp/nosfy-cartes-release-dd/Build/Intermediates.noindex/Nosfy.build/Release-iphonesimulator/Nosfy.build/Objects-normal/arm64/Nosfy.LinkFileList

WriteAuxiliaryFile /tmp/nosfy-cartes-release-dd/Build/Intermediates.noindex/Nosfy.build/Release-iphonesimulator/Nosfy.build/Objects-normal/arm64/Nosfy.SwiftConstValuesFileList (in target 'Nosfy' from project 'Nosfy')
    cd /Users/kathryn/Desktop/Nosfy
    write-file /tmp/nosfy-cartes-release-dd/Build/Intermediates.noindex/Nosfy.build/Release-iphonesimulator/Nosfy.build/Objects-normal/arm64/Nosfy.SwiftConstValuesFileList

WriteAuxiliaryFile /tmp/nosfy-cartes-release-dd/Build/Intermediates.noindex/Nosfy.build/Release-iphonesimulator/Nosfy.build/Objects-normal/arm64/Nosfy-OutputFileMap.json (in target 'Nosfy' from project 'Nosfy')
    cd /Users/kathryn/Desktop/Nosfy
    write-file /tmp/nosfy-cartes-release-dd/Build/Intermediates.noindex/Nosfy.build/Release-iphonesimulator/Nosfy.build/Objects-normal/arm64/Nosfy-OutputFileMap.json

WriteAuxiliaryFile /tmp/nosfy-cartes-release-dd/Build/Intermediates.noindex/Nosfy.build/Release-iphonesimulator/NosfyWidgets.build/Objects-normal/arm64/NosfyWidgets.SwiftConstValuesFileList (in target 'NosfyWidgets' from project 'Nosfy')
    cd /Users/kathryn/Desktop/Nosfy
    write-file /tmp/nosfy-cartes-release-dd/Build/Intermediates.noindex/Nosfy.build/Release-iphonesimulator/NosfyWidgets.build/Objects-normal/arm64/NosfyWidgets.SwiftConstValuesFileList

WriteAuxiliaryFile /tmp/nosfy-cartes-release-dd/Build/Intermediates.noindex/Nosfy.build/Release-iphonesimulator/NosfyWidgets.build/Objects-normal/arm64/NosfyWidgets_const_extract_protocols.json (in target 'NosfyWidgets' from project 'Nosfy')
    cd /Users/kathryn/Desktop/Nosfy
    write-file /tmp/nosfy-cartes-release-dd/Build/Intermediates.noindex/Nosfy.build/Release-iphonesimulator/NosfyWidgets.build/Objects-normal/arm64/NosfyWidgets_const_extract_protocols.json

WriteAuxiliaryFile /tmp/nosfy-cartes-release-dd/Build/Intermediates.noindex/Nosfy.build/Release-iphonesimulator/NosfyWidgets.build/Objects-normal/arm64/NosfyWidgets.SwiftFileList (in target 'NosfyWidgets' from project 'Nosfy')
    cd /Users/kathryn/Desktop/Nosfy
    write-file /tmp/nosfy-cartes-release-dd/Build/Intermediates.noindex/Nosfy.build/Release-iphonesimulator/NosfyWidgets.build/Objects-normal/arm64/NosfyWidgets.SwiftFileList

WriteAuxiliaryFile /tmp/nosfy-cartes-release-dd/Build/Intermediates.noindex/Nosfy.build/Release-iphonesimulator/NosfyWidgets.build/Objects-normal/arm64/NosfyWidgets.LinkFileList (in target 'NosfyWidgets' from project 'Nosfy')
    cd /Users/kathryn/Desktop/Nosfy
    write-file /tmp/nosfy-cartes-release-dd/Build/Intermediates.noindex/Nosfy.build/Release-iphonesimulator/NosfyWidgets.build/Objects-normal/arm64/NosfyWidgets.LinkFileList

WriteAuxiliaryFile /tmp/nosfy-cartes-release-dd/Build/Intermediates.noindex/Nosfy.build/Release-iphonesimulator/NosfyWidgets.build/Objects-normal/arm64/NosfyWidgets-OutputFileMap.json (in target 'NosfyWidgets' from project 'Nosfy')
    cd /Users/kathryn/Desktop/Nosfy
    write-file /tmp/nosfy-cartes-release-dd/Build/Intermediates.noindex/Nosfy.build/Release-iphonesimulator/NosfyWidgets.build/Objects-normal/arm64/NosfyWidgets-OutputFileMap.json

WriteAuxiliaryFile /tmp/nosfy-cartes-release-dd/Build/Intermediates.noindex/Nosfy.build/Release-iphonesimulator/NosfyWidgets.build/NosfyWidgets.hmap (in target 'NosfyWidgets' from project 'Nosfy')
    cd /Users/kathryn/Desktop/Nosfy
    write-file /tmp/nosfy-cartes-release-dd/Build/Intermediates.noindex/Nosfy.build/Release-iphonesimulator/NosfyWidgets.build/NosfyWidgets.hmap

WriteAuxiliaryFile /tmp/nosfy-cartes-release-dd/Build/Intermediates.noindex/Nosfy.build/Release-iphonesimulator/NosfyWidgets.build/NosfyWidgets.DependencyStaticMetadataFileList (in target 'NosfyWidgets' from project 'Nosfy')
    cd /Users/kathryn/Desktop/Nosfy
    write-file /tmp/nosfy-cartes-release-dd/Build/Intermediates.noindex/Nosfy.build/Release-iphonesimulator/NosfyWidgets.build/NosfyWidgets.DependencyStaticMetadataFileList

WriteAuxiliaryFile /tmp/nosfy-cartes-release-dd/Build/Intermediates.noindex/Nosfy.build/Release-iphonesimulator/NosfyWidgets.build/NosfyWidgets.DependencyMetadataFileList (in target 'NosfyWidgets' from project 'Nosfy')
    cd /Users/kathryn/Desktop/Nosfy
    write-file /tmp/nosfy-cartes-release-dd/Build/Intermediates.noindex/Nosfy.build/Release-iphonesimulator/NosfyWidgets.build/NosfyWidgets.DependencyMetadataFileList

WriteAuxiliaryFile /tmp/nosfy-cartes-release-dd/Build/Intermediates.noindex/Nosfy.build/Release-iphonesimulator/NosfyWidgets.build/NosfyWidgets-project-headers.hmap (in target 'NosfyWidgets' from project 'Nosfy')
    cd /Users/kathryn/Desktop/Nosfy
    write-file /tmp/nosfy-cartes-release-dd/Build/Intermediates.noindex/Nosfy.build/Release-iphonesimulator/NosfyWidgets.build/NosfyWidgets-project-headers.hmap

WriteAuxiliaryFile /tmp/nosfy-cartes-release-dd/Build/Intermediates.noindex/Nosfy.build/Release-iphonesimulator/NosfyWidgets.build/NosfyWidgets-own-target-headers.hmap (in target 'NosfyWidgets' from project 'Nosfy')
    cd /Users/kathryn/Desktop/Nosfy
    write-file /tmp/nosfy-cartes-release-dd/Build/Intermediates.noindex/Nosfy.build/Release-iphonesimulator/NosfyWidgets.build/NosfyWidgets-own-target-headers.hmap

WriteAuxiliaryFile /tmp/nosfy-cartes-release-dd/Build/Intermediates.noindex/Nosfy.build/Release-iphonesimulator/NosfyWidgets.build/NosfyWidgets-generated-files.hmap (in target 'NosfyWidgets' from project 'Nosfy')
    cd /Users/kathryn/Desktop/Nosfy
    write-file /tmp/nosfy-cartes-release-dd/Build/Intermediates.noindex/Nosfy.build/Release-iphonesimulator/NosfyWidgets.build/NosfyWidgets-generated-files.hmap

WriteAuxiliaryFile /tmp/nosfy-cartes-release-dd/Build/Intermediates.noindex/Nosfy.build/Release-iphonesimulator/NosfyWidgets.build/NosfyWidgets-all-target-headers.hmap (in target 'NosfyWidgets' from project 'Nosfy')
    cd /Users/kathryn/Desktop/Nosfy
    write-file /tmp/nosfy-cartes-release-dd/Build/Intermediates.noindex/Nosfy.build/Release-iphonesimulator/NosfyWidgets.build/NosfyWidgets-all-target-headers.hmap

WriteAuxiliaryFile /tmp/nosfy-cartes-release-dd/Build/Intermediates.noindex/Nosfy.build/Release-iphonesimulator/NosfyWidgets.build/NosfyWidgets-all-non-framework-target-headers.hmap (in target 'NosfyWidgets' from project 'Nosfy')
    cd /Users/kathryn/Desktop/Nosfy
    write-file /tmp/nosfy-cartes-release-dd/Build/Intermediates.noindex/Nosfy.build/Release-iphonesimulator/NosfyWidgets.build/NosfyWidgets-all-non-framework-target-headers.hmap

WriteAuxiliaryFile /tmp/nosfy-cartes-release-dd/Build/Intermediates.noindex/Nosfy.build/Release-iphonesimulator/Nosfy.build/Objects-normal/arm64/Nosfy.SwiftFileList (in target 'Nosfy' from project 'Nosfy')
    cd /Users/kathryn/Desktop/Nosfy
    write-file /tmp/nosfy-cartes-release-dd/Build/Intermediates.noindex/Nosfy.build/Release-iphonesimulator/Nosfy.build/Objects-normal/arm64/Nosfy.SwiftFileList

WriteAuxiliaryFile /tmp/nosfy-cartes-release-dd/Build/Intermediates.noindex/Nosfy.build/Release-iphonesimulator/Nosfy.build/Nosfy.DependencyStaticMetadataFileList (in target 'Nosfy' from project 'Nosfy')
    cd /Users/kathryn/Desktop/Nosfy
    write-file /tmp/nosfy-cartes-release-dd/Build/Intermediates.noindex/Nosfy.build/Release-iphonesimulator/Nosfy.build/Nosfy.DependencyStaticMetadataFileList

WriteAuxiliaryFile /tmp/nosfy-cartes-release-dd/Build/Intermediates.noindex/Nosfy.build/Release-iphonesimulator/Nosfy.build/Nosfy.DependencyMetadataFileList (in target 'Nosfy' from project 'Nosfy')
    cd /Users/kathryn/Desktop/Nosfy
    write-file /tmp/nosfy-cartes-release-dd/Build/Intermediates.noindex/Nosfy.build/Release-iphonesimulator/Nosfy.build/Nosfy.DependencyMetadataFileList

WriteAuxiliaryFile /tmp/nosfy-cartes-release-dd/Build/Intermediates.noindex/Nosfy.build/Release-iphonesimulator/Nosfy.build/Nosfy-own-target-headers.hmap (in target 'Nosfy' from project 'Nosfy')
    cd /Users/kathryn/Desktop/Nosfy
    write-file /tmp/nosfy-cartes-release-dd/Build/Intermediates.noindex/Nosfy.build/Release-iphonesimulator/Nosfy.build/Nosfy-own-target-headers.hmap

WriteAuxiliaryFile /tmp/nosfy-cartes-release-dd/Build/Intermediates.noindex/Nosfy.build/Release-iphonesimulator/Nosfy.build/Nosfy-generated-files.hmap (in target 'Nosfy' from project 'Nosfy')
    cd /Users/kathryn/Desktop/Nosfy
    write-file /tmp/nosfy-cartes-release-dd/Build/Intermediates.noindex/Nosfy.build/Release-iphonesimulator/Nosfy.build/Nosfy-generated-files.hmap

WriteAuxiliaryFile /tmp/nosfy-cartes-release-dd/Build/Intermediates.noindex/Nosfy.build/Release-iphonesimulator/Nosfy.build/Nosfy-all-target-headers.hmap (in target 'Nosfy' from project 'Nosfy')
    cd /Users/kathryn/Desktop/Nosfy
    write-file /tmp/nosfy-cartes-release-dd/Build/Intermediates.noindex/Nosfy.build/Release-iphonesimulator/Nosfy.build/Nosfy-all-target-headers.hmap

WriteAuxiliaryFile /tmp/nosfy-cartes-release-dd/Build/Intermediates.noindex/Nosfy.build/Release-iphonesimulator/Nosfy.build/Nosfy-all-non-framework-target-headers.hmap (in target 'Nosfy' from project 'Nosfy')
    cd /Users/kathryn/Desktop/Nosfy
    write-file /tmp/nosfy-cartes-release-dd/Build/Intermediates.noindex/Nosfy.build/Release-iphonesimulator/Nosfy.build/Nosfy-all-non-framework-target-headers.hmap

MkDir /tmp/nosfy-cartes-release-dd/Build/Products/Release-iphonesimulator/NosfyWidgets.appex (in target 'NosfyWidgets' from project 'Nosfy')
    cd /Users/kathryn/Desktop/Nosfy
    /bin/mkdir -p /tmp/nosfy-cartes-release-dd/Build/Products/Release-iphonesimulator/NosfyWidgets.appex

MkDir /tmp/nosfy-cartes-release-dd/Build/Products/Release-iphonesimulator/Nosfy.app (in target 'Nosfy' from project 'Nosfy')
    cd /Users/kathryn/Desktop/Nosfy
    /bin/mkdir -p /tmp/nosfy-cartes-release-dd/Build/Products/Release-iphonesimulator/Nosfy.app

MkDir /tmp/nosfy-cartes-release-dd/Build/Products/Release-iphonesimulator/Nosfy.app/PlugIns (in target 'Nosfy' from project 'Nosfy')
    cd /Users/kathryn/Desktop/Nosfy
    /bin/mkdir -p /tmp/nosfy-cartes-release-dd/Build/Products/Release-iphonesimulator/Nosfy.app/PlugIns

MkDir /tmp/nosfy-cartes-release-dd/Build/Intermediates.noindex/Nosfy.build/Release-iphonesimulator/NosfyWidgets.build/assetcatalog_output/unthinned (in target 'NosfyWidgets' from project 'Nosfy')
    cd /Users/kathryn/Desktop/Nosfy
    /bin/mkdir -p /tmp/nosfy-cartes-release-dd/Build/Intermediates.noindex/Nosfy.build/Release-iphonesimulator/NosfyWidgets.build/assetcatalog_output/unthinned

MkDir /tmp/nosfy-cartes-release-dd/Build/Intermediates.noindex/Nosfy.build/Release-iphonesimulator/NosfyWidgets.build/assetcatalog_output/thinned (in target 'NosfyWidgets' from project 'Nosfy')
    cd /Users/kathryn/Desktop/Nosfy
    /bin/mkdir -p /tmp/nosfy-cartes-release-dd/Build/Intermediates.noindex/Nosfy.build/Release-iphonesimulator/NosfyWidgets.build/assetcatalog_output/thinned

GenerateAssetSymbols /Users/kathryn/Desktop/Nosfy/NosfyShared/LiveAssets.xcassets (in target 'NosfyWidgets' from project 'Nosfy')
    cd /Users/kathryn/Desktop/Nosfy
    /Applications/Xcode.app/Contents/Developer/usr/bin/actool /Users/kathryn/Desktop/Nosfy/NosfyShared/LiveAssets.xcassets --compile /tmp/nosfy-cartes-release-dd/Build/Products/Release-iphonesimulator/NosfyWidgets.appex --output-format human-readable-text --notices --warnings --export-dependency-info /tmp/nosfy-cartes-release-dd/Build/Intermediates.noindex/Nosfy.build/Release-iphonesimulator/NosfyWidgets.build/assetcatalog_dependencies --output-partial-info-plist /tmp/nosfy-cartes-release-dd/Build/Intermediates.noindex/Nosfy.build/Release-iphonesimulator/NosfyWidgets.build/assetcatalog_generated_info.plist --compress-pngs --enable-on-demand-resources NO --standalone-icon-behavior all --development-region fr --target-device iphone --minimum-deployment-target 26.0 --platform iphonesimulator --bundle-identifier fr.kathryn.woop.WoopWidgets --generate-swift-asset-symbol-extensions NO --generate-swift-asset-symbols /tmp/nosfy-cartes-release-dd/Build/Intermediates.noindex/Nosfy.build/Release-iphonesimulator/NosfyWidgets.build/DerivedSources/GeneratedAssetSymbols.swift --generate-objc-asset-symbols /tmp/nosfy-cartes-release-dd/Build/Intermediates.noindex/Nosfy.build/Release-iphonesimulator/NosfyWidgets.build/DerivedSources/GeneratedAssetSymbols.h --generate-asset-symbol-index /tmp/nosfy-cartes-release-dd/Build/Intermediates.noindex/Nosfy.build/Release-iphonesimulator/NosfyWidgets.build/DerivedSources/GeneratedAssetSymbols-Index.plist
/* com.apple.actool.compilation-results */
/tmp/nosfy-cartes-release-dd/Build/Intermediates.noindex/Nosfy.build/Release-iphonesimulator/NosfyWidgets.build/DerivedSources/GeneratedAssetSymbols-Index.plist
/tmp/nosfy-cartes-release-dd/Build/Intermediates.noindex/Nosfy.build/Release-iphonesimulator/NosfyWidgets.build/DerivedSources/GeneratedAssetSymbols.h
/tmp/nosfy-cartes-release-dd/Build/Intermediates.noindex/Nosfy.build/Release-iphonesimulator/NosfyWidgets.build/DerivedSources/GeneratedAssetSymbols.swift


CompileAssetCatalogVariant thinned /tmp/nosfy-cartes-release-dd/Build/Products/Release-iphonesimulator/NosfyWidgets.appex /Users/kathryn/Desktop/Nosfy/NosfyShared/LiveAssets.xcassets (in target 'NosfyWidgets' from project 'Nosfy')
    cd /Users/kathryn/Desktop/Nosfy
    /Applications/Xcode.app/Contents/Developer/usr/bin/actool /Users/kathryn/Desktop/Nosfy/NosfyShared/LiveAssets.xcassets --compile /tmp/nosfy-cartes-release-dd/Build/Intermediates.noindex/Nosfy.build/Release-iphonesimulator/NosfyWidgets.build/assetcatalog_output/thinned --output-format human-readable-text --notices --warnings --export-dependency-info /tmp/nosfy-cartes-release-dd/Build/Intermediates.noindex/Nosfy.build/Release-iphonesimulator/NosfyWidgets.build/assetcatalog_dependencies_thinned --output-partial-info-plist /tmp/nosfy-cartes-release-dd/Build/Intermediates.noindex/Nosfy.build/Release-iphonesimulator/NosfyWidgets.build/assetcatalog_generated_info.plist_thinned --compress-pngs --enable-on-demand-resources NO --standalone-icon-behavior all --development-region fr --target-device iphone --minimum-deployment-target 26.0 --platform iphonesimulator
/* com.apple.actool.compilation-results */
/tmp/nosfy-cartes-release-dd/Build/Intermediates.noindex/Nosfy.build/Release-iphonesimulator/NosfyWidgets.build/assetcatalog_generated_info.plist_thinned
/tmp/nosfy-cartes-release-dd/Build/Intermediates.noindex/Nosfy.build/Release-iphonesimulator/NosfyWidgets.build/assetcatalog_output/thinned/Assets.car


SwiftDriver NosfyWidgets normal arm64 com.apple.xcode.tools.swift.compiler (in target 'NosfyWidgets' from project 'Nosfy')
    cd /Users/kathryn/Desktop/Nosfy
    builtin-SwiftDriver -- /Applications/Xcode.app/Contents/Developer/Toolchains/XcodeDefault.xctoolchain/usr/bin/swiftc -module-name NosfyWidgets -O -whole-module-optimization @/tmp/nosfy-cartes-release-dd/Build/Intermediates.noindex/Nosfy.build/Release-iphonesimulator/NosfyWidgets.build/Objects-normal/arm64/NosfyWidgets.SwiftFileList -enable-bare-slash-regex -enable-experimental-feature DebugDescriptionMacro -sdk /Applications/Xcode.app/Contents/Developer/Platforms/iPhoneSimulator.platform/Developer/SDKs/iPhoneSimulator26.5.sdk -target arm64-apple-ios26.0-simulator -g -module-cache-path /tmp/nosfy-cartes-release-dd/ModuleCache.noindex -Xfrontend -serialize-debugging-options -application-extension -swift-version 5 -I /tmp/nosfy-cartes-release-dd/Build/Products/Release-iphonesimulator -F /tmp/nosfy-cartes-release-dd/Build/Products/Release-iphonesimulator -emit-localized-strings -emit-localized-strings-path /tmp/nosfy-cartes-release-dd/Build/Intermediates.noindex/Nosfy.build/Release-iphonesimulator/NosfyWidgets.build/Objects-normal/arm64 -c -num-threads 10 -Xcc -ivfsstatcache -Xcc /tmp/nosfy-cartes-release-dd/SDKStatCaches.noindex/iphonesimulator26.5-23F73-688ef53f1462e2c8f657fdc38a81448f6cfe768891a92b912361537c460fe42b.sdkstatcache -output-file-map /tmp/nosfy-cartes-release-dd/Build/Intermediates.noindex/Nosfy.build/Release-iphonesimulator/NosfyWidgets.build/Objects-normal/arm64/NosfyWidgets-OutputFileMap.json -use-frontend-parseable-output -save-temps -no-color-diagnostics -explicit-module-build -module-cache-path /tmp/nosfy-cartes-release-dd/Build/Intermediates.noindex/SwiftExplicitPrecompiledModules -clang-scanner-module-cache-path /tmp/nosfy-cartes-release-dd/ModuleCache.noindex -sdk-module-cache-path /tmp/nosfy-cartes-release-dd/ModuleCache.noindex -serialize-diagnostics -emit-dependencies -emit-module -emit-module-path /tmp/nosfy-cartes-release-dd/Build/Intermediates.noindex/Nosfy.build/Release-iphonesimulator/NosfyWidgets.build/Objects-normal/arm64/NosfyWidgets.swiftmodule -validate-clang-modules-once -clang-build-session-file /tmp/nosfy-cartes-release-dd/ModuleCache.noindex/Session.modulevalidation -Xcc -I/tmp/nosfy-cartes-release-dd/Build/Intermediates.noindex/Nosfy.build/Release-iphonesimulator/NosfyWidgets.build/swift-overrides.hmap -emit-const-values -Xfrontend -const-gather-protocols-file -Xfrontend /tmp/nosfy-cartes-release-dd/Build/Intermediates.noindex/Nosfy.build/Release-iphonesimulator/NosfyWidgets.build/Objects-normal/arm64/NosfyWidgets_const_extract_protocols.json -Xcc -iquote -Xcc /tmp/nosfy-cartes-release-dd/Build/Intermediates.noindex/Nosfy.build/Release-iphonesimulator/NosfyWidgets.build/NosfyWidgets-generated-files.hmap -Xcc -I/tmp/nosfy-cartes-release-dd/Build/Intermediates.noindex/Nosfy.build/Release-iphonesimulator/NosfyWidgets.build/NosfyWidgets-own-target-headers.hmap -Xcc -I/tmp/nosfy-cartes-release-dd/Build/Intermediates.noindex/Nosfy.build/Release-iphonesimulator/NosfyWidgets.build/NosfyWidgets-all-target-headers.hmap -Xcc -iquote -Xcc /tmp/nosfy-cartes-release-dd/Build/Intermediates.noindex/Nosfy.build/Release-iphonesimulator/NosfyWidgets.build/NosfyWidgets-project-headers.hmap -Xcc -I/tmp/nosfy-cartes-release-dd/Build/Products/Release-iphonesimulator/include -Xcc -I/tmp/nosfy-cartes-release-dd/Build/Intermediates.noindex/Nosfy.build/Release-iphonesimulator/NosfyWidgets.build/DerivedSources-normal/arm64 -Xcc -I/tmp/nosfy-cartes-release-dd/Build/Intermediates.noindex/Nosfy.build/Release-iphonesimulator/NosfyWidgets.build/DerivedSources/arm64 -Xcc -I/tmp/nosfy-cartes-release-dd/Build/Intermediates.noindex/Nosfy.build/Release-iphonesimulator/NosfyWidgets.build/DerivedSources -emit-objc-header -emit-objc-header-path /tmp/nosfy-cartes-release-dd/Build/Intermediates.noindex/Nosfy.build/Release-iphonesimulator/NosfyWidgets.build/Objects-normal/arm64/NosfyWidgets-Swift.h -working-directory /Users/kathryn/Desktop/Nosfy -no-emit-module-separately-wmo

SwiftDriver\ Compilation NosfyWidgets normal arm64 com.apple.xcode.tools.swift.compiler (in target 'NosfyWidgets' from project 'Nosfy')
    cd /Users/kathryn/Desktop/Nosfy
    builtin-Swift-Compilation -- /Applications/Xcode.app/Contents/Developer/Toolchains/XcodeDefault.xctoolchain/usr/bin/swiftc -module-name NosfyWidgets -O -whole-module-optimization @/tmp/nosfy-cartes-release-dd/Build/Intermediates.noindex/Nosfy.build/Release-iphonesimulator/NosfyWidgets.build/Objects-normal/arm64/NosfyWidgets.SwiftFileList -enable-bare-slash-regex -enable-experimental-feature DebugDescriptionMacro -sdk /Applications/Xcode.app/Contents/Developer/Platforms/iPhoneSimulator.platform/Developer/SDKs/iPhoneSimulator26.5.sdk -target arm64-apple-ios26.0-simulator -g -module-cache-path /tmp/nosfy-cartes-release-dd/ModuleCache.noindex -Xfrontend -serialize-debugging-options -application-extension -swift-version 5 -I /tmp/nosfy-cartes-release-dd/Build/Products/Release-iphonesimulator -F /tmp/nosfy-cartes-release-dd/Build/Products/Release-iphonesimulator -emit-localized-strings -emit-localized-strings-path /tmp/nosfy-cartes-release-dd/Build/Intermediates.noindex/Nosfy.build/Release-iphonesimulator/NosfyWidgets.build/Objects-normal/arm64 -c -num-threads 10 -Xcc -ivfsstatcache -Xcc /tmp/nosfy-cartes-release-dd/SDKStatCaches.noindex/iphonesimulator26.5-23F73-688ef53f1462e2c8f657fdc38a81448f6cfe768891a92b912361537c460fe42b.sdkstatcache -output-file-map /tmp/nosfy-cartes-release-dd/Build/Intermediates.noindex/Nosfy.build/Release-iphonesimulator/NosfyWidgets.build/Objects-normal/arm64/NosfyWidgets-OutputFileMap.json -use-frontend-parseable-output -save-temps -no-color-diagnostics -explicit-module-build -module-cache-path /tmp/nosfy-cartes-release-dd/Build/Intermediates.noindex/SwiftExplicitPrecompiledModules -clang-scanner-module-cache-path /tmp/nosfy-cartes-release-dd/ModuleCache.noindex -sdk-module-cache-path /tmp/nosfy-cartes-release-dd/ModuleCache.noindex -serialize-diagnostics -emit-dependencies -emit-module -emit-module-path /tmp/nosfy-cartes-release-dd/Build/Intermediates.noindex/Nosfy.build/Release-iphonesimulator/NosfyWidgets.build/Objects-normal/arm64/NosfyWidgets.swiftmodule -validate-clang-modules-once -clang-build-session-file /tmp/nosfy-cartes-release-dd/ModuleCache.noindex/Session.modulevalidation -Xcc -I/tmp/nosfy-cartes-release-dd/Build/Intermediates.noindex/Nosfy.build/Release-iphonesimulator/NosfyWidgets.build/swift-overrides.hmap -emit-const-values -Xfrontend -const-gather-protocols-file -Xfrontend /tmp/nosfy-cartes-release-dd/Build/Intermediates.noindex/Nosfy.build/Release-iphonesimulator/NosfyWidgets.build/Objects-normal/arm64/NosfyWidgets_const_extract_protocols.json -Xcc -iquote -Xcc /tmp/nosfy-cartes-release-dd/Build/Intermediates.noindex/Nosfy.build/Release-iphonesimulator/NosfyWidgets.build/NosfyWidgets-generated-files.hmap -Xcc -I/tmp/nosfy-cartes-release-dd/Build/Intermediates.noindex/Nosfy.build/Release-iphonesimulator/NosfyWidgets.build/NosfyWidgets-own-target-headers.hmap -Xcc -I/tmp/nosfy-cartes-release-dd/Build/Intermediates.noindex/Nosfy.build/Release-iphonesimulator/NosfyWidgets.build/NosfyWidgets-all-target-headers.hmap -Xcc -iquote -Xcc /tmp/nosfy-cartes-release-dd/Build/Intermediates.noindex/Nosfy.build/Release-iphonesimulator/NosfyWidgets.build/NosfyWidgets-project-headers.hmap -Xcc -I/tmp/nosfy-cartes-release-dd/Build/Products/Release-iphonesimulator/include -Xcc -I/tmp/nosfy-cartes-release-dd/Build/Intermediates.noindex/Nosfy.build/Release-iphonesimulator/NosfyWidgets.build/DerivedSources-normal/arm64 -Xcc -I/tmp/nosfy-cartes-release-dd/Build/Intermediates.noindex/Nosfy.build/Release-iphonesimulator/NosfyWidgets.build/DerivedSources/arm64 -Xcc -I/tmp/nosfy-cartes-release-dd/Build/Intermediates.noindex/Nosfy.build/Release-iphonesimulator/NosfyWidgets.build/DerivedSources -emit-objc-header -emit-objc-header-path /tmp/nosfy-cartes-release-dd/Build/Intermediates.noindex/Nosfy.build/Release-iphonesimulator/NosfyWidgets.build/Objects-normal/arm64/NosfyWidgets-Swift.h -working-directory /Users/kathryn/Desktop/Nosfy -no-emit-module-separately-wmo

SwiftExplicitDependencyGeneratePcm arm64 /tmp/nosfy-cartes-release-dd/ModuleCache.noindex/_Builtin_stdarg-39X91RM2790I0ZKESG2ZHA9OY.pcm

SwiftExplicitDependencyGeneratePcm arm64 /tmp/nosfy-cartes-release-dd/ModuleCache.noindex/ActivityKit-DO0NYV2XISFSRTLKMKVU1ECKQ.pcm

SwiftExplicitDependencyGeneratePcm arm64 /tmp/nosfy-cartes-release-dd/ModuleCache.noindex/_Builtin_float-1HQQM33POB2IQLB1DQOSZ4TJ8.pcm

SwiftExplicitDependencyGeneratePcm arm64 /tmp/nosfy-cartes-release-dd/ModuleCache.noindex/ptrcheck-E15J6WDHLZ25G8VZ57PZAS8VH.pcm

SwiftExplicitDependencyGeneratePcm arm64 /tmp/nosfy-cartes-release-dd/ModuleCache.noindex/_Builtin_stddef-5XIOLI0GAEUQ3AZGESGFPUGX7.pcm

SwiftExplicitDependencyGeneratePcm arm64 /tmp/nosfy-cartes-release-dd/ModuleCache.noindex/_Builtin_stdbool-8B0DE1CADJLDYTMZ11N56ZBEM.pcm

SwiftExplicitDependencyGeneratePcm arm64 /tmp/nosfy-cartes-release-dd/ModuleCache.noindex/_AvailabilityInternal-QZXWM8DQME9JZLLVG6EGWI9V.pcm

SwiftExplicitDependencyGeneratePcm arm64 /tmp/nosfy-cartes-release-dd/ModuleCache.noindex/ptrauth-83IA646MP0GPZKESFKY9K9PML.pcm

SwiftExplicitDependencyGeneratePcm arm64 /tmp/nosfy-cartes-release-dd/ModuleCache.noindex/_SwiftConcurrencyShims-7FP5WI6KP9RZ2KAM4I47J7SU7.pcm

SwiftExplicitDependencyGeneratePcm arm64 /tmp/nosfy-cartes-release-dd/ModuleCache.noindex/SwiftShims-3N252K2IUNP9JCSF3TE9MLSGI.pcm

SwiftExplicitDependencyGeneratePcm arm64 /tmp/nosfy-cartes-release-dd/ModuleCache.noindex/DeveloperToolsSupport-9NVIU8YLT0SYGZNSI4W5HT96N.pcm

SwiftExplicitDependencyGeneratePcm arm64 /tmp/nosfy-cartes-release-dd/ModuleCache.noindex/_DarwinFoundation1-8J942FPWGL5ABZGJYZ49516L9.pcm

SwiftExplicitDependencyGeneratePcm arm64 /tmp/nosfy-cartes-release-dd/ModuleCache.noindex/ExtensionFoundation-42BT7UR5ZGHR0V23PWXWTITT5.pcm

SwiftExplicitDependencyGeneratePcm arm64 /tmp/nosfy-cartes-release-dd/ModuleCache.noindex/_DarwinFoundation2-9U4WR7YJPNR7IZJLR3YFC6LKR.pcm

SwiftExplicitDependencyGeneratePcm arm64 /tmp/nosfy-cartes-release-dd/ModuleCache.noindex/_Builtin_limits-35JEWQI9HWD6377QNB5MCD351.pcm

SwiftExplicitDependencyGeneratePcm arm64 /tmp/nosfy-cartes-release-dd/ModuleCache.noindex/sys_types-BWFGSL02B95P643YCA633N21F.pcm

SwiftExplicitDependencyGeneratePcm arm64 /tmp/nosfy-cartes-release-dd/ModuleCache.noindex/_Builtin_stdint-DQEHZZO16QBNS1R0JXLT2ZVR1.pcm

SwiftExplicitDependencyGeneratePcm arm64 /tmp/nosfy-cartes-release-dd/ModuleCache.noindex/_Builtin_tgmath-2O4IS84MSLRHGN1PX8NSB01OB.pcm

SwiftExplicitDependencyGeneratePcm arm64 /tmp/nosfy-cartes-release-dd/ModuleCache.noindex/_DarwinFoundation3-2QMQ2AXK9YVA4MTT4G65GZJEC.pcm

SwiftExplicitDependencyGeneratePcm arm64 /tmp/nosfy-cartes-release-dd/ModuleCache.noindex/_Builtin_stdatomic-2MHX6WSHJIG7HW7PRHT2F1QJ6.pcm

SwiftExplicitDependencyGeneratePcm arm64 /tmp/nosfy-cartes-release-dd/ModuleCache.noindex/_Builtin_intrinsics-14L11AAO4YO2UH6RXD1ZAL9ZF.pcm

SwiftExplicitDependencyGeneratePcm arm64 /tmp/nosfy-cartes-release-dd/ModuleCache.noindex/_Builtin_inttypes-F3MV87HZBEAT67QI3PKDJ2DFS.pcm

SwiftExplicitDependencyGeneratePcm arm64 /tmp/nosfy-cartes-release-dd/ModuleCache.noindex/Darwin-8Z2AAPESIMTWR4Z6EZ6V1VJUT.pcm

SwiftExplicitDependencyGeneratePcm arm64 /tmp/nosfy-cartes-release-dd/ModuleCache.noindex/simd-ECLI8IC0Q02DJSIFPLUMSLGYO.pcm

SwiftExplicitDependencyGeneratePcm arm64 /tmp/nosfy-cartes-release-dd/ModuleCache.noindex/ObjectiveC-DJGCEZWECBH7TWM958AT4I9LC.pcm

SwiftExplicitDependencyGeneratePcm arm64 /tmp/nosfy-cartes-release-dd/ModuleCache.noindex/MachO-B3RFQQ3JY85UOJRC91WQ4L2LZ.pcm

SwiftExplicitDependencyGeneratePcm arm64 /tmp/nosfy-cartes-release-dd/ModuleCache.noindex/os_object-A96NH5MYO1JV6T0UIHNPFLRK2.pcm

SwiftExplicitDependencyGeneratePcm arm64 /tmp/nosfy-cartes-release-dd/ModuleCache.noindex/os_workgroup-DHZTNHB9ZK2F2II6LYF28V4H4.pcm

SwiftExplicitDependencyGeneratePcm arm64 /tmp/nosfy-cartes-release-dd/ModuleCache.noindex/Spatial-8XVO3SZIFH36T77FGKTI5S3CB.pcm

SwiftExplicitDependencyGeneratePcm arm64 /tmp/nosfy-cartes-release-dd/ModuleCache.noindex/Dispatch-E09ZB4J0QSJ0ICUKZ2EZLJYLY.pcm

SwiftExplicitDependencyGeneratePcm arm64 /tmp/nosfy-cartes-release-dd/ModuleCache.noindex/dnssd-9M1OV76B1QZQSN4L0YZYVB5P3.pcm

SwiftExplicitDependencyGeneratePcm arm64 /tmp/nosfy-cartes-release-dd/ModuleCache.noindex/CoreFoundation-EPZHW3IH9DHUN94BIV7UJLM8J.pcm

SwiftExplicitDependencyGeneratePcm arm64 /tmp/nosfy-cartes-release-dd/ModuleCache.noindex/XPC-4P7ROVW3M71FGP4DVHLYTDGN2.pcm

SwiftExplicitDependencyGeneratePcm arm64 /tmp/nosfy-cartes-release-dd/ModuleCache.noindex/os-A9W0DQE8LQV9HW5LTLF2CWDGE.pcm

SwiftExplicitDependencyGeneratePcm arm64 /tmp/nosfy-cartes-release-dd/ModuleCache.noindex/CoreGraphics-2Z49TOKWE0WZ4HLR0GCOPQ4NI.pcm

SwiftExplicitDependencyGeneratePcm arm64 /tmp/nosfy-cartes-release-dd/ModuleCache.noindex/CFNetwork-CHNGQ70MJBRGOF5RZPTKYQD0T.pcm

SwiftExplicitDependencyGeneratePcm arm64 /tmp/nosfy-cartes-release-dd/ModuleCache.noindex/Security-2R2NOW0SKO8XEQE4ZYBJUM5IQ.pcm

SwiftExplicitDependencyGeneratePcm arm64 /tmp/nosfy-cartes-release-dd/ModuleCache.noindex/Foundation-3KI97D4WJFVJHUW8FCSWIX11O.pcm

SwiftExplicitDependencyGeneratePcm arm64 /tmp/nosfy-cartes-release-dd/ModuleCache.noindex/ImageIO-9LZM18F8EKCSY3GF97S2YEMU1.pcm

SwiftExplicitDependencyGeneratePcm arm64 /tmp/nosfy-cartes-release-dd/ModuleCache.noindex/CoreText-9QOQ4KRHHL2DGD83B7QO9PNQE.pcm

SwiftExplicitDependencyGeneratePcm arm64 /tmp/nosfy-cartes-release-dd/ModuleCache.noindex/OSLog-AW575LOKK2CPGG4PMSCBD0BLC.pcm

SwiftExplicitDependencyGeneratePcm arm64 /tmp/nosfy-cartes-release-dd/ModuleCache.noindex/Symbols-4RA25SE7XKFHJQ64MVVKWPU2K.pcm

SwiftExplicitDependencyGeneratePcm arm64 /tmp/nosfy-cartes-release-dd/ModuleCache.noindex/Network-CSSPXGQ7OHLNVOPISUTNXOZV9.pcm

SwiftExplicitDependencyGeneratePcm arm64 /tmp/nosfy-cartes-release-dd/ModuleCache.noindex/UIUtilities-EU4IXFKKCQIJ46OS8PG4T216.pcm

SwiftExplicitDependencyGeneratePcm arm64 /tmp/nosfy-cartes-release-dd/ModuleCache.noindex/CoreData-EK60Z6T5AZGCNPJ09Q4W0EW8K.pcm

SwiftExplicitDependencyGeneratePcm arm64 /tmp/nosfy-cartes-release-dd/ModuleCache.noindex/UserNotifications-7UOFPYLMR3F6GPNNWEWC56K99.pcm

SwiftExplicitDependencyGeneratePcm arm64 /tmp/nosfy-cartes-release-dd/ModuleCache.noindex/UniformTypeIdentifiers-AIV75TCLSW6AFQUJYW4503B8R.pcm

SwiftExplicitDependencyGeneratePcm arm64 /tmp/nosfy-cartes-release-dd/ModuleCache.noindex/CoreTransferable-7S51ZFFCQEAZ5D6NB44SFWIM4.pcm

SwiftExplicitDependencyGeneratePcm arm64 /tmp/nosfy-cartes-release-dd/ModuleCache.noindex/OpenGLES-67EZP0CF4MAEPFPR5C5CZP4FX.pcm

SwiftExplicitDependencyGeneratePcm arm64 /tmp/nosfy-cartes-release-dd/ModuleCache.noindex/FileProvider-1B3GPY2YCXRPWIB6OQNT9RMXM.pcm

SwiftExplicitDependencyGeneratePcm arm64 /tmp/nosfy-cartes-release-dd/ModuleCache.noindex/AppIntents-5YS7JNLK64HTFMSP7W3ND34BJ.pcm

SwiftExplicitDependencyGeneratePcm arm64 /tmp/nosfy-cartes-release-dd/ModuleCache.noindex/IOSurface-5TWT800RVNVNYXYIDBI2G0TT8.pcm

SwiftExplicitDependencyGeneratePcm arm64 /tmp/nosfy-cartes-release-dd/ModuleCache.noindex/Accessibility-5GDXBXSWF88JDBAGJXVVZJQD4.pcm

SwiftExplicitDependencyGeneratePcm arm64 /tmp/nosfy-cartes-release-dd/ModuleCache.noindex/CoreSpotlight-87FU550SCOC1QFHWXCD4LPDQ2.pcm

SwiftExplicitDependencyGeneratePcm arm64 /tmp/nosfy-cartes-release-dd/ModuleCache.noindex/DataDetection-BI6W8J64OSW261X5VOQVGI93S.pcm

SwiftExplicitDependencyGeneratePcm arm64 /tmp/nosfy-cartes-release-dd/ModuleCache.noindex/_LocationEssentials-61N9SQP5GGZXVX2XQCY7HWQT8.pcm

SwiftExplicitDependencyGeneratePcm arm64 /tmp/nosfy-cartes-release-dd/ModuleCache.noindex/RelevanceKit-CG8Z1ZPV5JAIW3IL2M40SP8YL.pcm

SwiftExplicitDependencyGeneratePcm arm64 /tmp/nosfy-cartes-release-dd/ModuleCache.noindex/WidgetKit-9CIR59RKD5D5979R2RKA1H5BO.pcm

SwiftExplicitDependencyGeneratePcm arm64 /tmp/nosfy-cartes-release-dd/ModuleCache.noindex/Metal-7M4XGM65GPUODSACWUVMF9BF1.pcm

SwiftExplicitDependencyGeneratePcm arm64 /tmp/nosfy-cartes-release-dd/ModuleCache.noindex/CoreLocation-3UHHCC4H4ULMC0TYW7LPA46ZO.pcm

SwiftExplicitDependencyGeneratePcm arm64 /tmp/nosfy-cartes-release-dd/ModuleCache.noindex/Intents-CGHX94AHYI1VN73TUPQ6L9LYK.pcm

SwiftExplicitDependencyGeneratePcm arm64 /tmp/nosfy-cartes-release-dd/ModuleCache.noindex/CoreVideo-5VX7UY72UT3EJ0R1QQKTXWFPV.pcm

SwiftExplicitDependencyGeneratePcm arm64 /tmp/nosfy-cartes-release-dd/ModuleCache.noindex/QuartzCore-20P4EV87VUJSU7BABKJRRWOPF.pcm

SwiftExplicitDependencyGeneratePcm arm64 /tmp/nosfy-cartes-release-dd/ModuleCache.noindex/CoreImage-D7D33XLNR877J8SRESEJ394V0.pcm

SwiftExplicitDependencyGeneratePcm arm64 /tmp/nosfy-cartes-release-dd/ModuleCache.noindex/SwiftUICore-99CBVE6X7W1PHPHHSEUTGH5D0.pcm

SwiftExplicitDependencyGeneratePcm arm64 /tmp/nosfy-cartes-release-dd/ModuleCache.noindex/UIKit-4JD5RRWNL6H3BUDDBG2UTKNPV.pcm

SwiftExplicitDependencyGeneratePcm arm64 /tmp/nosfy-cartes-release-dd/ModuleCache.noindex/SwiftUI-3RFMN4I8710RE4Q2WATMWQDKE.pcm

SwiftCompile normal arm64 Compiling\ NosfyWidgetsBundle.swift,\ WorkoutLiveActivity.swift,\ ImpGlyph.swift,\ MoonGlyph.swift,\ ProgressComet.swift,\ WorkoutActivity.swift,\ WorkoutLiveCard.swift,\ WorkoutLiveFocus.swift,\ GeneratedAssetSymbols.swift /Users/kathryn/Desktop/Nosfy/NosfyWidgets/NosfyWidgetsBundle.swift /Users/kathryn/Desktop/Nosfy/NosfyWidgets/WorkoutLiveActivity.swift /Users/kathryn/Desktop/Nosfy/NosfyShared/ImpGlyph.swift /Users/kathryn/Desktop/Nosfy/NosfyShared/MoonGlyph.swift /Users/kathryn/Desktop/Nosfy/NosfyShared/ProgressComet.swift /Users/kathryn/Desktop/Nosfy/NosfyShared/WorkoutActivity.swift /Users/kathryn/Desktop/Nosfy/NosfyShared/WorkoutLiveCard.swift /Users/kathryn/Desktop/Nosfy/NosfyShared/WorkoutLiveFocus.swift /tmp/nosfy-cartes-release-dd/Build/Intermediates.noindex/Nosfy.build/Release-iphonesimulator/NosfyWidgets.build/DerivedSources/GeneratedAssetSymbols.swift /Applications/Xcode.app/Contents/Developer/Toolchains/XcodeDefault.xctoolchain/usr/lib/swift/iphonesimulator/prebuilt-modules/26.5/Intents.swiftmodule/arm64-apple-ios-simulator.swiftmodule /Applications/Xcode.app/Contents/Developer/Toolchains/XcodeDefault.xctoolchain/usr/lib/swift/iphonesimulator/prebuilt-modules/26.5/Observation.swiftmodule/arm64-apple-ios-simulator.swiftmodule /Applications/Xcode.app/Contents/Developer/Toolchains/XcodeDefault.xctoolchain/usr/lib/swift/iphonesimulator/prebuilt-modules/26.5/SwiftUI.swiftmodule/arm64-apple-ios-simulator.swiftmodule /Applications/Xcode.app/Contents/Developer/Toolchains/XcodeDefault.xctoolchain/usr/lib/swift/iphonesimulator/prebuilt-modules/26.5/CoreFoundation.swiftmodule/arm64-apple-ios-simulator.swiftmodule /Applications/Xcode.app/Contents/Developer/Toolchains/XcodeDefault.xctoolchain/usr/lib/swift/iphonesimulator/prebuilt-modules/26.5/UniformTypeIdentifiers.swiftmodule/arm64-apple-ios-simulator.swiftmodule /Applications/Xcode.app/Contents/Developer/Toolchains/XcodeDefault.xctoolchain/usr/lib/swift/iphonesimulator/prebuilt-modules/26.5/_DarwinFoundation1.swiftmodule/arm64-apple-ios-simulator.swiftmodule /Applications/Xcode.app/Contents/Developer/Toolchains/XcodeDefault.xctoolchain/usr/lib/swift/iphonesimulator/prebuilt-modules/26.5/Spatial.swiftmodule/arm64-apple-ios-simulator.swiftmodule /Applications/Xcode.app/Contents/Developer/Toolchains/XcodeDefault.xctoolchain/usr/lib/swift/iphonesimulator/prebuilt-modules/26.5/_StringProcessing.swiftmodule/arm64-apple-ios-simulator.swiftmodule /Applications/Xcode.app/Contents/Developer/Toolchains/XcodeDefault.xctoolchain/usr/lib/swift/iphonesimulator/prebuilt-modules/26.5/_Concurrency.swiftmodule/arm64-apple-ios-simulator.swiftmodule /Applications/Xcode.app/Contents/Developer/Toolchains/XcodeDefault.xctoolchain/usr/lib/swift/iphonesimulator/prebuilt-modules/26.5/SwiftUICore.swiftmodule/arm64-apple-ios-simulator.swiftmodule /Applications/Xcode.app/Contents/Developer/Toolchains/XcodeDefault.xctoolchain/usr/lib/swift/iphonesimulator/prebuilt-modules/26.5/CoreGraphics.swiftmodule/arm64-apple-ios-simulator.swiftmodule /Applications/Xcode.app/Contents/Developer/Toolchains/XcodeDefault.xctoolchain/usr/lib/swift/iphonesimulator/prebuilt-modules/26.5/CoreImage.swiftmodule/arm64-apple-ios-simulator.swiftmodule /Applications/Xcode.app/Contents/Developer/Toolchains/XcodeDefault.xctoolchain/usr/lib/swift/iphonesimulator/prebuilt-modules/26.5/CoreTransferable.swiftmodule/arm64-apple-ios-simulator.swiftmodule /Applications/Xcode.app/Contents/Developer/Toolchains/XcodeDefault.xctoolchain/usr/lib/swift/iphonesimulator/prebuilt-modules/26.5/Distributed.swiftmodule/arm64-apple-ios-simulator.swiftmodule /Applications/Xcode.app/Contents/Developer/Toolchains/XcodeDefault.xctoolchain/usr/lib/swift/iphonesimulator/prebuilt-modules/26.5/System.swiftmodule/arm64-apple-ios-simulator.swiftmodule /Applications/Xcode.app/Contents/Developer/Toolchains/XcodeDefault.xctoolchain/usr/lib/swift/iphonesimulator/prebuilt-modules/26.5/ActivityKit.swiftmodule/arm64-apple-ios-simulator.swiftmodule /Applications/Xcode.app/Contents/Developer/Toolchains/XcodeDefault.xctoolchain/usr/lib/swift/iphonesimulator/prebuilt-modules/26.5/Metal.swiftmodule/arm64-apple-ios-simulator.swiftmodule /Applications/Xcode.app/Contents/Developer/Toolchains/XcodeDefault.xctoolchain/usr/lib/swift/iphonesimulator/prebuilt-modules/26.5/OSLog.swiftmodule/arm64-apple-ios-simulator.swiftmodule /Applications/Xcode.app/Contents/Developer/Toolchains/XcodeDefault.xctoolchain/usr/lib/swift/iphonesimulator/prebuilt-modules/26.5/DeveloperToolsSupport.swiftmodule/arm64-apple-ios-simulator.swiftmodule /Applications/Xcode.app/Contents/Developer/Toolchains/XcodeDefault.xctoolchain/usr/lib/swift/iphonesimulator/prebuilt-modules/26.5/ExtensionFoundation.swiftmodule/arm64-apple-ios-simulator.swiftmodule /Applications/Xcode.app/Contents/Developer/Toolchains/XcodeDefault.xctoolchain/usr/lib/swift/iphonesimulator/prebuilt-modules/26.5/_AppIntents_SwiftUI.swiftmodule/arm64-apple-ios-simulator.swiftmodule /Applications/Xcode.app/Contents/Developer/Toolchains/XcodeDefault.xctoolchain/usr/lib/swift/iphonesimulator/prebuilt-modules/26.5/Symbols.swiftmodule/arm64-apple-ios-simulator.swiftmodule /Applications/Xcode.app/Contents/Developer/Toolchains/XcodeDefault.xctoolchain/usr/lib/swift/iphonesimulator/prebuilt-modules/26.5/_Builtin_float.swiftmodule/arm64-apple-ios-simulator.swiftmodule /Applications/Xcode.app/Contents/Developer/Toolchains/XcodeDefault.xctoolchain/usr/lib/swift/iphonesimulator/prebuilt-modules/26.5/Accessibility.swiftmodule/arm64-apple-ios-simulator.swiftmodule /Applications/Xcode.app/Contents/Developer/Toolchains/XcodeDefault.xctoolchain/usr/lib/swift/iphonesimulator/prebuilt-modules/26.5/os.swiftmodule/arm64-apple-ios-simulator.swiftmodule /Applications/Xcode.app/Contents/Developer/Toolchains/XcodeDefault.xctoolchain/usr/lib/swift/iphonesimulator/prebuilt-modules/26.5/_DarwinFoundation2.swiftmodule/arm64-apple-ios-simulator.swiftmodule /Applications/Xcode.app/Contents/Developer/Toolchains/XcodeDefault.xctoolchain/usr/lib/swift/iphonesimulator/prebuilt-modules/26.5/Network.swiftmodule/arm64-apple-ios-simulator.swiftmodule /Applications/Xcode.app/Contents/Developer/Toolchains/XcodeDefault.xctoolchain/usr/lib/swift/iphonesimulator/prebuilt-modules/26.5/Dispatch.swiftmodule/arm64-apple-ios-simulator.swiftmodule /Applications/Xcode.app/Contents/Developer/Toolchains/XcodeDefault.xctoolchain/usr/lib/swift/iphonesimulator/prebuilt-modules/26.5/CoreData.swiftmodule/arm64-apple-ios-simulator.swiftmodule /Applications/Xcode.app/Contents/Developer/Toolchains/XcodeDefault.xctoolchain/usr/lib/swift/iphonesimulator/prebuilt-modules/26.5/CoreText.swiftmodule/arm64-apple-ios-simulator.swiftmodule /Applications/Xcode.app/Contents/Developer/Toolchains/XcodeDefault.xctoolchain/usr/lib/swift/iphonesimulator/prebuilt-modules/26.5/Foundation.swiftmodule/arm64-apple-ios-simulator.swiftmodule /Applications/Xcode.app/Contents/Developer/Toolchains/XcodeDefault.xctoolchain/usr/lib/swift/iphonesimulator/prebuilt-modules/26.5/CoreLocation.swiftmodule/arm64-apple-ios-simulator.swiftmodule /Applications/Xcode.app/Contents/Developer/Toolchains/XcodeDefault.xctoolchain/usr/lib/swift/iphonesimulator/prebuilt-modules/26.5/DataDetection.swiftmodule/arm64-apple-ios-simulator.swiftmodule /Applications/Xcode.app/Contents/Developer/Toolchains/XcodeDefault.xctoolchain/usr/lib/swift/iphonesimulator/prebuilt-modules/26.5/Darwin.swiftmodule/arm64-apple-ios-simulator.swiftmodule /Applications/Xcode.app/Contents/Developer/Toolchains/XcodeDefault.xctoolchain/usr/lib/swift/iphonesimulator/prebuilt-modules/26.5/CoreSpotlight.swiftmodule/arm64-apple-ios-simulator.swiftmodule /Applications/Xcode.app/Contents/Developer/Toolchains/XcodeDefault.xctoolchain/usr/lib/swift/iphonesimulator/prebuilt-modules/26.5/AppIntents.swiftmodule/arm64-apple-ios-simulator.swiftmodule /Applications/Xcode.app/Contents/Developer/Toolchains/XcodeDefault.xctoolchain/usr/lib/swift/iphonesimulator/prebuilt-modules/26.5/UIKit.swiftmodule/arm64-apple-ios-simulator.swiftmodule /Applications/Xcode.app/Contents/Developer/Toolchains/XcodeDefault.xctoolchain/usr/lib/swift/iphonesimulator/prebuilt-modules/26.5/WidgetKit.swiftmodule/arm64-apple-ios-simulator.swiftmodule /Applications/Xcode.app/Contents/Developer/Toolchains/XcodeDefault.xctoolchain/usr/lib/swift/iphonesimulator/prebuilt-modules/26.5/ObjectiveC.swiftmodule/arm64-apple-ios-simulator.swiftmodule /Applications/Xcode.app/Contents/Developer/Toolchains/XcodeDefault.xctoolchain/usr/lib/swift/iphonesimulator/prebuilt-modules/26.5/FileProvider.swiftmodule/arm64-apple-ios-simulator.swiftmodule /Applications/Xcode.app/Contents/Developer/Toolchains/XcodeDefault.xctoolchain/usr/lib/swift/iphonesimulator/prebuilt-modules/26.5/QuartzCore.swiftmodule/arm64-apple-ios-simulator.swiftmodule /Applications/Xcode.app/Contents/Developer/Toolchains/XcodeDefault.xctoolchain/usr/lib/swift/iphonesimulator/prebuilt-modules/26.5/simd.swiftmodule/arm64-apple-ios-simulator.swiftmodule /Applications/Xcode.app/Contents/Developer/Toolchains/XcodeDefault.xctoolchain/usr/lib/swift/iphonesimulator/prebuilt-modules/26.5/Swift.swiftmodule/arm64-apple-ios-simulator.swiftmodule /Applications/Xcode.app/Contents/Developer/Toolchains/XcodeDefault.xctoolchain/usr/lib/swift/iphonesimulator/prebuilt-modules/26.5/_DarwinFoundation3.swiftmodule/arm64-apple-ios-simulator.swiftmodule /Applications/Xcode.app/Contents/Developer/Toolchains/XcodeDefault.xctoolchain/usr/lib/swift/iphonesimulator/prebuilt-modules/26.5/RelevanceKit.swiftmodule/arm64-apple-ios-simulator.swiftmodule /Applications/Xcode.app/Contents/Developer/Toolchains/XcodeDefault.xctoolchain/usr/lib/swift/iphonesimulator/prebuilt-modules/26.5/Combine.swiftmodule/arm64-apple-ios-simulator.swiftmodule /Applications/Xcode.app/Contents/Developer/Toolchains/XcodeDefault.xctoolchain/usr/lib/swift/iphonesimulator/prebuilt-modules/26.5/XPC.swiftmodule/arm64-apple-ios-simulator.swiftmodule /Applications/Xcode.app/Contents/Developer/Toolchains/XcodeDefault.xctoolchain/usr/lib/swift/iphonesimulator/prebuilt-modules/26.5/CoreVideo.swiftmodule/arm64-apple-ios-simulator.swiftmodule /tmp/nosfy-cartes-release-dd/ModuleCache.noindex/Spatial-8XVO3SZIFH36T77FGKTI5S3CB.pcm /tmp/nosfy-cartes-release-dd/ModuleCache.noindex/Accessibility-5GDXBXSWF88JDBAGJXVVZJQD4.pcm /tmp/nosfy-cartes-release-dd/ModuleCache.noindex/Network-CSSPXGQ7OHLNVOPISUTNXOZV9.pcm /tmp/nosfy-cartes-release-dd/ModuleCache.noindex/dnssd-9M1OV76B1QZQSN4L0YZYVB5P3.pcm /tmp/nosfy-cartes-release-dd/ModuleCache.noindex/_Builtin_inttypes-F3MV87HZBEAT67QI3PKDJ2DFS.pcm /tmp/nosfy-cartes-release-dd/ModuleCache.noindex/sys_types-BWFGSL02B95P643YCA633N21F.pcm /tmp/nosfy-cartes-release-dd/ModuleCache.noindex/_LocationEssentials-61N9SQP5GGZXVX2XQCY7HWQT8.pcm /tmp/nosfy-cartes-release-dd/ModuleCache.noindex/_DarwinFoundation2-9U4WR7YJPNR7IZJLR3YFC6LKR.pcm /tmp/nosfy-cartes-release-dd/ModuleCache.noindex/simd-ECLI8IC0Q02DJSIFPLUMSLGYO.pcm /tmp/nosfy-cartes-release-dd/ModuleCache.noindex/UIUtilities-EU4IXFKKCQIJ46OS8PG4T216.pcm /tmp/nosfy-cartes-release-dd/ModuleCache.noindex/UIKit-4JD5RRWNL6H3BUDDBG2UTKNPV.pcm /tmp/nosfy-cartes-release-dd/ModuleCache.noindex/CoreSpotlight-87FU550SCOC1QFHWXCD4LPDQ2.pcm /tmp/nosfy-cartes-release-dd/ModuleCache.noindex/_Builtin_float-1HQQM33POB2IQLB1DQOSZ4TJ8.pcm /tmp/nosfy-cartes-release-dd/ModuleCache.noindex/IOSurface-5TWT800RVNVNYXYIDBI2G0TT8.pcm /tmp/nosfy-cartes-release-dd/ModuleCache.noindex/_Builtin_stdatomic-2MHX6WSHJIG7HW7PRHT2F1QJ6.pcm /tmp/nosfy-cartes-release-dd/ModuleCache.noindex/MachO-B3RFQQ3JY85UOJRC91WQ4L2LZ.pcm /tmp/nosfy-cartes-release-dd/ModuleCache.noindex/Darwin-8Z2AAPESIMTWR4Z6EZ6V1VJUT.pcm /tmp/nosfy-cartes-release-dd/ModuleCache.noindex/ActivityKit-DO0NYV2XISFSRTLKMKVU1ECKQ.pcm /tmp/nosfy-cartes-release-dd/ModuleCache.noindex/os-A9W0DQE8LQV9HW5LTLF2CWDGE.pcm /tmp/nosfy-cartes-release-dd/ModuleCache.noindex/CoreGraphics-2Z49TOKWE0WZ4HLR0GCOPQ4NI.pcm /tmp/nosfy-cartes-release-dd/ModuleCache.noindex/ImageIO-9LZM18F8EKCSY3GF97S2YEMU1.pcm /tmp/nosfy-cartes-release-dd/ModuleCache.noindex/RelevanceKit-CG8Z1ZPV5JAIW3IL2M40SP8YL.pcm /tmp/nosfy-cartes-release-dd/ModuleCache.noindex/UniformTypeIdentifiers-AIV75TCLSW6AFQUJYW4503B8R.pcm /tmp/nosfy-cartes-release-dd/ModuleCache.noindex/XPC-4P7ROVW3M71FGP4DVHLYTDGN2.pcm /tmp/nosfy-cartes-release-dd/ModuleCache.noindex/SwiftUICore-99CBVE6X7W1PHPHHSEUTGH5D0.pcm /tmp/nosfy-cartes-release-dd/ModuleCache.noindex/Intents-CGHX94AHYI1VN73TUPQ6L9LYK.pcm /tmp/nosfy-cartes-release-dd/ModuleCache.noindex/_Builtin_stdint-DQEHZZO16QBNS1R0JXLT2ZVR1.pcm /tmp/nosfy-cartes-release-dd/ModuleCache.noindex/Foundation-3KI97D4WJFVJHUW8FCSWIX11O.pcm /tmp/nosfy-cartes-release-dd/ModuleCache.noindex/AppIntents-5YS7JNLK64HTFMSP7W3ND34BJ.pcm /tmp/nosfy-cartes-release-dd/ModuleCache.noindex/_Builtin_limits-35JEWQI9HWD6377QNB5MCD351.pcm /tmp/nosfy-cartes-release-dd/ModuleCache.noindex/CFNetwork-CHNGQ70MJBRGOF5RZPTKYQD0T.pcm /tmp/nosfy-cartes-release-dd/ModuleCache.noindex/Symbols-4RA25SE7XKFHJQ64MVVKWPU2K.pcm /tmp/nosfy-cartes-release-dd/ModuleCache.noindex/SwiftShims-3N252K2IUNP9JCSF3TE9MLSGI.pcm /tmp/nosfy-cartes-release-dd/ModuleCache.noindex/_AvailabilityInternal-QZXWM8DQME9JZLLVG6EGWI9V.pcm /tmp/nosfy-cartes-release-dd/ModuleCache.noindex/CoreFoundation-EPZHW3IH9DHUN94BIV7UJLM8J.pcm /tmp/nosfy-cartes-release-dd/ModuleCache.noindex/WidgetKit-9CIR59RKD5D5979R2RKA1H5BO.pcm /tmp/nosfy-cartes-release-dd/ModuleCache.noindex/Dispatch-E09ZB4J0QSJ0ICUKZ2EZLJYLY.pcm /tmp/nosfy-cartes-release-dd/ModuleCache.noindex/CoreText-9QOQ4KRHHL2DGD83B7QO9PNQE.pcm /tmp/nosfy-cartes-release-dd/ModuleCache.noindex/_Builtin_tgmath-2O4IS84MSLRHGN1PX8NSB01OB.pcm /tmp/nosfy-cartes-release-dd/ModuleCache.noindex/CoreLocation-3UHHCC4H4ULMC0TYW7LPA46ZO.pcm /tmp/nosfy-cartes-release-dd/ModuleCache.noindex/_DarwinFoundation3-2QMQ2AXK9YVA4MTT4G65GZJEC.pcm /tmp/nosfy-cartes-release-dd/ModuleCache.noindex/QuartzCore-20P4EV87VUJSU7BABKJRRWOPF.pcm /tmp/nosfy-cartes-release-dd/ModuleCache.noindex/CoreVideo-5VX7UY72UT3EJ0R1QQKTXWFPV.pcm /tmp/nosfy-cartes-release-dd/ModuleCache.noindex/DeveloperToolsSupport-9NVIU8YLT0SYGZNSI4W5HT96N.pcm /tmp/nosfy-cartes-release-dd/ModuleCache.noindex/SwiftUI-3RFMN4I8710RE4Q2WATMWQDKE.pcm /tmp/nosfy-cartes-release-dd/ModuleCache.noindex/ObjectiveC-DJGCEZWECBH7TWM958AT4I9LC.pcm /tmp/nosfy-cartes-release-dd/ModuleCache.noindex/_DarwinFoundation1-8J942FPWGL5ABZGJYZ49516L9.pcm /tmp/nosfy-cartes-release-dd/ModuleCache.noindex/ptrcheck-E15J6WDHLZ25G8VZ57PZAS8VH.pcm /tmp/nosfy-cartes-release-dd/ModuleCache.noindex/CoreData-EK60Z6T5AZGCNPJ09Q4W0EW8K.pcm /tmp/nosfy-cartes-release-dd/ModuleCache.noindex/UserNotifications-7UOFPYLMR3F6GPNNWEWC56K99.pcm /tmp/nosfy-cartes-release-dd/ModuleCache.noindex/Security-2R2NOW0SKO8XEQE4ZYBJUM5IQ.pcm /tmp/nosfy-cartes-release-dd/ModuleCache.noindex/ExtensionFoundation-42BT7UR5ZGHR0V23PWXWTITT5.pcm /tmp/nosfy-cartes-release-dd/ModuleCache.noindex/DataDetection-BI6W8J64OSW261X5VOQVGI93S.pcm /tmp/nosfy-cartes-release-dd/ModuleCache.noindex/OpenGLES-67EZP0CF4MAEPFPR5C5CZP4FX.pcm /tmp/nosfy-cartes-release-dd/ModuleCache.noindex/os_object-A96NH5MYO1JV6T0UIHNPFLRK2.pcm /tmp/nosfy-cartes-release-dd/ModuleCache.noindex/FileProvider-1B3GPY2YCXRPWIB6OQNT9RMXM.pcm /tmp/nosfy-cartes-release-dd/ModuleCache.noindex/_SwiftConcurrencyShims-7FP5WI6KP9RZ2KAM4I47J7SU7.pcm /tmp/nosfy-cartes-release-dd/ModuleCache.noindex/_Builtin_stdbool-8B0DE1CADJLDYTMZ11N56ZBEM.pcm /tmp/nosfy-cartes-release-dd/ModuleCache.noindex/_Builtin_stdarg-39X91RM2790I0ZKESG2ZHA9OY.pcm /tmp/nosfy-cartes-release-dd/ModuleCache.noindex/_Builtin_stddef-5XIOLI0GAEUQ3AZGESGFPUGX7.pcm /tmp/nosfy-cartes-release-dd/ModuleCache.noindex/os_workgroup-DHZTNHB9ZK2F2II6LYF28V4H4.pcm /tmp/nosfy-cartes-release-dd/ModuleCache.noindex/OSLog-AW575LOKK2CPGG4PMSCBD0BLC.pcm /tmp/nosfy-cartes-release-dd/ModuleCache.noindex/_Builtin_intrinsics-14L11AAO4YO2UH6RXD1ZAL9ZF.pcm /tmp/nosfy-cartes-release-dd/ModuleCache.noindex/ptrauth-83IA646MP0GPZKESFKY9K9PML.pcm /tmp/nosfy-cartes-release-dd/ModuleCache.noindex/Metal-7M4XGM65GPUODSACWUVMF9BF1.pcm /tmp/nosfy-cartes-release-dd/ModuleCache.noindex/CoreTransferable-7S51ZFFCQEAZ5D6NB44SFWIM4.pcm /tmp/nosfy-cartes-release-dd/ModuleCache.noindex/CoreImage-D7D33XLNR877J8SRESEJ394V0.pcm /tmp/nosfy-cartes-release-dd/Build/Intermediates.noindex/Nosfy.build/Release-iphonesimulator/NosfyWidgets.build/Objects-normal/arm64/NosfyWidgets-dependencies-1.json (in target 'NosfyWidgets' from project 'Nosfy')

CompileSwift normal arm64 (in target 'NosfyWidgets' from project 'Nosfy')
    cd /Users/kathryn/Desktop/Nosfy
    

SwiftDriverJobDiscovery normal arm64 Compiling NosfyWidgetsBundle.swift, WorkoutLiveActivity.swift, ImpGlyph.swift, MoonGlyph.swift, ProgressComet.swift, WorkoutActivity.swift, WorkoutLiveCard.swift, WorkoutLiveFocus.swift, GeneratedAssetSymbols.swift (in target 'NosfyWidgets' from project 'Nosfy')

SwiftDriver\ Compilation\ Requirements NosfyWidgets normal arm64 com.apple.xcode.tools.swift.compiler (in target 'NosfyWidgets' from project 'Nosfy')
    cd /Users/kathryn/Desktop/Nosfy
    builtin-Swift-Compilation-Requirements -- /Applications/Xcode.app/Contents/Developer/Toolchains/XcodeDefault.xctoolchain/usr/bin/swiftc -module-name NosfyWidgets -O -whole-module-optimization @/tmp/nosfy-cartes-release-dd/Build/Intermediates.noindex/Nosfy.build/Release-iphonesimulator/NosfyWidgets.build/Objects-normal/arm64/NosfyWidgets.SwiftFileList -enable-bare-slash-regex -enable-experimental-feature DebugDescriptionMacro -sdk /Applications/Xcode.app/Contents/Developer/Platforms/iPhoneSimulator.platform/Developer/SDKs/iPhoneSimulator26.5.sdk -target arm64-apple-ios26.0-simulator -g -module-cache-path /tmp/nosfy-cartes-release-dd/ModuleCache.noindex -Xfrontend -serialize-debugging-options -application-extension -swift-version 5 -I /tmp/nosfy-cartes-release-dd/Build/Products/Release-iphonesimulator -F /tmp/nosfy-cartes-release-dd/Build/Products/Release-iphonesimulator -emit-localized-strings -emit-localized-strings-path /tmp/nosfy-cartes-release-dd/Build/Intermediates.noindex/Nosfy.build/Release-iphonesimulator/NosfyWidgets.build/Objects-normal/arm64 -c -num-threads 10 -Xcc -ivfsstatcache -Xcc /tmp/nosfy-cartes-release-dd/SDKStatCaches.noindex/iphonesimulator26.5-23F73-688ef53f1462e2c8f657fdc38a81448f6cfe768891a92b912361537c460fe42b.sdkstatcache -output-file-map /tmp/nosfy-cartes-release-dd/Build/Intermediates.noindex/Nosfy.build/Release-iphonesimulator/NosfyWidgets.build/Objects-normal/arm64/NosfyWidgets-OutputFileMap.json -use-frontend-parseable-output -save-temps -no-color-diagnostics -explicit-module-build -module-cache-path /tmp/nosfy-cartes-release-dd/Build/Intermediates.noindex/SwiftExplicitPrecompiledModules -clang-scanner-module-cache-path /tmp/nosfy-cartes-release-dd/ModuleCache.noindex -sdk-module-cache-path /tmp/nosfy-cartes-release-dd/ModuleCache.noindex -serialize-diagnostics -emit-dependencies -emit-module -emit-module-path /tmp/nosfy-cartes-release-dd/Build/Intermediates.noindex/Nosfy.build/Release-iphonesimulator/NosfyWidgets.build/Objects-normal/arm64/NosfyWidgets.swiftmodule -validate-clang-modules-once -clang-build-session-file /tmp/nosfy-cartes-release-dd/ModuleCache.noindex/Session.modulevalidation -Xcc -I/tmp/nosfy-cartes-release-dd/Build/Intermediates.noindex/Nosfy.build/Release-iphonesimulator/NosfyWidgets.build/swift-overrides.hmap -emit-const-values -Xfrontend -const-gather-protocols-file -Xfrontend /tmp/nosfy-cartes-release-dd/Build/Intermediates.noindex/Nosfy.build/Release-iphonesimulator/NosfyWidgets.build/Objects-normal/arm64/NosfyWidgets_const_extract_protocols.json -Xcc -iquote -Xcc /tmp/nosfy-cartes-release-dd/Build/Intermediates.noindex/Nosfy.build/Release-iphonesimulator/NosfyWidgets.build/NosfyWidgets-generated-files.hmap -Xcc -I/tmp/nosfy-cartes-release-dd/Build/Intermediates.noindex/Nosfy.build/Release-iphonesimulator/NosfyWidgets.build/NosfyWidgets-own-target-headers.hmap -Xcc -I/tmp/nosfy-cartes-release-dd/Build/Intermediates.noindex/Nosfy.build/Release-iphonesimulator/NosfyWidgets.build/NosfyWidgets-all-target-headers.hmap -Xcc -iquote -Xcc /tmp/nosfy-cartes-release-dd/Build/Intermediates.noindex/Nosfy.build/Release-iphonesimulator/NosfyWidgets.build/NosfyWidgets-project-headers.hmap -Xcc -I/tmp/nosfy-cartes-release-dd/Build/Products/Release-iphonesimulator/include -Xcc -I/tmp/nosfy-cartes-release-dd/Build/Intermediates.noindex/Nosfy.build/Release-iphonesimulator/NosfyWidgets.build/DerivedSources-normal/arm64 -Xcc -I/tmp/nosfy-cartes-release-dd/Build/Intermediates.noindex/Nosfy.build/Release-iphonesimulator/NosfyWidgets.build/DerivedSources/arm64 -Xcc -I/tmp/nosfy-cartes-release-dd/Build/Intermediates.noindex/Nosfy.build/Release-iphonesimulator/NosfyWidgets.build/DerivedSources -emit-objc-header -emit-objc-header-path /tmp/nosfy-cartes-release-dd/Build/Intermediates.noindex/Nosfy.build/Release-iphonesimulator/NosfyWidgets.build/Objects-normal/arm64/NosfyWidgets-Swift.h -working-directory /Users/kathryn/Desktop/Nosfy -no-emit-module-separately-wmo

SwiftMergeGeneratedHeaders /tmp/nosfy-cartes-release-dd/Build/Intermediates.noindex/Nosfy.build/Release-iphonesimulator/NosfyWidgets.build/DerivedSources/NosfyWidgets-Swift.h /tmp/nosfy-cartes-release-dd/Build/Intermediates.noindex/Nosfy.build/Release-iphonesimulator/NosfyWidgets.build/Objects-normal/arm64/NosfyWidgets-Swift.h (in target 'NosfyWidgets' from project 'Nosfy')
    cd /Users/kathryn/Desktop/Nosfy
    builtin-swiftHeaderTool -arch arm64 /tmp/nosfy-cartes-release-dd/Build/Intermediates.noindex/Nosfy.build/Release-iphonesimulator/NosfyWidgets.build/Objects-normal/arm64/NosfyWidgets-Swift.h -o /tmp/nosfy-cartes-release-dd/Build/Intermediates.noindex/Nosfy.build/Release-iphonesimulator/NosfyWidgets.build/DerivedSources/NosfyWidgets-Swift.h

Copy /tmp/nosfy-cartes-release-dd/Build/Products/Release-iphonesimulator/NosfyWidgets.swiftmodule/arm64-apple-ios-simulator.abi.json /tmp/nosfy-cartes-release-dd/Build/Intermediates.noindex/Nosfy.build/Release-iphonesimulator/NosfyWidgets.build/Objects-normal/arm64/NosfyWidgets.abi.json (in target 'NosfyWidgets' from project 'Nosfy')
    cd /Users/kathryn/Desktop/Nosfy
    builtin-copy -exclude .DS_Store -exclude CVS -exclude .svn -exclude .git -exclude .hg -resolve-src-symlinks -rename /tmp/nosfy-cartes-release-dd/Build/Intermediates.noindex/Nosfy.build/Release-iphonesimulator/NosfyWidgets.build/Objects-normal/arm64/NosfyWidgets.abi.json /tmp/nosfy-cartes-release-dd/Build/Products/Release-iphonesimulator/NosfyWidgets.swiftmodule/arm64-apple-ios-simulator.abi.json

Copy /tmp/nosfy-cartes-release-dd/Build/Products/Release-iphonesimulator/NosfyWidgets.swiftmodule/arm64-apple-ios-simulator.swiftdoc /tmp/nosfy-cartes-release-dd/Build/Intermediates.noindex/Nosfy.build/Release-iphonesimulator/NosfyWidgets.build/Objects-normal/arm64/NosfyWidgets.swiftdoc (in target 'NosfyWidgets' from project 'Nosfy')
    cd /Users/kathryn/Desktop/Nosfy
    builtin-copy -exclude .DS_Store -exclude CVS -exclude .svn -exclude .git -exclude .hg -resolve-src-symlinks -rename /tmp/nosfy-cartes-release-dd/Build/Intermediates.noindex/Nosfy.build/Release-iphonesimulator/NosfyWidgets.build/Objects-normal/arm64/NosfyWidgets.swiftdoc /tmp/nosfy-cartes-release-dd/Build/Products/Release-iphonesimulator/NosfyWidgets.swiftmodule/arm64-apple-ios-simulator.swiftdoc

Copy /tmp/nosfy-cartes-release-dd/Build/Products/Release-iphonesimulator/NosfyWidgets.swiftmodule/Project/arm64-apple-ios-simulator.swiftsourceinfo /tmp/nosfy-cartes-release-dd/Build/Intermediates.noindex/Nosfy.build/Release-iphonesimulator/NosfyWidgets.build/Objects-normal/arm64/NosfyWidgets.swiftsourceinfo (in target 'NosfyWidgets' from project 'Nosfy')
    cd /Users/kathryn/Desktop/Nosfy
    builtin-copy -exclude .DS_Store -exclude CVS -exclude .svn -exclude .git -exclude .hg -resolve-src-symlinks -rename /tmp/nosfy-cartes-release-dd/Build/Intermediates.noindex/Nosfy.build/Release-iphonesimulator/NosfyWidgets.build/Objects-normal/arm64/NosfyWidgets.swiftsourceinfo /tmp/nosfy-cartes-release-dd/Build/Products/Release-iphonesimulator/NosfyWidgets.swiftmodule/Project/arm64-apple-ios-simulator.swiftsourceinfo

Copy /tmp/nosfy-cartes-release-dd/Build/Products/Release-iphonesimulator/NosfyWidgets.swiftmodule/arm64-apple-ios-simulator.swiftmodule /tmp/nosfy-cartes-release-dd/Build/Intermediates.noindex/Nosfy.build/Release-iphonesimulator/NosfyWidgets.build/Objects-normal/arm64/NosfyWidgets.swiftmodule (in target 'NosfyWidgets' from project 'Nosfy')
    cd /Users/kathryn/Desktop/Nosfy
    builtin-copy -exclude .DS_Store -exclude CVS -exclude .svn -exclude .git -exclude .hg -resolve-src-symlinks -rename /tmp/nosfy-cartes-release-dd/Build/Intermediates.noindex/Nosfy.build/Release-iphonesimulator/NosfyWidgets.build/Objects-normal/arm64/NosfyWidgets.swiftmodule /tmp/nosfy-cartes-release-dd/Build/Products/Release-iphonesimulator/NosfyWidgets.swiftmodule/arm64-apple-ios-simulator.swiftmodule

Ld /tmp/nosfy-cartes-release-dd/Build/Products/Release-iphonesimulator/NosfyWidgets.appex/NosfyWidgets normal (in target 'NosfyWidgets' from project 'Nosfy')
    cd /Users/kathryn/Desktop/Nosfy
    /Applications/Xcode.app/Contents/Developer/Toolchains/XcodeDefault.xctoolchain/usr/bin/clang -Xlinker -reproducible -target arm64-apple-ios26.0-simulator -isysroot /Applications/Xcode.app/Contents/Developer/Platforms/iPhoneSimulator.platform/Developer/SDKs/iPhoneSimulator26.5.sdk -Os -L/tmp/nosfy-cartes-release-dd/Build/Intermediates.noindex/EagerLinkingTBDs/Release-iphonesimulator -L/tmp/nosfy-cartes-release-dd/Build/Products/Release-iphonesimulator -F/tmp/nosfy-cartes-release-dd/Build/Intermediates.noindex/EagerLinkingTBDs/Release-iphonesimulator -F/tmp/nosfy-cartes-release-dd/Build/Products/Release-iphonesimulator -filelist /tmp/nosfy-cartes-release-dd/Build/Intermediates.noindex/Nosfy.build/Release-iphonesimulator/NosfyWidgets.build/Objects-normal/arm64/NosfyWidgets.LinkFileList -Xlinker -rpath -Xlinker @executable_path/Frameworks -Xlinker -rpath -Xlinker @executable_path/../../Frameworks -Xlinker -dead_strip -Xlinker -object_path_lto -Xlinker /tmp/nosfy-cartes-release-dd/Build/Intermediates.noindex/Nosfy.build/Release-iphonesimulator/NosfyWidgets.build/Objects-normal/arm64/NosfyWidgets_lto.o -Xlinker -objc_abi_version -Xlinker 2 -Xlinker -dependency_info -Xlinker /tmp/nosfy-cartes-release-dd/Build/Intermediates.noindex/Nosfy.build/Release-iphonesimulator/NosfyWidgets.build/Objects-normal/arm64/NosfyWidgets_dependency_info.dat -e _NSExtensionMain -fapplication-extension -fobjc-link-runtime -L/Applications/Xcode.app/Contents/Developer/Toolchains/XcodeDefault.xctoolchain/usr/lib/swift/iphonesimulator -L/usr/lib/swift -Xlinker -add_ast_path -Xlinker /tmp/nosfy-cartes-release-dd/Build/Intermediates.noindex/Nosfy.build/Release-iphonesimulator/NosfyWidgets.build/Objects-normal/arm64/NosfyWidgets.swiftmodule @/tmp/nosfy-cartes-release-dd/Build/Intermediates.noindex/Nosfy.build/Release-iphonesimulator/NosfyWidgets.build/Objects-normal/arm64/NosfyWidgets-linker-args.resp -o /tmp/nosfy-cartes-release-dd/Build/Products/Release-iphonesimulator/NosfyWidgets.appex/NosfyWidgets

MkDir /tmp/nosfy-cartes-release-dd/Build/Intermediates.noindex/Nosfy.build/Release-iphonesimulator/Nosfy.build/assetcatalog_output/unthinned (in target 'Nosfy' from project 'Nosfy')
    cd /Users/kathryn/Desktop/Nosfy
    /bin/mkdir -p /tmp/nosfy-cartes-release-dd/Build/Intermediates.noindex/Nosfy.build/Release-iphonesimulator/Nosfy.build/assetcatalog_output/unthinned

MkDir /tmp/nosfy-cartes-release-dd/Build/Intermediates.noindex/Nosfy.build/Release-iphonesimulator/Nosfy.build/assetcatalog_output/thinned (in target 'Nosfy' from project 'Nosfy')
    cd /Users/kathryn/Desktop/Nosfy
    /bin/mkdir -p /tmp/nosfy-cartes-release-dd/Build/Intermediates.noindex/Nosfy.build/Release-iphonesimulator/Nosfy.build/assetcatalog_output/thinned

CompileMetalFile /Users/kathryn/Desktop/Nosfy/Nosfy/VerreCoulant.metal (in target 'Nosfy' from project 'Nosfy')
    cd /Users/kathryn/Desktop/Nosfy
    /var/run/com.apple.security.cryptexd/mnt/com.apple.MobileAsset.MetalToolchain-v17.6.42.0.BA5Ggr/Metal.xctoolchain/usr/bin/metal -c -target air64-apple-ios26.0-simulator -I/tmp/nosfy-cartes-release-dd/Build/Products/Release-iphonesimulator/include -F/tmp/nosfy-cartes-release-dd/Build/Products/Release-iphonesimulator -isysroot /Applications/Xcode.app/Contents/Developer/Platforms/iPhoneSimulator.platform/Developer/SDKs/iPhoneSimulator26.5.sdk -fmetal-math-mode\=fast -fmetal-math-fp32-functions\=fast -serialize-diagnostics /tmp/nosfy-cartes-release-dd/Build/Intermediates.noindex/Nosfy.build/Release-iphonesimulator/Nosfy.build/Metal/VerreCoulant-a9f8871bc6a50ecc261287c465b3cd2f.dia -o /tmp/nosfy-cartes-release-dd/Build/Intermediates.noindex/Nosfy.build/Release-iphonesimulator/Nosfy.build/Metal/VerreCoulant-a9f8871bc6a50ecc261287c465b3cd2f.air -MMD -MT dependencies -MF /tmp/nosfy-cartes-release-dd/Build/Intermediates.noindex/Nosfy.build/Release-iphonesimulator/Nosfy.build/Metal/VerreCoulant-a9f8871bc6a50ecc261287c465b3cd2f.dat /Users/kathryn/Desktop/Nosfy/Nosfy/VerreCoulant.metal
/Users/kathryn/Desktop/Nosfy/Nosfy/VerreCoulant.metal:138:11: warning: unused variable 'swell' [-Wunused-variable]
    float swell = 1.0 + 0.050 * sin(t * 6.2832 / 8.7)
          ^
1 warning generated.

CompileMetalFile /Users/kathryn/Desktop/Nosfy/Nosfy/WahouAura.metal (in target 'Nosfy' from project 'Nosfy')
    cd /Users/kathryn/Desktop/Nosfy
    /var/run/com.apple.security.cryptexd/mnt/com.apple.MobileAsset.MetalToolchain-v17.6.42.0.BA5Ggr/Metal.xctoolchain/usr/bin/metal -c -target air64-apple-ios26.0-simulator -I/tmp/nosfy-cartes-release-dd/Build/Products/Release-iphonesimulator/include -F/tmp/nosfy-cartes-release-dd/Build/Products/Release-iphonesimulator -isysroot /Applications/Xcode.app/Contents/Developer/Platforms/iPhoneSimulator.platform/Developer/SDKs/iPhoneSimulator26.5.sdk -fmetal-math-mode\=fast -fmetal-math-fp32-functions\=fast -serialize-diagnostics /tmp/nosfy-cartes-release-dd/Build/Intermediates.noindex/Nosfy.build/Release-iphonesimulator/Nosfy.build/Metal/WahouAura.dia -o /tmp/nosfy-cartes-release-dd/Build/Intermediates.noindex/Nosfy.build/Release-iphonesimulator/Nosfy.build/Metal/WahouAura.air -MMD -MT dependencies -MF /tmp/nosfy-cartes-release-dd/Build/Intermediates.noindex/Nosfy.build/Release-iphonesimulator/Nosfy.build/Metal/WahouAura.dat /Users/kathryn/Desktop/Nosfy/Nosfy/WahouAura.metal

CompileMetalFile /Users/kathryn/Desktop/Nosfy/Nosfy/TreasureBadge.metal (in target 'Nosfy' from project 'Nosfy')
    cd /Users/kathryn/Desktop/Nosfy
    /var/run/com.apple.security.cryptexd/mnt/com.apple.MobileAsset.MetalToolchain-v17.6.42.0.BA5Ggr/Metal.xctoolchain/usr/bin/metal -c -target air64-apple-ios26.0-simulator -I/tmp/nosfy-cartes-release-dd/Build/Products/Release-iphonesimulator/include -F/tmp/nosfy-cartes-release-dd/Build/Products/Release-iphonesimulator -isysroot /Applications/Xcode.app/Contents/Developer/Platforms/iPhoneSimulator.platform/Developer/SDKs/iPhoneSimulator26.5.sdk -fmetal-math-mode\=fast -fmetal-math-fp32-functions\=fast -serialize-diagnostics /tmp/nosfy-cartes-release-dd/Build/Intermediates.noindex/Nosfy.build/Release-iphonesimulator/Nosfy.build/Metal/TreasureBadge.dia -o /tmp/nosfy-cartes-release-dd/Build/Intermediates.noindex/Nosfy.build/Release-iphonesimulator/Nosfy.build/Metal/TreasureBadge.air -MMD -MT dependencies -MF /tmp/nosfy-cartes-release-dd/Build/Intermediates.noindex/Nosfy.build/Release-iphonesimulator/Nosfy.build/Metal/TreasureBadge.dat /Users/kathryn/Desktop/Nosfy/Nosfy/TreasureBadge.metal

CompileMetalFile /Users/kathryn/Desktop/Nosfy/Nosfy/VerreGalet.metal (in target 'Nosfy' from project 'Nosfy')
    cd /Users/kathryn/Desktop/Nosfy
    /var/run/com.apple.security.cryptexd/mnt/com.apple.MobileAsset.MetalToolchain-v17.6.42.0.BA5Ggr/Metal.xctoolchain/usr/bin/metal -c -target air64-apple-ios26.0-simulator -I/tmp/nosfy-cartes-release-dd/Build/Products/Release-iphonesimulator/include -F/tmp/nosfy-cartes-release-dd/Build/Products/Release-iphonesimulator -isysroot /Applications/Xcode.app/Contents/Developer/Platforms/iPhoneSimulator.platform/Developer/SDKs/iPhoneSimulator26.5.sdk -fmetal-math-mode\=fast -fmetal-math-fp32-functions\=fast -serialize-diagnostics /tmp/nosfy-cartes-release-dd/Build/Intermediates.noindex/Nosfy.build/Release-iphonesimulator/Nosfy.build/Metal/VerreGalet.dia -o /tmp/nosfy-cartes-release-dd/Build/Intermediates.noindex/Nosfy.build/Release-iphonesimulator/Nosfy.build/Metal/VerreGalet.air -MMD -MT dependencies -MF /tmp/nosfy-cartes-release-dd/Build/Intermediates.noindex/Nosfy.build/Release-iphonesimulator/Nosfy.build/Metal/VerreGalet.dat /Users/kathryn/Desktop/Nosfy/Nosfy/VerreGalet.metal

GenerateAssetSymbols /Users/kathryn/Desktop/Nosfy/NosfyShared/LiveAssets.xcassets /Users/kathryn/Desktop/Nosfy/Nosfy/AppIcon.icon /Users/kathryn/Desktop/Nosfy/Nosfy/Assets.xcassets (in target 'Nosfy' from project 'Nosfy')
    cd /Users/kathryn/Desktop/Nosfy
    /Applications/Xcode.app/Contents/Developer/usr/bin/actool /Users/kathryn/Desktop/Nosfy/NosfyShared/LiveAssets.xcassets /Users/kathryn/Desktop/Nosfy/Nosfy/AppIcon.icon /Users/kathryn/Desktop/Nosfy/Nosfy/Assets.xcassets --compile /tmp/nosfy-cartes-release-dd/Build/Products/Release-iphonesimulator/Nosfy.app --output-format human-readable-text --notices --warnings --export-dependency-info /tmp/nosfy-cartes-release-dd/Build/Intermediates.noindex/Nosfy.build/Release-iphonesimulator/Nosfy.build/assetcatalog_dependencies --output-partial-info-plist /tmp/nosfy-cartes-release-dd/Build/Intermediates.noindex/Nosfy.build/Release-iphonesimulator/Nosfy.build/assetcatalog_generated_info.plist --app-icon AppIcon --accent-color AccentColor --compress-pngs --enable-on-demand-resources YES --development-region fr --target-device iphone --minimum-deployment-target 26.0 --platform iphonesimulator --bundle-identifier fr.kathryn.woop --generate-swift-asset-symbol-extensions NO --generate-swift-asset-symbols /tmp/nosfy-cartes-release-dd/Build/Intermediates.noindex/Nosfy.build/Release-iphonesimulator/Nosfy.build/DerivedSources/GeneratedAssetSymbols.swift --generate-objc-asset-symbols /tmp/nosfy-cartes-release-dd/Build/Intermediates.noindex/Nosfy.build/Release-iphonesimulator/Nosfy.build/DerivedSources/GeneratedAssetSymbols.h --generate-asset-symbol-index /tmp/nosfy-cartes-release-dd/Build/Intermediates.noindex/Nosfy.build/Release-iphonesimulator/Nosfy.build/DerivedSources/GeneratedAssetSymbols-Index.plist
/* com.apple.actool.compilation-results */
/tmp/nosfy-cartes-release-dd/Build/Intermediates.noindex/Nosfy.build/Release-iphonesimulator/Nosfy.build/DerivedSources/GeneratedAssetSymbols-Index.plist
/tmp/nosfy-cartes-release-dd/Build/Intermediates.noindex/Nosfy.build/Release-iphonesimulator/Nosfy.build/DerivedSources/GeneratedAssetSymbols.h
/tmp/nosfy-cartes-release-dd/Build/Intermediates.noindex/Nosfy.build/Release-iphonesimulator/Nosfy.build/DerivedSources/GeneratedAssetSymbols.swift


CompileMetalFile /Users/kathryn/Desktop/Nosfy/Nosfy/PorteCaresse.metal (in target 'Nosfy' from project 'Nosfy')
    cd /Users/kathryn/Desktop/Nosfy
    /var/run/com.apple.security.cryptexd/mnt/com.apple.MobileAsset.MetalToolchain-v17.6.42.0.BA5Ggr/Metal.xctoolchain/usr/bin/metal -c -target air64-apple-ios26.0-simulator -I/tmp/nosfy-cartes-release-dd/Build/Products/Release-iphonesimulator/include -F/tmp/nosfy-cartes-release-dd/Build/Products/Release-iphonesimulator -isysroot /Applications/Xcode.app/Contents/Developer/Platforms/iPhoneSimulator.platform/Developer/SDKs/iPhoneSimulator26.5.sdk -fmetal-math-mode\=fast -fmetal-math-fp32-functions\=fast -serialize-diagnostics /tmp/nosfy-cartes-release-dd/Build/Intermediates.noindex/Nosfy.build/Release-iphonesimulator/Nosfy.build/Metal/PorteCaresse.dia -o /tmp/nosfy-cartes-release-dd/Build/Intermediates.noindex/Nosfy.build/Release-iphonesimulator/Nosfy.build/Metal/PorteCaresse.air -MMD -MT dependencies -MF /tmp/nosfy-cartes-release-dd/Build/Intermediates.noindex/Nosfy.build/Release-iphonesimulator/Nosfy.build/Metal/PorteCaresse.dat /Users/kathryn/Desktop/Nosfy/Nosfy/PorteCaresse.metal

CompileMetalFile /Users/kathryn/Desktop/Nosfy/Nosfy/PieceVerre.metal (in target 'Nosfy' from project 'Nosfy')
    cd /Users/kathryn/Desktop/Nosfy
    /var/run/com.apple.security.cryptexd/mnt/com.apple.MobileAsset.MetalToolchain-v17.6.42.0.BA5Ggr/Metal.xctoolchain/usr/bin/metal -c -target air64-apple-ios26.0-simulator -I/tmp/nosfy-cartes-release-dd/Build/Products/Release-iphonesimulator/include -F/tmp/nosfy-cartes-release-dd/Build/Products/Release-iphonesimulator -isysroot /Applications/Xcode.app/Contents/Developer/Platforms/iPhoneSimulator.platform/Developer/SDKs/iPhoneSimulator26.5.sdk -fmetal-math-mode\=fast -fmetal-math-fp32-functions\=fast -serialize-diagnostics /tmp/nosfy-cartes-release-dd/Build/Intermediates.noindex/Nosfy.build/Release-iphonesimulator/Nosfy.build/Metal/PieceVerre.dia -o /tmp/nosfy-cartes-release-dd/Build/Intermediates.noindex/Nosfy.build/Release-iphonesimulator/Nosfy.build/Metal/PieceVerre.air -MMD -MT dependencies -MF /tmp/nosfy-cartes-release-dd/Build/Intermediates.noindex/Nosfy.build/Release-iphonesimulator/Nosfy.build/Metal/PieceVerre.dat /Users/kathryn/Desktop/Nosfy/Nosfy/PieceVerre.metal

CompileMetalFile /Users/kathryn/Desktop/Nosfy/Nosfy/PebbleDust.metal (in target 'Nosfy' from project 'Nosfy')
    cd /Users/kathryn/Desktop/Nosfy
    /var/run/com.apple.security.cryptexd/mnt/com.apple.MobileAsset.MetalToolchain-v17.6.42.0.BA5Ggr/Metal.xctoolchain/usr/bin/metal -c -target air64-apple-ios26.0-simulator -I/tmp/nosfy-cartes-release-dd/Build/Products/Release-iphonesimulator/include -F/tmp/nosfy-cartes-release-dd/Build/Products/Release-iphonesimulator -isysroot /Applications/Xcode.app/Contents/Developer/Platforms/iPhoneSimulator.platform/Developer/SDKs/iPhoneSimulator26.5.sdk -fmetal-math-mode\=fast -fmetal-math-fp32-functions\=fast -serialize-diagnostics /tmp/nosfy-cartes-release-dd/Build/Intermediates.noindex/Nosfy.build/Release-iphonesimulator/Nosfy.build/Metal/PebbleDust.dia -o /tmp/nosfy-cartes-release-dd/Build/Intermediates.noindex/Nosfy.build/Release-iphonesimulator/Nosfy.build/Metal/PebbleDust.air -MMD -MT dependencies -MF /tmp/nosfy-cartes-release-dd/Build/Intermediates.noindex/Nosfy.build/Release-iphonesimulator/Nosfy.build/Metal/PebbleDust.dat /Users/kathryn/Desktop/Nosfy/Nosfy/PebbleDust.metal

CompileMetalFile /Users/kathryn/Desktop/Nosfy/Nosfy/ObsidianCard.metal (in target 'Nosfy' from project 'Nosfy')
    cd /Users/kathryn/Desktop/Nosfy
    /var/run/com.apple.security.cryptexd/mnt/com.apple.MobileAsset.MetalToolchain-v17.6.42.0.BA5Ggr/Metal.xctoolchain/usr/bin/metal -c -target air64-apple-ios26.0-simulator -I/tmp/nosfy-cartes-release-dd/Build/Products/Release-iphonesimulator/include -F/tmp/nosfy-cartes-release-dd/Build/Products/Release-iphonesimulator -isysroot /Applications/Xcode.app/Contents/Developer/Platforms/iPhoneSimulator.platform/Developer/SDKs/iPhoneSimulator26.5.sdk -fmetal-math-mode\=fast -fmetal-math-fp32-functions\=fast -serialize-diagnostics /tmp/nosfy-cartes-release-dd/Build/Intermediates.noindex/Nosfy.build/Release-iphonesimulator/Nosfy.build/Metal/ObsidianCard-795b9147487e85f10275672f6e73cfe5.dia -o /tmp/nosfy-cartes-release-dd/Build/Intermediates.noindex/Nosfy.build/Release-iphonesimulator/Nosfy.build/Metal/ObsidianCard-795b9147487e85f10275672f6e73cfe5.air -MMD -MT dependencies -MF /tmp/nosfy-cartes-release-dd/Build/Intermediates.noindex/Nosfy.build/Release-iphonesimulator/Nosfy.build/Metal/ObsidianCard-795b9147487e85f10275672f6e73cfe5.dat /Users/kathryn/Desktop/Nosfy/Nosfy/ObsidianCard.metal
/Users/kathryn/Desktop/Nosfy/Nosfy/ObsidianCard.metal:72:14: warning: unused function 'olobe' [-Wunused-function]
static float olobe(float2 p, float2 c, float2 s) {
             ^
/Users/kathryn/Desktop/Nosfy/Nosfy/ObsidianCard.metal:89:17: warning: unused variable 'kWarm' [-Wunused-const-variable]
constant float3 kWarm = float3(1.000, 0.456, 0.154);   // la source chaude
                ^
/Users/kathryn/Desktop/Nosfy/Nosfy/ObsidianCard.metal:97:17: warning: unused variable 'kRim' [-Wunused-const-variable]
constant float3 kRim  = float3(1.000, 0.600, 0.320);
                ^
3 warnings generated.

CompileMetalFile /Users/kathryn/Desktop/Nosfy/Nosfy/ObjectiveJewel.metal (in target 'Nosfy' from project 'Nosfy')
    cd /Users/kathryn/Desktop/Nosfy
    /var/run/com.apple.security.cryptexd/mnt/com.apple.MobileAsset.MetalToolchain-v17.6.42.0.BA5Ggr/Metal.xctoolchain/usr/bin/metal -c -target air64-apple-ios26.0-simulator -I/tmp/nosfy-cartes-release-dd/Build/Products/Release-iphonesimulator/include -F/tmp/nosfy-cartes-release-dd/Build/Products/Release-iphonesimulator -isysroot /Applications/Xcode.app/Contents/Developer/Platforms/iPhoneSimulator.platform/Developer/SDKs/iPhoneSimulator26.5.sdk -fmetal-math-mode\=fast -fmetal-math-fp32-functions\=fast -serialize-diagnostics /tmp/nosfy-cartes-release-dd/Build/Intermediates.noindex/Nosfy.build/Release-iphonesimulator/Nosfy.build/Metal/ObjectiveJewel.dia -o /tmp/nosfy-cartes-release-dd/Build/Intermediates.noindex/Nosfy.build/Release-iphonesimulator/Nosfy.build/Metal/ObjectiveJewel.air -MMD -MT dependencies -MF /tmp/nosfy-cartes-release-dd/Build/Intermediates.noindex/Nosfy.build/Release-iphonesimulator/Nosfy.build/Metal/ObjectiveJewel.dat /Users/kathryn/Desktop/Nosfy/Nosfy/ObjectiveJewel.metal

LinkAssetCatalog /Users/kathryn/Desktop/Nosfy/NosfyShared/LiveAssets.xcassets (in target 'NosfyWidgets' from project 'Nosfy')
    cd /Users/kathryn/Desktop/Nosfy
    builtin-linkAssetCatalog --thinned /tmp/nosfy-cartes-release-dd/Build/Intermediates.noindex/Nosfy.build/Release-iphonesimulator/NosfyWidgets.build/assetcatalog_output/thinned --thinned-dependencies /tmp/nosfy-cartes-release-dd/Build/Intermediates.noindex/Nosfy.build/Release-iphonesimulator/NosfyWidgets.build/assetcatalog_dependencies_thinned --thinned-info-plist-content /tmp/nosfy-cartes-release-dd/Build/Intermediates.noindex/Nosfy.build/Release-iphonesimulator/NosfyWidgets.build/assetcatalog_generated_info.plist_thinned --unthinned /tmp/nosfy-cartes-release-dd/Build/Intermediates.noindex/Nosfy.build/Release-iphonesimulator/NosfyWidgets.build/assetcatalog_output/unthinned --unthinned-dependencies /tmp/nosfy-cartes-release-dd/Build/Intermediates.noindex/Nosfy.build/Release-iphonesimulator/NosfyWidgets.build/assetcatalog_dependencies_unthinned --unthinned-info-plist-content /tmp/nosfy-cartes-release-dd/Build/Intermediates.noindex/Nosfy.build/Release-iphonesimulator/NosfyWidgets.build/assetcatalog_generated_info.plist_unthinned --output /tmp/nosfy-cartes-release-dd/Build/Products/Release-iphonesimulator/NosfyWidgets.appex --plist-output /tmp/nosfy-cartes-release-dd/Build/Intermediates.noindex/Nosfy.build/Release-iphonesimulator/NosfyWidgets.build/assetcatalog_generated_info.plist
note: Emplaced /tmp/nosfy-cartes-release-dd/Build/Products/Release-iphonesimulator/NosfyWidgets.appex/Assets.car (in target 'NosfyWidgets' from project 'Nosfy')

CompileMetalFile /Users/kathryn/Desktop/Nosfy/Nosfy/NeonPrimary.metal (in target 'Nosfy' from project 'Nosfy')
    cd /Users/kathryn/Desktop/Nosfy
    /var/run/com.apple.security.cryptexd/mnt/com.apple.MobileAsset.MetalToolchain-v17.6.42.0.BA5Ggr/Metal.xctoolchain/usr/bin/metal -c -target air64-apple-ios26.0-simulator -I/tmp/nosfy-cartes-release-dd/Build/Products/Release-iphonesimulator/include -F/tmp/nosfy-cartes-release-dd/Build/Products/Release-iphonesimulator -isysroot /Applications/Xcode.app/Contents/Developer/Platforms/iPhoneSimulator.platform/Developer/SDKs/iPhoneSimulator26.5.sdk -fmetal-math-mode\=fast -fmetal-math-fp32-functions\=fast -serialize-diagnostics /tmp/nosfy-cartes-release-dd/Build/Intermediates.noindex/Nosfy.build/Release-iphonesimulator/Nosfy.build/Metal/NeonPrimary.dia -o /tmp/nosfy-cartes-release-dd/Build/Intermediates.noindex/Nosfy.build/Release-iphonesimulator/Nosfy.build/Metal/NeonPrimary.air -MMD -MT dependencies -MF /tmp/nosfy-cartes-release-dd/Build/Intermediates.noindex/Nosfy.build/Release-iphonesimulator/Nosfy.build/Metal/NeonPrimary.dat /Users/kathryn/Desktop/Nosfy/Nosfy/NeonPrimary.metal

ProcessInfoPlistFile /tmp/nosfy-cartes-release-dd/Build/Products/Release-iphonesimulator/NosfyWidgets.appex/Info.plist /Users/kathryn/Desktop/Nosfy/NosfyWidgets/Info.plist (in target 'NosfyWidgets' from project 'Nosfy')
    cd /Users/kathryn/Desktop/Nosfy
    builtin-infoPlistUtility /Users/kathryn/Desktop/Nosfy/NosfyWidgets/Info.plist -producttype com.apple.product-type.app-extension -expandbuildsettings -format binary -platform iphonesimulator -additionalcontentfile /tmp/nosfy-cartes-release-dd/Build/Intermediates.noindex/Nosfy.build/Release-iphonesimulator/NosfyWidgets.build/assetcatalog_generated_info.plist -o /tmp/nosfy-cartes-release-dd/Build/Products/Release-iphonesimulator/NosfyWidgets.appex/Info.plist

CompileMetalFile /Users/kathryn/Desktop/Nosfy/Nosfy/NebulaShaders.metal (in target 'Nosfy' from project 'Nosfy')
    cd /Users/kathryn/Desktop/Nosfy
    /var/run/com.apple.security.cryptexd/mnt/com.apple.MobileAsset.MetalToolchain-v17.6.42.0.BA5Ggr/Metal.xctoolchain/usr/bin/metal -c -target air64-apple-ios26.0-simulator -I/tmp/nosfy-cartes-release-dd/Build/Products/Release-iphonesimulator/include -F/tmp/nosfy-cartes-release-dd/Build/Products/Release-iphonesimulator -isysroot /Applications/Xcode.app/Contents/Developer/Platforms/iPhoneSimulator.platform/Developer/SDKs/iPhoneSimulator26.5.sdk -fmetal-math-mode\=fast -fmetal-math-fp32-functions\=fast -serialize-diagnostics /tmp/nosfy-cartes-release-dd/Build/Intermediates.noindex/Nosfy.build/Release-iphonesimulator/Nosfy.build/Metal/NebulaShaders.dia -o /tmp/nosfy-cartes-release-dd/Build/Intermediates.noindex/Nosfy.build/Release-iphonesimulator/Nosfy.build/Metal/NebulaShaders.air -MMD -MT dependencies -MF /tmp/nosfy-cartes-release-dd/Build/Intermediates.noindex/Nosfy.build/Release-iphonesimulator/Nosfy.build/Metal/NebulaShaders.dat /Users/kathryn/Desktop/Nosfy/Nosfy/NebulaShaders.metal

CompileMetalFile /Users/kathryn/Desktop/Nosfy/Nosfy/NavMonolith.metal (in target 'Nosfy' from project 'Nosfy')
    cd /Users/kathryn/Desktop/Nosfy
    /var/run/com.apple.security.cryptexd/mnt/com.apple.MobileAsset.MetalToolchain-v17.6.42.0.BA5Ggr/Metal.xctoolchain/usr/bin/metal -c -target air64-apple-ios26.0-simulator -I/tmp/nosfy-cartes-release-dd/Build/Products/Release-iphonesimulator/include -F/tmp/nosfy-cartes-release-dd/Build/Products/Release-iphonesimulator -isysroot /Applications/Xcode.app/Contents/Developer/Platforms/iPhoneSimulator.platform/Developer/SDKs/iPhoneSimulator26.5.sdk -fmetal-math-mode\=fast -fmetal-math-fp32-functions\=fast -serialize-diagnostics /tmp/nosfy-cartes-release-dd/Build/Intermediates.noindex/Nosfy.build/Release-iphonesimulator/Nosfy.build/Metal/NavMonolith.dia -o /tmp/nosfy-cartes-release-dd/Build/Intermediates.noindex/Nosfy.build/Release-iphonesimulator/Nosfy.build/Metal/NavMonolith.air -MMD -MT dependencies -MF /tmp/nosfy-cartes-release-dd/Build/Intermediates.noindex/Nosfy.build/Release-iphonesimulator/Nosfy.build/Metal/NavMonolith.dat /Users/kathryn/Desktop/Nosfy/Nosfy/NavMonolith.metal

CompileMetalFile /Users/kathryn/Desktop/Nosfy/Nosfy/MoonCoin.metal (in target 'Nosfy' from project 'Nosfy')
    cd /Users/kathryn/Desktop/Nosfy
    /var/run/com.apple.security.cryptexd/mnt/com.apple.MobileAsset.MetalToolchain-v17.6.42.0.BA5Ggr/Metal.xctoolchain/usr/bin/metal -c -target air64-apple-ios26.0-simulator -I/tmp/nosfy-cartes-release-dd/Build/Products/Release-iphonesimulator/include -F/tmp/nosfy-cartes-release-dd/Build/Products/Release-iphonesimulator -isysroot /Applications/Xcode.app/Contents/Developer/Platforms/iPhoneSimulator.platform/Developer/SDKs/iPhoneSimulator26.5.sdk -fmetal-math-mode\=fast -fmetal-math-fp32-functions\=fast -serialize-diagnostics /tmp/nosfy-cartes-release-dd/Build/Intermediates.noindex/Nosfy.build/Release-iphonesimulator/Nosfy.build/Metal/MoonCoin.dia -o /tmp/nosfy-cartes-release-dd/Build/Intermediates.noindex/Nosfy.build/Release-iphonesimulator/Nosfy.build/Metal/MoonCoin.air -MMD -MT dependencies -MF /tmp/nosfy-cartes-release-dd/Build/Intermediates.noindex/Nosfy.build/Release-iphonesimulator/Nosfy.build/Metal/MoonCoin.dat /Users/kathryn/Desktop/Nosfy/Nosfy/MoonCoin.metal

CompileMetalFile /Users/kathryn/Desktop/Nosfy/Nosfy/LogoMonolith.metal (in target 'Nosfy' from project 'Nosfy')
    cd /Users/kathryn/Desktop/Nosfy
    /var/run/com.apple.security.cryptexd/mnt/com.apple.MobileAsset.MetalToolchain-v17.6.42.0.BA5Ggr/Metal.xctoolchain/usr/bin/metal -c -target air64-apple-ios26.0-simulator -I/tmp/nosfy-cartes-release-dd/Build/Products/Release-iphonesimulator/include -F/tmp/nosfy-cartes-release-dd/Build/Products/Release-iphonesimulator -isysroot /Applications/Xcode.app/Contents/Developer/Platforms/iPhoneSimulator.platform/Developer/SDKs/iPhoneSimulator26.5.sdk -fmetal-math-mode\=fast -fmetal-math-fp32-functions\=fast -serialize-diagnostics /tmp/nosfy-cartes-release-dd/Build/Intermediates.noindex/Nosfy.build/Release-iphonesimulator/Nosfy.build/Metal/LogoMonolith.dia -o /tmp/nosfy-cartes-release-dd/Build/Intermediates.noindex/Nosfy.build/Release-iphonesimulator/Nosfy.build/Metal/LogoMonolith.air -MMD -MT dependencies -MF /tmp/nosfy-cartes-release-dd/Build/Intermediates.noindex/Nosfy.build/Release-iphonesimulator/Nosfy.build/Metal/LogoMonolith.dat /Users/kathryn/Desktop/Nosfy/Nosfy/LogoMonolith.metal

CompileMetalFile /Users/kathryn/Desktop/Nosfy/Nosfy/LoginAurora.metal (in target 'Nosfy' from project 'Nosfy')
    cd /Users/kathryn/Desktop/Nosfy
    /var/run/com.apple.security.cryptexd/mnt/com.apple.MobileAsset.MetalToolchain-v17.6.42.0.BA5Ggr/Metal.xctoolchain/usr/bin/metal -c -target air64-apple-ios26.0-simulator -I/tmp/nosfy-cartes-release-dd/Build/Products/Release-iphonesimulator/include -F/tmp/nosfy-cartes-release-dd/Build/Products/Release-iphonesimulator -isysroot /Applications/Xcode.app/Contents/Developer/Platforms/iPhoneSimulator.platform/Developer/SDKs/iPhoneSimulator26.5.sdk -fmetal-math-mode\=fast -fmetal-math-fp32-functions\=fast -serialize-diagnostics /tmp/nosfy-cartes-release-dd/Build/Intermediates.noindex/Nosfy.build/Release-iphonesimulator/Nosfy.build/Metal/LoginAurora.dia -o /tmp/nosfy-cartes-release-dd/Build/Intermediates.noindex/Nosfy.build/Release-iphonesimulator/Nosfy.build/Metal/LoginAurora.air -MMD -MT dependencies -MF /tmp/nosfy-cartes-release-dd/Build/Intermediates.noindex/Nosfy.build/Release-iphonesimulator/Nosfy.build/Metal/LoginAurora.dat /Users/kathryn/Desktop/Nosfy/Nosfy/LoginAurora.metal

CompileMetalFile /Users/kathryn/Desktop/Nosfy/Nosfy/LiquidLens.metal (in target 'Nosfy' from project 'Nosfy')
    cd /Users/kathryn/Desktop/Nosfy
    /var/run/com.apple.security.cryptexd/mnt/com.apple.MobileAsset.MetalToolchain-v17.6.42.0.BA5Ggr/Metal.xctoolchain/usr/bin/metal -c -target air64-apple-ios26.0-simulator -I/tmp/nosfy-cartes-release-dd/Build/Products/Release-iphonesimulator/include -F/tmp/nosfy-cartes-release-dd/Build/Products/Release-iphonesimulator -isysroot /Applications/Xcode.app/Contents/Developer/Platforms/iPhoneSimulator.platform/Developer/SDKs/iPhoneSimulator26.5.sdk -fmetal-math-mode\=fast -fmetal-math-fp32-functions\=fast -serialize-diagnostics /tmp/nosfy-cartes-release-dd/Build/Intermediates.noindex/Nosfy.build/Release-iphonesimulator/Nosfy.build/Metal/LiquidLens.dia -o /tmp/nosfy-cartes-release-dd/Build/Intermediates.noindex/Nosfy.build/Release-iphonesimulator/Nosfy.build/Metal/LiquidLens.air -MMD -MT dependencies -MF /tmp/nosfy-cartes-release-dd/Build/Intermediates.noindex/Nosfy.build/Release-iphonesimulator/Nosfy.build/Metal/LiquidLens.dat /Users/kathryn/Desktop/Nosfy/Nosfy/LiquidLens.metal

CompileMetalFile /Users/kathryn/Desktop/Nosfy/Nosfy/JaugeLacque.metal (in target 'Nosfy' from project 'Nosfy')
    cd /Users/kathryn/Desktop/Nosfy
    /var/run/com.apple.security.cryptexd/mnt/com.apple.MobileAsset.MetalToolchain-v17.6.42.0.BA5Ggr/Metal.xctoolchain/usr/bin/metal -c -target air64-apple-ios26.0-simulator -I/tmp/nosfy-cartes-release-dd/Build/Products/Release-iphonesimulator/include -F/tmp/nosfy-cartes-release-dd/Build/Products/Release-iphonesimulator -isysroot /Applications/Xcode.app/Contents/Developer/Platforms/iPhoneSimulator.platform/Developer/SDKs/iPhoneSimulator26.5.sdk -fmetal-math-mode\=fast -fmetal-math-fp32-functions\=fast -serialize-diagnostics /tmp/nosfy-cartes-release-dd/Build/Intermediates.noindex/Nosfy.build/Release-iphonesimulator/Nosfy.build/Metal/JaugeLacque.dia -o /tmp/nosfy-cartes-release-dd/Build/Intermediates.noindex/Nosfy.build/Release-iphonesimulator/Nosfy.build/Metal/JaugeLacque.air -MMD -MT dependencies -MF /tmp/nosfy-cartes-release-dd/Build/Intermediates.noindex/Nosfy.build/Release-iphonesimulator/Nosfy.build/Metal/JaugeLacque.dat /Users/kathryn/Desktop/Nosfy/Nosfy/JaugeLacque.metal

GenerateDSYMFile /tmp/nosfy-cartes-release-dd/Build/Products/Release-iphonesimulator/NosfyWidgets.appex.dSYM /tmp/nosfy-cartes-release-dd/Build/Products/Release-iphonesimulator/NosfyWidgets.appex/NosfyWidgets (in target 'NosfyWidgets' from project 'Nosfy')
    cd /Users/kathryn/Desktop/Nosfy
    /Applications/Xcode.app/Contents/Developer/Toolchains/XcodeDefault.xctoolchain/usr/bin/dsymutil /tmp/nosfy-cartes-release-dd/Build/Products/Release-iphonesimulator/NosfyWidgets.appex/NosfyWidgets -o /tmp/nosfy-cartes-release-dd/Build/Products/Release-iphonesimulator/NosfyWidgets.appex.dSYM

CompileMetalFile /Users/kathryn/Desktop/Nosfy/Nosfy/HomeNuit.metal (in target 'Nosfy' from project 'Nosfy')
    cd /Users/kathryn/Desktop/Nosfy
    /var/run/com.apple.security.cryptexd/mnt/com.apple.MobileAsset.MetalToolchain-v17.6.42.0.BA5Ggr/Metal.xctoolchain/usr/bin/metal -c -target air64-apple-ios26.0-simulator -I/tmp/nosfy-cartes-release-dd/Build/Products/Release-iphonesimulator/include -F/tmp/nosfy-cartes-release-dd/Build/Products/Release-iphonesimulator -isysroot /Applications/Xcode.app/Contents/Developer/Platforms/iPhoneSimulator.platform/Developer/SDKs/iPhoneSimulator26.5.sdk -fmetal-math-mode\=fast -fmetal-math-fp32-functions\=fast -serialize-diagnostics /tmp/nosfy-cartes-release-dd/Build/Intermediates.noindex/Nosfy.build/Release-iphonesimulator/Nosfy.build/Metal/HomeNuit-44cadf144714b73557875b5ca1198f63.dia -o /tmp/nosfy-cartes-release-dd/Build/Intermediates.noindex/Nosfy.build/Release-iphonesimulator/Nosfy.build/Metal/HomeNuit-44cadf144714b73557875b5ca1198f63.air -MMD -MT dependencies -MF /tmp/nosfy-cartes-release-dd/Build/Intermediates.noindex/Nosfy.build/Release-iphonesimulator/Nosfy.build/Metal/HomeNuit-44cadf144714b73557875b5ca1198f63.dat /Users/kathryn/Desktop/Nosfy/Nosfy/HomeNuit.metal
/Users/kathryn/Desktop/Nosfy/Nosfy/HomeNuit.metal:41:17: warning: unused variable 'NR_BRAISE' [-Wunused-const-variable]
constant float3 NR_BRAISE = float3(1.00, 0.62, 0.24);
                ^
1 warning generated.

CompileMetalFile /Users/kathryn/Desktop/Nosfy/Nosfy/HaloDawn.metal (in target 'Nosfy' from project 'Nosfy')
    cd /Users/kathryn/Desktop/Nosfy
    /var/run/com.apple.security.cryptexd/mnt/com.apple.MobileAsset.MetalToolchain-v17.6.42.0.BA5Ggr/Metal.xctoolchain/usr/bin/metal -c -target air64-apple-ios26.0-simulator -I/tmp/nosfy-cartes-release-dd/Build/Products/Release-iphonesimulator/include -F/tmp/nosfy-cartes-release-dd/Build/Products/Release-iphonesimulator -isysroot /Applications/Xcode.app/Contents/Developer/Platforms/iPhoneSimulator.platform/Developer/SDKs/iPhoneSimulator26.5.sdk -fmetal-math-mode\=fast -fmetal-math-fp32-functions\=fast -serialize-diagnostics /tmp/nosfy-cartes-release-dd/Build/Intermediates.noindex/Nosfy.build/Release-iphonesimulator/Nosfy.build/Metal/HaloDawn.dia -o /tmp/nosfy-cartes-release-dd/Build/Intermediates.noindex/Nosfy.build/Release-iphonesimulator/Nosfy.build/Metal/HaloDawn.air -MMD -MT dependencies -MF /tmp/nosfy-cartes-release-dd/Build/Intermediates.noindex/Nosfy.build/Release-iphonesimulator/Nosfy.build/Metal/HaloDawn.dat /Users/kathryn/Desktop/Nosfy/Nosfy/HaloDawn.metal

CompileMetalFile /Users/kathryn/Desktop/Nosfy/Nosfy/GaletStage.metal (in target 'Nosfy' from project 'Nosfy')
    cd /Users/kathryn/Desktop/Nosfy
    /var/run/com.apple.security.cryptexd/mnt/com.apple.MobileAsset.MetalToolchain-v17.6.42.0.BA5Ggr/Metal.xctoolchain/usr/bin/metal -c -target air64-apple-ios26.0-simulator -I/tmp/nosfy-cartes-release-dd/Build/Products/Release-iphonesimulator/include -F/tmp/nosfy-cartes-release-dd/Build/Products/Release-iphonesimulator -isysroot /Applications/Xcode.app/Contents/Developer/Platforms/iPhoneSimulator.platform/Developer/SDKs/iPhoneSimulator26.5.sdk -fmetal-math-mode\=fast -fmetal-math-fp32-functions\=fast -serialize-diagnostics /tmp/nosfy-cartes-release-dd/Build/Intermediates.noindex/Nosfy.build/Release-iphonesimulator/Nosfy.build/Metal/GaletStage.dia -o /tmp/nosfy-cartes-release-dd/Build/Intermediates.noindex/Nosfy.build/Release-iphonesimulator/Nosfy.build/Metal/GaletStage.air -MMD -MT dependencies -MF /tmp/nosfy-cartes-release-dd/Build/Intermediates.noindex/Nosfy.build/Release-iphonesimulator/Nosfy.build/Metal/GaletStage.dat /Users/kathryn/Desktop/Nosfy/Nosfy/GaletStage.metal

CompileMetalFile /Users/kathryn/Desktop/Nosfy/Nosfy/GaletMedaillon.metal (in target 'Nosfy' from project 'Nosfy')
    cd /Users/kathryn/Desktop/Nosfy
    /var/run/com.apple.security.cryptexd/mnt/com.apple.MobileAsset.MetalToolchain-v17.6.42.0.BA5Ggr/Metal.xctoolchain/usr/bin/metal -c -target air64-apple-ios26.0-simulator -I/tmp/nosfy-cartes-release-dd/Build/Products/Release-iphonesimulator/include -F/tmp/nosfy-cartes-release-dd/Build/Products/Release-iphonesimulator -isysroot /Applications/Xcode.app/Contents/Developer/Platforms/iPhoneSimulator.platform/Developer/SDKs/iPhoneSimulator26.5.sdk -fmetal-math-mode\=fast -fmetal-math-fp32-functions\=fast -serialize-diagnostics /tmp/nosfy-cartes-release-dd/Build/Intermediates.noindex/Nosfy.build/Release-iphonesimulator/Nosfy.build/Metal/GaletMedaillon.dia -o /tmp/nosfy-cartes-release-dd/Build/Intermediates.noindex/Nosfy.build/Release-iphonesimulator/Nosfy.build/Metal/GaletMedaillon.air -MMD -MT dependencies -MF /tmp/nosfy-cartes-release-dd/Build/Intermediates.noindex/Nosfy.build/Release-iphonesimulator/Nosfy.build/Metal/GaletMedaillon.dat /Users/kathryn/Desktop/Nosfy/Nosfy/GaletMedaillon.metal

CompileMetalFile /Users/kathryn/Desktop/Nosfy/Nosfy/GaletLisere.metal (in target 'Nosfy' from project 'Nosfy')
    cd /Users/kathryn/Desktop/Nosfy
    /var/run/com.apple.security.cryptexd/mnt/com.apple.MobileAsset.MetalToolchain-v17.6.42.0.BA5Ggr/Metal.xctoolchain/usr/bin/metal -c -target air64-apple-ios26.0-simulator -I/tmp/nosfy-cartes-release-dd/Build/Products/Release-iphonesimulator/include -F/tmp/nosfy-cartes-release-dd/Build/Products/Release-iphonesimulator -isysroot /Applications/Xcode.app/Contents/Developer/Platforms/iPhoneSimulator.platform/Developer/SDKs/iPhoneSimulator26.5.sdk -fmetal-math-mode\=fast -fmetal-math-fp32-functions\=fast -serialize-diagnostics /tmp/nosfy-cartes-release-dd/Build/Intermediates.noindex/Nosfy.build/Release-iphonesimulator/Nosfy.build/Metal/GaletLisere.dia -o /tmp/nosfy-cartes-release-dd/Build/Intermediates.noindex/Nosfy.build/Release-iphonesimulator/Nosfy.build/Metal/GaletLisere.air -MMD -MT dependencies -MF /tmp/nosfy-cartes-release-dd/Build/Intermediates.noindex/Nosfy.build/Release-iphonesimulator/Nosfy.build/Metal/GaletLisere.dat /Users/kathryn/Desktop/Nosfy/Nosfy/GaletLisere.metal

CompileMetalFile /Users/kathryn/Desktop/Nosfy/Nosfy/FumeeX2.metal (in target 'Nosfy' from project 'Nosfy')
    cd /Users/kathryn/Desktop/Nosfy
    /var/run/com.apple.security.cryptexd/mnt/com.apple.MobileAsset.MetalToolchain-v17.6.42.0.BA5Ggr/Metal.xctoolchain/usr/bin/metal -c -target air64-apple-ios26.0-simulator -I/tmp/nosfy-cartes-release-dd/Build/Products/Release-iphonesimulator/include -F/tmp/nosfy-cartes-release-dd/Build/Products/Release-iphonesimulator -isysroot /Applications/Xcode.app/Contents/Developer/Platforms/iPhoneSimulator.platform/Developer/SDKs/iPhoneSimulator26.5.sdk -fmetal-math-mode\=fast -fmetal-math-fp32-functions\=fast -serialize-diagnostics /tmp/nosfy-cartes-release-dd/Build/Intermediates.noindex/Nosfy.build/Release-iphonesimulator/Nosfy.build/Metal/FumeeX2.dia -o /tmp/nosfy-cartes-release-dd/Build/Intermediates.noindex/Nosfy.build/Release-iphonesimulator/Nosfy.build/Metal/FumeeX2.air -MMD -MT dependencies -MF /tmp/nosfy-cartes-release-dd/Build/Intermediates.noindex/Nosfy.build/Release-iphonesimulator/Nosfy.build/Metal/FumeeX2.dat /Users/kathryn/Desktop/Nosfy/Nosfy/FumeeX2.metal

CompileMetalFile /Users/kathryn/Desktop/Nosfy/Nosfy/FondVideoMetal.metal (in target 'Nosfy' from project 'Nosfy')
    cd /Users/kathryn/Desktop/Nosfy
    /var/run/com.apple.security.cryptexd/mnt/com.apple.MobileAsset.MetalToolchain-v17.6.42.0.BA5Ggr/Metal.xctoolchain/usr/bin/metal -c -target air64-apple-ios26.0-simulator -I/tmp/nosfy-cartes-release-dd/Build/Products/Release-iphonesimulator/include -F/tmp/nosfy-cartes-release-dd/Build/Products/Release-iphonesimulator -isysroot /Applications/Xcode.app/Contents/Developer/Platforms/iPhoneSimulator.platform/Developer/SDKs/iPhoneSimulator26.5.sdk -fmetal-math-mode\=fast -fmetal-math-fp32-functions\=fast -serialize-diagnostics /tmp/nosfy-cartes-release-dd/Build/Intermediates.noindex/Nosfy.build/Release-iphonesimulator/Nosfy.build/Metal/FondVideoMetal-5542d674eb797a0477087f1e1a95c3c6.dia -o /tmp/nosfy-cartes-release-dd/Build/Intermediates.noindex/Nosfy.build/Release-iphonesimulator/Nosfy.build/Metal/FondVideoMetal-5542d674eb797a0477087f1e1a95c3c6.air -MMD -MT dependencies -MF /tmp/nosfy-cartes-release-dd/Build/Intermediates.noindex/Nosfy.build/Release-iphonesimulator/Nosfy.build/Metal/FondVideoMetal-5542d674eb797a0477087f1e1a95c3c6.dat /Users/kathryn/Desktop/Nosfy/Nosfy/FondVideoMetal.metal

CompileMetalFile /Users/kathryn/Desktop/Nosfy/Nosfy/FlameJewel.metal (in target 'Nosfy' from project 'Nosfy')
    cd /Users/kathryn/Desktop/Nosfy
    /var/run/com.apple.security.cryptexd/mnt/com.apple.MobileAsset.MetalToolchain-v17.6.42.0.BA5Ggr/Metal.xctoolchain/usr/bin/metal -c -target air64-apple-ios26.0-simulator -I/tmp/nosfy-cartes-release-dd/Build/Products/Release-iphonesimulator/include -F/tmp/nosfy-cartes-release-dd/Build/Products/Release-iphonesimulator -isysroot /Applications/Xcode.app/Contents/Developer/Platforms/iPhoneSimulator.platform/Developer/SDKs/iPhoneSimulator26.5.sdk -fmetal-math-mode\=fast -fmetal-math-fp32-functions\=fast -serialize-diagnostics /tmp/nosfy-cartes-release-dd/Build/Intermediates.noindex/Nosfy.build/Release-iphonesimulator/Nosfy.build/Metal/FlameJewel.dia -o /tmp/nosfy-cartes-release-dd/Build/Intermediates.noindex/Nosfy.build/Release-iphonesimulator/Nosfy.build/Metal/FlameJewel.air -MMD -MT dependencies -MF /tmp/nosfy-cartes-release-dd/Build/Intermediates.noindex/Nosfy.build/Release-iphonesimulator/Nosfy.build/Metal/FlameJewel.dat /Users/kathryn/Desktop/Nosfy/Nosfy/FlameJewel.metal

CompileMetalFile /Users/kathryn/Desktop/Nosfy/Nosfy/Figures/InkGrain.metal (in target 'Nosfy' from project 'Nosfy')
    cd /Users/kathryn/Desktop/Nosfy
    /var/run/com.apple.security.cryptexd/mnt/com.apple.MobileAsset.MetalToolchain-v17.6.42.0.BA5Ggr/Metal.xctoolchain/usr/bin/metal -c -target air64-apple-ios26.0-simulator -I/tmp/nosfy-cartes-release-dd/Build/Products/Release-iphonesimulator/include -F/tmp/nosfy-cartes-release-dd/Build/Products/Release-iphonesimulator -isysroot /Applications/Xcode.app/Contents/Developer/Platforms/iPhoneSimulator.platform/Developer/SDKs/iPhoneSimulator26.5.sdk -fmetal-math-mode\=fast -fmetal-math-fp32-functions\=fast -serialize-diagnostics /tmp/nosfy-cartes-release-dd/Build/Intermediates.noindex/Nosfy.build/Release-iphonesimulator/Nosfy.build/Metal/InkGrain.dia -o /tmp/nosfy-cartes-release-dd/Build/Intermediates.noindex/Nosfy.build/Release-iphonesimulator/Nosfy.build/Metal/InkGrain.air -MMD -MT dependencies -MF /tmp/nosfy-cartes-release-dd/Build/Intermediates.noindex/Nosfy.build/Release-iphonesimulator/Nosfy.build/Metal/InkGrain.dat /Users/kathryn/Desktop/Nosfy/Nosfy/Figures/InkGrain.metal

CompileMetalFile /Users/kathryn/Desktop/Nosfy/Nosfy/Figures/GlassFX.metal (in target 'Nosfy' from project 'Nosfy')
    cd /Users/kathryn/Desktop/Nosfy
    /var/run/com.apple.security.cryptexd/mnt/com.apple.MobileAsset.MetalToolchain-v17.6.42.0.BA5Ggr/Metal.xctoolchain/usr/bin/metal -c -target air64-apple-ios26.0-simulator -I/tmp/nosfy-cartes-release-dd/Build/Products/Release-iphonesimulator/include -F/tmp/nosfy-cartes-release-dd/Build/Products/Release-iphonesimulator -isysroot /Applications/Xcode.app/Contents/Developer/Platforms/iPhoneSimulator.platform/Developer/SDKs/iPhoneSimulator26.5.sdk -fmetal-math-mode\=fast -fmetal-math-fp32-functions\=fast -serialize-diagnostics /tmp/nosfy-cartes-release-dd/Build/Intermediates.noindex/Nosfy.build/Release-iphonesimulator/Nosfy.build/Metal/GlassFX.dia -o /tmp/nosfy-cartes-release-dd/Build/Intermediates.noindex/Nosfy.build/Release-iphonesimulator/Nosfy.build/Metal/GlassFX.air -MMD -MT dependencies -MF /tmp/nosfy-cartes-release-dd/Build/Intermediates.noindex/Nosfy.build/Release-iphonesimulator/Nosfy.build/Metal/GlassFX.dat /Users/kathryn/Desktop/Nosfy/Nosfy/Figures/GlassFX.metal

CompileMetalFile /Users/kathryn/Desktop/Nosfy/Nosfy/ExosHalo.metal (in target 'Nosfy' from project 'Nosfy')
    cd /Users/kathryn/Desktop/Nosfy
    /var/run/com.apple.security.cryptexd/mnt/com.apple.MobileAsset.MetalToolchain-v17.6.42.0.BA5Ggr/Metal.xctoolchain/usr/bin/metal -c -target air64-apple-ios26.0-simulator -I/tmp/nosfy-cartes-release-dd/Build/Products/Release-iphonesimulator/include -F/tmp/nosfy-cartes-release-dd/Build/Products/Release-iphonesimulator -isysroot /Applications/Xcode.app/Contents/Developer/Platforms/iPhoneSimulator.platform/Developer/SDKs/iPhoneSimulator26.5.sdk -fmetal-math-mode\=fast -fmetal-math-fp32-functions\=fast -serialize-diagnostics /tmp/nosfy-cartes-release-dd/Build/Intermediates.noindex/Nosfy.build/Release-iphonesimulator/Nosfy.build/Metal/ExosHalo.dia -o /tmp/nosfy-cartes-release-dd/Build/Intermediates.noindex/Nosfy.build/Release-iphonesimulator/Nosfy.build/Metal/ExosHalo.air -MMD -MT dependencies -MF /tmp/nosfy-cartes-release-dd/Build/Intermediates.noindex/Nosfy.build/Release-iphonesimulator/Nosfy.build/Metal/ExosHalo.dat /Users/kathryn/Desktop/Nosfy/Nosfy/ExosHalo.metal

CompileMetalFile /Users/kathryn/Desktop/Nosfy/Nosfy/ExoHeaderGlow.metal (in target 'Nosfy' from project 'Nosfy')
    cd /Users/kathryn/Desktop/Nosfy
    /var/run/com.apple.security.cryptexd/mnt/com.apple.MobileAsset.MetalToolchain-v17.6.42.0.BA5Ggr/Metal.xctoolchain/usr/bin/metal -c -target air64-apple-ios26.0-simulator -I/tmp/nosfy-cartes-release-dd/Build/Products/Release-iphonesimulator/include -F/tmp/nosfy-cartes-release-dd/Build/Products/Release-iphonesimulator -isysroot /Applications/Xcode.app/Contents/Developer/Platforms/iPhoneSimulator.platform/Developer/SDKs/iPhoneSimulator26.5.sdk -fmetal-math-mode\=fast -fmetal-math-fp32-functions\=fast -serialize-diagnostics /tmp/nosfy-cartes-release-dd/Build/Intermediates.noindex/Nosfy.build/Release-iphonesimulator/Nosfy.build/Metal/ExoHeaderGlow.dia -o /tmp/nosfy-cartes-release-dd/Build/Intermediates.noindex/Nosfy.build/Release-iphonesimulator/Nosfy.build/Metal/ExoHeaderGlow.air -MMD -MT dependencies -MF /tmp/nosfy-cartes-release-dd/Build/Intermediates.noindex/Nosfy.build/Release-iphonesimulator/Nosfy.build/Metal/ExoHeaderGlow.dat /Users/kathryn/Desktop/Nosfy/Nosfy/ExoHeaderGlow.metal
/Users/kathryn/Desktop/Nosfy/Nosfy/ExoHeaderGlow.metal:57:17: warning: unused variable 'EHG_CREME' [-Wunused-const-variable]
constant float3 EHG_CREME  = float3(1.000, 0.938, 0.790);  // le cœur
                ^
1 warning generated.

CompileMetalFile /Users/kathryn/Desktop/Nosfy/Nosfy/EmberFlame.metal (in target 'Nosfy' from project 'Nosfy')
    cd /Users/kathryn/Desktop/Nosfy
    /var/run/com.apple.security.cryptexd/mnt/com.apple.MobileAsset.MetalToolchain-v17.6.42.0.BA5Ggr/Metal.xctoolchain/usr/bin/metal -c -target air64-apple-ios26.0-simulator -I/tmp/nosfy-cartes-release-dd/Build/Products/Release-iphonesimulator/include -F/tmp/nosfy-cartes-release-dd/Build/Products/Release-iphonesimulator -isysroot /Applications/Xcode.app/Contents/Developer/Platforms/iPhoneSimulator.platform/Developer/SDKs/iPhoneSimulator26.5.sdk -fmetal-math-mode\=fast -fmetal-math-fp32-functions\=fast -serialize-diagnostics /tmp/nosfy-cartes-release-dd/Build/Intermediates.noindex/Nosfy.build/Release-iphonesimulator/Nosfy.build/Metal/EmberFlame.dia -o /tmp/nosfy-cartes-release-dd/Build/Intermediates.noindex/Nosfy.build/Release-iphonesimulator/Nosfy.build/Metal/EmberFlame.air -MMD -MT dependencies -MF /tmp/nosfy-cartes-release-dd/Build/Intermediates.noindex/Nosfy.build/Release-iphonesimulator/Nosfy.build/Metal/EmberFlame.dat /Users/kathryn/Desktop/Nosfy/Nosfy/EmberFlame.metal

CompileMetalFile /Users/kathryn/Desktop/Nosfy/Nosfy/EclipseHalo.metal (in target 'Nosfy' from project 'Nosfy')
    cd /Users/kathryn/Desktop/Nosfy
    /var/run/com.apple.security.cryptexd/mnt/com.apple.MobileAsset.MetalToolchain-v17.6.42.0.BA5Ggr/Metal.xctoolchain/usr/bin/metal -c -target air64-apple-ios26.0-simulator -I/tmp/nosfy-cartes-release-dd/Build/Products/Release-iphonesimulator/include -F/tmp/nosfy-cartes-release-dd/Build/Products/Release-iphonesimulator -isysroot /Applications/Xcode.app/Contents/Developer/Platforms/iPhoneSimulator.platform/Developer/SDKs/iPhoneSimulator26.5.sdk -fmetal-math-mode\=fast -fmetal-math-fp32-functions\=fast -serialize-diagnostics /tmp/nosfy-cartes-release-dd/Build/Intermediates.noindex/Nosfy.build/Release-iphonesimulator/Nosfy.build/Metal/EclipseHalo.dia -o /tmp/nosfy-cartes-release-dd/Build/Intermediates.noindex/Nosfy.build/Release-iphonesimulator/Nosfy.build/Metal/EclipseHalo.air -MMD -MT dependencies -MF /tmp/nosfy-cartes-release-dd/Build/Intermediates.noindex/Nosfy.build/Release-iphonesimulator/Nosfy.build/Metal/EclipseHalo.dat /Users/kathryn/Desktop/Nosfy/Nosfy/EclipseHalo.metal

CompileMetalFile /Users/kathryn/Desktop/Nosfy/Nosfy/DiamondButton.metal (in target 'Nosfy' from project 'Nosfy')
    cd /Users/kathryn/Desktop/Nosfy
    /var/run/com.apple.security.cryptexd/mnt/com.apple.MobileAsset.MetalToolchain-v17.6.42.0.BA5Ggr/Metal.xctoolchain/usr/bin/metal -c -target air64-apple-ios26.0-simulator -I/tmp/nosfy-cartes-release-dd/Build/Products/Release-iphonesimulator/include -F/tmp/nosfy-cartes-release-dd/Build/Products/Release-iphonesimulator -isysroot /Applications/Xcode.app/Contents/Developer/Platforms/iPhoneSimulator.platform/Developer/SDKs/iPhoneSimulator26.5.sdk -fmetal-math-mode\=fast -fmetal-math-fp32-functions\=fast -serialize-diagnostics /tmp/nosfy-cartes-release-dd/Build/Intermediates.noindex/Nosfy.build/Release-iphonesimulator/Nosfy.build/Metal/DiamondButton.dia -o /tmp/nosfy-cartes-release-dd/Build/Intermediates.noindex/Nosfy.build/Release-iphonesimulator/Nosfy.build/Metal/DiamondButton.air -MMD -MT dependencies -MF /tmp/nosfy-cartes-release-dd/Build/Intermediates.noindex/Nosfy.build/Release-iphonesimulator/Nosfy.build/Metal/DiamondButton.dat /Users/kathryn/Desktop/Nosfy/Nosfy/DiamondButton.metal

CompileMetalFile /Users/kathryn/Desktop/Nosfy/Nosfy/DemonSky.metal (in target 'Nosfy' from project 'Nosfy')
    cd /Users/kathryn/Desktop/Nosfy
    /var/run/com.apple.security.cryptexd/mnt/com.apple.MobileAsset.MetalToolchain-v17.6.42.0.BA5Ggr/Metal.xctoolchain/usr/bin/metal -c -target air64-apple-ios26.0-simulator -I/tmp/nosfy-cartes-release-dd/Build/Products/Release-iphonesimulator/include -F/tmp/nosfy-cartes-release-dd/Build/Products/Release-iphonesimulator -isysroot /Applications/Xcode.app/Contents/Developer/Platforms/iPhoneSimulator.platform/Developer/SDKs/iPhoneSimulator26.5.sdk -fmetal-math-mode\=fast -fmetal-math-fp32-functions\=fast -serialize-diagnostics /tmp/nosfy-cartes-release-dd/Build/Intermediates.noindex/Nosfy.build/Release-iphonesimulator/Nosfy.build/Metal/DemonSky-5c66a1b6668a81336671736df8db1daf.dia -o /tmp/nosfy-cartes-release-dd/Build/Intermediates.noindex/Nosfy.build/Release-iphonesimulator/Nosfy.build/Metal/DemonSky-5c66a1b6668a81336671736df8db1daf.air -MMD -MT dependencies -MF /tmp/nosfy-cartes-release-dd/Build/Intermediates.noindex/Nosfy.build/Release-iphonesimulator/Nosfy.build/Metal/DemonSky-5c66a1b6668a81336671736df8db1daf.dat /Users/kathryn/Desktop/Nosfy/Nosfy/DemonSky.metal
/Users/kathryn/Desktop/Nosfy/Nosfy/DemonSky.metal:34:19: warning: unused variable 'kStrip' [-Wunused-const-variable]
constexpr sampler kStrip(s_address::repeat, t_address::clamp_to_edge,
                  ^
1 warning generated.

CompileMetalFile /Users/kathryn/Desktop/Nosfy/Nosfy/CorpsLisere.metal (in target 'Nosfy' from project 'Nosfy')
    cd /Users/kathryn/Desktop/Nosfy
    /var/run/com.apple.security.cryptexd/mnt/com.apple.MobileAsset.MetalToolchain-v17.6.42.0.BA5Ggr/Metal.xctoolchain/usr/bin/metal -c -target air64-apple-ios26.0-simulator -I/tmp/nosfy-cartes-release-dd/Build/Products/Release-iphonesimulator/include -F/tmp/nosfy-cartes-release-dd/Build/Products/Release-iphonesimulator -isysroot /Applications/Xcode.app/Contents/Developer/Platforms/iPhoneSimulator.platform/Developer/SDKs/iPhoneSimulator26.5.sdk -fmetal-math-mode\=fast -fmetal-math-fp32-functions\=fast -serialize-diagnostics /tmp/nosfy-cartes-release-dd/Build/Intermediates.noindex/Nosfy.build/Release-iphonesimulator/Nosfy.build/Metal/CorpsLisere.dia -o /tmp/nosfy-cartes-release-dd/Build/Intermediates.noindex/Nosfy.build/Release-iphonesimulator/Nosfy.build/Metal/CorpsLisere.air -MMD -MT dependencies -MF /tmp/nosfy-cartes-release-dd/Build/Intermediates.noindex/Nosfy.build/Release-iphonesimulator/Nosfy.build/Metal/CorpsLisere.dat /Users/kathryn/Desktop/Nosfy/Nosfy/CorpsLisere.metal

CompileMetalFile /Users/kathryn/Desktop/Nosfy/Nosfy/CarteLune.metal (in target 'Nosfy' from project 'Nosfy')
    cd /Users/kathryn/Desktop/Nosfy
    /var/run/com.apple.security.cryptexd/mnt/com.apple.MobileAsset.MetalToolchain-v17.6.42.0.BA5Ggr/Metal.xctoolchain/usr/bin/metal -c -target air64-apple-ios26.0-simulator -I/tmp/nosfy-cartes-release-dd/Build/Products/Release-iphonesimulator/include -F/tmp/nosfy-cartes-release-dd/Build/Products/Release-iphonesimulator -isysroot /Applications/Xcode.app/Contents/Developer/Platforms/iPhoneSimulator.platform/Developer/SDKs/iPhoneSimulator26.5.sdk -fmetal-math-mode\=fast -fmetal-math-fp32-functions\=fast -serialize-diagnostics /tmp/nosfy-cartes-release-dd/Build/Intermediates.noindex/Nosfy.build/Release-iphonesimulator/Nosfy.build/Metal/CarteLune.dia -o /tmp/nosfy-cartes-release-dd/Build/Intermediates.noindex/Nosfy.build/Release-iphonesimulator/Nosfy.build/Metal/CarteLune.air -MMD -MT dependencies -MF /tmp/nosfy-cartes-release-dd/Build/Intermediates.noindex/Nosfy.build/Release-iphonesimulator/Nosfy.build/Metal/CarteLune.dat /Users/kathryn/Desktop/Nosfy/Nosfy/CarteLune.metal

CompileMetalFile /Users/kathryn/Desktop/Nosfy/Nosfy/CarnetCuir.metal (in target 'Nosfy' from project 'Nosfy')
    cd /Users/kathryn/Desktop/Nosfy
    /var/run/com.apple.security.cryptexd/mnt/com.apple.MobileAsset.MetalToolchain-v17.6.42.0.BA5Ggr/Metal.xctoolchain/usr/bin/metal -c -target air64-apple-ios26.0-simulator -I/tmp/nosfy-cartes-release-dd/Build/Products/Release-iphonesimulator/include -F/tmp/nosfy-cartes-release-dd/Build/Products/Release-iphonesimulator -isysroot /Applications/Xcode.app/Contents/Developer/Platforms/iPhoneSimulator.platform/Developer/SDKs/iPhoneSimulator26.5.sdk -fmetal-math-mode\=fast -fmetal-math-fp32-functions\=fast -serialize-diagnostics /tmp/nosfy-cartes-release-dd/Build/Intermediates.noindex/Nosfy.build/Release-iphonesimulator/Nosfy.build/Metal/CarnetCuir.dia -o /tmp/nosfy-cartes-release-dd/Build/Intermediates.noindex/Nosfy.build/Release-iphonesimulator/Nosfy.build/Metal/CarnetCuir.air -MMD -MT dependencies -MF /tmp/nosfy-cartes-release-dd/Build/Intermediates.noindex/Nosfy.build/Release-iphonesimulator/Nosfy.build/Metal/CarnetCuir.dat /Users/kathryn/Desktop/Nosfy/Nosfy/CarnetCuir.metal

CompileMetalFile /Users/kathryn/Desktop/Nosfy/Nosfy/BravoPill.metal (in target 'Nosfy' from project 'Nosfy')
    cd /Users/kathryn/Desktop/Nosfy
    /var/run/com.apple.security.cryptexd/mnt/com.apple.MobileAsset.MetalToolchain-v17.6.42.0.BA5Ggr/Metal.xctoolchain/usr/bin/metal -c -target air64-apple-ios26.0-simulator -I/tmp/nosfy-cartes-release-dd/Build/Products/Release-iphonesimulator/include -F/tmp/nosfy-cartes-release-dd/Build/Products/Release-iphonesimulator -isysroot /Applications/Xcode.app/Contents/Developer/Platforms/iPhoneSimulator.platform/Developer/SDKs/iPhoneSimulator26.5.sdk -fmetal-math-mode\=fast -fmetal-math-fp32-functions\=fast -serialize-diagnostics /tmp/nosfy-cartes-release-dd/Build/Intermediates.noindex/Nosfy.build/Release-iphonesimulator/Nosfy.build/Metal/BravoPill.dia -o /tmp/nosfy-cartes-release-dd/Build/Intermediates.noindex/Nosfy.build/Release-iphonesimulator/Nosfy.build/Metal/BravoPill.air -MMD -MT dependencies -MF /tmp/nosfy-cartes-release-dd/Build/Intermediates.noindex/Nosfy.build/Release-iphonesimulator/Nosfy.build/Metal/BravoPill.dat /Users/kathryn/Desktop/Nosfy/Nosfy/BravoPill.metal

CompileMetalFile /Users/kathryn/Desktop/Nosfy/Nosfy/AuthNebula.metal (in target 'Nosfy' from project 'Nosfy')
    cd /Users/kathryn/Desktop/Nosfy
    /var/run/com.apple.security.cryptexd/mnt/com.apple.MobileAsset.MetalToolchain-v17.6.42.0.BA5Ggr/Metal.xctoolchain/usr/bin/metal -c -target air64-apple-ios26.0-simulator -I/tmp/nosfy-cartes-release-dd/Build/Products/Release-iphonesimulator/include -F/tmp/nosfy-cartes-release-dd/Build/Products/Release-iphonesimulator -isysroot /Applications/Xcode.app/Contents/Developer/Platforms/iPhoneSimulator.platform/Developer/SDKs/iPhoneSimulator26.5.sdk -fmetal-math-mode\=fast -fmetal-math-fp32-functions\=fast -serialize-diagnostics /tmp/nosfy-cartes-release-dd/Build/Intermediates.noindex/Nosfy.build/Release-iphonesimulator/Nosfy.build/Metal/AuthNebula.dia -o /tmp/nosfy-cartes-release-dd/Build/Intermediates.noindex/Nosfy.build/Release-iphonesimulator/Nosfy.build/Metal/AuthNebula.air -MMD -MT dependencies -MF /tmp/nosfy-cartes-release-dd/Build/Intermediates.noindex/Nosfy.build/Release-iphonesimulator/Nosfy.build/Metal/AuthNebula.dat /Users/kathryn/Desktop/Nosfy/Nosfy/AuthNebula.metal

CompileMetalFile /Users/kathryn/Desktop/Nosfy/Nosfy/AuroraHome.metal (in target 'Nosfy' from project 'Nosfy')
    cd /Users/kathryn/Desktop/Nosfy
    /var/run/com.apple.security.cryptexd/mnt/com.apple.MobileAsset.MetalToolchain-v17.6.42.0.BA5Ggr/Metal.xctoolchain/usr/bin/metal -c -target air64-apple-ios26.0-simulator -I/tmp/nosfy-cartes-release-dd/Build/Products/Release-iphonesimulator/include -F/tmp/nosfy-cartes-release-dd/Build/Products/Release-iphonesimulator -isysroot /Applications/Xcode.app/Contents/Developer/Platforms/iPhoneSimulator.platform/Developer/SDKs/iPhoneSimulator26.5.sdk -fmetal-math-mode\=fast -fmetal-math-fp32-functions\=fast -serialize-diagnostics /tmp/nosfy-cartes-release-dd/Build/Intermediates.noindex/Nosfy.build/Release-iphonesimulator/Nosfy.build/Metal/AuroraHome.dia -o /tmp/nosfy-cartes-release-dd/Build/Intermediates.noindex/Nosfy.build/Release-iphonesimulator/Nosfy.build/Metal/AuroraHome.air -MMD -MT dependencies -MF /tmp/nosfy-cartes-release-dd/Build/Intermediates.noindex/Nosfy.build/Release-iphonesimulator/Nosfy.build/Metal/AuroraHome.dat /Users/kathryn/Desktop/Nosfy/Nosfy/AuroraHome.metal

CompileMetalFile /Users/kathryn/Desktop/Nosfy/Nosfy/AuroraBg.metal (in target 'Nosfy' from project 'Nosfy')
    cd /Users/kathryn/Desktop/Nosfy
    /var/run/com.apple.security.cryptexd/mnt/com.apple.MobileAsset.MetalToolchain-v17.6.42.0.BA5Ggr/Metal.xctoolchain/usr/bin/metal -c -target air64-apple-ios26.0-simulator -I/tmp/nosfy-cartes-release-dd/Build/Products/Release-iphonesimulator/include -F/tmp/nosfy-cartes-release-dd/Build/Products/Release-iphonesimulator -isysroot /Applications/Xcode.app/Contents/Developer/Platforms/iPhoneSimulator.platform/Developer/SDKs/iPhoneSimulator26.5.sdk -fmetal-math-mode\=fast -fmetal-math-fp32-functions\=fast -serialize-diagnostics /tmp/nosfy-cartes-release-dd/Build/Intermediates.noindex/Nosfy.build/Release-iphonesimulator/Nosfy.build/Metal/AuroraBg.dia -o /tmp/nosfy-cartes-release-dd/Build/Intermediates.noindex/Nosfy.build/Release-iphonesimulator/Nosfy.build/Metal/AuroraBg.air -MMD -MT dependencies -MF /tmp/nosfy-cartes-release-dd/Build/Intermediates.noindex/Nosfy.build/Release-iphonesimulator/Nosfy.build/Metal/AuroraBg.dat /Users/kathryn/Desktop/Nosfy/Nosfy/AuroraBg.metal

CompileAssetCatalogVariant thinned /tmp/nosfy-cartes-release-dd/Build/Products/Release-iphonesimulator/Nosfy.app /Users/kathryn/Desktop/Nosfy/NosfyShared/LiveAssets.xcassets /Users/kathryn/Desktop/Nosfy/Nosfy/AppIcon.icon /Users/kathryn/Desktop/Nosfy/Nosfy/Assets.xcassets (in target 'Nosfy' from project 'Nosfy')
    cd /Users/kathryn/Desktop/Nosfy
    /Applications/Xcode.app/Contents/Developer/usr/bin/actool /Users/kathryn/Desktop/Nosfy/NosfyShared/LiveAssets.xcassets /Users/kathryn/Desktop/Nosfy/Nosfy/AppIcon.icon /Users/kathryn/Desktop/Nosfy/Nosfy/Assets.xcassets --compile /tmp/nosfy-cartes-release-dd/Build/Intermediates.noindex/Nosfy.build/Release-iphonesimulator/Nosfy.build/assetcatalog_output/thinned --output-format human-readable-text --notices --warnings --export-dependency-info /tmp/nosfy-cartes-release-dd/Build/Intermediates.noindex/Nosfy.build/Release-iphonesimulator/Nosfy.build/assetcatalog_dependencies_thinned --output-partial-info-plist /tmp/nosfy-cartes-release-dd/Build/Intermediates.noindex/Nosfy.build/Release-iphonesimulator/Nosfy.build/assetcatalog_generated_info.plist_thinned --app-icon AppIcon --accent-color AccentColor --compress-pngs --enable-on-demand-resources YES --development-region fr --target-device iphone --minimum-deployment-target 26.0 --platform iphonesimulator
2026-09-18 11:25:19.779 AssetCatalogSimulatorAgent[81760:18926399] The filter 'CIPortraitEffectSpillCorrection' is not implemented in the bundle at /Library/Developer/CoreSimulator/Volumes/iOS_23F77/Library/Developer/CoreSimulator/Profiles/Runtimes/iOS 26.5.simruntime/Contents/Resources/RuntimeRoot/System/Library/CoreImage/PortraitFilters.cifilter.
/* com.apple.actool.compilation-results */
/tmp/nosfy-cartes-release-dd/Build/Intermediates.noindex/Nosfy.build/Release-iphonesimulator/Nosfy.build/assetcatalog_generated_info.plist_thinned
/tmp/nosfy-cartes-release-dd/Build/Intermediates.noindex/Nosfy.build/Release-iphonesimulator/Nosfy.build/assetcatalog_output/thinned/AppIcon60x60@2x.png
/tmp/nosfy-cartes-release-dd/Build/Intermediates.noindex/Nosfy.build/Release-iphonesimulator/Nosfy.build/assetcatalog_output/thinned/AppIcon76x76@2x~ipad.png
/tmp/nosfy-cartes-release-dd/Build/Intermediates.noindex/Nosfy.build/Release-iphonesimulator/Nosfy.build/assetcatalog_output/thinned/Assets.car


ExtractAppIntentsMetadata (in target 'NosfyWidgets' from project 'Nosfy')
    cd /Users/kathryn/Desktop/Nosfy
    /Applications/Xcode.app/Contents/Developer/Toolchains/XcodeDefault.xctoolchain/usr/bin/appintentsmetadataprocessor --toolchain-dir /var/run/com.apple.security.cryptexd/mnt/com.apple.MobileAsset.MetalToolchain-v17.6.42.0.BA5Ggr/Metal.xctoolchain --module-name NosfyWidgets --sdk-root /Applications/Xcode.app/Contents/Developer/Platforms/iPhoneSimulator.platform/Developer/SDKs/iPhoneSimulator26.5.sdk --xcode-version 17F42 --platform-family iOS --deployment-target 26.0 --bundle-identifier fr.kathryn.woop.WoopWidgets --output /tmp/nosfy-cartes-release-dd/Build/Products/Release-iphonesimulator/NosfyWidgets.appex --target-triple arm64-apple-ios26.0-simulator --binary-file /tmp/nosfy-cartes-release-dd/Build/Products/Release-iphonesimulator/NosfyWidgets.appex/NosfyWidgets --dependency-file /tmp/nosfy-cartes-release-dd/Build/Intermediates.noindex/Nosfy.build/Release-iphonesimulator/NosfyWidgets.build/Objects-normal/arm64/NosfyWidgets_dependency_info.dat --stringsdata-file /tmp/nosfy-cartes-release-dd/Build/Intermediates.noindex/Nosfy.build/Release-iphonesimulator/NosfyWidgets.build/Objects-normal/arm64/ExtractedAppShortcutsMetadata.stringsdata --source-file-list /tmp/nosfy-cartes-release-dd/Build/Intermediates.noindex/Nosfy.build/Release-iphonesimulator/NosfyWidgets.build/Objects-normal/arm64/NosfyWidgets.SwiftFileList --metadata-file-list /tmp/nosfy-cartes-release-dd/Build/Intermediates.noindex/Nosfy.build/Release-iphonesimulator/NosfyWidgets.build/NosfyWidgets.DependencyMetadataFileList --static-metadata-file-list /tmp/nosfy-cartes-release-dd/Build/Intermediates.noindex/Nosfy.build/Release-iphonesimulator/NosfyWidgets.build/NosfyWidgets.DependencyStaticMetadataFileList --swift-const-vals-list /tmp/nosfy-cartes-release-dd/Build/Intermediates.noindex/Nosfy.build/Release-iphonesimulator/NosfyWidgets.build/Objects-normal/arm64/NosfyWidgets.SwiftConstValuesFileList --compile-time-extraction --deployment-aware-processing --validate-assistant-intents --no-app-shortcuts-localization
2026-09-18 11:25:17.167 appintentsmetadataprocessor[81754:18926112] Starting appintentsmetadataprocessor export
2026-09-18 11:25:17.206 appintentsmetadataprocessor[81754:18926112] Extracted no relevant App Intents symbols, skipping writing output

SwiftDriver Nosfy normal arm64 com.apple.xcode.tools.swift.compiler (in target 'Nosfy' from project 'Nosfy')
    cd /Users/kathryn/Desktop/Nosfy
    builtin-SwiftDriver -- /Applications/Xcode.app/Contents/Developer/Toolchains/XcodeDefault.xctoolchain/usr/bin/swiftc -module-name Woop -O -whole-module-optimization @/tmp/nosfy-cartes-release-dd/Build/Intermediates.noindex/Nosfy.build/Release-iphonesimulator/Nosfy.build/Objects-normal/arm64/Nosfy.SwiftFileList -enable-bare-slash-regex -enable-experimental-feature DebugDescriptionMacro -sdk /Applications/Xcode.app/Contents/Developer/Platforms/iPhoneSimulator.platform/Developer/SDKs/iPhoneSimulator26.5.sdk -target arm64-apple-ios26.0-simulator -g -module-cache-path /tmp/nosfy-cartes-release-dd/ModuleCache.noindex -Xfrontend -serialize-debugging-options -swift-version 5 -I /tmp/nosfy-cartes-release-dd/Build/Products/Release-iphonesimulator -F /tmp/nosfy-cartes-release-dd/Build/Products/Release-iphonesimulator -emit-localized-strings -emit-localized-strings-path /tmp/nosfy-cartes-release-dd/Build/Intermediates.noindex/Nosfy.build/Release-iphonesimulator/Nosfy.build/Objects-normal/arm64 -c -num-threads 10 -Xcc -ivfsstatcache -Xcc /tmp/nosfy-cartes-release-dd/SDKStatCaches.noindex/iphonesimulator26.5-23F73-688ef53f1462e2c8f657fdc38a81448f6cfe768891a92b912361537c460fe42b.sdkstatcache -output-file-map /tmp/nosfy-cartes-release-dd/Build/Intermediates.noindex/Nosfy.build/Release-iphonesimulator/Nosfy.build/Objects-normal/arm64/Nosfy-OutputFileMap.json -use-frontend-parseable-output -save-temps -no-color-diagnostics -explicit-module-build -module-cache-path /tmp/nosfy-cartes-release-dd/Build/Intermediates.noindex/SwiftExplicitPrecompiledModules -clang-scanner-module-cache-path /tmp/nosfy-cartes-release-dd/ModuleCache.noindex -sdk-module-cache-path /tmp/nosfy-cartes-release-dd/ModuleCache.noindex -serialize-diagnostics -emit-dependencies -emit-module -emit-module-path /tmp/nosfy-cartes-release-dd/Build/Intermediates.noindex/Nosfy.build/Release-iphonesimulator/Nosfy.build/Objects-normal/arm64/Woop.swiftmodule -validate-clang-modules-once -clang-build-session-file /tmp/nosfy-cartes-release-dd/ModuleCache.noindex/Session.modulevalidation -Xcc -I/tmp/nosfy-cartes-release-dd/Build/Intermediates.noindex/Nosfy.build/Release-iphonesimulator/Nosfy.build/swift-overrides.hmap -emit-const-values -Xfrontend -const-gather-protocols-file -Xfrontend /tmp/nosfy-cartes-release-dd/Build/Intermediates.noindex/Nosfy.build/Release-iphonesimulator/Nosfy.build/Objects-normal/arm64/Nosfy_const_extract_protocols.json -Xcc -iquote -Xcc /tmp/nosfy-cartes-release-dd/Build/Intermediates.noindex/Nosfy.build/Release-iphonesimulator/Nosfy.build/Nosfy-generated-files.hmap -Xcc -I/tmp/nosfy-cartes-release-dd/Build/Intermediates.noindex/Nosfy.build/Release-iphonesimulator/Nosfy.build/Nosfy-own-target-headers.hmap -Xcc -I/tmp/nosfy-cartes-release-dd/Build/Intermediates.noindex/Nosfy.build/Release-iphonesimulator/Nosfy.build/Nosfy-all-target-headers.hmap -Xcc -iquote -Xcc /tmp/nosfy-cartes-release-dd/Build/Intermediates.noindex/Nosfy.build/Release-iphonesimulator/Nosfy.build/Nosfy-project-headers.hmap -Xcc -I/tmp/nosfy-cartes-release-dd/Build/Products/Release-iphonesimulator/include -Xcc -I/tmp/nosfy-cartes-release-dd/Build/Intermediates.noindex/Nosfy.build/Release-iphonesimulator/Nosfy.build/DerivedSources-normal/arm64 -Xcc -I/tmp/nosfy-cartes-release-dd/Build/Intermediates.noindex/Nosfy.build/Release-iphonesimulator/Nosfy.build/DerivedSources/arm64 -Xcc -I/tmp/nosfy-cartes-release-dd/Build/Intermediates.noindex/Nosfy.build/Release-iphonesimulator/Nosfy.build/DerivedSources -emit-objc-header -emit-objc-header-path /tmp/nosfy-cartes-release-dd/Build/Intermediates.noindex/Nosfy.build/Release-iphonesimulator/Nosfy.build/Objects-normal/arm64/Woop-Swift.h -working-directory /Users/kathryn/Desktop/Nosfy -no-emit-module-separately-wmo

AppIntentsSSUTraining (in target 'NosfyWidgets' from project 'Nosfy')
    cd /Users/kathryn/Desktop/Nosfy
    /Applications/Xcode.app/Contents/Developer/Toolchains/XcodeDefault.xctoolchain/usr/bin/appintentsnltrainingprocessor --infoplist-path /tmp/nosfy-cartes-release-dd/Build/Products/Release-iphonesimulator/NosfyWidgets.appex/Info.plist --temp-dir-path /tmp/nosfy-cartes-release-dd/Build/Intermediates.noindex/Nosfy.build/Release-iphonesimulator/NosfyWidgets.build/ssu --bundle-id fr.kathryn.woop.WoopWidgets --product-path /tmp/nosfy-cartes-release-dd/Build/Products/Release-iphonesimulator/NosfyWidgets.appex --extracted-metadata-path /tmp/nosfy-cartes-release-dd/Build/Products/Release-iphonesimulator/NosfyWidgets.appex/Metadata.appintents --metadata-file-list /tmp/nosfy-cartes-release-dd/Build/Intermediates.noindex/Nosfy.build/Release-iphonesimulator/NosfyWidgets.build/NosfyWidgets.DependencyMetadataFileList --source-file /tmp/nosfy-cartes-release-dd/Build/Products/Release-iphonesimulator/NosfyWidgets.appex/Info.plist --archive-ssu-assets
2026-09-18 11:25:17.241 appintentsnltrainingprocessor[81756:18926119] Parsing options for appintentsnltrainingprocessor
2026-09-18 11:25:17.242 appintentsnltrainingprocessor[81756:18926119] Starting AppIntents SSU YAML Generation
2026-09-18 11:25:17.245 appintentsnltrainingprocessor[81756:18926119] No AppShortcuts found - Skipping.

RegisterExecutionPolicyException /tmp/nosfy-cartes-release-dd/Build/Products/Release-iphonesimulator/NosfyWidgets.appex (in target 'NosfyWidgets' from project 'Nosfy')
    cd /Users/kathryn/Desktop/Nosfy
    builtin-RegisterExecutionPolicyException /tmp/nosfy-cartes-release-dd/Build/Products/Release-iphonesimulator/NosfyWidgets.appex

Touch /tmp/nosfy-cartes-release-dd/Build/Products/Release-iphonesimulator/NosfyWidgets.appex (in target 'NosfyWidgets' from project 'Nosfy')
    cd /Users/kathryn/Desktop/Nosfy
    /usr/bin/touch -c /tmp/nosfy-cartes-release-dd/Build/Products/Release-iphonesimulator/NosfyWidgets.appex

CpResource /tmp/nosfy-cartes-release-dd/Build/Products/Release-iphonesimulator/Nosfy.app/welcome-nosfy-premiere.mp4 /Users/kathryn/Desktop/Nosfy/Nosfy/Media/welcome-nosfy-premiere.mp4 (in target 'Nosfy' from project 'Nosfy')
    cd /Users/kathryn/Desktop/Nosfy
    builtin-copy -exclude .DS_Store -exclude CVS -exclude .svn -exclude .git -exclude .hg -resolve-src-symlinks /Users/kathryn/Desktop/Nosfy/Nosfy/Media/welcome-nosfy-premiere.mp4 /tmp/nosfy-cartes-release-dd/Build/Products/Release-iphonesimulator/Nosfy.app

CpResource /tmp/nosfy-cartes-release-dd/Build/Products/Release-iphonesimulator/Nosfy.app/welcome-galet-premiere.mp4 /Users/kathryn/Desktop/Nosfy/Nosfy/Media/welcome-galet-premiere.mp4 (in target 'Nosfy' from project 'Nosfy')
    cd /Users/kathryn/Desktop/Nosfy
    builtin-copy -exclude .DS_Store -exclude CVS -exclude .svn -exclude .git -exclude .hg -resolve-src-symlinks /Users/kathryn/Desktop/Nosfy/Nosfy/Media/welcome-galet-premiere.mp4 /tmp/nosfy-cartes-release-dd/Build/Products/Release-iphonesimulator/Nosfy.app

CpResource /tmp/nosfy-cartes-release-dd/Build/Products/Release-iphonesimulator/Nosfy.app/video_demon_3.mp4 /Users/kathryn/Desktop/Nosfy/Nosfy/Media/video_demon_3.mp4 (in target 'Nosfy' from project 'Nosfy')
    cd /Users/kathryn/Desktop/Nosfy
    builtin-copy -exclude .DS_Store -exclude CVS -exclude .svn -exclude .git -exclude .hg -resolve-src-symlinks /Users/kathryn/Desktop/Nosfy/Nosfy/Media/video_demon_3.mp4 /tmp/nosfy-cartes-release-dd/Build/Products/Release-iphonesimulator/Nosfy.app

CpResource /tmp/nosfy-cartes-release-dd/Build/Products/Release-iphonesimulator/Nosfy.app/video_demon_2.mp4 /Users/kathryn/Desktop/Nosfy/Nosfy/Media/video_demon_2.mp4 (in target 'Nosfy' from project 'Nosfy')
    cd /Users/kathryn/Desktop/Nosfy
    builtin-copy -exclude .DS_Store -exclude CVS -exclude .svn -exclude .git -exclude .hg -resolve-src-symlinks /Users/kathryn/Desktop/Nosfy/Nosfy/Media/video_demon_2.mp4 /tmp/nosfy-cartes-release-dd/Build/Products/Release-iphonesimulator/Nosfy.app

CpResource /tmp/nosfy-cartes-release-dd/Build/Products/Release-iphonesimulator/Nosfy.app/video_demon_1.mp4 /Users/kathryn/Desktop/Nosfy/Nosfy/Media/video_demon_1.mp4 (in target 'Nosfy' from project 'Nosfy')
    cd /Users/kathryn/Desktop/Nosfy
    builtin-copy -exclude .DS_Store -exclude CVS -exclude .svn -exclude .git -exclude .hg -resolve-src-symlinks /Users/kathryn/Desktop/Nosfy/Nosfy/Media/video_demon_1.mp4 /tmp/nosfy-cartes-release-dd/Build/Products/Release-iphonesimulator/Nosfy.app

CpResource /tmp/nosfy-cartes-release-dd/Build/Products/Release-iphonesimulator/Nosfy.app/story-pilule-top.mp4 /Users/kathryn/Desktop/Nosfy/Nosfy/Media/story-pilule-top.mp4 (in target 'Nosfy' from project 'Nosfy')
    cd /Users/kathryn/Desktop/Nosfy
    builtin-copy -exclude .DS_Store -exclude CVS -exclude .svn -exclude .git -exclude .hg -resolve-src-symlinks /Users/kathryn/Desktop/Nosfy/Nosfy/Media/story-pilule-top.mp4 /tmp/nosfy-cartes-release-dd/Build/Products/Release-iphonesimulator/Nosfy.app

CpResource /tmp/nosfy-cartes-release-dd/Build/Products/Release-iphonesimulator/Nosfy.app/story-pilule-droite.mp4 /Users/kathryn/Desktop/Nosfy/Nosfy/Media/story-pilule-droite.mp4 (in target 'Nosfy' from project 'Nosfy')
    cd /Users/kathryn/Desktop/Nosfy
    builtin-copy -exclude .DS_Store -exclude CVS -exclude .svn -exclude .git -exclude .hg -resolve-src-symlinks /Users/kathryn/Desktop/Nosfy/Nosfy/Media/story-pilule-droite.mp4 /tmp/nosfy-cartes-release-dd/Build/Products/Release-iphonesimulator/Nosfy.app

CpResource /tmp/nosfy-cartes-release-dd/Build/Products/Release-iphonesimulator/Nosfy.app/story-macro-or.mp4 /Users/kathryn/Desktop/Nosfy/Nosfy/Media/story-macro-or.mp4 (in target 'Nosfy' from project 'Nosfy')
    cd /Users/kathryn/Desktop/Nosfy
    builtin-copy -exclude .DS_Store -exclude CVS -exclude .svn -exclude .git -exclude .hg -resolve-src-symlinks /Users/kathryn/Desktop/Nosfy/Nosfy/Media/story-macro-or.mp4 /tmp/nosfy-cartes-release-dd/Build/Products/Release-iphonesimulator/Nosfy.app

CpResource /tmp/nosfy-cartes-release-dd/Build/Products/Release-iphonesimulator/Nosfy.app/story-macro-flanc.mp4 /Users/kathryn/Desktop/Nosfy/Nosfy/Media/story-macro-flanc.mp4 (in target 'Nosfy' from project 'Nosfy')
    cd /Users/kathryn/Desktop/Nosfy
    builtin-copy -exclude .DS_Store -exclude CVS -exclude .svn -exclude .git -exclude .hg -resolve-src-symlinks /Users/kathryn/Desktop/Nosfy/Nosfy/Media/story-macro-flanc.mp4 /tmp/nosfy-cartes-release-dd/Build/Products/Release-iphonesimulator/Nosfy.app

CpResource /tmp/nosfy-cartes-release-dd/Build/Products/Release-iphonesimulator/Nosfy.app/story-macro-bas.mp4 /Users/kathryn/Desktop/Nosfy/Nosfy/Media/story-macro-bas.mp4 (in target 'Nosfy' from project 'Nosfy')
    cd /Users/kathryn/Desktop/Nosfy
    builtin-copy -exclude .DS_Store -exclude CVS -exclude .svn -exclude .git -exclude .hg -resolve-src-symlinks /Users/kathryn/Desktop/Nosfy/Nosfy/Media/story-macro-bas.mp4 /tmp/nosfy-cartes-release-dd/Build/Products/Release-iphonesimulator/Nosfy.app

CpResource /tmp/nosfy-cartes-release-dd/Build/Products/Release-iphonesimulator/Nosfy.app/story-ended-verre-b.mp4 /Users/kathryn/Desktop/Nosfy/Nosfy/Media/story-ended-verre-b.mp4 (in target 'Nosfy' from project 'Nosfy')
    cd /Users/kathryn/Desktop/Nosfy
    builtin-copy -exclude .DS_Store -exclude CVS -exclude .svn -exclude .git -exclude .hg -resolve-src-symlinks /Users/kathryn/Desktop/Nosfy/Nosfy/Media/story-ended-verre-b.mp4 /tmp/nosfy-cartes-release-dd/Build/Products/Release-iphonesimulator/Nosfy.app

CpResource /tmp/nosfy-cartes-release-dd/Build/Products/Release-iphonesimulator/Nosfy.app/story-ended-verre-a.mp4 /Users/kathryn/Desktop/Nosfy/Nosfy/Media/story-ended-verre-a.mp4 (in target 'Nosfy' from project 'Nosfy')
    cd /Users/kathryn/Desktop/Nosfy
    builtin-copy -exclude .DS_Store -exclude CVS -exclude .svn -exclude .git -exclude .hg -resolve-src-symlinks /Users/kathryn/Desktop/Nosfy/Nosfy/Media/story-ended-verre-a.mp4 /tmp/nosfy-cartes-release-dd/Build/Products/Release-iphonesimulator/Nosfy.app

CpResource /tmp/nosfy-cartes-release-dd/Build/Products/Release-iphonesimulator/Nosfy.app/story-eclair-loop.mp4 /Users/kathryn/Desktop/Nosfy/Nosfy/Media/story-eclair-loop.mp4 (in target 'Nosfy' from project 'Nosfy')
    cd /Users/kathryn/Desktop/Nosfy
    builtin-copy -exclude .DS_Store -exclude CVS -exclude .svn -exclude .git -exclude .hg -resolve-src-symlinks /Users/kathryn/Desktop/Nosfy/Nosfy/Media/story-eclair-loop.mp4 /tmp/nosfy-cartes-release-dd/Build/Products/Release-iphonesimulator/Nosfy.app

CpResource /tmp/nosfy-cartes-release-dd/Build/Products/Release-iphonesimulator/Nosfy.app/story-booster-noir.mp4 /Users/kathryn/Desktop/Nosfy/Nosfy/Media/story-booster-noir.mp4 (in target 'Nosfy' from project 'Nosfy')
    cd /Users/kathryn/Desktop/Nosfy
    builtin-copy -exclude .DS_Store -exclude CVS -exclude .svn -exclude .git -exclude .hg -resolve-src-symlinks /Users/kathryn/Desktop/Nosfy/Nosfy/Media/story-booster-noir.mp4 /tmp/nosfy-cartes-release-dd/Build/Products/Release-iphonesimulator/Nosfy.app

CpResource /tmp/nosfy-cartes-release-dd/Build/Products/Release-iphonesimulator/Nosfy.app/story-booster-lune.mp4 /Users/kathryn/Desktop/Nosfy/Nosfy/Media/story-booster-lune.mp4 (in target 'Nosfy' from project 'Nosfy')
    cd /Users/kathryn/Desktop/Nosfy
    builtin-copy -exclude .DS_Store -exclude CVS -exclude .svn -exclude .git -exclude .hg -resolve-src-symlinks /Users/kathryn/Desktop/Nosfy/Nosfy/Media/story-booster-lune.mp4 /tmp/nosfy-cartes-release-dd/Build/Products/Release-iphonesimulator/Nosfy.app

CpResource /tmp/nosfy-cartes-release-dd/Build/Products/Release-iphonesimulator/Nosfy.app/stop-bat-loop.mp4 /Users/kathryn/Desktop/Nosfy/Nosfy/Media/stop-bat-loop.mp4 (in target 'Nosfy' from project 'Nosfy')
    cd /Users/kathryn/Desktop/Nosfy
    builtin-copy -exclude .DS_Store -exclude CVS -exclude .svn -exclude .git -exclude .hg -resolve-src-symlinks /Users/kathryn/Desktop/Nosfy/Nosfy/Media/stop-bat-loop.mp4 /tmp/nosfy-cartes-release-dd/Build/Products/Release-iphonesimulator/Nosfy.app

CpResource /tmp/nosfy-cartes-release-dd/Build/Products/Release-iphonesimulator/Nosfy.app/start-entrainement-loop.mp4 /Users/kathryn/Desktop/Nosfy/Nosfy/Media/start-entrainement-loop.mp4 (in target 'Nosfy' from project 'Nosfy')
    cd /Users/kathryn/Desktop/Nosfy
    builtin-copy -exclude .DS_Store -exclude CVS -exclude .svn -exclude .git -exclude .hg -resolve-src-symlinks /Users/kathryn/Desktop/Nosfy/Nosfy/Media/start-entrainement-loop.mp4 /tmp/nosfy-cartes-release-dd/Build/Products/Release-iphonesimulator/Nosfy.app

CpResource /tmp/nosfy-cartes-release-dd/Build/Products/Release-iphonesimulator/Nosfy.app/sacre-lune.caf /Users/kathryn/Desktop/Nosfy/Nosfy/Media/sacre-lune.caf (in target 'Nosfy' from project 'Nosfy')
    cd /Users/kathryn/Desktop/Nosfy
    builtin-copy -exclude .DS_Store -exclude CVS -exclude .svn -exclude .git -exclude .hg -resolve-src-symlinks /Users/kathryn/Desktop/Nosfy/Nosfy/Media/sacre-lune.caf /tmp/nosfy-cartes-release-dd/Build/Products/Release-iphonesimulator/Nosfy.app

CpResource /tmp/nosfy-cartes-release-dd/Build/Products/Release-iphonesimulator/Nosfy.app/sacre-legendaire.caf /Users/kathryn/Desktop/Nosfy/Nosfy/Media/sacre-legendaire.caf (in target 'Nosfy' from project 'Nosfy')
    cd /Users/kathryn/Desktop/Nosfy
    builtin-copy -exclude .DS_Store -exclude CVS -exclude .svn -exclude .git -exclude .hg -resolve-src-symlinks /Users/kathryn/Desktop/Nosfy/Nosfy/Media/sacre-legendaire.caf /tmp/nosfy-cartes-release-dd/Build/Products/Release-iphonesimulator/Nosfy.app

CpResource /tmp/nosfy-cartes-release-dd/Build/Products/Release-iphonesimulator/Nosfy.app/sacre-epique.caf /Users/kathryn/Desktop/Nosfy/Nosfy/Media/sacre-epique.caf (in target 'Nosfy' from project 'Nosfy')
    cd /Users/kathryn/Desktop/Nosfy
    builtin-copy -exclude .DS_Store -exclude CVS -exclude .svn -exclude .git -exclude .hg -resolve-src-symlinks /Users/kathryn/Desktop/Nosfy/Nosfy/Media/sacre-epique.caf /tmp/nosfy-cartes-release-dd/Build/Products/Release-iphonesimulator/Nosfy.app

CpResource /tmp/nosfy-cartes-release-dd/Build/Products/Release-iphonesimulator/Nosfy.app/sacre-commune.caf /Users/kathryn/Desktop/Nosfy/Nosfy/Media/sacre-commune.caf (in target 'Nosfy' from project 'Nosfy')
    cd /Users/kathryn/Desktop/Nosfy
    builtin-copy -exclude .DS_Store -exclude CVS -exclude .svn -exclude .git -exclude .hg -resolve-src-symlinks /Users/kathryn/Desktop/Nosfy/Nosfy/Media/sacre-commune.caf /tmp/nosfy-cartes-release-dd/Build/Products/Release-iphonesimulator/Nosfy.app

CpResource /tmp/nosfy-cartes-release-dd/Build/Products/Release-iphonesimulator/Nosfy.app/reward-welcome.mp4 /Users/kathryn/Desktop/Nosfy/Nosfy/Media/reward-welcome.mp4 (in target 'Nosfy' from project 'Nosfy')
    cd /Users/kathryn/Desktop/Nosfy
    builtin-copy -exclude .DS_Store -exclude CVS -exclude .svn -exclude .git -exclude .hg -resolve-src-symlinks /Users/kathryn/Desktop/Nosfy/Nosfy/Media/reward-welcome.mp4 /tmp/nosfy-cartes-release-dd/Build/Products/Release-iphonesimulator/Nosfy.app

CpResource /tmp/nosfy-cartes-release-dd/Build/Products/Release-iphonesimulator/Nosfy.app/reward-welcome-loop.mp4 /Users/kathryn/Desktop/Nosfy/Nosfy/Media/reward-welcome-loop.mp4 (in target 'Nosfy' from project 'Nosfy')
    cd /Users/kathryn/Desktop/Nosfy
    builtin-copy -exclude .DS_Store -exclude CVS -exclude .svn -exclude .git -exclude .hg -resolve-src-symlinks /Users/kathryn/Desktop/Nosfy/Nosfy/Media/reward-welcome-loop.mp4 /tmp/nosfy-cartes-release-dd/Build/Products/Release-iphonesimulator/Nosfy.app

CpResource /tmp/nosfy-cartes-release-dd/Build/Products/Release-iphonesimulator/Nosfy.app/reward-rare.mp4 /Users/kathryn/Desktop/Nosfy/Nosfy/Media/reward-rare.mp4 (in target 'Nosfy' from project 'Nosfy')
    cd /Users/kathryn/Desktop/Nosfy
    builtin-copy -exclude .DS_Store -exclude CVS -exclude .svn -exclude .git -exclude .hg -resolve-src-symlinks /Users/kathryn/Desktop/Nosfy/Nosfy/Media/reward-rare.mp4 /tmp/nosfy-cartes-release-dd/Build/Products/Release-iphonesimulator/Nosfy.app

CpResource /tmp/nosfy-cartes-release-dd/Build/Products/Release-iphonesimulator/Nosfy.app/reward-piece-5.mp4 /Users/kathryn/Desktop/Nosfy/Nosfy/Media/reward-piece-5.mp4 (in target 'Nosfy' from project 'Nosfy')
    cd /Users/kathryn/Desktop/Nosfy
    builtin-copy -exclude .DS_Store -exclude CVS -exclude .svn -exclude .git -exclude .hg -resolve-src-symlinks /Users/kathryn/Desktop/Nosfy/Nosfy/Media/reward-piece-5.mp4 /tmp/nosfy-cartes-release-dd/Build/Products/Release-iphonesimulator/Nosfy.app

CpResource /tmp/nosfy-cartes-release-dd/Build/Products/Release-iphonesimulator/Nosfy.app/reward-piece-4.mp4 /Users/kathryn/Desktop/Nosfy/Nosfy/Media/reward-piece-4.mp4 (in target 'Nosfy' from project 'Nosfy')
    cd /Users/kathryn/Desktop/Nosfy
    builtin-copy -exclude .DS_Store -exclude CVS -exclude .svn -exclude .git -exclude .hg -resolve-src-symlinks /Users/kathryn/Desktop/Nosfy/Nosfy/Media/reward-piece-4.mp4 /tmp/nosfy-cartes-release-dd/Build/Products/Release-iphonesimulator/Nosfy.app

CpResource /tmp/nosfy-cartes-release-dd/Build/Products/Release-iphonesimulator/Nosfy.app/reward-piece-3.mp4 /Users/kathryn/Desktop/Nosfy/Nosfy/Media/reward-piece-3.mp4 (in target 'Nosfy' from project 'Nosfy')
    cd /Users/kathryn/Desktop/Nosfy
    builtin-copy -exclude .DS_Store -exclude CVS -exclude .svn -exclude .git -exclude .hg -resolve-src-symlinks /Users/kathryn/Desktop/Nosfy/Nosfy/Media/reward-piece-3.mp4 /tmp/nosfy-cartes-release-dd/Build/Products/Release-iphonesimulator/Nosfy.app

CpResource /tmp/nosfy-cartes-release-dd/Build/Products/Release-iphonesimulator/Nosfy.app/reward-piece-2.mp4 /Users/kathryn/Desktop/Nosfy/Nosfy/Media/reward-piece-2.mp4 (in target 'Nosfy' from project 'Nosfy')
    cd /Users/kathryn/Desktop/Nosfy
    builtin-copy -exclude .DS_Store -exclude CVS -exclude .svn -exclude .git -exclude .hg -resolve-src-symlinks /Users/kathryn/Desktop/Nosfy/Nosfy/Media/reward-piece-2.mp4 /tmp/nosfy-cartes-release-dd/Build/Products/Release-iphonesimulator/Nosfy.app

CpResource /tmp/nosfy-cartes-release-dd/Build/Products/Release-iphonesimulator/Nosfy.app/reward-piece-1.mp4 /Users/kathryn/Desktop/Nosfy/Nosfy/Media/reward-piece-1.mp4 (in target 'Nosfy' from project 'Nosfy')
    cd /Users/kathryn/Desktop/Nosfy
    builtin-copy -exclude .DS_Store -exclude CVS -exclude .svn -exclude .git -exclude .hg -resolve-src-symlinks /Users/kathryn/Desktop/Nosfy/Nosfy/Media/reward-piece-1.mp4 /tmp/nosfy-cartes-release-dd/Build/Products/Release-iphonesimulator/Nosfy.app

CpResource /tmp/nosfy-cartes-release-dd/Build/Products/Release-iphonesimulator/Nosfy.app/reward-nosfy-coins.mp4 /Users/kathryn/Desktop/Nosfy/Nosfy/Media/reward-nosfy-coins.mp4 (in target 'Nosfy' from project 'Nosfy')
    cd /Users/kathryn/Desktop/Nosfy
    builtin-copy -exclude .DS_Store -exclude CVS -exclude .svn -exclude .git -exclude .hg -resolve-src-symlinks /Users/kathryn/Desktop/Nosfy/Nosfy/Media/reward-nosfy-coins.mp4 /tmp/nosfy-cartes-release-dd/Build/Products/Release-iphonesimulator/Nosfy.app

CpResource /tmp/nosfy-cartes-release-dd/Build/Products/Release-iphonesimulator/Nosfy.app/reward-lune.mp4 /Users/kathryn/Desktop/Nosfy/Nosfy/Media/reward-lune.mp4 (in target 'Nosfy' from project 'Nosfy')
    cd /Users/kathryn/Desktop/Nosfy
    builtin-copy -exclude .DS_Store -exclude CVS -exclude .svn -exclude .git -exclude .hg -resolve-src-symlinks /Users/kathryn/Desktop/Nosfy/Nosfy/Media/reward-lune.mp4 /tmp/nosfy-cartes-release-dd/Build/Products/Release-iphonesimulator/Nosfy.app

CpResource /tmp/nosfy-cartes-release-dd/Build/Products/Release-iphonesimulator/Nosfy.app/reward-fire.mp4 /Users/kathryn/Desktop/Nosfy/Nosfy/Media/reward-fire.mp4 (in target 'Nosfy' from project 'Nosfy')
    cd /Users/kathryn/Desktop/Nosfy
    builtin-copy -exclude .DS_Store -exclude CVS -exclude .svn -exclude .git -exclude .hg -resolve-src-symlinks /Users/kathryn/Desktop/Nosfy/Nosfy/Media/reward-fire.mp4 /tmp/nosfy-cartes-release-dd/Build/Products/Release-iphonesimulator/Nosfy.app

CpResource /tmp/nosfy-cartes-release-dd/Build/Products/Release-iphonesimulator/Nosfy.app/progress-pill-bas.mp4 /Users/kathryn/Desktop/Nosfy/Nosfy/Media/progress-pill-bas.mp4 (in target 'Nosfy' from project 'Nosfy')
    cd /Users/kathryn/Desktop/Nosfy
    builtin-copy -exclude .DS_Store -exclude CVS -exclude .svn -exclude .git -exclude .hg -resolve-src-symlinks /Users/kathryn/Desktop/Nosfy/Nosfy/Media/progress-pill-bas.mp4 /tmp/nosfy-cartes-release-dd/Build/Products/Release-iphonesimulator/Nosfy.app

CpResource /tmp/nosfy-cartes-release-dd/Build/Products/Release-iphonesimulator/Nosfy.app/piece-sol.mp4 /Users/kathryn/Desktop/Nosfy/Nosfy/Media/piece-sol.mp4 (in target 'Nosfy' from project 'Nosfy')
    cd /Users/kathryn/Desktop/Nosfy
    builtin-copy -exclude .DS_Store -exclude CVS -exclude .svn -exclude .git -exclude .hg -resolve-src-symlinks /Users/kathryn/Desktop/Nosfy/Nosfy/Media/piece-sol.mp4 /tmp/nosfy-cartes-release-dd/Build/Products/Release-iphonesimulator/Nosfy.app

CpResource /tmp/nosfy-cartes-release-dd/Build/Products/Release-iphonesimulator/Nosfy.app/piece-bravo.mp4 /Users/kathryn/Desktop/Nosfy/Nosfy/Media/piece-bravo.mp4 (in target 'Nosfy' from project 'Nosfy')
    cd /Users/kathryn/Desktop/Nosfy
    builtin-copy -exclude .DS_Store -exclude CVS -exclude .svn -exclude .git -exclude .hg -resolve-src-symlinks /Users/kathryn/Desktop/Nosfy/Nosfy/Media/piece-bravo.mp4 /tmp/nosfy-cartes-release-dd/Build/Products/Release-iphonesimulator/Nosfy.app

CpResource /tmp/nosfy-cartes-release-dd/Build/Products/Release-iphonesimulator/Nosfy.app/piece-bravo-loop.mp4 /Users/kathryn/Desktop/Nosfy/Nosfy/Media/piece-bravo-loop.mp4 (in target 'Nosfy' from project 'Nosfy')
    cd /Users/kathryn/Desktop/Nosfy
    builtin-copy -exclude .DS_Store -exclude CVS -exclude .svn -exclude .git -exclude .hg -resolve-src-symlinks /Users/kathryn/Desktop/Nosfy/Nosfy/Media/piece-bravo-loop.mp4 /tmp/nosfy-cartes-release-dd/Build/Products/Release-iphonesimulator/Nosfy.app

CpResource /tmp/nosfy-cartes-release-dd/Build/Products/Release-iphonesimulator/Nosfy.app/pause-overlay-loop.mp4 /Users/kathryn/Desktop/Nosfy/Nosfy/Media/pause-overlay-loop.mp4 (in target 'Nosfy' from project 'Nosfy')
    cd /Users/kathryn/Desktop/Nosfy
    builtin-copy -exclude .DS_Store -exclude CVS -exclude .svn -exclude .git -exclude .hg -resolve-src-symlinks /Users/kathryn/Desktop/Nosfy/Nosfy/Media/pause-overlay-loop.mp4 /tmp/nosfy-cartes-release-dd/Build/Products/Release-iphonesimulator/Nosfy.app

CpResource /tmp/nosfy-cartes-release-dd/Build/Products/Release-iphonesimulator/Nosfy.app/onb-track-loop.mp4 /Users/kathryn/Desktop/Nosfy/Nosfy/Media/onb-track-loop.mp4 (in target 'Nosfy' from project 'Nosfy')
    cd /Users/kathryn/Desktop/Nosfy
    builtin-copy -exclude .DS_Store -exclude CVS -exclude .svn -exclude .git -exclude .hg -resolve-src-symlinks /Users/kathryn/Desktop/Nosfy/Nosfy/Media/onb-track-loop.mp4 /tmp/nosfy-cartes-release-dd/Build/Products/Release-iphonesimulator/Nosfy.app

CpResource /tmp/nosfy-cartes-release-dd/Build/Products/Release-iphonesimulator/Nosfy.app/onb-lune-loop.mp4 /Users/kathryn/Desktop/Nosfy/Nosfy/Media/onb-lune-loop.mp4 (in target 'Nosfy' from project 'Nosfy')
    cd /Users/kathryn/Desktop/Nosfy
    builtin-copy -exclude .DS_Store -exclude CVS -exclude .svn -exclude .git -exclude .hg -resolve-src-symlinks /Users/kathryn/Desktop/Nosfy/Nosfy/Media/onb-lune-loop.mp4 /tmp/nosfy-cartes-release-dd/Build/Products/Release-iphonesimulator/Nosfy.app

CpResource /tmp/nosfy-cartes-release-dd/Build/Products/Release-iphonesimulator/Nosfy.app/onb-exos-loop.mp4 /Users/kathryn/Desktop/Nosfy/Nosfy/Media/onb-exos-loop.mp4 (in target 'Nosfy' from project 'Nosfy')
    cd /Users/kathryn/Desktop/Nosfy
    builtin-copy -exclude .DS_Store -exclude CVS -exclude .svn -exclude .git -exclude .hg -resolve-src-symlinks /Users/kathryn/Desktop/Nosfy/Nosfy/Media/onb-exos-loop.mp4 /tmp/nosfy-cartes-release-dd/Build/Products/Release-iphonesimulator/Nosfy.app

CpResource /tmp/nosfy-cartes-release-dd/Build/Products/Release-iphonesimulator/Nosfy.app/onb-arrivee.mp4 /Users/kathryn/Desktop/Nosfy/Nosfy/Media/onb-arrivee.mp4 (in target 'Nosfy' from project 'Nosfy')
    cd /Users/kathryn/Desktop/Nosfy
    builtin-copy -exclude .DS_Store -exclude CVS -exclude .svn -exclude .git -exclude .hg -resolve-src-symlinks /Users/kathryn/Desktop/Nosfy/Nosfy/Media/onb-arrivee.mp4 /tmp/nosfy-cartes-release-dd/Build/Products/Release-iphonesimulator/Nosfy.app

CpResource /tmp/nosfy-cartes-release-dd/Build/Products/Release-iphonesimulator/Nosfy.app/nosfy-nuit.mp4 /Users/kathryn/Desktop/Nosfy/Nosfy/Media/nosfy-nuit.mp4 (in target 'Nosfy' from project 'Nosfy')
    cd /Users/kathryn/Desktop/Nosfy
    builtin-copy -exclude .DS_Store -exclude CVS -exclude .svn -exclude .git -exclude .hg -resolve-src-symlinks /Users/kathryn/Desktop/Nosfy/Nosfy/Media/nosfy-nuit.mp4 /tmp/nosfy-cartes-release-dd/Build/Products/Release-iphonesimulator/Nosfy.app

CpResource /tmp/nosfy-cartes-release-dd/Build/Products/Release-iphonesimulator/Nosfy.app/nosfy-notif-loop.mp4 /Users/kathryn/Desktop/Nosfy/Nosfy/Media/nosfy-notif-loop.mp4 (in target 'Nosfy' from project 'Nosfy')
    cd /Users/kathryn/Desktop/Nosfy
    builtin-copy -exclude .DS_Store -exclude CVS -exclude .svn -exclude .git -exclude .hg -resolve-src-symlinks /Users/kathryn/Desktop/Nosfy/Nosfy/Media/nosfy-notif-loop.mp4 /tmp/nosfy-cartes-release-dd/Build/Products/Release-iphonesimulator/Nosfy.app

CpResource /tmp/nosfy-cartes-release-dd/Build/Products/Release-iphonesimulator/Nosfy.app/nosfy-end.mp4 /Users/kathryn/Desktop/Nosfy/Nosfy/Media/nosfy-end.mp4 (in target 'Nosfy' from project 'Nosfy')
    cd /Users/kathryn/Desktop/Nosfy
    builtin-copy -exclude .DS_Store -exclude CVS -exclude .svn -exclude .git -exclude .hg -resolve-src-symlinks /Users/kathryn/Desktop/Nosfy/Nosfy/Media/nosfy-end.mp4 /tmp/nosfy-cartes-release-dd/Build/Products/Release-iphonesimulator/Nosfy.app

CpResource /tmp/nosfy-cartes-release-dd/Build/Products/Release-iphonesimulator/Nosfy.app/nosfy-accueil-loop.mp4 /Users/kathryn/Desktop/Nosfy/Nosfy/Media/nosfy-accueil-loop.mp4 (in target 'Nosfy' from project 'Nosfy')
    cd /Users/kathryn/Desktop/Nosfy
    builtin-copy -exclude .DS_Store -exclude CVS -exclude .svn -exclude .git -exclude .hg -resolve-src-symlinks /Users/kathryn/Desktop/Nosfy/Nosfy/Media/nosfy-accueil-loop.mp4 /tmp/nosfy-cartes-release-dd/Build/Products/Release-iphonesimulator/Nosfy.app

MetalLink /tmp/nosfy-cartes-release-dd/Build/Products/Release-iphonesimulator/Nosfy.app/default.metallib (in target 'Nosfy' from project 'Nosfy')
    cd /Users/kathryn/Desktop/Nosfy
    /var/run/com.apple.security.cryptexd/mnt/com.apple.MobileAsset.MetalToolchain-v17.6.42.0.BA5Ggr/Metal.xctoolchain/usr/bin/metal -target air64-apple-ios26.0-simulator -o /tmp/nosfy-cartes-release-dd/Build/Products/Release-iphonesimulator/Nosfy.app/default.metallib /tmp/nosfy-cartes-release-dd/Build/Intermediates.noindex/Nosfy.build/Release-iphonesimulator/Nosfy.build/Metal/GlassFX.air /tmp/nosfy-cartes-release-dd/Build/Intermediates.noindex/Nosfy.build/Release-iphonesimulator/Nosfy.build/Metal/InkGrain.air /tmp/nosfy-cartes-release-dd/Build/Intermediates.noindex/Nosfy.build/Release-iphonesimulator/Nosfy.build/Metal/AuroraBg.air /tmp/nosfy-cartes-release-dd/Build/Intermediates.noindex/Nosfy.build/Release-iphonesimulator/Nosfy.build/Metal/AuroraHome.air /tmp/nosfy-cartes-release-dd/Build/Intermediates.noindex/Nosfy.build/Release-iphonesimulator/Nosfy.build/Metal/AuthNebula.air /tmp/nosfy-cartes-release-dd/Build/Intermediates.noindex/Nosfy.build/Release-iphonesimulator/Nosfy.build/Metal/BravoPill.air /tmp/nosfy-cartes-release-dd/Build/Intermediates.noindex/Nosfy.build/Release-iphonesimulator/Nosfy.build/Metal/CarnetCuir.air /tmp/nosfy-cartes-release-dd/Build/Intermediates.noindex/Nosfy.build/Release-iphonesimulator/Nosfy.build/Metal/CarteLune.air /tmp/nosfy-cartes-release-dd/Build/Intermediates.noindex/Nosfy.build/Release-iphonesimulator/Nosfy.build/Metal/CorpsLisere.air /tmp/nosfy-cartes-release-dd/Build/Intermediates.noindex/Nosfy.build/Release-iphonesimulator/Nosfy.build/Metal/DemonSky-5c66a1b6668a81336671736df8db1daf.air /tmp/nosfy-cartes-release-dd/Build/Intermediates.noindex/Nosfy.build/Release-iphonesimulator/Nosfy.build/Metal/DiamondButton.air /tmp/nosfy-cartes-release-dd/Build/Intermediates.noindex/Nosfy.build/Release-iphonesimulator/Nosfy.build/Metal/EclipseHalo.air /tmp/nosfy-cartes-release-dd/Build/Intermediates.noindex/Nosfy.build/Release-iphonesimulator/Nosfy.build/Metal/EmberFlame.air /tmp/nosfy-cartes-release-dd/Build/Intermediates.noindex/Nosfy.build/Release-iphonesimulator/Nosfy.build/Metal/ExoHeaderGlow.air /tmp/nosfy-cartes-release-dd/Build/Intermediates.noindex/Nosfy.build/Release-iphonesimulator/Nosfy.build/Metal/ExosHalo.air /tmp/nosfy-cartes-release-dd/Build/Intermediates.noindex/Nosfy.build/Release-iphonesimulator/Nosfy.build/Metal/FlameJewel.air /tmp/nosfy-cartes-release-dd/Build/Intermediates.noindex/Nosfy.build/Release-iphonesimulator/Nosfy.build/Metal/FondVideoMetal-5542d674eb797a0477087f1e1a95c3c6.air /tmp/nosfy-cartes-release-dd/Build/Intermediates.noindex/Nosfy.build/Release-iphonesimulator/Nosfy.build/Metal/FumeeX2.air /tmp/nosfy-cartes-release-dd/Build/Intermediates.noindex/Nosfy.build/Release-iphonesimulator/Nosfy.build/Metal/GaletLisere.air /tmp/nosfy-cartes-release-dd/Build/Intermediates.noindex/Nosfy.build/Release-iphonesimulator/Nosfy.build/Metal/GaletMedaillon.air /tmp/nosfy-cartes-release-dd/Build/Intermediates.noindex/Nosfy.build/Release-iphonesimulator/Nosfy.build/Metal/GaletStage.air /tmp/nosfy-cartes-release-dd/Build/Intermediates.noindex/Nosfy.build/Release-iphonesimulator/Nosfy.build/Metal/HaloDawn.air /tmp/nosfy-cartes-release-dd/Build/Intermediates.noindex/Nosfy.build/Release-iphonesimulator/Nosfy.build/Metal/HomeNuit-44cadf144714b73557875b5ca1198f63.air /tmp/nosfy-cartes-release-dd/Build/Intermediates.noindex/Nosfy.build/Release-iphonesimulator/Nosfy.build/Metal/JaugeLacque.air /tmp/nosfy-cartes-release-dd/Build/Intermediates.noindex/Nosfy.build/Release-iphonesimulator/Nosfy.build/Metal/LiquidLens.air /tmp/nosfy-cartes-release-dd/Build/Intermediates.noindex/Nosfy.build/Release-iphonesimulator/Nosfy.build/Metal/LoginAurora.air /tmp/nosfy-cartes-release-dd/Build/Intermediates.noindex/Nosfy.build/Release-iphonesimulator/Nosfy.build/Metal/LogoMonolith.air /tmp/nosfy-cartes-release-dd/Build/Intermediates.noindex/Nosfy.build/Release-iphonesimulator/Nosfy.build/Metal/MoonCoin.air /tmp/nosfy-cartes-release-dd/Build/Intermediates.noindex/Nosfy.build/Release-iphonesimulator/Nosfy.build/Metal/NavMonolith.air /tmp/nosfy-cartes-release-dd/Build/Intermediates.noindex/Nosfy.build/Release-iphonesimulator/Nosfy.build/Metal/NebulaShaders.air /tmp/nosfy-cartes-release-dd/Build/Intermediates.noindex/Nosfy.build/Release-iphonesimulator/Nosfy.build/Metal/NeonPrimary.air /tmp/nosfy-cartes-release-dd/Build/Intermediates.noindex/Nosfy.build/Release-iphonesimulator/Nosfy.build/Metal/ObjectiveJewel.air /tmp/nosfy-cartes-release-dd/Build/Intermediates.noindex/Nosfy.build/Release-iphonesimulator/Nosfy.build/Metal/ObsidianCard-795b9147487e85f10275672f6e73cfe5.air /tmp/nosfy-cartes-release-dd/Build/Intermediates.noindex/Nosfy.build/Release-iphonesimulator/Nosfy.build/Metal/PebbleDust.air /tmp/nosfy-cartes-release-dd/Build/Intermediates.noindex/Nosfy.build/Release-iphonesimulator/Nosfy.build/Metal/PieceVerre.air /tmp/nosfy-cartes-release-dd/Build/Intermediates.noindex/Nosfy.build/Release-iphonesimulator/Nosfy.build/Metal/PorteCaresse.air /tmp/nosfy-cartes-release-dd/Build/Intermediates.noindex/Nosfy.build/Release-iphonesimulator/Nosfy.build/Metal/TreasureBadge.air /tmp/nosfy-cartes-release-dd/Build/Intermediates.noindex/Nosfy.build/Release-iphonesimulator/Nosfy.build/Metal/VerreCoulant-a9f8871bc6a50ecc261287c465b3cd2f.air /tmp/nosfy-cartes-release-dd/Build/Intermediates.noindex/Nosfy.build/Release-iphonesimulator/Nosfy.build/Metal/VerreGalet.air /tmp/nosfy-cartes-release-dd/Build/Intermediates.noindex/Nosfy.build/Release-iphonesimulator/Nosfy.build/Metal/WahouAura.air

CpResource /tmp/nosfy-cartes-release-dd/Build/Products/Release-iphonesimulator/Nosfy.app/molette-glass-loop.mp4 /Users/kathryn/Desktop/Nosfy/Nosfy/Media/molette-glass-loop.mp4 (in target 'Nosfy' from project 'Nosfy')
    cd /Users/kathryn/Desktop/Nosfy
    builtin-copy -exclude .DS_Store -exclude CVS -exclude .svn -exclude .git -exclude .hg -resolve-src-symlinks /Users/kathryn/Desktop/Nosfy/Nosfy/Media/molette-glass-loop.mp4 /tmp/nosfy-cartes-release-dd/Build/Products/Release-iphonesimulator/Nosfy.app

CpResource /tmp/nosfy-cartes-release-dd/Build/Products/Release-iphonesimulator/Nosfy.app/manege-nappe.caf /Users/kathryn/Desktop/Nosfy/Nosfy/Media/manege-nappe.caf (in target 'Nosfy' from project 'Nosfy')
    cd /Users/kathryn/Desktop/Nosfy
    builtin-copy -exclude .DS_Store -exclude CVS -exclude .svn -exclude .git -exclude .hg -resolve-src-symlinks /Users/kathryn/Desktop/Nosfy/Nosfy/Media/manege-nappe.caf /tmp/nosfy-cartes-release-dd/Build/Products/Release-iphonesimulator/Nosfy.app

CpResource /tmp/nosfy-cartes-release-dd/Build/Products/Release-iphonesimulator/Nosfy.app/ile-sortie.wav /Users/kathryn/Desktop/Nosfy/Nosfy/Media/ile-sortie.wav (in target 'Nosfy' from project 'Nosfy')
    cd /Users/kathryn/Desktop/Nosfy
    builtin-copy -exclude .DS_Store -exclude CVS -exclude .svn -exclude .git -exclude .hg -resolve-src-symlinks /Users/kathryn/Desktop/Nosfy/Nosfy/Media/ile-sortie.wav /tmp/nosfy-cartes-release-dd/Build/Products/Release-iphonesimulator/Nosfy.app

CpResource /tmp/nosfy-cartes-release-dd/Build/Products/Release-iphonesimulator/Nosfy.app/ile-entree.wav /Users/kathryn/Desktop/Nosfy/Nosfy/Media/ile-entree.wav (in target 'Nosfy' from project 'Nosfy')
    cd /Users/kathryn/Desktop/Nosfy
    builtin-copy -exclude .DS_Store -exclude CVS -exclude .svn -exclude .git -exclude .hg -resolve-src-symlinks /Users/kathryn/Desktop/Nosfy/Nosfy/Media/ile-entree.wav /tmp/nosfy-cartes-release-dd/Build/Products/Release-iphonesimulator/Nosfy.app

CpResource /tmp/nosfy-cartes-release-dd/Build/Products/Release-iphonesimulator/Nosfy.app/home-textes.json /Users/kathryn/Desktop/Nosfy/Nosfy/Resources/home-textes.json (in target 'Nosfy' from project 'Nosfy')
    cd /Users/kathryn/Desktop/Nosfy
    builtin-copy -exclude .DS_Store -exclude CVS -exclude .svn -exclude .git -exclude .hg -resolve-src-symlinks /Users/kathryn/Desktop/Nosfy/Nosfy/Resources/home-textes.json /tmp/nosfy-cartes-release-dd/Build/Products/Release-iphonesimulator/Nosfy.app

CpResource /tmp/nosfy-cartes-release-dd/Build/Products/Release-iphonesimulator/Nosfy.app/home-fond-precompose-393x709.mp4 /Users/kathryn/Desktop/Nosfy/Nosfy/Media/home-fond-precompose-393x709.mp4 (in target 'Nosfy' from project 'Nosfy')
    cd /Users/kathryn/Desktop/Nosfy
    builtin-copy -exclude .DS_Store -exclude CVS -exclude .svn -exclude .git -exclude .hg -resolve-src-symlinks /Users/kathryn/Desktop/Nosfy/Nosfy/Media/home-fond-precompose-393x709.mp4 /tmp/nosfy-cartes-release-dd/Build/Products/Release-iphonesimulator/Nosfy.app

CpResource /tmp/nosfy-cartes-release-dd/Build/Products/Release-iphonesimulator/Nosfy.app/home-fond-pilule.mp4 /Users/kathryn/Desktop/Nosfy/Nosfy/Media/home-fond-pilule.mp4 (in target 'Nosfy' from project 'Nosfy')
    cd /Users/kathryn/Desktop/Nosfy
    builtin-copy -exclude .DS_Store -exclude CVS -exclude .svn -exclude .git -exclude .hg -resolve-src-symlinks /Users/kathryn/Desktop/Nosfy/Nosfy/Media/home-fond-pilule.mp4 /tmp/nosfy-cartes-release-dd/Build/Products/Release-iphonesimulator/Nosfy.app

CpResource /tmp/nosfy-cartes-release-dd/Build/Products/Release-iphonesimulator/Nosfy.app/home-fond-loop.mp4 /Users/kathryn/Desktop/Nosfy/Nosfy/Media/home-fond-loop.mp4 (in target 'Nosfy' from project 'Nosfy')
    cd /Users/kathryn/Desktop/Nosfy
    builtin-copy -exclude .DS_Store -exclude CVS -exclude .svn -exclude .git -exclude .hg -resolve-src-symlinks /Users/kathryn/Desktop/Nosfy/Nosfy/Media/home-fond-loop.mp4 /tmp/nosfy-cartes-release-dd/Build/Products/Release-iphonesimulator/Nosfy.app

CpResource /tmp/nosfy-cartes-release-dd/Build/Products/Release-iphonesimulator/Nosfy.app/home-fond-flamme.mp4 /Users/kathryn/Desktop/Nosfy/Nosfy/Media/home-fond-flamme.mp4 (in target 'Nosfy' from project 'Nosfy')
    cd /Users/kathryn/Desktop/Nosfy
    builtin-copy -exclude .DS_Store -exclude CVS -exclude .svn -exclude .git -exclude .hg -resolve-src-symlinks /Users/kathryn/Desktop/Nosfy/Nosfy/Media/home-fond-flamme.mp4 /tmp/nosfy-cartes-release-dd/Build/Products/Release-iphonesimulator/Nosfy.app

CpResource /tmp/nosfy-cartes-release-dd/Build/Products/Release-iphonesimulator/Nosfy.app/fond-matrice-loop.mp4 /Users/kathryn/Desktop/Nosfy/Nosfy/Media/fond-matrice-loop.mp4 (in target 'Nosfy' from project 'Nosfy')
    cd /Users/kathryn/Desktop/Nosfy
    builtin-copy -exclude .DS_Store -exclude CVS -exclude .svn -exclude .git -exclude .hg -resolve-src-symlinks /Users/kathryn/Desktop/Nosfy/Nosfy/Media/fond-matrice-loop.mp4 /tmp/nosfy-cartes-release-dd/Build/Products/Release-iphonesimulator/Nosfy.app

CpResource /tmp/nosfy-cartes-release-dd/Build/Products/Release-iphonesimulator/Nosfy.app/flamme_overlay.mp4 /Users/kathryn/Desktop/Nosfy/Nosfy/Media/flamme_overlay.mp4 (in target 'Nosfy' from project 'Nosfy')
    cd /Users/kathryn/Desktop/Nosfy
    builtin-copy -exclude .DS_Store -exclude CVS -exclude .svn -exclude .git -exclude .hg -resolve-src-symlinks /Users/kathryn/Desktop/Nosfy/Nosfy/Media/flamme_overlay.mp4 /tmp/nosfy-cartes-release-dd/Build/Products/Release-iphonesimulator/Nosfy.app

CpResource /tmp/nosfy-cartes-release-dd/Build/Products/Release-iphonesimulator/Nosfy.app/feerie-carillon.caf /Users/kathryn/Desktop/Nosfy/Nosfy/Media/feerie-carillon.caf (in target 'Nosfy' from project 'Nosfy')
    cd /Users/kathryn/Desktop/Nosfy
    builtin-copy -exclude .DS_Store -exclude CVS -exclude .svn -exclude .git -exclude .hg -resolve-src-symlinks /Users/kathryn/Desktop/Nosfy/Nosfy/Media/feerie-carillon.caf /tmp/nosfy-cartes-release-dd/Build/Products/Release-iphonesimulator/Nosfy.app

CpResource /tmp/nosfy-cartes-release-dd/Build/Products/Release-iphonesimulator/Nosfy.app/exos-fond-loop.mp4 /Users/kathryn/Desktop/Nosfy/Nosfy/Media/exos-fond-loop.mp4 (in target 'Nosfy' from project 'Nosfy')
    cd /Users/kathryn/Desktop/Nosfy
    builtin-copy -exclude .DS_Store -exclude CVS -exclude .svn -exclude .git -exclude .hg -resolve-src-symlinks /Users/kathryn/Desktop/Nosfy/Nosfy/Media/exos-fond-loop.mp4 /tmp/nosfy-cartes-release-dd/Build/Products/Release-iphonesimulator/Nosfy.app

CpResource /tmp/nosfy-cartes-release-dd/Build/Products/Release-iphonesimulator/Nosfy.app/duo-nosfy-reward.mp4 /Users/kathryn/Desktop/Nosfy/Nosfy/Media/duo-nosfy-reward.mp4 (in target 'Nosfy' from project 'Nosfy')
    cd /Users/kathryn/Desktop/Nosfy
    builtin-copy -exclude .DS_Store -exclude CVS -exclude .svn -exclude .git -exclude .hg -resolve-src-symlinks /Users/kathryn/Desktop/Nosfy/Nosfy/Media/duo-nosfy-reward.mp4 /tmp/nosfy-cartes-release-dd/Build/Products/Release-iphonesimulator/Nosfy.app

CpResource /tmp/nosfy-cartes-release-dd/Build/Products/Release-iphonesimulator/Nosfy.app/duo-galet-rougebleu.mp4 /Users/kathryn/Desktop/Nosfy/Nosfy/Media/duo-galet-rougebleu.mp4 (in target 'Nosfy' from project 'Nosfy')
    cd /Users/kathryn/Desktop/Nosfy
    builtin-copy -exclude .DS_Store -exclude CVS -exclude .svn -exclude .git -exclude .hg -resolve-src-symlinks /Users/kathryn/Desktop/Nosfy/Nosfy/Media/duo-galet-rougebleu.mp4 /tmp/nosfy-cartes-release-dd/Build/Products/Release-iphonesimulator/Nosfy.app

CpResource /tmp/nosfy-cartes-release-dd/Build/Products/Release-iphonesimulator/Nosfy.app/duo-galet-rouge.mp4 /Users/kathryn/Desktop/Nosfy/Nosfy/Media/duo-galet-rouge.mp4 (in target 'Nosfy' from project 'Nosfy')
    cd /Users/kathryn/Desktop/Nosfy
    builtin-copy -exclude .DS_Store -exclude CVS -exclude .svn -exclude .git -exclude .hg -resolve-src-symlinks /Users/kathryn/Desktop/Nosfy/Nosfy/Media/duo-galet-rouge.mp4 /tmp/nosfy-cartes-release-dd/Build/Products/Release-iphonesimulator/Nosfy.app

CpResource /tmp/nosfy-cartes-release-dd/Build/Products/Release-iphonesimulator/Nosfy.app/duo-galet-noir.mp4 /Users/kathryn/Desktop/Nosfy/Nosfy/Media/duo-galet-noir.mp4 (in target 'Nosfy' from project 'Nosfy')
    cd /Users/kathryn/Desktop/Nosfy
    builtin-copy -exclude .DS_Store -exclude CVS -exclude .svn -exclude .git -exclude .hg -resolve-src-symlinks /Users/kathryn/Desktop/Nosfy/Nosfy/Media/duo-galet-noir.mp4 /tmp/nosfy-cartes-release-dd/Build/Products/Release-iphonesimulator/Nosfy.app

CpResource /tmp/nosfy-cartes-release-dd/Build/Products/Release-iphonesimulator/Nosfy.app/duo-flamme-bleue.mp4 /Users/kathryn/Desktop/Nosfy/Nosfy/Media/duo-flamme-bleue.mp4 (in target 'Nosfy' from project 'Nosfy')
    cd /Users/kathryn/Desktop/Nosfy
    builtin-copy -exclude .DS_Store -exclude CVS -exclude .svn -exclude .git -exclude .hg -resolve-src-symlinks /Users/kathryn/Desktop/Nosfy/Nosfy/Media/duo-flamme-bleue.mp4 /tmp/nosfy-cartes-release-dd/Build/Products/Release-iphonesimulator/Nosfy.app

CpResource /tmp/nosfy-cartes-release-dd/Build/Products/Release-iphonesimulator/Nosfy.app/duo-feu-rouge.mp4 /Users/kathryn/Desktop/Nosfy/Nosfy/Media/duo-feu-rouge.mp4 (in target 'Nosfy' from project 'Nosfy')
    cd /Users/kathryn/Desktop/Nosfy
    builtin-copy -exclude .DS_Store -exclude CVS -exclude .svn -exclude .git -exclude .hg -resolve-src-symlinks /Users/kathryn/Desktop/Nosfy/Nosfy/Media/duo-feu-rouge.mp4 /tmp/nosfy-cartes-release-dd/Build/Products/Release-iphonesimulator/Nosfy.app

CpResource /tmp/nosfy-cartes-release-dd/Build/Products/Release-iphonesimulator/Nosfy.app/duo-feu-blanc.mp4 /Users/kathryn/Desktop/Nosfy/Nosfy/Media/duo-feu-blanc.mp4 (in target 'Nosfy' from project 'Nosfy')
    cd /Users/kathryn/Desktop/Nosfy
    builtin-copy -exclude .DS_Store -exclude CVS -exclude .svn -exclude .git -exclude .hg -resolve-src-symlinks /Users/kathryn/Desktop/Nosfy/Nosfy/Media/duo-feu-blanc.mp4 /tmp/nosfy-cartes-release-dd/Build/Products/Release-iphonesimulator/Nosfy.app

CpResource /tmp/nosfy-cartes-release-dd/Build/Products/Release-iphonesimulator/Nosfy.app/dechirure-lente.caf /Users/kathryn/Desktop/Nosfy/Nosfy/Media/dechirure-lente.caf (in target 'Nosfy' from project 'Nosfy')
    cd /Users/kathryn/Desktop/Nosfy
    builtin-copy -exclude .DS_Store -exclude CVS -exclude .svn -exclude .git -exclude .hg -resolve-src-symlinks /Users/kathryn/Desktop/Nosfy/Nosfy/Media/dechirure-lente.caf /tmp/nosfy-cartes-release-dd/Build/Products/Release-iphonesimulator/Nosfy.app

CpResource /tmp/nosfy-cartes-release-dd/Build/Products/Release-iphonesimulator/Nosfy.app/dechirure-franche.caf /Users/kathryn/Desktop/Nosfy/Nosfy/Media/dechirure-franche.caf (in target 'Nosfy' from project 'Nosfy')
    cd /Users/kathryn/Desktop/Nosfy
    builtin-copy -exclude .DS_Store -exclude CVS -exclude .svn -exclude .git -exclude .hg -resolve-src-symlinks /Users/kathryn/Desktop/Nosfy/Nosfy/Media/dechirure-franche.caf /tmp/nosfy-cartes-release-dd/Build/Products/Release-iphonesimulator/Nosfy.app

CpResource /tmp/nosfy-cartes-release-dd/Build/Products/Release-iphonesimulator/Nosfy.app/dechirure-finale.caf /Users/kathryn/Desktop/Nosfy/Nosfy/Media/dechirure-finale.caf (in target 'Nosfy' from project 'Nosfy')
    cd /Users/kathryn/Desktop/Nosfy
    builtin-copy -exclude .DS_Store -exclude CVS -exclude .svn -exclude .git -exclude .hg -resolve-src-symlinks /Users/kathryn/Desktop/Nosfy/Nosfy/Media/dechirure-finale.caf /tmp/nosfy-cartes-release-dd/Build/Products/Release-iphonesimulator/Nosfy.app

CpResource /tmp/nosfy-cartes-release-dd/Build/Products/Release-iphonesimulator/Nosfy.app/count.mp4 /Users/kathryn/Desktop/Nosfy/Nosfy/Media/count.mp4 (in target 'Nosfy' from project 'Nosfy')
    cd /Users/kathryn/Desktop/Nosfy
    builtin-copy -exclude .DS_Store -exclude CVS -exclude .svn -exclude .git -exclude .hg -resolve-src-symlinks /Users/kathryn/Desktop/Nosfy/Nosfy/Media/count.mp4 /tmp/nosfy-cartes-release-dd/Build/Products/Release-iphonesimulator/Nosfy.app

CpResource /tmp/nosfy-cartes-release-dd/Build/Products/Release-iphonesimulator/Nosfy.app/coffre-spot-loop.mp4 /Users/kathryn/Desktop/Nosfy/Nosfy/Media/coffre-spot-loop.mp4 (in target 'Nosfy' from project 'Nosfy')
    cd /Users/kathryn/Desktop/Nosfy
    builtin-copy -exclude .DS_Store -exclude CVS -exclude .svn -exclude .git -exclude .hg -resolve-src-symlinks /Users/kathryn/Desktop/Nosfy/Nosfy/Media/coffre-spot-loop.mp4 /tmp/nosfy-cartes-release-dd/Build/Products/Release-iphonesimulator/Nosfy.app

CpResource /tmp/nosfy-cartes-release-dd/Build/Products/Release-iphonesimulator/Nosfy.app/coffre-salut.mp4 /Users/kathryn/Desktop/Nosfy/Nosfy/Media/coffre-salut.mp4 (in target 'Nosfy' from project 'Nosfy')
    cd /Users/kathryn/Desktop/Nosfy
    builtin-copy -exclude .DS_Store -exclude CVS -exclude .svn -exclude .git -exclude .hg -resolve-src-symlinks /Users/kathryn/Desktop/Nosfy/Nosfy/Media/coffre-salut.mp4 /tmp/nosfy-cartes-release-dd/Build/Products/Release-iphonesimulator/Nosfy.app

CpResource /tmp/nosfy-cartes-release-dd/Build/Products/Release-iphonesimulator/Nosfy.app/coffre-salle-loop.mp4 /Users/kathryn/Desktop/Nosfy/Nosfy/Media/coffre-salle-loop.mp4 (in target 'Nosfy' from project 'Nosfy')
    cd /Users/kathryn/Desktop/Nosfy
    builtin-copy -exclude .DS_Store -exclude CVS -exclude .svn -exclude .git -exclude .hg -resolve-src-symlinks /Users/kathryn/Desktop/Nosfy/Nosfy/Media/coffre-salle-loop.mp4 /tmp/nosfy-cartes-release-dd/Build/Products/Release-iphonesimulator/Nosfy.app

CpResource /tmp/nosfy-cartes-release-dd/Build/Products/Release-iphonesimulator/Nosfy.app/coffre-beau.mp4 /Users/kathryn/Desktop/Nosfy/Nosfy/Media/coffre-beau.mp4 (in target 'Nosfy' from project 'Nosfy')
    cd /Users/kathryn/Desktop/Nosfy
    builtin-copy -exclude .DS_Store -exclude CVS -exclude .svn -exclude .git -exclude .hg -resolve-src-symlinks /Users/kathryn/Desktop/Nosfy/Nosfy/Media/coffre-beau.mp4 /tmp/nosfy-cartes-release-dd/Build/Products/Release-iphonesimulator/Nosfy.app

CpResource /tmp/nosfy-cartes-release-dd/Build/Products/Release-iphonesimulator/Nosfy.app/coffre-arrivee.mp4 /Users/kathryn/Desktop/Nosfy/Nosfy/Media/coffre-arrivee.mp4 (in target 'Nosfy' from project 'Nosfy')
    cd /Users/kathryn/Desktop/Nosfy
    builtin-copy -exclude .DS_Store -exclude CVS -exclude .svn -exclude .git -exclude .hg -resolve-src-symlinks /Users/kathryn/Desktop/Nosfy/Nosfy/Media/coffre-arrivee.mp4 /tmp/nosfy-cartes-release-dd/Build/Products/Release-iphonesimulator/Nosfy.app

CpResource /tmp/nosfy-cartes-release-dd/Build/Products/Release-iphonesimulator/Nosfy.app/braise-veille.caf /Users/kathryn/Desktop/Nosfy/Nosfy/Media/braise-veille.caf (in target 'Nosfy' from project 'Nosfy')
    cd /Users/kathryn/Desktop/Nosfy
    builtin-copy -exclude .DS_Store -exclude CVS -exclude .svn -exclude .git -exclude .hg -resolve-src-symlinks /Users/kathryn/Desktop/Nosfy/Nosfy/Media/braise-veille.caf /tmp/nosfy-cartes-release-dd/Build/Products/Release-iphonesimulator/Nosfy.app

CpResource /tmp/nosfy-cartes-release-dd/Build/Products/Release-iphonesimulator/Nosfy.app/booster.bin /Users/kathryn/Desktop/Nosfy/Nosfy/Media/booster.bin (in target 'Nosfy' from project 'Nosfy')
    cd /Users/kathryn/Desktop/Nosfy
    builtin-copy -exclude .DS_Store -exclude CVS -exclude .svn -exclude .git -exclude .hg -resolve-src-symlinks /Users/kathryn/Desktop/Nosfy/Nosfy/Media/booster.bin /tmp/nosfy-cartes-release-dd/Build/Products/Release-iphonesimulator/Nosfy.app

CpResource /tmp/nosfy-cartes-release-dd/Build/Products/Release-iphonesimulator/Nosfy.app/booster-loop.mp4 /Users/kathryn/Desktop/Nosfy/Nosfy/Media/booster-loop.mp4 (in target 'Nosfy' from project 'Nosfy')
    cd /Users/kathryn/Desktop/Nosfy
    builtin-copy -exclude .DS_Store -exclude CVS -exclude .svn -exclude .git -exclude .hg -resolve-src-symlinks /Users/kathryn/Desktop/Nosfy/Nosfy/Media/booster-loop.mp4 /tmp/nosfy-cartes-release-dd/Build/Products/Release-iphonesimulator/Nosfy.app

CpResource /tmp/nosfy-cartes-release-dd/Build/Products/Release-iphonesimulator/Nosfy.app/booster-loop-noir.mp4 /Users/kathryn/Desktop/Nosfy/Nosfy/Media/booster-loop-noir.mp4 (in target 'Nosfy' from project 'Nosfy')
    cd /Users/kathryn/Desktop/Nosfy
    builtin-copy -exclude .DS_Store -exclude CVS -exclude .svn -exclude .git -exclude .hg -resolve-src-symlinks /Users/kathryn/Desktop/Nosfy/Nosfy/Media/booster-loop-noir.mp4 /tmp/nosfy-cartes-release-dd/Build/Products/Release-iphonesimulator/Nosfy.app

CpResource /tmp/nosfy-cartes-release-dd/Build/Products/Release-iphonesimulator/Nosfy.app/booster-dot-loop.mp4 /Users/kathryn/Desktop/Nosfy/Nosfy/Media/booster-dot-loop.mp4 (in target 'Nosfy' from project 'Nosfy')
    cd /Users/kathryn/Desktop/Nosfy
    builtin-copy -exclude .DS_Store -exclude CVS -exclude .svn -exclude .git -exclude .hg -resolve-src-symlinks /Users/kathryn/Desktop/Nosfy/Nosfy/Media/booster-dot-loop.mp4 /tmp/nosfy-cartes-release-dd/Build/Products/Release-iphonesimulator/Nosfy.app

CpResource /tmp/nosfy-cartes-release-dd/Build/Products/Release-iphonesimulator/Nosfy.app/background-calendar-loop.mp4 /Users/kathryn/Desktop/Nosfy/Nosfy/Media/background-calendar-loop.mp4 (in target 'Nosfy' from project 'Nosfy')
    cd /Users/kathryn/Desktop/Nosfy
    builtin-copy -exclude .DS_Store -exclude CVS -exclude .svn -exclude .git -exclude .hg -resolve-src-symlinks /Users/kathryn/Desktop/Nosfy/Nosfy/Media/background-calendar-loop.mp4 /tmp/nosfy-cartes-release-dd/Build/Products/Release-iphonesimulator/Nosfy.app

CpResource /tmp/nosfy-cartes-release-dd/Build/Products/Release-iphonesimulator/Nosfy.app/PoussiereLune.wav /Users/kathryn/Desktop/Nosfy/Nosfy/Media/PoussiereLune.wav (in target 'Nosfy' from project 'Nosfy')
    cd /Users/kathryn/Desktop/Nosfy
    builtin-copy -exclude .DS_Store -exclude CVS -exclude .svn -exclude .git -exclude .hg -resolve-src-symlinks /Users/kathryn/Desktop/Nosfy/Nosfy/Media/PoussiereLune.wav /tmp/nosfy-cartes-release-dd/Build/Products/Release-iphonesimulator/Nosfy.app

CpResource /tmp/nosfy-cartes-release-dd/Build/Products/Release-iphonesimulator/Nosfy.app/Paillette.wav /Users/kathryn/Desktop/Nosfy/Nosfy/Sounds/Paillette.wav (in target 'Nosfy' from project 'Nosfy')
    cd /Users/kathryn/Desktop/Nosfy
    builtin-copy -exclude .DS_Store -exclude CVS -exclude .svn -exclude .git -exclude .hg -resolve-src-symlinks /Users/kathryn/Desktop/Nosfy/Nosfy/Sounds/Paillette.wav /tmp/nosfy-cartes-release-dd/Build/Products/Release-iphonesimulator/Nosfy.app

CpResource /tmp/nosfy-cartes-release-dd/Build/Products/Release-iphonesimulator/Nosfy.app/NosfyTheme.m4a /Users/kathryn/Desktop/Nosfy/Nosfy/Sounds/NosfyTheme.m4a (in target 'Nosfy' from project 'Nosfy')
    cd /Users/kathryn/Desktop/Nosfy
    builtin-copy -exclude .DS_Store -exclude CVS -exclude .svn -exclude .git -exclude .hg -resolve-src-symlinks /Users/kathryn/Desktop/Nosfy/Nosfy/Sounds/NosfyTheme.m4a /tmp/nosfy-cartes-release-dd/Build/Products/Release-iphonesimulator/Nosfy.app

CpResource /tmp/nosfy-cartes-release-dd/Build/Products/Release-iphonesimulator/Nosfy.app/NosfyTap.wav /Users/kathryn/Desktop/Nosfy/Nosfy/Sounds/NosfyTap.wav (in target 'Nosfy' from project 'Nosfy')
    cd /Users/kathryn/Desktop/Nosfy
    builtin-copy -exclude .DS_Store -exclude CVS -exclude .svn -exclude .git -exclude .hg -resolve-src-symlinks /Users/kathryn/Desktop/Nosfy/Nosfy/Sounds/NosfyTap.wav /tmp/nosfy-cartes-release-dd/Build/Products/Release-iphonesimulator/Nosfy.app

CpResource /tmp/nosfy-cartes-release-dd/Build/Products/Release-iphonesimulator/Nosfy.app/NosfyPaillette.wav /Users/kathryn/Desktop/Nosfy/Nosfy/Sounds/NosfyPaillette.wav (in target 'Nosfy' from project 'Nosfy')
    cd /Users/kathryn/Desktop/Nosfy
    builtin-copy -exclude .DS_Store -exclude CVS -exclude .svn -exclude .git -exclude .hg -resolve-src-symlinks /Users/kathryn/Desktop/Nosfy/Nosfy/Sounds/NosfyPaillette.wav /tmp/nosfy-cartes-release-dd/Build/Products/Release-iphonesimulator/Nosfy.app

CpResource /tmp/nosfy-cartes-release-dd/Build/Products/Release-iphonesimulator/Nosfy.app/NosfyFin.m4a /Users/kathryn/Desktop/Nosfy/Nosfy/Sounds/NosfyFin.m4a (in target 'Nosfy' from project 'Nosfy')
    cd /Users/kathryn/Desktop/Nosfy
    builtin-copy -exclude .DS_Store -exclude CVS -exclude .svn -exclude .git -exclude .hg -resolve-src-symlinks /Users/kathryn/Desktop/Nosfy/Nosfy/Sounds/NosfyFin.m4a /tmp/nosfy-cartes-release-dd/Build/Products/Release-iphonesimulator/Nosfy.app

CpResource /tmp/nosfy-cartes-release-dd/Build/Products/Release-iphonesimulator/Nosfy.app/NeonIgnite.wav /Users/kathryn/Desktop/Nosfy/Nosfy/Sounds/NeonIgnite.wav (in target 'Nosfy' from project 'Nosfy')
    cd /Users/kathryn/Desktop/Nosfy
    builtin-copy -exclude .DS_Store -exclude CVS -exclude .svn -exclude .git -exclude .hg -resolve-src-symlinks /Users/kathryn/Desktop/Nosfy/Nosfy/Sounds/NeonIgnite.wav /tmp/nosfy-cartes-release-dd/Build/Products/Release-iphonesimulator/Nosfy.app

CpResource /tmp/nosfy-cartes-release-dd/Build/Products/Release-iphonesimulator/Nosfy.app/MoonSplashTheme.m4a /Users/kathryn/Desktop/Nosfy/Nosfy/Sounds/MoonSplashTheme.m4a (in target 'Nosfy' from project 'Nosfy')
    cd /Users/kathryn/Desktop/Nosfy
    builtin-copy -exclude .DS_Store -exclude CVS -exclude .svn -exclude .git -exclude .hg -resolve-src-symlinks /Users/kathryn/Desktop/Nosfy/Nosfy/Sounds/MoonSplashTheme.m4a /tmp/nosfy-cartes-release-dd/Build/Products/Release-iphonesimulator/Nosfy.app

CpResource /tmp/nosfy-cartes-release-dd/Build/Products/Release-iphonesimulator/Nosfy.app/MoonSDF.bin /Users/kathryn/Desktop/Nosfy/Nosfy/MoonSDF.bin (in target 'Nosfy' from project 'Nosfy')
    cd /Users/kathryn/Desktop/Nosfy
    builtin-copy -exclude .DS_Store -exclude CVS -exclude .svn -exclude .git -exclude .hg -resolve-src-symlinks /Users/kathryn/Desktop/Nosfy/Nosfy/MoonSDF.bin /tmp/nosfy-cartes-release-dd/Build/Products/Release-iphonesimulator/Nosfy.app

CpResource /tmp/nosfy-cartes-release-dd/Build/Products/Release-iphonesimulator/Nosfy.app/MoonGraze.wav /Users/kathryn/Desktop/Nosfy/Nosfy/Sounds/MoonGraze.wav (in target 'Nosfy' from project 'Nosfy')
    cd /Users/kathryn/Desktop/Nosfy
    builtin-copy -exclude .DS_Store -exclude CVS -exclude .svn -exclude .git -exclude .hg -resolve-src-symlinks /Users/kathryn/Desktop/Nosfy/Nosfy/Sounds/MoonGraze.wav /tmp/nosfy-cartes-release-dd/Build/Products/Release-iphonesimulator/Nosfy.app

CpResource /tmp/nosfy-cartes-release-dd/Build/Products/Release-iphonesimulator/Nosfy.app/MoonGlide.wav /Users/kathryn/Desktop/Nosfy/Nosfy/Sounds/MoonGlide.wav (in target 'Nosfy' from project 'Nosfy')
    cd /Users/kathryn/Desktop/Nosfy
    builtin-copy -exclude .DS_Store -exclude CVS -exclude .svn -exclude .git -exclude .hg -resolve-src-symlinks /Users/kathryn/Desktop/Nosfy/Nosfy/Sounds/MoonGlide.wav /tmp/nosfy-cartes-release-dd/Build/Products/Release-iphonesimulator/Nosfy.app

CpResource /tmp/nosfy-cartes-release-dd/Build/Products/Release-iphonesimulator/Nosfy.app/LuneSangTheme.m4a /Users/kathryn/Desktop/Nosfy/Nosfy/Sounds/LuneSangTheme.m4a (in target 'Nosfy' from project 'Nosfy')
    cd /Users/kathryn/Desktop/Nosfy
    builtin-copy -exclude .DS_Store -exclude CVS -exclude .svn -exclude .git -exclude .hg -resolve-src-symlinks /Users/kathryn/Desktop/Nosfy/Nosfy/Sounds/LuneSangTheme.m4a /tmp/nosfy-cartes-release-dd/Build/Products/Release-iphonesimulator/Nosfy.app

CpResource /tmp/nosfy-cartes-release-dd/Build/Products/Release-iphonesimulator/Nosfy.app/LensTheme.m4a /Users/kathryn/Desktop/Nosfy/Nosfy/Sounds/LensTheme.m4a (in target 'Nosfy' from project 'Nosfy')
    cd /Users/kathryn/Desktop/Nosfy
    builtin-copy -exclude .DS_Store -exclude CVS -exclude .svn -exclude .git -exclude .hg -resolve-src-symlinks /Users/kathryn/Desktop/Nosfy/Nosfy/Sounds/LensTheme.m4a /tmp/nosfy-cartes-release-dd/Build/Products/Release-iphonesimulator/Nosfy.app

CpResource /tmp/nosfy-cartes-release-dd/Build/Products/Release-iphonesimulator/Nosfy.app/Inter-SemiBold.otf /Users/kathryn/Desktop/Nosfy/Nosfy/Fonts/Inter-SemiBold.otf (in target 'Nosfy' from project 'Nosfy')
    cd /Users/kathryn/Desktop/Nosfy
    builtin-copy -exclude .DS_Store -exclude CVS -exclude .svn -exclude .git -exclude .hg -resolve-src-symlinks /Users/kathryn/Desktop/Nosfy/Nosfy/Fonts/Inter-SemiBold.otf /tmp/nosfy-cartes-release-dd/Build/Products/Release-iphonesimulator/Nosfy.app

CpResource /tmp/nosfy-cartes-release-dd/Build/Products/Release-iphonesimulator/Nosfy.app/Inter-Regular.otf /Users/kathryn/Desktop/Nosfy/Nosfy/Fonts/Inter-Regular.otf (in target 'Nosfy' from project 'Nosfy')
    cd /Users/kathryn/Desktop/Nosfy
    builtin-copy -exclude .DS_Store -exclude CVS -exclude .svn -exclude .git -exclude .hg -resolve-src-symlinks /Users/kathryn/Desktop/Nosfy/Nosfy/Fonts/Inter-Regular.otf /tmp/nosfy-cartes-release-dd/Build/Products/Release-iphonesimulator/Nosfy.app

CpResource /tmp/nosfy-cartes-release-dd/Build/Products/Release-iphonesimulator/Nosfy.app/Inter-Medium.otf /Users/kathryn/Desktop/Nosfy/Nosfy/Fonts/Inter-Medium.otf (in target 'Nosfy' from project 'Nosfy')
    cd /Users/kathryn/Desktop/Nosfy
    builtin-copy -exclude .DS_Store -exclude CVS -exclude .svn -exclude .git -exclude .hg -resolve-src-symlinks /Users/kathryn/Desktop/Nosfy/Nosfy/Fonts/Inter-Medium.otf /tmp/nosfy-cartes-release-dd/Build/Products/Release-iphonesimulator/Nosfy.app

CpResource /tmp/nosfy-cartes-release-dd/Build/Products/Release-iphonesimulator/Nosfy.app/Inter-Light.otf /Users/kathryn/Desktop/Nosfy/Nosfy/Fonts/Inter-Light.otf (in target 'Nosfy' from project 'Nosfy')
    cd /Users/kathryn/Desktop/Nosfy
    builtin-copy -exclude .DS_Store -exclude CVS -exclude .svn -exclude .git -exclude .hg -resolve-src-symlinks /Users/kathryn/Desktop/Nosfy/Nosfy/Fonts/Inter-Light.otf /tmp/nosfy-cartes-release-dd/Build/Products/Release-iphonesimulator/Nosfy.app

CpResource /tmp/nosfy-cartes-release-dd/Build/Products/Release-iphonesimulator/Nosfy.app/Inter-Bold.otf /Users/kathryn/Desktop/Nosfy/Nosfy/Fonts/Inter-Bold.otf (in target 'Nosfy' from project 'Nosfy')
    cd /Users/kathryn/Desktop/Nosfy
    builtin-copy -exclude .DS_Store -exclude CVS -exclude .svn -exclude .git -exclude .hg -resolve-src-symlinks /Users/kathryn/Desktop/Nosfy/Nosfy/Fonts/Inter-Bold.otf /tmp/nosfy-cartes-release-dd/Build/Products/Release-iphonesimulator/Nosfy.app

CpResource /tmp/nosfy-cartes-release-dd/Build/Products/Release-iphonesimulator/Nosfy.app/DialTock.wav /Users/kathryn/Desktop/Nosfy/Nosfy/Sounds/DialTock.wav (in target 'Nosfy' from project 'Nosfy')
    cd /Users/kathryn/Desktop/Nosfy
    builtin-copy -exclude .DS_Store -exclude CVS -exclude .svn -exclude .git -exclude .hg -resolve-src-symlinks /Users/kathryn/Desktop/Nosfy/Nosfy/Sounds/DialTock.wav /tmp/nosfy-cartes-release-dd/Build/Products/Release-iphonesimulator/Nosfy.app

CpResource /tmp/nosfy-cartes-release-dd/Build/Products/Release-iphonesimulator/Nosfy.app/DialTick.wav /Users/kathryn/Desktop/Nosfy/Nosfy/Sounds/DialTick.wav (in target 'Nosfy' from project 'Nosfy')
    cd /Users/kathryn/Desktop/Nosfy
    builtin-copy -exclude .DS_Store -exclude CVS -exclude .svn -exclude .git -exclude .hg -resolve-src-symlinks /Users/kathryn/Desktop/Nosfy/Nosfy/Sounds/DialTick.wav /tmp/nosfy-cartes-release-dd/Build/Products/Release-iphonesimulator/Nosfy.app

CpResource /tmp/nosfy-cartes-release-dd/Build/Products/Release-iphonesimulator/Nosfy.app/DialTap.wav /Users/kathryn/Desktop/Nosfy/Nosfy/Sounds/DialTap.wav (in target 'Nosfy' from project 'Nosfy')
    cd /Users/kathryn/Desktop/Nosfy
    builtin-copy -exclude .DS_Store -exclude CVS -exclude .svn -exclude .git -exclude .hg -resolve-src-symlinks /Users/kathryn/Desktop/Nosfy/Nosfy/Sounds/DialTap.wav /tmp/nosfy-cartes-release-dd/Build/Products/Release-iphonesimulator/Nosfy.app

CpResource /tmp/nosfy-cartes-release-dd/Build/Products/Release-iphonesimulator/Nosfy.app/CoinChink.wav /Users/kathryn/Desktop/Nosfy/Nosfy/Media/CoinChink.wav (in target 'Nosfy' from project 'Nosfy')
    cd /Users/kathryn/Desktop/Nosfy
    builtin-copy -exclude .DS_Store -exclude CVS -exclude .svn -exclude .git -exclude .hg -resolve-src-symlinks /Users/kathryn/Desktop/Nosfy/Nosfy/Media/CoinChink.wav /tmp/nosfy-cartes-release-dd/Build/Products/Release-iphonesimulator/Nosfy.app

CpResource /tmp/nosfy-cartes-release-dd/Build/Products/Release-iphonesimulator/Nosfy.app/BoosterLeve.wav /Users/kathryn/Desktop/Nosfy/Nosfy/Media/BoosterLeve.wav (in target 'Nosfy' from project 'Nosfy')
    cd /Users/kathryn/Desktop/Nosfy
    builtin-copy -exclude .DS_Store -exclude CVS -exclude .svn -exclude .git -exclude .hg -resolve-src-symlinks /Users/kathryn/Desktop/Nosfy/Nosfy/Media/BoosterLeve.wav /tmp/nosfy-cartes-release-dd/Build/Products/Release-iphonesimulator/Nosfy.app

CpResource /tmp/nosfy-cartes-release-dd/Build/Products/Release-iphonesimulator/Nosfy.app/AuroraSwipe.wav /Users/kathryn/Desktop/Nosfy/Nosfy/Sounds/AuroraSwipe.wav (in target 'Nosfy' from project 'Nosfy')
    cd /Users/kathryn/Desktop/Nosfy
    builtin-copy -exclude .DS_Store -exclude CVS -exclude .svn -exclude .git -exclude .hg -resolve-src-symlinks /Users/kathryn/Desktop/Nosfy/Nosfy/Sounds/AuroraSwipe.wav /tmp/nosfy-cartes-release-dd/Build/Products/Release-iphonesimulator/Nosfy.app

CpResource /tmp/nosfy-cartes-release-dd/Build/Products/Release-iphonesimulator/Nosfy.app/AuroraSparkle.wav /Users/kathryn/Desktop/Nosfy/Nosfy/Sounds/AuroraSparkle.wav (in target 'Nosfy' from project 'Nosfy')
    cd /Users/kathryn/Desktop/Nosfy
    builtin-copy -exclude .DS_Store -exclude CVS -exclude .svn -exclude .git -exclude .hg -resolve-src-symlinks /Users/kathryn/Desktop/Nosfy/Nosfy/Sounds/AuroraSparkle.wav /tmp/nosfy-cartes-release-dd/Build/Products/Release-iphonesimulator/Nosfy.app

CpResource /tmp/nosfy-cartes-release-dd/Build/Products/Release-iphonesimulator/Nosfy.app/AuroraBreath.wav /Users/kathryn/Desktop/Nosfy/Nosfy/Sounds/AuroraBreath.wav (in target 'Nosfy' from project 'Nosfy')
    cd /Users/kathryn/Desktop/Nosfy
    builtin-copy -exclude .DS_Store -exclude CVS -exclude .svn -exclude .git -exclude .hg -resolve-src-symlinks /Users/kathryn/Desktop/Nosfy/Nosfy/Sounds/AuroraBreath.wav /tmp/nosfy-cartes-release-dd/Build/Products/Release-iphonesimulator/Nosfy.app

CopyPNGFile /tmp/nosfy-cartes-release-dd/Build/Products/Release-iphonesimulator/Nosfy.app/coffre-spot.png /Users/kathryn/Desktop/Nosfy/Nosfy/Media/coffre-spot.png (in target 'Nosfy' from project 'Nosfy')
    cd /Users/kathryn/Desktop/Nosfy
    /Applications/Xcode.app/Contents/Developer/usr/bin/copypng -compress -strip-PNG-text /Users/kathryn/Desktop/Nosfy/Nosfy/Media/coffre-spot.png /tmp/nosfy-cartes-release-dd/Build/Products/Release-iphonesimulator/Nosfy.app/coffre-spot.png

CopyPNGFile /tmp/nosfy-cartes-release-dd/Build/Products/Release-iphonesimulator/Nosfy.app/coffre-arche.png /Users/kathryn/Desktop/Nosfy/Nosfy/Media/coffre-arche.png (in target 'Nosfy' from project 'Nosfy')
    cd /Users/kathryn/Desktop/Nosfy
    /Applications/Xcode.app/Contents/Developer/usr/bin/copypng -compress -strip-PNG-text /Users/kathryn/Desktop/Nosfy/Nosfy/Media/coffre-arche.png /tmp/nosfy-cartes-release-dd/Build/Products/Release-iphonesimulator/Nosfy.app/coffre-arche.png

CopyPNGFile /tmp/nosfy-cartes-release-dd/Build/Products/Release-iphonesimulator/Nosfy.app/coffre-arche-neon.png /Users/kathryn/Desktop/Nosfy/Nosfy/Media/coffre-arche-neon.png (in target 'Nosfy' from project 'Nosfy')
    cd /Users/kathryn/Desktop/Nosfy
    /Applications/Xcode.app/Contents/Developer/usr/bin/copypng -compress -strip-PNG-text /Users/kathryn/Desktop/Nosfy/Nosfy/Media/coffre-arche-neon.png /tmp/nosfy-cartes-release-dd/Build/Products/Release-iphonesimulator/Nosfy.app/coffre-arche-neon.png

CopyPNGFile /tmp/nosfy-cartes-release-dd/Build/Products/Release-iphonesimulator/Nosfy.app/carte-lune-L3.png /Users/kathryn/Desktop/Nosfy/Nosfy/Media/carte-lune-L3.png (in target 'Nosfy' from project 'Nosfy')
    cd /Users/kathryn/Desktop/Nosfy
    /Applications/Xcode.app/Contents/Developer/usr/bin/copypng -compress -strip-PNG-text /Users/kathryn/Desktop/Nosfy/Nosfy/Media/carte-lune-L3.png /tmp/nosfy-cartes-release-dd/Build/Products/Release-iphonesimulator/Nosfy.app/carte-lune-L3.png

CopyPNGFile /tmp/nosfy-cartes-release-dd/Build/Products/Release-iphonesimulator/Nosfy.app/carte-lune-L2.png /Users/kathryn/Desktop/Nosfy/Nosfy/Media/carte-lune-L2.png (in target 'Nosfy' from project 'Nosfy')
    cd /Users/kathryn/Desktop/Nosfy
    /Applications/Xcode.app/Contents/Developer/usr/bin/copypng -compress -strip-PNG-text /Users/kathryn/Desktop/Nosfy/Nosfy/Media/carte-lune-L2.png /tmp/nosfy-cartes-release-dd/Build/Products/Release-iphonesimulator/Nosfy.app/carte-lune-L2.png

CopyPNGFile /tmp/nosfy-cartes-release-dd/Build/Products/Release-iphonesimulator/Nosfy.app/carte-lune-L1.png /Users/kathryn/Desktop/Nosfy/Nosfy/Media/carte-lune-L1.png (in target 'Nosfy' from project 'Nosfy')
    cd /Users/kathryn/Desktop/Nosfy
    /Applications/Xcode.app/Contents/Developer/usr/bin/copypng -compress -strip-PNG-text /Users/kathryn/Desktop/Nosfy/Nosfy/Media/carte-lune-L1.png /tmp/nosfy-cartes-release-dd/Build/Products/Release-iphonesimulator/Nosfy.app/carte-lune-L1.png

CopyPNGFile /tmp/nosfy-cartes-release-dd/Build/Products/Release-iphonesimulator/Nosfy.app/carte-lune-L0.png /Users/kathryn/Desktop/Nosfy/Nosfy/Media/carte-lune-L0.png (in target 'Nosfy' from project 'Nosfy')
    cd /Users/kathryn/Desktop/Nosfy
    /Applications/Xcode.app/Contents/Developer/usr/bin/copypng -compress -strip-PNG-text /Users/kathryn/Desktop/Nosfy/Nosfy/Media/carte-lune-L0.png /tmp/nosfy-cartes-release-dd/Build/Products/Release-iphonesimulator/Nosfy.app/carte-lune-L0.png

CopyPNGFile /tmp/nosfy-cartes-release-dd/Build/Products/Release-iphonesimulator/Nosfy.app/carte-lune-1.png /Users/kathryn/Desktop/Nosfy/Nosfy/Media/carte-lune-1.png (in target 'Nosfy' from project 'Nosfy')
    cd /Users/kathryn/Desktop/Nosfy
    /Applications/Xcode.app/Contents/Developer/usr/bin/copypng -compress -strip-PNG-text /Users/kathryn/Desktop/Nosfy/Nosfy/Media/carte-lune-1.png /tmp/nosfy-cartes-release-dd/Build/Products/Release-iphonesimulator/Nosfy.app/carte-lune-1.png

CopyPNGFile /tmp/nosfy-cartes-release-dd/Build/Products/Release-iphonesimulator/Nosfy.app/carte-lune-1-depth.png /Users/kathryn/Desktop/Nosfy/Nosfy/Media/carte-lune-1-depth.png (in target 'Nosfy' from project 'Nosfy')
    cd /Users/kathryn/Desktop/Nosfy
    /Applications/Xcode.app/Contents/Developer/usr/bin/copypng -compress -strip-PNG-text /Users/kathryn/Desktop/Nosfy/Nosfy/Media/carte-lune-1-depth.png /tmp/nosfy-cartes-release-dd/Build/Products/Release-iphonesimulator/Nosfy.app/carte-lune-1-depth.png

CopyPNGFile /tmp/nosfy-cartes-release-dd/Build/Products/Release-iphonesimulator/Nosfy.app/carte-logo-ref.png /Users/kathryn/Desktop/Nosfy/Nosfy/Media/carte-logo-ref.png (in target 'Nosfy' from project 'Nosfy')
    cd /Users/kathryn/Desktop/Nosfy
    /Applications/Xcode.app/Contents/Developer/usr/bin/copypng -compress -strip-PNG-text /Users/kathryn/Desktop/Nosfy/Nosfy/Media/carte-logo-ref.png /tmp/nosfy-cartes-release-dd/Build/Products/Release-iphonesimulator/Nosfy.app/carte-logo-ref.png

CopyPNGFile /tmp/nosfy-cartes-release-dd/Build/Products/Release-iphonesimulator/Nosfy.app/carte-dos.png /Users/kathryn/Desktop/Nosfy/Nosfy/Media/carte-dos.png (in target 'Nosfy' from project 'Nosfy')
    cd /Users/kathryn/Desktop/Nosfy
    /Applications/Xcode.app/Contents/Developer/usr/bin/copypng -compress -strip-PNG-text /Users/kathryn/Desktop/Nosfy/Nosfy/Media/carte-dos.png /tmp/nosfy-cartes-release-dd/Build/Products/Release-iphonesimulator/Nosfy.app/carte-dos.png

CopyPNGFile /tmp/nosfy-cartes-release-dd/Build/Products/Release-iphonesimulator/Nosfy.app/carte-dos-vide.png /Users/kathryn/Desktop/Nosfy/Nosfy/Media/carte-dos-vide.png (in target 'Nosfy' from project 'Nosfy')
    cd /Users/kathryn/Desktop/Nosfy
    /Applications/Xcode.app/Contents/Developer/usr/bin/copypng -compress -strip-PNG-text /Users/kathryn/Desktop/Nosfy/Nosfy/Media/carte-dos-vide.png /tmp/nosfy-cartes-release-dd/Build/Products/Release-iphonesimulator/Nosfy.app/carte-dos-vide.png

CopyPNGFile /tmp/nosfy-cartes-release-dd/Build/Products/Release-iphonesimulator/Nosfy.app/carte-cadre.png /Users/kathryn/Desktop/Nosfy/Nosfy/Media/carte-cadre.png (in target 'Nosfy' from project 'Nosfy')
    cd /Users/kathryn/Desktop/Nosfy
    /Applications/Xcode.app/Contents/Developer/usr/bin/copypng -compress -strip-PNG-text /Users/kathryn/Desktop/Nosfy/Nosfy/Media/carte-cadre.png /tmp/nosfy-cartes-release-dd/Build/Products/Release-iphonesimulator/Nosfy.app/carte-cadre.png

CopyPNGFile /tmp/nosfy-cartes-release-dd/Build/Products/Release-iphonesimulator/Nosfy.app/carte-cadre-legendaire.png /Users/kathryn/Desktop/Nosfy/Nosfy/Media/carte-cadre-legendaire.png (in target 'Nosfy' from project 'Nosfy')
    cd /Users/kathryn/Desktop/Nosfy
    /Applications/Xcode.app/Contents/Developer/usr/bin/copypng -compress -strip-PNG-text /Users/kathryn/Desktop/Nosfy/Nosfy/Media/carte-cadre-legendaire.png /tmp/nosfy-cartes-release-dd/Build/Products/Release-iphonesimulator/Nosfy.app/carte-cadre-legendaire.png

SwiftExplicitDependencyGeneratePcm arm64 /tmp/nosfy-cartes-release-dd/ModuleCache.noindex/_Builtin_float-G07873X1XN8GAZ2LXJ760A5M.pcm

SwiftExplicitDependencyGeneratePcm arm64 /tmp/nosfy-cartes-release-dd/ModuleCache.noindex/_Builtin_stddef-3N5IIOM1YFLURA6E5CCXAZ2HC.pcm

SwiftExplicitDependencyGeneratePcm arm64 /tmp/nosfy-cartes-release-dd/ModuleCache.noindex/_Builtin_stdbool-3NZNR0PUKS20ZF4LAC93OQ709.pcm

SwiftExplicitDependencyGeneratePcm arm64 /tmp/nosfy-cartes-release-dd/ModuleCache.noindex/ptrauth-3DAG5NFPFEWGGBZ8ZFEW43SQK.pcm

SwiftExplicitDependencyGeneratePcm arm64 /tmp/nosfy-cartes-release-dd/ModuleCache.noindex/ActivityKit-CLU0JAPX2LUWD0JXXUDNTLG24.pcm

SwiftExplicitDependencyGeneratePcm arm64 /tmp/nosfy-cartes-release-dd/ModuleCache.noindex/SwiftShims-AUDV5SYUREO7S1OUPD29BCY4E.pcm

SwiftExplicitDependencyGeneratePcm arm64 /tmp/nosfy-cartes-release-dd/ModuleCache.noindex/_AvailabilityInternal-76BM160TH5Q5CQWSMMJWRTVAO.pcm

SwiftExplicitDependencyGeneratePcm arm64 /tmp/nosfy-cartes-release-dd/ModuleCache.noindex/DeveloperToolsSupport-EI5AD950N6OU3PY8HZUENWWRD.pcm

SwiftExplicitDependencyGeneratePcm arm64 /tmp/nosfy-cartes-release-dd/ModuleCache.noindex/ptrcheck-9VUOTBWEZYVE1L4UXAKCTF0OI.pcm

SwiftExplicitDependencyGeneratePcm arm64 /tmp/nosfy-cartes-release-dd/ModuleCache.noindex/_SwiftConcurrencyShims-3F9XCTLX5N0359JZ74THSMYKN.pcm

SwiftExplicitDependencyGeneratePcm arm64 /tmp/nosfy-cartes-release-dd/ModuleCache.noindex/_Builtin_stdarg-7HC5Z1S2P8UDC7OYBORRELC4I.pcm

SwiftDriver\ Compilation Nosfy normal arm64 com.apple.xcode.tools.swift.compiler (in target 'Nosfy' from project 'Nosfy')
    cd /Users/kathryn/Desktop/Nosfy
    builtin-Swift-Compilation -- /Applications/Xcode.app/Contents/Developer/Toolchains/XcodeDefault.xctoolchain/usr/bin/swiftc -module-name Woop -O -whole-module-optimization @/tmp/nosfy-cartes-release-dd/Build/Intermediates.noindex/Nosfy.build/Release-iphonesimulator/Nosfy.build/Objects-normal/arm64/Nosfy.SwiftFileList -enable-bare-slash-regex -enable-experimental-feature DebugDescriptionMacro -sdk /Applications/Xcode.app/Contents/Developer/Platforms/iPhoneSimulator.platform/Developer/SDKs/iPhoneSimulator26.5.sdk -target arm64-apple-ios26.0-simulator -g -module-cache-path /tmp/nosfy-cartes-release-dd/ModuleCache.noindex -Xfrontend -serialize-debugging-options -swift-version 5 -I /tmp/nosfy-cartes-release-dd/Build/Products/Release-iphonesimulator -F /tmp/nosfy-cartes-release-dd/Build/Products/Release-iphonesimulator -emit-localized-strings -emit-localized-strings-path /tmp/nosfy-cartes-release-dd/Build/Intermediates.noindex/Nosfy.build/Release-iphonesimulator/Nosfy.build/Objects-normal/arm64 -c -num-threads 10 -Xcc -ivfsstatcache -Xcc /tmp/nosfy-cartes-release-dd/SDKStatCaches.noindex/iphonesimulator26.5-23F73-688ef53f1462e2c8f657fdc38a81448f6cfe768891a92b912361537c460fe42b.sdkstatcache -output-file-map /tmp/nosfy-cartes-release-dd/Build/Intermediates.noindex/Nosfy.build/Release-iphonesimulator/Nosfy.build/Objects-normal/arm64/Nosfy-OutputFileMap.json -use-frontend-parseable-output -save-temps -no-color-diagnostics -explicit-module-build -module-cache-path /tmp/nosfy-cartes-release-dd/Build/Intermediates.noindex/SwiftExplicitPrecompiledModules -clang-scanner-module-cache-path /tmp/nosfy-cartes-release-dd/ModuleCache.noindex -sdk-module-cache-path /tmp/nosfy-cartes-release-dd/ModuleCache.noindex -serialize-diagnostics -emit-dependencies -emit-module -emit-module-path /tmp/nosfy-cartes-release-dd/Build/Intermediates.noindex/Nosfy.build/Release-iphonesimulator/Nosfy.build/Objects-normal/arm64/Woop.swiftmodule -validate-clang-modules-once -clang-build-session-file /tmp/nosfy-cartes-release-dd/ModuleCache.noindex/Session.modulevalidation -Xcc -I/tmp/nosfy-cartes-release-dd/Build/Intermediates.noindex/Nosfy.build/Release-iphonesimulator/Nosfy.build/swift-overrides.hmap -emit-const-values -Xfrontend -const-gather-protocols-file -Xfrontend /tmp/nosfy-cartes-release-dd/Build/Intermediates.noindex/Nosfy.build/Release-iphonesimulator/Nosfy.build/Objects-normal/arm64/Nosfy_const_extract_protocols.json -Xcc -iquote -Xcc /tmp/nosfy-cartes-release-dd/Build/Intermediates.noindex/Nosfy.build/Release-iphonesimulator/Nosfy.build/Nosfy-generated-files.hmap -Xcc -I/tmp/nosfy-cartes-release-dd/Build/Intermediates.noindex/Nosfy.build/Release-iphonesimulator/Nosfy.build/Nosfy-own-target-headers.hmap -Xcc -I/tmp/nosfy-cartes-release-dd/Build/Intermediates.noindex/Nosfy.build/Release-iphonesimulator/Nosfy.build/Nosfy-all-target-headers.hmap -Xcc -iquote -Xcc /tmp/nosfy-cartes-release-dd/Build/Intermediates.noindex/Nosfy.build/Release-iphonesimulator/Nosfy.build/Nosfy-project-headers.hmap -Xcc -I/tmp/nosfy-cartes-release-dd/Build/Products/Release-iphonesimulator/include -Xcc -I/tmp/nosfy-cartes-release-dd/Build/Intermediates.noindex/Nosfy.build/Release-iphonesimulator/Nosfy.build/DerivedSources-normal/arm64 -Xcc -I/tmp/nosfy-cartes-release-dd/Build/Intermediates.noindex/Nosfy.build/Release-iphonesimulator/Nosfy.build/DerivedSources/arm64 -Xcc -I/tmp/nosfy-cartes-release-dd/Build/Intermediates.noindex/Nosfy.build/Release-iphonesimulator/Nosfy.build/DerivedSources -emit-objc-header -emit-objc-header-path /tmp/nosfy-cartes-release-dd/Build/Intermediates.noindex/Nosfy.build/Release-iphonesimulator/Nosfy.build/Objects-normal/arm64/Woop-Swift.h -working-directory /Users/kathryn/Desktop/Nosfy -no-emit-module-separately-wmo

SwiftExplicitDependencyGeneratePcm arm64 /tmp/nosfy-cartes-release-dd/ModuleCache.noindex/_DarwinFoundation1-3A9TMA9NG5FKSACKNZB7IEC9Y.pcm

CopyPNGFile /tmp/nosfy-cartes-release-dd/Build/Products/Release-iphonesimulator/Nosfy.app/carnet-ouvert.png /Users/kathryn/Desktop/Nosfy/Nosfy/Media/carnet-ouvert.png (in target 'Nosfy' from project 'Nosfy')
    cd /Users/kathryn/Desktop/Nosfy
    /Applications/Xcode.app/Contents/Developer/usr/bin/copypng -compress -strip-PNG-text /Users/kathryn/Desktop/Nosfy/Nosfy/Media/carnet-ouvert.png /tmp/nosfy-cartes-release-dd/Build/Products/Release-iphonesimulator/Nosfy.app/carnet-ouvert.png

CopyPNGFile /tmp/nosfy-cartes-release-dd/Build/Products/Release-iphonesimulator/Nosfy.app/carnet-ferme.png /Users/kathryn/Desktop/Nosfy/Nosfy/Media/carnet-ferme.png (in target 'Nosfy' from project 'Nosfy')
    cd /Users/kathryn/Desktop/Nosfy
    /Applications/Xcode.app/Contents/Developer/usr/bin/copypng -compress -strip-PNG-text /Users/kathryn/Desktop/Nosfy/Nosfy/Media/carnet-ferme.png /tmp/nosfy-cartes-release-dd/Build/Products/Release-iphonesimulator/Nosfy.app/carnet-ferme.png

CopyPNGFile /tmp/nosfy-cartes-release-dd/Build/Products/Release-iphonesimulator/Nosfy.app/booster-pill.png /Users/kathryn/Desktop/Nosfy/Nosfy/Media/booster-pill.png (in target 'Nosfy' from project 'Nosfy')
    cd /Users/kathryn/Desktop/Nosfy
    /Applications/Xcode.app/Contents/Developer/usr/bin/copypng -compress -strip-PNG-text /Users/kathryn/Desktop/Nosfy/Nosfy/Media/booster-pill.png /tmp/nosfy-cartes-release-dd/Build/Products/Release-iphonesimulator/Nosfy.app/booster-pill.png

SwiftExplicitDependencyGeneratePcm arm64 /tmp/nosfy-cartes-release-dd/ModuleCache.noindex/ExtensionFoundation-6CYJGP8SPMRCSTM2RDZ1C66PB.pcm

SwiftExplicitDependencyGeneratePcm arm64 /tmp/nosfy-cartes-release-dd/ModuleCache.noindex/_DarwinFoundation2-9PMB64GJJAV3I62KJD9VZBWFZ.pcm

SwiftExplicitDependencyGeneratePcm arm64 /tmp/nosfy-cartes-release-dd/ModuleCache.noindex/_Builtin_limits-41OXOTZ4Q9EFWJU4749SOHG11.pcm

SwiftExplicitDependencyGeneratePcm arm64 /tmp/nosfy-cartes-release-dd/ModuleCache.noindex/_Builtin_tgmath-27AEWKPDAE2EVH4Q0AWYBU19D.pcm

SwiftExplicitDependencyGeneratePcm arm64 /tmp/nosfy-cartes-release-dd/ModuleCache.noindex/_Builtin_stdint-1HQ7EO4MZH8VBM9H6884GMFJJ.pcm

SwiftExplicitDependencyGeneratePcm arm64 /tmp/nosfy-cartes-release-dd/ModuleCache.noindex/sys_types-4FG2PE01XI5LSJVPVYB92FREC.pcm

CopyPNGFile /tmp/nosfy-cartes-release-dd/Build/Products/Release-iphonesimulator/Nosfy.app/booster-pill-noir.png /Users/kathryn/Desktop/Nosfy/Nosfy/Media/booster-pill-noir.png (in target 'Nosfy' from project 'Nosfy')
    cd /Users/kathryn/Desktop/Nosfy
    /Applications/Xcode.app/Contents/Developer/usr/bin/copypng -compress -strip-PNG-text /Users/kathryn/Desktop/Nosfy/Nosfy/Media/booster-pill-noir.png /tmp/nosfy-cartes-release-dd/Build/Products/Release-iphonesimulator/Nosfy.app/booster-pill-noir.png

SwiftExplicitDependencyGeneratePcm arm64 /tmp/nosfy-cartes-release-dd/ModuleCache.noindex/_Builtin_stdatomic-8UI1GBQG5YKROZNDGUAHJPMOM.pcm

SwiftExplicitDependencyGeneratePcm arm64 /tmp/nosfy-cartes-release-dd/ModuleCache.noindex/_DarwinFoundation3-ELJNCY93LDQ5T9NTSE2ENR1DK.pcm

SwiftExplicitDependencyGeneratePcm arm64 /tmp/nosfy-cartes-release-dd/ModuleCache.noindex/_Builtin_intrinsics-7D9UZ1F0JPS3591Y8MG2IK1CS.pcm

CopyPNGFile /tmp/nosfy-cartes-release-dd/Build/Products/Release-iphonesimulator/Nosfy.app/booster-normal.png /Users/kathryn/Desktop/Nosfy/Nosfy/Media/booster-normal.png (in target 'Nosfy' from project 'Nosfy')
    cd /Users/kathryn/Desktop/Nosfy
    /Applications/Xcode.app/Contents/Developer/usr/bin/copypng -compress -strip-PNG-text /Users/kathryn/Desktop/Nosfy/Nosfy/Media/booster-normal.png /tmp/nosfy-cartes-release-dd/Build/Products/Release-iphonesimulator/Nosfy.app/booster-normal.png

CopyPNGFile /tmp/nosfy-cartes-release-dd/Build/Products/Release-iphonesimulator/Nosfy.app/booster-noir-emiss.png /Users/kathryn/Desktop/Nosfy/Nosfy/Media/booster-noir-emiss.png (in target 'Nosfy' from project 'Nosfy')
    cd /Users/kathryn/Desktop/Nosfy
    /Applications/Xcode.app/Contents/Developer/usr/bin/copypng -compress -strip-PNG-text /Users/kathryn/Desktop/Nosfy/Nosfy/Media/booster-noir-emiss.png /tmp/nosfy-cartes-release-dd/Build/Products/Release-iphonesimulator/Nosfy.app/booster-noir-emiss.png

SwiftExplicitDependencyGeneratePcm arm64 /tmp/nosfy-cartes-release-dd/ModuleCache.noindex/_Builtin_inttypes-IASZU1MDJ2XQHV1WRKFHVQLO.pcm

CopyPNGFile /tmp/nosfy-cartes-release-dd/Build/Products/Release-iphonesimulator/Nosfy.app/booster-noir-color.png /Users/kathryn/Desktop/Nosfy/Nosfy/Media/booster-noir-color.png (in target 'Nosfy' from project 'Nosfy')
    cd /Users/kathryn/Desktop/Nosfy
    /Applications/Xcode.app/Contents/Developer/usr/bin/copypng -compress -strip-PNG-text /Users/kathryn/Desktop/Nosfy/Nosfy/Media/booster-noir-color.png /tmp/nosfy-cartes-release-dd/Build/Products/Release-iphonesimulator/Nosfy.app/booster-noir-color.png

SwiftExplicitDependencyGeneratePcm arm64 /tmp/nosfy-cartes-release-dd/ModuleCache.noindex/Darwin-CTTS0VMV761PVNIC7XKU1L2ZU.pcm

CopyPNGFile /tmp/nosfy-cartes-release-dd/Build/Products/Release-iphonesimulator/Nosfy.app/booster-emiss.png /Users/kathryn/Desktop/Nosfy/Nosfy/Media/booster-emiss.png (in target 'Nosfy' from project 'Nosfy')
    cd /Users/kathryn/Desktop/Nosfy
    /Applications/Xcode.app/Contents/Developer/usr/bin/copypng -compress -strip-PNG-text /Users/kathryn/Desktop/Nosfy/Nosfy/Media/booster-emiss.png /tmp/nosfy-cartes-release-dd/Build/Products/Release-iphonesimulator/Nosfy.app/booster-emiss.png

SwiftExplicitDependencyGeneratePcm arm64 /tmp/nosfy-cartes-release-dd/ModuleCache.noindex/simd-2RFJ32IRU5JL82E1HLMB0HW0Q.pcm

CopyPNGFile /tmp/nosfy-cartes-release-dd/Build/Products/Release-iphonesimulator/Nosfy.app/booster-color.png /Users/kathryn/Desktop/Nosfy/Nosfy/Media/booster-color.png (in target 'Nosfy' from project 'Nosfy')
    cd /Users/kathryn/Desktop/Nosfy
    /Applications/Xcode.app/Contents/Developer/usr/bin/copypng -compress -strip-PNG-text /Users/kathryn/Desktop/Nosfy/Nosfy/Media/booster-color.png /tmp/nosfy-cartes-release-dd/Build/Products/Release-iphonesimulator/Nosfy.app/booster-color.png

CopyPNGFile /tmp/nosfy-cartes-release-dd/Build/Products/Release-iphonesimulator/Nosfy.app/booster-carte.png /Users/kathryn/Desktop/Nosfy/Nosfy/Media/booster-carte.png (in target 'Nosfy' from project 'Nosfy')
    cd /Users/kathryn/Desktop/Nosfy
    /Applications/Xcode.app/Contents/Developer/usr/bin/copypng -compress -strip-PNG-text /Users/kathryn/Desktop/Nosfy/Nosfy/Media/booster-carte.png /tmp/nosfy-cartes-release-dd/Build/Products/Release-iphonesimulator/Nosfy.app/booster-carte.png

SwiftExplicitDependencyGeneratePcm arm64 /tmp/nosfy-cartes-release-dd/ModuleCache.noindex/MachO-DKSTQQNI4L17UJ40LIRG04095.pcm

SwiftExplicitDependencyGeneratePcm arm64 /tmp/nosfy-cartes-release-dd/ModuleCache.noindex/ObjectiveC-BJLI50JG03B1BWVL3A86PFNBO.pcm

SwiftExplicitDependencyGeneratePcm arm64 /tmp/nosfy-cartes-release-dd/ModuleCache.noindex/os_object-T4CNMCVSN6X7D3SPE9HONOCB.pcm

SwiftExplicitDependencyGeneratePcm arm64 /tmp/nosfy-cartes-release-dd/ModuleCache.noindex/Spatial-AZZWXPJUU3GKW6VAQVL6JL62S.pcm

SwiftExplicitDependencyGeneratePcm arm64 /tmp/nosfy-cartes-release-dd/ModuleCache.noindex/os_workgroup-1IWYT16BVY2NY8I01RWKA9V9E.pcm

SwiftExplicitDependencyGeneratePcm arm64 /tmp/nosfy-cartes-release-dd/ModuleCache.noindex/Dispatch-NXVKT7UD8EWPQB31SVV08EIR.pcm

SwiftExplicitDependencyGeneratePcm arm64 /tmp/nosfy-cartes-release-dd/ModuleCache.noindex/dnssd-EJCHU23YA9FOF1V7HKK8BTJU6.pcm

SwiftExplicitDependencyGeneratePcm arm64 /tmp/nosfy-cartes-release-dd/ModuleCache.noindex/XPC-ET07WRLFP7OZUPGHSN107DZI7.pcm

SwiftExplicitDependencyGeneratePcm arm64 /tmp/nosfy-cartes-release-dd/ModuleCache.noindex/CoreFoundation-BCJUPY2R8UMTU1XLTLGJDTMMY.pcm

SwiftExplicitDependencyGeneratePcm arm64 /tmp/nosfy-cartes-release-dd/ModuleCache.noindex/os-AYX8FMIYULCB7YM3FU62E00VE.pcm

SwiftExplicitDependencyGeneratePcm arm64 /tmp/nosfy-cartes-release-dd/ModuleCache.noindex/CoreAudioTypes-6XUF1L7XTOJS5NY7C08DXH0HN.pcm

SwiftExplicitDependencyGeneratePcm arm64 /tmp/nosfy-cartes-release-dd/ModuleCache.noindex/Security-2FXWP5TL2D5151T8SD4TWHR6K.pcm

SwiftExplicitDependencyGeneratePcm arm64 /tmp/nosfy-cartes-release-dd/ModuleCache.noindex/CoreGraphics-ET5QQ2AFVMBS9R7IKVAUDK59W.pcm

SwiftExplicitDependencyGeneratePcm arm64 /tmp/nosfy-cartes-release-dd/ModuleCache.noindex/CFNetwork-5ALVHQOA98A6BNJKH61FJ0LH1.pcm

SwiftExplicitDependencyGeneratePcm arm64 /tmp/nosfy-cartes-release-dd/ModuleCache.noindex/CoreAudio-63NZH77I5S0QDFRHT01U1G18X.pcm

SwiftExplicitDependencyGeneratePcm arm64 /tmp/nosfy-cartes-release-dd/ModuleCache.noindex/Foundation-EQ6THX5TWDC435TYJR2P46NVC.pcm

SwiftExplicitDependencyGeneratePcm arm64 /tmp/nosfy-cartes-release-dd/ModuleCache.noindex/CoreText-64NGEI3KS1B37Z950R0FIA0SA.pcm

SwiftExplicitDependencyGeneratePcm arm64 /tmp/nosfy-cartes-release-dd/ModuleCache.noindex/ImageIO-2E38JMV4UNLB1B31BJZQ45I9Q.pcm

SwiftExplicitDependencyGeneratePcm arm64 /tmp/nosfy-cartes-release-dd/ModuleCache.noindex/UIUtilities-7AG61SPZMFRXZOY3N3VPOW4L7.pcm

SwiftExplicitDependencyGeneratePcm arm64 /tmp/nosfy-cartes-release-dd/ModuleCache.noindex/Symbols-CNEU48KL8EGSE359ILRMBTQ7I.pcm

SwiftExplicitDependencyGeneratePcm arm64 /tmp/nosfy-cartes-release-dd/ModuleCache.noindex/FileProvider-BL9AO5UI8OT8C0OH1T2VTYMAU.pcm

SwiftExplicitDependencyGeneratePcm arm64 /tmp/nosfy-cartes-release-dd/ModuleCache.noindex/CoreHaptics-2V7KQGZFWQCJ5T9LCAE8X35QI.pcm

SwiftExplicitDependencyGeneratePcm arm64 /tmp/nosfy-cartes-release-dd/ModuleCache.noindex/IOSurface-C82EPDXJV1W3E9C2YIBM4LOU3.pcm

SwiftExplicitDependencyGeneratePcm arm64 /tmp/nosfy-cartes-release-dd/ModuleCache.noindex/Accessibility-BCPNRGFIPVQ53YE7IX5H59N4W.pcm

SwiftExplicitDependencyGeneratePcm arm64 /tmp/nosfy-cartes-release-dd/ModuleCache.noindex/ModelIO-A7ADH79DUUNUBC4BRB52WUAG9.pcm

SwiftExplicitDependencyGeneratePcm arm64 /tmp/nosfy-cartes-release-dd/ModuleCache.noindex/CoreData-7304031JETCVGVP1L2WWIV02.pcm

SwiftExplicitDependencyGeneratePcm arm64 /tmp/nosfy-cartes-release-dd/ModuleCache.noindex/CoreTransferable-7O0ZZEOELE48UB5R3Q317LVM8.pcm

SwiftExplicitDependencyGeneratePcm arm64 /tmp/nosfy-cartes-release-dd/ModuleCache.noindex/_LocationEssentials-67RCAQP6Q9YVXWITLEPM2QL4Q.pcm

SwiftExplicitDependencyGeneratePcm arm64 /tmp/nosfy-cartes-release-dd/ModuleCache.noindex/Network-37WT1X02P19A3US0BZ7RMLQG2.pcm

SwiftExplicitDependencyGeneratePcm arm64 /tmp/nosfy-cartes-release-dd/ModuleCache.noindex/WidgetKit-8ZZX9Q20R283GLSHL7FYBCREY.pcm

SwiftExplicitDependencyGeneratePcm arm64 /tmp/nosfy-cartes-release-dd/ModuleCache.noindex/Metal-4SHK1F5LZSMVPGGLJH8VNQ0XK.pcm

SwiftExplicitDependencyGeneratePcm arm64 /tmp/nosfy-cartes-release-dd/ModuleCache.noindex/LocalAuthentication-14I096VCOCSQPF4OMNOINQ0UW.pcm

SwiftExplicitDependencyGeneratePcm arm64 /tmp/nosfy-cartes-release-dd/ModuleCache.noindex/OSLog-E76IKZ685XI4GEFXP6O63ZHE9.pcm

SwiftExplicitDependencyGeneratePcm arm64 /tmp/nosfy-cartes-release-dd/ModuleCache.noindex/RelevanceKit-5GVPAZAC6VJPJAC5C6PL3RSBS.pcm

SwiftExplicitDependencyGeneratePcm arm64 /tmp/nosfy-cartes-release-dd/ModuleCache.noindex/UserNotifications-AL2KECBJGJJRU41EHS0HAIC5L.pcm

SwiftExplicitDependencyGeneratePcm arm64 /tmp/nosfy-cartes-release-dd/ModuleCache.noindex/AppIntents-CXX0NR904SNHITE4YPTJJH8SA.pcm

SwiftExplicitDependencyGeneratePcm arm64 /tmp/nosfy-cartes-release-dd/ModuleCache.noindex/CoreLocation-735C2J05G72J5L6JLTLCF7B7U.pcm

SwiftExplicitDependencyGeneratePcm arm64 /tmp/nosfy-cartes-release-dd/ModuleCache.noindex/CoreMIDI-5TOS2F4VYC266S1F67RG1MCAN.pcm

SwiftExplicitDependencyGeneratePcm arm64 /tmp/nosfy-cartes-release-dd/ModuleCache.noindex/UniformTypeIdentifiers-CTCKHXGB6E5YUK2S1X44VWTV.pcm

SwiftExplicitDependencyGeneratePcm arm64 /tmp/nosfy-cartes-release-dd/ModuleCache.noindex/OpenGLES-60L6XGAPTI2TY4XR37QY1CKC7.pcm

SwiftExplicitDependencyGeneratePcm arm64 /tmp/nosfy-cartes-release-dd/ModuleCache.noindex/DataDetection-8K5RWMFBV2U318C9IJ8AISOP4.pcm

SwiftExplicitDependencyGeneratePcm arm64 /tmp/nosfy-cartes-release-dd/ModuleCache.noindex/AVRouting-7VDJ2REE9N4ANJCN3V2MVITJ6.pcm

SwiftExplicitDependencyGeneratePcm arm64 /tmp/nosfy-cartes-release-dd/ModuleCache.noindex/Intents-8QB3FSQDRH1FD4MT9R0R01EZA.pcm

SwiftExplicitDependencyGeneratePcm arm64 /tmp/nosfy-cartes-release-dd/ModuleCache.noindex/CoreMotion-5QT4XTZKR0I719Q67EM3QVHZW.pcm

SwiftExplicitDependencyGeneratePcm arm64 /tmp/nosfy-cartes-release-dd/ModuleCache.noindex/CoreSpotlight-C3YXSOKD1NOPJOZTSSY3O7MA1.pcm

SwiftExplicitDependencyGeneratePcm arm64 /tmp/nosfy-cartes-release-dd/ModuleCache.noindex/AudioToolbox-5WX79MHW6ONUR91G6S7C07C6K.pcm

SwiftExplicitDependencyGeneratePcm arm64 /tmp/nosfy-cartes-release-dd/ModuleCache.noindex/CoreVideo-3CBCNSX4UO7SZO3GCRQ1F7ZPL.pcm

SwiftExplicitDependencyGeneratePcm arm64 /tmp/nosfy-cartes-release-dd/ModuleCache.noindex/QuartzCore-5M92II6QOTNUCP759UZ3M2SVU.pcm

SwiftExplicitDependencyGeneratePcm arm64 /tmp/nosfy-cartes-release-dd/ModuleCache.noindex/CoreImage-1C8BNX4U7Q1KIJPY6V8T0XBEJ.pcm

SwiftExplicitDependencyGeneratePcm arm64 /tmp/nosfy-cartes-release-dd/ModuleCache.noindex/CoreMedia-6WZFZ47621RIHCRSY20DYWOP.pcm

SwiftExplicitDependencyGeneratePcm arm64 /tmp/nosfy-cartes-release-dd/ModuleCache.noindex/SwiftUICore-6ANNTL1AUS63UA5SQSMDSO8MO.pcm

SwiftExplicitDependencyGeneratePcm arm64 /tmp/nosfy-cartes-release-dd/ModuleCache.noindex/MediaToolbox-3PLT0RA9095VSVZQE8AMX4L13.pcm

SwiftExplicitDependencyGeneratePcm arm64 /tmp/nosfy-cartes-release-dd/ModuleCache.noindex/AVFAudio-7XUV52JE4YJXJXHNY2L73Q0O2.pcm

SwiftExplicitDependencyGeneratePcm arm64 /tmp/nosfy-cartes-release-dd/ModuleCache.noindex/UIKit-4BLWHM8R553ANTOSBFH7K2BOD.pcm

SwiftExplicitDependencyGeneratePcm arm64 /tmp/nosfy-cartes-release-dd/ModuleCache.noindex/AVFoundation-2TBHQZ31B6RM1D5IAIOTF0OLJ.pcm

SwiftExplicitDependencyGeneratePcm arm64 /tmp/nosfy-cartes-release-dd/ModuleCache.noindex/AuthenticationServices-BNQAOPSLF845BBZNHWGMGRGP.pcm

SwiftExplicitDependencyGeneratePcm arm64 /tmp/nosfy-cartes-release-dd/ModuleCache.noindex/MetalKit-4T9HZTDPPS8DR0K209W44369M.pcm

SwiftExplicitDependencyGeneratePcm arm64 /tmp/nosfy-cartes-release-dd/ModuleCache.noindex/GLKit-7MYIJI5I5GQ3VP4KS8VX2BKIB.pcm

SwiftExplicitDependencyGeneratePcm arm64 /tmp/nosfy-cartes-release-dd/ModuleCache.noindex/SwiftUI-7TL1ZR2EJNQD5INIYZQN4BAXY.pcm

SwiftExplicitDependencyGeneratePcm arm64 /tmp/nosfy-cartes-release-dd/ModuleCache.noindex/SceneKit-9BGP00F10AA1FCMJZOYCOPBI8.pcm

SwiftCompile normal arm64 Compiling\ BottleSplash.swift,\ CoinChime.swift,\ DiamondGlints.swift,\ Ink.swift,\ LightDial.swift,\ LuneDust.swift,\ MonolithChime.swift,\ NightBirds.swift,\ RocketHaptics.swift,\ SparkleBurst.swift,\ SplashBackground.swift,\ SplashWisp.swift,\ Annonces.swift,\ AppleAuth.swift,\ CartesQABanc.swift,\ CartesServeur.swift,\ ChambreServeur.swift,\ CoachServeur.swift,\ Compte.swift,\ EconomieNosfy.swift,\ ForgeServeur.swift,\ HomeTextes.swift,\ InscriptionCompte.swift,\ Langue.swift,\ LuneForge.swift,\ OutboxGains.swift,\ OuvertureSeanceServeur.swift,\ ProfilServeur.swift,\ SacreServeur.swift,\ Supabase.swift,\ SupabaseSync.swift,\ SynthesisService.swift,\ WorkoutActivityController.swift,\ ActiveWorkoutView.swift,\ AppelChapitre.swift,\ AppelProfilVisite.swift,\ AuroraBgLab.swift,\ AuthView.swift,\ BancCoutHome.swift,\ BoosterCard.swift,\ BoosterLab.swift,\ BoosterPack.swift,\ BoosterPopup.swift,\ BordSeance.swift,\ BoutonPrimaire.swift,\ BravoLab.swift,\ CalendarView.swift,\ CalLab.swift,\ CardioFiche.swift,\ CardRoute.swift,\ CarnetLab.swift,\ CarnetScene.swift,\ CarteLuneLab.swift,\ ChambreDonnees.swift,\ ChambreHiit.swift,\ ChambreLongue.swift,\ ChambrePeak.swift,\ ChambreRegularite.swift,\ ChambreVolume.swift,\ ChargeFiche.swift,\ ChevronAppelNatif.swift,\ ChipVerre.swift,\ CinematicPlayer.swift,\ ClavierBraise.swift,\ CoffreFlipLab.swift,\ CoffreFortCoin.swift,\ CoffreFortPurse.swift,\ CoffreFortView.swift,\ CoffreV2.swift,\ ConnexionButtonLab.swift,\ ConnexionCinematic.swift,\ CorpsNacre.swift,\ CounterLab.swift,\ DemonVideo.swift,\ DepartCine.swift,\ DepartSeance.swift,\ DevilAuraOverlay.swift,\ DuolinguoPage.swift,\ EmberFlameLab.swift,\ ExerciseDetailView.swift,\ ExerciseEditor.swift,\ ExercisePhoto.swift,\ ExerciseSetupCard.swift,\ ExercisesView.swift,\ ExosFond.swift,\ FilmDepartSeance.swift,\ FlameLab.swift,\ FlammeJauge.swift,\ FlammeJaugeLab.swift,\ FondVideoMetal.swift,\ Foyer.swift,\ FumeeInviteMetal.swift,\ GaletEtape.swift,\ GaletLab.swift,\ GaletSlide.swift,\ HaloDawnLab.swift,\ HarmonieLab.swift,\ HomeAuroraView.swift,\ HomeNuit.swift,\ HomeView.swift,\ JewelTabBar.swift,\ LaunchPebble.swift,\ LensParticles.swift,\ LiquidLensLab.swift,\ LisereCoreAnimation.swift,\ LisereImages.swift,\ LisereRespirant.swift,\ LiveExerciseView.swift,\ LivingNebulaBackground.swift,\ LoginLab.swift,\ LogoLab.swift,\ LuneDeSang.swift,\ MenuCouronne.swift,\ MenuNappe.swift,\ MoonCoinLab.swift,\ MoonSplash.swift,\ NavDiagnostic.swift,\ NavEncre.swift,\ NavLab.swift,\ NeonPrimaryButton.swift,\ NeonPrimaryLab.swift,\ NosfyOnboarding.swift,\ NotchedCard.swift,\ NotifCard.swift,\ NotifChasse.swift,\ NotifLab.swift,\ ObjectiveCard.swift,\ ObjectiveCardLab.swift,\ ObsidianCard.swift,\ ObsidianCardLab.swift,\ OrphanProbe.swift,\ PageCard.swift,\ PanBande.swift,\ ParoleLigne.swift,\ PerleSemaineNative.swift,\ PiluleVagabonde.swift,\ PlayerMonde.swift,\ PlayerSeance.swift,\ PorteApple.swift,\ PorteEntree.swift,\ PremiereArrivee.swift,\ ProfilLune.swift,\ ProgressionView.swift,\ ProgressPage.swift,\ RecentWorkoutCard.swift,\ RestartSheet.swift,\ RewardCard.swift,\ RewardChemin.swift,\ RewardCheminCard.swift,\ RewardCheminVariants.swift,\ RewardLab.swift,\ RythmeEcran.swift,\ SacreAccueil.swift,\ SessionSlate.swift,\ SetEntrySheet.swift,\ SetHistoryRow.swift,\ SliderLab.swift,\ SliderObsidienne.swift,\ SondeCadence.swift,\ SondeVol.swift,\ StopCard.swift,\ StopLab.swift,\ StopSessionSheet.swift,\ StoryEnded.swift,\ StoryFlow.swift,\ StorySuite.swift,\ StoryVideo.swift,\ SuccessLab.swift,\ SwapCardSurface.swift,\ SwapEmptyCard.swift,\ SynthesisCard.swift,\ TapisLab.swift,\ TapisScene.swift,\ VerificationCompte.swift,\ VerreCoulant.swift,\ VisiteExercice.swift,\ VisiteHome.swift,\ WahouReveal.swift,\ WidgetEdition.swift,\ WidgetsCards.swift,\ WorkoutPill.swift,\ WorkoutsListView.swift,\ Atmosphere.swift,\ DemonSky.swift,\ Models.swift,\ MoonPath.swift,\ MoonSDF.swift,\ NebulaConfiguration.swift,\ NebulaNoise.swift,\ NebulaStrip.swift,\ NosfyApp.swift,\ ImpGlyph.swift,\ MoonGlyph.swift,\ ProgressComet.swift,\ WorkoutActivity.swift,\ WorkoutLiveCard.swift,\ WorkoutLiveFocus.swift,\ Theme.swift,\ GeneratedAssetSymbols.swift /Users/kathryn/Desktop/Nosfy/Nosfy/Figures/BottleSplash.swift /Users/kathryn/Desktop/Nosfy/Nosfy/Figures/CoinChime.swift /Users/kathryn/Desktop/Nosfy/Nosfy/Figures/DiamondGlints.swift /Users/kathryn/Desktop/Nosfy/Nosfy/Figures/Ink.swift /Users/kathryn/Desktop/Nosfy/Nosfy/Figures/LightDial.swift /Users/kathryn/Desktop/Nosfy/Nosfy/Figures/LuneDust.swift /Users/kathryn/Desktop/Nosfy/Nosfy/Figures/MonolithChime.swift /Users/kathryn/Desktop/Nosfy/Nosfy/Figures/NightBirds.swift /Users/kathryn/Desktop/Nosfy/Nosfy/Figures/RocketHaptics.swift /Users/kathryn/Desktop/Nosfy/Nosfy/Figures/SparkleBurst.swift /Users/kathryn/Desktop/Nosfy/Nosfy/Figures/SplashBackground.swift /Users/kathryn/Desktop/Nosfy/Nosfy/Figures/SplashWisp.swift /Users/kathryn/Desktop/Nosfy/Nosfy/Services/Annonces.swift /Users/kathryn/Desktop/Nosfy/Nosfy/Services/AppleAuth.swift /Users/kathryn/Desktop/Nosfy/Nosfy/Services/CartesQABanc.swift /Users/kathryn/Desktop/Nosfy/Nosfy/Services/CartesServeur.swift /Users/kathryn/Desktop/Nosfy/Nosfy/Services/ChambreServeur.swift /Users/kathryn/Desktop/Nosfy/Nosfy/Services/CoachServeur.swift /Users/kathryn/Desktop/Nosfy/Nosfy/Services/Compte.swift /Users/kathryn/Desktop/Nosfy/Nosfy/Services/EconomieNosfy.swift /Users/kathryn/Desktop/Nosfy/Nosfy/Services/ForgeServeur.swift /Users/kathryn/Desktop/Nosfy/Nosfy/Services/HomeTextes.swift /Users/kathryn/Desktop/Nosfy/Nosfy/Services/InscriptionCompte.swift /Users/kathryn/Desktop/Nosfy/Nosfy/Services/Langue.swift /Users/kathryn/Desktop/Nosfy/Nosfy/Services/LuneForge.swift /Users/kathryn/Desktop/Nosfy/Nosfy/Services/OutboxGains.swift /Users/kathryn/Desktop/Nosfy/Nosfy/Services/OuvertureSeanceServeur.swift /Users/kathryn/Desktop/Nosfy/Nosfy/Services/ProfilServeur.swift /Users/kathryn/Desktop/Nosfy/Nosfy/Services/SacreServeur.swift /Users/kathryn/Desktop/Nosfy/Nosfy/Services/Supabase.swift /Users/kathryn/Desktop/Nosfy/Nosfy/Services/SupabaseSync.swift /Users/kathryn/Desktop/Nosfy/Nosfy/Services/SynthesisService.swift /Users/kathryn/Desktop/Nosfy/Nosfy/Services/WorkoutActivityController.swift /Users/kathryn/Desktop/Nosfy/Nosfy/Views/ActiveWorkoutView.swift /Users/kathryn/Desktop/Nosfy/Nosfy/Views/AppelChapitre.swift /Users/kathryn/Desktop/Nosfy/Nosfy/Views/AppelProfilVisite.swift /Users/kathryn/Desktop/Nosfy/Nosfy/Views/AuroraBgLab.swift /Users/kathryn/Desktop/Nosfy/Nosfy/Views/AuthView.swift /Users/kathryn/Desktop/Nosfy/Nosfy/Views/BancCoutHome.swift /Users/kathryn/Desktop/Nosfy/Nosfy/Views/BoosterCard.swift /Users/kathryn/Desktop/Nosfy/Nosfy/Views/BoosterLab.swift /Users/kathryn/Desktop/Nosfy/Nosfy/Views/BoosterPack.swift /Users/kathryn/Desktop/Nosfy/Nosfy/Views/BoosterPopup.swift /Users/kathryn/Desktop/Nosfy/Nosfy/Views/BordSeance.swift /Users/kathryn/Desktop/Nosfy/Nosfy/Views/BoutonPrimaire.swift /Users/kathryn/Desktop/Nosfy/Nosfy/Views/BravoLab.swift /Users/kathryn/Desktop/Nosfy/Nosfy/Views/CalendarView.swift /Users/kathryn/Desktop/Nosfy/Nosfy/Views/CalLab.swift /Users/kathryn/Desktop/Nosfy/Nosfy/Views/CardioFiche.swift /Users/kathryn/Desktop/Nosfy/Nosfy/Views/CardRoute.swift /Users/kathryn/Desktop/Nosfy/Nosfy/Views/CarnetLab.swift /Users/kathryn/Desktop/Nosfy/Nosfy/Views/CarnetScene.swift /Users/kathryn/Desktop/Nosfy/Nosfy/Views/CarteLuneLab.swift /Users/kathryn/Desktop/Nosfy/Nosfy/Views/ChambreDonnees.swift /Users/kathryn/Desktop/Nosfy/Nosfy/Views/ChambreHiit.swift /Users/kathryn/Desktop/Nosfy/Nosfy/Views/ChambreLongue.swift /Users/kathryn/Desktop/Nosfy/Nosfy/Views/ChambrePeak.swift /Users/kathryn/Desktop/Nosfy/Nosfy/Views/ChambreRegularite.swift /Users/kathryn/Desktop/Nosfy/Nosfy/Views/ChambreVolume.swift /Users/kathryn/Desktop/Nosfy/Nosfy/Views/ChargeFiche.swift /Users/kathryn/Desktop/Nosfy/Nosfy/Views/ChevronAppelNatif.swift /Users/kathryn/Desktop/Nosfy/Nosfy/Views/ChipVerre.swift /Users/kathryn/Desktop/Nosfy/Nosfy/Views/CinematicPlayer.swift /Users/kathryn/Desktop/Nosfy/Nosfy/Views/ClavierBraise.swift /Users/kathryn/Desktop/Nosfy/Nosfy/Views/CoffreFlipLab.swift /Users/kathryn/Desktop/Nosfy/Nosfy/Views/CoffreFortCoin.swift /Users/kathryn/Desktop/Nosfy/Nosfy/Views/CoffreFortPurse.swift /Users/kathryn/Desktop/Nosfy/Nosfy/Views/CoffreFortView.swift /Users/kathryn/Desktop/Nosfy/Nosfy/Views/CoffreV2.swift /Users/kathryn/Desktop/Nosfy/Nosfy/Views/ConnexionButtonLab.swift /Users/kathryn/Desktop/Nosfy/Nosfy/Views/ConnexionCinematic.swift /Users/kathryn/Desktop/Nosfy/Nosfy/Views/CorpsNacre.swift /Users/kathryn/Desktop/Nosfy/Nosfy/Views/CounterLab.swift /Users/kathryn/Desktop/Nosfy/Nosfy/Views/DemonVideo.swift /Users/kathryn/Desktop/Nosfy/Nosfy/Views/DepartCine.swift /Users/kathryn/Desktop/Nosfy/Nosfy/Views/DepartSeance.swift /Users/kathryn/Desktop/Nosfy/Nosfy/Views/DevilAuraOverlay.swift /Users/kathryn/Desktop/Nosfy/Nosfy/Views/DuolinguoPage.swift /Users/kathryn/Desktop/Nosfy/Nosfy/Views/EmberFlameLab.swift /Users/kathryn/Desktop/Nosfy/Nosfy/Views/ExerciseDetailView.swift /Users/kathryn/Desktop/Nosfy/Nosfy/Views/ExerciseEditor.swift /Users/kathryn/Desktop/Nosfy/Nosfy/Views/ExercisePhoto.swift /Users/kathryn/Desktop/Nosfy/Nosfy/Views/ExerciseSetupCard.swift /Users/kathryn/Desktop/Nosfy/Nosfy/Views/ExercisesView.swift /Users/kathryn/Desktop/Nosfy/Nosfy/Views/ExosFond.swift /Users/kathryn/Desktop/Nosfy/Nosfy/Views/FilmDepartSeance.swift /Users/kathryn/Desktop/Nosfy/Nosfy/Views/FlameLab.swift /Users/kathryn/Desktop/Nosfy/Nosfy/Views/FlammeJauge.swift /Users/kathryn/Desktop/Nosfy/Nosfy/Views/FlammeJaugeLab.swift /Users/kathryn/Desktop/Nosfy/Nosfy/Views/FondVideoMetal.swift /Users/kathryn/Desktop/Nosfy/Nosfy/Views/Foyer.swift /Users/kathryn/Desktop/Nosfy/Nosfy/Views/FumeeInviteMetal.swift /Users/kathryn/Desktop/Nosfy/Nosfy/Views/GaletEtape.swift /Users/kathryn/Desktop/Nosfy/Nosfy/Views/GaletLab.swift /Users/kathryn/Desktop/Nosfy/Nosfy/Views/GaletSlide.swift /Users/kathryn/Desktop/Nosfy/Nosfy/Views/HaloDawnLab.swift /Users/kathryn/Desktop/Nosfy/Nosfy/Views/HarmonieLab.swift /Users/kathryn/Desktop/Nosfy/Nosfy/Views/HomeAuroraView.swift /Users/kathryn/Desktop/Nosfy/Nosfy/Views/HomeNuit.swift /Users/kathryn/Desktop/Nosfy/Nosfy/Views/HomeView.swift /Users/kathryn/Desktop/Nosfy/Nosfy/Views/JewelTabBar.swift /Users/kathryn/Desktop/Nosfy/Nosfy/Views/LaunchPebble.swift /Users/kathryn/Desktop/Nosfy/Nosfy/Views/LensParticles.swift /Users/kathryn/Desktop/Nosfy/Nosfy/Views/LiquidLensLab.swift /Users/kathryn/Desktop/Nosfy/Nosfy/Views/LisereCoreAnimation.swift /Users/kathryn/Desktop/Nosfy/Nosfy/Views/LisereImages.swift /Users/kathryn/Desktop/Nosfy/Nosfy/Views/LisereRespirant.swift /Users/kathryn/Desktop/Nosfy/Nosfy/Views/LiveExerciseView.swift /Users/kathryn/Desktop/Nosfy/Nosfy/Views/LivingNebulaBackground.swift /Users/kathryn/Desktop/Nosfy/Nosfy/Views/LoginLab.swift /Users/kathryn/Desktop/Nosfy/Nosfy/Views/LogoLab.swift /Users/kathryn/Desktop/Nosfy/Nosfy/Views/LuneDeSang.swift /Users/kathryn/Desktop/Nosfy/Nosfy/Views/MenuCouronne.swift /Users/kathryn/Desktop/Nosfy/Nosfy/Views/MenuNappe.swift /Users/kathryn/Desktop/Nosfy/Nosfy/Views/MoonCoinLab.swift /Users/kathryn/Desktop/Nosfy/Nosfy/Views/MoonSplash.swift /Users/kathryn/Desktop/Nosfy/Nosfy/Views/NavDiagnostic.swift /Users/kathryn/Desktop/Nosfy/Nosfy/Views/NavEncre.swift /Users/kathryn/Desktop/Nosfy/Nosfy/Views/NavLab.swift /Users/kathryn/Desktop/Nosfy/Nosfy/Views/NeonPrimaryButton.swift /Users/kathryn/Desktop/Nosfy/Nosfy/Views/NeonPrimaryLab.swift /Users/kathryn/Desktop/Nosfy/Nosfy/Views/NosfyOnboarding.swift /Users/kathryn/Desktop/Nosfy/Nosfy/Views/NotchedCard.swift /Users/kathryn/Desktop/Nosfy/Nosfy/Views/NotifCard.swift /Users/kathryn/Desktop/Nosfy/Nosfy/Views/NotifChasse.swift /Users/kathryn/Desktop/Nosfy/Nosfy/Views/NotifLab.swift /Users/kathryn/Desktop/Nosfy/Nosfy/Views/ObjectiveCard.swift /Users/kathryn/Desktop/Nosfy/Nosfy/Views/ObjectiveCardLab.swift /Users/kathryn/Desktop/Nosfy/Nosfy/Views/ObsidianCard.swift /Users/kathryn/Desktop/Nosfy/Nosfy/Views/ObsidianCardLab.swift /Users/kathryn/Desktop/Nosfy/Nosfy/Views/OrphanProbe.swift /Users/kathryn/Desktop/Nosfy/Nosfy/Views/PageCard.swift /Users/kathryn/Desktop/Nosfy/Nosfy/Views/PanBande.swift /Users/kathryn/Desktop/Nosfy/Nosfy/Views/ParoleLigne.swift /Users/kathryn/Desktop/Nosfy/Nosfy/Views/PerleSemaineNative.swift /Users/kathryn/Desktop/Nosfy/Nosfy/Views/PiluleVagabonde.swift /Users/kathryn/Desktop/Nosfy/Nosfy/Views/PlayerMonde.swift /Users/kathryn/Desktop/Nosfy/Nosfy/Views/PlayerSeance.swift /Users/kathryn/Desktop/Nosfy/Nosfy/Views/PorteApple.swift /Users/kathryn/Desktop/Nosfy/Nosfy/Views/PorteEntree.swift /Users/kathryn/Desktop/Nosfy/Nosfy/Views/PremiereArrivee.swift /Users/kathryn/Desktop/Nosfy/Nosfy/Views/ProfilLune.swift /Users/kathryn/Desktop/Nosfy/Nosfy/Views/ProgressionView.swift /Users/kathryn/Desktop/Nosfy/Nosfy/Views/ProgressPage.swift /Users/kathryn/Desktop/Nosfy/Nosfy/Views/RecentWorkoutCard.swift /Users/kathryn/Desktop/Nosfy/Nosfy/Views/RestartSheet.swift /Users/kathryn/Desktop/Nosfy/Nosfy/Views/RewardCard.swift /Users/kathryn/Desktop/Nosfy/Nosfy/Views/RewardChemin.swift /Users/kathryn/Desktop/Nosfy/Nosfy/Views/RewardCheminCard.swift /Users/kathryn/Desktop/Nosfy/Nosfy/Views/RewardCheminVariants.swift /Users/kathryn/Desktop/Nosfy/Nosfy/Views/RewardLab.swift /Users/kathryn/Desktop/Nosfy/Nosfy/Views/RythmeEcran.swift /Users/kathryn/Desktop/Nosfy/Nosfy/Views/SacreAccueil.swift /Users/kathryn/Desktop/Nosfy/Nosfy/Views/SessionSlate.swift /Users/kathryn/Desktop/Nosfy/Nosfy/Views/SetEntrySheet.swift /Users/kathryn/Desktop/Nosfy/Nosfy/Views/SetHistoryRow.swift /Users/kathryn/Desktop/Nosfy/Nosfy/Views/SliderLab.swift /Users/kathryn/Desktop/Nosfy/Nosfy/Views/SliderObsidienne.swift /Users/kathryn/Desktop/Nosfy/Nosfy/Views/SondeCadence.swift /Users/kathryn/Desktop/Nosfy/Nosfy/Views/SondeVol.swift /Users/kathryn/Desktop/Nosfy/Nosfy/Views/StopCard.swift /Users/kathryn/Desktop/Nosfy/Nosfy/Views/StopLab.swift /Users/kathryn/Desktop/Nosfy/Nosfy/Views/StopSessionSheet.swift /Users/kathryn/Desktop/Nosfy/Nosfy/Views/StoryEnded.swift /Users/kathryn/Desktop/Nosfy/Nosfy/Views/StoryFlow.swift /Users/kathryn/Desktop/Nosfy/Nosfy/Views/StorySuite.swift /Users/kathryn/Desktop/Nosfy/Nosfy/Views/StoryVideo.swift /Users/kathryn/Desktop/Nosfy/Nosfy/Views/SuccessLab.swift /Users/kathryn/Desktop/Nosfy/Nosfy/Views/SwapCardSurface.swift /Users/kathryn/Desktop/Nosfy/Nosfy/Views/SwapEmptyCard.swift /Users/kathryn/Desktop/Nosfy/Nosfy/Views/SynthesisCard.swift /Users/kathryn/Desktop/Nosfy/Nosfy/Views/TapisLab.swift /Users/kathryn/Desktop/Nosfy/Nosfy/Views/TapisScene.swift /Users/kathryn/Desktop/Nosfy/Nosfy/Views/VerificationCompte.swift /Users/kathryn/Desktop/Nosfy/Nosfy/Views/VerreCoulant.swift /Users/kathryn/Desktop/Nosfy/Nosfy/Views/VisiteExercice.swift /Users/kathryn/Desktop/Nosfy/Nosfy/Views/VisiteHome.swift /Users/kathryn/Desktop/Nosfy/Nosfy/Views/WahouReveal.swift /Users/kathryn/Desktop/Nosfy/Nosfy/Views/WidgetEdition.swift /Users/kathryn/Desktop/Nosfy/Nosfy/Views/WidgetsCards.swift /Users/kathryn/Desktop/Nosfy/Nosfy/Views/WorkoutPill.swift /Users/kathryn/Desktop/Nosfy/Nosfy/Views/WorkoutsListView.swift /Users/kathryn/Desktop/Nosfy/Nosfy/Atmosphere.swift /Users/kathryn/Desktop/Nosfy/Nosfy/DemonSky.swift /Users/kathryn/Desktop/Nosfy/Nosfy/Models.swift /Users/kathryn/Desktop/Nosfy/Nosfy/MoonPath.swift /Users/kathryn/Desktop/Nosfy/Nosfy/MoonSDF.swift /Users/kathryn/Desktop/Nosfy/Nosfy/NebulaConfiguration.swift /Users/kathryn/Desktop/Nosfy/Nosfy/NebulaNoise.swift /Users/kathryn/Desktop/Nosfy/Nosfy/NebulaStrip.swift /Users/kathryn/Desktop/Nosfy/Nosfy/NosfyApp.swift /Users/kathryn/Desktop/Nosfy/NosfyShared/ImpGlyph.swift /Users/kathryn/Desktop/Nosfy/NosfyShared/MoonGlyph.swift /Users/kathryn/Desktop/Nosfy/NosfyShared/ProgressComet.swift /Users/kathryn/Desktop/Nosfy/NosfyShared/WorkoutActivity.swift /Users/kathryn/Desktop/Nosfy/NosfyShared/WorkoutLiveCard.swift /Users/kathryn/Desktop/Nosfy/NosfyShared/WorkoutLiveFocus.swift /Users/kathryn/Desktop/Nosfy/Nosfy/Theme.swift /tmp/nosfy-cartes-release-dd/Build/Intermediates.noindex/Nosfy.build/Release-iphonesimulator/Nosfy.build/DerivedSources/GeneratedAssetSymbols.swift /Applications/Xcode.app/Contents/Developer/Toolchains/XcodeDefault.xctoolchain/usr/lib/swift/iphonesimulator/prebuilt-modules/26.5/CoreFoundation.swiftmodule/arm64-apple-ios-simulator.swiftmodule /Applications/Xcode.app/Contents/Developer/Toolchains/XcodeDefault.xctoolchain/usr/lib/swift/iphonesimulator/prebuilt-modules/26.5/System.swiftmodule/arm64-apple-ios-simulator.swiftmodule /Applications/Xcode.app/Contents/Developer/Toolchains/XcodeDefault.xctoolchain/usr/lib/swift/iphonesimulator/prebuilt-modules/26.5/Darwin.swiftmodule/arm64-apple-ios-simulator.swiftmodule /Applications/Xcode.app/Contents/Developer/Toolchains/XcodeDefault.xctoolchain/usr/lib/swift/iphonesimulator/prebuilt-modules/26.5/Accessibility.swiftmodule/arm64-apple-ios-simulator.swiftmodule /Applications/Xcode.app/Contents/Developer/Toolchains/XcodeDefault.xctoolchain/usr/lib/swift/iphonesimulator/prebuilt-modules/26.5/Combine.swiftmodule/arm64-apple-ios-simulator.swiftmodule /Applications/Xcode.app/Contents/Developer/Toolchains/XcodeDefault.xctoolchain/usr/lib/swift/iphonesimulator/prebuilt-modules/26.5/_Builtin_float.swiftmodule/arm64-apple-ios-simulator.swiftmodule /Applications/Xcode.app/Contents/Developer/Toolchains/XcodeDefault.xctoolchain/usr/lib/swift/iphonesimulator/prebuilt-modules/26.5/SwiftOnoneSupport.swiftmodule/arm64-apple-ios-simulator.swiftmodule /Applications/Xcode.app/Contents/Developer/Toolchains/XcodeDefault.xctoolchain/usr/lib/swift/iphonesimulator/prebuilt-modules/26.5/UniformTypeIdentifiers.swiftmodule/arm64-apple-ios-simulator.swiftmodule /Applications/Xcode.app/Contents/Developer/Toolchains/XcodeDefault.xctoolchain/usr/lib/swift/iphonesimulator/prebuilt-modules/26.5/SwiftData.swiftmodule/arm64-apple-ios-simulator.swiftmodule /Applications/Xcode.app/Contents/Developer/Toolchains/XcodeDefault.xctoolchain/usr/lib/swift/iphonesimulator/prebuilt-modules/26.5/Foundation.swiftmodule/arm64-apple-ios-simulator.swiftmodule /Applications/Xcode.app/Contents/Developer/Toolchains/XcodeDefault.xctoolchain/usr/lib/swift/iphonesimulator/prebuilt-modules/26.5/AVFAudio.swiftmodule/arm64-apple-ios-simulator.swiftmodule /Applications/Xcode.app/Contents/Developer/Toolchains/XcodeDefault.xctoolchain/usr/lib/swift/iphonesimulator/prebuilt-modules/26.5/DeveloperToolsSupport.swiftmodule/arm64-apple-ios-simulator.swiftmodule /Applications/Xcode.app/Contents/Developer/Toolchains/XcodeDefault.xctoolchain/usr/lib/swift/iphonesimulator/prebuilt-modules/26.5/Synchronization.swiftmodule/arm64-apple-ios-simulator.swiftmodule /Applications/Xcode.app/Contents/Developer/Toolchains/XcodeDefault.xctoolchain/usr/lib/swift/iphonesimulator/prebuilt-modules/26.5/simd.swiftmodule/arm64-apple-ios-simulator.swiftmodule /Applications/Xcode.app/Contents/Developer/Toolchains/XcodeDefault.xctoolchain/usr/lib/swift/iphonesimulator/prebuilt-modules/26.5/CoreAudio.swiftmodule/arm64-apple-ios-simulator.swiftmodule /Applications/Xcode.app/Contents/Developer/Toolchains/XcodeDefault.xctoolchain/usr/lib/swift/iphonesimulator/prebuilt-modules/26.5/Symbols.swiftmodule/arm64-apple-ios-simulator.swiftmodule /Applications/Xcode.app/Contents/Developer/Toolchains/XcodeDefault.xctoolchain/usr/lib/swift/iphonesimulator/prebuilt-modules/26.5/os.swiftmodule/arm64-apple-ios-simulator.swiftmodule /Applications/Xcode.app/Contents/Developer/Toolchains/XcodeDefault.xctoolchain/usr/lib/swift/iphonesimulator/prebuilt-modules/26.5/_StringProcessing.swiftmodule/arm64-apple-ios-simulator.swiftmodule /Applications/Xcode.app/Contents/Developer/Toolchains/XcodeDefault.xctoolchain/usr/lib/swift/iphonesimulator/prebuilt-modules/26.5/ModelIO.swiftmodule/arm64-apple-ios-simulator.swiftmodule /Applications/Xcode.app/Contents/Developer/Toolchains/XcodeDefault.xctoolchain/usr/lib/swift/iphonesimulator/prebuilt-modules/26.5/Spatial.swiftmodule/arm64-apple-ios-simulator.swiftmodule /Applications/Xcode.app/Contents/Developer/Toolchains/XcodeDefault.xctoolchain/usr/lib/swift/iphonesimulator/prebuilt-modules/26.5/GLKit.swiftmodule/arm64-apple-ios-simulator.swiftmodule /Applications/Xcode.app/Contents/Developer/Toolchains/XcodeDefault.xctoolchain/usr/lib/swift/iphonesimulator/prebuilt-modules/26.5/OSLog.swiftmodule/arm64-apple-ios-simulator.swiftmodule /Applications/Xcode.app/Contents/Developer/Toolchains/XcodeDefault.xctoolchain/usr/lib/swift/iphonesimulator/prebuilt-modules/26.5/FileProvider.swiftmodule/arm64-apple-ios-simulator.swiftmodule /Applications/Xcode.app/Contents/Developer/Toolchains/XcodeDefault.xctoolchain/usr/lib/swift/iphonesimulator/prebuilt-modules/26.5/QuartzCore.swiftmodule/arm64-apple-ios-simulator.swiftmodule /Applications/Xcode.app/Contents/Developer/Toolchains/XcodeDefault.xctoolchain/usr/lib/swift/iphonesimulator/prebuilt-modules/26.5/_SceneKit_SwiftUI.swiftmodule/arm64-apple-ios-simulator.swiftmodule /Applications/Xcode.app/Contents/Developer/Toolchains/XcodeDefault.xctoolchain/usr/lib/swift/iphonesimulator/prebuilt-modules/26.5/_DarwinFoundation1.swiftmodule/arm64-apple-ios-simulator.swiftmodule /Applications/Xcode.app/Contents/Developer/Toolchains/XcodeDefault.xctoolchain/usr/lib/swift/iphonesimulator/prebuilt-modules/26.5/LocalAuthentication.swiftmodule/arm64-apple-ios-simulator.swiftmodule /Applications/Xcode.app/Contents/Developer/Toolchains/XcodeDefault.xctoolchain/usr/lib/swift/iphonesimulator/prebuilt-modules/26.5/Metal.swiftmodule/arm64-apple-ios-simulator.swiftmodule /Applications/Xcode.app/Contents/Developer/Toolchains/XcodeDefault.xctoolchain/usr/lib/swift/iphonesimulator/prebuilt-modules/26.5/AVFoundation.swiftmodule/arm64-apple-ios-simulator.swiftmodule /Applications/Xcode.app/Contents/Developer/Toolchains/XcodeDefault.xctoolchain/usr/lib/swift/iphonesimulator/prebuilt-modules/26.5/Observation.swiftmodule/arm64-apple-ios-simulator.swiftmodule /Applications/Xcode.app/Contents/Developer/Toolchains/XcodeDefault.xctoolchain/usr/lib/swift/iphonesimulator/prebuilt-modules/26.5/XPC.swiftmodule/arm64-apple-ios-simulator.swiftmodule /Applications/Xcode.app/Contents/Developer/Toolchains/XcodeDefault.xctoolchain/usr/lib/swift/iphonesimulator/prebuilt-modules/26.5/ExtensionFoundation.swiftmodule/arm64-apple-ios-simulator.swiftmodule /Applications/Xcode.app/Contents/Developer/Toolchains/XcodeDefault.xctoolchain/usr/lib/swift/iphonesimulator/prebuilt-modules/26.5/CoreData.swiftmodule/arm64-apple-ios-simulator.swiftmodule /Applications/Xcode.app/Contents/Developer/Toolchains/XcodeDefault.xctoolchain/usr/lib/swift/iphonesimulator/prebuilt-modules/26.5/SceneKit.swiftmodule/arm64-apple-ios-simulator.swiftmodule /Applications/Xcode.app/Contents/Developer/Toolchains/XcodeDefault.xctoolchain/usr/lib/swift/iphonesimulator/prebuilt-modules/26.5/CoreLocation.swiftmodule/arm64-apple-ios-simulator.swiftmodule /Applications/Xcode.app/Contents/Developer/Toolchains/XcodeDefault.xctoolchain/usr/lib/swift/iphonesimulator/prebuilt-modules/26.5/WidgetKit.swiftmodule/arm64-apple-ios-simulator.swiftmodule /Applications/Xcode.app/Contents/Developer/Toolchains/XcodeDefault.xctoolchain/usr/lib/swift/iphonesimulator/prebuilt-modules/26.5/_DarwinFoundation2.swiftmodule/arm64-apple-ios-simulator.swiftmodule /Applications/Xcode.app/Contents/Developer/Toolchains/XcodeDefault.xctoolchain/usr/lib/swift/iphonesimulator/prebuilt-modules/26.5/Charts.swiftmodule/arm64-apple-ios-simulator.swiftmodule /Applications/Xcode.app/Contents/Developer/Toolchains/XcodeDefault.xctoolchain/usr/lib/swift/iphonesimulator/prebuilt-modules/26.5/UIKit.swiftmodule/arm64-apple-ios-simulator.swiftmodule /Applications/Xcode.app/Contents/Developer/Toolchains/XcodeDefault.xctoolchain/usr/lib/swift/iphonesimulator/prebuilt-modules/26.5/CoreMIDI.swiftmodule/arm64-apple-ios-simulator.swiftmodule /Applications/Xcode.app/Contents/Developer/Toolchains/XcodeDefault.xctoolchain/usr/lib/swift/iphonesimulator/prebuilt-modules/26.5/ObjectiveC.swiftmodule/arm64-apple-ios-simulator.swiftmodule /Applications/Xcode.app/Contents/Developer/Toolchains/XcodeDefault.xctoolchain/usr/lib/swift/iphonesimulator/prebuilt-modules/26.5/AudioToolbox.swiftmodule/arm64-apple-ios-simulator.swiftmodule /Applications/Xcode.app/Contents/Developer/Toolchains/XcodeDefault.xctoolchain/usr/lib/swift/iphonesimulator/prebuilt-modules/26.5/AppIntents.swiftmodule/arm64-apple-ios-simulator.swiftmodule /Applications/Xcode.app/Contents/Developer/Toolchains/XcodeDefault.xctoolchain/usr/lib/swift/iphonesimulator/prebuilt-modules/26.5/CoreSpotlight.swiftmodule/arm64-apple-ios-simulator.swiftmodule /Applications/Xcode.app/Contents/Developer/Toolchains/XcodeDefault.xctoolchain/usr/lib/swift/iphonesimulator/prebuilt-modules/26.5/CoreMotion.swiftmodule/arm64-apple-ios-simulator.swiftmodule /Applications/Xcode.app/Contents/Developer/Toolchains/XcodeDefault.xctoolchain/usr/lib/swift/iphonesimulator/prebuilt-modules/26.5/ActivityKit.swiftmodule/arm64-apple-ios-simulator.swiftmodule /Applications/Xcode.app/Contents/Developer/Toolchains/XcodeDefault.xctoolchain/usr/lib/swift/iphonesimulator/prebuilt-modules/26.5/CoreGraphics.swiftmodule/arm64-apple-ios-simulator.swiftmodule /Applications/Xcode.app/Contents/Developer/Toolchains/XcodeDefault.xctoolchain/usr/lib/swift/iphonesimulator/prebuilt-modules/26.5/_AppIntents_SwiftUI.swiftmodule/arm64-apple-ios-simulator.swiftmodule /Applications/Xcode.app/Contents/Developer/Toolchains/XcodeDefault.xctoolchain/usr/lib/swift/iphonesimulator/prebuilt-modules/26.5/SwiftUI.swiftmodule/arm64-apple-ios-simulator.swiftmodule /Applications/Xcode.app/Contents/Developer/Toolchains/XcodeDefault.xctoolchain/usr/lib/swift/iphonesimulator/prebuilt-modules/26.5/SwiftUICore.swiftmodule/arm64-apple-ios-simulator.swiftmodule /Applications/Xcode.app/Contents/Developer/Toolchains/XcodeDefault.xctoolchain/usr/lib/swift/iphonesimulator/prebuilt-modules/26.5/Distributed.swiftmodule/arm64-apple-ios-simulator.swiftmodule /Applications/Xcode.app/Contents/Developer/Toolchains/XcodeDefault.xctoolchain/usr/lib/swift/iphonesimulator/prebuilt-modules/26.5/AuthenticationServices.swiftmodule/arm64-apple-ios-simulator.swiftmodule /Applications/Xcode.app/Contents/Developer/Toolchains/XcodeDefault.xctoolchain/usr/lib/swift/iphonesimulator/prebuilt-modules/26.5/Intents.swiftmodule/arm64-apple-ios-simulator.swiftmodule /Applications/Xcode.app/Contents/Developer/Toolchains/XcodeDefault.xctoolchain/usr/lib/swift/iphonesimulator/prebuilt-modules/26.5/CoreVideo.swiftmodule/arm64-apple-ios-simulator.swiftmodule /Applications/Xcode.app/Contents/Developer/Toolchains/XcodeDefault.xctoolchain/usr/lib/swift/iphonesimulator/prebuilt-modules/26.5/DataDetection.swiftmodule/arm64-apple-ios-simulator.swiftmodule /Applications/Xcode.app/Contents/Developer/Toolchains/XcodeDefault.xctoolchain/usr/lib/swift/iphonesimulator/prebuilt-modules/26.5/CoreImage.swiftmodule/arm64-apple-ios-simulator.swiftmodule /Applications/Xcode.app/Contents/Developer/Toolchains/XcodeDefault.xctoolchain/usr/lib/swift/iphonesimulator/prebuilt-modules/26.5/Swift.swiftmodule/arm64-apple-ios-simulator.swiftmodule /Applications/Xcode.app/Contents/Developer/Toolchains/XcodeDefault.xctoolchain/usr/lib/swift/iphonesimulator/prebuilt-modules/26.5/CoreText.swiftmodule/arm64-apple-ios-simulator.swiftmodule /Applications/Xcode.app/Contents/Developer/Toolchains/XcodeDefault.xctoolchain/usr/lib/swift/iphonesimulator/prebuilt-modules/26.5/MetalKit.swiftmodule/arm64-apple-ios-simulator.swiftmodule /Applications/Xcode.app/Contents/Developer/Toolchains/XcodeDefault.xctoolchain/usr/lib/swift/iphonesimulator/prebuilt-modules/26.5/RelevanceKit.swiftmodule/arm64-apple-ios-simulator.swiftmodule /Applications/Xcode.app/Contents/Developer/Toolchains/XcodeDefault.xctoolchain/usr/lib/swift/iphonesimulator/prebuilt-modules/26.5/_DarwinFoundation3.swiftmodule/arm64-apple-ios-simulator.swiftmodule /Applications/Xcode.app/Contents/Developer/Toolchains/XcodeDefault.xctoolchain/usr/lib/swift/iphonesimulator/prebuilt-modules/26.5/CryptoKit.swiftmodule/arm64-apple-ios-simulator.swiftmodule /Applications/Xcode.app/Contents/Developer/Toolchains/XcodeDefault.xctoolchain/usr/lib/swift/iphonesimulator/prebuilt-modules/26.5/_SwiftData_SwiftUI.swiftmodule/arm64-apple-ios-simulator.swiftmodule /Applications/Xcode.app/Contents/Developer/Toolchains/XcodeDefault.xctoolchain/usr/lib/swift/iphonesimulator/prebuilt-modules/26.5/CoreTransferable.swiftmodule/arm64-apple-ios-simulator.swiftmodule /Applications/Xcode.app/Contents/Developer/Toolchains/XcodeDefault.xctoolchain/usr/lib/swift/iphonesimulator/prebuilt-modules/26.5/Network.swiftmodule/arm64-apple-ios-simulator.swiftmodule /Applications/Xcode.app/Contents/Developer/Toolchains/XcodeDefault.xctoolchain/usr/lib/swift/iphonesimulator/prebuilt-modules/26.5/CoreMedia.swiftmodule/arm64-apple-ios-simulator.swiftmodule /Applications/Xcode.app/Contents/Developer/Toolchains/XcodeDefault.xctoolchain/usr/lib/swift/iphonesimulator/prebuilt-modules/26.5/Dispatch.swiftmodule/arm64-apple-ios-simulator.swiftmodule /Applications/Xcode.app/Contents/Developer/Toolchains/XcodeDefault.xctoolchain/usr/lib/swift/iphonesimulator/prebuilt-modules/26.5/_Concurrency.swiftmodule/arm64-apple-ios-simulator.swiftmodule /tmp/nosfy-cartes-release-dd/ModuleCache.noindex/FileProvider-BL9AO5UI8OT8C0OH1T2VTYMAU.pcm /tmp/nosfy-cartes-release-dd/ModuleCache.noindex/Accessibility-BCPNRGFIPVQ53YE7IX5H59N4W.pcm /tmp/nosfy-cartes-release-dd/ModuleCache.noindex/os_object-T4CNMCVSN6X7D3SPE9HONOCB.pcm /tmp/nosfy-cartes-release-dd/ModuleCache.noindex/CFNetwork-5ALVHQOA98A6BNJKH61FJ0LH1.pcm /tmp/nosfy-cartes-release-dd/ModuleCache.noindex/_DarwinFoundation3-ELJNCY93LDQ5T9NTSE2ENR1DK.pcm /tmp/nosfy-cartes-release-dd/ModuleCache.noindex/QuartzCore-5M92II6QOTNUCP759UZ3M2SVU.pcm /tmp/nosfy-cartes-release-dd/ModuleCache.noindex/CoreLocation-735C2J05G72J5L6JLTLCF7B7U.pcm /tmp/nosfy-cartes-release-dd/ModuleCache.noindex/Intents-8QB3FSQDRH1FD4MT9R0R01EZA.pcm /tmp/nosfy-cartes-release-dd/ModuleCache.noindex/_Builtin_stddef-3N5IIOM1YFLURA6E5CCXAZ2HC.pcm /tmp/nosfy-cartes-release-dd/ModuleCache.noindex/Dispatch-NXVKT7UD8EWPQB31SVV08EIR.pcm /tmp/nosfy-cartes-release-dd/ModuleCache.noindex/CoreAudioTypes-6XUF1L7XTOJS5NY7C08DXH0HN.pcm /tmp/nosfy-cartes-release-dd/ModuleCache.noindex/IOSurface-C82EPDXJV1W3E9C2YIBM4LOU3.pcm /tmp/nosfy-cartes-release-dd/ModuleCache.noindex/SwiftShims-AUDV5SYUREO7S1OUPD29BCY4E.pcm /tmp/nosfy-cartes-release-dd/ModuleCache.noindex/CoreHaptics-2V7KQGZFWQCJ5T9LCAE8X35QI.pcm /tmp/nosfy-cartes-release-dd/ModuleCache.noindex/_Builtin_float-G07873X1XN8GAZ2LXJ760A5M.pcm /tmp/nosfy-cartes-release-dd/ModuleCache.noindex/UserNotifications-AL2KECBJGJJRU41EHS0HAIC5L.pcm /tmp/nosfy-cartes-release-dd/ModuleCache.noindex/CoreImage-1C8BNX4U7Q1KIJPY6V8T0XBEJ.pcm /tmp/nosfy-cartes-release-dd/ModuleCache.noindex/Security-2FXWP5TL2D5151T8SD4TWHR6K.pcm /tmp/nosfy-cartes-release-dd/ModuleCache.noindex/DataDetection-8K5RWMFBV2U318C9IJ8AISOP4.pcm /tmp/nosfy-cartes-release-dd/ModuleCache.noindex/_Builtin_stdatomic-8UI1GBQG5YKROZNDGUAHJPMOM.pcm /tmp/nosfy-cartes-release-dd/ModuleCache.noindex/CoreAudio-63NZH77I5S0QDFRHT01U1G18X.pcm /tmp/nosfy-cartes-release-dd/ModuleCache.noindex/Network-37WT1X02P19A3US0BZ7RMLQG2.pcm /tmp/nosfy-cartes-release-dd/ModuleCache.noindex/Symbols-CNEU48KL8EGSE359ILRMBTQ7I.pcm /tmp/nosfy-cartes-release-dd/ModuleCache.noindex/MachO-DKSTQQNI4L17UJ40LIRG04095.pcm /tmp/nosfy-cartes-release-dd/ModuleCache.noindex/DeveloperToolsSupport-EI5AD950N6OU3PY8HZUENWWRD.pcm /tmp/nosfy-cartes-release-dd/ModuleCache.noindex/MediaToolbox-3PLT0RA9095VSVZQE8AMX4L13.pcm /tmp/nosfy-cartes-release-dd/ModuleCache.noindex/RelevanceKit-5GVPAZAC6VJPJAC5C6PL3RSBS.pcm /tmp/nosfy-cartes-release-dd/ModuleCache.noindex/LocalAuthentication-14I096VCOCSQPF4OMNOINQ0UW.pcm /tmp/nosfy-cartes-release-dd/ModuleCache.noindex/_Builtin_tgmath-27AEWKPDAE2EVH4Q0AWYBU19D.pcm /tmp/nosfy-cartes-release-dd/ModuleCache.noindex/CoreMedia-6WZFZ47621RIHCRSY20DYWOP.pcm /tmp/nosfy-cartes-release-dd/ModuleCache.noindex/GLKit-7MYIJI5I5GQ3VP4KS8VX2BKIB.pcm /tmp/nosfy-cartes-release-dd/ModuleCache.noindex/CoreFoundation-BCJUPY2R8UMTU1XLTLGJDTMMY.pcm /tmp/nosfy-cartes-release-dd/ModuleCache.noindex/ActivityKit-CLU0JAPX2LUWD0JXXUDNTLG24.pcm /tmp/nosfy-cartes-release-dd/ModuleCache.noindex/_Builtin_stdarg-7HC5Z1S2P8UDC7OYBORRELC4I.pcm /tmp/nosfy-cartes-release-dd/ModuleCache.noindex/CoreVideo-3CBCNSX4UO7SZO3GCRQ1F7ZPL.pcm /tmp/nosfy-cartes-release-dd/ModuleCache.noindex/XPC-ET07WRLFP7OZUPGHSN107DZI7.pcm /tmp/nosfy-cartes-release-dd/ModuleCache.noindex/CoreText-64NGEI3KS1B37Z950R0FIA0SA.pcm /tmp/nosfy-cartes-release-dd/ModuleCache.noindex/os_workgroup-1IWYT16BVY2NY8I01RWKA9V9E.pcm /tmp/nosfy-cartes-release-dd/ModuleCache.noindex/AVFoundation-2TBHQZ31B6RM1D5IAIOTF0OLJ.pcm /tmp/nosfy-cartes-release-dd/ModuleCache.noindex/_Builtin_stdbool-3NZNR0PUKS20ZF4LAC93OQ709.pcm /tmp/nosfy-cartes-release-dd/ModuleCache.noindex/simd-2RFJ32IRU5JL82E1HLMB0HW0Q.pcm /tmp/nosfy-cartes-release-dd/ModuleCache.noindex/OSLog-E76IKZ685XI4GEFXP6O63ZHE9.pcm /tmp/nosfy-cartes-release-dd/ModuleCache.noindex/ObjectiveC-BJLI50JG03B1BWVL3A86PFNBO.pcm /tmp/nosfy-cartes-release-dd/ModuleCache.noindex/CoreTransferable-7O0ZZEOELE48UB5R3Q317LVM8.pcm /tmp/nosfy-cartes-release-dd/ModuleCache.noindex/AppIntents-CXX0NR904SNHITE4YPTJJH8SA.pcm /tmp/nosfy-cartes-release-dd/ModuleCache.noindex/UIKit-4BLWHM8R553ANTOSBFH7K2BOD.pcm /tmp/nosfy-cartes-release-dd/ModuleCache.noindex/dnssd-EJCHU23YA9FOF1V7HKK8BTJU6.pcm /tmp/nosfy-cartes-release-dd/ModuleCache.noindex/UIUtilities-7AG61SPZMFRXZOY3N3VPOW4L7.pcm /tmp/nosfy-cartes-release-dd/ModuleCache.noindex/ImageIO-2E38JMV4UNLB1B31BJZQ45I9Q.pcm /tmp/nosfy-cartes-release-dd/ModuleCache.noindex/ptrcheck-9VUOTBWEZYVE1L4UXAKCTF0OI.pcm /tmp/nosfy-cartes-release-dd/ModuleCache.noindex/OpenGLES-60L6XGAPTI2TY4XR37QY1CKC7.pcm /tmp/nosfy-cartes-release-dd/ModuleCache.noindex/_DarwinFoundation1-3A9TMA9NG5FKSACKNZB7IEC9Y.pcm /tmp/nosfy-cartes-release-dd/ModuleCache.noindex/Spatial-AZZWXPJUU3GKW6VAQVL6JL62S.pcm /tmp/nosfy-cartes-release-dd/ModuleCache.noindex/_LocationEssentials-67RCAQP6Q9YVXWITLEPM2QL4Q.pcm /tmp/nosfy-cartes-release-dd/ModuleCache.noindex/SwiftUI-7TL1ZR2EJNQD5INIYZQN4BAXY.pcm /tmp/nosfy-cartes-release-dd/ModuleCache.noindex/Foundation-EQ6THX5TWDC435TYJR2P46NVC.pcm /tmp/nosfy-cartes-release-dd/ModuleCache.noindex/AVRouting-7VDJ2REE9N4ANJCN3V2MVITJ6.pcm /tmp/nosfy-cartes-release-dd/ModuleCache.noindex/MetalKit-4T9HZTDPPS8DR0K209W44369M.pcm /tmp/nosfy-cartes-release-dd/ModuleCache.noindex/sys_types-4FG2PE01XI5LSJVPVYB92FREC.pcm /tmp/nosfy-cartes-release-dd/ModuleCache.noindex/SwiftUICore-6ANNTL1AUS63UA5SQSMDSO8MO.pcm /tmp/nosfy-cartes-release-dd/ModuleCache.noindex/_Builtin_stdint-1HQ7EO4MZH8VBM9H6884GMFJJ.pcm /tmp/nosfy-cartes-release-dd/ModuleCache.noindex/AudioToolbox-5WX79MHW6ONUR91G6S7C07C6K.pcm /tmp/nosfy-cartes-release-dd/ModuleCache.noindex/Metal-4SHK1F5LZSMVPGGLJH8VNQ0XK.pcm /tmp/nosfy-cartes-release-dd/ModuleCache.noindex/SceneKit-9BGP00F10AA1FCMJZOYCOPBI8.pcm /tmp/nosfy-cartes-release-dd/ModuleCache.noindex/WidgetKit-8ZZX9Q20R283GLSHL7FYBCREY.pcm /tmp/nosfy-cartes-release-dd/ModuleCache.noindex/Darwin-CTTS0VMV761PVNIC7XKU1L2ZU.pcm /tmp/nosfy-cartes-release-dd/ModuleCache.noindex/UniformTypeIdentifiers-CTCKHXGB6E5YUK2S1X44VWTV.pcm /tmp/nosfy-cartes-release-dd/ModuleCache.noindex/ExtensionFoundation-6CYJGP8SPMRCSTM2RDZ1C66PB.pcm /tmp/nosfy-cartes-release-dd/ModuleCache.noindex/CoreData-7304031JETCVGVP1L2WWIV02.pcm /tmp/nosfy-cartes-release-dd/ModuleCache.noindex/os-AYX8FMIYULCB7YM3FU62E00VE.pcm /tmp/nosfy-cartes-release-dd/ModuleCache.noindex/_DarwinFoundation2-9PMB64GJJAV3I62KJD9VZBWFZ.pcm /tmp/nosfy-cartes-release-dd/ModuleCache.noindex/ptrauth-3DAG5NFPFEWGGBZ8ZFEW43SQK.pcm /tmp/nosfy-cartes-release-dd/ModuleCache.noindex/CoreSpotlight-C3YXSOKD1NOPJOZTSSY3O7MA1.pcm /tmp/nosfy-cartes-release-dd/ModuleCache.noindex/AVFAudio-7XUV52JE4YJXJXHNY2L73Q0O2.pcm /tmp/nosfy-cartes-release-dd/ModuleCache.noindex/ModelIO-A7ADH79DUUNUBC4BRB52WUAG9.pcm /tmp/nosfy-cartes-release-dd/ModuleCache.noindex/_Builtin_inttypes-IASZU1MDJ2XQHV1WRKFHVQLO.pcm /tmp/nosfy-cartes-release-dd/ModuleCache.noindex/CoreGraphics-ET5QQ2AFVMBS9R7IKVAUDK59W.pcm /tmp/nosfy-cartes-release-dd/ModuleCache.noindex/_AvailabilityInternal-76BM160TH5Q5CQWSMMJWRTVAO.pcm /tmp/nosfy-cartes-release-dd/ModuleCache.noindex/_SwiftConcurrencyShims-3F9XCTLX5N0359JZ74THSMYKN.pcm /tmp/nosfy-cartes-release-dd/ModuleCache.noindex/AuthenticationServices-BNQAOPSLF845BBZNHWGMGRGP.pcm /tmp/nosfy-cartes-release-dd/ModuleCache.noindex/_Builtin_intrinsics-7D9UZ1F0JPS3591Y8MG2IK1CS.pcm /tmp/nosfy-cartes-release-dd/ModuleCache.noindex/CoreMotion-5QT4XTZKR0I719Q67EM3QVHZW.pcm /tmp/nosfy-cartes-release-dd/ModuleCache.noindex/_Builtin_limits-41OXOTZ4Q9EFWJU4749SOHG11.pcm /tmp/nosfy-cartes-release-dd/ModuleCache.noindex/CoreMIDI-5TOS2F4VYC266S1F67RG1MCAN.pcm /tmp/nosfy-cartes-release-dd/Build/Intermediates.noindex/Nosfy.build/Release-iphonesimulator/Nosfy.build/Objects-normal/arm64/Woop-dependencies-1.json (in target 'Nosfy' from project 'Nosfy')
CompileSwift normal arm64 (in target 'Nosfy' from project 'Nosfy')
    cd /Users/kathryn/Desktop/Nosfy
    
/Users/kathryn/Desktop/Nosfy/Nosfy/Services/AppleAuth.swift:303:74: warning: 'init()' was deprecated in iOS 26.0: Use init(windowScene:) instead.
        return fenetres.first(where: \.isKeyWindow) ?? fenetres.first ?? ASPresentationAnchor()
                                                                         ^
/Users/kathryn/Desktop/Nosfy/Nosfy/Services/LuneForge.swift:274:19: warning: value 'cadre' was defined but never used; consider replacing with boolean test
        guard let cadre = UIImage(named: "carte-cadre")
              ~~~~^~~~~~~~
              (
/Users/kathryn/Desktop/Nosfy/Nosfy/Views/BravoLab.swift:332:21: warning: initialization of immutable value 'bornU' was never used; consider replacing with assignment to '_' or removing it
                let bornU = BravoCine.sstep(BravoCine.contentAt,
                ~~~~^~~~~
                _
/Users/kathryn/Desktop/Nosfy/Nosfy/Views/CarteLuneLab.swift:580:52: warning: 'main' was deprecated in iOS 26.0: Use a UIScreen instance found through context instead (i.e, view.window.windowScene.screen), or for properties like UIScreen.scale with trait equivalents, use a traitCollection found through context.
                            .frame(width: UIScreen.main.bounds.width * 2.4,
                                                   ^
/Users/kathryn/Desktop/Nosfy/Nosfy/Views/CarteLuneLab.swift:581:53: warning: 'main' was deprecated in iOS 26.0: Use a UIScreen instance found through context instead (i.e, view.window.windowScene.screen), or for properties like UIScreen.scale with trait equivalents, use a traitCollection found through context.
                                   height: UIScreen.main.bounds.height * 2.4)
                                                    ^
/Users/kathryn/Desktop/Nosfy/Nosfy/Views/ChambreDonnees.swift:313:31: warning: 'flatMap' is deprecated: Please use compactMap(_:) for the case where closure returns an optional value
            let pic = seances.flatMap { picHiit($0) }.max()
                              ^
/Users/kathryn/Desktop/Nosfy/Nosfy/Views/ChambreDonnees.swift:313:31: note: use 'compactMap(_:)' instead
            let pic = seances.flatMap { picHiit($0) }.max()
                              ^~~~~~~
                              compactMap
/Users/kathryn/Desktop/Nosfy/Nosfy/Views/CoffreFlipLab.swift:246:43: warning: 'main' was deprecated in iOS 26.0: Use a UIScreen instance found through context instead (i.e, view.window.windowScene.screen), or for properties like UIScreen.scale with trait equivalents, use a traitCollection found through context.
                    .position(x: UIScreen.main.bounds.width / 2,
                                          ^
/Users/kathryn/Desktop/Nosfy/Nosfy/Views/CoffreFlipLab.swift:248:45: warning: 'main' was deprecated in iOS 26.0: Use a UIScreen instance found through context instead (i.e, view.window.windowScene.screen), or for properties like UIScreen.scale with trait equivalents, use a traitCollection found through context.
                                 ? UIScreen.main.bounds.height * 0.63
                                            ^
/Users/kathryn/Desktop/Nosfy/Nosfy/Views/CoffreFlipLab.swift:249:45: warning: 'main' was deprecated in iOS 26.0: Use a UIScreen instance found through context instead (i.e, view.window.windowScene.screen), or for properties like UIScreen.scale with trait equivalents, use a traitCollection found through context.
                                 : UIScreen.main.bounds.height * 0.46)
                                            ^
/Users/kathryn/Desktop/Nosfy/Nosfy/Views/DuolinguoPage.swift:1363:9: warning: result of call to 'withAnimation' is unused
        withAnimation(.easeInOut(duration: 0.45)) { etat.reclamees.insert(e.id) }
        ^            ~~~~~~~~~~~~~~~~~~~~~~~~~~~~~~~~~~~~~~~~~~~~~~~~~~~~~~~~~~~~
/Users/kathryn/Desktop/Nosfy/Nosfy/Views/DuolinguoPage.swift:1372:17: warning: result of call to 'withAnimation' is unused
                withAnimation(.easeInOut(duration: 0.30)) { etat.reclamees.remove(e.id) }
                ^            ~~~~~~~~~~~~~~~~~~~~~~~~~~~~~~~~~~~~~~~~~~~~~~~~~~~~~~~~~~~~
/Users/kathryn/Desktop/Nosfy/Nosfy/Views/ExerciseDetailView.swift:2103:13: warning: initialization of immutable value 'naissance' was never used; consider replacing with assignment to '_' or removing it
        let naissance = Self.sstep(0.45, 0.92, u)
        ~~~~^~~~~~~~~
        _
/Users/kathryn/Desktop/Nosfy/Nosfy/Views/ExercisesView.swift:2023:49: warning: call to main actor-isolated static method 'voileBas' in a synchronous nonisolated context
                    let bas = min(1, GrilleExos.voileBas(vh - f.maxY - 60) * 1.5)
                                                ^
/Users/kathryn/Desktop/Nosfy/Nosfy/Views/ExercisesView.swift:1786:17: note: calls to static method 'voileBas' from outside of its actor context are implicitly asynchronous
    static func voileBas(_ d: CGFloat) -> Double {
                ^
/Users/kathryn/Desktop/Nosfy/Nosfy/Views/ExercisesView.swift:1786:17: note: main actor isolation inferred from conformance to protocol 'View'
    static func voileBas(_ d: CGFloat) -> Double {
                ^
/Users/kathryn/Desktop/Nosfy/Nosfy/Views/ExercisesView.swift:2024:43: warning: call to main actor-isolated static method 'voileHaut' in a synchronous nonisolated context
                    let haut = GrilleExos.voileHaut(reserve - f.minY)
                                          ^
/Users/kathryn/Desktop/Nosfy/Nosfy/Views/ExercisesView.swift:1795:17: note: calls to static method 'voileHaut' from outside of its actor context are implicitly asynchronous
    static func voileHaut(_ d: CGFloat) -> Double {
                ^
/Users/kathryn/Desktop/Nosfy/Nosfy/Views/ExercisesView.swift:1795:17: note: main actor isolation inferred from conformance to protocol 'View'
    static func voileHaut(_ d: CGFloat) -> Double {
                ^
/Users/kathryn/Desktop/Nosfy/Nosfy/Views/ExercisesView.swift:2113:42: warning: call to main actor-isolated static method 'voileBas' in a synchronous nonisolated context
                    let bas = GrilleExos.voileBas(vh - f.maxY)
                                         ^
/Users/kathryn/Desktop/Nosfy/Nosfy/Views/ExercisesView.swift:1786:17: note: calls to static method 'voileBas' from outside of its actor context are implicitly asynchronous
    static func voileBas(_ d: CGFloat) -> Double {
                ^
/Users/kathryn/Desktop/Nosfy/Nosfy/Views/ExercisesView.swift:1786:17: note: main actor isolation inferred from conformance to protocol 'View'
    static func voileBas(_ d: CGFloat) -> Double {
                ^
/Users/kathryn/Desktop/Nosfy/Nosfy/Views/ExercisesView.swift:2114:43: warning: call to main actor-isolated static method 'voileHaut' in a synchronous nonisolated context
                    let haut = GrilleExos.voileHaut(reserve - f.minY)
                                          ^
/Users/kathryn/Desktop/Nosfy/Nosfy/Views/ExercisesView.swift:1795:17: note: calls to static method 'voileHaut' from outside of its actor context are implicitly asynchronous
    static func voileHaut(_ d: CGFloat) -> Double {
                ^
/Users/kathryn/Desktop/Nosfy/Nosfy/Views/ExercisesView.swift:1795:17: note: main actor isolation inferred from conformance to protocol 'View'
    static func voileHaut(_ d: CGFloat) -> Double {
                ^
/Users/kathryn/Desktop/Nosfy/Nosfy/Views/GaletEtape.swift:88:13: warning: initialization of immutable value 's' was never used; consider replacing with assignment to '_' or removing it
        let s = graine
        ~~~~^
        _
/Users/kathryn/Desktop/Nosfy/Nosfy/Views/HomeNuit.swift:3403:13: warning: initialization of immutable value 'flou' was never used; consider replacing with assignment to '_' or removing it
        let flou = DepartCine.sstep(DepartCine.flouAt,
        ~~~~^~~~
        _
/Users/kathryn/Desktop/Nosfy/Nosfy/Views/HomeNuit.swift:3405:13: warning: initialization of immutable value 'mort' was never used; consider replacing with assignment to '_' or removing it
        let mort = DepartCine.sstep(DepartCine.fadeAt,
        ~~~~^~~~
        _
/Users/kathryn/Desktop/Nosfy/Nosfy/Views/LensParticles.swift:46:17: warning: initialization of immutable value 'ce' was never used; consider replacing with assignment to '_' or removing it
            let ce = ceStart.map { now.timeIntervalSince($0) } ?? -1
            ~~~~^~
            _
/Users/kathryn/Desktop/Nosfy/Nosfy/Views/LiquidLensLab.swift:1221:13: warning: immutable value 'veil' was never used; consider replacing with '_' or removing it
        let veil: Double = entering ? 1 : 0
            ^~~~
            _
/Users/kathryn/Desktop/Nosfy/Nosfy/Views/MenuNappe.swift:1959:34: warning: call to main actor-isolated instance method 'dragLevel' in a synchronous nonisolated context
            RocketHaptics.shared.dragLevel(x * 0.55)
                                 ^
/Users/kathryn/Desktop/Nosfy/Nosfy/Figures/RocketHaptics.swift:343:10: note: calls to instance method 'dragLevel' from outside of its actor context are implicitly asynchronous
    func dragLevel(_ climb: Double) {
         ^
/Users/kathryn/Desktop/Nosfy/Nosfy/Views/MenuNappe.swift:1959:27: warning: main actor-isolated static property 'shared' can not be referenced from a Sendable closure
            RocketHaptics.shared.dragLevel(x * 0.55)
                          ^
/Users/kathryn/Desktop/Nosfy/Nosfy/Figures/RocketHaptics.swift:25:16: note: static property declared here
    static let shared = RocketHaptics()
               ^
/Users/kathryn/Desktop/Nosfy/Nosfy/Views/MoonSplash.swift:883:60: warning: main actor-isolated property 'start' cannot be accessed from outside of the actor; this is an error in the Swift 6 language mode
                let left = when - Date().timeIntervalSince(start)
                           ~~~~~~~~~~~~~~~~~~~~~~~~~~~~~~~~^~~~~~
                           await 
/Users/kathryn/Desktop/Nosfy/Nosfy/Views/NosfyOnboarding.swift:499:65: warning: backward matching of the unlabeled trailing closure is deprecated; label the argument with 'onTap' to suppress this warning
                SemaineTapable(choisis: reponses.jours, en: en) { i in
                                                              ~ ^
                                                              , onTap: 
/Users/kathryn/Desktop/Nosfy/Nosfy/Views/NosfyOnboarding.swift:1856:16: note: 'init(choisis:onTap:en:)' declared here
private struct SemaineTapable: View {
               ^
/Users/kathryn/Desktop/Nosfy/Nosfy/Views/NosfyOnboarding.swift:743:23: warning: main actor-isolated property 'etape' cannot be accessed from outside of the actor; this is an error in the Swift 6 language mode
                while etape != e {
                      ^~~~~~~~~~
                      await 
/Users/kathryn/Desktop/Nosfy/Nosfy/Views/NosfyOnboarding.swift:749:24: warning: main actor-isolated property 'etape' cannot be accessed from outside of the actor; this is an error in the Swift 6 language mode
                return etape == e
                       ^~~~~~~~~~
                       await 
/Users/kathryn/Desktop/Nosfy/Nosfy/Views/PiluleVagabonde.swift:377:25: warning: 'main' was deprecated in iOS 26.0: Use a UIScreen instance found through context instead (i.e, view.window.windowScene.screen), or for properties like UIScreen.scale with trait equivalents, use a traitCollection found through context.
        130...(UIScreen.main.bounds.height - 138)
                        ^
/Users/kathryn/Desktop/Nosfy/Nosfy/Views/PiluleVagabonde.swift:390:26: warning: 'main' was deprecated in iOS 26.0: Use a UIScreen instance found through context instead (i.e, view.window.windowScene.screen), or for properties like UIScreen.scale with trait equivalents, use a traitCollection found through context.
        let W = UIScreen.main.bounds.width
                         ^
/Users/kathryn/Desktop/Nosfy/Nosfy/Views/PiluleVagabonde.swift:443:26: warning: 'main' was deprecated in iOS 26.0: Use a UIScreen instance found through context instead (i.e, view.window.windowScene.screen), or for properties like UIScreen.scale with trait equivalents, use a traitCollection found through context.
        let W = UIScreen.main.bounds.width
                         ^
/Users/kathryn/Desktop/Nosfy/Nosfy/Views/PiluleVagabonde.swift:920:35: warning: 'main' was deprecated in iOS 26.0: Use a UIScreen instance found through context instead (i.e, view.window.windowScene.screen), or for properties like UIScreen.scale with trait equivalents, use a traitCollection found through context.
            .position(x: UIScreen.main.bounds.width / 2,
                                  ^
/Users/kathryn/Desktop/Nosfy/Nosfy/Views/PiluleVagabonde.swift:1092:31: warning: 'main' was deprecated in iOS 26.0: Use a UIScreen instance found through context instead (i.e, view.window.windowScene.screen), or for properties like UIScreen.scale with trait equivalents, use a traitCollection found through context.
        .position(x: UIScreen.main.bounds.width / 2, y: IleGeo.centreY)
                              ^
/Users/kathryn/Desktop/Nosfy/Nosfy/Views/PiluleVagabonde.swift:1181:31: warning: 'main' was deprecated in iOS 26.0: Use a UIScreen instance found through context instead (i.e, view.window.windowScene.screen), or for properties like UIScreen.scale with trait equivalents, use a traitCollection found through context.
        .position(x: UIScreen.main.bounds.width / 2,
                              ^
/Users/kathryn/Desktop/Nosfy/Nosfy/Views/PiluleVagabonde.swift:1431:36: warning: 'main' was deprecated in iOS 26.0: Use a UIScreen instance found through context instead (i.e, view.window.windowScene.screen), or for properties like UIScreen.scale with trait equivalents, use a traitCollection found through context.
            .frame(width: UIScreen.main.bounds.width - NotifGeo.margeH * 2,
                                   ^
/Users/kathryn/Desktop/Nosfy/Nosfy/Views/PiluleVagabonde.swift:1502:35: warning: 'main' was deprecated in iOS 26.0: Use a UIScreen instance found through context instead (i.e, view.window.windowScene.screen), or for properties like UIScreen.scale with trait equivalents, use a traitCollection found through context.
            .position(x: UIScreen.main.bounds.width / 2, y: y)
                                  ^
/Users/kathryn/Desktop/Nosfy/Nosfy/Views/RewardCard.swift:1550:17: warning: initialization of immutable value 'tilt' was never used; consider replacing with assignment to '_' or removing it
            let tilt = SkyMotion.shared.tilt
            ~~~~^~~~
            _
/Users/kathryn/Desktop/Nosfy/Nosfy/Views/StorySuite.swift:841:25: warning: '+' was deprecated in iOS 26.0: Use string interpolation on `Text` instead: `Text("Hello \(name)")`
                    acc + Text(m.0)
                        ^
/Users/kathryn/Desktop/Nosfy/Nosfy/NosfyApp.swift:1360:44: warning: left side of nil coalescing operator '??' has non-optional type 'Date', so the right side is never used
            MiniCardJour(date: a.startedAt ?? .now,
                               ~~~~~~~~~~~~^~~~~~~
                                          
/Users/kathryn/Desktop/Nosfy/Nosfy/NosfyApp.swift:1385:58: warning: left side of nil coalescing operator '??' has non-optional type 'Date', so the right side is never used
                TimelineView(.periodic(from: a.startedAt ?? .now,
                                             ~~~~~~~~~~~~^~~~~~~
                                                        
/Users/kathryn/Desktop/Nosfy/Nosfy/NosfyApp.swift:1388:56: warning: left side of nil coalescing operator '??' has non-optional type 'Date', so the right side is never used
                        .timeIntervalSince(a.startedAt ?? .now)))
                                           ~~~~~~~~~~~~^~~~~~~
                                                      
/Users/kathryn/Desktop/Nosfy/Nosfy/NosfyApp.swift:1780:47: warning: left side of nil coalescing operator '??' has non-optional type 'Date', so the right side is never used
                    departSeance: a.startedAt ?? .now,
                                  ~~~~~~~~~~~~^~~~~~~
                                             
/Users/kathryn/Desktop/Nosfy/Nosfy/NosfyApp.swift:1806:41: warning: left side of nil coalescing operator '??' has non-optional type 'Date', so the right side is never used
                    depart: a.startedAt ?? .now,
                            ~~~~~~~~~~~~^~~~~~~
                                       
/Users/kathryn/Desktop/Nosfy/Nosfy/NosfyApp.swift:1805:43: warning: 'main' was deprecated in iOS 26.0: Use a UIScreen instance found through context instead (i.e, view.window.windowScene.screen), or for properties like UIScreen.scale with trait equivalents, use a traitCollection found through context.
                    ecranTaille: UIScreen.main.bounds.size,
                                          ^

LinkAssetCatalog /Users/kathryn/Desktop/Nosfy/NosfyShared/LiveAssets.xcassets /Users/kathryn/Desktop/Nosfy/Nosfy/AppIcon.icon /Users/kathryn/Desktop/Nosfy/Nosfy/Assets.xcassets (in target 'Nosfy' from project 'Nosfy')
    cd /Users/kathryn/Desktop/Nosfy
    builtin-linkAssetCatalog --thinned /tmp/nosfy-cartes-release-dd/Build/Intermediates.noindex/Nosfy.build/Release-iphonesimulator/Nosfy.build/assetcatalog_output/thinned --thinned-dependencies /tmp/nosfy-cartes-release-dd/Build/Intermediates.noindex/Nosfy.build/Release-iphonesimulator/Nosfy.build/assetcatalog_dependencies_thinned --thinned-info-plist-content /tmp/nosfy-cartes-release-dd/Build/Intermediates.noindex/Nosfy.build/Release-iphonesimulator/Nosfy.build/assetcatalog_generated_info.plist_thinned --unthinned /tmp/nosfy-cartes-release-dd/Build/Intermediates.noindex/Nosfy.build/Release-iphonesimulator/Nosfy.build/assetcatalog_output/unthinned --unthinned-dependencies /tmp/nosfy-cartes-release-dd/Build/Intermediates.noindex/Nosfy.build/Release-iphonesimulator/Nosfy.build/assetcatalog_dependencies_unthinned --unthinned-info-plist-content /tmp/nosfy-cartes-release-dd/Build/Intermediates.noindex/Nosfy.build/Release-iphonesimulator/Nosfy.build/assetcatalog_generated_info.plist_unthinned --output /tmp/nosfy-cartes-release-dd/Build/Products/Release-iphonesimulator/Nosfy.app --plist-output /tmp/nosfy-cartes-release-dd/Build/Intermediates.noindex/Nosfy.build/Release-iphonesimulator/Nosfy.build/assetcatalog_generated_info.plist
note: Emplaced /tmp/nosfy-cartes-release-dd/Build/Products/Release-iphonesimulator/Nosfy.app/AppIcon76x76@2x~ipad.png (in target 'Nosfy' from project 'Nosfy')
note: Emplaced /tmp/nosfy-cartes-release-dd/Build/Products/Release-iphonesimulator/Nosfy.app/AppIcon60x60@2x.png (in target 'Nosfy' from project 'Nosfy')
note: Emplaced /tmp/nosfy-cartes-release-dd/Build/Products/Release-iphonesimulator/Nosfy.app/Assets.car (in target 'Nosfy' from project 'Nosfy')

SwiftDriverJobDiscovery normal arm64 Compiling BottleSplash.swift, CoinChime.swift, DiamondGlints.swift, Ink.swift, LightDial.swift, LuneDust.swift, MonolithChime.swift, NightBirds.swift, RocketHaptics.swift, SparkleBurst.swift, SplashBackground.swift, SplashWisp.swift, Annonces.swift, AppleAuth.swift, CartesQABanc.swift, CartesServeur.swift, ChambreServeur.swift, CoachServeur.swift, Compte.swift, EconomieNosfy.swift, ForgeServeur.swift, HomeTextes.swift, InscriptionCompte.swift, Langue.swift, LuneForge.swift, OutboxGains.swift, OuvertureSeanceServeur.swift, ProfilServeur.swift, SacreServeur.swift, Supabase.swift, SupabaseSync.swift, SynthesisService.swift, WorkoutActivityController.swift, ActiveWorkoutView.swift, AppelChapitre.swift, AppelProfilVisite.swift, AuroraBgLab.swift, AuthView.swift, BancCoutHome.swift, BoosterCard.swift, BoosterLab.swift, BoosterPack.swift, BoosterPopup.swift, BordSeance.swift, BoutonPrimaire.swift, BravoLab.swift, CalendarView.swift, CalLab.swift, CardioFiche.swift, CardRoute.swift, CarnetLab.swift, CarnetScene.swift, CarteLuneLab.swift, ChambreDonnees.swift, ChambreHiit.swift, ChambreLongue.swift, ChambrePeak.swift, ChambreRegularite.swift, ChambreVolume.swift, ChargeFiche.swift, ChevronAppelNatif.swift, ChipVerre.swift, CinematicPlayer.swift, ClavierBraise.swift, CoffreFlipLab.swift, CoffreFortCoin.swift, CoffreFortPurse.swift, CoffreFortView.swift, CoffreV2.swift, ConnexionButtonLab.swift, ConnexionCinematic.swift, CorpsNacre.swift, CounterLab.swift, DemonVideo.swift, DepartCine.swift, DepartSeance.swift, DevilAuraOverlay.swift, DuolinguoPage.swift, EmberFlameLab.swift, ExerciseDetailView.swift, ExerciseEditor.swift, ExercisePhoto.swift, ExerciseSetupCard.swift, ExercisesView.swift, ExosFond.swift, FilmDepartSeance.swift, FlameLab.swift, FlammeJauge.swift, FlammeJaugeLab.swift, FondVideoMetal.swift, Foyer.swift, FumeeInviteMetal.swift, GaletEtape.swift, GaletLab.swift, GaletSlide.swift, HaloDawnLab.swift, HarmonieLab.swift, HomeAuroraView.swift, HomeNuit.swift, HomeView.swift, JewelTabBar.swift, LaunchPebble.swift, LensParticles.swift, LiquidLensLab.swift, LisereCoreAnimation.swift, LisereImages.swift, LisereRespirant.swift, LiveExerciseView.swift, LivingNebulaBackground.swift, LoginLab.swift, LogoLab.swift, LuneDeSang.swift, MenuCouronne.swift, MenuNappe.swift, MoonCoinLab.swift, MoonSplash.swift, NavDiagnostic.swift, NavEncre.swift, NavLab.swift, NeonPrimaryButton.swift, NeonPrimaryLab.swift, NosfyOnboarding.swift, NotchedCard.swift, NotifCard.swift, NotifChasse.swift, NotifLab.swift, ObjectiveCard.swift, ObjectiveCardLab.swift, ObsidianCard.swift, ObsidianCardLab.swift, OrphanProbe.swift, PageCard.swift, PanBande.swift, ParoleLigne.swift, PerleSemaineNative.swift, PiluleVagabonde.swift, PlayerMonde.swift, PlayerSeance.swift, PorteApple.swift, PorteEntree.swift, PremiereArrivee.swift, ProfilLune.swift, ProgressionView.swift, ProgressPage.swift, RecentWorkoutCard.swift, RestartSheet.swift, RewardCard.swift, RewardChemin.swift, RewardCheminCard.swift, RewardCheminVariants.swift, RewardLab.swift, RythmeEcran.swift, SacreAccueil.swift, SessionSlate.swift, SetEntrySheet.swift, SetHistoryRow.swift, SliderLab.swift, SliderObsidienne.swift, SondeCadence.swift, SondeVol.swift, StopCard.swift, StopLab.swift, StopSessionSheet.swift, StoryEnded.swift, StoryFlow.swift, StorySuite.swift, StoryVideo.swift, SuccessLab.swift, SwapCardSurface.swift, SwapEmptyCard.swift, SynthesisCard.swift, TapisLab.swift, TapisScene.swift, VerificationCompte.swift, VerreCoulant.swift, VisiteExercice.swift, VisiteHome.swift, WahouReveal.swift, WidgetEdition.swift, WidgetsCards.swift, WorkoutPill.swift, WorkoutsListView.swift, Atmosphere.swift, DemonSky.swift, Models.swift, MoonPath.swift, MoonSDF.swift, NebulaConfiguration.swift, NebulaNoise.swift, NebulaStrip.swift, NosfyApp.swift, ImpGlyph.swift, MoonGlyph.swift, ProgressComet.swift, WorkoutActivity.swift, WorkoutLiveCard.swift, WorkoutLiveFocus.swift, Theme.swift, GeneratedAssetSymbols.swift (in target 'Nosfy' from project 'Nosfy')

SwiftDriver\ Compilation\ Requirements Nosfy normal arm64 com.apple.xcode.tools.swift.compiler (in target 'Nosfy' from project 'Nosfy')
    cd /Users/kathryn/Desktop/Nosfy
    builtin-Swift-Compilation-Requirements -- /Applications/Xcode.app/Contents/Developer/Toolchains/XcodeDefault.xctoolchain/usr/bin/swiftc -module-name Woop -O -whole-module-optimization @/tmp/nosfy-cartes-release-dd/Build/Intermediates.noindex/Nosfy.build/Release-iphonesimulator/Nosfy.build/Objects-normal/arm64/Nosfy.SwiftFileList -enable-bare-slash-regex -enable-experimental-feature DebugDescriptionMacro -sdk /Applications/Xcode.app/Contents/Developer/Platforms/iPhoneSimulator.platform/Developer/SDKs/iPhoneSimulator26.5.sdk -target arm64-apple-ios26.0-simulator -g -module-cache-path /tmp/nosfy-cartes-release-dd/ModuleCache.noindex -Xfrontend -serialize-debugging-options -swift-version 5 -I /tmp/nosfy-cartes-release-dd/Build/Products/Release-iphonesimulator -F /tmp/nosfy-cartes-release-dd/Build/Products/Release-iphonesimulator -emit-localized-strings -emit-localized-strings-path /tmp/nosfy-cartes-release-dd/Build/Intermediates.noindex/Nosfy.build/Release-iphonesimulator/Nosfy.build/Objects-normal/arm64 -c -num-threads 10 -Xcc -ivfsstatcache -Xcc /tmp/nosfy-cartes-release-dd/SDKStatCaches.noindex/iphonesimulator26.5-23F73-688ef53f1462e2c8f657fdc38a81448f6cfe768891a92b912361537c460fe42b.sdkstatcache -output-file-map /tmp/nosfy-cartes-release-dd/Build/Intermediates.noindex/Nosfy.build/Release-iphonesimulator/Nosfy.build/Objects-normal/arm64/Nosfy-OutputFileMap.json -use-frontend-parseable-output -save-temps -no-color-diagnostics -explicit-module-build -module-cache-path /tmp/nosfy-cartes-release-dd/Build/Intermediates.noindex/SwiftExplicitPrecompiledModules -clang-scanner-module-cache-path /tmp/nosfy-cartes-release-dd/ModuleCache.noindex -sdk-module-cache-path /tmp/nosfy-cartes-release-dd/ModuleCache.noindex -serialize-diagnostics -emit-dependencies -emit-module -emit-module-path /tmp/nosfy-cartes-release-dd/Build/Intermediates.noindex/Nosfy.build/Release-iphonesimulator/Nosfy.build/Objects-normal/arm64/Woop.swiftmodule -validate-clang-modules-once -clang-build-session-file /tmp/nosfy-cartes-release-dd/ModuleCache.noindex/Session.modulevalidation -Xcc -I/tmp/nosfy-cartes-release-dd/Build/Intermediates.noindex/Nosfy.build/Release-iphonesimulator/Nosfy.build/swift-overrides.hmap -emit-const-values -Xfrontend -const-gather-protocols-file -Xfrontend /tmp/nosfy-cartes-release-dd/Build/Intermediates.noindex/Nosfy.build/Release-iphonesimulator/Nosfy.build/Objects-normal/arm64/Nosfy_const_extract_protocols.json -Xcc -iquote -Xcc /tmp/nosfy-cartes-release-dd/Build/Intermediates.noindex/Nosfy.build/Release-iphonesimulator/Nosfy.build/Nosfy-generated-files.hmap -Xcc -I/tmp/nosfy-cartes-release-dd/Build/Intermediates.noindex/Nosfy.build/Release-iphonesimulator/Nosfy.build/Nosfy-own-target-headers.hmap -Xcc -I/tmp/nosfy-cartes-release-dd/Build/Intermediates.noindex/Nosfy.build/Release-iphonesimulator/Nosfy.build/Nosfy-all-target-headers.hmap -Xcc -iquote -Xcc /tmp/nosfy-cartes-release-dd/Build/Intermediates.noindex/Nosfy.build/Release-iphonesimulator/Nosfy.build/Nosfy-project-headers.hmap -Xcc -I/tmp/nosfy-cartes-release-dd/Build/Products/Release-iphonesimulator/include -Xcc -I/tmp/nosfy-cartes-release-dd/Build/Intermediates.noindex/Nosfy.build/Release-iphonesimulator/Nosfy.build/DerivedSources-normal/arm64 -Xcc -I/tmp/nosfy-cartes-release-dd/Build/Intermediates.noindex/Nosfy.build/Release-iphonesimulator/Nosfy.build/DerivedSources/arm64 -Xcc -I/tmp/nosfy-cartes-release-dd/Build/Intermediates.noindex/Nosfy.build/Release-iphonesimulator/Nosfy.build/DerivedSources -emit-objc-header -emit-objc-header-path /tmp/nosfy-cartes-release-dd/Build/Intermediates.noindex/Nosfy.build/Release-iphonesimulator/Nosfy.build/Objects-normal/arm64/Woop-Swift.h -working-directory /Users/kathryn/Desktop/Nosfy -no-emit-module-separately-wmo

SwiftMergeGeneratedHeaders /tmp/nosfy-cartes-release-dd/Build/Intermediates.noindex/Nosfy.build/Release-iphonesimulator/Nosfy.build/DerivedSources/Woop-Swift.h /tmp/nosfy-cartes-release-dd/Build/Intermediates.noindex/Nosfy.build/Release-iphonesimulator/Nosfy.build/Objects-normal/arm64/Woop-Swift.h (in target 'Nosfy' from project 'Nosfy')
    cd /Users/kathryn/Desktop/Nosfy
    builtin-swiftHeaderTool -arch arm64 /tmp/nosfy-cartes-release-dd/Build/Intermediates.noindex/Nosfy.build/Release-iphonesimulator/Nosfy.build/Objects-normal/arm64/Woop-Swift.h -o /tmp/nosfy-cartes-release-dd/Build/Intermediates.noindex/Nosfy.build/Release-iphonesimulator/Nosfy.build/DerivedSources/Woop-Swift.h

Copy /tmp/nosfy-cartes-release-dd/Build/Products/Release-iphonesimulator/Woop.swiftmodule/arm64-apple-ios-simulator.swiftdoc /tmp/nosfy-cartes-release-dd/Build/Intermediates.noindex/Nosfy.build/Release-iphonesimulator/Nosfy.build/Objects-normal/arm64/Woop.swiftdoc (in target 'Nosfy' from project 'Nosfy')
    cd /Users/kathryn/Desktop/Nosfy
    builtin-copy -exclude .DS_Store -exclude CVS -exclude .svn -exclude .git -exclude .hg -resolve-src-symlinks -rename /tmp/nosfy-cartes-release-dd/Build/Intermediates.noindex/Nosfy.build/Release-iphonesimulator/Nosfy.build/Objects-normal/arm64/Woop.swiftdoc /tmp/nosfy-cartes-release-dd/Build/Products/Release-iphonesimulator/Woop.swiftmodule/arm64-apple-ios-simulator.swiftdoc

Copy /tmp/nosfy-cartes-release-dd/Build/Products/Release-iphonesimulator/Woop.swiftmodule/arm64-apple-ios-simulator.abi.json /tmp/nosfy-cartes-release-dd/Build/Intermediates.noindex/Nosfy.build/Release-iphonesimulator/Nosfy.build/Objects-normal/arm64/Woop.abi.json (in target 'Nosfy' from project 'Nosfy')
    cd /Users/kathryn/Desktop/Nosfy
    builtin-copy -exclude .DS_Store -exclude CVS -exclude .svn -exclude .git -exclude .hg -resolve-src-symlinks -rename /tmp/nosfy-cartes-release-dd/Build/Intermediates.noindex/Nosfy.build/Release-iphonesimulator/Nosfy.build/Objects-normal/arm64/Woop.abi.json /tmp/nosfy-cartes-release-dd/Build/Products/Release-iphonesimulator/Woop.swiftmodule/arm64-apple-ios-simulator.abi.json

Copy /tmp/nosfy-cartes-release-dd/Build/Products/Release-iphonesimulator/Woop.swiftmodule/arm64-apple-ios-simulator.swiftmodule /tmp/nosfy-cartes-release-dd/Build/Intermediates.noindex/Nosfy.build/Release-iphonesimulator/Nosfy.build/Objects-normal/arm64/Woop.swiftmodule (in target 'Nosfy' from project 'Nosfy')
    cd /Users/kathryn/Desktop/Nosfy
    builtin-copy -exclude .DS_Store -exclude CVS -exclude .svn -exclude .git -exclude .hg -resolve-src-symlinks -rename /tmp/nosfy-cartes-release-dd/Build/Intermediates.noindex/Nosfy.build/Release-iphonesimulator/Nosfy.build/Objects-normal/arm64/Woop.swiftmodule /tmp/nosfy-cartes-release-dd/Build/Products/Release-iphonesimulator/Woop.swiftmodule/arm64-apple-ios-simulator.swiftmodule

Copy /tmp/nosfy-cartes-release-dd/Build/Products/Release-iphonesimulator/Woop.swiftmodule/Project/arm64-apple-ios-simulator.swiftsourceinfo /tmp/nosfy-cartes-release-dd/Build/Intermediates.noindex/Nosfy.build/Release-iphonesimulator/Nosfy.build/Objects-normal/arm64/Woop.swiftsourceinfo (in target 'Nosfy' from project 'Nosfy')
    cd /Users/kathryn/Desktop/Nosfy
    builtin-copy -exclude .DS_Store -exclude CVS -exclude .svn -exclude .git -exclude .hg -resolve-src-symlinks -rename /tmp/nosfy-cartes-release-dd/Build/Intermediates.noindex/Nosfy.build/Release-iphonesimulator/Nosfy.build/Objects-normal/arm64/Woop.swiftsourceinfo /tmp/nosfy-cartes-release-dd/Build/Products/Release-iphonesimulator/Woop.swiftmodule/Project/arm64-apple-ios-simulator.swiftsourceinfo

Ld /tmp/nosfy-cartes-release-dd/Build/Products/Release-iphonesimulator/Nosfy.app/Nosfy normal (in target 'Nosfy' from project 'Nosfy')
    cd /Users/kathryn/Desktop/Nosfy
    /Applications/Xcode.app/Contents/Developer/Toolchains/XcodeDefault.xctoolchain/usr/bin/clang -Xlinker -reproducible -target arm64-apple-ios26.0-simulator -isysroot /Applications/Xcode.app/Contents/Developer/Platforms/iPhoneSimulator.platform/Developer/SDKs/iPhoneSimulator26.5.sdk -Os -L/tmp/nosfy-cartes-release-dd/Build/Intermediates.noindex/EagerLinkingTBDs/Release-iphonesimulator -L/tmp/nosfy-cartes-release-dd/Build/Products/Release-iphonesimulator -F/tmp/nosfy-cartes-release-dd/Build/Intermediates.noindex/EagerLinkingTBDs/Release-iphonesimulator -F/tmp/nosfy-cartes-release-dd/Build/Products/Release-iphonesimulator -filelist /tmp/nosfy-cartes-release-dd/Build/Intermediates.noindex/Nosfy.build/Release-iphonesimulator/Nosfy.build/Objects-normal/arm64/Nosfy.LinkFileList -Xlinker -rpath -Xlinker @executable_path/Frameworks -Xlinker -dead_strip -Xlinker -object_path_lto -Xlinker /tmp/nosfy-cartes-release-dd/Build/Intermediates.noindex/Nosfy.build/Release-iphonesimulator/Nosfy.build/Objects-normal/arm64/Nosfy_lto.o -Xlinker -objc_abi_version -Xlinker 2 -Xlinker -dependency_info -Xlinker /tmp/nosfy-cartes-release-dd/Build/Intermediates.noindex/Nosfy.build/Release-iphonesimulator/Nosfy.build/Objects-normal/arm64/Nosfy_dependency_info.dat -fobjc-link-runtime -L/Applications/Xcode.app/Contents/Developer/Toolchains/XcodeDefault.xctoolchain/usr/lib/swift/iphonesimulator -L/usr/lib/swift -Xlinker -add_ast_path -Xlinker /tmp/nosfy-cartes-release-dd/Build/Intermediates.noindex/Nosfy.build/Release-iphonesimulator/Nosfy.build/Objects-normal/arm64/Woop.swiftmodule @/tmp/nosfy-cartes-release-dd/Build/Intermediates.noindex/Nosfy.build/Release-iphonesimulator/Nosfy.build/Objects-normal/arm64/Woop-linker-args.resp -o /tmp/nosfy-cartes-release-dd/Build/Products/Release-iphonesimulator/Nosfy.app/Nosfy

Copy /tmp/nosfy-cartes-release-dd/Build/Products/Release-iphonesimulator/Nosfy.app/PlugIns/NosfyWidgets.appex /tmp/nosfy-cartes-release-dd/Build/Products/Release-iphonesimulator/NosfyWidgets.appex (in target 'Nosfy' from project 'Nosfy')
    cd /Users/kathryn/Desktop/Nosfy
    builtin-copy -exclude .DS_Store -exclude CVS -exclude .svn -exclude .git -exclude .hg -exclude Headers -exclude PrivateHeaders -exclude Modules -exclude \*.tbd -resolve-src-symlinks -remove-static-executable /tmp/nosfy-cartes-release-dd/Build/Products/Release-iphonesimulator/NosfyWidgets.appex /tmp/nosfy-cartes-release-dd/Build/Products/Release-iphonesimulator/Nosfy.app/PlugIns

ProcessInfoPlistFile /tmp/nosfy-cartes-release-dd/Build/Products/Release-iphonesimulator/Nosfy.app/Info.plist /Users/kathryn/Desktop/Nosfy/Nosfy/Info.plist (in target 'Nosfy' from project 'Nosfy')
    cd /Users/kathryn/Desktop/Nosfy
    builtin-infoPlistUtility /Users/kathryn/Desktop/Nosfy/Nosfy/Info.plist -producttype com.apple.product-type.application -genpkginfo /tmp/nosfy-cartes-release-dd/Build/Products/Release-iphonesimulator/Nosfy.app/PkgInfo -expandbuildsettings -format binary -platform iphonesimulator -additionalcontentfile /tmp/nosfy-cartes-release-dd/Build/Intermediates.noindex/Nosfy.build/Release-iphonesimulator/Nosfy.build/assetcatalog_generated_info.plist -scanforprivacyfile /tmp/nosfy-cartes-release-dd/Build/Products/Release-iphonesimulator/Nosfy.app/PlugIns/NosfyWidgets.appex -o /tmp/nosfy-cartes-release-dd/Build/Products/Release-iphonesimulator/Nosfy.app/Info.plist

CopySwiftLibs /tmp/nosfy-cartes-release-dd/Build/Products/Release-iphonesimulator/Nosfy.app (in target 'Nosfy' from project 'Nosfy')
    cd /Users/kathryn/Desktop/Nosfy
    builtin-swiftStdLibTool --copy --verbose --scan-executable /tmp/nosfy-cartes-release-dd/Build/Products/Release-iphonesimulator/Nosfy.app/Nosfy --scan-folder /tmp/nosfy-cartes-release-dd/Build/Products/Release-iphonesimulator/Nosfy.app/Frameworks --scan-folder /tmp/nosfy-cartes-release-dd/Build/Products/Release-iphonesimulator/Nosfy.app/PlugIns --scan-folder /tmp/nosfy-cartes-release-dd/Build/Products/Release-iphonesimulator/Nosfy.app/SystemExtensions --scan-folder /tmp/nosfy-cartes-release-dd/Build/Products/Release-iphonesimulator/Nosfy.app/Extensions --platform iphonesimulator --toolchain /var/run/com.apple.security.cryptexd/mnt/com.apple.MobileAsset.MetalToolchain-v17.6.42.0.BA5Ggr/Metal.xctoolchain --toolchain /Applications/Xcode.app/Contents/Developer/Toolchains/XcodeDefault.xctoolchain --destination /tmp/nosfy-cartes-release-dd/Build/Products/Release-iphonesimulator/Nosfy.app/Frameworks --strip-bitcode --strip-bitcode-tool /Applications/Xcode.app/Contents/Developer/Toolchains/XcodeDefault.xctoolchain/usr/bin/bitcode_strip --emit-dependency-info /tmp/nosfy-cartes-release-dd/Build/Intermediates.noindex/Nosfy.build/Release-iphonesimulator/Nosfy.build/SwiftStdLibToolInputDependencies.dep --filter-for-swift-os
Ignoring --strip-bitcode because --sign was not passed

ExtractAppIntentsMetadata (in target 'Nosfy' from project 'Nosfy')
    cd /Users/kathryn/Desktop/Nosfy
    /Applications/Xcode.app/Contents/Developer/Toolchains/XcodeDefault.xctoolchain/usr/bin/appintentsmetadataprocessor --toolchain-dir /var/run/com.apple.security.cryptexd/mnt/com.apple.MobileAsset.MetalToolchain-v17.6.42.0.BA5Ggr/Metal.xctoolchain --module-name Woop --sdk-root /Applications/Xcode.app/Contents/Developer/Platforms/iPhoneSimulator.platform/Developer/SDKs/iPhoneSimulator26.5.sdk --xcode-version 17F42 --platform-family iOS --deployment-target 26.0 --bundle-identifier fr.kathryn.woop --output /tmp/nosfy-cartes-release-dd/Build/Products/Release-iphonesimulator/Nosfy.app --target-triple arm64-apple-ios26.0-simulator --binary-file /tmp/nosfy-cartes-release-dd/Build/Products/Release-iphonesimulator/Nosfy.app/Nosfy --dependency-file /tmp/nosfy-cartes-release-dd/Build/Intermediates.noindex/Nosfy.build/Release-iphonesimulator/Nosfy.build/Objects-normal/arm64/Nosfy_dependency_info.dat --stringsdata-file /tmp/nosfy-cartes-release-dd/Build/Intermediates.noindex/Nosfy.build/Release-iphonesimulator/Nosfy.build/Objects-normal/arm64/ExtractedAppShortcutsMetadata.stringsdata --source-file-list /tmp/nosfy-cartes-release-dd/Build/Intermediates.noindex/Nosfy.build/Release-iphonesimulator/Nosfy.build/Objects-normal/arm64/Nosfy.SwiftFileList --metadata-file-list /tmp/nosfy-cartes-release-dd/Build/Intermediates.noindex/Nosfy.build/Release-iphonesimulator/Nosfy.build/Nosfy.DependencyMetadataFileList --static-metadata-file-list /tmp/nosfy-cartes-release-dd/Build/Intermediates.noindex/Nosfy.build/Release-iphonesimulator/Nosfy.build/Nosfy.DependencyStaticMetadataFileList --swift-const-vals-list /tmp/nosfy-cartes-release-dd/Build/Intermediates.noindex/Nosfy.build/Release-iphonesimulator/Nosfy.build/Objects-normal/arm64/Nosfy.SwiftConstValuesFileList --compile-time-extraction --deployment-aware-processing --validate-assistant-intents --no-app-shortcuts-localization
2026-09-18 11:36:55.928 appintentsmetadataprocessor[87320:18982670] Starting appintentsmetadataprocessor export
2026-09-18 11:36:55.967 appintentsmetadataprocessor[87320:18982670] Extracted no relevant App Intents symbols, skipping writing output

ValidateEmbeddedBinary /tmp/nosfy-cartes-release-dd/Build/Products/Release-iphonesimulator/Nosfy.app/PlugIns/NosfyWidgets.appex (in target 'Nosfy' from project 'Nosfy')
    cd /Users/kathryn/Desktop/Nosfy
    /Applications/Xcode.app/Contents/Developer/usr/bin/embeddedBinaryValidationUtility /tmp/nosfy-cartes-release-dd/Build/Products/Release-iphonesimulator/Nosfy.app/PlugIns/NosfyWidgets.appex -info-plist-path /tmp/nosfy-cartes-release-dd/Build/Products/Release-iphonesimulator/Nosfy.app/Info.plist

GenerateDSYMFile /tmp/nosfy-cartes-release-dd/Build/Products/Release-iphonesimulator/Nosfy.app.dSYM /tmp/nosfy-cartes-release-dd/Build/Products/Release-iphonesimulator/Nosfy.app/Nosfy (in target 'Nosfy' from project 'Nosfy')
    cd /Users/kathryn/Desktop/Nosfy
    /Applications/Xcode.app/Contents/Developer/Toolchains/XcodeDefault.xctoolchain/usr/bin/dsymutil /tmp/nosfy-cartes-release-dd/Build/Products/Release-iphonesimulator/Nosfy.app/Nosfy -o /tmp/nosfy-cartes-release-dd/Build/Products/Release-iphonesimulator/Nosfy.app.dSYM

AppIntentsSSUTraining (in target 'Nosfy' from project 'Nosfy')
    cd /Users/kathryn/Desktop/Nosfy
    /Applications/Xcode.app/Contents/Developer/Toolchains/XcodeDefault.xctoolchain/usr/bin/appintentsnltrainingprocessor --infoplist-path /tmp/nosfy-cartes-release-dd/Build/Products/Release-iphonesimulator/Nosfy.app/Info.plist --temp-dir-path /tmp/nosfy-cartes-release-dd/Build/Intermediates.noindex/Nosfy.build/Release-iphonesimulator/Nosfy.build/ssu --bundle-id fr.kathryn.woop --product-path /tmp/nosfy-cartes-release-dd/Build/Products/Release-iphonesimulator/Nosfy.app --extracted-metadata-path /tmp/nosfy-cartes-release-dd/Build/Products/Release-iphonesimulator/Nosfy.app/Metadata.appintents --metadata-file-list /tmp/nosfy-cartes-release-dd/Build/Intermediates.noindex/Nosfy.build/Release-iphonesimulator/Nosfy.build/Nosfy.DependencyMetadataFileList --source-file /tmp/nosfy-cartes-release-dd/Build/Products/Release-iphonesimulator/Nosfy.app/Info.plist --archive-ssu-assets
2026-09-18 11:36:55.999 appintentsnltrainingprocessor[87324:18982679] Parsing options for appintentsnltrainingprocessor
2026-09-18 11:36:55.999 appintentsnltrainingprocessor[87324:18982679] Starting AppIntents SSU YAML Generation
2026-09-18 11:36:56.002 appintentsnltrainingprocessor[87324:18982679] No AppShortcuts found - Skipping.

RegisterExecutionPolicyException /tmp/nosfy-cartes-release-dd/Build/Products/Release-iphonesimulator/Nosfy.app (in target 'Nosfy' from project 'Nosfy')
    cd /Users/kathryn/Desktop/Nosfy
    builtin-RegisterExecutionPolicyException /tmp/nosfy-cartes-release-dd/Build/Products/Release-iphonesimulator/Nosfy.app

Validate /tmp/nosfy-cartes-release-dd/Build/Products/Release-iphonesimulator/Nosfy.app (in target 'Nosfy' from project 'Nosfy')
    cd /Users/kathryn/Desktop/Nosfy
    builtin-validationUtility /tmp/nosfy-cartes-release-dd/Build/Products/Release-iphonesimulator/Nosfy.app -validate-for-store -shallow-bundle -infoplist-subpath Info.plist

Touch /tmp/nosfy-cartes-release-dd/Build/Products/Release-iphonesimulator/Nosfy.app (in target 'Nosfy' from project 'Nosfy')
    cd /Users/kathryn/Desktop/Nosfy
    /usr/bin/touch -c /tmp/nosfy-cartes-release-dd/Build/Products/Release-iphonesimulator/Nosfy.app

** BUILD SUCCEEDED **

