Command line invocation:
    /Applications/Xcode.app/Contents/Developer/usr/bin/xcodebuild build-for-testing -project /tmp/woop-count53/banc/Woop.xcodeproj -scheme WoopUITests -configuration Debug -destination "platform=iOS Simulator,id=6A504B5A-F76C-4EC1-B09A-E9CA4673B32A" -derivedDataPath /tmp/woop-count53/sim-dd -jobs 2 CURRENT_PROJECT_VERSION=53 build-for-testing

Build settings from command line:
    CURRENT_PROJECT_VERSION = 53

Build Preparation
Build task concurrency set to 2 via user default IDEBuildOperationMaxNumberOfConcurrentCompileTasks

ComputePackagePrebuildTargetDependencyGraph

Prepare packages

CreateBuildRequest

SendProjectDescription

CreateBuildOperation

ComputeTargetDependencyGraph
note: Building targets in dependency order
note: Target dependency graph (3 targets)
    Target 'WoopUITests' in project 'Woop'
        ➜ Explicit dependency on target 'Woop' in project 'Woop'
    Target 'Woop' in project 'Woop'
        ➜ Explicit dependency on target 'WoopWidgets' in project 'Woop'
    Target 'WoopWidgets' in project 'Woop' (no dependencies)

GatherProvisioningInputs

CreateBuildDescription

ExecuteExternalTool /Applications/Xcode.app/Contents/Developer/Toolchains/XcodeDefault.xctoolchain/usr/bin/swiftc --version

ExecuteExternalTool /Applications/Xcode.app/Contents/Developer/Toolchains/XcodeDefault.xctoolchain/usr/bin/clang -v -E -dM -isysroot /Applications/Xcode.app/Contents/Developer/Platforms/iPhoneSimulator.platform/Developer/SDKs/iPhoneSimulator26.5.sdk -x c -c /dev/null

ExecuteExternalTool /Applications/Xcode.app/Contents/Developer/usr/bin/actool --print-asset-tag-combinations --output-format xml1 /tmp/woop-count53/banc/Woop/AppIcon.icon /tmp/woop-count53/banc/Woop/Assets.xcassets

ExecuteExternalTool /Applications/Xcode.app/Contents/Developer/Toolchains/XcodeDefault.xctoolchain/usr/bin/ld -version_details

ExecuteExternalTool /Applications/Xcode.app/Contents/Developer/usr/bin/actool --version --output-format xml1

Build description signature: edf03487b7a89b71551a59afa249b69b
Build description path: /tmp/woop-count53/sim-dd/Build/Intermediates.noindex/XCBuildData/edf03487b7a89b71551a59afa249b69b.xcbuilddata
ClangStatCache /Applications/Xcode.app/Contents/Developer/Toolchains/XcodeDefault.xctoolchain/usr/bin/clang-stat-cache /Applications/Xcode.app/Contents/Developer/Platforms/iPhoneSimulator.platform/Developer/SDKs/iPhoneSimulator26.5.sdk /tmp/woop-count53/sim-dd/SDKStatCaches.noindex/iphonesimulator26.5-23F73-688ef53f1462e2c8f657fdc38a81448f6cfe768891a92b912361537c460fe42b.sdkstatcache
    cd /tmp/woop-count53/banc/Woop.xcodeproj
    /Applications/Xcode.app/Contents/Developer/Toolchains/XcodeDefault.xctoolchain/usr/bin/clang-stat-cache /Applications/Xcode.app/Contents/Developer/Platforms/iPhoneSimulator.platform/Developer/SDKs/iPhoneSimulator26.5.sdk -o /tmp/woop-count53/sim-dd/SDKStatCaches.noindex/iphonesimulator26.5-23F73-688ef53f1462e2c8f657fdc38a81448f6cfe768891a92b912361537c460fe42b.sdkstatcache

CreateBuildDirectory /tmp/woop-count53/sim-dd/Build/Products
    cd /tmp/woop-count53/banc/Woop.xcodeproj
    builtin-create-build-directory /tmp/woop-count53/sim-dd/Build/Products

CreateBuildDirectory /tmp/woop-count53/sim-dd/Build/Intermediates.noindex
    cd /tmp/woop-count53/banc/Woop.xcodeproj
    builtin-create-build-directory /tmp/woop-count53/sim-dd/Build/Intermediates.noindex

WriteAuxiliaryFile /tmp/woop-count53/sim-dd/Build/Intermediates.noindex/Woop.build/Debug-iphonesimulator/Woop-9e0f0030f2e32aa9ae7b1264fa6f96ac-VFS-iphonesimulator/all-product-headers.yaml
    cd /tmp/woop-count53/banc/Woop.xcodeproj
    write-file /tmp/woop-count53/sim-dd/Build/Intermediates.noindex/Woop.build/Debug-iphonesimulator/Woop-9e0f0030f2e32aa9ae7b1264fa6f96ac-VFS-iphonesimulator/all-product-headers.yaml

CreateBuildDirectory /tmp/woop-count53/sim-dd/Build/Products/Debug-iphonesimulator
    cd /tmp/woop-count53/banc/Woop.xcodeproj
    builtin-create-build-directory /tmp/woop-count53/sim-dd/Build/Products/Debug-iphonesimulator

CreateBuildDirectory /tmp/woop-count53/sim-dd/Build/Intermediates.noindex/SwiftExplicitPrecompiledModules
    cd /tmp/woop-count53/banc/Woop.xcodeproj
    builtin-create-build-directory /tmp/woop-count53/sim-dd/Build/Intermediates.noindex/SwiftExplicitPrecompiledModules

CreateBuildDirectory /tmp/woop-count53/sim-dd/Build/Intermediates.noindex/ExplicitPrecompiledModules
    cd /tmp/woop-count53/banc/Woop.xcodeproj
    builtin-create-build-directory /tmp/woop-count53/sim-dd/Build/Intermediates.noindex/ExplicitPrecompiledModules

CreateBuildDirectory /tmp/woop-count53/sim-dd/Build/Intermediates.noindex/EagerLinkingTBDs/Debug-iphonesimulator
    cd /tmp/woop-count53/banc/Woop.xcodeproj
    builtin-create-build-directory /tmp/woop-count53/sim-dd/Build/Intermediates.noindex/EagerLinkingTBDs/Debug-iphonesimulator

WriteAuxiliaryFile /tmp/woop-count53/sim-dd/Build/Intermediates.noindex/Woop.build/Debug-iphonesimulator/WoopWidgets.build/WoopWidgets.hmap (in target 'WoopWidgets' from project 'Woop')
    cd /tmp/woop-count53/banc
    write-file /tmp/woop-count53/sim-dd/Build/Intermediates.noindex/Woop.build/Debug-iphonesimulator/WoopWidgets.build/WoopWidgets.hmap

WriteAuxiliaryFile /tmp/woop-count53/sim-dd/Build/Intermediates.noindex/Woop.build/Debug-iphonesimulator/WoopWidgets.build/WoopWidgets.DependencyStaticMetadataFileList (in target 'WoopWidgets' from project 'Woop')
    cd /tmp/woop-count53/banc
    write-file /tmp/woop-count53/sim-dd/Build/Intermediates.noindex/Woop.build/Debug-iphonesimulator/WoopWidgets.build/WoopWidgets.DependencyStaticMetadataFileList

WriteAuxiliaryFile /tmp/woop-count53/sim-dd/Build/Intermediates.noindex/Woop.build/Debug-iphonesimulator/WoopWidgets.build/WoopWidgets.DependencyMetadataFileList (in target 'WoopWidgets' from project 'Woop')
    cd /tmp/woop-count53/banc
    write-file /tmp/woop-count53/sim-dd/Build/Intermediates.noindex/Woop.build/Debug-iphonesimulator/WoopWidgets.build/WoopWidgets.DependencyMetadataFileList

WriteAuxiliaryFile /tmp/woop-count53/sim-dd/Build/Intermediates.noindex/Woop.build/Debug-iphonesimulator/WoopWidgets.build/WoopWidgets-project-headers.hmap (in target 'WoopWidgets' from project 'Woop')
    cd /tmp/woop-count53/banc
    write-file /tmp/woop-count53/sim-dd/Build/Intermediates.noindex/Woop.build/Debug-iphonesimulator/WoopWidgets.build/WoopWidgets-project-headers.hmap

WriteAuxiliaryFile /tmp/woop-count53/sim-dd/Build/Intermediates.noindex/Woop.build/Debug-iphonesimulator/WoopWidgets.build/WoopWidgets-own-target-headers.hmap (in target 'WoopWidgets' from project 'Woop')
    cd /tmp/woop-count53/banc
    write-file /tmp/woop-count53/sim-dd/Build/Intermediates.noindex/Woop.build/Debug-iphonesimulator/WoopWidgets.build/WoopWidgets-own-target-headers.hmap

WriteAuxiliaryFile /tmp/woop-count53/sim-dd/Build/Intermediates.noindex/Woop.build/Debug-iphonesimulator/WoopWidgets.build/WoopWidgets-generated-files.hmap (in target 'WoopWidgets' from project 'Woop')
    cd /tmp/woop-count53/banc
    write-file /tmp/woop-count53/sim-dd/Build/Intermediates.noindex/Woop.build/Debug-iphonesimulator/WoopWidgets.build/WoopWidgets-generated-files.hmap

WriteAuxiliaryFile /tmp/woop-count53/sim-dd/Build/Intermediates.noindex/Woop.build/Debug-iphonesimulator/WoopWidgets.build/WoopWidgets-all-target-headers.hmap (in target 'WoopWidgets' from project 'Woop')
    cd /tmp/woop-count53/banc
    write-file /tmp/woop-count53/sim-dd/Build/Intermediates.noindex/Woop.build/Debug-iphonesimulator/WoopWidgets.build/WoopWidgets-all-target-headers.hmap

WriteAuxiliaryFile /tmp/woop-count53/sim-dd/Build/Intermediates.noindex/Woop.build/Debug-iphonesimulator/WoopWidgets.build/WoopWidgets-all-non-framework-target-headers.hmap (in target 'WoopWidgets' from project 'Woop')
    cd /tmp/woop-count53/banc
    write-file /tmp/woop-count53/sim-dd/Build/Intermediates.noindex/Woop.build/Debug-iphonesimulator/WoopWidgets.build/WoopWidgets-all-non-framework-target-headers.hmap

WriteAuxiliaryFile /tmp/woop-count53/sim-dd/Build/Intermediates.noindex/Woop.build/Debug-iphonesimulator/WoopWidgets.build/WoopWidgets-DebugEntryPoint-normal-arm64.txt (in target 'WoopWidgets' from project 'Woop')
    cd /tmp/woop-count53/banc
    write-file /tmp/woop-count53/sim-dd/Build/Intermediates.noindex/Woop.build/Debug-iphonesimulator/WoopWidgets.build/WoopWidgets-DebugEntryPoint-normal-arm64.txt

WriteAuxiliaryFile /tmp/woop-count53/sim-dd/Build/Intermediates.noindex/Woop.build/Debug-iphonesimulator/WoopWidgets.build/WoopWidgets-DebugDylibPath-normal-arm64.txt (in target 'WoopWidgets' from project 'Woop')
    cd /tmp/woop-count53/banc
    write-file /tmp/woop-count53/sim-dd/Build/Intermediates.noindex/Woop.build/Debug-iphonesimulator/WoopWidgets.build/WoopWidgets-DebugDylibPath-normal-arm64.txt

WriteAuxiliaryFile /tmp/woop-count53/sim-dd/Build/Intermediates.noindex/Woop.build/Debug-iphonesimulator/WoopWidgets.build/WoopWidgets-DebugDylibInstallName-normal-arm64.txt (in target 'WoopWidgets' from project 'Woop')
    cd /tmp/woop-count53/banc
    write-file /tmp/woop-count53/sim-dd/Build/Intermediates.noindex/Woop.build/Debug-iphonesimulator/WoopWidgets.build/WoopWidgets-DebugDylibInstallName-normal-arm64.txt

WriteAuxiliaryFile /tmp/woop-count53/sim-dd/Build/Intermediates.noindex/Woop.build/Debug-iphonesimulator/WoopWidgets.build/Objects-normal/arm64/WoopWidgets_const_extract_protocols.json (in target 'WoopWidgets' from project 'Woop')
    cd /tmp/woop-count53/banc
    write-file /tmp/woop-count53/sim-dd/Build/Intermediates.noindex/Woop.build/Debug-iphonesimulator/WoopWidgets.build/Objects-normal/arm64/WoopWidgets_const_extract_protocols.json

WriteAuxiliaryFile /tmp/woop-count53/sim-dd/Build/Intermediates.noindex/Woop.build/Debug-iphonesimulator/WoopWidgets.build/Objects-normal/arm64/WoopWidgets.SwiftFileList (in target 'WoopWidgets' from project 'Woop')
    cd /tmp/woop-count53/banc
    write-file /tmp/woop-count53/sim-dd/Build/Intermediates.noindex/Woop.build/Debug-iphonesimulator/WoopWidgets.build/Objects-normal/arm64/WoopWidgets.SwiftFileList

WriteAuxiliaryFile /tmp/woop-count53/sim-dd/Build/Intermediates.noindex/Woop.build/Debug-iphonesimulator/WoopWidgets.build/Objects-normal/arm64/WoopWidgets.SwiftConstValuesFileList (in target 'WoopWidgets' from project 'Woop')
    cd /tmp/woop-count53/banc
    write-file /tmp/woop-count53/sim-dd/Build/Intermediates.noindex/Woop.build/Debug-iphonesimulator/WoopWidgets.build/Objects-normal/arm64/WoopWidgets.SwiftConstValuesFileList

WriteAuxiliaryFile /tmp/woop-count53/sim-dd/Build/Intermediates.noindex/Woop.build/Debug-iphonesimulator/WoopWidgets.build/Objects-normal/arm64/WoopWidgets.LinkFileList (in target 'WoopWidgets' from project 'Woop')
    cd /tmp/woop-count53/banc
    write-file /tmp/woop-count53/sim-dd/Build/Intermediates.noindex/Woop.build/Debug-iphonesimulator/WoopWidgets.build/Objects-normal/arm64/WoopWidgets.LinkFileList

WriteAuxiliaryFile /tmp/woop-count53/sim-dd/Build/Intermediates.noindex/Woop.build/Debug-iphonesimulator/WoopWidgets.build/Objects-normal/arm64/WoopWidgets-OutputFileMap.json (in target 'WoopWidgets' from project 'Woop')
    cd /tmp/woop-count53/banc
    write-file /tmp/woop-count53/sim-dd/Build/Intermediates.noindex/Woop.build/Debug-iphonesimulator/WoopWidgets.build/Objects-normal/arm64/WoopWidgets-OutputFileMap.json

WriteAuxiliaryFile /tmp/woop-count53/sim-dd/Build/Intermediates.noindex/Woop.build/Debug-iphonesimulator/WoopWidgets.build/DerivedSources/Entitlements-Simulated.plist (in target 'WoopWidgets' from project 'Woop')
    cd /tmp/woop-count53/banc
    write-file /tmp/woop-count53/sim-dd/Build/Intermediates.noindex/Woop.build/Debug-iphonesimulator/WoopWidgets.build/DerivedSources/Entitlements-Simulated.plist

WriteAuxiliaryFile /tmp/woop-count53/sim-dd/Build/Intermediates.noindex/Woop.build/Debug-iphonesimulator/WoopUITests.build/empty-WoopUITests.plist (in target 'WoopUITests' from project 'Woop')
    cd /tmp/woop-count53/banc
    write-file /tmp/woop-count53/sim-dd/Build/Intermediates.noindex/Woop.build/Debug-iphonesimulator/WoopUITests.build/empty-WoopUITests.plist

WriteAuxiliaryFile /tmp/woop-count53/sim-dd/Build/Intermediates.noindex/Woop.build/Debug-iphonesimulator/WoopUITests.build/WoopUITests.hmap (in target 'WoopUITests' from project 'Woop')
    cd /tmp/woop-count53/banc
    write-file /tmp/woop-count53/sim-dd/Build/Intermediates.noindex/Woop.build/Debug-iphonesimulator/WoopUITests.build/WoopUITests.hmap

WriteAuxiliaryFile /tmp/woop-count53/sim-dd/Build/Intermediates.noindex/Woop.build/Debug-iphonesimulator/WoopUITests.build/WoopUITests.DependencyStaticMetadataFileList (in target 'WoopUITests' from project 'Woop')
    cd /tmp/woop-count53/banc
    write-file /tmp/woop-count53/sim-dd/Build/Intermediates.noindex/Woop.build/Debug-iphonesimulator/WoopUITests.build/WoopUITests.DependencyStaticMetadataFileList

WriteAuxiliaryFile /tmp/woop-count53/sim-dd/Build/Intermediates.noindex/Woop.build/Debug-iphonesimulator/WoopUITests.build/WoopUITests.DependencyMetadataFileList (in target 'WoopUITests' from project 'Woop')
    cd /tmp/woop-count53/banc
    write-file /tmp/woop-count53/sim-dd/Build/Intermediates.noindex/Woop.build/Debug-iphonesimulator/WoopUITests.build/WoopUITests.DependencyMetadataFileList

WriteAuxiliaryFile /tmp/woop-count53/sim-dd/Build/Intermediates.noindex/Woop.build/Debug-iphonesimulator/WoopUITests.build/WoopUITests-project-headers.hmap (in target 'WoopUITests' from project 'Woop')
    cd /tmp/woop-count53/banc
    write-file /tmp/woop-count53/sim-dd/Build/Intermediates.noindex/Woop.build/Debug-iphonesimulator/WoopUITests.build/WoopUITests-project-headers.hmap

WriteAuxiliaryFile /tmp/woop-count53/sim-dd/Build/Intermediates.noindex/Woop.build/Debug-iphonesimulator/WoopUITests.build/WoopUITests-own-target-headers.hmap (in target 'WoopUITests' from project 'Woop')
    cd /tmp/woop-count53/banc
    write-file /tmp/woop-count53/sim-dd/Build/Intermediates.noindex/Woop.build/Debug-iphonesimulator/WoopUITests.build/WoopUITests-own-target-headers.hmap

WriteAuxiliaryFile /tmp/woop-count53/sim-dd/Build/Intermediates.noindex/Woop.build/Debug-iphonesimulator/WoopUITests.build/WoopUITests-generated-files.hmap (in target 'WoopUITests' from project 'Woop')
    cd /tmp/woop-count53/banc
    write-file /tmp/woop-count53/sim-dd/Build/Intermediates.noindex/Woop.build/Debug-iphonesimulator/WoopUITests.build/WoopUITests-generated-files.hmap

WriteAuxiliaryFile /tmp/woop-count53/sim-dd/Build/Intermediates.noindex/Woop.build/Debug-iphonesimulator/WoopUITests.build/WoopUITests-all-target-headers.hmap (in target 'WoopUITests' from project 'Woop')
    cd /tmp/woop-count53/banc
    write-file /tmp/woop-count53/sim-dd/Build/Intermediates.noindex/Woop.build/Debug-iphonesimulator/WoopUITests.build/WoopUITests-all-target-headers.hmap

WriteAuxiliaryFile /tmp/woop-count53/sim-dd/Build/Intermediates.noindex/Woop.build/Debug-iphonesimulator/WoopUITests.build/WoopUITests-all-non-framework-target-headers.hmap (in target 'WoopUITests' from project 'Woop')
    cd /tmp/woop-count53/banc
    write-file /tmp/woop-count53/sim-dd/Build/Intermediates.noindex/Woop.build/Debug-iphonesimulator/WoopUITests.build/WoopUITests-all-non-framework-target-headers.hmap

WriteAuxiliaryFile /tmp/woop-count53/sim-dd/Build/Intermediates.noindex/Woop.build/Debug-iphonesimulator/WoopUITests.build/ProductTypeInfoPlistAdditions.plist (in target 'WoopUITests' from project 'Woop')
    cd /tmp/woop-count53/banc
    write-file /tmp/woop-count53/sim-dd/Build/Intermediates.noindex/Woop.build/Debug-iphonesimulator/WoopUITests.build/ProductTypeInfoPlistAdditions.plist

WriteAuxiliaryFile /tmp/woop-count53/sim-dd/Build/Intermediates.noindex/Woop.build/Debug-iphonesimulator/WoopUITests.build/Objects-normal/arm64/WoopUITests_const_extract_protocols.json (in target 'WoopUITests' from project 'Woop')
    cd /tmp/woop-count53/banc
    write-file /tmp/woop-count53/sim-dd/Build/Intermediates.noindex/Woop.build/Debug-iphonesimulator/WoopUITests.build/Objects-normal/arm64/WoopUITests_const_extract_protocols.json

WriteAuxiliaryFile /tmp/woop-count53/sim-dd/Build/Intermediates.noindex/Woop.build/Debug-iphonesimulator/WoopUITests.build/Objects-normal/arm64/WoopUITests.SwiftFileList (in target 'WoopUITests' from project 'Woop')
    cd /tmp/woop-count53/banc
    write-file /tmp/woop-count53/sim-dd/Build/Intermediates.noindex/Woop.build/Debug-iphonesimulator/WoopUITests.build/Objects-normal/arm64/WoopUITests.SwiftFileList

WriteAuxiliaryFile /tmp/woop-count53/sim-dd/Build/Intermediates.noindex/Woop.build/Debug-iphonesimulator/WoopUITests.build/Objects-normal/arm64/WoopUITests.SwiftConstValuesFileList (in target 'WoopUITests' from project 'Woop')
    cd /tmp/woop-count53/banc
    write-file /tmp/woop-count53/sim-dd/Build/Intermediates.noindex/Woop.build/Debug-iphonesimulator/WoopUITests.build/Objects-normal/arm64/WoopUITests.SwiftConstValuesFileList

WriteAuxiliaryFile /tmp/woop-count53/sim-dd/Build/Intermediates.noindex/Woop.build/Debug-iphonesimulator/WoopUITests.build/Objects-normal/arm64/WoopUITests.LinkFileList (in target 'WoopUITests' from project 'Woop')
    cd /tmp/woop-count53/banc
    write-file /tmp/woop-count53/sim-dd/Build/Intermediates.noindex/Woop.build/Debug-iphonesimulator/WoopUITests.build/Objects-normal/arm64/WoopUITests.LinkFileList

WriteAuxiliaryFile /tmp/woop-count53/sim-dd/Build/Intermediates.noindex/Woop.build/Debug-iphonesimulator/WoopUITests.build/Objects-normal/arm64/WoopUITests-OutputFileMap.json (in target 'WoopUITests' from project 'Woop')
    cd /tmp/woop-count53/banc
    write-file /tmp/woop-count53/sim-dd/Build/Intermediates.noindex/Woop.build/Debug-iphonesimulator/WoopUITests.build/Objects-normal/arm64/WoopUITests-OutputFileMap.json

WriteAuxiliaryFile /tmp/woop-count53/sim-dd/Build/Intermediates.noindex/Woop.build/Debug-iphonesimulator/WoopUITests.build/DerivedSources/Entitlements-Simulated.plist (in target 'WoopUITests' from project 'Woop')
    cd /tmp/woop-count53/banc
    write-file /tmp/woop-count53/sim-dd/Build/Intermediates.noindex/Woop.build/Debug-iphonesimulator/WoopUITests.build/DerivedSources/Entitlements-Simulated.plist

WriteAuxiliaryFile /tmp/woop-count53/sim-dd/Build/Intermediates.noindex/Woop.build/Debug-iphonesimulator/Woop.build/Woop.hmap (in target 'Woop' from project 'Woop')
    cd /tmp/woop-count53/banc
    write-file /tmp/woop-count53/sim-dd/Build/Intermediates.noindex/Woop.build/Debug-iphonesimulator/Woop.build/Woop.hmap

WriteAuxiliaryFile /tmp/woop-count53/sim-dd/Build/Intermediates.noindex/Woop.build/Debug-iphonesimulator/Woop.build/Woop.DependencyStaticMetadataFileList (in target 'Woop' from project 'Woop')
    cd /tmp/woop-count53/banc
    write-file /tmp/woop-count53/sim-dd/Build/Intermediates.noindex/Woop.build/Debug-iphonesimulator/Woop.build/Woop.DependencyStaticMetadataFileList

WriteAuxiliaryFile /tmp/woop-count53/sim-dd/Build/Intermediates.noindex/Woop.build/Debug-iphonesimulator/Woop.build/Woop.DependencyMetadataFileList (in target 'Woop' from project 'Woop')
    cd /tmp/woop-count53/banc
    write-file /tmp/woop-count53/sim-dd/Build/Intermediates.noindex/Woop.build/Debug-iphonesimulator/Woop.build/Woop.DependencyMetadataFileList

WriteAuxiliaryFile /tmp/woop-count53/sim-dd/Build/Intermediates.noindex/Woop.build/Debug-iphonesimulator/Woop.build/Woop-project-headers.hmap (in target 'Woop' from project 'Woop')
    cd /tmp/woop-count53/banc
    write-file /tmp/woop-count53/sim-dd/Build/Intermediates.noindex/Woop.build/Debug-iphonesimulator/Woop.build/Woop-project-headers.hmap

WriteAuxiliaryFile /tmp/woop-count53/sim-dd/Build/Intermediates.noindex/Woop.build/Debug-iphonesimulator/Woop.build/Woop-own-target-headers.hmap (in target 'Woop' from project 'Woop')
    cd /tmp/woop-count53/banc
    write-file /tmp/woop-count53/sim-dd/Build/Intermediates.noindex/Woop.build/Debug-iphonesimulator/Woop.build/Woop-own-target-headers.hmap

WriteAuxiliaryFile /tmp/woop-count53/sim-dd/Build/Intermediates.noindex/Woop.build/Debug-iphonesimulator/Woop.build/Woop-generated-files.hmap (in target 'Woop' from project 'Woop')
    cd /tmp/woop-count53/banc
    write-file /tmp/woop-count53/sim-dd/Build/Intermediates.noindex/Woop.build/Debug-iphonesimulator/Woop.build/Woop-generated-files.hmap

WriteAuxiliaryFile /tmp/woop-count53/sim-dd/Build/Intermediates.noindex/Woop.build/Debug-iphonesimulator/Woop.build/Woop-all-target-headers.hmap (in target 'Woop' from project 'Woop')
    cd /tmp/woop-count53/banc
    write-file /tmp/woop-count53/sim-dd/Build/Intermediates.noindex/Woop.build/Debug-iphonesimulator/Woop.build/Woop-all-target-headers.hmap

WriteAuxiliaryFile /tmp/woop-count53/sim-dd/Build/Intermediates.noindex/Woop.build/Debug-iphonesimulator/Woop.build/Woop-all-non-framework-target-headers.hmap (in target 'Woop' from project 'Woop')
    cd /tmp/woop-count53/banc
    write-file /tmp/woop-count53/sim-dd/Build/Intermediates.noindex/Woop.build/Debug-iphonesimulator/Woop.build/Woop-all-non-framework-target-headers.hmap

WriteAuxiliaryFile /tmp/woop-count53/sim-dd/Build/Intermediates.noindex/Woop.build/Debug-iphonesimulator/Woop.build/Woop-DebugDylibPath-normal-arm64.txt (in target 'Woop' from project 'Woop')
    cd /tmp/woop-count53/banc
    write-file /tmp/woop-count53/sim-dd/Build/Intermediates.noindex/Woop.build/Debug-iphonesimulator/Woop.build/Woop-DebugDylibPath-normal-arm64.txt

WriteAuxiliaryFile /tmp/woop-count53/sim-dd/Build/Intermediates.noindex/Woop.build/Debug-iphonesimulator/Woop.build/Woop-DebugDylibInstallName-normal-arm64.txt (in target 'Woop' from project 'Woop')
    cd /tmp/woop-count53/banc
    write-file /tmp/woop-count53/sim-dd/Build/Intermediates.noindex/Woop.build/Debug-iphonesimulator/Woop.build/Woop-DebugDylibInstallName-normal-arm64.txt

WriteAuxiliaryFile /tmp/woop-count53/sim-dd/Build/Intermediates.noindex/Woop.build/Debug-iphonesimulator/Woop.build/Objects-normal/arm64/Woop_const_extract_protocols.json (in target 'Woop' from project 'Woop')
    cd /tmp/woop-count53/banc
    write-file /tmp/woop-count53/sim-dd/Build/Intermediates.noindex/Woop.build/Debug-iphonesimulator/Woop.build/Objects-normal/arm64/Woop_const_extract_protocols.json

WriteAuxiliaryFile /tmp/woop-count53/sim-dd/Build/Intermediates.noindex/Woop.build/Debug-iphonesimulator/Woop.build/Objects-normal/arm64/Woop.SwiftFileList (in target 'Woop' from project 'Woop')
    cd /tmp/woop-count53/banc
    write-file /tmp/woop-count53/sim-dd/Build/Intermediates.noindex/Woop.build/Debug-iphonesimulator/Woop.build/Objects-normal/arm64/Woop.SwiftFileList

WriteAuxiliaryFile /tmp/woop-count53/sim-dd/Build/Intermediates.noindex/Woop.build/Debug-iphonesimulator/Woop.build/Objects-normal/arm64/Woop.SwiftConstValuesFileList (in target 'Woop' from project 'Woop')
    cd /tmp/woop-count53/banc
    write-file /tmp/woop-count53/sim-dd/Build/Intermediates.noindex/Woop.build/Debug-iphonesimulator/Woop.build/Objects-normal/arm64/Woop.SwiftConstValuesFileList

WriteAuxiliaryFile /tmp/woop-count53/sim-dd/Build/Intermediates.noindex/Woop.build/Debug-iphonesimulator/Woop.build/Objects-normal/arm64/Woop.LinkFileList (in target 'Woop' from project 'Woop')
    cd /tmp/woop-count53/banc
    write-file /tmp/woop-count53/sim-dd/Build/Intermediates.noindex/Woop.build/Debug-iphonesimulator/Woop.build/Objects-normal/arm64/Woop.LinkFileList

WriteAuxiliaryFile /tmp/woop-count53/sim-dd/Build/Intermediates.noindex/Woop.build/Debug-iphonesimulator/Woop.build/Objects-normal/arm64/Woop-OutputFileMap.json (in target 'Woop' from project 'Woop')
    cd /tmp/woop-count53/banc
    write-file /tmp/woop-count53/sim-dd/Build/Intermediates.noindex/Woop.build/Debug-iphonesimulator/Woop.build/Objects-normal/arm64/Woop-OutputFileMap.json

WriteAuxiliaryFile /tmp/woop-count53/sim-dd/Build/Intermediates.noindex/Woop.build/Debug-iphonesimulator/Woop.build/DerivedSources/Entitlements-Simulated.plist (in target 'Woop' from project 'Woop')
    cd /tmp/woop-count53/banc
    write-file /tmp/woop-count53/sim-dd/Build/Intermediates.noindex/Woop.build/Debug-iphonesimulator/Woop.build/DerivedSources/Entitlements-Simulated.plist

MkDir /tmp/woop-count53/sim-dd/Build/Products/Debug-iphonesimulator/WoopWidgets.appex (in target 'WoopWidgets' from project 'Woop')
    cd /tmp/woop-count53/banc
    /bin/mkdir -p /tmp/woop-count53/sim-dd/Build/Products/Debug-iphonesimulator/WoopWidgets.appex

MkDir /tmp/woop-count53/sim-dd/Build/Products/Debug-iphonesimulator/WoopUITests-Runner.app/PlugIns/WoopUITests.xctest (in target 'WoopUITests' from project 'Woop')
    cd /tmp/woop-count53/banc
    /bin/mkdir -p /tmp/woop-count53/sim-dd/Build/Products/Debug-iphonesimulator/WoopUITests-Runner.app/PlugIns/WoopUITests.xctest

MkDir /tmp/woop-count53/sim-dd/Build/Products/Debug-iphonesimulator/Woop.app/PlugIns (in target 'Woop' from project 'Woop')
    cd /tmp/woop-count53/banc
    /bin/mkdir -p /tmp/woop-count53/sim-dd/Build/Products/Debug-iphonesimulator/Woop.app/PlugIns

MkDir /tmp/woop-count53/sim-dd/Build/Products/Debug-iphonesimulator/Woop.app (in target 'Woop' from project 'Woop')
    cd /tmp/woop-count53/banc
    /bin/mkdir -p /tmp/woop-count53/sim-dd/Build/Products/Debug-iphonesimulator/Woop.app

ProcessProductPackaging "" /tmp/woop-count53/sim-dd/Build/Intermediates.noindex/Woop.build/Debug-iphonesimulator/WoopWidgets.build/WoopWidgets.appex-Simulated.xcent (in target 'WoopWidgets' from project 'Woop')
    cd /tmp/woop-count53/banc
    
    Entitlements:
    
    {
    "application-identifier" = "V45F4LUU8D.fr.kathryn.woop.WoopWidgets";
}
    
    builtin-productPackagingUtility -entitlements -format xml -o /tmp/woop-count53/sim-dd/Build/Intermediates.noindex/Woop.build/Debug-iphonesimulator/WoopWidgets.build/WoopWidgets.appex-Simulated.xcent

ProcessProductPackagingDER /tmp/woop-count53/sim-dd/Build/Intermediates.noindex/Woop.build/Debug-iphonesimulator/WoopWidgets.build/WoopWidgets.appex-Simulated.xcent /tmp/woop-count53/sim-dd/Build/Intermediates.noindex/Woop.build/Debug-iphonesimulator/WoopWidgets.build/WoopWidgets.appex-Simulated.xcent.der (in target 'WoopWidgets' from project 'Woop')
    cd /tmp/woop-count53/banc
    /usr/bin/derq query -f xml -i /tmp/woop-count53/sim-dd/Build/Intermediates.noindex/Woop.build/Debug-iphonesimulator/WoopWidgets.build/WoopWidgets.appex-Simulated.xcent -o /tmp/woop-count53/sim-dd/Build/Intermediates.noindex/Woop.build/Debug-iphonesimulator/WoopWidgets.build/WoopWidgets.appex-Simulated.xcent.der --raw

Ld /tmp/woop-count53/sim-dd/Build/Products/Debug-iphonesimulator/WoopWidgets.appex/__preview.dylib normal (in target 'WoopWidgets' from project 'Woop')
    cd /tmp/woop-count53/banc
    /Applications/Xcode.app/Contents/Developer/Toolchains/XcodeDefault.xctoolchain/usr/bin/clang -Xlinker -reproducible -target arm64-apple-ios26.0-simulator -dynamiclib -isysroot /Applications/Xcode.app/Contents/Developer/Platforms/iPhoneSimulator.platform/Developer/SDKs/iPhoneSimulator26.5.sdk -O0 -L/tmp/woop-count53/sim-dd/Build/Products/Debug-iphonesimulator -F/tmp/woop-count53/sim-dd/Build/Products/Debug-iphonesimulator -install_name @rpath/WoopWidgets.debug.dylib -Xlinker -dead_strip -rdynamic -Xlinker -no_deduplicate -Xlinker -objc_abi_version -Xlinker 2 -Xlinker -dependency_info -Xlinker /tmp/woop-count53/sim-dd/Build/Intermediates.noindex/Woop.build/Debug-iphonesimulator/WoopWidgets.build/Objects-normal/arm64/WoopWidgets_dependency_info.dat -Xlinker -sectcreate -Xlinker __TEXT -Xlinker __entitlements -Xlinker /tmp/woop-count53/sim-dd/Build/Intermediates.noindex/Woop.build/Debug-iphonesimulator/WoopWidgets.build/WoopWidgets.appex-Simulated.xcent -Xlinker -sectcreate -Xlinker __TEXT -Xlinker __ents_der -Xlinker /tmp/woop-count53/sim-dd/Build/Intermediates.noindex/Woop.build/Debug-iphonesimulator/WoopWidgets.build/WoopWidgets.appex-Simulated.xcent.der -Xlinker -no_adhoc_codesign -o /tmp/woop-count53/sim-dd/Build/Products/Debug-iphonesimulator/WoopWidgets.appex/__preview.dylib

ProcessInfoPlistFile /tmp/woop-count53/sim-dd/Build/Products/Debug-iphonesimulator/WoopWidgets.appex/Info.plist /tmp/woop-count53/banc/WoopWidgets/Info.plist (in target 'WoopWidgets' from project 'Woop')
    cd /tmp/woop-count53/banc
    builtin-infoPlistUtility /tmp/woop-count53/banc/WoopWidgets/Info.plist -producttype com.apple.product-type.app-extension -expandbuildsettings -format binary -platform iphonesimulator -o /tmp/woop-count53/sim-dd/Build/Products/Debug-iphonesimulator/WoopWidgets.appex/Info.plist

SwiftDriver WoopWidgets normal arm64 com.apple.xcode.tools.swift.compiler (in target 'WoopWidgets' from project 'Woop')
    cd /tmp/woop-count53/banc
    builtin-SwiftDriver -- /Applications/Xcode.app/Contents/Developer/Toolchains/XcodeDefault.xctoolchain/usr/bin/swiftc -module-name WoopWidgets -Onone @/tmp/woop-count53/sim-dd/Build/Intermediates.noindex/Woop.build/Debug-iphonesimulator/WoopWidgets.build/Objects-normal/arm64/WoopWidgets.SwiftFileList -DDEBUG -enable-bare-slash-regex -enable-experimental-feature DebugDescriptionMacro -sdk /Applications/Xcode.app/Contents/Developer/Platforms/iPhoneSimulator.platform/Developer/SDKs/iPhoneSimulator26.5.sdk -target arm64-apple-ios26.0-simulator -g -module-cache-path /tmp/woop-count53/sim-dd/ModuleCache.noindex -Xfrontend -serialize-debugging-options -application-extension -enable-testing -index-store-path /tmp/woop-count53/sim-dd/Index.noindex/DataStore -Xcc -D_LIBCPP_HARDENING_MODE\=_LIBCPP_HARDENING_MODE_DEBUG -swift-version 5 -I /tmp/woop-count53/sim-dd/Build/Products/Debug-iphonesimulator -F /tmp/woop-count53/sim-dd/Build/Products/Debug-iphonesimulator -emit-localized-strings -emit-localized-strings-path /tmp/woop-count53/sim-dd/Build/Intermediates.noindex/Woop.build/Debug-iphonesimulator/WoopWidgets.build/Objects-normal/arm64 -c -j10 -enable-batch-mode -incremental -Xcc -ivfsstatcache -Xcc /tmp/woop-count53/sim-dd/SDKStatCaches.noindex/iphonesimulator26.5-23F73-688ef53f1462e2c8f657fdc38a81448f6cfe768891a92b912361537c460fe42b.sdkstatcache -output-file-map /tmp/woop-count53/sim-dd/Build/Intermediates.noindex/Woop.build/Debug-iphonesimulator/WoopWidgets.build/Objects-normal/arm64/WoopWidgets-OutputFileMap.json -use-frontend-parseable-output -save-temps -no-color-diagnostics -explicit-module-build -module-cache-path /tmp/woop-count53/sim-dd/Build/Intermediates.noindex/SwiftExplicitPrecompiledModules -clang-scanner-module-cache-path /tmp/woop-count53/sim-dd/ModuleCache.noindex -sdk-module-cache-path /tmp/woop-count53/sim-dd/ModuleCache.noindex -serialize-diagnostics -emit-dependencies -emit-module -emit-module-path /tmp/woop-count53/sim-dd/Build/Intermediates.noindex/Woop.build/Debug-iphonesimulator/WoopWidgets.build/Objects-normal/arm64/WoopWidgets.swiftmodule -validate-clang-modules-once -clang-build-session-file /tmp/woop-count53/sim-dd/ModuleCache.noindex/Session.modulevalidation -Xcc -I/tmp/woop-count53/sim-dd/Build/Intermediates.noindex/Woop.build/Debug-iphonesimulator/WoopWidgets.build/swift-overrides.hmap -emit-const-values -Xfrontend -const-gather-protocols-file -Xfrontend /tmp/woop-count53/sim-dd/Build/Intermediates.noindex/Woop.build/Debug-iphonesimulator/WoopWidgets.build/Objects-normal/arm64/WoopWidgets_const_extract_protocols.json -Xcc -iquote -Xcc /tmp/woop-count53/sim-dd/Build/Intermediates.noindex/Woop.build/Debug-iphonesimulator/WoopWidgets.build/WoopWidgets-generated-files.hmap -Xcc -I/tmp/woop-count53/sim-dd/Build/Intermediates.noindex/Woop.build/Debug-iphonesimulator/WoopWidgets.build/WoopWidgets-own-target-headers.hmap -Xcc -I/tmp/woop-count53/sim-dd/Build/Intermediates.noindex/Woop.build/Debug-iphonesimulator/WoopWidgets.build/WoopWidgets-all-target-headers.hmap -Xcc -iquote -Xcc /tmp/woop-count53/sim-dd/Build/Intermediates.noindex/Woop.build/Debug-iphonesimulator/WoopWidgets.build/WoopWidgets-project-headers.hmap -Xcc -I/tmp/woop-count53/sim-dd/Build/Products/Debug-iphonesimulator/include -Xcc -I/tmp/woop-count53/sim-dd/Build/Intermediates.noindex/Woop.build/Debug-iphonesimulator/WoopWidgets.build/DerivedSources-normal/arm64 -Xcc -I/tmp/woop-count53/sim-dd/Build/Intermediates.noindex/Woop.build/Debug-iphonesimulator/WoopWidgets.build/DerivedSources/arm64 -Xcc -I/tmp/woop-count53/sim-dd/Build/Intermediates.noindex/Woop.build/Debug-iphonesimulator/WoopWidgets.build/DerivedSources -Xcc -DDEBUG\=1 -emit-objc-header -emit-objc-header-path /tmp/woop-count53/sim-dd/Build/Intermediates.noindex/Woop.build/Debug-iphonesimulator/WoopWidgets.build/Objects-normal/arm64/WoopWidgets-Swift.h -working-directory /tmp/woop-count53/banc -experimental-emit-module-separately -disable-cmo

SwiftExplicitDependencyGeneratePcm arm64 /tmp/woop-count53/sim-dd/ModuleCache.noindex/ptrauth-DE04WSBUAWA9W2CZEWBOTVQWC.pcm

SwiftExplicitDependencyGeneratePcm arm64 /tmp/woop-count53/sim-dd/ModuleCache.noindex/ActivityKit-5AEYEHMIDSKYSN8EHLZQ0GLLP.pcm

SwiftExplicitDependencyGeneratePcm arm64 /tmp/woop-count53/sim-dd/ModuleCache.noindex/_AvailabilityInternal-DW67Z1KOL8H1KOE9BCZUV3ZIC.pcm

SwiftExplicitDependencyGeneratePcm arm64 /tmp/woop-count53/sim-dd/ModuleCache.noindex/_Builtin_stddef-1JI2O41HTYWZZXW8E3YH4Q8LS.pcm

SwiftExplicitDependencyGeneratePcm arm64 /tmp/woop-count53/sim-dd/ModuleCache.noindex/_Builtin_stdbool-DW1LB5K3VP32BMKSXQPNG529C.pcm

SwiftExplicitDependencyGeneratePcm arm64 /tmp/woop-count53/sim-dd/ModuleCache.noindex/_SwiftConcurrencyShims-ESQNCGDR3XHK4ZAAT605ZSXH0.pcm

SwiftExplicitDependencyGeneratePcm arm64 /tmp/woop-count53/sim-dd/ModuleCache.noindex/SwiftShims-2D2E8DRDPVXG3PGBBBJTCOHCO.pcm

SwiftExplicitDependencyGeneratePcm arm64 /tmp/woop-count53/sim-dd/ModuleCache.noindex/_Builtin_float-AILNTYLCE4OKEFIHN6F414FPN.pcm

SwiftExplicitDependencyGeneratePcm arm64 /tmp/woop-count53/sim-dd/ModuleCache.noindex/_Builtin_stdarg-F26GQJH9EN7YXN6F8NT0IKA2N.pcm

SwiftExplicitDependencyGeneratePcm arm64 /tmp/woop-count53/sim-dd/ModuleCache.noindex/ptrcheck-EWT5JN2YYYB3KL7RQDNLKEYL0.pcm

SwiftExplicitDependencyGeneratePcm arm64 /tmp/woop-count53/sim-dd/ModuleCache.noindex/DeveloperToolsSupport-6S8JNCIRURLTUP8AHXWMHB16R.pcm

SwiftExplicitDependencyGeneratePcm arm64 /tmp/woop-count53/sim-dd/ModuleCache.noindex/_DarwinFoundation1-1AY5JUU748PRL7NTORPL6NQE5.pcm

SwiftExplicitDependencyGeneratePcm arm64 /tmp/woop-count53/sim-dd/ModuleCache.noindex/ExtensionFoundation-21JHJODZ274S1D3YCLOBGOE6L.pcm

SwiftExplicitDependencyGeneratePcm arm64 /tmp/woop-count53/sim-dd/ModuleCache.noindex/_Builtin_limits-5J85HIS5U6U9YT59EEE6ZF5TF.pcm

SwiftExplicitDependencyGeneratePcm arm64 /tmp/woop-count53/sim-dd/ModuleCache.noindex/_DarwinFoundation2-4C4AKN99V8N8SZ25I8D3HZZ2T.pcm

SwiftExplicitDependencyGeneratePcm arm64 /tmp/woop-count53/sim-dd/ModuleCache.noindex/sys_types-E4VT39NXYZ625XA79O04EK03A.pcm

SwiftExplicitDependencyGeneratePcm arm64 /tmp/woop-count53/sim-dd/ModuleCache.noindex/_Builtin_stdint-8V13M6ZS9FT0UBP8PW7FKRNXB.pcm

SwiftExplicitDependencyGeneratePcm arm64 /tmp/woop-count53/sim-dd/ModuleCache.noindex/_Builtin_tgmath-1M7H11W9N2YIV8F9IY3W6RVR.pcm

SwiftExplicitDependencyGeneratePcm arm64 /tmp/woop-count53/sim-dd/ModuleCache.noindex/_Builtin_intrinsics-6JWPT8B1TQXLC7J6IVNTB7QT3.pcm

SwiftExplicitDependencyGeneratePcm arm64 /tmp/woop-count53/sim-dd/ModuleCache.noindex/_DarwinFoundation3-EWCEF040BDJPC1XBC8YGRJ2D0.pcm

SwiftExplicitDependencyGeneratePcm arm64 /tmp/woop-count53/sim-dd/ModuleCache.noindex/_Builtin_stdatomic-1BAPAG314HHJF5U6ZVQQ166R9.pcm

SwiftExplicitDependencyGeneratePcm arm64 /tmp/woop-count53/sim-dd/ModuleCache.noindex/_Builtin_inttypes-3YAZWWP3Z5PX7J90KDAU4P1CA.pcm

SwiftExplicitDependencyGeneratePcm arm64 /tmp/woop-count53/sim-dd/ModuleCache.noindex/simd-1K94UFOA8IXHOU9WCUJ78FODT.pcm

SwiftExplicitDependencyGeneratePcm arm64 /tmp/woop-count53/sim-dd/ModuleCache.noindex/Darwin-57DS1FT9RDTH661NF3D4EJEI2.pcm

SwiftExplicitDependencyGeneratePcm arm64 /tmp/woop-count53/sim-dd/ModuleCache.noindex/ObjectiveC-DR9F2IXNM300QZQDJHNFSYRY.pcm

SwiftExplicitDependencyGeneratePcm arm64 /tmp/woop-count53/sim-dd/ModuleCache.noindex/MachO-84PDM9XU1SWH426W4EY9YI6CK.pcm

SwiftExplicitDependencyGeneratePcm arm64 /tmp/woop-count53/sim-dd/ModuleCache.noindex/Spatial-DH889PQT5LFLCI7HGTKSYFNAY.pcm

SwiftExplicitDependencyGeneratePcm arm64 /tmp/woop-count53/sim-dd/ModuleCache.noindex/os_object-1QSRNA224KS52RIYM8NSRRLNS.pcm

SwiftExplicitDependencyGeneratePcm arm64 /tmp/woop-count53/sim-dd/ModuleCache.noindex/os_workgroup-3FFW5SKJWFUOHWDLBR30KE9BR.pcm

SwiftExplicitDependencyGeneratePcm arm64 /tmp/woop-count53/sim-dd/ModuleCache.noindex/Dispatch-DED9CBXG4OFAIU6T6G2HN17A7.pcm

SwiftExplicitDependencyGeneratePcm arm64 /tmp/woop-count53/sim-dd/ModuleCache.noindex/dnssd-8YCYRB833BB27VT2TCQO5BBDO.pcm

SwiftExplicitDependencyGeneratePcm arm64 /tmp/woop-count53/sim-dd/ModuleCache.noindex/XPC-2Y0L18P8T1ARPIOR3I0H3CXB0.pcm

SwiftExplicitDependencyGeneratePcm arm64 /tmp/woop-count53/sim-dd/ModuleCache.noindex/CoreFoundation-12PMN8SHQUGRRSBY34RDD8K70.pcm

SwiftExplicitDependencyGeneratePcm arm64 /tmp/woop-count53/sim-dd/ModuleCache.noindex/os-745UZN2G1JDT3ZEO30QO7EQCX.pcm

SwiftExplicitDependencyGeneratePcm arm64 /tmp/woop-count53/sim-dd/ModuleCache.noindex/CFNetwork-7PHRVX87RWSEM1VXS2V5EW5IG.pcm

SwiftExplicitDependencyGeneratePcm arm64 /tmp/woop-count53/sim-dd/ModuleCache.noindex/Security-ECQQSE2AAW9QWN38Q8QAH3D2N.pcm

SwiftExplicitDependencyGeneratePcm arm64 /tmp/woop-count53/sim-dd/ModuleCache.noindex/CoreGraphics-14M75QKCH5Y50MYXJQGJQGA1Y.pcm

SwiftExplicitDependencyGeneratePcm arm64 /tmp/woop-count53/sim-dd/ModuleCache.noindex/Foundation-7VI0ZQBETZ9S4YOKMKDQ1C9GN.pcm

SwiftExplicitDependencyGeneratePcm arm64 /tmp/woop-count53/sim-dd/ModuleCache.noindex/ImageIO-877MVCGLOYR406QUIY0FBGVIA.pcm

SwiftExplicitDependencyGeneratePcm arm64 /tmp/woop-count53/sim-dd/ModuleCache.noindex/CoreText-70TLSAQ9PYUPTPBFIKQ7WWPNR.pcm

SwiftExplicitDependencyGeneratePcm arm64 /tmp/woop-count53/sim-dd/ModuleCache.noindex/AppIntents-EEY8G1X9ENC8Z6FRQ913SZS27.pcm

SwiftExplicitDependencyGeneratePcm arm64 /tmp/woop-count53/sim-dd/ModuleCache.noindex/Accessibility-A9XC1ISGI8NZONUAMGA39OOEB.pcm

SwiftExplicitDependencyGeneratePcm arm64 /tmp/woop-count53/sim-dd/ModuleCache.noindex/UniformTypeIdentifiers-3TS43W1GEZMG9WKYF74E5JOTQ.pcm

SwiftExplicitDependencyGeneratePcm arm64 /tmp/woop-count53/sim-dd/ModuleCache.noindex/UserNotifications-BLW7SHRXLX6A495BVLM60M1YY.pcm

SwiftExplicitDependencyGeneratePcm arm64 /tmp/woop-count53/sim-dd/ModuleCache.noindex/RelevanceKit-2QWGTNK0MDAPAU258HV01PA2R.pcm

SwiftExplicitDependencyGeneratePcm arm64 /tmp/woop-count53/sim-dd/ModuleCache.noindex/CoreSpotlight-4Y5EFFWHNUFFK4WVU7BSHFJSP.pcm

SwiftExplicitDependencyGeneratePcm arm64 /tmp/woop-count53/sim-dd/ModuleCache.noindex/WidgetKit-DUX64IMW5AHIEMPDZ5H0DGI5Z.pcm

SwiftExplicitDependencyGeneratePcm arm64 /tmp/woop-count53/sim-dd/ModuleCache.noindex/OSLog-C616N5XR11SO8KCMKOYTXU81O.pcm

SwiftExplicitDependencyGeneratePcm arm64 /tmp/woop-count53/sim-dd/ModuleCache.noindex/DataDetection-MKACJI2ARLKHJN4Q3M9O9OJ5.pcm

SwiftExplicitDependencyGeneratePcm arm64 /tmp/woop-count53/sim-dd/ModuleCache.noindex/OpenGLES-1409AZAULDYNJRAWPD61EUJSC.pcm

SwiftExplicitDependencyGeneratePcm arm64 /tmp/woop-count53/sim-dd/ModuleCache.noindex/IOSurface-5PJKIQE3APV335Z4K7B98XW88.pcm

SwiftExplicitDependencyGeneratePcm arm64 /tmp/woop-count53/sim-dd/ModuleCache.noindex/_LocationEssentials-4STE4IORW5KCDHZAQDIPAVWBC.pcm

SwiftExplicitDependencyGeneratePcm arm64 /tmp/woop-count53/sim-dd/ModuleCache.noindex/Metal-3E2EISP8CU8Z84D4D4EFPP2E2.pcm

SwiftExplicitDependencyGeneratePcm arm64 /tmp/woop-count53/sim-dd/ModuleCache.noindex/Symbols-4I49MEMKR7Y2OHFA9HCY9NDM6.pcm

SwiftExplicitDependencyGeneratePcm arm64 /tmp/woop-count53/sim-dd/ModuleCache.noindex/CoreLocation-A6HCX8KEPLB8120J2ANVSFRTW.pcm

SwiftExplicitDependencyGeneratePcm arm64 /tmp/woop-count53/sim-dd/ModuleCache.noindex/CoreTransferable-BBCEGL4TYNIOGOEFTSW2FES9G.pcm

SwiftExplicitDependencyGeneratePcm arm64 /tmp/woop-count53/sim-dd/ModuleCache.noindex/CoreVideo-2VU6I4DEGSB4LH5NFXBEUBJAH.pcm

SwiftExplicitDependencyGeneratePcm arm64 /tmp/woop-count53/sim-dd/ModuleCache.noindex/Intents-DSZ4JPQ390KPB9HEL0KCM1HL9.pcm

SwiftExplicitDependencyGeneratePcm arm64 /tmp/woop-count53/sim-dd/ModuleCache.noindex/CoreData-B8023IEQT8K7RCFSNRMA6ZCGB.pcm

SwiftExplicitDependencyGeneratePcm arm64 /tmp/woop-count53/sim-dd/ModuleCache.noindex/QuartzCore-9ZQ8ODU7N8H5AARETS1P9N6ZI.pcm

SwiftExplicitDependencyGeneratePcm arm64 /tmp/woop-count53/sim-dd/ModuleCache.noindex/CoreImage-7G0WIE35EQU63ZMD2W0545IMA.pcm

SwiftExplicitDependencyGeneratePcm arm64 /tmp/woop-count53/sim-dd/ModuleCache.noindex/UIUtilities-CKY3SW3BLMHHNZ3BANUA97LYQ.pcm

SwiftExplicitDependencyGeneratePcm arm64 /tmp/woop-count53/sim-dd/ModuleCache.noindex/SwiftUICore-3YD5YHTI6U9EPYRCFH50ZQQCB.pcm

SwiftExplicitDependencyGeneratePcm arm64 /tmp/woop-count53/sim-dd/ModuleCache.noindex/FileProvider-BE8LYNJ2B4J55B4R8JADANYUR.pcm

SwiftExplicitDependencyGeneratePcm arm64 /tmp/woop-count53/sim-dd/ModuleCache.noindex/Network-CD8CFC0CEFRIU7LOC8LKRB59I.pcm

SwiftExplicitDependencyGeneratePcm arm64 /tmp/woop-count53/sim-dd/ModuleCache.noindex/UIKit-2TO83M2IMT18DJVZDCBHP0046.pcm

SwiftExplicitDependencyGeneratePcm arm64 /tmp/woop-count53/sim-dd/ModuleCache.noindex/SwiftUI-6RQV0HM6VPTBGC1JWNEQV7F2B.pcm

SwiftEmitModule normal arm64 Emitting\ module\ for\ WoopWidgets (in target 'WoopWidgets' from project 'Woop')

EmitSwiftModule normal arm64 (in target 'WoopWidgets' from project 'Woop')
    cd /tmp/woop-count53/banc
    

SwiftCompile normal arm64 Compiling\ ProgressComet.swift /tmp/woop-count53/banc/WoopShared/ProgressComet.swift (in target 'WoopWidgets' from project 'Woop')
SwiftCompile normal arm64 /tmp/woop-count53/banc/WoopShared/ProgressComet.swift (in target 'WoopWidgets' from project 'Woop')
    cd /tmp/woop-count53/banc
    

SwiftCompile normal arm64 Compiling\ WoopWidgetsBundle.swift /tmp/woop-count53/banc/WoopWidgets/WoopWidgetsBundle.swift (in target 'WoopWidgets' from project 'Woop')
SwiftCompile normal arm64 /tmp/woop-count53/banc/WoopWidgets/WoopWidgetsBundle.swift (in target 'WoopWidgets' from project 'Woop')
    cd /tmp/woop-count53/banc
    

SwiftDriverJobDiscovery normal arm64 Emitting module for WoopWidgets (in target 'WoopWidgets' from project 'Woop')

SwiftDriver\ Compilation\ Requirements WoopWidgets normal arm64 com.apple.xcode.tools.swift.compiler (in target 'WoopWidgets' from project 'Woop')
    cd /tmp/woop-count53/banc
    builtin-Swift-Compilation-Requirements -- /Applications/Xcode.app/Contents/Developer/Toolchains/XcodeDefault.xctoolchain/usr/bin/swiftc -module-name WoopWidgets -Onone @/tmp/woop-count53/sim-dd/Build/Intermediates.noindex/Woop.build/Debug-iphonesimulator/WoopWidgets.build/Objects-normal/arm64/WoopWidgets.SwiftFileList -DDEBUG -enable-bare-slash-regex -enable-experimental-feature DebugDescriptionMacro -sdk /Applications/Xcode.app/Contents/Developer/Platforms/iPhoneSimulator.platform/Developer/SDKs/iPhoneSimulator26.5.sdk -target arm64-apple-ios26.0-simulator -g -module-cache-path /tmp/woop-count53/sim-dd/ModuleCache.noindex -Xfrontend -serialize-debugging-options -application-extension -enable-testing -index-store-path /tmp/woop-count53/sim-dd/Index.noindex/DataStore -Xcc -D_LIBCPP_HARDENING_MODE\=_LIBCPP_HARDENING_MODE_DEBUG -swift-version 5 -I /tmp/woop-count53/sim-dd/Build/Products/Debug-iphonesimulator -F /tmp/woop-count53/sim-dd/Build/Products/Debug-iphonesimulator -emit-localized-strings -emit-localized-strings-path /tmp/woop-count53/sim-dd/Build/Intermediates.noindex/Woop.build/Debug-iphonesimulator/WoopWidgets.build/Objects-normal/arm64 -c -j10 -enable-batch-mode -incremental -Xcc -ivfsstatcache -Xcc /tmp/woop-count53/sim-dd/SDKStatCaches.noindex/iphonesimulator26.5-23F73-688ef53f1462e2c8f657fdc38a81448f6cfe768891a92b912361537c460fe42b.sdkstatcache -output-file-map /tmp/woop-count53/sim-dd/Build/Intermediates.noindex/Woop.build/Debug-iphonesimulator/WoopWidgets.build/Objects-normal/arm64/WoopWidgets-OutputFileMap.json -use-frontend-parseable-output -save-temps -no-color-diagnostics -explicit-module-build -module-cache-path /tmp/woop-count53/sim-dd/Build/Intermediates.noindex/SwiftExplicitPrecompiledModules -clang-scanner-module-cache-path /tmp/woop-count53/sim-dd/ModuleCache.noindex -sdk-module-cache-path /tmp/woop-count53/sim-dd/ModuleCache.noindex -serialize-diagnostics -emit-dependencies -emit-module -emit-module-path /tmp/woop-count53/sim-dd/Build/Intermediates.noindex/Woop.build/Debug-iphonesimulator/WoopWidgets.build/Objects-normal/arm64/WoopWidgets.swiftmodule -validate-clang-modules-once -clang-build-session-file /tmp/woop-count53/sim-dd/ModuleCache.noindex/Session.modulevalidation -Xcc -I/tmp/woop-count53/sim-dd/Build/Intermediates.noindex/Woop.build/Debug-iphonesimulator/WoopWidgets.build/swift-overrides.hmap -emit-const-values -Xfrontend -const-gather-protocols-file -Xfrontend /tmp/woop-count53/sim-dd/Build/Intermediates.noindex/Woop.build/Debug-iphonesimulator/WoopWidgets.build/Objects-normal/arm64/WoopWidgets_const_extract_protocols.json -Xcc -iquote -Xcc /tmp/woop-count53/sim-dd/Build/Intermediates.noindex/Woop.build/Debug-iphonesimulator/WoopWidgets.build/WoopWidgets-generated-files.hmap -Xcc -I/tmp/woop-count53/sim-dd/Build/Intermediates.noindex/Woop.build/Debug-iphonesimulator/WoopWidgets.build/WoopWidgets-own-target-headers.hmap -Xcc -I/tmp/woop-count53/sim-dd/Build/Intermediates.noindex/Woop.build/Debug-iphonesimulator/WoopWidgets.build/WoopWidgets-all-target-headers.hmap -Xcc -iquote -Xcc /tmp/woop-count53/sim-dd/Build/Intermediates.noindex/Woop.build/Debug-iphonesimulator/WoopWidgets.build/WoopWidgets-project-headers.hmap -Xcc -I/tmp/woop-count53/sim-dd/Build/Products/Debug-iphonesimulator/include -Xcc -I/tmp/woop-count53/sim-dd/Build/Intermediates.noindex/Woop.build/Debug-iphonesimulator/WoopWidgets.build/DerivedSources-normal/arm64 -Xcc -I/tmp/woop-count53/sim-dd/Build/Intermediates.noindex/Woop.build/Debug-iphonesimulator/WoopWidgets.build/DerivedSources/arm64 -Xcc -I/tmp/woop-count53/sim-dd/Build/Intermediates.noindex/Woop.build/Debug-iphonesimulator/WoopWidgets.build/DerivedSources -Xcc -DDEBUG\=1 -emit-objc-header -emit-objc-header-path /tmp/woop-count53/sim-dd/Build/Intermediates.noindex/Woop.build/Debug-iphonesimulator/WoopWidgets.build/Objects-normal/arm64/WoopWidgets-Swift.h -working-directory /tmp/woop-count53/banc -experimental-emit-module-separately -disable-cmo

SwiftDriverJobDiscovery normal arm64 Compiling ProgressComet.swift (in target 'WoopWidgets' from project 'Woop')

SwiftCompile normal arm64 Compiling\ WorkoutActivity.swift /tmp/woop-count53/banc/WoopShared/WorkoutActivity.swift (in target 'WoopWidgets' from project 'Woop')

SwiftCompile normal arm64 /tmp/woop-count53/banc/WoopShared/WorkoutActivity.swift (in target 'WoopWidgets' from project 'Woop')
    cd /tmp/woop-count53/banc
    

SwiftMergeGeneratedHeaders /tmp/woop-count53/sim-dd/Build/Intermediates.noindex/Woop.build/Debug-iphonesimulator/WoopWidgets.build/DerivedSources/WoopWidgets-Swift.h /tmp/woop-count53/sim-dd/Build/Intermediates.noindex/Woop.build/Debug-iphonesimulator/WoopWidgets.build/Objects-normal/arm64/WoopWidgets-Swift.h (in target 'WoopWidgets' from project 'Woop')
    cd /tmp/woop-count53/banc
    builtin-swiftHeaderTool -arch arm64 /tmp/woop-count53/sim-dd/Build/Intermediates.noindex/Woop.build/Debug-iphonesimulator/WoopWidgets.build/Objects-normal/arm64/WoopWidgets-Swift.h -o /tmp/woop-count53/sim-dd/Build/Intermediates.noindex/Woop.build/Debug-iphonesimulator/WoopWidgets.build/DerivedSources/WoopWidgets-Swift.h

SwiftDriverJobDiscovery normal arm64 Compiling WorkoutActivity.swift (in target 'WoopWidgets' from project 'Woop')

Copy /tmp/woop-count53/sim-dd/Build/Products/Debug-iphonesimulator/WoopWidgets.swiftmodule/arm64-apple-ios-simulator.swiftmodule /tmp/woop-count53/sim-dd/Build/Intermediates.noindex/Woop.build/Debug-iphonesimulator/WoopWidgets.build/Objects-normal/arm64/WoopWidgets.swiftmodule (in target 'WoopWidgets' from project 'Woop')
    cd /tmp/woop-count53/banc
    builtin-copy -exclude .DS_Store -exclude CVS -exclude .svn -exclude .git -exclude .hg -resolve-src-symlinks -rename /tmp/woop-count53/sim-dd/Build/Intermediates.noindex/Woop.build/Debug-iphonesimulator/WoopWidgets.build/Objects-normal/arm64/WoopWidgets.swiftmodule /tmp/woop-count53/sim-dd/Build/Products/Debug-iphonesimulator/WoopWidgets.swiftmodule/arm64-apple-ios-simulator.swiftmodule

Copy /tmp/woop-count53/sim-dd/Build/Products/Debug-iphonesimulator/WoopWidgets.swiftmodule/arm64-apple-ios-simulator.swiftdoc /tmp/woop-count53/sim-dd/Build/Intermediates.noindex/Woop.build/Debug-iphonesimulator/WoopWidgets.build/Objects-normal/arm64/WoopWidgets.swiftdoc (in target 'WoopWidgets' from project 'Woop')
    cd /tmp/woop-count53/banc
    builtin-copy -exclude .DS_Store -exclude CVS -exclude .svn -exclude .git -exclude .hg -resolve-src-symlinks -rename /tmp/woop-count53/sim-dd/Build/Intermediates.noindex/Woop.build/Debug-iphonesimulator/WoopWidgets.build/Objects-normal/arm64/WoopWidgets.swiftdoc /tmp/woop-count53/sim-dd/Build/Products/Debug-iphonesimulator/WoopWidgets.swiftmodule/arm64-apple-ios-simulator.swiftdoc

Copy /tmp/woop-count53/sim-dd/Build/Products/Debug-iphonesimulator/WoopWidgets.swiftmodule/arm64-apple-ios-simulator.abi.json /tmp/woop-count53/sim-dd/Build/Intermediates.noindex/Woop.build/Debug-iphonesimulator/WoopWidgets.build/Objects-normal/arm64/WoopWidgets.abi.json (in target 'WoopWidgets' from project 'Woop')
    cd /tmp/woop-count53/banc
    builtin-copy -exclude .DS_Store -exclude CVS -exclude .svn -exclude .git -exclude .hg -resolve-src-symlinks -rename /tmp/woop-count53/sim-dd/Build/Intermediates.noindex/Woop.build/Debug-iphonesimulator/WoopWidgets.build/Objects-normal/arm64/WoopWidgets.abi.json /tmp/woop-count53/sim-dd/Build/Products/Debug-iphonesimulator/WoopWidgets.swiftmodule/arm64-apple-ios-simulator.abi.json

Copy /tmp/woop-count53/sim-dd/Build/Products/Debug-iphonesimulator/WoopWidgets.swiftmodule/Project/arm64-apple-ios-simulator.swiftsourceinfo /tmp/woop-count53/sim-dd/Build/Intermediates.noindex/Woop.build/Debug-iphonesimulator/WoopWidgets.build/Objects-normal/arm64/WoopWidgets.swiftsourceinfo (in target 'WoopWidgets' from project 'Woop')
    cd /tmp/woop-count53/banc
    builtin-copy -exclude .DS_Store -exclude CVS -exclude .svn -exclude .git -exclude .hg -resolve-src-symlinks -rename /tmp/woop-count53/sim-dd/Build/Intermediates.noindex/Woop.build/Debug-iphonesimulator/WoopWidgets.build/Objects-normal/arm64/WoopWidgets.swiftsourceinfo /tmp/woop-count53/sim-dd/Build/Products/Debug-iphonesimulator/WoopWidgets.swiftmodule/Project/arm64-apple-ios-simulator.swiftsourceinfo

SwiftCompile normal arm64 Compiling\ MoonGlyph.swift /tmp/woop-count53/banc/WoopShared/MoonGlyph.swift (in target 'WoopWidgets' from project 'Woop')

SwiftCompile normal arm64 /tmp/woop-count53/banc/WoopShared/MoonGlyph.swift (in target 'WoopWidgets' from project 'Woop')
    cd /tmp/woop-count53/banc
    

SwiftDriverJobDiscovery normal arm64 Compiling MoonGlyph.swift (in target 'WoopWidgets' from project 'Woop')

SwiftCompile normal arm64 Compiling\ WorkoutLiveActivity.swift /tmp/woop-count53/banc/WoopWidgets/WorkoutLiveActivity.swift (in target 'WoopWidgets' from project 'Woop')
SwiftCompile normal arm64 /tmp/woop-count53/banc/WoopWidgets/WorkoutLiveActivity.swift (in target 'WoopWidgets' from project 'Woop')
    cd /tmp/woop-count53/banc
    

SwiftCompile normal arm64 Compiling\ ImpGlyph.swift /tmp/woop-count53/banc/WoopShared/ImpGlyph.swift (in target 'WoopWidgets' from project 'Woop')

SwiftCompile normal arm64 /tmp/woop-count53/banc/WoopShared/ImpGlyph.swift (in target 'WoopWidgets' from project 'Woop')
    cd /tmp/woop-count53/banc
    

SwiftDriverJobDiscovery normal arm64 Compiling WoopWidgetsBundle.swift (in target 'WoopWidgets' from project 'Woop')

SwiftDriverJobDiscovery normal arm64 Compiling ImpGlyph.swift (in target 'WoopWidgets' from project 'Woop')

ProcessProductPackaging /tmp/woop-count53/banc/Woop/Woop.entitlements /tmp/woop-count53/sim-dd/Build/Intermediates.noindex/Woop.build/Debug-iphonesimulator/Woop.build/Woop.app.xcent (in target 'Woop' from project 'Woop')
    cd /tmp/woop-count53/banc
    
    Entitlements:
    
    {
}
    
    builtin-productPackagingUtility /tmp/woop-count53/banc/Woop/Woop.entitlements -entitlements -format xml -o /tmp/woop-count53/sim-dd/Build/Intermediates.noindex/Woop.build/Debug-iphonesimulator/Woop.build/Woop.app.xcent

ProcessProductPackaging /tmp/woop-count53/banc/Woop/Woop.entitlements /tmp/woop-count53/sim-dd/Build/Intermediates.noindex/Woop.build/Debug-iphonesimulator/Woop.build/Woop.app-Simulated.xcent (in target 'Woop' from project 'Woop')
    cd /tmp/woop-count53/banc
    
    Entitlements:
    
    {
    "application-identifier" = "V45F4LUU8D.fr.kathryn.woop";
    "com.apple.developer.applesignin" =     (
        Default
    );
}
    
    builtin-productPackagingUtility /tmp/woop-count53/banc/Woop/Woop.entitlements -entitlements -format xml -o /tmp/woop-count53/sim-dd/Build/Intermediates.noindex/Woop.build/Debug-iphonesimulator/Woop.build/Woop.app-Simulated.xcent

ProcessProductPackagingDER /tmp/woop-count53/sim-dd/Build/Intermediates.noindex/Woop.build/Debug-iphonesimulator/Woop.build/Woop.app.xcent /tmp/woop-count53/sim-dd/Build/Intermediates.noindex/Woop.build/Debug-iphonesimulator/Woop.build/Woop.app.xcent.der (in target 'Woop' from project 'Woop')
    cd /tmp/woop-count53/banc
    /usr/bin/derq query -f xml -i /tmp/woop-count53/sim-dd/Build/Intermediates.noindex/Woop.build/Debug-iphonesimulator/Woop.build/Woop.app.xcent -o /tmp/woop-count53/sim-dd/Build/Intermediates.noindex/Woop.build/Debug-iphonesimulator/Woop.build/Woop.app.xcent.der --raw

ProcessProductPackagingDER /tmp/woop-count53/sim-dd/Build/Intermediates.noindex/Woop.build/Debug-iphonesimulator/Woop.build/Woop.app-Simulated.xcent /tmp/woop-count53/sim-dd/Build/Intermediates.noindex/Woop.build/Debug-iphonesimulator/Woop.build/Woop.app-Simulated.xcent.der (in target 'Woop' from project 'Woop')
    cd /tmp/woop-count53/banc
    /usr/bin/derq query -f xml -i /tmp/woop-count53/sim-dd/Build/Intermediates.noindex/Woop.build/Debug-iphonesimulator/Woop.build/Woop.app-Simulated.xcent -o /tmp/woop-count53/sim-dd/Build/Intermediates.noindex/Woop.build/Debug-iphonesimulator/Woop.build/Woop.app-Simulated.xcent.der --raw

MkDir /tmp/woop-count53/sim-dd/Build/Intermediates.noindex/Woop.build/Debug-iphonesimulator/Woop.build/assetcatalog_output/unthinned (in target 'Woop' from project 'Woop')
    cd /tmp/woop-count53/banc
    /bin/mkdir -p /tmp/woop-count53/sim-dd/Build/Intermediates.noindex/Woop.build/Debug-iphonesimulator/Woop.build/assetcatalog_output/unthinned

MkDir /tmp/woop-count53/sim-dd/Build/Intermediates.noindex/Woop.build/Debug-iphonesimulator/Woop.build/assetcatalog_output/thinned (in target 'Woop' from project 'Woop')
    cd /tmp/woop-count53/banc
    /bin/mkdir -p /tmp/woop-count53/sim-dd/Build/Intermediates.noindex/Woop.build/Debug-iphonesimulator/Woop.build/assetcatalog_output/thinned

GenerateAssetSymbols /tmp/woop-count53/banc/Woop/AppIcon.icon /tmp/woop-count53/banc/Woop/Assets.xcassets (in target 'Woop' from project 'Woop')
    cd /tmp/woop-count53/banc
    /Applications/Xcode.app/Contents/Developer/usr/bin/actool /tmp/woop-count53/banc/Woop/AppIcon.icon /tmp/woop-count53/banc/Woop/Assets.xcassets --compile /tmp/woop-count53/sim-dd/Build/Products/Debug-iphonesimulator/Woop.app --output-format human-readable-text --notices --warnings --export-dependency-info /tmp/woop-count53/sim-dd/Build/Intermediates.noindex/Woop.build/Debug-iphonesimulator/Woop.build/assetcatalog_dependencies --output-partial-info-plist /tmp/woop-count53/sim-dd/Build/Intermediates.noindex/Woop.build/Debug-iphonesimulator/Woop.build/assetcatalog_generated_info.plist --app-icon AppIcon --accent-color AccentColor --compress-pngs --enable-on-demand-resources YES --development-region fr --target-device iphone --minimum-deployment-target 26.0 --platform iphonesimulator --bundle-identifier fr.kathryn.woop --generate-swift-asset-symbol-extensions NO --generate-swift-asset-symbols /tmp/woop-count53/sim-dd/Build/Intermediates.noindex/Woop.build/Debug-iphonesimulator/Woop.build/DerivedSources/GeneratedAssetSymbols.swift --generate-objc-asset-symbols /tmp/woop-count53/sim-dd/Build/Intermediates.noindex/Woop.build/Debug-iphonesimulator/Woop.build/DerivedSources/GeneratedAssetSymbols.h --generate-asset-symbol-index /tmp/woop-count53/sim-dd/Build/Intermediates.noindex/Woop.build/Debug-iphonesimulator/Woop.build/DerivedSources/GeneratedAssetSymbols-Index.plist
/* com.apple.actool.compilation-results */
/tmp/woop-count53/sim-dd/Build/Intermediates.noindex/Woop.build/Debug-iphonesimulator/Woop.build/DerivedSources/GeneratedAssetSymbols-Index.plist
/tmp/woop-count53/sim-dd/Build/Intermediates.noindex/Woop.build/Debug-iphonesimulator/Woop.build/DerivedSources/GeneratedAssetSymbols.h
/tmp/woop-count53/sim-dd/Build/Intermediates.noindex/Woop.build/Debug-iphonesimulator/Woop.build/DerivedSources/GeneratedAssetSymbols.swift


SwiftDriverJobDiscovery normal arm64 Compiling WorkoutLiveActivity.swift (in target 'WoopWidgets' from project 'Woop')

CompileMetalFile /tmp/woop-count53/banc/Woop/WahouAura.metal (in target 'Woop' from project 'Woop')
    cd /tmp/woop-count53/banc
    /var/run/com.apple.security.cryptexd/mnt/com.apple.MobileAsset.MetalToolchain-v17.6.42.0.BA5Ggr/Metal.xctoolchain/usr/bin/metal -c -target air64-apple-ios26.0-simulator -gline-tables-only -frecord-sources -I/tmp/woop-count53/sim-dd/Build/Products/Debug-iphonesimulator/include -F/tmp/woop-count53/sim-dd/Build/Products/Debug-iphonesimulator -isysroot /Applications/Xcode.app/Contents/Developer/Platforms/iPhoneSimulator.platform/Developer/SDKs/iPhoneSimulator26.5.sdk -fmetal-math-mode\=fast -fmetal-math-fp32-functions\=fast -serialize-diagnostics /tmp/woop-count53/sim-dd/Build/Intermediates.noindex/Woop.build/Debug-iphonesimulator/Woop.build/Metal/WahouAura.dia -o /tmp/woop-count53/sim-dd/Build/Intermediates.noindex/Woop.build/Debug-iphonesimulator/Woop.build/Metal/WahouAura.air -index-store-path /tmp/woop-count53/sim-dd/Index.noindex/DataStore -MMD -MT dependencies -MF /tmp/woop-count53/sim-dd/Build/Intermediates.noindex/Woop.build/Debug-iphonesimulator/Woop.build/Metal/WahouAura.dat /tmp/woop-count53/banc/Woop/WahouAura.metal

SwiftDriver\ Compilation WoopWidgets normal arm64 com.apple.xcode.tools.swift.compiler (in target 'WoopWidgets' from project 'Woop')
    cd /tmp/woop-count53/banc
    builtin-Swift-Compilation -- /Applications/Xcode.app/Contents/Developer/Toolchains/XcodeDefault.xctoolchain/usr/bin/swiftc -module-name WoopWidgets -Onone @/tmp/woop-count53/sim-dd/Build/Intermediates.noindex/Woop.build/Debug-iphonesimulator/WoopWidgets.build/Objects-normal/arm64/WoopWidgets.SwiftFileList -DDEBUG -enable-bare-slash-regex -enable-experimental-feature DebugDescriptionMacro -sdk /Applications/Xcode.app/Contents/Developer/Platforms/iPhoneSimulator.platform/Developer/SDKs/iPhoneSimulator26.5.sdk -target arm64-apple-ios26.0-simulator -g -module-cache-path /tmp/woop-count53/sim-dd/ModuleCache.noindex -Xfrontend -serialize-debugging-options -application-extension -enable-testing -index-store-path /tmp/woop-count53/sim-dd/Index.noindex/DataStore -Xcc -D_LIBCPP_HARDENING_MODE\=_LIBCPP_HARDENING_MODE_DEBUG -swift-version 5 -I /tmp/woop-count53/sim-dd/Build/Products/Debug-iphonesimulator -F /tmp/woop-count53/sim-dd/Build/Products/Debug-iphonesimulator -emit-localized-strings -emit-localized-strings-path /tmp/woop-count53/sim-dd/Build/Intermediates.noindex/Woop.build/Debug-iphonesimulator/WoopWidgets.build/Objects-normal/arm64 -c -j10 -enable-batch-mode -incremental -Xcc -ivfsstatcache -Xcc /tmp/woop-count53/sim-dd/SDKStatCaches.noindex/iphonesimulator26.5-23F73-688ef53f1462e2c8f657fdc38a81448f6cfe768891a92b912361537c460fe42b.sdkstatcache -output-file-map /tmp/woop-count53/sim-dd/Build/Intermediates.noindex/Woop.build/Debug-iphonesimulator/WoopWidgets.build/Objects-normal/arm64/WoopWidgets-OutputFileMap.json -use-frontend-parseable-output -save-temps -no-color-diagnostics -explicit-module-build -module-cache-path /tmp/woop-count53/sim-dd/Build/Intermediates.noindex/SwiftExplicitPrecompiledModules -clang-scanner-module-cache-path /tmp/woop-count53/sim-dd/ModuleCache.noindex -sdk-module-cache-path /tmp/woop-count53/sim-dd/ModuleCache.noindex -serialize-diagnostics -emit-dependencies -emit-module -emit-module-path /tmp/woop-count53/sim-dd/Build/Intermediates.noindex/Woop.build/Debug-iphonesimulator/WoopWidgets.build/Objects-normal/arm64/WoopWidgets.swiftmodule -validate-clang-modules-once -clang-build-session-file /tmp/woop-count53/sim-dd/ModuleCache.noindex/Session.modulevalidation -Xcc -I/tmp/woop-count53/sim-dd/Build/Intermediates.noindex/Woop.build/Debug-iphonesimulator/WoopWidgets.build/swift-overrides.hmap -emit-const-values -Xfrontend -const-gather-protocols-file -Xfrontend /tmp/woop-count53/sim-dd/Build/Intermediates.noindex/Woop.build/Debug-iphonesimulator/WoopWidgets.build/Objects-normal/arm64/WoopWidgets_const_extract_protocols.json -Xcc -iquote -Xcc /tmp/woop-count53/sim-dd/Build/Intermediates.noindex/Woop.build/Debug-iphonesimulator/WoopWidgets.build/WoopWidgets-generated-files.hmap -Xcc -I/tmp/woop-count53/sim-dd/Build/Intermediates.noindex/Woop.build/Debug-iphonesimulator/WoopWidgets.build/WoopWidgets-own-target-headers.hmap -Xcc -I/tmp/woop-count53/sim-dd/Build/Intermediates.noindex/Woop.build/Debug-iphonesimulator/WoopWidgets.build/WoopWidgets-all-target-headers.hmap -Xcc -iquote -Xcc /tmp/woop-count53/sim-dd/Build/Intermediates.noindex/Woop.build/Debug-iphonesimulator/WoopWidgets.build/WoopWidgets-project-headers.hmap -Xcc -I/tmp/woop-count53/sim-dd/Build/Products/Debug-iphonesimulator/include -Xcc -I/tmp/woop-count53/sim-dd/Build/Intermediates.noindex/Woop.build/Debug-iphonesimulator/WoopWidgets.build/DerivedSources-normal/arm64 -Xcc -I/tmp/woop-count53/sim-dd/Build/Intermediates.noindex/Woop.build/Debug-iphonesimulator/WoopWidgets.build/DerivedSources/arm64 -Xcc -I/tmp/woop-count53/sim-dd/Build/Intermediates.noindex/Woop.build/Debug-iphonesimulator/WoopWidgets.build/DerivedSources -Xcc -DDEBUG\=1 -emit-objc-header -emit-objc-header-path /tmp/woop-count53/sim-dd/Build/Intermediates.noindex/Woop.build/Debug-iphonesimulator/WoopWidgets.build/Objects-normal/arm64/WoopWidgets-Swift.h -working-directory /tmp/woop-count53/banc -experimental-emit-module-separately -disable-cmo

CompileMetalFile /tmp/woop-count53/banc/Woop/VerreGalet.metal (in target 'Woop' from project 'Woop')
    cd /tmp/woop-count53/banc
    /var/run/com.apple.security.cryptexd/mnt/com.apple.MobileAsset.MetalToolchain-v17.6.42.0.BA5Ggr/Metal.xctoolchain/usr/bin/metal -c -target air64-apple-ios26.0-simulator -gline-tables-only -frecord-sources -I/tmp/woop-count53/sim-dd/Build/Products/Debug-iphonesimulator/include -F/tmp/woop-count53/sim-dd/Build/Products/Debug-iphonesimulator -isysroot /Applications/Xcode.app/Contents/Developer/Platforms/iPhoneSimulator.platform/Developer/SDKs/iPhoneSimulator26.5.sdk -fmetal-math-mode\=fast -fmetal-math-fp32-functions\=fast -serialize-diagnostics /tmp/woop-count53/sim-dd/Build/Intermediates.noindex/Woop.build/Debug-iphonesimulator/Woop.build/Metal/VerreGalet.dia -o /tmp/woop-count53/sim-dd/Build/Intermediates.noindex/Woop.build/Debug-iphonesimulator/Woop.build/Metal/VerreGalet.air -index-store-path /tmp/woop-count53/sim-dd/Index.noindex/DataStore -MMD -MT dependencies -MF /tmp/woop-count53/sim-dd/Build/Intermediates.noindex/Woop.build/Debug-iphonesimulator/Woop.build/Metal/VerreGalet.dat /tmp/woop-count53/banc/Woop/VerreGalet.metal

Ld /tmp/woop-count53/sim-dd/Build/Products/Debug-iphonesimulator/WoopWidgets.appex/WoopWidgets.debug.dylib normal (in target 'WoopWidgets' from project 'Woop')
    cd /tmp/woop-count53/banc
    /Applications/Xcode.app/Contents/Developer/Toolchains/XcodeDefault.xctoolchain/usr/bin/clang -Xlinker -reproducible -target arm64-apple-ios26.0-simulator -dynamiclib -isysroot /Applications/Xcode.app/Contents/Developer/Platforms/iPhoneSimulator.platform/Developer/SDKs/iPhoneSimulator26.5.sdk -O0 -L/tmp/woop-count53/sim-dd/Build/Intermediates.noindex/EagerLinkingTBDs/Debug-iphonesimulator -L/tmp/woop-count53/sim-dd/Build/Products/Debug-iphonesimulator -F/tmp/woop-count53/sim-dd/Build/Intermediates.noindex/EagerLinkingTBDs/Debug-iphonesimulator -F/tmp/woop-count53/sim-dd/Build/Products/Debug-iphonesimulator -filelist /tmp/woop-count53/sim-dd/Build/Intermediates.noindex/Woop.build/Debug-iphonesimulator/WoopWidgets.build/Objects-normal/arm64/WoopWidgets.LinkFileList -install_name @rpath/WoopWidgets.debug.dylib -Xlinker -rpath -Xlinker @executable_path/Frameworks -Xlinker -rpath -Xlinker @executable_path/../../Frameworks -Xlinker -dead_strip -Xlinker -object_path_lto -Xlinker /tmp/woop-count53/sim-dd/Build/Intermediates.noindex/Woop.build/Debug-iphonesimulator/WoopWidgets.build/Objects-normal/arm64/WoopWidgets_lto.o -rdynamic -Xlinker -no_deduplicate -Xlinker -objc_abi_version -Xlinker 2 -Xlinker -dependency_info -Xlinker /tmp/woop-count53/sim-dd/Build/Intermediates.noindex/Woop.build/Debug-iphonesimulator/WoopWidgets.build/Objects-normal/arm64/WoopWidgets_dependency_info.dat -fapplication-extension -fobjc-link-runtime -L/Applications/Xcode.app/Contents/Developer/Toolchains/XcodeDefault.xctoolchain/usr/lib/swift/iphonesimulator -L/usr/lib/swift -Xlinker -add_ast_path -Xlinker /tmp/woop-count53/sim-dd/Build/Intermediates.noindex/Woop.build/Debug-iphonesimulator/WoopWidgets.build/Objects-normal/arm64/WoopWidgets.swiftmodule @/tmp/woop-count53/sim-dd/Build/Intermediates.noindex/Woop.build/Debug-iphonesimulator/WoopWidgets.build/Objects-normal/arm64/WoopWidgets-linker-args.resp -Xlinker -alias -Xlinker _NSExtensionMain -Xlinker ___debug_main_executable_dylib_entry_point -Xlinker -no_adhoc_codesign -o /tmp/woop-count53/sim-dd/Build/Products/Debug-iphonesimulator/WoopWidgets.appex/WoopWidgets.debug.dylib

CompileMetalFile /tmp/woop-count53/banc/Woop/VerreCoulant.metal (in target 'Woop' from project 'Woop')
    cd /tmp/woop-count53/banc
    /var/run/com.apple.security.cryptexd/mnt/com.apple.MobileAsset.MetalToolchain-v17.6.42.0.BA5Ggr/Metal.xctoolchain/usr/bin/metal -c -target air64-apple-ios26.0-simulator -gline-tables-only -frecord-sources -I/tmp/woop-count53/sim-dd/Build/Products/Debug-iphonesimulator/include -F/tmp/woop-count53/sim-dd/Build/Products/Debug-iphonesimulator -isysroot /Applications/Xcode.app/Contents/Developer/Platforms/iPhoneSimulator.platform/Developer/SDKs/iPhoneSimulator26.5.sdk -fmetal-math-mode\=fast -fmetal-math-fp32-functions\=fast -serialize-diagnostics /tmp/woop-count53/sim-dd/Build/Intermediates.noindex/Woop.build/Debug-iphonesimulator/Woop.build/Metal/VerreCoulant-3bad466ff5a0208cf063e7f66c9e88bd.dia -o /tmp/woop-count53/sim-dd/Build/Intermediates.noindex/Woop.build/Debug-iphonesimulator/Woop.build/Metal/VerreCoulant-3bad466ff5a0208cf063e7f66c9e88bd.air -index-store-path /tmp/woop-count53/sim-dd/Index.noindex/DataStore -MMD -MT dependencies -MF /tmp/woop-count53/sim-dd/Build/Intermediates.noindex/Woop.build/Debug-iphonesimulator/Woop.build/Metal/VerreCoulant-3bad466ff5a0208cf063e7f66c9e88bd.dat /tmp/woop-count53/banc/Woop/VerreCoulant.metal
/tmp/woop-count53/banc/Woop/VerreCoulant.metal:138:11: warning: unused variable 'swell' [-Wunused-variable]
    float swell = 1.0 + 0.050 * sin(t * 6.2832 / 8.7)
          ^
1 warning generated.

CompileMetalFile /tmp/woop-count53/banc/Woop/TreasureBadge.metal (in target 'Woop' from project 'Woop')
    cd /tmp/woop-count53/banc
    /var/run/com.apple.security.cryptexd/mnt/com.apple.MobileAsset.MetalToolchain-v17.6.42.0.BA5Ggr/Metal.xctoolchain/usr/bin/metal -c -target air64-apple-ios26.0-simulator -gline-tables-only -frecord-sources -I/tmp/woop-count53/sim-dd/Build/Products/Debug-iphonesimulator/include -F/tmp/woop-count53/sim-dd/Build/Products/Debug-iphonesimulator -isysroot /Applications/Xcode.app/Contents/Developer/Platforms/iPhoneSimulator.platform/Developer/SDKs/iPhoneSimulator26.5.sdk -fmetal-math-mode\=fast -fmetal-math-fp32-functions\=fast -serialize-diagnostics /tmp/woop-count53/sim-dd/Build/Intermediates.noindex/Woop.build/Debug-iphonesimulator/Woop.build/Metal/TreasureBadge.dia -o /tmp/woop-count53/sim-dd/Build/Intermediates.noindex/Woop.build/Debug-iphonesimulator/Woop.build/Metal/TreasureBadge.air -index-store-path /tmp/woop-count53/sim-dd/Index.noindex/DataStore -MMD -MT dependencies -MF /tmp/woop-count53/sim-dd/Build/Intermediates.noindex/Woop.build/Debug-iphonesimulator/Woop.build/Metal/TreasureBadge.dat /tmp/woop-count53/banc/Woop/TreasureBadge.metal

CompileMetalFile /tmp/woop-count53/banc/Woop/PorteCaresse.metal (in target 'Woop' from project 'Woop')
    cd /tmp/woop-count53/banc
    /var/run/com.apple.security.cryptexd/mnt/com.apple.MobileAsset.MetalToolchain-v17.6.42.0.BA5Ggr/Metal.xctoolchain/usr/bin/metal -c -target air64-apple-ios26.0-simulator -gline-tables-only -frecord-sources -I/tmp/woop-count53/sim-dd/Build/Products/Debug-iphonesimulator/include -F/tmp/woop-count53/sim-dd/Build/Products/Debug-iphonesimulator -isysroot /Applications/Xcode.app/Contents/Developer/Platforms/iPhoneSimulator.platform/Developer/SDKs/iPhoneSimulator26.5.sdk -fmetal-math-mode\=fast -fmetal-math-fp32-functions\=fast -serialize-diagnostics /tmp/woop-count53/sim-dd/Build/Intermediates.noindex/Woop.build/Debug-iphonesimulator/Woop.build/Metal/PorteCaresse.dia -o /tmp/woop-count53/sim-dd/Build/Intermediates.noindex/Woop.build/Debug-iphonesimulator/Woop.build/Metal/PorteCaresse.air -index-store-path /tmp/woop-count53/sim-dd/Index.noindex/DataStore -MMD -MT dependencies -MF /tmp/woop-count53/sim-dd/Build/Intermediates.noindex/Woop.build/Debug-iphonesimulator/Woop.build/Metal/PorteCaresse.dat /tmp/woop-count53/banc/Woop/PorteCaresse.metal

CompileMetalFile /tmp/woop-count53/banc/Woop/PieceVerre.metal (in target 'Woop' from project 'Woop')
    cd /tmp/woop-count53/banc
    /var/run/com.apple.security.cryptexd/mnt/com.apple.MobileAsset.MetalToolchain-v17.6.42.0.BA5Ggr/Metal.xctoolchain/usr/bin/metal -c -target air64-apple-ios26.0-simulator -gline-tables-only -frecord-sources -I/tmp/woop-count53/sim-dd/Build/Products/Debug-iphonesimulator/include -F/tmp/woop-count53/sim-dd/Build/Products/Debug-iphonesimulator -isysroot /Applications/Xcode.app/Contents/Developer/Platforms/iPhoneSimulator.platform/Developer/SDKs/iPhoneSimulator26.5.sdk -fmetal-math-mode\=fast -fmetal-math-fp32-functions\=fast -serialize-diagnostics /tmp/woop-count53/sim-dd/Build/Intermediates.noindex/Woop.build/Debug-iphonesimulator/Woop.build/Metal/PieceVerre.dia -o /tmp/woop-count53/sim-dd/Build/Intermediates.noindex/Woop.build/Debug-iphonesimulator/Woop.build/Metal/PieceVerre.air -index-store-path /tmp/woop-count53/sim-dd/Index.noindex/DataStore -MMD -MT dependencies -MF /tmp/woop-count53/sim-dd/Build/Intermediates.noindex/Woop.build/Debug-iphonesimulator/Woop.build/Metal/PieceVerre.dat /tmp/woop-count53/banc/Woop/PieceVerre.metal

ConstructStubExecutorLinkFileList /tmp/woop-count53/sim-dd/Build/Intermediates.noindex/Woop.build/Debug-iphonesimulator/WoopWidgets.build/WoopWidgets-ExecutorLinkFileList-normal-arm64.txt (in target 'WoopWidgets' from project 'Woop')
    cd /tmp/woop-count53/banc
    construct-stub-executor-link-file-list /tmp/woop-count53/sim-dd/Build/Products/Debug-iphonesimulator/WoopWidgets.appex/WoopWidgets.debug.dylib /Applications/Xcode.app/Contents/Developer/Platforms/iPhoneSimulator.platform/Developer/usr/lib/libPreviewsJITStubExecutor_no_swift_entry_point.a /Applications/Xcode.app/Contents/Developer/Platforms/iPhoneSimulator.platform/Developer/usr/lib/libPreviewsJITStubExecutor.a --output /tmp/woop-count53/sim-dd/Build/Intermediates.noindex/Woop.build/Debug-iphonesimulator/WoopWidgets.build/WoopWidgets-ExecutorLinkFileList-normal-arm64.txt
note: Using stub executor library with Swift entry point. (in target 'WoopWidgets' from project 'Woop')

CompileMetalFile /tmp/woop-count53/banc/Woop/PebbleDust.metal (in target 'Woop' from project 'Woop')
    cd /tmp/woop-count53/banc
    /var/run/com.apple.security.cryptexd/mnt/com.apple.MobileAsset.MetalToolchain-v17.6.42.0.BA5Ggr/Metal.xctoolchain/usr/bin/metal -c -target air64-apple-ios26.0-simulator -gline-tables-only -frecord-sources -I/tmp/woop-count53/sim-dd/Build/Products/Debug-iphonesimulator/include -F/tmp/woop-count53/sim-dd/Build/Products/Debug-iphonesimulator -isysroot /Applications/Xcode.app/Contents/Developer/Platforms/iPhoneSimulator.platform/Developer/SDKs/iPhoneSimulator26.5.sdk -fmetal-math-mode\=fast -fmetal-math-fp32-functions\=fast -serialize-diagnostics /tmp/woop-count53/sim-dd/Build/Intermediates.noindex/Woop.build/Debug-iphonesimulator/Woop.build/Metal/PebbleDust.dia -o /tmp/woop-count53/sim-dd/Build/Intermediates.noindex/Woop.build/Debug-iphonesimulator/Woop.build/Metal/PebbleDust.air -index-store-path /tmp/woop-count53/sim-dd/Index.noindex/DataStore -MMD -MT dependencies -MF /tmp/woop-count53/sim-dd/Build/Intermediates.noindex/Woop.build/Debug-iphonesimulator/Woop.build/Metal/PebbleDust.dat /tmp/woop-count53/banc/Woop/PebbleDust.metal

Ld /tmp/woop-count53/sim-dd/Build/Products/Debug-iphonesimulator/WoopWidgets.appex/WoopWidgets normal (in target 'WoopWidgets' from project 'Woop')
    cd /tmp/woop-count53/banc
    /Applications/Xcode.app/Contents/Developer/Toolchains/XcodeDefault.xctoolchain/usr/bin/clang -Xlinker -reproducible -target arm64-apple-ios26.0-simulator -isysroot /Applications/Xcode.app/Contents/Developer/Platforms/iPhoneSimulator.platform/Developer/SDKs/iPhoneSimulator26.5.sdk -O0 -L/tmp/woop-count53/sim-dd/Build/Products/Debug-iphonesimulator -F/tmp/woop-count53/sim-dd/Build/Products/Debug-iphonesimulator -Xlinker -rpath -Xlinker @executable_path -Xlinker -rpath -Xlinker @executable_path/Frameworks -Xlinker -rpath -Xlinker @executable_path/../../Frameworks -rdynamic -Xlinker -no_deduplicate -Xlinker -objc_abi_version -Xlinker 2 -e ___debug_blank_executor_main -Xlinker -sectcreate -Xlinker __TEXT -Xlinker __debug_dylib -Xlinker /tmp/woop-count53/sim-dd/Build/Intermediates.noindex/Woop.build/Debug-iphonesimulator/WoopWidgets.build/WoopWidgets-DebugDylibPath-normal-arm64.txt -Xlinker -sectcreate -Xlinker __TEXT -Xlinker __debug_entry -Xlinker /tmp/woop-count53/sim-dd/Build/Intermediates.noindex/Woop.build/Debug-iphonesimulator/WoopWidgets.build/WoopWidgets-DebugEntryPoint-normal-arm64.txt -Xlinker -sectcreate -Xlinker __TEXT -Xlinker __debug_instlnm -Xlinker /tmp/woop-count53/sim-dd/Build/Intermediates.noindex/Woop.build/Debug-iphonesimulator/WoopWidgets.build/WoopWidgets-DebugDylibInstallName-normal-arm64.txt -Xlinker -filelist -Xlinker /tmp/woop-count53/sim-dd/Build/Intermediates.noindex/Woop.build/Debug-iphonesimulator/WoopWidgets.build/WoopWidgets-ExecutorLinkFileList-normal-arm64.txt -Xlinker -sectcreate -Xlinker __TEXT -Xlinker __entitlements -Xlinker /tmp/woop-count53/sim-dd/Build/Intermediates.noindex/Woop.build/Debug-iphonesimulator/WoopWidgets.build/WoopWidgets.appex-Simulated.xcent -Xlinker -sectcreate -Xlinker __TEXT -Xlinker __ents_der -Xlinker /tmp/woop-count53/sim-dd/Build/Intermediates.noindex/Woop.build/Debug-iphonesimulator/WoopWidgets.build/WoopWidgets.appex-Simulated.xcent.der /tmp/woop-count53/sim-dd/Build/Products/Debug-iphonesimulator/WoopWidgets.appex/WoopWidgets.debug.dylib -Xlinker -no_adhoc_codesign -o /tmp/woop-count53/sim-dd/Build/Products/Debug-iphonesimulator/WoopWidgets.appex/WoopWidgets

CompileMetalFile /tmp/woop-count53/banc/Woop/ObsidianCard.metal (in target 'Woop' from project 'Woop')
    cd /tmp/woop-count53/banc
    /var/run/com.apple.security.cryptexd/mnt/com.apple.MobileAsset.MetalToolchain-v17.6.42.0.BA5Ggr/Metal.xctoolchain/usr/bin/metal -c -target air64-apple-ios26.0-simulator -gline-tables-only -frecord-sources -I/tmp/woop-count53/sim-dd/Build/Products/Debug-iphonesimulator/include -F/tmp/woop-count53/sim-dd/Build/Products/Debug-iphonesimulator -isysroot /Applications/Xcode.app/Contents/Developer/Platforms/iPhoneSimulator.platform/Developer/SDKs/iPhoneSimulator26.5.sdk -fmetal-math-mode\=fast -fmetal-math-fp32-functions\=fast -serialize-diagnostics /tmp/woop-count53/sim-dd/Build/Intermediates.noindex/Woop.build/Debug-iphonesimulator/Woop.build/Metal/ObsidianCard-2be2c40640f13c16b68fb550e7faa579.dia -o /tmp/woop-count53/sim-dd/Build/Intermediates.noindex/Woop.build/Debug-iphonesimulator/Woop.build/Metal/ObsidianCard-2be2c40640f13c16b68fb550e7faa579.air -index-store-path /tmp/woop-count53/sim-dd/Index.noindex/DataStore -MMD -MT dependencies -MF /tmp/woop-count53/sim-dd/Build/Intermediates.noindex/Woop.build/Debug-iphonesimulator/Woop.build/Metal/ObsidianCard-2be2c40640f13c16b68fb550e7faa579.dat /tmp/woop-count53/banc/Woop/ObsidianCard.metal
/tmp/woop-count53/banc/Woop/ObsidianCard.metal:72:14: warning: unused function 'olobe' [-Wunused-function]
static float olobe(float2 p, float2 c, float2 s) {
             ^
/tmp/woop-count53/banc/Woop/ObsidianCard.metal:89:17: warning: unused variable 'kWarm' [-Wunused-const-variable]
constant float3 kWarm = float3(1.000, 0.456, 0.154);   // la source chaude
                ^
/tmp/woop-count53/banc/Woop/ObsidianCard.metal:97:17: warning: unused variable 'kRim' [-Wunused-const-variable]
constant float3 kRim  = float3(1.000, 0.600, 0.320);
                ^
3 warnings generated.

CompileMetalFile /tmp/woop-count53/banc/Woop/ObjectiveJewel.metal (in target 'Woop' from project 'Woop')
    cd /tmp/woop-count53/banc
    /var/run/com.apple.security.cryptexd/mnt/com.apple.MobileAsset.MetalToolchain-v17.6.42.0.BA5Ggr/Metal.xctoolchain/usr/bin/metal -c -target air64-apple-ios26.0-simulator -gline-tables-only -frecord-sources -I/tmp/woop-count53/sim-dd/Build/Products/Debug-iphonesimulator/include -F/tmp/woop-count53/sim-dd/Build/Products/Debug-iphonesimulator -isysroot /Applications/Xcode.app/Contents/Developer/Platforms/iPhoneSimulator.platform/Developer/SDKs/iPhoneSimulator26.5.sdk -fmetal-math-mode\=fast -fmetal-math-fp32-functions\=fast -serialize-diagnostics /tmp/woop-count53/sim-dd/Build/Intermediates.noindex/Woop.build/Debug-iphonesimulator/Woop.build/Metal/ObjectiveJewel.dia -o /tmp/woop-count53/sim-dd/Build/Intermediates.noindex/Woop.build/Debug-iphonesimulator/Woop.build/Metal/ObjectiveJewel.air -index-store-path /tmp/woop-count53/sim-dd/Index.noindex/DataStore -MMD -MT dependencies -MF /tmp/woop-count53/sim-dd/Build/Intermediates.noindex/Woop.build/Debug-iphonesimulator/Woop.build/Metal/ObjectiveJewel.dat /tmp/woop-count53/banc/Woop/ObjectiveJewel.metal

CompileMetalFile /tmp/woop-count53/banc/Woop/NeonPrimary.metal (in target 'Woop' from project 'Woop')
    cd /tmp/woop-count53/banc
    /var/run/com.apple.security.cryptexd/mnt/com.apple.MobileAsset.MetalToolchain-v17.6.42.0.BA5Ggr/Metal.xctoolchain/usr/bin/metal -c -target air64-apple-ios26.0-simulator -gline-tables-only -frecord-sources -I/tmp/woop-count53/sim-dd/Build/Products/Debug-iphonesimulator/include -F/tmp/woop-count53/sim-dd/Build/Products/Debug-iphonesimulator -isysroot /Applications/Xcode.app/Contents/Developer/Platforms/iPhoneSimulator.platform/Developer/SDKs/iPhoneSimulator26.5.sdk -fmetal-math-mode\=fast -fmetal-math-fp32-functions\=fast -serialize-diagnostics /tmp/woop-count53/sim-dd/Build/Intermediates.noindex/Woop.build/Debug-iphonesimulator/Woop.build/Metal/NeonPrimary.dia -o /tmp/woop-count53/sim-dd/Build/Intermediates.noindex/Woop.build/Debug-iphonesimulator/Woop.build/Metal/NeonPrimary.air -index-store-path /tmp/woop-count53/sim-dd/Index.noindex/DataStore -MMD -MT dependencies -MF /tmp/woop-count53/sim-dd/Build/Intermediates.noindex/Woop.build/Debug-iphonesimulator/Woop.build/Metal/NeonPrimary.dat /tmp/woop-count53/banc/Woop/NeonPrimary.metal

CompileMetalFile /tmp/woop-count53/banc/Woop/NebulaShaders.metal (in target 'Woop' from project 'Woop')
    cd /tmp/woop-count53/banc
    /var/run/com.apple.security.cryptexd/mnt/com.apple.MobileAsset.MetalToolchain-v17.6.42.0.BA5Ggr/Metal.xctoolchain/usr/bin/metal -c -target air64-apple-ios26.0-simulator -gline-tables-only -frecord-sources -I/tmp/woop-count53/sim-dd/Build/Products/Debug-iphonesimulator/include -F/tmp/woop-count53/sim-dd/Build/Products/Debug-iphonesimulator -isysroot /Applications/Xcode.app/Contents/Developer/Platforms/iPhoneSimulator.platform/Developer/SDKs/iPhoneSimulator26.5.sdk -fmetal-math-mode\=fast -fmetal-math-fp32-functions\=fast -serialize-diagnostics /tmp/woop-count53/sim-dd/Build/Intermediates.noindex/Woop.build/Debug-iphonesimulator/Woop.build/Metal/NebulaShaders.dia -o /tmp/woop-count53/sim-dd/Build/Intermediates.noindex/Woop.build/Debug-iphonesimulator/Woop.build/Metal/NebulaShaders.air -index-store-path /tmp/woop-count53/sim-dd/Index.noindex/DataStore -MMD -MT dependencies -MF /tmp/woop-count53/sim-dd/Build/Intermediates.noindex/Woop.build/Debug-iphonesimulator/Woop.build/Metal/NebulaShaders.dat /tmp/woop-count53/banc/Woop/NebulaShaders.metal

CompileMetalFile /tmp/woop-count53/banc/Woop/NavMonolith.metal (in target 'Woop' from project 'Woop')
    cd /tmp/woop-count53/banc
    /var/run/com.apple.security.cryptexd/mnt/com.apple.MobileAsset.MetalToolchain-v17.6.42.0.BA5Ggr/Metal.xctoolchain/usr/bin/metal -c -target air64-apple-ios26.0-simulator -gline-tables-only -frecord-sources -I/tmp/woop-count53/sim-dd/Build/Products/Debug-iphonesimulator/include -F/tmp/woop-count53/sim-dd/Build/Products/Debug-iphonesimulator -isysroot /Applications/Xcode.app/Contents/Developer/Platforms/iPhoneSimulator.platform/Developer/SDKs/iPhoneSimulator26.5.sdk -fmetal-math-mode\=fast -fmetal-math-fp32-functions\=fast -serialize-diagnostics /tmp/woop-count53/sim-dd/Build/Intermediates.noindex/Woop.build/Debug-iphonesimulator/Woop.build/Metal/NavMonolith.dia -o /tmp/woop-count53/sim-dd/Build/Intermediates.noindex/Woop.build/Debug-iphonesimulator/Woop.build/Metal/NavMonolith.air -index-store-path /tmp/woop-count53/sim-dd/Index.noindex/DataStore -MMD -MT dependencies -MF /tmp/woop-count53/sim-dd/Build/Intermediates.noindex/Woop.build/Debug-iphonesimulator/Woop.build/Metal/NavMonolith.dat /tmp/woop-count53/banc/Woop/NavMonolith.metal

CompileMetalFile /tmp/woop-count53/banc/Woop/MoonCoin.metal (in target 'Woop' from project 'Woop')
    cd /tmp/woop-count53/banc
    /var/run/com.apple.security.cryptexd/mnt/com.apple.MobileAsset.MetalToolchain-v17.6.42.0.BA5Ggr/Metal.xctoolchain/usr/bin/metal -c -target air64-apple-ios26.0-simulator -gline-tables-only -frecord-sources -I/tmp/woop-count53/sim-dd/Build/Products/Debug-iphonesimulator/include -F/tmp/woop-count53/sim-dd/Build/Products/Debug-iphonesimulator -isysroot /Applications/Xcode.app/Contents/Developer/Platforms/iPhoneSimulator.platform/Developer/SDKs/iPhoneSimulator26.5.sdk -fmetal-math-mode\=fast -fmetal-math-fp32-functions\=fast -serialize-diagnostics /tmp/woop-count53/sim-dd/Build/Intermediates.noindex/Woop.build/Debug-iphonesimulator/Woop.build/Metal/MoonCoin.dia -o /tmp/woop-count53/sim-dd/Build/Intermediates.noindex/Woop.build/Debug-iphonesimulator/Woop.build/Metal/MoonCoin.air -index-store-path /tmp/woop-count53/sim-dd/Index.noindex/DataStore -MMD -MT dependencies -MF /tmp/woop-count53/sim-dd/Build/Intermediates.noindex/Woop.build/Debug-iphonesimulator/Woop.build/Metal/MoonCoin.dat /tmp/woop-count53/banc/Woop/MoonCoin.metal

CompileMetalFile /tmp/woop-count53/banc/Woop/LogoMonolith.metal (in target 'Woop' from project 'Woop')
    cd /tmp/woop-count53/banc
    /var/run/com.apple.security.cryptexd/mnt/com.apple.MobileAsset.MetalToolchain-v17.6.42.0.BA5Ggr/Metal.xctoolchain/usr/bin/metal -c -target air64-apple-ios26.0-simulator -gline-tables-only -frecord-sources -I/tmp/woop-count53/sim-dd/Build/Products/Debug-iphonesimulator/include -F/tmp/woop-count53/sim-dd/Build/Products/Debug-iphonesimulator -isysroot /Applications/Xcode.app/Contents/Developer/Platforms/iPhoneSimulator.platform/Developer/SDKs/iPhoneSimulator26.5.sdk -fmetal-math-mode\=fast -fmetal-math-fp32-functions\=fast -serialize-diagnostics /tmp/woop-count53/sim-dd/Build/Intermediates.noindex/Woop.build/Debug-iphonesimulator/Woop.build/Metal/LogoMonolith.dia -o /tmp/woop-count53/sim-dd/Build/Intermediates.noindex/Woop.build/Debug-iphonesimulator/Woop.build/Metal/LogoMonolith.air -index-store-path /tmp/woop-count53/sim-dd/Index.noindex/DataStore -MMD -MT dependencies -MF /tmp/woop-count53/sim-dd/Build/Intermediates.noindex/Woop.build/Debug-iphonesimulator/Woop.build/Metal/LogoMonolith.dat /tmp/woop-count53/banc/Woop/LogoMonolith.metal

CompileMetalFile /tmp/woop-count53/banc/Woop/LoginAurora.metal (in target 'Woop' from project 'Woop')
    cd /tmp/woop-count53/banc
    /var/run/com.apple.security.cryptexd/mnt/com.apple.MobileAsset.MetalToolchain-v17.6.42.0.BA5Ggr/Metal.xctoolchain/usr/bin/metal -c -target air64-apple-ios26.0-simulator -gline-tables-only -frecord-sources -I/tmp/woop-count53/sim-dd/Build/Products/Debug-iphonesimulator/include -F/tmp/woop-count53/sim-dd/Build/Products/Debug-iphonesimulator -isysroot /Applications/Xcode.app/Contents/Developer/Platforms/iPhoneSimulator.platform/Developer/SDKs/iPhoneSimulator26.5.sdk -fmetal-math-mode\=fast -fmetal-math-fp32-functions\=fast -serialize-diagnostics /tmp/woop-count53/sim-dd/Build/Intermediates.noindex/Woop.build/Debug-iphonesimulator/Woop.build/Metal/LoginAurora.dia -o /tmp/woop-count53/sim-dd/Build/Intermediates.noindex/Woop.build/Debug-iphonesimulator/Woop.build/Metal/LoginAurora.air -index-store-path /tmp/woop-count53/sim-dd/Index.noindex/DataStore -MMD -MT dependencies -MF /tmp/woop-count53/sim-dd/Build/Intermediates.noindex/Woop.build/Debug-iphonesimulator/Woop.build/Metal/LoginAurora.dat /tmp/woop-count53/banc/Woop/LoginAurora.metal

CompileMetalFile /tmp/woop-count53/banc/Woop/LiquidLens.metal (in target 'Woop' from project 'Woop')
    cd /tmp/woop-count53/banc
    /var/run/com.apple.security.cryptexd/mnt/com.apple.MobileAsset.MetalToolchain-v17.6.42.0.BA5Ggr/Metal.xctoolchain/usr/bin/metal -c -target air64-apple-ios26.0-simulator -gline-tables-only -frecord-sources -I/tmp/woop-count53/sim-dd/Build/Products/Debug-iphonesimulator/include -F/tmp/woop-count53/sim-dd/Build/Products/Debug-iphonesimulator -isysroot /Applications/Xcode.app/Contents/Developer/Platforms/iPhoneSimulator.platform/Developer/SDKs/iPhoneSimulator26.5.sdk -fmetal-math-mode\=fast -fmetal-math-fp32-functions\=fast -serialize-diagnostics /tmp/woop-count53/sim-dd/Build/Intermediates.noindex/Woop.build/Debug-iphonesimulator/Woop.build/Metal/LiquidLens.dia -o /tmp/woop-count53/sim-dd/Build/Intermediates.noindex/Woop.build/Debug-iphonesimulator/Woop.build/Metal/LiquidLens.air -index-store-path /tmp/woop-count53/sim-dd/Index.noindex/DataStore -MMD -MT dependencies -MF /tmp/woop-count53/sim-dd/Build/Intermediates.noindex/Woop.build/Debug-iphonesimulator/Woop.build/Metal/LiquidLens.dat /tmp/woop-count53/banc/Woop/LiquidLens.metal

CompileMetalFile /tmp/woop-count53/banc/Woop/JaugeLacque.metal (in target 'Woop' from project 'Woop')
    cd /tmp/woop-count53/banc
    /var/run/com.apple.security.cryptexd/mnt/com.apple.MobileAsset.MetalToolchain-v17.6.42.0.BA5Ggr/Metal.xctoolchain/usr/bin/metal -c -target air64-apple-ios26.0-simulator -gline-tables-only -frecord-sources -I/tmp/woop-count53/sim-dd/Build/Products/Debug-iphonesimulator/include -F/tmp/woop-count53/sim-dd/Build/Products/Debug-iphonesimulator -isysroot /Applications/Xcode.app/Contents/Developer/Platforms/iPhoneSimulator.platform/Developer/SDKs/iPhoneSimulator26.5.sdk -fmetal-math-mode\=fast -fmetal-math-fp32-functions\=fast -serialize-diagnostics /tmp/woop-count53/sim-dd/Build/Intermediates.noindex/Woop.build/Debug-iphonesimulator/Woop.build/Metal/JaugeLacque.dia -o /tmp/woop-count53/sim-dd/Build/Intermediates.noindex/Woop.build/Debug-iphonesimulator/Woop.build/Metal/JaugeLacque.air -index-store-path /tmp/woop-count53/sim-dd/Index.noindex/DataStore -MMD -MT dependencies -MF /tmp/woop-count53/sim-dd/Build/Intermediates.noindex/Woop.build/Debug-iphonesimulator/Woop.build/Metal/JaugeLacque.dat /tmp/woop-count53/banc/Woop/JaugeLacque.metal

CompileMetalFile /tmp/woop-count53/banc/Woop/HomeNuit.metal (in target 'Woop' from project 'Woop')
    cd /tmp/woop-count53/banc
    /var/run/com.apple.security.cryptexd/mnt/com.apple.MobileAsset.MetalToolchain-v17.6.42.0.BA5Ggr/Metal.xctoolchain/usr/bin/metal -c -target air64-apple-ios26.0-simulator -gline-tables-only -frecord-sources -I/tmp/woop-count53/sim-dd/Build/Products/Debug-iphonesimulator/include -F/tmp/woop-count53/sim-dd/Build/Products/Debug-iphonesimulator -isysroot /Applications/Xcode.app/Contents/Developer/Platforms/iPhoneSimulator.platform/Developer/SDKs/iPhoneSimulator26.5.sdk -fmetal-math-mode\=fast -fmetal-math-fp32-functions\=fast -serialize-diagnostics /tmp/woop-count53/sim-dd/Build/Intermediates.noindex/Woop.build/Debug-iphonesimulator/Woop.build/Metal/HomeNuit-63eaf29be442113eeb8847f90782998b.dia -o /tmp/woop-count53/sim-dd/Build/Intermediates.noindex/Woop.build/Debug-iphonesimulator/Woop.build/Metal/HomeNuit-63eaf29be442113eeb8847f90782998b.air -index-store-path /tmp/woop-count53/sim-dd/Index.noindex/DataStore -MMD -MT dependencies -MF /tmp/woop-count53/sim-dd/Build/Intermediates.noindex/Woop.build/Debug-iphonesimulator/Woop.build/Metal/HomeNuit-63eaf29be442113eeb8847f90782998b.dat /tmp/woop-count53/banc/Woop/HomeNuit.metal
/tmp/woop-count53/banc/Woop/HomeNuit.metal:41:17: warning: unused variable 'NR_BRAISE' [-Wunused-const-variable]
constant float3 NR_BRAISE = float3(1.00, 0.62, 0.24);
                ^
1 warning generated.

CompileMetalFile /tmp/woop-count53/banc/Woop/HaloDawn.metal (in target 'Woop' from project 'Woop')
    cd /tmp/woop-count53/banc
    /var/run/com.apple.security.cryptexd/mnt/com.apple.MobileAsset.MetalToolchain-v17.6.42.0.BA5Ggr/Metal.xctoolchain/usr/bin/metal -c -target air64-apple-ios26.0-simulator -gline-tables-only -frecord-sources -I/tmp/woop-count53/sim-dd/Build/Products/Debug-iphonesimulator/include -F/tmp/woop-count53/sim-dd/Build/Products/Debug-iphonesimulator -isysroot /Applications/Xcode.app/Contents/Developer/Platforms/iPhoneSimulator.platform/Developer/SDKs/iPhoneSimulator26.5.sdk -fmetal-math-mode\=fast -fmetal-math-fp32-functions\=fast -serialize-diagnostics /tmp/woop-count53/sim-dd/Build/Intermediates.noindex/Woop.build/Debug-iphonesimulator/Woop.build/Metal/HaloDawn.dia -o /tmp/woop-count53/sim-dd/Build/Intermediates.noindex/Woop.build/Debug-iphonesimulator/Woop.build/Metal/HaloDawn.air -index-store-path /tmp/woop-count53/sim-dd/Index.noindex/DataStore -MMD -MT dependencies -MF /tmp/woop-count53/sim-dd/Build/Intermediates.noindex/Woop.build/Debug-iphonesimulator/Woop.build/Metal/HaloDawn.dat /tmp/woop-count53/banc/Woop/HaloDawn.metal

CompileMetalFile /tmp/woop-count53/banc/Woop/GaletStage.metal (in target 'Woop' from project 'Woop')
    cd /tmp/woop-count53/banc
    /var/run/com.apple.security.cryptexd/mnt/com.apple.MobileAsset.MetalToolchain-v17.6.42.0.BA5Ggr/Metal.xctoolchain/usr/bin/metal -c -target air64-apple-ios26.0-simulator -gline-tables-only -frecord-sources -I/tmp/woop-count53/sim-dd/Build/Products/Debug-iphonesimulator/include -F/tmp/woop-count53/sim-dd/Build/Products/Debug-iphonesimulator -isysroot /Applications/Xcode.app/Contents/Developer/Platforms/iPhoneSimulator.platform/Developer/SDKs/iPhoneSimulator26.5.sdk -fmetal-math-mode\=fast -fmetal-math-fp32-functions\=fast -serialize-diagnostics /tmp/woop-count53/sim-dd/Build/Intermediates.noindex/Woop.build/Debug-iphonesimulator/Woop.build/Metal/GaletStage.dia -o /tmp/woop-count53/sim-dd/Build/Intermediates.noindex/Woop.build/Debug-iphonesimulator/Woop.build/Metal/GaletStage.air -index-store-path /tmp/woop-count53/sim-dd/Index.noindex/DataStore -MMD -MT dependencies -MF /tmp/woop-count53/sim-dd/Build/Intermediates.noindex/Woop.build/Debug-iphonesimulator/Woop.build/Metal/GaletStage.dat /tmp/woop-count53/banc/Woop/GaletStage.metal

CompileMetalFile /tmp/woop-count53/banc/Woop/GaletMedaillon.metal (in target 'Woop' from project 'Woop')
    cd /tmp/woop-count53/banc
    /var/run/com.apple.security.cryptexd/mnt/com.apple.MobileAsset.MetalToolchain-v17.6.42.0.BA5Ggr/Metal.xctoolchain/usr/bin/metal -c -target air64-apple-ios26.0-simulator -gline-tables-only -frecord-sources -I/tmp/woop-count53/sim-dd/Build/Products/Debug-iphonesimulator/include -F/tmp/woop-count53/sim-dd/Build/Products/Debug-iphonesimulator -isysroot /Applications/Xcode.app/Contents/Developer/Platforms/iPhoneSimulator.platform/Developer/SDKs/iPhoneSimulator26.5.sdk -fmetal-math-mode\=fast -fmetal-math-fp32-functions\=fast -serialize-diagnostics /tmp/woop-count53/sim-dd/Build/Intermediates.noindex/Woop.build/Debug-iphonesimulator/Woop.build/Metal/GaletMedaillon.dia -o /tmp/woop-count53/sim-dd/Build/Intermediates.noindex/Woop.build/Debug-iphonesimulator/Woop.build/Metal/GaletMedaillon.air -index-store-path /tmp/woop-count53/sim-dd/Index.noindex/DataStore -MMD -MT dependencies -MF /tmp/woop-count53/sim-dd/Build/Intermediates.noindex/Woop.build/Debug-iphonesimulator/Woop.build/Metal/GaletMedaillon.dat /tmp/woop-count53/banc/Woop/GaletMedaillon.metal

CompileMetalFile /tmp/woop-count53/banc/Woop/GaletLisere.metal (in target 'Woop' from project 'Woop')
    cd /tmp/woop-count53/banc
    /var/run/com.apple.security.cryptexd/mnt/com.apple.MobileAsset.MetalToolchain-v17.6.42.0.BA5Ggr/Metal.xctoolchain/usr/bin/metal -c -target air64-apple-ios26.0-simulator -gline-tables-only -frecord-sources -I/tmp/woop-count53/sim-dd/Build/Products/Debug-iphonesimulator/include -F/tmp/woop-count53/sim-dd/Build/Products/Debug-iphonesimulator -isysroot /Applications/Xcode.app/Contents/Developer/Platforms/iPhoneSimulator.platform/Developer/SDKs/iPhoneSimulator26.5.sdk -fmetal-math-mode\=fast -fmetal-math-fp32-functions\=fast -serialize-diagnostics /tmp/woop-count53/sim-dd/Build/Intermediates.noindex/Woop.build/Debug-iphonesimulator/Woop.build/Metal/GaletLisere.dia -o /tmp/woop-count53/sim-dd/Build/Intermediates.noindex/Woop.build/Debug-iphonesimulator/Woop.build/Metal/GaletLisere.air -index-store-path /tmp/woop-count53/sim-dd/Index.noindex/DataStore -MMD -MT dependencies -MF /tmp/woop-count53/sim-dd/Build/Intermediates.noindex/Woop.build/Debug-iphonesimulator/Woop.build/Metal/GaletLisere.dat /tmp/woop-count53/banc/Woop/GaletLisere.metal

CompileMetalFile /tmp/woop-count53/banc/Woop/FumeeX2.metal (in target 'Woop' from project 'Woop')
    cd /tmp/woop-count53/banc
    /var/run/com.apple.security.cryptexd/mnt/com.apple.MobileAsset.MetalToolchain-v17.6.42.0.BA5Ggr/Metal.xctoolchain/usr/bin/metal -c -target air64-apple-ios26.0-simulator -gline-tables-only -frecord-sources -I/tmp/woop-count53/sim-dd/Build/Products/Debug-iphonesimulator/include -F/tmp/woop-count53/sim-dd/Build/Products/Debug-iphonesimulator -isysroot /Applications/Xcode.app/Contents/Developer/Platforms/iPhoneSimulator.platform/Developer/SDKs/iPhoneSimulator26.5.sdk -fmetal-math-mode\=fast -fmetal-math-fp32-functions\=fast -serialize-diagnostics /tmp/woop-count53/sim-dd/Build/Intermediates.noindex/Woop.build/Debug-iphonesimulator/Woop.build/Metal/FumeeX2.dia -o /tmp/woop-count53/sim-dd/Build/Intermediates.noindex/Woop.build/Debug-iphonesimulator/Woop.build/Metal/FumeeX2.air -index-store-path /tmp/woop-count53/sim-dd/Index.noindex/DataStore -MMD -MT dependencies -MF /tmp/woop-count53/sim-dd/Build/Intermediates.noindex/Woop.build/Debug-iphonesimulator/Woop.build/Metal/FumeeX2.dat /tmp/woop-count53/banc/Woop/FumeeX2.metal

CompileMetalFile /tmp/woop-count53/banc/Woop/FondVideoMetal.metal (in target 'Woop' from project 'Woop')
    cd /tmp/woop-count53/banc
    /var/run/com.apple.security.cryptexd/mnt/com.apple.MobileAsset.MetalToolchain-v17.6.42.0.BA5Ggr/Metal.xctoolchain/usr/bin/metal -c -target air64-apple-ios26.0-simulator -gline-tables-only -frecord-sources -I/tmp/woop-count53/sim-dd/Build/Products/Debug-iphonesimulator/include -F/tmp/woop-count53/sim-dd/Build/Products/Debug-iphonesimulator -isysroot /Applications/Xcode.app/Contents/Developer/Platforms/iPhoneSimulator.platform/Developer/SDKs/iPhoneSimulator26.5.sdk -fmetal-math-mode\=fast -fmetal-math-fp32-functions\=fast -serialize-diagnostics /tmp/woop-count53/sim-dd/Build/Intermediates.noindex/Woop.build/Debug-iphonesimulator/Woop.build/Metal/FondVideoMetal-023a0af53c3b8fb74c0746983ccaeeb9.dia -o /tmp/woop-count53/sim-dd/Build/Intermediates.noindex/Woop.build/Debug-iphonesimulator/Woop.build/Metal/FondVideoMetal-023a0af53c3b8fb74c0746983ccaeeb9.air -index-store-path /tmp/woop-count53/sim-dd/Index.noindex/DataStore -MMD -MT dependencies -MF /tmp/woop-count53/sim-dd/Build/Intermediates.noindex/Woop.build/Debug-iphonesimulator/Woop.build/Metal/FondVideoMetal-023a0af53c3b8fb74c0746983ccaeeb9.dat /tmp/woop-count53/banc/Woop/FondVideoMetal.metal

CompileMetalFile /tmp/woop-count53/banc/Woop/FlameJewel.metal (in target 'Woop' from project 'Woop')
    cd /tmp/woop-count53/banc
    /var/run/com.apple.security.cryptexd/mnt/com.apple.MobileAsset.MetalToolchain-v17.6.42.0.BA5Ggr/Metal.xctoolchain/usr/bin/metal -c -target air64-apple-ios26.0-simulator -gline-tables-only -frecord-sources -I/tmp/woop-count53/sim-dd/Build/Products/Debug-iphonesimulator/include -F/tmp/woop-count53/sim-dd/Build/Products/Debug-iphonesimulator -isysroot /Applications/Xcode.app/Contents/Developer/Platforms/iPhoneSimulator.platform/Developer/SDKs/iPhoneSimulator26.5.sdk -fmetal-math-mode\=fast -fmetal-math-fp32-functions\=fast -serialize-diagnostics /tmp/woop-count53/sim-dd/Build/Intermediates.noindex/Woop.build/Debug-iphonesimulator/Woop.build/Metal/FlameJewel.dia -o /tmp/woop-count53/sim-dd/Build/Intermediates.noindex/Woop.build/Debug-iphonesimulator/Woop.build/Metal/FlameJewel.air -index-store-path /tmp/woop-count53/sim-dd/Index.noindex/DataStore -MMD -MT dependencies -MF /tmp/woop-count53/sim-dd/Build/Intermediates.noindex/Woop.build/Debug-iphonesimulator/Woop.build/Metal/FlameJewel.dat /tmp/woop-count53/banc/Woop/FlameJewel.metal

CompileMetalFile /tmp/woop-count53/banc/Woop/Figures/InkGrain.metal (in target 'Woop' from project 'Woop')
    cd /tmp/woop-count53/banc
    /var/run/com.apple.security.cryptexd/mnt/com.apple.MobileAsset.MetalToolchain-v17.6.42.0.BA5Ggr/Metal.xctoolchain/usr/bin/metal -c -target air64-apple-ios26.0-simulator -gline-tables-only -frecord-sources -I/tmp/woop-count53/sim-dd/Build/Products/Debug-iphonesimulator/include -F/tmp/woop-count53/sim-dd/Build/Products/Debug-iphonesimulator -isysroot /Applications/Xcode.app/Contents/Developer/Platforms/iPhoneSimulator.platform/Developer/SDKs/iPhoneSimulator26.5.sdk -fmetal-math-mode\=fast -fmetal-math-fp32-functions\=fast -serialize-diagnostics /tmp/woop-count53/sim-dd/Build/Intermediates.noindex/Woop.build/Debug-iphonesimulator/Woop.build/Metal/InkGrain.dia -o /tmp/woop-count53/sim-dd/Build/Intermediates.noindex/Woop.build/Debug-iphonesimulator/Woop.build/Metal/InkGrain.air -index-store-path /tmp/woop-count53/sim-dd/Index.noindex/DataStore -MMD -MT dependencies -MF /tmp/woop-count53/sim-dd/Build/Intermediates.noindex/Woop.build/Debug-iphonesimulator/Woop.build/Metal/InkGrain.dat /tmp/woop-count53/banc/Woop/Figures/InkGrain.metal

CompileMetalFile /tmp/woop-count53/banc/Woop/Figures/GlassFX.metal (in target 'Woop' from project 'Woop')
    cd /tmp/woop-count53/banc
    /var/run/com.apple.security.cryptexd/mnt/com.apple.MobileAsset.MetalToolchain-v17.6.42.0.BA5Ggr/Metal.xctoolchain/usr/bin/metal -c -target air64-apple-ios26.0-simulator -gline-tables-only -frecord-sources -I/tmp/woop-count53/sim-dd/Build/Products/Debug-iphonesimulator/include -F/tmp/woop-count53/sim-dd/Build/Products/Debug-iphonesimulator -isysroot /Applications/Xcode.app/Contents/Developer/Platforms/iPhoneSimulator.platform/Developer/SDKs/iPhoneSimulator26.5.sdk -fmetal-math-mode\=fast -fmetal-math-fp32-functions\=fast -serialize-diagnostics /tmp/woop-count53/sim-dd/Build/Intermediates.noindex/Woop.build/Debug-iphonesimulator/Woop.build/Metal/GlassFX.dia -o /tmp/woop-count53/sim-dd/Build/Intermediates.noindex/Woop.build/Debug-iphonesimulator/Woop.build/Metal/GlassFX.air -index-store-path /tmp/woop-count53/sim-dd/Index.noindex/DataStore -MMD -MT dependencies -MF /tmp/woop-count53/sim-dd/Build/Intermediates.noindex/Woop.build/Debug-iphonesimulator/Woop.build/Metal/GlassFX.dat /tmp/woop-count53/banc/Woop/Figures/GlassFX.metal

CompileMetalFile /tmp/woop-count53/banc/Woop/ExosHalo.metal (in target 'Woop' from project 'Woop')
    cd /tmp/woop-count53/banc
    /var/run/com.apple.security.cryptexd/mnt/com.apple.MobileAsset.MetalToolchain-v17.6.42.0.BA5Ggr/Metal.xctoolchain/usr/bin/metal -c -target air64-apple-ios26.0-simulator -gline-tables-only -frecord-sources -I/tmp/woop-count53/sim-dd/Build/Products/Debug-iphonesimulator/include -F/tmp/woop-count53/sim-dd/Build/Products/Debug-iphonesimulator -isysroot /Applications/Xcode.app/Contents/Developer/Platforms/iPhoneSimulator.platform/Developer/SDKs/iPhoneSimulator26.5.sdk -fmetal-math-mode\=fast -fmetal-math-fp32-functions\=fast -serialize-diagnostics /tmp/woop-count53/sim-dd/Build/Intermediates.noindex/Woop.build/Debug-iphonesimulator/Woop.build/Metal/ExosHalo.dia -o /tmp/woop-count53/sim-dd/Build/Intermediates.noindex/Woop.build/Debug-iphonesimulator/Woop.build/Metal/ExosHalo.air -index-store-path /tmp/woop-count53/sim-dd/Index.noindex/DataStore -MMD -MT dependencies -MF /tmp/woop-count53/sim-dd/Build/Intermediates.noindex/Woop.build/Debug-iphonesimulator/Woop.build/Metal/ExosHalo.dat /tmp/woop-count53/banc/Woop/ExosHalo.metal

CompileMetalFile /tmp/woop-count53/banc/Woop/ExoHeaderGlow.metal (in target 'Woop' from project 'Woop')
    cd /tmp/woop-count53/banc
    /var/run/com.apple.security.cryptexd/mnt/com.apple.MobileAsset.MetalToolchain-v17.6.42.0.BA5Ggr/Metal.xctoolchain/usr/bin/metal -c -target air64-apple-ios26.0-simulator -gline-tables-only -frecord-sources -I/tmp/woop-count53/sim-dd/Build/Products/Debug-iphonesimulator/include -F/tmp/woop-count53/sim-dd/Build/Products/Debug-iphonesimulator -isysroot /Applications/Xcode.app/Contents/Developer/Platforms/iPhoneSimulator.platform/Developer/SDKs/iPhoneSimulator26.5.sdk -fmetal-math-mode\=fast -fmetal-math-fp32-functions\=fast -serialize-diagnostics /tmp/woop-count53/sim-dd/Build/Intermediates.noindex/Woop.build/Debug-iphonesimulator/Woop.build/Metal/ExoHeaderGlow.dia -o /tmp/woop-count53/sim-dd/Build/Intermediates.noindex/Woop.build/Debug-iphonesimulator/Woop.build/Metal/ExoHeaderGlow.air -index-store-path /tmp/woop-count53/sim-dd/Index.noindex/DataStore -MMD -MT dependencies -MF /tmp/woop-count53/sim-dd/Build/Intermediates.noindex/Woop.build/Debug-iphonesimulator/Woop.build/Metal/ExoHeaderGlow.dat /tmp/woop-count53/banc/Woop/ExoHeaderGlow.metal
/tmp/woop-count53/banc/Woop/ExoHeaderGlow.metal:57:17: warning: unused variable 'EHG_CREME' [-Wunused-const-variable]
constant float3 EHG_CREME  = float3(1.000, 0.938, 0.790);  // le cœur
                ^
1 warning generated.

CompileMetalFile /tmp/woop-count53/banc/Woop/EmberFlame.metal (in target 'Woop' from project 'Woop')
    cd /tmp/woop-count53/banc
    /var/run/com.apple.security.cryptexd/mnt/com.apple.MobileAsset.MetalToolchain-v17.6.42.0.BA5Ggr/Metal.xctoolchain/usr/bin/metal -c -target air64-apple-ios26.0-simulator -gline-tables-only -frecord-sources -I/tmp/woop-count53/sim-dd/Build/Products/Debug-iphonesimulator/include -F/tmp/woop-count53/sim-dd/Build/Products/Debug-iphonesimulator -isysroot /Applications/Xcode.app/Contents/Developer/Platforms/iPhoneSimulator.platform/Developer/SDKs/iPhoneSimulator26.5.sdk -fmetal-math-mode\=fast -fmetal-math-fp32-functions\=fast -serialize-diagnostics /tmp/woop-count53/sim-dd/Build/Intermediates.noindex/Woop.build/Debug-iphonesimulator/Woop.build/Metal/EmberFlame.dia -o /tmp/woop-count53/sim-dd/Build/Intermediates.noindex/Woop.build/Debug-iphonesimulator/Woop.build/Metal/EmberFlame.air -index-store-path /tmp/woop-count53/sim-dd/Index.noindex/DataStore -MMD -MT dependencies -MF /tmp/woop-count53/sim-dd/Build/Intermediates.noindex/Woop.build/Debug-iphonesimulator/Woop.build/Metal/EmberFlame.dat /tmp/woop-count53/banc/Woop/EmberFlame.metal

CompileMetalFile /tmp/woop-count53/banc/Woop/EclipseHalo.metal (in target 'Woop' from project 'Woop')
    cd /tmp/woop-count53/banc
    /var/run/com.apple.security.cryptexd/mnt/com.apple.MobileAsset.MetalToolchain-v17.6.42.0.BA5Ggr/Metal.xctoolchain/usr/bin/metal -c -target air64-apple-ios26.0-simulator -gline-tables-only -frecord-sources -I/tmp/woop-count53/sim-dd/Build/Products/Debug-iphonesimulator/include -F/tmp/woop-count53/sim-dd/Build/Products/Debug-iphonesimulator -isysroot /Applications/Xcode.app/Contents/Developer/Platforms/iPhoneSimulator.platform/Developer/SDKs/iPhoneSimulator26.5.sdk -fmetal-math-mode\=fast -fmetal-math-fp32-functions\=fast -serialize-diagnostics /tmp/woop-count53/sim-dd/Build/Intermediates.noindex/Woop.build/Debug-iphonesimulator/Woop.build/Metal/EclipseHalo.dia -o /tmp/woop-count53/sim-dd/Build/Intermediates.noindex/Woop.build/Debug-iphonesimulator/Woop.build/Metal/EclipseHalo.air -index-store-path /tmp/woop-count53/sim-dd/Index.noindex/DataStore -MMD -MT dependencies -MF /tmp/woop-count53/sim-dd/Build/Intermediates.noindex/Woop.build/Debug-iphonesimulator/Woop.build/Metal/EclipseHalo.dat /tmp/woop-count53/banc/Woop/EclipseHalo.metal

CompileMetalFile /tmp/woop-count53/banc/Woop/DiamondButton.metal (in target 'Woop' from project 'Woop')
    cd /tmp/woop-count53/banc
    /var/run/com.apple.security.cryptexd/mnt/com.apple.MobileAsset.MetalToolchain-v17.6.42.0.BA5Ggr/Metal.xctoolchain/usr/bin/metal -c -target air64-apple-ios26.0-simulator -gline-tables-only -frecord-sources -I/tmp/woop-count53/sim-dd/Build/Products/Debug-iphonesimulator/include -F/tmp/woop-count53/sim-dd/Build/Products/Debug-iphonesimulator -isysroot /Applications/Xcode.app/Contents/Developer/Platforms/iPhoneSimulator.platform/Developer/SDKs/iPhoneSimulator26.5.sdk -fmetal-math-mode\=fast -fmetal-math-fp32-functions\=fast -serialize-diagnostics /tmp/woop-count53/sim-dd/Build/Intermediates.noindex/Woop.build/Debug-iphonesimulator/Woop.build/Metal/DiamondButton.dia -o /tmp/woop-count53/sim-dd/Build/Intermediates.noindex/Woop.build/Debug-iphonesimulator/Woop.build/Metal/DiamondButton.air -index-store-path /tmp/woop-count53/sim-dd/Index.noindex/DataStore -MMD -MT dependencies -MF /tmp/woop-count53/sim-dd/Build/Intermediates.noindex/Woop.build/Debug-iphonesimulator/Woop.build/Metal/DiamondButton.dat /tmp/woop-count53/banc/Woop/DiamondButton.metal

CompileMetalFile /tmp/woop-count53/banc/Woop/DemonSky.metal (in target 'Woop' from project 'Woop')
    cd /tmp/woop-count53/banc
    /var/run/com.apple.security.cryptexd/mnt/com.apple.MobileAsset.MetalToolchain-v17.6.42.0.BA5Ggr/Metal.xctoolchain/usr/bin/metal -c -target air64-apple-ios26.0-simulator -gline-tables-only -frecord-sources -I/tmp/woop-count53/sim-dd/Build/Products/Debug-iphonesimulator/include -F/tmp/woop-count53/sim-dd/Build/Products/Debug-iphonesimulator -isysroot /Applications/Xcode.app/Contents/Developer/Platforms/iPhoneSimulator.platform/Developer/SDKs/iPhoneSimulator26.5.sdk -fmetal-math-mode\=fast -fmetal-math-fp32-functions\=fast -serialize-diagnostics /tmp/woop-count53/sim-dd/Build/Intermediates.noindex/Woop.build/Debug-iphonesimulator/Woop.build/Metal/DemonSky-4f22a0d830123e7ece28d6397b035e2b.dia -o /tmp/woop-count53/sim-dd/Build/Intermediates.noindex/Woop.build/Debug-iphonesimulator/Woop.build/Metal/DemonSky-4f22a0d830123e7ece28d6397b035e2b.air -index-store-path /tmp/woop-count53/sim-dd/Index.noindex/DataStore -MMD -MT dependencies -MF /tmp/woop-count53/sim-dd/Build/Intermediates.noindex/Woop.build/Debug-iphonesimulator/Woop.build/Metal/DemonSky-4f22a0d830123e7ece28d6397b035e2b.dat /tmp/woop-count53/banc/Woop/DemonSky.metal
/tmp/woop-count53/banc/Woop/DemonSky.metal:34:19: warning: unused variable 'kStrip' [-Wunused-const-variable]
constexpr sampler kStrip(s_address::repeat, t_address::clamp_to_edge,
                  ^
1 warning generated.

CompileMetalFile /tmp/woop-count53/banc/Woop/CorpsLisere.metal (in target 'Woop' from project 'Woop')
    cd /tmp/woop-count53/banc
    /var/run/com.apple.security.cryptexd/mnt/com.apple.MobileAsset.MetalToolchain-v17.6.42.0.BA5Ggr/Metal.xctoolchain/usr/bin/metal -c -target air64-apple-ios26.0-simulator -gline-tables-only -frecord-sources -I/tmp/woop-count53/sim-dd/Build/Products/Debug-iphonesimulator/include -F/tmp/woop-count53/sim-dd/Build/Products/Debug-iphonesimulator -isysroot /Applications/Xcode.app/Contents/Developer/Platforms/iPhoneSimulator.platform/Developer/SDKs/iPhoneSimulator26.5.sdk -fmetal-math-mode\=fast -fmetal-math-fp32-functions\=fast -serialize-diagnostics /tmp/woop-count53/sim-dd/Build/Intermediates.noindex/Woop.build/Debug-iphonesimulator/Woop.build/Metal/CorpsLisere.dia -o /tmp/woop-count53/sim-dd/Build/Intermediates.noindex/Woop.build/Debug-iphonesimulator/Woop.build/Metal/CorpsLisere.air -index-store-path /tmp/woop-count53/sim-dd/Index.noindex/DataStore -MMD -MT dependencies -MF /tmp/woop-count53/sim-dd/Build/Intermediates.noindex/Woop.build/Debug-iphonesimulator/Woop.build/Metal/CorpsLisere.dat /tmp/woop-count53/banc/Woop/CorpsLisere.metal

CompileMetalFile /tmp/woop-count53/banc/Woop/CarteLune.metal (in target 'Woop' from project 'Woop')
    cd /tmp/woop-count53/banc
    /var/run/com.apple.security.cryptexd/mnt/com.apple.MobileAsset.MetalToolchain-v17.6.42.0.BA5Ggr/Metal.xctoolchain/usr/bin/metal -c -target air64-apple-ios26.0-simulator -gline-tables-only -frecord-sources -I/tmp/woop-count53/sim-dd/Build/Products/Debug-iphonesimulator/include -F/tmp/woop-count53/sim-dd/Build/Products/Debug-iphonesimulator -isysroot /Applications/Xcode.app/Contents/Developer/Platforms/iPhoneSimulator.platform/Developer/SDKs/iPhoneSimulator26.5.sdk -fmetal-math-mode\=fast -fmetal-math-fp32-functions\=fast -serialize-diagnostics /tmp/woop-count53/sim-dd/Build/Intermediates.noindex/Woop.build/Debug-iphonesimulator/Woop.build/Metal/CarteLune.dia -o /tmp/woop-count53/sim-dd/Build/Intermediates.noindex/Woop.build/Debug-iphonesimulator/Woop.build/Metal/CarteLune.air -index-store-path /tmp/woop-count53/sim-dd/Index.noindex/DataStore -MMD -MT dependencies -MF /tmp/woop-count53/sim-dd/Build/Intermediates.noindex/Woop.build/Debug-iphonesimulator/Woop.build/Metal/CarteLune.dat /tmp/woop-count53/banc/Woop/CarteLune.metal

CompileMetalFile /tmp/woop-count53/banc/Woop/CarnetCuir.metal (in target 'Woop' from project 'Woop')
    cd /tmp/woop-count53/banc
    /var/run/com.apple.security.cryptexd/mnt/com.apple.MobileAsset.MetalToolchain-v17.6.42.0.BA5Ggr/Metal.xctoolchain/usr/bin/metal -c -target air64-apple-ios26.0-simulator -gline-tables-only -frecord-sources -I/tmp/woop-count53/sim-dd/Build/Products/Debug-iphonesimulator/include -F/tmp/woop-count53/sim-dd/Build/Products/Debug-iphonesimulator -isysroot /Applications/Xcode.app/Contents/Developer/Platforms/iPhoneSimulator.platform/Developer/SDKs/iPhoneSimulator26.5.sdk -fmetal-math-mode\=fast -fmetal-math-fp32-functions\=fast -serialize-diagnostics /tmp/woop-count53/sim-dd/Build/Intermediates.noindex/Woop.build/Debug-iphonesimulator/Woop.build/Metal/CarnetCuir.dia -o /tmp/woop-count53/sim-dd/Build/Intermediates.noindex/Woop.build/Debug-iphonesimulator/Woop.build/Metal/CarnetCuir.air -index-store-path /tmp/woop-count53/sim-dd/Index.noindex/DataStore -MMD -MT dependencies -MF /tmp/woop-count53/sim-dd/Build/Intermediates.noindex/Woop.build/Debug-iphonesimulator/Woop.build/Metal/CarnetCuir.dat /tmp/woop-count53/banc/Woop/CarnetCuir.metal

CompileMetalFile /tmp/woop-count53/banc/Woop/BravoPill.metal (in target 'Woop' from project 'Woop')
    cd /tmp/woop-count53/banc
    /var/run/com.apple.security.cryptexd/mnt/com.apple.MobileAsset.MetalToolchain-v17.6.42.0.BA5Ggr/Metal.xctoolchain/usr/bin/metal -c -target air64-apple-ios26.0-simulator -gline-tables-only -frecord-sources -I/tmp/woop-count53/sim-dd/Build/Products/Debug-iphonesimulator/include -F/tmp/woop-count53/sim-dd/Build/Products/Debug-iphonesimulator -isysroot /Applications/Xcode.app/Contents/Developer/Platforms/iPhoneSimulator.platform/Developer/SDKs/iPhoneSimulator26.5.sdk -fmetal-math-mode\=fast -fmetal-math-fp32-functions\=fast -serialize-diagnostics /tmp/woop-count53/sim-dd/Build/Intermediates.noindex/Woop.build/Debug-iphonesimulator/Woop.build/Metal/BravoPill.dia -o /tmp/woop-count53/sim-dd/Build/Intermediates.noindex/Woop.build/Debug-iphonesimulator/Woop.build/Metal/BravoPill.air -index-store-path /tmp/woop-count53/sim-dd/Index.noindex/DataStore -MMD -MT dependencies -MF /tmp/woop-count53/sim-dd/Build/Intermediates.noindex/Woop.build/Debug-iphonesimulator/Woop.build/Metal/BravoPill.dat /tmp/woop-count53/banc/Woop/BravoPill.metal

CompileMetalFile /tmp/woop-count53/banc/Woop/AuthNebula.metal (in target 'Woop' from project 'Woop')
    cd /tmp/woop-count53/banc
    /var/run/com.apple.security.cryptexd/mnt/com.apple.MobileAsset.MetalToolchain-v17.6.42.0.BA5Ggr/Metal.xctoolchain/usr/bin/metal -c -target air64-apple-ios26.0-simulator -gline-tables-only -frecord-sources -I/tmp/woop-count53/sim-dd/Build/Products/Debug-iphonesimulator/include -F/tmp/woop-count53/sim-dd/Build/Products/Debug-iphonesimulator -isysroot /Applications/Xcode.app/Contents/Developer/Platforms/iPhoneSimulator.platform/Developer/SDKs/iPhoneSimulator26.5.sdk -fmetal-math-mode\=fast -fmetal-math-fp32-functions\=fast -serialize-diagnostics /tmp/woop-count53/sim-dd/Build/Intermediates.noindex/Woop.build/Debug-iphonesimulator/Woop.build/Metal/AuthNebula.dia -o /tmp/woop-count53/sim-dd/Build/Intermediates.noindex/Woop.build/Debug-iphonesimulator/Woop.build/Metal/AuthNebula.air -index-store-path /tmp/woop-count53/sim-dd/Index.noindex/DataStore -MMD -MT dependencies -MF /tmp/woop-count53/sim-dd/Build/Intermediates.noindex/Woop.build/Debug-iphonesimulator/Woop.build/Metal/AuthNebula.dat /tmp/woop-count53/banc/Woop/AuthNebula.metal

CompileMetalFile /tmp/woop-count53/banc/Woop/AuroraHome.metal (in target 'Woop' from project 'Woop')
    cd /tmp/woop-count53/banc
    /var/run/com.apple.security.cryptexd/mnt/com.apple.MobileAsset.MetalToolchain-v17.6.42.0.BA5Ggr/Metal.xctoolchain/usr/bin/metal -c -target air64-apple-ios26.0-simulator -gline-tables-only -frecord-sources -I/tmp/woop-count53/sim-dd/Build/Products/Debug-iphonesimulator/include -F/tmp/woop-count53/sim-dd/Build/Products/Debug-iphonesimulator -isysroot /Applications/Xcode.app/Contents/Developer/Platforms/iPhoneSimulator.platform/Developer/SDKs/iPhoneSimulator26.5.sdk -fmetal-math-mode\=fast -fmetal-math-fp32-functions\=fast -serialize-diagnostics /tmp/woop-count53/sim-dd/Build/Intermediates.noindex/Woop.build/Debug-iphonesimulator/Woop.build/Metal/AuroraHome.dia -o /tmp/woop-count53/sim-dd/Build/Intermediates.noindex/Woop.build/Debug-iphonesimulator/Woop.build/Metal/AuroraHome.air -index-store-path /tmp/woop-count53/sim-dd/Index.noindex/DataStore -MMD -MT dependencies -MF /tmp/woop-count53/sim-dd/Build/Intermediates.noindex/Woop.build/Debug-iphonesimulator/Woop.build/Metal/AuroraHome.dat /tmp/woop-count53/banc/Woop/AuroraHome.metal

CompileMetalFile /tmp/woop-count53/banc/Woop/AuroraBg.metal (in target 'Woop' from project 'Woop')
    cd /tmp/woop-count53/banc
    /var/run/com.apple.security.cryptexd/mnt/com.apple.MobileAsset.MetalToolchain-v17.6.42.0.BA5Ggr/Metal.xctoolchain/usr/bin/metal -c -target air64-apple-ios26.0-simulator -gline-tables-only -frecord-sources -I/tmp/woop-count53/sim-dd/Build/Products/Debug-iphonesimulator/include -F/tmp/woop-count53/sim-dd/Build/Products/Debug-iphonesimulator -isysroot /Applications/Xcode.app/Contents/Developer/Platforms/iPhoneSimulator.platform/Developer/SDKs/iPhoneSimulator26.5.sdk -fmetal-math-mode\=fast -fmetal-math-fp32-functions\=fast -serialize-diagnostics /tmp/woop-count53/sim-dd/Build/Intermediates.noindex/Woop.build/Debug-iphonesimulator/Woop.build/Metal/AuroraBg.dia -o /tmp/woop-count53/sim-dd/Build/Intermediates.noindex/Woop.build/Debug-iphonesimulator/Woop.build/Metal/AuroraBg.air -index-store-path /tmp/woop-count53/sim-dd/Index.noindex/DataStore -MMD -MT dependencies -MF /tmp/woop-count53/sim-dd/Build/Intermediates.noindex/Woop.build/Debug-iphonesimulator/Woop.build/Metal/AuroraBg.dat /tmp/woop-count53/banc/Woop/AuroraBg.metal

CompileAssetCatalogVariant thinned /tmp/woop-count53/sim-dd/Build/Products/Debug-iphonesimulator/Woop.app /tmp/woop-count53/banc/Woop/AppIcon.icon /tmp/woop-count53/banc/Woop/Assets.xcassets (in target 'Woop' from project 'Woop')
    cd /tmp/woop-count53/banc
    /Applications/Xcode.app/Contents/Developer/usr/bin/actool /tmp/woop-count53/banc/Woop/AppIcon.icon /tmp/woop-count53/banc/Woop/Assets.xcassets --compile /tmp/woop-count53/sim-dd/Build/Intermediates.noindex/Woop.build/Debug-iphonesimulator/Woop.build/assetcatalog_output/thinned --output-format human-readable-text --notices --warnings --export-dependency-info /tmp/woop-count53/sim-dd/Build/Intermediates.noindex/Woop.build/Debug-iphonesimulator/Woop.build/assetcatalog_dependencies_thinned --output-partial-info-plist /tmp/woop-count53/sim-dd/Build/Intermediates.noindex/Woop.build/Debug-iphonesimulator/Woop.build/assetcatalog_generated_info.plist_thinned --app-icon AppIcon --accent-color AccentColor --compress-pngs --enable-on-demand-resources YES --filter-for-thinning-device-configuration iPhone15,4 --filter-for-device-os-version 26.5 --development-region fr --target-device iphone --minimum-deployment-target 26.0 --platform iphonesimulator
2026-09-16 18:27:43.689 AssetCatalogSimulatorAgent[8187:16556113] The filter 'CIPortraitEffectSpillCorrection' is not implemented in the bundle at /Library/Developer/CoreSimulator/Volumes/iOS_23F77/Library/Developer/CoreSimulator/Profiles/Runtimes/iOS 26.5.simruntime/Contents/Resources/RuntimeRoot/System/Library/CoreImage/PortraitFilters.cifilter.
/* com.apple.actool.compilation-results */
/tmp/woop-count53/sim-dd/Build/Intermediates.noindex/Woop.build/Debug-iphonesimulator/Woop.build/assetcatalog_generated_info.plist_thinned
/tmp/woop-count53/sim-dd/Build/Intermediates.noindex/Woop.build/Debug-iphonesimulator/Woop.build/assetcatalog_output/thinned/AppIcon60x60@2x.png
/tmp/woop-count53/sim-dd/Build/Intermediates.noindex/Woop.build/Debug-iphonesimulator/Woop.build/assetcatalog_output/thinned/AppIcon76x76@2x~ipad.png
/tmp/woop-count53/sim-dd/Build/Intermediates.noindex/Woop.build/Debug-iphonesimulator/Woop.build/assetcatalog_output/thinned/Assets.car


MetalLink /tmp/woop-count53/sim-dd/Build/Products/Debug-iphonesimulator/Woop.app/default.metallib (in target 'Woop' from project 'Woop')
    cd /tmp/woop-count53/banc
    /var/run/com.apple.security.cryptexd/mnt/com.apple.MobileAsset.MetalToolchain-v17.6.42.0.BA5Ggr/Metal.xctoolchain/usr/bin/metal -target air64-apple-ios26.0-simulator -frecord-sources -o /tmp/woop-count53/sim-dd/Build/Products/Debug-iphonesimulator/Woop.app/default.metallib /tmp/woop-count53/sim-dd/Build/Intermediates.noindex/Woop.build/Debug-iphonesimulator/Woop.build/Metal/GlassFX.air /tmp/woop-count53/sim-dd/Build/Intermediates.noindex/Woop.build/Debug-iphonesimulator/Woop.build/Metal/InkGrain.air /tmp/woop-count53/sim-dd/Build/Intermediates.noindex/Woop.build/Debug-iphonesimulator/Woop.build/Metal/AuroraBg.air /tmp/woop-count53/sim-dd/Build/Intermediates.noindex/Woop.build/Debug-iphonesimulator/Woop.build/Metal/AuroraHome.air /tmp/woop-count53/sim-dd/Build/Intermediates.noindex/Woop.build/Debug-iphonesimulator/Woop.build/Metal/AuthNebula.air /tmp/woop-count53/sim-dd/Build/Intermediates.noindex/Woop.build/Debug-iphonesimulator/Woop.build/Metal/BravoPill.air /tmp/woop-count53/sim-dd/Build/Intermediates.noindex/Woop.build/Debug-iphonesimulator/Woop.build/Metal/CarnetCuir.air /tmp/woop-count53/sim-dd/Build/Intermediates.noindex/Woop.build/Debug-iphonesimulator/Woop.build/Metal/CarteLune.air /tmp/woop-count53/sim-dd/Build/Intermediates.noindex/Woop.build/Debug-iphonesimulator/Woop.build/Metal/CorpsLisere.air /tmp/woop-count53/sim-dd/Build/Intermediates.noindex/Woop.build/Debug-iphonesimulator/Woop.build/Metal/DemonSky-4f22a0d830123e7ece28d6397b035e2b.air /tmp/woop-count53/sim-dd/Build/Intermediates.noindex/Woop.build/Debug-iphonesimulator/Woop.build/Metal/DiamondButton.air /tmp/woop-count53/sim-dd/Build/Intermediates.noindex/Woop.build/Debug-iphonesimulator/Woop.build/Metal/EclipseHalo.air /tmp/woop-count53/sim-dd/Build/Intermediates.noindex/Woop.build/Debug-iphonesimulator/Woop.build/Metal/EmberFlame.air /tmp/woop-count53/sim-dd/Build/Intermediates.noindex/Woop.build/Debug-iphonesimulator/Woop.build/Metal/ExoHeaderGlow.air /tmp/woop-count53/sim-dd/Build/Intermediates.noindex/Woop.build/Debug-iphonesimulator/Woop.build/Metal/ExosHalo.air /tmp/woop-count53/sim-dd/Build/Intermediates.noindex/Woop.build/Debug-iphonesimulator/Woop.build/Metal/FlameJewel.air /tmp/woop-count53/sim-dd/Build/Intermediates.noindex/Woop.build/Debug-iphonesimulator/Woop.build/Metal/FondVideoMetal-023a0af53c3b8fb74c0746983ccaeeb9.air /tmp/woop-count53/sim-dd/Build/Intermediates.noindex/Woop.build/Debug-iphonesimulator/Woop.build/Metal/FumeeX2.air /tmp/woop-count53/sim-dd/Build/Intermediates.noindex/Woop.build/Debug-iphonesimulator/Woop.build/Metal/GaletLisere.air /tmp/woop-count53/sim-dd/Build/Intermediates.noindex/Woop.build/Debug-iphonesimulator/Woop.build/Metal/GaletMedaillon.air /tmp/woop-count53/sim-dd/Build/Intermediates.noindex/Woop.build/Debug-iphonesimulator/Woop.build/Metal/GaletStage.air /tmp/woop-count53/sim-dd/Build/Intermediates.noindex/Woop.build/Debug-iphonesimulator/Woop.build/Metal/HaloDawn.air /tmp/woop-count53/sim-dd/Build/Intermediates.noindex/Woop.build/Debug-iphonesimulator/Woop.build/Metal/HomeNuit-63eaf29be442113eeb8847f90782998b.air /tmp/woop-count53/sim-dd/Build/Intermediates.noindex/Woop.build/Debug-iphonesimulator/Woop.build/Metal/JaugeLacque.air /tmp/woop-count53/sim-dd/Build/Intermediates.noindex/Woop.build/Debug-iphonesimulator/Woop.build/Metal/LiquidLens.air /tmp/woop-count53/sim-dd/Build/Intermediates.noindex/Woop.build/Debug-iphonesimulator/Woop.build/Metal/LoginAurora.air /tmp/woop-count53/sim-dd/Build/Intermediates.noindex/Woop.build/Debug-iphonesimulator/Woop.build/Metal/LogoMonolith.air /tmp/woop-count53/sim-dd/Build/Intermediates.noindex/Woop.build/Debug-iphonesimulator/Woop.build/Metal/MoonCoin.air /tmp/woop-count53/sim-dd/Build/Intermediates.noindex/Woop.build/Debug-iphonesimulator/Woop.build/Metal/NavMonolith.air /tmp/woop-count53/sim-dd/Build/Intermediates.noindex/Woop.build/Debug-iphonesimulator/Woop.build/Metal/NebulaShaders.air /tmp/woop-count53/sim-dd/Build/Intermediates.noindex/Woop.build/Debug-iphonesimulator/Woop.build/Metal/NeonPrimary.air /tmp/woop-count53/sim-dd/Build/Intermediates.noindex/Woop.build/Debug-iphonesimulator/Woop.build/Metal/ObjectiveJewel.air /tmp/woop-count53/sim-dd/Build/Intermediates.noindex/Woop.build/Debug-iphonesimulator/Woop.build/Metal/ObsidianCard-2be2c40640f13c16b68fb550e7faa579.air /tmp/woop-count53/sim-dd/Build/Intermediates.noindex/Woop.build/Debug-iphonesimulator/Woop.build/Metal/PebbleDust.air /tmp/woop-count53/sim-dd/Build/Intermediates.noindex/Woop.build/Debug-iphonesimulator/Woop.build/Metal/PieceVerre.air /tmp/woop-count53/sim-dd/Build/Intermediates.noindex/Woop.build/Debug-iphonesimulator/Woop.build/Metal/PorteCaresse.air /tmp/woop-count53/sim-dd/Build/Intermediates.noindex/Woop.build/Debug-iphonesimulator/Woop.build/Metal/TreasureBadge.air /tmp/woop-count53/sim-dd/Build/Intermediates.noindex/Woop.build/Debug-iphonesimulator/Woop.build/Metal/VerreCoulant-3bad466ff5a0208cf063e7f66c9e88bd.air /tmp/woop-count53/sim-dd/Build/Intermediates.noindex/Woop.build/Debug-iphonesimulator/Woop.build/Metal/VerreGalet.air /tmp/woop-count53/sim-dd/Build/Intermediates.noindex/Woop.build/Debug-iphonesimulator/Woop.build/Metal/WahouAura.air

ExtractAppIntentsMetadata (in target 'WoopWidgets' from project 'Woop')
    cd /tmp/woop-count53/banc
    /Applications/Xcode.app/Contents/Developer/Toolchains/XcodeDefault.xctoolchain/usr/bin/appintentsmetadataprocessor --toolchain-dir /var/run/com.apple.security.cryptexd/mnt/com.apple.MobileAsset.MetalToolchain-v17.6.42.0.BA5Ggr/Metal.xctoolchain --module-name WoopWidgets --sdk-root /Applications/Xcode.app/Contents/Developer/Platforms/iPhoneSimulator.platform/Developer/SDKs/iPhoneSimulator26.5.sdk --xcode-version 17F42 --platform-family iOS --deployment-target 26.0 --bundle-identifier fr.kathryn.woop.WoopWidgets --output /tmp/woop-count53/sim-dd/Build/Products/Debug-iphonesimulator/WoopWidgets.appex --target-triple arm64-apple-ios26.0-simulator --binary-file /tmp/woop-count53/sim-dd/Build/Products/Debug-iphonesimulator/WoopWidgets.appex/WoopWidgets --dependency-file /tmp/woop-count53/sim-dd/Build/Intermediates.noindex/Woop.build/Debug-iphonesimulator/WoopWidgets.build/Objects-normal/arm64/WoopWidgets_dependency_info.dat --stringsdata-file /tmp/woop-count53/sim-dd/Build/Intermediates.noindex/Woop.build/Debug-iphonesimulator/WoopWidgets.build/Objects-normal/arm64/ExtractedAppShortcutsMetadata.stringsdata --source-file-list /tmp/woop-count53/sim-dd/Build/Intermediates.noindex/Woop.build/Debug-iphonesimulator/WoopWidgets.build/Objects-normal/arm64/WoopWidgets.SwiftFileList --metadata-file-list /tmp/woop-count53/sim-dd/Build/Intermediates.noindex/Woop.build/Debug-iphonesimulator/WoopWidgets.build/WoopWidgets.DependencyMetadataFileList --static-metadata-file-list /tmp/woop-count53/sim-dd/Build/Intermediates.noindex/Woop.build/Debug-iphonesimulator/WoopWidgets.build/WoopWidgets.DependencyStaticMetadataFileList --swift-const-vals-list /tmp/woop-count53/sim-dd/Build/Intermediates.noindex/Woop.build/Debug-iphonesimulator/WoopWidgets.build/Objects-normal/arm64/WoopWidgets.SwiftConstValuesFileList --compile-time-extraction --deployment-aware-processing --validate-assistant-intents --no-app-shortcuts-localization
2026-09-16 18:27:41.168 appintentsmetadataprocessor[8188:16555874] Starting appintentsmetadataprocessor export
2026-09-16 18:27:41.184 appintentsmetadataprocessor[8188:16555874] Extracted no relevant App Intents symbols, skipping writing output

AppIntentsSSUTraining (in target 'WoopWidgets' from project 'Woop')
    cd /tmp/woop-count53/banc
    /Applications/Xcode.app/Contents/Developer/Toolchains/XcodeDefault.xctoolchain/usr/bin/appintentsnltrainingprocessor --infoplist-path /tmp/woop-count53/sim-dd/Build/Products/Debug-iphonesimulator/WoopWidgets.appex/Info.plist --temp-dir-path /tmp/woop-count53/sim-dd/Build/Intermediates.noindex/Woop.build/Debug-iphonesimulator/WoopWidgets.build/ssu --bundle-id fr.kathryn.woop.WoopWidgets --product-path /tmp/woop-count53/sim-dd/Build/Products/Debug-iphonesimulator/WoopWidgets.appex --extracted-metadata-path /tmp/woop-count53/sim-dd/Build/Products/Debug-iphonesimulator/WoopWidgets.appex/Metadata.appintents --metadata-file-list /tmp/woop-count53/sim-dd/Build/Intermediates.noindex/Woop.build/Debug-iphonesimulator/WoopWidgets.build/WoopWidgets.DependencyMetadataFileList --source-file /tmp/woop-count53/sim-dd/Build/Products/Debug-iphonesimulator/WoopWidgets.appex/Info.plist --archive-ssu-assets
2026-09-16 18:27:41.202 appintentsnltrainingprocessor[8189:16555878] Parsing options for appintentsnltrainingprocessor
2026-09-16 18:27:41.202 appintentsnltrainingprocessor[8189:16555878] Starting AppIntents SSU YAML Generation
2026-09-16 18:27:41.203 appintentsnltrainingprocessor[8189:16555878] No AppShortcuts found - Skipping.

SwiftDriver Woop normal arm64 com.apple.xcode.tools.swift.compiler (in target 'Woop' from project 'Woop')
    cd /tmp/woop-count53/banc
    builtin-SwiftDriver -- /Applications/Xcode.app/Contents/Developer/Toolchains/XcodeDefault.xctoolchain/usr/bin/swiftc -module-name Woop -Onone @/tmp/woop-count53/sim-dd/Build/Intermediates.noindex/Woop.build/Debug-iphonesimulator/Woop.build/Objects-normal/arm64/Woop.SwiftFileList -DDEBUG -enable-bare-slash-regex -enable-experimental-feature DebugDescriptionMacro -sdk /Applications/Xcode.app/Contents/Developer/Platforms/iPhoneSimulator.platform/Developer/SDKs/iPhoneSimulator26.5.sdk -target arm64-apple-ios26.0-simulator -g -module-cache-path /tmp/woop-count53/sim-dd/ModuleCache.noindex -Xfrontend -serialize-debugging-options -enable-testing -index-store-path /tmp/woop-count53/sim-dd/Index.noindex/DataStore -Xcc -D_LIBCPP_HARDENING_MODE\=_LIBCPP_HARDENING_MODE_DEBUG -swift-version 5 -I /tmp/woop-count53/sim-dd/Build/Products/Debug-iphonesimulator -F /tmp/woop-count53/sim-dd/Build/Products/Debug-iphonesimulator -emit-localized-strings -emit-localized-strings-path /tmp/woop-count53/sim-dd/Build/Intermediates.noindex/Woop.build/Debug-iphonesimulator/Woop.build/Objects-normal/arm64 -c -j10 -enable-batch-mode -incremental -Xcc -ivfsstatcache -Xcc /tmp/woop-count53/sim-dd/SDKStatCaches.noindex/iphonesimulator26.5-23F73-688ef53f1462e2c8f657fdc38a81448f6cfe768891a92b912361537c460fe42b.sdkstatcache -output-file-map /tmp/woop-count53/sim-dd/Build/Intermediates.noindex/Woop.build/Debug-iphonesimulator/Woop.build/Objects-normal/arm64/Woop-OutputFileMap.json -use-frontend-parseable-output -save-temps -no-color-diagnostics -explicit-module-build -module-cache-path /tmp/woop-count53/sim-dd/Build/Intermediates.noindex/SwiftExplicitPrecompiledModules -clang-scanner-module-cache-path /tmp/woop-count53/sim-dd/ModuleCache.noindex -sdk-module-cache-path /tmp/woop-count53/sim-dd/ModuleCache.noindex -serialize-diagnostics -emit-dependencies -emit-module -emit-module-path /tmp/woop-count53/sim-dd/Build/Intermediates.noindex/Woop.build/Debug-iphonesimulator/Woop.build/Objects-normal/arm64/Woop.swiftmodule -validate-clang-modules-once -clang-build-session-file /tmp/woop-count53/sim-dd/ModuleCache.noindex/Session.modulevalidation -Xcc -I/tmp/woop-count53/sim-dd/Build/Intermediates.noindex/Woop.build/Debug-iphonesimulator/Woop.build/swift-overrides.hmap -emit-const-values -Xfrontend -const-gather-protocols-file -Xfrontend /tmp/woop-count53/sim-dd/Build/Intermediates.noindex/Woop.build/Debug-iphonesimulator/Woop.build/Objects-normal/arm64/Woop_const_extract_protocols.json -Xcc -iquote -Xcc /tmp/woop-count53/sim-dd/Build/Intermediates.noindex/Woop.build/Debug-iphonesimulator/Woop.build/Woop-generated-files.hmap -Xcc -I/tmp/woop-count53/sim-dd/Build/Intermediates.noindex/Woop.build/Debug-iphonesimulator/Woop.build/Woop-own-target-headers.hmap -Xcc -I/tmp/woop-count53/sim-dd/Build/Intermediates.noindex/Woop.build/Debug-iphonesimulator/Woop.build/Woop-all-target-headers.hmap -Xcc -iquote -Xcc /tmp/woop-count53/sim-dd/Build/Intermediates.noindex/Woop.build/Debug-iphonesimulator/Woop.build/Woop-project-headers.hmap -Xcc -I/tmp/woop-count53/sim-dd/Build/Products/Debug-iphonesimulator/include -Xcc -I/tmp/woop-count53/sim-dd/Build/Intermediates.noindex/Woop.build/Debug-iphonesimulator/Woop.build/DerivedSources-normal/arm64 -Xcc -I/tmp/woop-count53/sim-dd/Build/Intermediates.noindex/Woop.build/Debug-iphonesimulator/Woop.build/DerivedSources/arm64 -Xcc -I/tmp/woop-count53/sim-dd/Build/Intermediates.noindex/Woop.build/Debug-iphonesimulator/Woop.build/DerivedSources -Xcc -DDEBUG\=1 -emit-objc-header -emit-objc-header-path /tmp/woop-count53/sim-dd/Build/Intermediates.noindex/Woop.build/Debug-iphonesimulator/Woop.build/Objects-normal/arm64/Woop-Swift.h -working-directory /tmp/woop-count53/banc -experimental-emit-module-separately -disable-cmo

SwiftExplicitDependencyGeneratePcm arm64 /tmp/woop-count53/sim-dd/ModuleCache.noindex/ptrcheck-BB6O6LEWFXC22S3DBLJK1JECM.pcm

SwiftExplicitDependencyGeneratePcm arm64 /tmp/woop-count53/sim-dd/ModuleCache.noindex/_Builtin_stddef-7AIGR2H9A8Z3OMRCHK0W3GJK8.pcm

SwiftExplicitDependencyGeneratePcm arm64 /tmp/woop-count53/sim-dd/ModuleCache.noindex/_SwiftConcurrencyShims-6S9KVD5UMPHZEMAW5N4ANZOLY.pcm

SwiftExplicitDependencyGeneratePcm arm64 /tmp/woop-count53/sim-dd/ModuleCache.noindex/_Builtin_stdbool-8W0OU7L6RZMKUUW6FSLP5MC8K.pcm

SwiftExplicitDependencyGeneratePcm arm64 /tmp/woop-count53/sim-dd/ModuleCache.noindex/_Builtin_stdarg-34LAINRYUW9VY6V48DEA996DR.pcm

SwiftExplicitDependencyGeneratePcm arm64 /tmp/woop-count53/sim-dd/ModuleCache.noindex/_Builtin_float-98JSNTUYGDNO7N3K2IOVC7KW7.pcm

SwiftExplicitDependencyGeneratePcm arm64 /tmp/woop-count53/sim-dd/ModuleCache.noindex/DeveloperToolsSupport-6ZHMR48IQ9C5DD3KDPLUXFUFB.pcm

SwiftExplicitDependencyGeneratePcm arm64 /tmp/woop-count53/sim-dd/ModuleCache.noindex/ActivityKit-2IGTWVHYA7C09H5A6IZABQZ49.pcm

SwiftExplicitDependencyGeneratePcm arm64 /tmp/woop-count53/sim-dd/ModuleCache.noindex/_AvailabilityInternal-1ED96W5GA2136SPFL4S1ZMX9N.pcm

SwiftExplicitDependencyGeneratePcm arm64 /tmp/woop-count53/sim-dd/ModuleCache.noindex/ptrauth-3NSSF60NSPL5D8GSF3VE53HIW.pcm

SwiftExplicitDependencyGeneratePcm arm64 /tmp/woop-count53/sim-dd/ModuleCache.noindex/_DarwinFoundation1-A2JFZFP2KSFODDLFNAPH2I4SV.pcm

SwiftExplicitDependencyGeneratePcm arm64 /tmp/woop-count53/sim-dd/ModuleCache.noindex/SwiftShims-73UWR1GL6YSL7PZKSTF66J3LV.pcm

SwiftExplicitDependencyGeneratePcm arm64 /tmp/woop-count53/sim-dd/ModuleCache.noindex/ExtensionFoundation-5K8BHE76LTV7T6V4B4U3T9UKJ.pcm

SwiftExplicitDependencyGeneratePcm arm64 /tmp/woop-count53/sim-dd/ModuleCache.noindex/_DarwinFoundation2-KXLJVS8ZQWTAH6CIWE4WK4PF.pcm

SwiftExplicitDependencyGeneratePcm arm64 /tmp/woop-count53/sim-dd/ModuleCache.noindex/_Builtin_limits-D85O65YZRNYX7ASB7O5TCNCMJ.pcm

SwiftExplicitDependencyGeneratePcm arm64 /tmp/woop-count53/sim-dd/ModuleCache.noindex/_Builtin_stdint-5A86FHJUZ1SP8G4QUK7XIPJV.pcm

SwiftExplicitDependencyGeneratePcm arm64 /tmp/woop-count53/sim-dd/ModuleCache.noindex/_Builtin_tgmath-5FYLK8M2GEM33X081FGJGM9J1.pcm

SwiftExplicitDependencyGeneratePcm arm64 /tmp/woop-count53/sim-dd/ModuleCache.noindex/_Builtin_stdatomic-DSQ2H6TK7VINYV0XT69HWM22S.pcm

SwiftExplicitDependencyGeneratePcm arm64 /tmp/woop-count53/sim-dd/ModuleCache.noindex/_DarwinFoundation3-190B0D1O9QTADK5PPFJCLYMS1.pcm

SwiftExplicitDependencyGeneratePcm arm64 /tmp/woop-count53/sim-dd/ModuleCache.noindex/_Builtin_intrinsics-74UG5XTUDUKNB0N55JBQ197OD.pcm

SwiftExplicitDependencyGeneratePcm arm64 /tmp/woop-count53/sim-dd/ModuleCache.noindex/_Builtin_inttypes-F5H68J4YZ2ANGAIJUFJYU15IM.pcm

SwiftExplicitDependencyGeneratePcm arm64 /tmp/woop-count53/sim-dd/ModuleCache.noindex/simd-5OMXOSW01RTZ8QB6R1R96W0N1.pcm

SwiftExplicitDependencyGeneratePcm arm64 /tmp/woop-count53/sim-dd/ModuleCache.noindex/Darwin-3HOUGW32BZ4M6TAFE3K27AIEV.pcm

SwiftExplicitDependencyGeneratePcm arm64 /tmp/woop-count53/sim-dd/ModuleCache.noindex/Spatial-3E701E9X11YL9UFDCWJRS5BPS.pcm

SwiftExplicitDependencyGeneratePcm arm64 /tmp/woop-count53/sim-dd/ModuleCache.noindex/MachO-98QTPWJMVU1E86RIXITN6SVTL.pcm

SwiftExplicitDependencyGeneratePcm arm64 /tmp/woop-count53/sim-dd/ModuleCache.noindex/ObjectiveC-23C8RM57OK8UY8QN119M2WZZC.pcm

SwiftExplicitDependencyGeneratePcm arm64 /tmp/woop-count53/sim-dd/ModuleCache.noindex/sys_types-4C178AOY42NSOUOBAV7D8FY6Y.pcm

SwiftExplicitDependencyGeneratePcm arm64 /tmp/woop-count53/sim-dd/ModuleCache.noindex/os_object-4LJ7TSW1ZXC3BFXWAPNO59UIX.pcm

SwiftExplicitDependencyGeneratePcm arm64 /tmp/woop-count53/sim-dd/ModuleCache.noindex/os_workgroup-CYWAU0DDLEOGL2BJ74FPXC5M2.pcm

SwiftExplicitDependencyGeneratePcm arm64 /tmp/woop-count53/sim-dd/ModuleCache.noindex/Dispatch-D84G64VFE1JZIDE3XTSOLORGV.pcm

SwiftExplicitDependencyGeneratePcm arm64 /tmp/woop-count53/sim-dd/ModuleCache.noindex/CoreFoundation-6KY20QA6C5C4T7S6XLQ05CXV5.pcm

SwiftExplicitDependencyGeneratePcm arm64 /tmp/woop-count53/sim-dd/ModuleCache.noindex/XPC-EJGISRE959EOWT0KG55MKL86W.pcm

SwiftExplicitDependencyGeneratePcm arm64 /tmp/woop-count53/sim-dd/ModuleCache.noindex/CoreAudioTypes-EEOS95WN4OG7VE5O07KTU05X2.pcm

SwiftExplicitDependencyGeneratePcm arm64 /tmp/woop-count53/sim-dd/ModuleCache.noindex/Security-E0X2NVT3B7DSCU0IMOSMZXACJ.pcm

SwiftExplicitDependencyGeneratePcm arm64 /tmp/woop-count53/sim-dd/ModuleCache.noindex/os-C33HM1U8Q7MQ89LIA5FSL59IC.pcm

SwiftExplicitDependencyGeneratePcm arm64 /tmp/woop-count53/sim-dd/ModuleCache.noindex/CFNetwork-BSAZJUSPCADJYC15VMLHHSUPU.pcm

SwiftExplicitDependencyGeneratePcm arm64 /tmp/woop-count53/sim-dd/ModuleCache.noindex/CoreAudio-1I4CZT7XDT7EVHWB6FJCRV4RB.pcm

SwiftExplicitDependencyGeneratePcm arm64 /tmp/woop-count53/sim-dd/ModuleCache.noindex/Foundation-5VXGB2YNYMWM9UEOVQBP8QWEF.pcm

SwiftExplicitDependencyGeneratePcm arm64 /tmp/woop-count53/sim-dd/ModuleCache.noindex/CoreGraphics-CIZX4RM0JIBURVYQM2S8YCPRD.pcm

SwiftExplicitDependencyGeneratePcm arm64 /tmp/woop-count53/sim-dd/ModuleCache.noindex/CoreTransferable-3IZEOTHR8143VIQO0ATJZV51O.pcm

SwiftExplicitDependencyGeneratePcm arm64 /tmp/woop-count53/sim-dd/ModuleCache.noindex/OSLog-2KD5SO9VOKV20Q2MJBKK5NNUX.pcm

SwiftExplicitDependencyGeneratePcm arm64 /tmp/woop-count53/sim-dd/ModuleCache.noindex/CoreData-6QB4BI8JSM85FI6KJ9NPZL3KA.pcm

SwiftExplicitDependencyGeneratePcm arm64 /tmp/woop-count53/sim-dd/ModuleCache.noindex/UniformTypeIdentifiers-C1AMUJHH0JDQQFZ88SUMMV34T.pcm

SwiftExplicitDependencyGeneratePcm arm64 /tmp/woop-count53/sim-dd/ModuleCache.noindex/AppIntents-BMG5AC9954UKV0UWUDOHYGNYV.pcm

SwiftExplicitDependencyGeneratePcm arm64 /tmp/woop-count53/sim-dd/ModuleCache.noindex/CoreHaptics-5TCUD40N33DQN8QBDVSA4WQ7L.pcm

SwiftExplicitDependencyGeneratePcm arm64 /tmp/woop-count53/sim-dd/ModuleCache.noindex/OpenGLES-4DC8C9JJD83S4MPS6DU5IBGIR.pcm

SwiftExplicitDependencyGeneratePcm arm64 /tmp/woop-count53/sim-dd/ModuleCache.noindex/UIUtilities-ECIBHJK5ZROZN0NHP6NM95PXF.pcm

SwiftExplicitDependencyGeneratePcm arm64 /tmp/woop-count53/sim-dd/ModuleCache.noindex/WidgetKit-96ZB0J6HVSDZEARNN6I6G66JK.pcm

SwiftExplicitDependencyGeneratePcm arm64 /tmp/woop-count53/sim-dd/ModuleCache.noindex/_LocationEssentials-ZLGFSS7WE30W667ZCA19DJEX.pcm

SwiftExplicitDependencyGeneratePcm arm64 /tmp/woop-count53/sim-dd/ModuleCache.noindex/CoreSpotlight-BYT1XT7OIRVPKC5OBFUSSWY0T.pcm

SwiftExplicitDependencyGeneratePcm arm64 /tmp/woop-count53/sim-dd/ModuleCache.noindex/ModelIO-45NMWIDBZ6HEQFO77HLVTQCEH.pcm

SwiftExplicitDependencyGeneratePcm arm64 /tmp/woop-count53/sim-dd/ModuleCache.noindex/CoreText-61O9LSVXP384SDVHACJMGUVH4.pcm

SwiftExplicitDependencyGeneratePcm arm64 /tmp/woop-count53/sim-dd/ModuleCache.noindex/Symbols-2KHTF17V1HZCGIKLGH2FI6DRN.pcm

SwiftExplicitDependencyGeneratePcm arm64 /tmp/woop-count53/sim-dd/ModuleCache.noindex/FileProvider-4840NZTMR8PK2R0WJZZ3J7KIZ.pcm

SwiftExplicitDependencyGeneratePcm arm64 /tmp/woop-count53/sim-dd/ModuleCache.noindex/dnssd-B3U2084ATGR737EU2STLXOIVR.pcm

SwiftExplicitDependencyGeneratePcm arm64 /tmp/woop-count53/sim-dd/ModuleCache.noindex/LocalAuthentication-EE6E8R1QFAN49MRKUQX99LPRB.pcm

SwiftExplicitDependencyGeneratePcm arm64 /tmp/woop-count53/sim-dd/ModuleCache.noindex/CoreMIDI-5DX49DQ0HZTF7THGOPLGR60M5.pcm

SwiftExplicitDependencyGeneratePcm arm64 /tmp/woop-count53/sim-dd/ModuleCache.noindex/IOSurface-66B7TARAOJ4ONC75CM5EGD027.pcm

SwiftExplicitDependencyGeneratePcm arm64 /tmp/woop-count53/sim-dd/ModuleCache.noindex/AudioToolbox-BIPP15K90871Q2SFI3C1VYRE6.pcm

SwiftExplicitDependencyGeneratePcm arm64 /tmp/woop-count53/sim-dd/ModuleCache.noindex/Metal-4FX27V6BG5DU1OAGWBWRD3DOI.pcm

SwiftExplicitDependencyGeneratePcm arm64 /tmp/woop-count53/sim-dd/ModuleCache.noindex/DataDetection-3XWI7NNJG21HUCX3QAXPJRTUS.pcm

SwiftExplicitDependencyGeneratePcm arm64 /tmp/woop-count53/sim-dd/ModuleCache.noindex/CoreVideo-DZA1RXQUSMS39ABQ1O4WSJHJM.pcm

SwiftExplicitDependencyGeneratePcm arm64 /tmp/woop-count53/sim-dd/ModuleCache.noindex/ImageIO-PHPDIZIZ38R0JCEJNJAWLRA9.pcm

SwiftExplicitDependencyGeneratePcm arm64 /tmp/woop-count53/sim-dd/ModuleCache.noindex/CoreMedia-AGQZ1A6X0WNDZBYWNA0CINDLD.pcm

SwiftExplicitDependencyGeneratePcm arm64 /tmp/woop-count53/sim-dd/ModuleCache.noindex/QuartzCore-DCGQ7XK6IZEIUA4M2MU3H3B83.pcm

SwiftExplicitDependencyGeneratePcm arm64 /tmp/woop-count53/sim-dd/ModuleCache.noindex/MediaToolbox-B7RHTZL630ML10RY4QRMD1QPV.pcm

SwiftExplicitDependencyGeneratePcm arm64 /tmp/woop-count53/sim-dd/ModuleCache.noindex/SwiftUICore-7EBF9HA7EJ3ZJIXXAMR3MWJ6N.pcm

SwiftExplicitDependencyGeneratePcm arm64 /tmp/woop-count53/sim-dd/ModuleCache.noindex/AVFAudio-AV0UA8ZPMUFO5E998F62KPQRY.pcm

SwiftExplicitDependencyGeneratePcm arm64 /tmp/woop-count53/sim-dd/ModuleCache.noindex/CoreImage-A25103G05AZXAX32XUF572QA2.pcm

SwiftExplicitDependencyGeneratePcm arm64 /tmp/woop-count53/sim-dd/ModuleCache.noindex/RelevanceKit-9S5OYHA8KSZ2VBQZ3J29KTE8G.pcm

SwiftExplicitDependencyGeneratePcm arm64 /tmp/woop-count53/sim-dd/ModuleCache.noindex/Accessibility-CDE2E6PAGZPJINA9JLLV4J8DA.pcm

SwiftExplicitDependencyGeneratePcm arm64 /tmp/woop-count53/sim-dd/ModuleCache.noindex/CoreLocation-4FVUQT4KUI40N0YC0FTGGX3V5.pcm

SwiftExplicitDependencyGeneratePcm arm64 /tmp/woop-count53/sim-dd/ModuleCache.noindex/Network-1C6A1WOZDT09T278GLX29495V.pcm

SwiftExplicitDependencyGeneratePcm arm64 /tmp/woop-count53/sim-dd/ModuleCache.noindex/CoreMotion-9AFXDRYZTF1PQBB6V48P01LDT.pcm

SwiftExplicitDependencyGeneratePcm arm64 /tmp/woop-count53/sim-dd/ModuleCache.noindex/AVRouting-5IXJ6PTP2VIDPRCTP1J5SCCA3.pcm

SwiftExplicitDependencyGeneratePcm arm64 /tmp/woop-count53/sim-dd/ModuleCache.noindex/UserNotifications-9L4FJLOOH9TFPZPCT39LF2L9D.pcm

SwiftExplicitDependencyGeneratePcm arm64 /tmp/woop-count53/sim-dd/ModuleCache.noindex/AVFoundation-BA8T1RSWVOOPD1HIGXNOERNNX.pcm

SwiftExplicitDependencyGeneratePcm arm64 /tmp/woop-count53/sim-dd/ModuleCache.noindex/UIKit-DRVNCM7UAIXQ11TTERSY17CDM.pcm

SwiftExplicitDependencyGeneratePcm arm64 /tmp/woop-count53/sim-dd/ModuleCache.noindex/Intents-1RQ2EKA6ZPP51QUABAZVQKJ1.pcm

SwiftExplicitDependencyGeneratePcm arm64 /tmp/woop-count53/sim-dd/ModuleCache.noindex/GLKit-5MDK66K17UJ3A2MFQ0FBG4ZHE.pcm

SwiftExplicitDependencyGeneratePcm arm64 /tmp/woop-count53/sim-dd/ModuleCache.noindex/AuthenticationServices-4NW16KJ9X1Q8FFRAK5NWOQHFV.pcm

SwiftExplicitDependencyGeneratePcm arm64 /tmp/woop-count53/sim-dd/ModuleCache.noindex/SwiftUI-8K2D6XTML0JLJHXJGRWNF1I1F.pcm

SwiftExplicitDependencyGeneratePcm arm64 /tmp/woop-count53/sim-dd/ModuleCache.noindex/MetalKit-6SPI4JYHD1BWV816YEXV8TBQP.pcm

SwiftExplicitDependencyGeneratePcm arm64 /tmp/woop-count53/sim-dd/ModuleCache.noindex/SceneKit-DFO0DJEOAB23EXPL4EH8TUW8Z.pcm

SwiftEmitModule normal arm64 Emitting\ module\ for\ Woop (in target 'Woop' from project 'Woop')
EmitSwiftModule normal arm64 (in target 'Woop' from project 'Woop')
    cd /tmp/woop-count53/banc
    

SwiftCompile normal arm64 Compiling\ JewelTabBar.swift,\ LaunchPebble.swift,\ LensParticles.swift,\ LiquidLensLab.swift,\ LisereCoreAnimation.swift,\ LisereImages.swift,\ LisereRespirant.swift,\ LiveExerciseView.swift,\ LivingNebulaBackground.swift,\ LoginLab.swift,\ LogoLab.swift,\ LuneDeSang.swift,\ MenuCouronne.swift,\ MenuNappe.swift,\ MoonCoinLab.swift,\ MoonSplash.swift,\ NavDiagnostic.swift,\ NavEncre.swift,\ NavLab.swift /tmp/woop-count53/banc/Woop/Views/JewelTabBar.swift /tmp/woop-count53/banc/Woop/Views/LaunchPebble.swift /tmp/woop-count53/banc/Woop/Views/LensParticles.swift /tmp/woop-count53/banc/Woop/Views/LiquidLensLab.swift /tmp/woop-count53/banc/Woop/Views/LisereCoreAnimation.swift /tmp/woop-count53/banc/Woop/Views/LisereImages.swift /tmp/woop-count53/banc/Woop/Views/LisereRespirant.swift /tmp/woop-count53/banc/Woop/Views/LiveExerciseView.swift /tmp/woop-count53/banc/Woop/Views/LivingNebulaBackground.swift /tmp/woop-count53/banc/Woop/Views/LoginLab.swift /tmp/woop-count53/banc/Woop/Views/LogoLab.swift /tmp/woop-count53/banc/Woop/Views/LuneDeSang.swift /tmp/woop-count53/banc/Woop/Views/MenuCouronne.swift /tmp/woop-count53/banc/Woop/Views/MenuNappe.swift /tmp/woop-count53/banc/Woop/Views/MoonCoinLab.swift /tmp/woop-count53/banc/Woop/Views/MoonSplash.swift /tmp/woop-count53/banc/Woop/Views/NavDiagnostic.swift /tmp/woop-count53/banc/Woop/Views/NavEncre.swift /tmp/woop-count53/banc/Woop/Views/NavLab.swift (in target 'Woop' from project 'Woop')
SwiftCompile normal arm64 /tmp/woop-count53/banc/Woop/Views/JewelTabBar.swift (in target 'Woop' from project 'Woop')
    cd /tmp/woop-count53/banc
    

SwiftCompile normal arm64 /tmp/woop-count53/banc/Woop/Views/LaunchPebble.swift (in target 'Woop' from project 'Woop')
    cd /tmp/woop-count53/banc
    

SwiftCompile normal arm64 /tmp/woop-count53/banc/Woop/Views/LensParticles.swift (in target 'Woop' from project 'Woop')
    cd /tmp/woop-count53/banc
    
/tmp/woop-count53/banc/Woop/Views/LensParticles.swift:46:17: warning: initialization of immutable value 'ce' was never used; consider replacing with assignment to '_' or removing it
            let ce = ceStart.map { now.timeIntervalSince($0) } ?? -1
            ~~~~^~
            _

SwiftCompile normal arm64 /tmp/woop-count53/banc/Woop/Views/LiquidLensLab.swift (in target 'Woop' from project 'Woop')
    cd /tmp/woop-count53/banc
    
/tmp/woop-count53/banc/Woop/Views/LiquidLensLab.swift:1153:13: warning: immutable value 'veil' was never used; consider replacing with '_' or removing it
        let veil: Double = entering ? 1 : 0
            ^~~~
            _

SwiftCompile normal arm64 /tmp/woop-count53/banc/Woop/Views/LisereCoreAnimation.swift (in target 'Woop' from project 'Woop')
    cd /tmp/woop-count53/banc
    

SwiftCompile normal arm64 /tmp/woop-count53/banc/Woop/Views/LisereImages.swift (in target 'Woop' from project 'Woop')
    cd /tmp/woop-count53/banc
    

SwiftCompile normal arm64 /tmp/woop-count53/banc/Woop/Views/LisereRespirant.swift (in target 'Woop' from project 'Woop')
    cd /tmp/woop-count53/banc
    

SwiftCompile normal arm64 /tmp/woop-count53/banc/Woop/Views/LiveExerciseView.swift (in target 'Woop' from project 'Woop')
    cd /tmp/woop-count53/banc
    

SwiftCompile normal arm64 /tmp/woop-count53/banc/Woop/Views/LivingNebulaBackground.swift (in target 'Woop' from project 'Woop')
    cd /tmp/woop-count53/banc
    

SwiftCompile normal arm64 /tmp/woop-count53/banc/Woop/Views/LoginLab.swift (in target 'Woop' from project 'Woop')
    cd /tmp/woop-count53/banc
    

SwiftCompile normal arm64 /tmp/woop-count53/banc/Woop/Views/LogoLab.swift (in target 'Woop' from project 'Woop')
    cd /tmp/woop-count53/banc
    

SwiftCompile normal arm64 /tmp/woop-count53/banc/Woop/Views/LuneDeSang.swift (in target 'Woop' from project 'Woop')
    cd /tmp/woop-count53/banc
    

SwiftCompile normal arm64 /tmp/woop-count53/banc/Woop/Views/MenuCouronne.swift (in target 'Woop' from project 'Woop')
    cd /tmp/woop-count53/banc
    

SwiftCompile normal arm64 /tmp/woop-count53/banc/Woop/Views/MenuNappe.swift (in target 'Woop' from project 'Woop')
    cd /tmp/woop-count53/banc
    
/tmp/woop-count53/banc/Woop/Views/MenuNappe.swift:1959:34: warning: call to main actor-isolated instance method 'dragLevel' in a synchronous nonisolated context
            RocketHaptics.shared.dragLevel(x * 0.55)
                                 ^
/tmp/woop-count53/banc/Woop/Figures/RocketHaptics.swift:341:10: note: calls to instance method 'dragLevel' from outside of its actor context are implicitly asynchronous
    func dragLevel(_ climb: Double) {
         ^
/tmp/woop-count53/banc/Woop/Views/MenuNappe.swift:1959:27: warning: main actor-isolated static property 'shared' can not be referenced from a Sendable closure
            RocketHaptics.shared.dragLevel(x * 0.55)
                          ^
/tmp/woop-count53/banc/Woop/Figures/RocketHaptics.swift:25:16: note: static property declared here
    static let shared = RocketHaptics()
               ^

SwiftCompile normal arm64 /tmp/woop-count53/banc/Woop/Views/MoonCoinLab.swift (in target 'Woop' from project 'Woop')
    cd /tmp/woop-count53/banc
    

SwiftCompile normal arm64 /tmp/woop-count53/banc/Woop/Views/MoonSplash.swift (in target 'Woop' from project 'Woop')
    cd /tmp/woop-count53/banc
    
/tmp/woop-count53/banc/Woop/Views/MoonSplash.swift:883:60: warning: main actor-isolated property 'start' cannot be accessed from outside of the actor; this is an error in the Swift 6 language mode
                let left = when - Date().timeIntervalSince(start)
                           ~~~~~~~~~~~~~~~~~~~~~~~~~~~~~~~~^~~~~~
                           await 

SwiftCompile normal arm64 /tmp/woop-count53/banc/Woop/Views/NavDiagnostic.swift (in target 'Woop' from project 'Woop')
    cd /tmp/woop-count53/banc
    

SwiftCompile normal arm64 /tmp/woop-count53/banc/Woop/Views/NavEncre.swift (in target 'Woop' from project 'Woop')
    cd /tmp/woop-count53/banc
    

SwiftCompile normal arm64 /tmp/woop-count53/banc/Woop/Views/NavLab.swift (in target 'Woop' from project 'Woop')
    cd /tmp/woop-count53/banc
    

SwiftCompile normal arm64 Compiling\ ExercisePhoto.swift,\ ExerciseSetupCard.swift,\ ExercisesView.swift,\ ExosFond.swift,\ FilmDepartSeance.swift,\ FlameLab.swift,\ FlammeJauge.swift,\ FlammeJaugeLab.swift,\ FondVideoMetal.swift,\ Foyer.swift,\ FumeeInviteMetal.swift,\ GaletEtape.swift,\ GaletLab.swift,\ GaletSlide.swift,\ HaloDawnLab.swift,\ HarmonieLab.swift,\ HomeAuroraView.swift,\ HomeNuit.swift,\ HomeView.swift /tmp/woop-count53/banc/Woop/Views/ExercisePhoto.swift /tmp/woop-count53/banc/Woop/Views/ExerciseSetupCard.swift /tmp/woop-count53/banc/Woop/Views/ExercisesView.swift /tmp/woop-count53/banc/Woop/Views/ExosFond.swift /tmp/woop-count53/banc/Woop/Views/FilmDepartSeance.swift /tmp/woop-count53/banc/Woop/Views/FlameLab.swift /tmp/woop-count53/banc/Woop/Views/FlammeJauge.swift /tmp/woop-count53/banc/Woop/Views/FlammeJaugeLab.swift /tmp/woop-count53/banc/Woop/Views/FondVideoMetal.swift /tmp/woop-count53/banc/Woop/Views/Foyer.swift /tmp/woop-count53/banc/Woop/Views/FumeeInviteMetal.swift /tmp/woop-count53/banc/Woop/Views/GaletEtape.swift /tmp/woop-count53/banc/Woop/Views/GaletLab.swift /tmp/woop-count53/banc/Woop/Views/GaletSlide.swift /tmp/woop-count53/banc/Woop/Views/HaloDawnLab.swift /tmp/woop-count53/banc/Woop/Views/HarmonieLab.swift /tmp/woop-count53/banc/Woop/Views/HomeAuroraView.swift /tmp/woop-count53/banc/Woop/Views/HomeNuit.swift /tmp/woop-count53/banc/Woop/Views/HomeView.swift (in target 'Woop' from project 'Woop')
SwiftCompile normal arm64 /tmp/woop-count53/banc/Woop/Views/ExercisePhoto.swift (in target 'Woop' from project 'Woop')
    cd /tmp/woop-count53/banc
    

SwiftCompile normal arm64 /tmp/woop-count53/banc/Woop/Views/ExerciseSetupCard.swift (in target 'Woop' from project 'Woop')
    cd /tmp/woop-count53/banc
    

SwiftCompile normal arm64 /tmp/woop-count53/banc/Woop/Views/ExercisesView.swift (in target 'Woop' from project 'Woop')
    cd /tmp/woop-count53/banc
    
/tmp/woop-count53/banc/Woop/Views/ExercisesView.swift:2117:49: warning: call to main actor-isolated static method 'voileBas' in a synchronous nonisolated context
                    let bas = min(1, GrilleExos.voileBas(vh - f.maxY - 60) * 1.5)
                                                ^
/tmp/woop-count53/banc/Woop/Views/ExercisesView.swift:1881:17: note: calls to static method 'voileBas' from outside of its actor context are implicitly asynchronous
    static func voileBas(_ d: CGFloat) -> Double {
                ^
/tmp/woop-count53/banc/Woop/Views/ExercisesView.swift:1881:17: note: main actor isolation inferred from conformance to protocol 'View'
    static func voileBas(_ d: CGFloat) -> Double {
                ^
/tmp/woop-count53/banc/Woop/Views/ExercisesView.swift:2118:43: warning: call to main actor-isolated static method 'voileHaut' in a synchronous nonisolated context
                    let haut = GrilleExos.voileHaut(reserve - f.minY)
                                          ^
/tmp/woop-count53/banc/Woop/Views/ExercisesView.swift:1890:17: note: calls to static method 'voileHaut' from outside of its actor context are implicitly asynchronous
    static func voileHaut(_ d: CGFloat) -> Double {
                ^
/tmp/woop-count53/banc/Woop/Views/ExercisesView.swift:1890:17: note: main actor isolation inferred from conformance to protocol 'View'
    static func voileHaut(_ d: CGFloat) -> Double {
                ^
/tmp/woop-count53/banc/Woop/Views/ExercisesView.swift:2206:42: warning: call to main actor-isolated static method 'voileBas' in a synchronous nonisolated context
                    let bas = GrilleExos.voileBas(vh - f.maxY)
                                         ^
/tmp/woop-count53/banc/Woop/Views/ExercisesView.swift:1881:17: note: calls to static method 'voileBas' from outside of its actor context are implicitly asynchronous
    static func voileBas(_ d: CGFloat) -> Double {
                ^
/tmp/woop-count53/banc/Woop/Views/ExercisesView.swift:1881:17: note: main actor isolation inferred from conformance to protocol 'View'
    static func voileBas(_ d: CGFloat) -> Double {
                ^
/tmp/woop-count53/banc/Woop/Views/ExercisesView.swift:2207:43: warning: call to main actor-isolated static method 'voileHaut' in a synchronous nonisolated context
                    let haut = GrilleExos.voileHaut(reserve - f.minY)
                                          ^
/tmp/woop-count53/banc/Woop/Views/ExercisesView.swift:1890:17: note: calls to static method 'voileHaut' from outside of its actor context are implicitly asynchronous
    static func voileHaut(_ d: CGFloat) -> Double {
                ^
/tmp/woop-count53/banc/Woop/Views/ExercisesView.swift:1890:17: note: main actor isolation inferred from conformance to protocol 'View'
    static func voileHaut(_ d: CGFloat) -> Double {
                ^

SwiftCompile normal arm64 /tmp/woop-count53/banc/Woop/Views/ExosFond.swift (in target 'Woop' from project 'Woop')
    cd /tmp/woop-count53/banc
    

SwiftCompile normal arm64 /tmp/woop-count53/banc/Woop/Views/FilmDepartSeance.swift (in target 'Woop' from project 'Woop')
    cd /tmp/woop-count53/banc
    

SwiftCompile normal arm64 /tmp/woop-count53/banc/Woop/Views/FlameLab.swift (in target 'Woop' from project 'Woop')
    cd /tmp/woop-count53/banc
    

SwiftCompile normal arm64 /tmp/woop-count53/banc/Woop/Views/FlammeJauge.swift (in target 'Woop' from project 'Woop')
    cd /tmp/woop-count53/banc
    

SwiftCompile normal arm64 /tmp/woop-count53/banc/Woop/Views/FlammeJaugeLab.swift (in target 'Woop' from project 'Woop')
    cd /tmp/woop-count53/banc
    

SwiftCompile normal arm64 /tmp/woop-count53/banc/Woop/Views/FondVideoMetal.swift (in target 'Woop' from project 'Woop')
    cd /tmp/woop-count53/banc
    

SwiftCompile normal arm64 /tmp/woop-count53/banc/Woop/Views/Foyer.swift (in target 'Woop' from project 'Woop')
    cd /tmp/woop-count53/banc
    

SwiftCompile normal arm64 /tmp/woop-count53/banc/Woop/Views/FumeeInviteMetal.swift (in target 'Woop' from project 'Woop')
    cd /tmp/woop-count53/banc
    

SwiftCompile normal arm64 /tmp/woop-count53/banc/Woop/Views/GaletEtape.swift (in target 'Woop' from project 'Woop')
    cd /tmp/woop-count53/banc
    
/tmp/woop-count53/banc/Woop/Views/GaletEtape.swift:88:13: warning: initialization of immutable value 's' was never used; consider replacing with assignment to '_' or removing it
        let s = graine
        ~~~~^
        _

SwiftCompile normal arm64 /tmp/woop-count53/banc/Woop/Views/GaletLab.swift (in target 'Woop' from project 'Woop')
    cd /tmp/woop-count53/banc
    

SwiftCompile normal arm64 /tmp/woop-count53/banc/Woop/Views/GaletSlide.swift (in target 'Woop' from project 'Woop')
    cd /tmp/woop-count53/banc
    

SwiftCompile normal arm64 /tmp/woop-count53/banc/Woop/Views/HaloDawnLab.swift (in target 'Woop' from project 'Woop')
    cd /tmp/woop-count53/banc
    

SwiftCompile normal arm64 /tmp/woop-count53/banc/Woop/Views/HarmonieLab.swift (in target 'Woop' from project 'Woop')
    cd /tmp/woop-count53/banc
    

SwiftCompile normal arm64 /tmp/woop-count53/banc/Woop/Views/HomeAuroraView.swift (in target 'Woop' from project 'Woop')
    cd /tmp/woop-count53/banc
    

SwiftCompile normal arm64 /tmp/woop-count53/banc/Woop/Views/HomeNuit.swift (in target 'Woop' from project 'Woop')
    cd /tmp/woop-count53/banc
    
/tmp/woop-count53/banc/Woop/Views/HomeNuit.swift:3387:13: warning: initialization of immutable value 'flou' was never used; consider replacing with assignment to '_' or removing it
        let flou = DepartCine.sstep(DepartCine.flouAt,
        ~~~~^~~~
        _
/tmp/woop-count53/banc/Woop/Views/HomeNuit.swift:3389:13: warning: initialization of immutable value 'mort' was never used; consider replacing with assignment to '_' or removing it
        let mort = DepartCine.sstep(DepartCine.fadeAt,
        ~~~~^~~~
        _

SwiftCompile normal arm64 /tmp/woop-count53/banc/Woop/Views/HomeView.swift (in target 'Woop' from project 'Woop')
    cd /tmp/woop-count53/banc
    

SwiftDriverJobDiscovery normal arm64 Emitting module for Woop (in target 'Woop' from project 'Woop')

SwiftDriver\ Compilation\ Requirements Woop normal arm64 com.apple.xcode.tools.swift.compiler (in target 'Woop' from project 'Woop')
    cd /tmp/woop-count53/banc
    builtin-Swift-Compilation-Requirements -- /Applications/Xcode.app/Contents/Developer/Toolchains/XcodeDefault.xctoolchain/usr/bin/swiftc -module-name Woop -Onone @/tmp/woop-count53/sim-dd/Build/Intermediates.noindex/Woop.build/Debug-iphonesimulator/Woop.build/Objects-normal/arm64/Woop.SwiftFileList -DDEBUG -enable-bare-slash-regex -enable-experimental-feature DebugDescriptionMacro -sdk /Applications/Xcode.app/Contents/Developer/Platforms/iPhoneSimulator.platform/Developer/SDKs/iPhoneSimulator26.5.sdk -target arm64-apple-ios26.0-simulator -g -module-cache-path /tmp/woop-count53/sim-dd/ModuleCache.noindex -Xfrontend -serialize-debugging-options -enable-testing -index-store-path /tmp/woop-count53/sim-dd/Index.noindex/DataStore -Xcc -D_LIBCPP_HARDENING_MODE\=_LIBCPP_HARDENING_MODE_DEBUG -swift-version 5 -I /tmp/woop-count53/sim-dd/Build/Products/Debug-iphonesimulator -F /tmp/woop-count53/sim-dd/Build/Products/Debug-iphonesimulator -emit-localized-strings -emit-localized-strings-path /tmp/woop-count53/sim-dd/Build/Intermediates.noindex/Woop.build/Debug-iphonesimulator/Woop.build/Objects-normal/arm64 -c -j10 -enable-batch-mode -incremental -Xcc -ivfsstatcache -Xcc /tmp/woop-count53/sim-dd/SDKStatCaches.noindex/iphonesimulator26.5-23F73-688ef53f1462e2c8f657fdc38a81448f6cfe768891a92b912361537c460fe42b.sdkstatcache -output-file-map /tmp/woop-count53/sim-dd/Build/Intermediates.noindex/Woop.build/Debug-iphonesimulator/Woop.build/Objects-normal/arm64/Woop-OutputFileMap.json -use-frontend-parseable-output -save-temps -no-color-diagnostics -explicit-module-build -module-cache-path /tmp/woop-count53/sim-dd/Build/Intermediates.noindex/SwiftExplicitPrecompiledModules -clang-scanner-module-cache-path /tmp/woop-count53/sim-dd/ModuleCache.noindex -sdk-module-cache-path /tmp/woop-count53/sim-dd/ModuleCache.noindex -serialize-diagnostics -emit-dependencies -emit-module -emit-module-path /tmp/woop-count53/sim-dd/Build/Intermediates.noindex/Woop.build/Debug-iphonesimulator/Woop.build/Objects-normal/arm64/Woop.swiftmodule -validate-clang-modules-once -clang-build-session-file /tmp/woop-count53/sim-dd/ModuleCache.noindex/Session.modulevalidation -Xcc -I/tmp/woop-count53/sim-dd/Build/Intermediates.noindex/Woop.build/Debug-iphonesimulator/Woop.build/swift-overrides.hmap -emit-const-values -Xfrontend -const-gather-protocols-file -Xfrontend /tmp/woop-count53/sim-dd/Build/Intermediates.noindex/Woop.build/Debug-iphonesimulator/Woop.build/Objects-normal/arm64/Woop_const_extract_protocols.json -Xcc -iquote -Xcc /tmp/woop-count53/sim-dd/Build/Intermediates.noindex/Woop.build/Debug-iphonesimulator/Woop.build/Woop-generated-files.hmap -Xcc -I/tmp/woop-count53/sim-dd/Build/Intermediates.noindex/Woop.build/Debug-iphonesimulator/Woop.build/Woop-own-target-headers.hmap -Xcc -I/tmp/woop-count53/sim-dd/Build/Intermediates.noindex/Woop.build/Debug-iphonesimulator/Woop.build/Woop-all-target-headers.hmap -Xcc -iquote -Xcc /tmp/woop-count53/sim-dd/Build/Intermediates.noindex/Woop.build/Debug-iphonesimulator/Woop.build/Woop-project-headers.hmap -Xcc -I/tmp/woop-count53/sim-dd/Build/Products/Debug-iphonesimulator/include -Xcc -I/tmp/woop-count53/sim-dd/Build/Intermediates.noindex/Woop.build/Debug-iphonesimulator/Woop.build/DerivedSources-normal/arm64 -Xcc -I/tmp/woop-count53/sim-dd/Build/Intermediates.noindex/Woop.build/Debug-iphonesimulator/Woop.build/DerivedSources/arm64 -Xcc -I/tmp/woop-count53/sim-dd/Build/Intermediates.noindex/Woop.build/Debug-iphonesimulator/Woop.build/DerivedSources -Xcc -DDEBUG\=1 -emit-objc-header -emit-objc-header-path /tmp/woop-count53/sim-dd/Build/Intermediates.noindex/Woop.build/Debug-iphonesimulator/Woop.build/Objects-normal/arm64/Woop-Swift.h -working-directory /tmp/woop-count53/banc -experimental-emit-module-separately -disable-cmo

SwiftDriverJobDiscovery normal arm64 Compiling JewelTabBar.swift, LaunchPebble.swift, LensParticles.swift, LiquidLensLab.swift, LisereCoreAnimation.swift, LisereImages.swift, LisereRespirant.swift, LiveExerciseView.swift, LivingNebulaBackground.swift, LoginLab.swift, LogoLab.swift, LuneDeSang.swift, MenuCouronne.swift, MenuNappe.swift, MoonCoinLab.swift, MoonSplash.swift, NavDiagnostic.swift, NavEncre.swift, NavLab.swift (in target 'Woop' from project 'Woop')

SwiftCompile normal arm64 Compiling\ Langue.swift,\ LuneForge.swift,\ OutboxGains.swift,\ OuvertureSeanceServeur.swift,\ ProfilServeur.swift,\ SacreServeur.swift,\ Supabase.swift,\ SupabaseSync.swift,\ SynthesisService.swift,\ WorkoutActivityController.swift,\ ActiveWorkoutView.swift,\ AppelChapitre.swift,\ AuroraBgLab.swift,\ AuthView.swift,\ BancCoutHome.swift,\ BoosterCard.swift,\ BoosterLab.swift,\ BoosterPack.swift,\ BoosterPopup.swift /tmp/woop-count53/banc/Woop/Services/Langue.swift /tmp/woop-count53/banc/Woop/Services/LuneForge.swift /tmp/woop-count53/banc/Woop/Services/OutboxGains.swift /tmp/woop-count53/banc/Woop/Services/OuvertureSeanceServeur.swift /tmp/woop-count53/banc/Woop/Services/ProfilServeur.swift /tmp/woop-count53/banc/Woop/Services/SacreServeur.swift /tmp/woop-count53/banc/Woop/Services/Supabase.swift /tmp/woop-count53/banc/Woop/Services/SupabaseSync.swift /tmp/woop-count53/banc/Woop/Services/SynthesisService.swift /tmp/woop-count53/banc/Woop/Services/WorkoutActivityController.swift /tmp/woop-count53/banc/Woop/Views/ActiveWorkoutView.swift /tmp/woop-count53/banc/Woop/Views/AppelChapitre.swift /tmp/woop-count53/banc/Woop/Views/AuroraBgLab.swift /tmp/woop-count53/banc/Woop/Views/AuthView.swift /tmp/woop-count53/banc/Woop/Views/BancCoutHome.swift /tmp/woop-count53/banc/Woop/Views/BoosterCard.swift /tmp/woop-count53/banc/Woop/Views/BoosterLab.swift /tmp/woop-count53/banc/Woop/Views/BoosterPack.swift /tmp/woop-count53/banc/Woop/Views/BoosterPopup.swift (in target 'Woop' from project 'Woop')
SwiftCompile normal arm64 /tmp/woop-count53/banc/Woop/Services/Langue.swift (in target 'Woop' from project 'Woop')
    cd /tmp/woop-count53/banc
    

SwiftCompile normal arm64 /tmp/woop-count53/banc/Woop/Services/LuneForge.swift (in target 'Woop' from project 'Woop')
    cd /tmp/woop-count53/banc
    
/tmp/woop-count53/banc/Woop/Services/LuneForge.swift:272:19: warning: value 'cadre' was defined but never used; consider replacing with boolean test
        guard let cadre = UIImage(named: "carte-cadre")
              ~~~~^~~~~~~~
              (

SwiftCompile normal arm64 /tmp/woop-count53/banc/Woop/Services/OutboxGains.swift (in target 'Woop' from project 'Woop')
    cd /tmp/woop-count53/banc
    

SwiftCompile normal arm64 /tmp/woop-count53/banc/Woop/Services/OuvertureSeanceServeur.swift (in target 'Woop' from project 'Woop')
    cd /tmp/woop-count53/banc
    

SwiftCompile normal arm64 /tmp/woop-count53/banc/Woop/Services/ProfilServeur.swift (in target 'Woop' from project 'Woop')
    cd /tmp/woop-count53/banc
    

SwiftCompile normal arm64 /tmp/woop-count53/banc/Woop/Services/SacreServeur.swift (in target 'Woop' from project 'Woop')
    cd /tmp/woop-count53/banc
    

SwiftCompile normal arm64 /tmp/woop-count53/banc/Woop/Services/Supabase.swift (in target 'Woop' from project 'Woop')
    cd /tmp/woop-count53/banc
    

SwiftCompile normal arm64 /tmp/woop-count53/banc/Woop/Services/SupabaseSync.swift (in target 'Woop' from project 'Woop')
    cd /tmp/woop-count53/banc
    

SwiftCompile normal arm64 /tmp/woop-count53/banc/Woop/Services/SynthesisService.swift (in target 'Woop' from project 'Woop')
    cd /tmp/woop-count53/banc
    

SwiftCompile normal arm64 /tmp/woop-count53/banc/Woop/Services/WorkoutActivityController.swift (in target 'Woop' from project 'Woop')
    cd /tmp/woop-count53/banc
    

SwiftCompile normal arm64 /tmp/woop-count53/banc/Woop/Views/ActiveWorkoutView.swift (in target 'Woop' from project 'Woop')
    cd /tmp/woop-count53/banc
    

SwiftCompile normal arm64 /tmp/woop-count53/banc/Woop/Views/AppelChapitre.swift (in target 'Woop' from project 'Woop')
    cd /tmp/woop-count53/banc
    

SwiftCompile normal arm64 /tmp/woop-count53/banc/Woop/Views/AuroraBgLab.swift (in target 'Woop' from project 'Woop')
    cd /tmp/woop-count53/banc
    

SwiftCompile normal arm64 /tmp/woop-count53/banc/Woop/Views/AuthView.swift (in target 'Woop' from project 'Woop')
    cd /tmp/woop-count53/banc
    

SwiftCompile normal arm64 /tmp/woop-count53/banc/Woop/Views/BancCoutHome.swift (in target 'Woop' from project 'Woop')
    cd /tmp/woop-count53/banc
    

SwiftCompile normal arm64 /tmp/woop-count53/banc/Woop/Views/BoosterCard.swift (in target 'Woop' from project 'Woop')
    cd /tmp/woop-count53/banc
    

SwiftCompile normal arm64 /tmp/woop-count53/banc/Woop/Views/BoosterLab.swift (in target 'Woop' from project 'Woop')
    cd /tmp/woop-count53/banc
    

SwiftCompile normal arm64 /tmp/woop-count53/banc/Woop/Views/BoosterPack.swift (in target 'Woop' from project 'Woop')
    cd /tmp/woop-count53/banc
    

SwiftCompile normal arm64 /tmp/woop-count53/banc/Woop/Views/BoosterPopup.swift (in target 'Woop' from project 'Woop')
    cd /tmp/woop-count53/banc
    

SwiftMergeGeneratedHeaders /tmp/woop-count53/sim-dd/Build/Intermediates.noindex/Woop.build/Debug-iphonesimulator/Woop.build/DerivedSources/Woop-Swift.h /tmp/woop-count53/sim-dd/Build/Intermediates.noindex/Woop.build/Debug-iphonesimulator/Woop.build/Objects-normal/arm64/Woop-Swift.h (in target 'Woop' from project 'Woop')
    cd /tmp/woop-count53/banc
    builtin-swiftHeaderTool -arch arm64 /tmp/woop-count53/sim-dd/Build/Intermediates.noindex/Woop.build/Debug-iphonesimulator/Woop.build/Objects-normal/arm64/Woop-Swift.h -o /tmp/woop-count53/sim-dd/Build/Intermediates.noindex/Woop.build/Debug-iphonesimulator/Woop.build/DerivedSources/Woop-Swift.h

SwiftDriverJobDiscovery normal arm64 Compiling ExercisePhoto.swift, ExerciseSetupCard.swift, ExercisesView.swift, ExosFond.swift, FilmDepartSeance.swift, FlameLab.swift, FlammeJauge.swift, FlammeJaugeLab.swift, FondVideoMetal.swift, Foyer.swift, FumeeInviteMetal.swift, GaletEtape.swift, GaletLab.swift, GaletSlide.swift, HaloDawnLab.swift, HarmonieLab.swift, HomeAuroraView.swift, HomeNuit.swift, HomeView.swift (in target 'Woop' from project 'Woop')

Copy /tmp/woop-count53/sim-dd/Build/Products/Debug-iphonesimulator/Woop.swiftmodule/arm64-apple-ios-simulator.swiftmodule /tmp/woop-count53/sim-dd/Build/Intermediates.noindex/Woop.build/Debug-iphonesimulator/Woop.build/Objects-normal/arm64/Woop.swiftmodule (in target 'Woop' from project 'Woop')
    cd /tmp/woop-count53/banc
    builtin-copy -exclude .DS_Store -exclude CVS -exclude .svn -exclude .git -exclude .hg -resolve-src-symlinks -rename /tmp/woop-count53/sim-dd/Build/Intermediates.noindex/Woop.build/Debug-iphonesimulator/Woop.build/Objects-normal/arm64/Woop.swiftmodule /tmp/woop-count53/sim-dd/Build/Products/Debug-iphonesimulator/Woop.swiftmodule/arm64-apple-ios-simulator.swiftmodule

Copy /tmp/woop-count53/sim-dd/Build/Products/Debug-iphonesimulator/Woop.swiftmodule/arm64-apple-ios-simulator.swiftdoc /tmp/woop-count53/sim-dd/Build/Intermediates.noindex/Woop.build/Debug-iphonesimulator/Woop.build/Objects-normal/arm64/Woop.swiftdoc (in target 'Woop' from project 'Woop')
    cd /tmp/woop-count53/banc
    builtin-copy -exclude .DS_Store -exclude CVS -exclude .svn -exclude .git -exclude .hg -resolve-src-symlinks -rename /tmp/woop-count53/sim-dd/Build/Intermediates.noindex/Woop.build/Debug-iphonesimulator/Woop.build/Objects-normal/arm64/Woop.swiftdoc /tmp/woop-count53/sim-dd/Build/Products/Debug-iphonesimulator/Woop.swiftmodule/arm64-apple-ios-simulator.swiftdoc

Copy /tmp/woop-count53/sim-dd/Build/Products/Debug-iphonesimulator/Woop.swiftmodule/arm64-apple-ios-simulator.abi.json /tmp/woop-count53/sim-dd/Build/Intermediates.noindex/Woop.build/Debug-iphonesimulator/Woop.build/Objects-normal/arm64/Woop.abi.json (in target 'Woop' from project 'Woop')
    cd /tmp/woop-count53/banc
    builtin-copy -exclude .DS_Store -exclude CVS -exclude .svn -exclude .git -exclude .hg -resolve-src-symlinks -rename /tmp/woop-count53/sim-dd/Build/Intermediates.noindex/Woop.build/Debug-iphonesimulator/Woop.build/Objects-normal/arm64/Woop.abi.json /tmp/woop-count53/sim-dd/Build/Products/Debug-iphonesimulator/Woop.swiftmodule/arm64-apple-ios-simulator.abi.json

Copy /tmp/woop-count53/sim-dd/Build/Products/Debug-iphonesimulator/Woop.swiftmodule/Project/arm64-apple-ios-simulator.swiftsourceinfo /tmp/woop-count53/sim-dd/Build/Intermediates.noindex/Woop.build/Debug-iphonesimulator/Woop.build/Objects-normal/arm64/Woop.swiftsourceinfo (in target 'Woop' from project 'Woop')
    cd /tmp/woop-count53/banc
    builtin-copy -exclude .DS_Store -exclude CVS -exclude .svn -exclude .git -exclude .hg -resolve-src-symlinks -rename /tmp/woop-count53/sim-dd/Build/Intermediates.noindex/Woop.build/Debug-iphonesimulator/Woop.build/Objects-normal/arm64/Woop.swiftsourceinfo /tmp/woop-count53/sim-dd/Build/Products/Debug-iphonesimulator/Woop.swiftmodule/Project/arm64-apple-ios-simulator.swiftsourceinfo

SwiftCompile normal arm64 Compiling\ BordSeance.swift,\ BoutonPrimaire.swift,\ BravoLab.swift,\ CalendarView.swift,\ CalLab.swift,\ CardioFiche.swift,\ CardRoute.swift,\ CarnetLab.swift,\ CarnetScene.swift,\ CarteLuneLab.swift,\ ChambreDonnees.swift,\ ChambreHiit.swift,\ ChambreLongue.swift,\ ChambrePeak.swift,\ ChambreRegularite.swift,\ ChambreVolume.swift,\ ChargeFiche.swift,\ ChevronAppelNatif.swift,\ ChipVerre.swift /tmp/woop-count53/banc/Woop/Views/BordSeance.swift /tmp/woop-count53/banc/Woop/Views/BoutonPrimaire.swift /tmp/woop-count53/banc/Woop/Views/BravoLab.swift /tmp/woop-count53/banc/Woop/Views/CalendarView.swift /tmp/woop-count53/banc/Woop/Views/CalLab.swift /tmp/woop-count53/banc/Woop/Views/CardioFiche.swift /tmp/woop-count53/banc/Woop/Views/CardRoute.swift /tmp/woop-count53/banc/Woop/Views/CarnetLab.swift /tmp/woop-count53/banc/Woop/Views/CarnetScene.swift /tmp/woop-count53/banc/Woop/Views/CarteLuneLab.swift /tmp/woop-count53/banc/Woop/Views/ChambreDonnees.swift /tmp/woop-count53/banc/Woop/Views/ChambreHiit.swift /tmp/woop-count53/banc/Woop/Views/ChambreLongue.swift /tmp/woop-count53/banc/Woop/Views/ChambrePeak.swift /tmp/woop-count53/banc/Woop/Views/ChambreRegularite.swift /tmp/woop-count53/banc/Woop/Views/ChambreVolume.swift /tmp/woop-count53/banc/Woop/Views/ChargeFiche.swift /tmp/woop-count53/banc/Woop/Views/ChevronAppelNatif.swift /tmp/woop-count53/banc/Woop/Views/ChipVerre.swift (in target 'Woop' from project 'Woop')
SwiftCompile normal arm64 /tmp/woop-count53/banc/Woop/Views/BordSeance.swift (in target 'Woop' from project 'Woop')
    cd /tmp/woop-count53/banc
    

SwiftCompile normal arm64 /tmp/woop-count53/banc/Woop/Views/BoutonPrimaire.swift (in target 'Woop' from project 'Woop')
    cd /tmp/woop-count53/banc
    

SwiftCompile normal arm64 /tmp/woop-count53/banc/Woop/Views/BravoLab.swift (in target 'Woop' from project 'Woop')
    cd /tmp/woop-count53/banc
    
/tmp/woop-count53/banc/Woop/Views/BravoLab.swift:332:21: warning: initialization of immutable value 'bornU' was never used; consider replacing with assignment to '_' or removing it
                let bornU = BravoCine.sstep(BravoCine.contentAt,
                ~~~~^~~~~
                _

SwiftCompile normal arm64 /tmp/woop-count53/banc/Woop/Views/CalendarView.swift (in target 'Woop' from project 'Woop')
    cd /tmp/woop-count53/banc
    

SwiftCompile normal arm64 /tmp/woop-count53/banc/Woop/Views/CalLab.swift (in target 'Woop' from project 'Woop')
    cd /tmp/woop-count53/banc
    

SwiftCompile normal arm64 /tmp/woop-count53/banc/Woop/Views/CardioFiche.swift (in target 'Woop' from project 'Woop')
    cd /tmp/woop-count53/banc
    

SwiftCompile normal arm64 /tmp/woop-count53/banc/Woop/Views/CardRoute.swift (in target 'Woop' from project 'Woop')
    cd /tmp/woop-count53/banc
    

SwiftCompile normal arm64 /tmp/woop-count53/banc/Woop/Views/CarnetLab.swift (in target 'Woop' from project 'Woop')
    cd /tmp/woop-count53/banc
    

SwiftCompile normal arm64 /tmp/woop-count53/banc/Woop/Views/CarnetScene.swift (in target 'Woop' from project 'Woop')
    cd /tmp/woop-count53/banc
    

SwiftCompile normal arm64 /tmp/woop-count53/banc/Woop/Views/CarteLuneLab.swift (in target 'Woop' from project 'Woop')
    cd /tmp/woop-count53/banc
    
/tmp/woop-count53/banc/Woop/Views/CarteLuneLab.swift:577:52: warning: 'main' was deprecated in iOS 26.0: Use a UIScreen instance found through context instead (i.e, view.window.windowScene.screen), or for properties like UIScreen.scale with trait equivalents, use a traitCollection found through context.
                            .frame(width: UIScreen.main.bounds.width * 2.4,
                                                   ^
/tmp/woop-count53/banc/Woop/Views/CarteLuneLab.swift:578:53: warning: 'main' was deprecated in iOS 26.0: Use a UIScreen instance found through context instead (i.e, view.window.windowScene.screen), or for properties like UIScreen.scale with trait equivalents, use a traitCollection found through context.
                                   height: UIScreen.main.bounds.height * 2.4)
                                                    ^

SwiftCompile normal arm64 /tmp/woop-count53/banc/Woop/Views/ChambreDonnees.swift (in target 'Woop' from project 'Woop')
    cd /tmp/woop-count53/banc
    
/tmp/woop-count53/banc/Woop/Views/ChambreDonnees.swift:313:31: warning: 'flatMap' is deprecated: Please use compactMap(_:) for the case where closure returns an optional value
            let pic = seances.flatMap { picHiit($0) }.max()
                              ^
/tmp/woop-count53/banc/Woop/Views/ChambreDonnees.swift:313:31: note: use 'compactMap(_:)' instead
            let pic = seances.flatMap { picHiit($0) }.max()
                              ^~~~~~~
                              compactMap

SwiftCompile normal arm64 /tmp/woop-count53/banc/Woop/Views/ChambreHiit.swift (in target 'Woop' from project 'Woop')
    cd /tmp/woop-count53/banc
    

SwiftCompile normal arm64 /tmp/woop-count53/banc/Woop/Views/ChambreLongue.swift (in target 'Woop' from project 'Woop')
    cd /tmp/woop-count53/banc
    

SwiftCompile normal arm64 /tmp/woop-count53/banc/Woop/Views/ChambrePeak.swift (in target 'Woop' from project 'Woop')
    cd /tmp/woop-count53/banc
    

SwiftCompile normal arm64 /tmp/woop-count53/banc/Woop/Views/ChambreRegularite.swift (in target 'Woop' from project 'Woop')
    cd /tmp/woop-count53/banc
    

SwiftCompile normal arm64 /tmp/woop-count53/banc/Woop/Views/ChambreVolume.swift (in target 'Woop' from project 'Woop')
    cd /tmp/woop-count53/banc
    

SwiftCompile normal arm64 /tmp/woop-count53/banc/Woop/Views/ChargeFiche.swift (in target 'Woop' from project 'Woop')
    cd /tmp/woop-count53/banc
    

SwiftCompile normal arm64 /tmp/woop-count53/banc/Woop/Views/ChevronAppelNatif.swift (in target 'Woop' from project 'Woop')
    cd /tmp/woop-count53/banc
    

SwiftCompile normal arm64 /tmp/woop-count53/banc/Woop/Views/ChipVerre.swift (in target 'Woop' from project 'Woop')
    cd /tmp/woop-count53/banc
    

SwiftDriverJobDiscovery normal arm64 Compiling Langue.swift, LuneForge.swift, OutboxGains.swift, OuvertureSeanceServeur.swift, ProfilServeur.swift, SacreServeur.swift, Supabase.swift, SupabaseSync.swift, SynthesisService.swift, WorkoutActivityController.swift, ActiveWorkoutView.swift, AppelChapitre.swift, AuroraBgLab.swift, AuthView.swift, BancCoutHome.swift, BoosterCard.swift, BoosterLab.swift, BoosterPack.swift, BoosterPopup.swift (in target 'Woop' from project 'Woop')

LinkAssetCatalog /tmp/woop-count53/banc/Woop/AppIcon.icon /tmp/woop-count53/banc/Woop/Assets.xcassets (in target 'Woop' from project 'Woop')
    cd /tmp/woop-count53/banc
    builtin-linkAssetCatalog --thinned /tmp/woop-count53/sim-dd/Build/Intermediates.noindex/Woop.build/Debug-iphonesimulator/Woop.build/assetcatalog_output/thinned --thinned-dependencies /tmp/woop-count53/sim-dd/Build/Intermediates.noindex/Woop.build/Debug-iphonesimulator/Woop.build/assetcatalog_dependencies_thinned --thinned-info-plist-content /tmp/woop-count53/sim-dd/Build/Intermediates.noindex/Woop.build/Debug-iphonesimulator/Woop.build/assetcatalog_generated_info.plist_thinned --unthinned /tmp/woop-count53/sim-dd/Build/Intermediates.noindex/Woop.build/Debug-iphonesimulator/Woop.build/assetcatalog_output/unthinned --unthinned-dependencies /tmp/woop-count53/sim-dd/Build/Intermediates.noindex/Woop.build/Debug-iphonesimulator/Woop.build/assetcatalog_dependencies_unthinned --unthinned-info-plist-content /tmp/woop-count53/sim-dd/Build/Intermediates.noindex/Woop.build/Debug-iphonesimulator/Woop.build/assetcatalog_generated_info.plist_unthinned --output /tmp/woop-count53/sim-dd/Build/Products/Debug-iphonesimulator/Woop.app --plist-output /tmp/woop-count53/sim-dd/Build/Intermediates.noindex/Woop.build/Debug-iphonesimulator/Woop.build/assetcatalog_generated_info.plist
note: Emplaced /tmp/woop-count53/sim-dd/Build/Products/Debug-iphonesimulator/Woop.app/AppIcon76x76@2x~ipad.png (in target 'Woop' from project 'Woop')
note: Emplaced /tmp/woop-count53/sim-dd/Build/Products/Debug-iphonesimulator/Woop.app/AppIcon60x60@2x.png (in target 'Woop' from project 'Woop')
note: Emplaced /tmp/woop-count53/sim-dd/Build/Products/Debug-iphonesimulator/Woop.app/Assets.car (in target 'Woop' from project 'Woop')

SwiftCompile normal arm64 Compiling\ SliderObsidienne.swift,\ SondeCadence.swift,\ SondeVol.swift,\ StopCard.swift,\ StopLab.swift,\ ImpGlyph.swift,\ MoonGlyph.swift,\ ProgressComet.swift,\ WorkoutActivity.swift,\ StopSessionSheet.swift,\ StoryEnded.swift,\ StoryFlow.swift,\ StorySuite.swift,\ StoryVideo.swift,\ SuccessLab.swift,\ SwapCardSurface.swift,\ SwapEmptyCard.swift,\ SynthesisCard.swift,\ TapisLab.swift /tmp/woop-count53/banc/Woop/Views/SliderObsidienne.swift /tmp/woop-count53/banc/Woop/Views/SondeCadence.swift /tmp/woop-count53/banc/Woop/Views/SondeVol.swift /tmp/woop-count53/banc/Woop/Views/StopCard.swift /tmp/woop-count53/banc/Woop/Views/StopLab.swift /tmp/woop-count53/banc/WoopShared/ImpGlyph.swift /tmp/woop-count53/banc/WoopShared/MoonGlyph.swift /tmp/woop-count53/banc/WoopShared/ProgressComet.swift /tmp/woop-count53/banc/WoopShared/WorkoutActivity.swift /tmp/woop-count53/banc/Woop/Views/StopSessionSheet.swift /tmp/woop-count53/banc/Woop/Views/StoryEnded.swift /tmp/woop-count53/banc/Woop/Views/StoryFlow.swift /tmp/woop-count53/banc/Woop/Views/StorySuite.swift /tmp/woop-count53/banc/Woop/Views/StoryVideo.swift /tmp/woop-count53/banc/Woop/Views/SuccessLab.swift /tmp/woop-count53/banc/Woop/Views/SwapCardSurface.swift /tmp/woop-count53/banc/Woop/Views/SwapEmptyCard.swift /tmp/woop-count53/banc/Woop/Views/SynthesisCard.swift /tmp/woop-count53/banc/Woop/Views/TapisLab.swift (in target 'Woop' from project 'Woop')
SwiftCompile normal arm64 /tmp/woop-count53/banc/Woop/Views/SliderObsidienne.swift (in target 'Woop' from project 'Woop')
    cd /tmp/woop-count53/banc
    

SwiftCompile normal arm64 /tmp/woop-count53/banc/Woop/Views/SondeCadence.swift (in target 'Woop' from project 'Woop')
    cd /tmp/woop-count53/banc
    

SwiftCompile normal arm64 /tmp/woop-count53/banc/Woop/Views/SondeVol.swift (in target 'Woop' from project 'Woop')
    cd /tmp/woop-count53/banc
    

SwiftCompile normal arm64 /tmp/woop-count53/banc/Woop/Views/StopCard.swift (in target 'Woop' from project 'Woop')
    cd /tmp/woop-count53/banc
    

SwiftCompile normal arm64 /tmp/woop-count53/banc/Woop/Views/StopLab.swift (in target 'Woop' from project 'Woop')
    cd /tmp/woop-count53/banc
    

SwiftCompile normal arm64 /tmp/woop-count53/banc/WoopShared/ImpGlyph.swift (in target 'Woop' from project 'Woop')
    cd /tmp/woop-count53/banc
    

SwiftCompile normal arm64 /tmp/woop-count53/banc/WoopShared/MoonGlyph.swift (in target 'Woop' from project 'Woop')
    cd /tmp/woop-count53/banc
    

SwiftCompile normal arm64 /tmp/woop-count53/banc/WoopShared/ProgressComet.swift (in target 'Woop' from project 'Woop')
    cd /tmp/woop-count53/banc
    

SwiftCompile normal arm64 /tmp/woop-count53/banc/WoopShared/WorkoutActivity.swift (in target 'Woop' from project 'Woop')
    cd /tmp/woop-count53/banc
    

SwiftCompile normal arm64 /tmp/woop-count53/banc/Woop/Views/StopSessionSheet.swift (in target 'Woop' from project 'Woop')
    cd /tmp/woop-count53/banc
    

SwiftCompile normal arm64 /tmp/woop-count53/banc/Woop/Views/StoryEnded.swift (in target 'Woop' from project 'Woop')
    cd /tmp/woop-count53/banc
    

SwiftCompile normal arm64 /tmp/woop-count53/banc/Woop/Views/StoryFlow.swift (in target 'Woop' from project 'Woop')
    cd /tmp/woop-count53/banc
    

SwiftCompile normal arm64 /tmp/woop-count53/banc/Woop/Views/StorySuite.swift (in target 'Woop' from project 'Woop')
    cd /tmp/woop-count53/banc
    
/tmp/woop-count53/banc/Woop/Views/StorySuite.swift:834:25: warning: '+' was deprecated in iOS 26.0: Use string interpolation on `Text` instead: `Text("Hello \(name)")`
                    acc + Text(m.0)
                        ^

SwiftCompile normal arm64 /tmp/woop-count53/banc/Woop/Views/StoryVideo.swift (in target 'Woop' from project 'Woop')
    cd /tmp/woop-count53/banc
    

SwiftCompile normal arm64 /tmp/woop-count53/banc/Woop/Views/SuccessLab.swift (in target 'Woop' from project 'Woop')
    cd /tmp/woop-count53/banc
    

SwiftCompile normal arm64 /tmp/woop-count53/banc/Woop/Views/SwapCardSurface.swift (in target 'Woop' from project 'Woop')
    cd /tmp/woop-count53/banc
    

SwiftCompile normal arm64 /tmp/woop-count53/banc/Woop/Views/SwapEmptyCard.swift (in target 'Woop' from project 'Woop')
    cd /tmp/woop-count53/banc
    

SwiftCompile normal arm64 /tmp/woop-count53/banc/Woop/Views/SynthesisCard.swift (in target 'Woop' from project 'Woop')
    cd /tmp/woop-count53/banc
    

SwiftCompile normal arm64 /tmp/woop-count53/banc/Woop/Views/TapisLab.swift (in target 'Woop' from project 'Woop')
    cd /tmp/woop-count53/banc
    

SwiftCompile normal arm64 Compiling\ PorteApple.swift,\ PorteEntree.swift,\ PremiereArrivee.swift,\ ProfilLune.swift,\ ProgressionView.swift,\ ProgressPage.swift,\ RecentWorkoutCard.swift,\ RestartSheet.swift,\ RewardCard.swift,\ RewardChemin.swift,\ RewardCheminCard.swift,\ RewardCheminVariants.swift,\ RewardLab.swift,\ RythmeEcran.swift,\ SacreAccueil.swift,\ SessionSlate.swift,\ SetEntrySheet.swift,\ SetHistoryRow.swift,\ SliderLab.swift /tmp/woop-count53/banc/Woop/Views/PorteApple.swift /tmp/woop-count53/banc/Woop/Views/PorteEntree.swift /tmp/woop-count53/banc/Woop/Views/PremiereArrivee.swift /tmp/woop-count53/banc/Woop/Views/ProfilLune.swift /tmp/woop-count53/banc/Woop/Views/ProgressionView.swift /tmp/woop-count53/banc/Woop/Views/ProgressPage.swift /tmp/woop-count53/banc/Woop/Views/RecentWorkoutCard.swift /tmp/woop-count53/banc/Woop/Views/RestartSheet.swift /tmp/woop-count53/banc/Woop/Views/RewardCard.swift /tmp/woop-count53/banc/Woop/Views/RewardChemin.swift /tmp/woop-count53/banc/Woop/Views/RewardCheminCard.swift /tmp/woop-count53/banc/Woop/Views/RewardCheminVariants.swift /tmp/woop-count53/banc/Woop/Views/RewardLab.swift /tmp/woop-count53/banc/Woop/Views/RythmeEcran.swift /tmp/woop-count53/banc/Woop/Views/SacreAccueil.swift /tmp/woop-count53/banc/Woop/Views/SessionSlate.swift /tmp/woop-count53/banc/Woop/Views/SetEntrySheet.swift /tmp/woop-count53/banc/Woop/Views/SetHistoryRow.swift /tmp/woop-count53/banc/Woop/Views/SliderLab.swift (in target 'Woop' from project 'Woop')
SwiftCompile normal arm64 /tmp/woop-count53/banc/Woop/Views/PorteApple.swift (in target 'Woop' from project 'Woop')
    cd /tmp/woop-count53/banc
    

SwiftCompile normal arm64 /tmp/woop-count53/banc/Woop/Views/PorteEntree.swift (in target 'Woop' from project 'Woop')
    cd /tmp/woop-count53/banc
    

SwiftCompile normal arm64 /tmp/woop-count53/banc/Woop/Views/PremiereArrivee.swift (in target 'Woop' from project 'Woop')
    cd /tmp/woop-count53/banc
    

SwiftCompile normal arm64 /tmp/woop-count53/banc/Woop/Views/ProfilLune.swift (in target 'Woop' from project 'Woop')
    cd /tmp/woop-count53/banc
    

SwiftCompile normal arm64 /tmp/woop-count53/banc/Woop/Views/ProgressionView.swift (in target 'Woop' from project 'Woop')
    cd /tmp/woop-count53/banc
    

SwiftCompile normal arm64 /tmp/woop-count53/banc/Woop/Views/ProgressPage.swift (in target 'Woop' from project 'Woop')
    cd /tmp/woop-count53/banc
    

SwiftCompile normal arm64 /tmp/woop-count53/banc/Woop/Views/RecentWorkoutCard.swift (in target 'Woop' from project 'Woop')
    cd /tmp/woop-count53/banc
    

SwiftCompile normal arm64 /tmp/woop-count53/banc/Woop/Views/RestartSheet.swift (in target 'Woop' from project 'Woop')
    cd /tmp/woop-count53/banc
    

SwiftCompile normal arm64 /tmp/woop-count53/banc/Woop/Views/RewardCard.swift (in target 'Woop' from project 'Woop')
    cd /tmp/woop-count53/banc
    
/tmp/woop-count53/banc/Woop/Views/RewardCard.swift:1542:17: warning: initialization of immutable value 'tilt' was never used; consider replacing with assignment to '_' or removing it
            let tilt = SkyMotion.shared.tilt
            ~~~~^~~~
            _

SwiftCompile normal arm64 /tmp/woop-count53/banc/Woop/Views/RewardChemin.swift (in target 'Woop' from project 'Woop')
    cd /tmp/woop-count53/banc
    

SwiftCompile normal arm64 /tmp/woop-count53/banc/Woop/Views/RewardCheminCard.swift (in target 'Woop' from project 'Woop')
    cd /tmp/woop-count53/banc
    

SwiftCompile normal arm64 /tmp/woop-count53/banc/Woop/Views/RewardCheminVariants.swift (in target 'Woop' from project 'Woop')
    cd /tmp/woop-count53/banc
    

SwiftCompile normal arm64 /tmp/woop-count53/banc/Woop/Views/RewardLab.swift (in target 'Woop' from project 'Woop')
    cd /tmp/woop-count53/banc
    

SwiftCompile normal arm64 /tmp/woop-count53/banc/Woop/Views/RythmeEcran.swift (in target 'Woop' from project 'Woop')
    cd /tmp/woop-count53/banc
    

SwiftCompile normal arm64 /tmp/woop-count53/banc/Woop/Views/SacreAccueil.swift (in target 'Woop' from project 'Woop')
    cd /tmp/woop-count53/banc
    

SwiftCompile normal arm64 /tmp/woop-count53/banc/Woop/Views/SessionSlate.swift (in target 'Woop' from project 'Woop')
    cd /tmp/woop-count53/banc
    

SwiftCompile normal arm64 /tmp/woop-count53/banc/Woop/Views/SetEntrySheet.swift (in target 'Woop' from project 'Woop')
    cd /tmp/woop-count53/banc
    

SwiftCompile normal arm64 /tmp/woop-count53/banc/Woop/Views/SetHistoryRow.swift (in target 'Woop' from project 'Woop')
    cd /tmp/woop-count53/banc
    

SwiftCompile normal arm64 /tmp/woop-count53/banc/Woop/Views/SliderLab.swift (in target 'Woop' from project 'Woop')
    cd /tmp/woop-count53/banc
    

SwiftDriverJobDiscovery normal arm64 Compiling BordSeance.swift, BoutonPrimaire.swift, BravoLab.swift, CalendarView.swift, CalLab.swift, CardioFiche.swift, CardRoute.swift, CarnetLab.swift, CarnetScene.swift, CarteLuneLab.swift, ChambreDonnees.swift, ChambreHiit.swift, ChambreLongue.swift, ChambrePeak.swift, ChambreRegularite.swift, ChambreVolume.swift, ChargeFiche.swift, ChevronAppelNatif.swift, ChipVerre.swift (in target 'Woop' from project 'Woop')

SwiftDriverJobDiscovery normal arm64 Compiling SliderObsidienne.swift, SondeCadence.swift, SondeVol.swift, StopCard.swift, StopLab.swift, ImpGlyph.swift, MoonGlyph.swift, ProgressComet.swift, WorkoutActivity.swift, StopSessionSheet.swift, StoryEnded.swift, StoryFlow.swift, StorySuite.swift, StoryVideo.swift, SuccessLab.swift, SwapCardSurface.swift, SwapEmptyCard.swift, SynthesisCard.swift, TapisLab.swift (in target 'Woop' from project 'Woop')

SwiftCompile normal arm64 Compiling\ CinematicPlayer.swift,\ ClavierBraise.swift,\ CoffreFlipLab.swift,\ CoffreFortCoin.swift,\ CoffreFortPurse.swift,\ CoffreFortView.swift,\ CoffreV2.swift,\ ConnexionButtonLab.swift,\ ConnexionCinematic.swift,\ CorpsNacre.swift,\ CounterLab.swift,\ DemonVideo.swift,\ DepartCine.swift,\ DepartSeance.swift,\ DevilAuraOverlay.swift,\ DuolinguoPage.swift,\ EmberFlameLab.swift,\ ExerciseDetailView.swift,\ ExerciseEditor.swift /tmp/woop-count53/banc/Woop/Views/CinematicPlayer.swift /tmp/woop-count53/banc/Woop/Views/ClavierBraise.swift /tmp/woop-count53/banc/Woop/Views/CoffreFlipLab.swift /tmp/woop-count53/banc/Woop/Views/CoffreFortCoin.swift /tmp/woop-count53/banc/Woop/Views/CoffreFortPurse.swift /tmp/woop-count53/banc/Woop/Views/CoffreFortView.swift /tmp/woop-count53/banc/Woop/Views/CoffreV2.swift /tmp/woop-count53/banc/Woop/Views/ConnexionButtonLab.swift /tmp/woop-count53/banc/Woop/Views/ConnexionCinematic.swift /tmp/woop-count53/banc/Woop/Views/CorpsNacre.swift /tmp/woop-count53/banc/Woop/Views/CounterLab.swift /tmp/woop-count53/banc/Woop/Views/DemonVideo.swift /tmp/woop-count53/banc/Woop/Views/DepartCine.swift /tmp/woop-count53/banc/Woop/Views/DepartSeance.swift /tmp/woop-count53/banc/Woop/Views/DevilAuraOverlay.swift /tmp/woop-count53/banc/Woop/Views/DuolinguoPage.swift /tmp/woop-count53/banc/Woop/Views/EmberFlameLab.swift /tmp/woop-count53/banc/Woop/Views/ExerciseDetailView.swift /tmp/woop-count53/banc/Woop/Views/ExerciseEditor.swift (in target 'Woop' from project 'Woop')

SwiftCompile normal arm64 /tmp/woop-count53/banc/Woop/Views/CinematicPlayer.swift (in target 'Woop' from project 'Woop')
    cd /tmp/woop-count53/banc
    

SwiftCompile normal arm64 /tmp/woop-count53/banc/Woop/Views/ClavierBraise.swift (in target 'Woop' from project 'Woop')
    cd /tmp/woop-count53/banc
    

SwiftCompile normal arm64 /tmp/woop-count53/banc/Woop/Views/CoffreFlipLab.swift (in target 'Woop' from project 'Woop')
    cd /tmp/woop-count53/banc
    
/tmp/woop-count53/banc/Woop/Views/CoffreFlipLab.swift:246:43: warning: 'main' was deprecated in iOS 26.0: Use a UIScreen instance found through context instead (i.e, view.window.windowScene.screen), or for properties like UIScreen.scale with trait equivalents, use a traitCollection found through context.
                    .position(x: UIScreen.main.bounds.width / 2,
                                          ^
/tmp/woop-count53/banc/Woop/Views/CoffreFlipLab.swift:248:45: warning: 'main' was deprecated in iOS 26.0: Use a UIScreen instance found through context instead (i.e, view.window.windowScene.screen), or for properties like UIScreen.scale with trait equivalents, use a traitCollection found through context.
                                 ? UIScreen.main.bounds.height * 0.63
                                            ^
/tmp/woop-count53/banc/Woop/Views/CoffreFlipLab.swift:249:45: warning: 'main' was deprecated in iOS 26.0: Use a UIScreen instance found through context instead (i.e, view.window.windowScene.screen), or for properties like UIScreen.scale with trait equivalents, use a traitCollection found through context.
                                 : UIScreen.main.bounds.height * 0.46)
                                            ^

SwiftCompile normal arm64 /tmp/woop-count53/banc/Woop/Views/CoffreFortCoin.swift (in target 'Woop' from project 'Woop')
    cd /tmp/woop-count53/banc
    

SwiftCompile normal arm64 /tmp/woop-count53/banc/Woop/Views/CoffreFortPurse.swift (in target 'Woop' from project 'Woop')
    cd /tmp/woop-count53/banc
    

SwiftCompile normal arm64 /tmp/woop-count53/banc/Woop/Views/CoffreFortView.swift (in target 'Woop' from project 'Woop')
    cd /tmp/woop-count53/banc
    

SwiftCompile normal arm64 /tmp/woop-count53/banc/Woop/Views/CoffreV2.swift (in target 'Woop' from project 'Woop')
    cd /tmp/woop-count53/banc
    

SwiftCompile normal arm64 /tmp/woop-count53/banc/Woop/Views/ConnexionButtonLab.swift (in target 'Woop' from project 'Woop')
    cd /tmp/woop-count53/banc
    

SwiftCompile normal arm64 /tmp/woop-count53/banc/Woop/Views/ConnexionCinematic.swift (in target 'Woop' from project 'Woop')
    cd /tmp/woop-count53/banc
    

SwiftCompile normal arm64 /tmp/woop-count53/banc/Woop/Views/CorpsNacre.swift (in target 'Woop' from project 'Woop')
    cd /tmp/woop-count53/banc
    

SwiftCompile normal arm64 /tmp/woop-count53/banc/Woop/Views/CounterLab.swift (in target 'Woop' from project 'Woop')
    cd /tmp/woop-count53/banc
    

SwiftCompile normal arm64 /tmp/woop-count53/banc/Woop/Views/DemonVideo.swift (in target 'Woop' from project 'Woop')
    cd /tmp/woop-count53/banc
    

SwiftCompile normal arm64 /tmp/woop-count53/banc/Woop/Views/DepartCine.swift (in target 'Woop' from project 'Woop')
    cd /tmp/woop-count53/banc
    

SwiftCompile normal arm64 /tmp/woop-count53/banc/Woop/Views/DepartSeance.swift (in target 'Woop' from project 'Woop')
    cd /tmp/woop-count53/banc
    

SwiftCompile normal arm64 /tmp/woop-count53/banc/Woop/Views/DevilAuraOverlay.swift (in target 'Woop' from project 'Woop')
    cd /tmp/woop-count53/banc
    

SwiftCompile normal arm64 /tmp/woop-count53/banc/Woop/Views/DuolinguoPage.swift (in target 'Woop' from project 'Woop')
    cd /tmp/woop-count53/banc
    
/tmp/woop-count53/banc/Woop/Views/DuolinguoPage.swift:1432:9: warning: result of call to 'withAnimation' is unused
        withAnimation(.easeInOut(duration: 0.45)) { etat.reclamees.insert(e.id) }
        ^            ~~~~~~~~~~~~~~~~~~~~~~~~~~~~~~~~~~~~~~~~~~~~~~~~~~~~~~~~~~~~
/tmp/woop-count53/banc/Woop/Views/DuolinguoPage.swift:1441:17: warning: result of call to 'withAnimation' is unused
                withAnimation(.easeInOut(duration: 0.30)) { etat.reclamees.remove(e.id) }
                ^            ~~~~~~~~~~~~~~~~~~~~~~~~~~~~~~~~~~~~~~~~~~~~~~~~~~~~~~~~~~~~

SwiftCompile normal arm64 /tmp/woop-count53/banc/Woop/Views/EmberFlameLab.swift (in target 'Woop' from project 'Woop')
    cd /tmp/woop-count53/banc
    

SwiftCompile normal arm64 /tmp/woop-count53/banc/Woop/Views/ExerciseDetailView.swift (in target 'Woop' from project 'Woop')
    cd /tmp/woop-count53/banc
    
/tmp/woop-count53/banc/Woop/Views/ExerciseDetailView.swift:2138:13: warning: initialization of immutable value 'naissance' was never used; consider replacing with assignment to '_' or removing it
        let naissance = Self.sstep(0.45, 0.92, u)
        ~~~~^~~~~~~~~
        _

SwiftCompile normal arm64 /tmp/woop-count53/banc/Woop/Views/ExerciseEditor.swift (in target 'Woop' from project 'Woop')
    cd /tmp/woop-count53/banc
    

SwiftCompile normal arm64 Compiling\ BottleSplash.swift,\ CoinChime.swift,\ DiamondGlints.swift,\ Ink.swift,\ LightDial.swift,\ LuneDust.swift,\ MonolithChime.swift,\ NightBirds.swift,\ RocketHaptics.swift,\ SparkleBurst.swift,\ SplashBackground.swift,\ SplashWisp.swift,\ Annonces.swift,\ AppleAuth.swift,\ ChambreServeur.swift,\ CoachServeur.swift,\ Compte.swift,\ EconomieWoop.swift,\ ForgeServeur.swift,\ HomeTextes.swift /tmp/woop-count53/banc/Woop/Figures/BottleSplash.swift /tmp/woop-count53/banc/Woop/Figures/CoinChime.swift /tmp/woop-count53/banc/Woop/Figures/DiamondGlints.swift /tmp/woop-count53/banc/Woop/Figures/Ink.swift /tmp/woop-count53/banc/Woop/Figures/LightDial.swift /tmp/woop-count53/banc/Woop/Figures/LuneDust.swift /tmp/woop-count53/banc/Woop/Figures/MonolithChime.swift /tmp/woop-count53/banc/Woop/Figures/NightBirds.swift /tmp/woop-count53/banc/Woop/Figures/RocketHaptics.swift /tmp/woop-count53/banc/Woop/Figures/SparkleBurst.swift /tmp/woop-count53/banc/Woop/Figures/SplashBackground.swift /tmp/woop-count53/banc/Woop/Figures/SplashWisp.swift /tmp/woop-count53/banc/Woop/Services/Annonces.swift /tmp/woop-count53/banc/Woop/Services/AppleAuth.swift /tmp/woop-count53/banc/Woop/Services/ChambreServeur.swift /tmp/woop-count53/banc/Woop/Services/CoachServeur.swift /tmp/woop-count53/banc/Woop/Services/Compte.swift /tmp/woop-count53/banc/Woop/Services/EconomieWoop.swift /tmp/woop-count53/banc/Woop/Services/ForgeServeur.swift /tmp/woop-count53/banc/Woop/Services/HomeTextes.swift (in target 'Woop' from project 'Woop')
SwiftCompile normal arm64 /tmp/woop-count53/banc/Woop/Figures/BottleSplash.swift (in target 'Woop' from project 'Woop')
    cd /tmp/woop-count53/banc
    
/tmp/woop-count53/banc/Woop/Services/AppleAuth.swift:302:74: warning: 'init()' was deprecated in iOS 26.0: Use init(windowScene:) instead.
        return fenetres.first(where: \.isKeyWindow) ?? fenetres.first ?? ASPresentationAnchor()
                                                                         ^

SwiftCompile normal arm64 /tmp/woop-count53/banc/Woop/Figures/CoinChime.swift (in target 'Woop' from project 'Woop')
    cd /tmp/woop-count53/banc
    
/tmp/woop-count53/banc/Woop/Services/AppleAuth.swift:302:74: warning: 'init()' was deprecated in iOS 26.0: Use init(windowScene:) instead.
        return fenetres.first(where: \.isKeyWindow) ?? fenetres.first ?? ASPresentationAnchor()
                                                                         ^

SwiftCompile normal arm64 /tmp/woop-count53/banc/Woop/Figures/DiamondGlints.swift (in target 'Woop' from project 'Woop')
    cd /tmp/woop-count53/banc
    
/tmp/woop-count53/banc/Woop/Services/AppleAuth.swift:302:74: warning: 'init()' was deprecated in iOS 26.0: Use init(windowScene:) instead.
        return fenetres.first(where: \.isKeyWindow) ?? fenetres.first ?? ASPresentationAnchor()
                                                                         ^

SwiftCompile normal arm64 /tmp/woop-count53/banc/Woop/Figures/Ink.swift (in target 'Woop' from project 'Woop')
    cd /tmp/woop-count53/banc
    
/tmp/woop-count53/banc/Woop/Services/AppleAuth.swift:302:74: warning: 'init()' was deprecated in iOS 26.0: Use init(windowScene:) instead.
        return fenetres.first(where: \.isKeyWindow) ?? fenetres.first ?? ASPresentationAnchor()
                                                                         ^

SwiftCompile normal arm64 /tmp/woop-count53/banc/Woop/Figures/LightDial.swift (in target 'Woop' from project 'Woop')
    cd /tmp/woop-count53/banc
    
/tmp/woop-count53/banc/Woop/Services/AppleAuth.swift:302:74: warning: 'init()' was deprecated in iOS 26.0: Use init(windowScene:) instead.
        return fenetres.first(where: \.isKeyWindow) ?? fenetres.first ?? ASPresentationAnchor()
                                                                         ^

SwiftCompile normal arm64 /tmp/woop-count53/banc/Woop/Figures/LuneDust.swift (in target 'Woop' from project 'Woop')
    cd /tmp/woop-count53/banc
    
/tmp/woop-count53/banc/Woop/Services/AppleAuth.swift:302:74: warning: 'init()' was deprecated in iOS 26.0: Use init(windowScene:) instead.
        return fenetres.first(where: \.isKeyWindow) ?? fenetres.first ?? ASPresentationAnchor()
                                                                         ^

SwiftCompile normal arm64 /tmp/woop-count53/banc/Woop/Figures/MonolithChime.swift (in target 'Woop' from project 'Woop')
    cd /tmp/woop-count53/banc
    
/tmp/woop-count53/banc/Woop/Services/AppleAuth.swift:302:74: warning: 'init()' was deprecated in iOS 26.0: Use init(windowScene:) instead.
        return fenetres.first(where: \.isKeyWindow) ?? fenetres.first ?? ASPresentationAnchor()
                                                                         ^

SwiftCompile normal arm64 /tmp/woop-count53/banc/Woop/Figures/NightBirds.swift (in target 'Woop' from project 'Woop')
    cd /tmp/woop-count53/banc
    
/tmp/woop-count53/banc/Woop/Services/AppleAuth.swift:302:74: warning: 'init()' was deprecated in iOS 26.0: Use init(windowScene:) instead.
        return fenetres.first(where: \.isKeyWindow) ?? fenetres.first ?? ASPresentationAnchor()
                                                                         ^

SwiftCompile normal arm64 /tmp/woop-count53/banc/Woop/Figures/RocketHaptics.swift (in target 'Woop' from project 'Woop')
    cd /tmp/woop-count53/banc
    
/tmp/woop-count53/banc/Woop/Services/AppleAuth.swift:302:74: warning: 'init()' was deprecated in iOS 26.0: Use init(windowScene:) instead.
        return fenetres.first(where: \.isKeyWindow) ?? fenetres.first ?? ASPresentationAnchor()
                                                                         ^

SwiftCompile normal arm64 /tmp/woop-count53/banc/Woop/Figures/SparkleBurst.swift (in target 'Woop' from project 'Woop')
    cd /tmp/woop-count53/banc
    
/tmp/woop-count53/banc/Woop/Services/AppleAuth.swift:302:74: warning: 'init()' was deprecated in iOS 26.0: Use init(windowScene:) instead.
        return fenetres.first(where: \.isKeyWindow) ?? fenetres.first ?? ASPresentationAnchor()
                                                                         ^

SwiftCompile normal arm64 /tmp/woop-count53/banc/Woop/Figures/SplashBackground.swift (in target 'Woop' from project 'Woop')
    cd /tmp/woop-count53/banc
    
/tmp/woop-count53/banc/Woop/Services/AppleAuth.swift:302:74: warning: 'init()' was deprecated in iOS 26.0: Use init(windowScene:) instead.
        return fenetres.first(where: \.isKeyWindow) ?? fenetres.first ?? ASPresentationAnchor()
                                                                         ^

SwiftCompile normal arm64 /tmp/woop-count53/banc/Woop/Figures/SplashWisp.swift (in target 'Woop' from project 'Woop')
    cd /tmp/woop-count53/banc
    
/tmp/woop-count53/banc/Woop/Services/AppleAuth.swift:302:74: warning: 'init()' was deprecated in iOS 26.0: Use init(windowScene:) instead.
        return fenetres.first(where: \.isKeyWindow) ?? fenetres.first ?? ASPresentationAnchor()
                                                                         ^

SwiftCompile normal arm64 /tmp/woop-count53/banc/Woop/Services/Annonces.swift (in target 'Woop' from project 'Woop')
    cd /tmp/woop-count53/banc
    
/tmp/woop-count53/banc/Woop/Services/AppleAuth.swift:302:74: warning: 'init()' was deprecated in iOS 26.0: Use init(windowScene:) instead.
        return fenetres.first(where: \.isKeyWindow) ?? fenetres.first ?? ASPresentationAnchor()
                                                                         ^

SwiftCompile normal arm64 /tmp/woop-count53/banc/Woop/Services/AppleAuth.swift (in target 'Woop' from project 'Woop')
    cd /tmp/woop-count53/banc
    
/tmp/woop-count53/banc/Woop/Services/AppleAuth.swift:302:74: warning: 'init()' was deprecated in iOS 26.0: Use init(windowScene:) instead.
        return fenetres.first(where: \.isKeyWindow) ?? fenetres.first ?? ASPresentationAnchor()
                                                                         ^

SwiftCompile normal arm64 /tmp/woop-count53/banc/Woop/Services/ChambreServeur.swift (in target 'Woop' from project 'Woop')
    cd /tmp/woop-count53/banc
    
/tmp/woop-count53/banc/Woop/Services/AppleAuth.swift:302:74: warning: 'init()' was deprecated in iOS 26.0: Use init(windowScene:) instead.
        return fenetres.first(where: \.isKeyWindow) ?? fenetres.first ?? ASPresentationAnchor()
                                                                         ^

SwiftCompile normal arm64 /tmp/woop-count53/banc/Woop/Services/CoachServeur.swift (in target 'Woop' from project 'Woop')
    cd /tmp/woop-count53/banc
    
/tmp/woop-count53/banc/Woop/Services/AppleAuth.swift:302:74: warning: 'init()' was deprecated in iOS 26.0: Use init(windowScene:) instead.
        return fenetres.first(where: \.isKeyWindow) ?? fenetres.first ?? ASPresentationAnchor()
                                                                         ^

SwiftCompile normal arm64 /tmp/woop-count53/banc/Woop/Services/Compte.swift (in target 'Woop' from project 'Woop')
    cd /tmp/woop-count53/banc
    
/tmp/woop-count53/banc/Woop/Services/AppleAuth.swift:302:74: warning: 'init()' was deprecated in iOS 26.0: Use init(windowScene:) instead.
        return fenetres.first(where: \.isKeyWindow) ?? fenetres.first ?? ASPresentationAnchor()
                                                                         ^

SwiftCompile normal arm64 /tmp/woop-count53/banc/Woop/Services/EconomieWoop.swift (in target 'Woop' from project 'Woop')
    cd /tmp/woop-count53/banc
    
/tmp/woop-count53/banc/Woop/Services/AppleAuth.swift:302:74: warning: 'init()' was deprecated in iOS 26.0: Use init(windowScene:) instead.
        return fenetres.first(where: \.isKeyWindow) ?? fenetres.first ?? ASPresentationAnchor()
                                                                         ^

SwiftCompile normal arm64 /tmp/woop-count53/banc/Woop/Services/ForgeServeur.swift (in target 'Woop' from project 'Woop')
    cd /tmp/woop-count53/banc
    
/tmp/woop-count53/banc/Woop/Services/AppleAuth.swift:302:74: warning: 'init()' was deprecated in iOS 26.0: Use init(windowScene:) instead.
        return fenetres.first(where: \.isKeyWindow) ?? fenetres.first ?? ASPresentationAnchor()
                                                                         ^

SwiftCompile normal arm64 /tmp/woop-count53/banc/Woop/Services/HomeTextes.swift (in target 'Woop' from project 'Woop')
    cd /tmp/woop-count53/banc
    
/tmp/woop-count53/banc/Woop/Services/AppleAuth.swift:302:74: warning: 'init()' was deprecated in iOS 26.0: Use init(windowScene:) instead.
        return fenetres.first(where: \.isKeyWindow) ?? fenetres.first ?? ASPresentationAnchor()
                                                                         ^

SwiftDriverJobDiscovery normal arm64 Compiling CinematicPlayer.swift, ClavierBraise.swift, CoffreFlipLab.swift, CoffreFortCoin.swift, CoffreFortPurse.swift, CoffreFortView.swift, CoffreV2.swift, ConnexionButtonLab.swift, ConnexionCinematic.swift, CorpsNacre.swift, CounterLab.swift, DemonVideo.swift, DepartCine.swift, DepartSeance.swift, DevilAuraOverlay.swift, DuolinguoPage.swift, EmberFlameLab.swift, ExerciseDetailView.swift, ExerciseEditor.swift (in target 'Woop' from project 'Woop')

SwiftCompile normal arm64 Compiling\ NeonPrimaryButton.swift,\ NeonPrimaryLab.swift,\ NosfyOnboarding.swift,\ NotchedCard.swift,\ NotifCard.swift,\ NotifChasse.swift,\ NotifLab.swift,\ ObjectiveCard.swift,\ ObjectiveCardLab.swift,\ ObsidianCard.swift,\ ObsidianCardLab.swift,\ OrphanProbe.swift,\ PageCard.swift,\ PanBande.swift,\ ParoleLigne.swift,\ PerleSemaineNative.swift,\ PiluleVagabonde.swift,\ PlayerMonde.swift,\ PlayerSeance.swift /tmp/woop-count53/banc/Woop/Views/NeonPrimaryButton.swift /tmp/woop-count53/banc/Woop/Views/NeonPrimaryLab.swift /tmp/woop-count53/banc/Woop/Views/NosfyOnboarding.swift /tmp/woop-count53/banc/Woop/Views/NotchedCard.swift /tmp/woop-count53/banc/Woop/Views/NotifCard.swift /tmp/woop-count53/banc/Woop/Views/NotifChasse.swift /tmp/woop-count53/banc/Woop/Views/NotifLab.swift /tmp/woop-count53/banc/Woop/Views/ObjectiveCard.swift /tmp/woop-count53/banc/Woop/Views/ObjectiveCardLab.swift /tmp/woop-count53/banc/Woop/Views/ObsidianCard.swift /tmp/woop-count53/banc/Woop/Views/ObsidianCardLab.swift /tmp/woop-count53/banc/Woop/Views/OrphanProbe.swift /tmp/woop-count53/banc/Woop/Views/PageCard.swift /tmp/woop-count53/banc/Woop/Views/PanBande.swift /tmp/woop-count53/banc/Woop/Views/ParoleLigne.swift /tmp/woop-count53/banc/Woop/Views/PerleSemaineNative.swift /tmp/woop-count53/banc/Woop/Views/PiluleVagabonde.swift /tmp/woop-count53/banc/Woop/Views/PlayerMonde.swift /tmp/woop-count53/banc/Woop/Views/PlayerSeance.swift (in target 'Woop' from project 'Woop')

SwiftCompile normal arm64 /tmp/woop-count53/banc/Woop/Views/NeonPrimaryButton.swift (in target 'Woop' from project 'Woop')
    cd /tmp/woop-count53/banc
    

SwiftCompile normal arm64 /tmp/woop-count53/banc/Woop/Views/NeonPrimaryLab.swift (in target 'Woop' from project 'Woop')
    cd /tmp/woop-count53/banc
    

SwiftCompile normal arm64 /tmp/woop-count53/banc/Woop/Views/NosfyOnboarding.swift (in target 'Woop' from project 'Woop')
    cd /tmp/woop-count53/banc
    
/tmp/woop-count53/banc/Woop/Views/NosfyOnboarding.swift:475:65: warning: backward matching of the unlabeled trailing closure is deprecated; label the argument with 'onTap' to suppress this warning
                SemaineTapable(choisis: reponses.jours, en: en) { i in
                                                              ~ ^
                                                              , onTap: 
/tmp/woop-count53/banc/Woop/Views/NosfyOnboarding.swift:1816:16: note: 'init(choisis:onTap:en:)' declared here
private struct SemaineTapable: View {
               ^
/tmp/woop-count53/banc/Woop/Views/NosfyOnboarding.swift:703:23: warning: main actor-isolated property 'etape' cannot be accessed from outside of the actor; this is an error in the Swift 6 language mode
                while etape != e {
                      ^~~~~~~~~~
                      await 
/tmp/woop-count53/banc/Woop/Views/NosfyOnboarding.swift:709:24: warning: main actor-isolated property 'etape' cannot be accessed from outside of the actor; this is an error in the Swift 6 language mode
                return etape == e
                       ^~~~~~~~~~
                       await 

SwiftCompile normal arm64 /tmp/woop-count53/banc/Woop/Views/NotchedCard.swift (in target 'Woop' from project 'Woop')
    cd /tmp/woop-count53/banc
    

SwiftCompile normal arm64 /tmp/woop-count53/banc/Woop/Views/NotifCard.swift (in target 'Woop' from project 'Woop')
    cd /tmp/woop-count53/banc
    

SwiftCompile normal arm64 /tmp/woop-count53/banc/Woop/Views/NotifChasse.swift (in target 'Woop' from project 'Woop')
    cd /tmp/woop-count53/banc
    

SwiftCompile normal arm64 /tmp/woop-count53/banc/Woop/Views/NotifLab.swift (in target 'Woop' from project 'Woop')
    cd /tmp/woop-count53/banc
    

SwiftCompile normal arm64 /tmp/woop-count53/banc/Woop/Views/ObjectiveCard.swift (in target 'Woop' from project 'Woop')
    cd /tmp/woop-count53/banc
    

SwiftCompile normal arm64 /tmp/woop-count53/banc/Woop/Views/ObjectiveCardLab.swift (in target 'Woop' from project 'Woop')
    cd /tmp/woop-count53/banc
    

SwiftCompile normal arm64 /tmp/woop-count53/banc/Woop/Views/ObsidianCard.swift (in target 'Woop' from project 'Woop')
    cd /tmp/woop-count53/banc
    

SwiftCompile normal arm64 /tmp/woop-count53/banc/Woop/Views/ObsidianCardLab.swift (in target 'Woop' from project 'Woop')
    cd /tmp/woop-count53/banc
    

SwiftCompile normal arm64 /tmp/woop-count53/banc/Woop/Views/OrphanProbe.swift (in target 'Woop' from project 'Woop')
    cd /tmp/woop-count53/banc
    

SwiftCompile normal arm64 /tmp/woop-count53/banc/Woop/Views/PageCard.swift (in target 'Woop' from project 'Woop')
    cd /tmp/woop-count53/banc
    

SwiftCompile normal arm64 /tmp/woop-count53/banc/Woop/Views/PanBande.swift (in target 'Woop' from project 'Woop')
    cd /tmp/woop-count53/banc
    

SwiftCompile normal arm64 /tmp/woop-count53/banc/Woop/Views/ParoleLigne.swift (in target 'Woop' from project 'Woop')
    cd /tmp/woop-count53/banc
    

SwiftCompile normal arm64 /tmp/woop-count53/banc/Woop/Views/PerleSemaineNative.swift (in target 'Woop' from project 'Woop')
    cd /tmp/woop-count53/banc
    

SwiftCompile normal arm64 /tmp/woop-count53/banc/Woop/Views/PiluleVagabonde.swift (in target 'Woop' from project 'Woop')
    cd /tmp/woop-count53/banc
    
/tmp/woop-count53/banc/Woop/Views/PiluleVagabonde.swift:377:25: warning: 'main' was deprecated in iOS 26.0: Use a UIScreen instance found through context instead (i.e, view.window.windowScene.screen), or for properties like UIScreen.scale with trait equivalents, use a traitCollection found through context.
        130...(UIScreen.main.bounds.height - 138)
                        ^
/tmp/woop-count53/banc/Woop/Views/PiluleVagabonde.swift:390:26: warning: 'main' was deprecated in iOS 26.0: Use a UIScreen instance found through context instead (i.e, view.window.windowScene.screen), or for properties like UIScreen.scale with trait equivalents, use a traitCollection found through context.
        let W = UIScreen.main.bounds.width
                         ^
/tmp/woop-count53/banc/Woop/Views/PiluleVagabonde.swift:443:26: warning: 'main' was deprecated in iOS 26.0: Use a UIScreen instance found through context instead (i.e, view.window.windowScene.screen), or for properties like UIScreen.scale with trait equivalents, use a traitCollection found through context.
        let W = UIScreen.main.bounds.width
                         ^
/tmp/woop-count53/banc/Woop/Views/PiluleVagabonde.swift:920:35: warning: 'main' was deprecated in iOS 26.0: Use a UIScreen instance found through context instead (i.e, view.window.windowScene.screen), or for properties like UIScreen.scale with trait equivalents, use a traitCollection found through context.
            .position(x: UIScreen.main.bounds.width / 2,
                                  ^
/tmp/woop-count53/banc/Woop/Views/PiluleVagabonde.swift:1092:31: warning: 'main' was deprecated in iOS 26.0: Use a UIScreen instance found through context instead (i.e, view.window.windowScene.screen), or for properties like UIScreen.scale with trait equivalents, use a traitCollection found through context.
        .position(x: UIScreen.main.bounds.width / 2, y: IleGeo.centreY)
                              ^
/tmp/woop-count53/banc/Woop/Views/PiluleVagabonde.swift:1181:31: warning: 'main' was deprecated in iOS 26.0: Use a UIScreen instance found through context instead (i.e, view.window.windowScene.screen), or for properties like UIScreen.scale with trait equivalents, use a traitCollection found through context.
        .position(x: UIScreen.main.bounds.width / 2,
                              ^
/tmp/woop-count53/banc/Woop/Views/PiluleVagabonde.swift:1431:36: warning: 'main' was deprecated in iOS 26.0: Use a UIScreen instance found through context instead (i.e, view.window.windowScene.screen), or for properties like UIScreen.scale with trait equivalents, use a traitCollection found through context.
            .frame(width: UIScreen.main.bounds.width - NotifGeo.margeH * 2,
                                   ^
/tmp/woop-count53/banc/Woop/Views/PiluleVagabonde.swift:1502:35: warning: 'main' was deprecated in iOS 26.0: Use a UIScreen instance found through context instead (i.e, view.window.windowScene.screen), or for properties like UIScreen.scale with trait equivalents, use a traitCollection found through context.
            .position(x: UIScreen.main.bounds.width / 2, y: y)
                                  ^

SwiftCompile normal arm64 /tmp/woop-count53/banc/Woop/Views/PlayerMonde.swift (in target 'Woop' from project 'Woop')
    cd /tmp/woop-count53/banc
    

SwiftCompile normal arm64 /tmp/woop-count53/banc/Woop/Views/PlayerSeance.swift (in target 'Woop' from project 'Woop')
    cd /tmp/woop-count53/banc
    

SwiftDriverJobDiscovery normal arm64 Compiling PorteApple.swift, PorteEntree.swift, PremiereArrivee.swift, ProfilLune.swift, ProgressionView.swift, ProgressPage.swift, RecentWorkoutCard.swift, RestartSheet.swift, RewardCard.swift, RewardChemin.swift, RewardCheminCard.swift, RewardCheminVariants.swift, RewardLab.swift, RythmeEcran.swift, SacreAccueil.swift, SessionSlate.swift, SetEntrySheet.swift, SetHistoryRow.swift, SliderLab.swift (in target 'Woop' from project 'Woop')

SwiftCompile normal arm64 Compiling\ TapisScene.swift,\ VerreCoulant.swift,\ VisiteHome.swift,\ WahouReveal.swift,\ WidgetEdition.swift,\ WidgetsCards.swift,\ WorkoutPill.swift,\ WorkoutsListView.swift,\ Atmosphere.swift,\ DemonSky.swift,\ Models.swift,\ MoonPath.swift,\ MoonSDF.swift,\ NebulaConfiguration.swift,\ NebulaNoise.swift,\ NebulaStrip.swift,\ Theme.swift,\ WoopApp.swift,\ GeneratedAssetSymbols.swift /tmp/woop-count53/banc/Woop/Views/TapisScene.swift /tmp/woop-count53/banc/Woop/Views/VerreCoulant.swift /tmp/woop-count53/banc/Woop/Views/VisiteHome.swift /tmp/woop-count53/banc/Woop/Views/WahouReveal.swift /tmp/woop-count53/banc/Woop/Views/WidgetEdition.swift /tmp/woop-count53/banc/Woop/Views/WidgetsCards.swift /tmp/woop-count53/banc/Woop/Views/WorkoutPill.swift /tmp/woop-count53/banc/Woop/Views/WorkoutsListView.swift /tmp/woop-count53/banc/Woop/Atmosphere.swift /tmp/woop-count53/banc/Woop/DemonSky.swift /tmp/woop-count53/banc/Woop/Models.swift /tmp/woop-count53/banc/Woop/MoonPath.swift /tmp/woop-count53/banc/Woop/MoonSDF.swift /tmp/woop-count53/banc/Woop/NebulaConfiguration.swift /tmp/woop-count53/banc/Woop/NebulaNoise.swift /tmp/woop-count53/banc/Woop/NebulaStrip.swift /tmp/woop-count53/banc/Woop/Theme.swift /tmp/woop-count53/banc/Woop/WoopApp.swift /tmp/woop-count53/sim-dd/Build/Intermediates.noindex/Woop.build/Debug-iphonesimulator/Woop.build/DerivedSources/GeneratedAssetSymbols.swift (in target 'Woop' from project 'Woop')
SwiftCompile normal arm64 /tmp/woop-count53/banc/Woop/Views/TapisScene.swift (in target 'Woop' from project 'Woop')
    cd /tmp/woop-count53/banc
    

SwiftCompile normal arm64 /tmp/woop-count53/banc/Woop/Views/VerreCoulant.swift (in target 'Woop' from project 'Woop')
    cd /tmp/woop-count53/banc
    

SwiftCompile normal arm64 /tmp/woop-count53/banc/Woop/Views/VisiteHome.swift (in target 'Woop' from project 'Woop')
    cd /tmp/woop-count53/banc
    

SwiftCompile normal arm64 /tmp/woop-count53/banc/Woop/Views/WahouReveal.swift (in target 'Woop' from project 'Woop')
    cd /tmp/woop-count53/banc
    

SwiftCompile normal arm64 /tmp/woop-count53/banc/Woop/Views/WidgetEdition.swift (in target 'Woop' from project 'Woop')
    cd /tmp/woop-count53/banc
    

SwiftCompile normal arm64 /tmp/woop-count53/banc/Woop/Views/WidgetsCards.swift (in target 'Woop' from project 'Woop')
    cd /tmp/woop-count53/banc
    

SwiftCompile normal arm64 /tmp/woop-count53/banc/Woop/Views/WorkoutPill.swift (in target 'Woop' from project 'Woop')
    cd /tmp/woop-count53/banc
    

SwiftCompile normal arm64 /tmp/woop-count53/banc/Woop/Views/WorkoutsListView.swift (in target 'Woop' from project 'Woop')
    cd /tmp/woop-count53/banc
    

SwiftCompile normal arm64 /tmp/woop-count53/banc/Woop/Atmosphere.swift (in target 'Woop' from project 'Woop')
    cd /tmp/woop-count53/banc
    

SwiftCompile normal arm64 /tmp/woop-count53/banc/Woop/DemonSky.swift (in target 'Woop' from project 'Woop')
    cd /tmp/woop-count53/banc
    

SwiftCompile normal arm64 /tmp/woop-count53/banc/Woop/Models.swift (in target 'Woop' from project 'Woop')
    cd /tmp/woop-count53/banc
    

SwiftCompile normal arm64 /tmp/woop-count53/banc/Woop/MoonPath.swift (in target 'Woop' from project 'Woop')
    cd /tmp/woop-count53/banc
    

SwiftCompile normal arm64 /tmp/woop-count53/banc/Woop/MoonSDF.swift (in target 'Woop' from project 'Woop')
    cd /tmp/woop-count53/banc
    

SwiftCompile normal arm64 /tmp/woop-count53/banc/Woop/NebulaConfiguration.swift (in target 'Woop' from project 'Woop')
    cd /tmp/woop-count53/banc
    

SwiftCompile normal arm64 /tmp/woop-count53/banc/Woop/NebulaNoise.swift (in target 'Woop' from project 'Woop')
    cd /tmp/woop-count53/banc
    

SwiftCompile normal arm64 /tmp/woop-count53/banc/Woop/NebulaStrip.swift (in target 'Woop' from project 'Woop')
    cd /tmp/woop-count53/banc
    

SwiftCompile normal arm64 /tmp/woop-count53/banc/Woop/Theme.swift (in target 'Woop' from project 'Woop')
    cd /tmp/woop-count53/banc
    

SwiftCompile normal arm64 /tmp/woop-count53/banc/Woop/WoopApp.swift (in target 'Woop' from project 'Woop')
    cd /tmp/woop-count53/banc
    
/tmp/woop-count53/banc/Woop/WoopApp.swift:683:44: error: value of type 'EconomieWoop' has no member 'clotureRepondue'
                while !EconomieWoop.shared.clotureRepondue,
                       ~~~~~~~~~~~~~~~~~~~ ^~~~~~~~~~~~~~~
/tmp/woop-count53/banc/Woop/WoopApp.swift:1314:44: warning: left side of nil coalescing operator '??' has non-optional type 'Date', so the right side is never used
            MiniCardJour(date: a.startedAt ?? .now,
                               ~~~~~~~~~~~~^~~~~~~
                                          
/tmp/woop-count53/banc/Woop/WoopApp.swift:1339:58: warning: left side of nil coalescing operator '??' has non-optional type 'Date', so the right side is never used
                TimelineView(.periodic(from: a.startedAt ?? .now,
                                             ~~~~~~~~~~~~^~~~~~~
                                                        
/tmp/woop-count53/banc/Woop/WoopApp.swift:1342:56: warning: left side of nil coalescing operator '??' has non-optional type 'Date', so the right side is never used
                        .timeIntervalSince(a.startedAt ?? .now)))
                                           ~~~~~~~~~~~~^~~~~~~
                                                      
/tmp/woop-count53/banc/Woop/WoopApp.swift:1729:47: warning: left side of nil coalescing operator '??' has non-optional type 'Date', so the right side is never used
                    departSeance: a.startedAt ?? .now,
                                  ~~~~~~~~~~~~^~~~~~~
                                             
/tmp/woop-count53/banc/Woop/WoopApp.swift:1755:41: warning: left side of nil coalescing operator '??' has non-optional type 'Date', so the right side is never used
                    depart: a.startedAt ?? .now,
                            ~~~~~~~~~~~~^~~~~~~
                                       
/tmp/woop-count53/banc/Woop/WoopApp.swift:1754:43: warning: 'main' was deprecated in iOS 26.0: Use a UIScreen instance found through context instead (i.e, view.window.windowScene.screen), or for properties like UIScreen.scale with trait equivalents, use a traitCollection found through context.
                    ecranTaille: UIScreen.main.bounds.size,
                                          ^

SwiftCompile normal arm64 /tmp/woop-count53/sim-dd/Build/Intermediates.noindex/Woop.build/Debug-iphonesimulator/Woop.build/DerivedSources/GeneratedAssetSymbols.swift (in target 'Woop' from project 'Woop')
    cd /tmp/woop-count53/banc
    

Failed frontend command:
/Applications/Xcode.app/Contents/Developer/Toolchains/XcodeDefault.xctoolchain/usr/bin/swift-frontend -frontend -c -filelist /tmp/woop-count53/sim-dd/Build/Intermediates.noindex/Woop.build/Debug-iphonesimulator/Woop.build/Objects-normal/arm64/sources-1 -primary-file /tmp/woop-count53/banc/Woop/Views/TapisScene.swift -primary-file /tmp/woop-count53/banc/Woop/Views/VerreCoulant.swift -primary-file /tmp/woop-count53/banc/Woop/Views/VisiteHome.swift -primary-file /tmp/woop-count53/banc/Woop/Views/WahouReveal.swift -primary-file /tmp/woop-count53/banc/Woop/Views/WidgetEdition.swift -primary-file /tmp/woop-count53/banc/Woop/Views/WidgetsCards.swift -primary-file /tmp/woop-count53/banc/Woop/Views/WorkoutPill.swift -primary-file /tmp/woop-count53/banc/Woop/Views/WorkoutsListView.swift -primary-file /tmp/woop-count53/banc/Woop/Atmosphere.swift -primary-file /tmp/woop-count53/banc/Woop/DemonSky.swift -primary-file /tmp/woop-count53/banc/Woop/Models.swift -primary-file /tmp/woop-count53/banc/Woop/MoonPath.swift -primary-file /tmp/woop-count53/banc/Woop/MoonSDF.swift -primary-file /tmp/woop-count53/banc/Woop/NebulaConfiguration.swift -primary-file /tmp/woop-count53/banc/Woop/NebulaNoise.swift -primary-file /tmp/woop-count53/banc/Woop/NebulaStrip.swift -primary-file /tmp/woop-count53/banc/Woop/Theme.swift -primary-file /tmp/woop-count53/banc/Woop/WoopApp.swift -primary-file /tmp/woop-count53/sim-dd/Build/Intermediates.noindex/Woop.build/Debug-iphonesimulator/Woop.build/DerivedSources/GeneratedAssetSymbols.swift -supplementary-output-file-map /tmp/woop-count53/sim-dd/Build/Intermediates.noindex/Woop.build/Debug-iphonesimulator/Woop.build/Objects-normal/arm64/supplementaryOutputs-10 -emit-localized-strings -emit-localized-strings-path /tmp/woop-count53/sim-dd/Build/Intermediates.noindex/Woop.build/Debug-iphonesimulator/Woop.build/Objects-normal/arm64 -target arm64-apple-ios26.0-simulator -module-can-import-version DeveloperToolsSupport 23.40.26 23.40.26 -disable-cross-import-overlay-search -swift-module-cross-import AuthenticationServices /Applications/Xcode.app/Contents/Developer/Platforms/iPhoneSimulator.platform/Developer/SDKs/iPhoneSimulator.sdk/System/Cryptexes/OS/System/Library/Frameworks/AuthenticationServices.framework/Modules/AuthenticationServices.swiftcrossimport/SwiftUI.swiftoverlay -swift-module-cross-import AuthenticationServices /Applications/Xcode.app/Contents/Developer/Platforms/iPhoneSimulator.platform/Developer/SDKs/iPhoneSimulator26.5.sdk/System/Library/Frameworks/AuthenticationServices.framework/Modules/AuthenticationServices.swiftcrossimport/SwiftUI.swiftoverlay -swift-module-cross-import SceneKit /Applications/Xcode.app/Contents/Developer/Platforms/iPhoneSimulator.platform/Developer/SDKs/iPhoneSimulator.sdk/System/Library/Frameworks/SceneKit.framework/Modules/SceneKit.swiftcrossimport/SwiftUI.swiftoverlay -swift-module-cross-import SwiftData /Applications/Xcode.app/Contents/Developer/Platforms/iPhoneSimulator.platform/Developer/SDKs/iPhoneSimulator26.5.sdk/System/Library/Frameworks/SwiftData.framework/Modules/SwiftData.swiftcrossimport/CoreData.swiftoverlay -swift-module-cross-import SwiftData /Applications/Xcode.app/Contents/Developer/Platforms/iPhoneSimulator.platform/Developer/SDKs/iPhoneSimulator26.5.sdk/System/Library/Frameworks/SwiftData.framework/Modules/SwiftData.swiftcrossimport/SwiftUI.swiftoverlay -load-resolved-plugin /Applications/Xcode.app/Contents/Developer/Platforms/iPhoneOS.platform/Developer/usr/lib/swift/host/plugins/libAppIntentsMacros.dylib\#/Applications/Xcode.app/Contents/Developer/Platforms/iPhoneOS.platform/Developer/usr/bin/swift-plugin-server\#AppIntentsMacros -load-resolved-plugin /Applications/Xcode.app/Contents/Developer/Platforms/iPhoneOS.platform/Developer/usr/lib/swift/host/plugins/libFoundationMacros.dylib\#/Applications/Xcode.app/Contents/Developer/Platforms/iPhoneOS.platform/Developer/usr/bin/swift-plugin-server\#FoundationMacros -load-resolved-plugin /Applications/Xcode.app/Contents/Developer/Platforms/iPhoneOS.platform/Developer/usr/lib/swift/host/plugins/libObservationMacros.dylib\#/Applications/Xcode.app/Contents/Developer/Platforms/iPhoneOS.platform/Developer/usr/bin/swift-plugin-server\#ObservationMacros -load-resolved-plugin /Applications/Xcode.app/Contents/Developer/Platforms/iPhoneOS.platform/Developer/usr/lib/swift/host/plugins/libPreviewsMacros.dylib\#/Applications/Xcode.app/Contents/Developer/Platforms/iPhoneOS.platform/Developer/usr/bin/swift-plugin-server\#PreviewsMacros -load-resolved-plugin /Applications/Xcode.app/Contents/Developer/Platforms/iPhoneOS.platform/Developer/usr/lib/swift/host/plugins/libSwiftDataMacros.dylib\#/Applications/Xcode.app/Contents/Developer/Platforms/iPhoneOS.platform/Developer/usr/bin/swift-plugin-server\#SwiftDataMacros -load-resolved-plugin /Applications/Xcode.app/Contents/Developer/Platforms/iPhoneOS.platform/Developer/usr/lib/swift/host/plugins/libSwiftMacros.dylib\#/Applications/Xcode.app/Contents/Developer/Platforms/iPhoneOS.platform/Developer/usr/bin/swift-plugin-server\#SwiftMacros -load-resolved-plugin /Applications/Xcode.app/Contents/Developer/Platforms/iPhoneOS.platform/Developer/usr/lib/swift/host/plugins/libSwiftUIMacros.dylib\#/Applications/Xcode.app/Contents/Developer/Platforms/iPhoneOS.platform/Developer/usr/bin/swift-plugin-server\#SwiftUIMacros -disable-implicit-swift-modules -Xcc -fno-implicit-modules -Xcc -fno-implicit-module-maps -explicit-swift-module-map-file /tmp/woop-count53/sim-dd/Build/Intermediates.noindex/Woop.build/Debug-iphonesimulator/Woop.build/Objects-normal/arm64/Woop-dependencies-1.json -debug-module-path /tmp/woop-count53/sim-dd/Build/Intermediates.noindex/Woop.build/Debug-iphonesimulator/Woop.build/Objects-normal/arm64/Woop.swiftmodule -Xllvm -aarch64-use-tbi -enable-objc-interop -sdk /Applications/Xcode.app/Contents/Developer/Platforms/iPhoneSimulator.platform/Developer/SDKs/iPhoneSimulator26.5.sdk -I /tmp/woop-count53/sim-dd/Build/Products/Debug-iphonesimulator -F /tmp/woop-count53/sim-dd/Build/Products/Debug-iphonesimulator -no-color-diagnostics -Xcc -fno-color-diagnostics -enable-testing -g -debug-info-format\=dwarf -dwarf-version\=5 -module-cache-path /tmp/woop-count53/sim-dd/Build/Intermediates.noindex/SwiftExplicitPrecompiledModules -swift-version 5 -Onone -D DEBUG -serialize-debugging-options -const-gather-protocols-file /tmp/woop-count53/sim-dd/Build/Intermediates.noindex/Woop.build/Debug-iphonesimulator/Woop.build/Objects-normal/arm64/Woop_const_extract_protocols.json -enable-experimental-feature DebugDescriptionMacro -enable-bare-slash-regex -empty-abi-descriptor -validate-clang-modules-once -clang-build-session-file /tmp/woop-count53/sim-dd/ModuleCache.noindex/Session.modulevalidation -Xcc -working-directory -Xcc /tmp/woop-count53/banc -enable-anonymous-context-mangled-names -file-compilation-dir /tmp/woop-count53/banc -Xcc -D_LIBCPP_HARDENING_MODE\=_LIBCPP_HARDENING_MODE_DEBUG -Xcc -ivfsstatcache -Xcc /tmp/woop-count53/sim-dd/SDKStatCaches.noindex/iphonesimulator26.5-23F73-688ef53f1462e2c8f657fdc38a81448f6cfe768891a92b912361537c460fe42b.sdkstatcache -Xcc -I/tmp/woop-count53/sim-dd/Build/Intermediates.noindex/Woop.build/Debug-iphonesimulator/Woop.build/swift-overrides.hmap -Xcc -iquote -Xcc /tmp/woop-count53/sim-dd/Build/Intermediates.noindex/Woop.build/Debug-iphonesimulator/Woop.build/Woop-generated-files.hmap -Xcc -I/tmp/woop-count53/sim-dd/Build/Intermediates.noindex/Woop.build/Debug-iphonesimulator/Woop.build/Woop-own-target-headers.hmap -Xcc -I/tmp/woop-count53/sim-dd/Build/Intermediates.noindex/Woop.build/Debug-iphonesimulator/Woop.build/Woop-all-target-headers.hmap -Xcc -iquote -Xcc /tmp/woop-count53/sim-dd/Build/Intermediates.noindex/Woop.build/Debug-iphonesimulator/Woop.build/Woop-project-headers.hmap -Xcc -I/tmp/woop-count53/sim-dd/Build/Products/Debug-iphonesimulator/include -Xcc -I/tmp/woop-count53/sim-dd/Build/Intermediates.noindex/Woop.build/Debug-iphonesimulator/Woop.build/DerivedSources-normal/arm64 -Xcc -I/tmp/woop-count53/sim-dd/Build/Intermediates.noindex/Woop.build/Debug-iphonesimulator/Woop.build/DerivedSources/arm64 -Xcc -I/tmp/woop-count53/sim-dd/Build/Intermediates.noindex/Woop.build/Debug-iphonesimulator/Woop.build/DerivedSources -Xcc -DDEBUG\=1 -no-auto-bridging-header-chaining -module-name Woop -frontend-parseable-output -disable-clang-spi -clang-target arm64-apple-ios26.5-simulator -target-sdk-version 26.5 -target-sdk-name iphonesimulator26.5 -in-process-plugin-server-path /Applications/Xcode.app/Contents/Developer/Toolchains/XcodeDefault.xctoolchain/usr/lib/swift/host/libSwiftInProcPluginServer.dylib -o /tmp/woop-count53/sim-dd/Build/Intermediates.noindex/Woop.build/Debug-iphonesimulator/Woop.build/Objects-normal/arm64/TapisScene.o -o /tmp/woop-count53/sim-dd/Build/Intermediates.noindex/Woop.build/Debug-iphonesimulator/Woop.build/Objects-normal/arm64/VerreCoulant-d025ea02176325068f9d4f09cc67a638.o -o /tmp/woop-count53/sim-dd/Build/Intermediates.noindex/Woop.build/Debug-iphonesimulator/Woop.build/Objects-normal/arm64/VisiteHome.o -o /tmp/woop-count53/sim-dd/Build/Intermediates.noindex/Woop.build/Debug-iphonesimulator/Woop.build/Objects-normal/arm64/WahouReveal.o -o /tmp/woop-count53/sim-dd/Build/Intermediates.noindex/Woop.build/Debug-iphonesimulator/Woop.build/Objects-normal/arm64/WidgetEdition.o -o /tmp/woop-count53/sim-dd/Build/Intermediates.noindex/Woop.build/Debug-iphonesimulator/Woop.build/Objects-normal/arm64/WidgetsCards.o -o /tmp/woop-count53/sim-dd/Build/Intermediates.noindex/Woop.build/Debug-iphonesimulator/Woop.build/Objects-normal/arm64/WorkoutPill.o -o /tmp/woop-count53/sim-dd/Build/Intermediates.noindex/Woop.build/Debug-iphonesimulator/Woop.build/Objects-normal/arm64/WorkoutsListView.o -o /tmp/woop-count53/sim-dd/Build/Intermediates.noindex/Woop.build/Debug-iphonesimulator/Woop.build/Objects-normal/arm64/Atmosphere.o -o /tmp/woop-count53/sim-dd/Build/Intermediates.noindex/Woop.build/Debug-iphonesimulator/Woop.build/Objects-normal/arm64/DemonSky-227617b8ae9c2f08f3d322415b79640d.o -o /tmp/woop-count53/sim-dd/Build/Intermediates.noindex/Woop.build/Debug-iphonesimulator/Woop.build/Objects-normal/arm64/Models.o -o /tmp/woop-count53/sim-dd/Build/Intermediates.noindex/Woop.build/Debug-iphonesimulator/Woop.build/Objects-normal/arm64/MoonPath.o -o /tmp/woop-count53/sim-dd/Build/Intermediates.noindex/Woop.build/Debug-iphonesimulator/Woop.build/Objects-normal/arm64/MoonSDF.o -o /tmp/woop-count53/sim-dd/Build/Intermediates.noindex/Woop.build/Debug-iphonesimulator/Woop.build/Objects-normal/arm64/NebulaConfiguration.o -o /tmp/woop-count53/sim-dd/Build/Intermediates.noindex/Woop.build/Debug-iphonesimulator/Woop.build/Objects-normal/arm64/NebulaNoise.o -o /tmp/woop-count53/sim-dd/Build/Intermediates.noindex/Woop.build/Debug-iphonesimulator/Woop.build/Objects-normal/arm64/NebulaStrip.o -o /tmp/woop-count53/sim-dd/Build/Intermediates.noindex/Woop.build/Debug-iphonesimulator/Woop.build/Objects-normal/arm64/Theme.o -o /tmp/woop-count53/sim-dd/Build/Intermediates.noindex/Woop.build/Debug-iphonesimulator/Woop.build/Objects-normal/arm64/WoopApp.o -o /tmp/woop-count53/sim-dd/Build/Intermediates.noindex/Woop.build/Debug-iphonesimulator/Woop.build/Objects-normal/arm64/GeneratedAssetSymbols.o -index-unit-output-path /Woop.build/Debug-iphonesimulator/Woop.build/Objects-normal/arm64/TapisScene.o -index-unit-output-path /Woop.build/Debug-iphonesimulator/Woop.build/Objects-normal/arm64/VerreCoulant-d025ea02176325068f9d4f09cc67a638.o -index-unit-output-path /Woop.build/Debug-iphonesimulator/Woop.build/Objects-normal/arm64/VisiteHome.o -index-unit-output-path /Woop.build/Debug-iphonesimulator/Woop.build/Objects-normal/arm64/WahouReveal.o -index-unit-output-path /Woop.build/Debug-iphonesimulator/Woop.build/Objects-normal/arm64/WidgetEdition.o -index-unit-output-path /Woop.build/Debug-iphonesimulator/Woop.build/Objects-normal/arm64/WidgetsCards.o -index-unit-output-path /Woop.build/Debug-iphonesimulator/Woop.build/Objects-normal/arm64/WorkoutPill.o -index-unit-output-path /Woop.build/Debug-iphonesimulator/Woop.build/Objects-normal/arm64/WorkoutsListView.o -index-unit-output-path /Woop.build/Debug-iphonesimulator/Woop.build/Objects-normal/arm64/Atmosphere.o -index-unit-output-path /Woop.build/Debug-iphonesimulator/Woop.build/Objects-normal/arm64/DemonSky-227617b8ae9c2f08f3d322415b79640d.o -index-unit-output-path /Woop.build/Debug-iphonesimulator/Woop.build/Objects-normal/arm64/Models.o -index-unit-output-path /Woop.build/Debug-iphonesimulator/Woop.build/Objects-normal/arm64/MoonPath.o -index-unit-output-path /Woop.build/Debug-iphonesimulator/Woop.build/Objects-normal/arm64/MoonSDF.o -index-unit-output-path /Woop.build/Debug-iphonesimulator/Woop.build/Objects-normal/arm64/NebulaConfiguration.o -index-unit-output-path /Woop.build/Debug-iphonesimulator/Woop.build/Objects-normal/arm64/NebulaNoise.o -index-unit-output-path /Woop.build/Debug-iphonesimulator/Woop.build/Objects-normal/arm64/NebulaStrip.o -index-unit-output-path /Woop.build/Debug-iphonesimulator/Woop.build/Objects-normal/arm64/Theme.o -index-unit-output-path /Woop.build/Debug-iphonesimulator/Woop.build/Objects-normal/arm64/WoopApp.o -index-unit-output-path /Woop.build/Debug-iphonesimulator/Woop.build/Objects-normal/arm64/GeneratedAssetSymbols.o -index-store-path /tmp/woop-count53/sim-dd/Index.noindex/DataStore -index-system-modules
SwiftDriverJobDiscovery normal arm64 Compiling NeonPrimaryButton.swift, NeonPrimaryLab.swift, NosfyOnboarding.swift, NotchedCard.swift, NotifCard.swift, NotifChasse.swift, NotifLab.swift, ObjectiveCard.swift, ObjectiveCardLab.swift, ObsidianCard.swift, ObsidianCardLab.swift, OrphanProbe.swift, PageCard.swift, PanBande.swift, ParoleLigne.swift, PerleSemaineNative.swift, PiluleVagabonde.swift, PlayerMonde.swift, PlayerSeance.swift (in target 'Woop' from project 'Woop')

SwiftDriverJobDiscovery normal arm64 Compiling BottleSplash.swift, CoinChime.swift, DiamondGlints.swift, Ink.swift, LightDial.swift, LuneDust.swift, MonolithChime.swift, NightBirds.swift, RocketHaptics.swift, SparkleBurst.swift, SplashBackground.swift, SplashWisp.swift, Annonces.swift, AppleAuth.swift, ChambreServeur.swift, CoachServeur.swift, Compte.swift, EconomieWoop.swift, ForgeServeur.swift, HomeTextes.swift (in target 'Woop' from project 'Woop')

CodeSign /tmp/woop-count53/sim-dd/Build/Products/Debug-iphonesimulator/WoopWidgets.appex/WoopWidgets.debug.dylib (in target 'WoopWidgets' from project 'Woop')
    cd /tmp/woop-count53/banc
    
    Signing Identity:     "Sign to Run Locally"
    
    /usr/bin/codesign --force --sign - --timestamp\=none --generate-entitlement-der /tmp/woop-count53/sim-dd/Build/Products/Debug-iphonesimulator/WoopWidgets.appex/WoopWidgets.debug.dylib

ProcessProductPackaging "" /tmp/woop-count53/sim-dd/Build/Intermediates.noindex/Woop.build/Debug-iphonesimulator/WoopUITests.build/WoopUITests.xctest-Simulated.xcent (in target 'WoopUITests' from project 'Woop')
    cd /tmp/woop-count53/banc
    
    Entitlements:
    
    {
    "application-identifier" = "V45F4LUU8D.fr.kathryn.woop.WoopUITests.xctrunner";
    "keychain-access-groups" =     (
        "V45F4LUU8D.fr.kathryn.woop.WoopUITests.xctrunner"
    );
}
    
    builtin-productPackagingUtility -entitlements -format xml -o /tmp/woop-count53/sim-dd/Build/Intermediates.noindex/Woop.build/Debug-iphonesimulator/WoopUITests.build/WoopUITests.xctest-Simulated.xcent

CodeSign /tmp/woop-count53/sim-dd/Build/Products/Debug-iphonesimulator/WoopWidgets.appex/__preview.dylib (in target 'WoopWidgets' from project 'Woop')
    cd /tmp/woop-count53/banc
    
    Signing Identity:     "Sign to Run Locally"
    
    /usr/bin/codesign --force --sign - --timestamp\=none --generate-entitlement-der /tmp/woop-count53/sim-dd/Build/Products/Debug-iphonesimulator/WoopWidgets.appex/__preview.dylib

ProcessProductPackagingDER /tmp/woop-count53/sim-dd/Build/Intermediates.noindex/Woop.build/Debug-iphonesimulator/WoopUITests.build/WoopUITests.xctest-Simulated.xcent /tmp/woop-count53/sim-dd/Build/Intermediates.noindex/Woop.build/Debug-iphonesimulator/WoopUITests.build/WoopUITests.xctest-Simulated.xcent.der (in target 'WoopUITests' from project 'Woop')
    cd /tmp/woop-count53/banc
    /usr/bin/derq query -f xml -i /tmp/woop-count53/sim-dd/Build/Intermediates.noindex/Woop.build/Debug-iphonesimulator/WoopUITests.build/WoopUITests.xctest-Simulated.xcent -o /tmp/woop-count53/sim-dd/Build/Intermediates.noindex/Woop.build/Debug-iphonesimulator/WoopUITests.build/WoopUITests.xctest-Simulated.xcent.der --raw

CodeSign /tmp/woop-count53/sim-dd/Build/Products/Debug-iphonesimulator/WoopWidgets.appex (in target 'WoopWidgets' from project 'Woop')
    cd /tmp/woop-count53/banc
    
    Signing Identity:     "Sign to Run Locally"
    
    /usr/bin/codesign --force --sign - --timestamp\=none --generate-entitlement-der /tmp/woop-count53/sim-dd/Build/Products/Debug-iphonesimulator/WoopWidgets.appex

RegisterExecutionPolicyException /tmp/woop-count53/sim-dd/Build/Products/Debug-iphonesimulator/WoopWidgets.appex (in target 'WoopWidgets' from project 'Woop')
    cd /tmp/woop-count53/banc
    builtin-RegisterExecutionPolicyException /tmp/woop-count53/sim-dd/Build/Products/Debug-iphonesimulator/WoopWidgets.appex

Touch /tmp/woop-count53/sim-dd/Build/Products/Debug-iphonesimulator/WoopWidgets.appex (in target 'WoopWidgets' from project 'Woop')
    cd /tmp/woop-count53/banc
    /usr/bin/touch -c /tmp/woop-count53/sim-dd/Build/Products/Debug-iphonesimulator/WoopWidgets.appex

SwiftDriver WoopUITests normal arm64 com.apple.xcode.tools.swift.compiler (in target 'WoopUITests' from project 'Woop')
    cd /tmp/woop-count53/banc
    builtin-SwiftDriver -- /Applications/Xcode.app/Contents/Developer/Toolchains/XcodeDefault.xctoolchain/usr/bin/swiftc -module-name WoopUITests -Onone @/tmp/woop-count53/sim-dd/Build/Intermediates.noindex/Woop.build/Debug-iphonesimulator/WoopUITests.build/Objects-normal/arm64/WoopUITests.SwiftFileList -DDEBUG -module-alias Testing\=_Testing_Unavailable -plugin-path /Applications/Xcode.app/Contents/Developer/Toolchains/XcodeDefault.xctoolchain/usr/lib/swift/host/plugins/testing -enable-bare-slash-regex -enable-experimental-feature DebugDescriptionMacro -sdk /Applications/Xcode.app/Contents/Developer/Platforms/iPhoneSimulator.platform/Developer/SDKs/iPhoneSimulator26.5.sdk -target arm64-apple-ios26.0-simulator -g -module-cache-path /tmp/woop-count53/sim-dd/ModuleCache.noindex -Xfrontend -serialize-debugging-options -enable-testing -index-store-path /tmp/woop-count53/sim-dd/Index.noindex/DataStore -Xcc -D_LIBCPP_HARDENING_MODE\=_LIBCPP_HARDENING_MODE_DEBUG -swift-version 5 -I /tmp/woop-count53/sim-dd/Build/Products/Debug-iphonesimulator -Isystem /Applications/Xcode.app/Contents/Developer/Platforms/iPhoneSimulator.platform/Developer/usr/lib -F /tmp/woop-count53/sim-dd/Build/Products/Debug-iphonesimulator -F /Applications/Xcode.app/Contents/Developer/Platforms/iPhoneSimulator.platform/Developer/Library/Frameworks -F /Applications/Xcode.app/Contents/Developer/Platforms/iPhoneSimulator.platform/Developer/SDKs/iPhoneSimulator26.5.sdk/Developer/Library/Frameworks -parse-as-library -c -j10 -enable-batch-mode -incremental -Xcc -ivfsstatcache -Xcc /tmp/woop-count53/sim-dd/SDKStatCaches.noindex/iphonesimulator26.5-23F73-688ef53f1462e2c8f657fdc38a81448f6cfe768891a92b912361537c460fe42b.sdkstatcache -output-file-map /tmp/woop-count53/sim-dd/Build/Intermediates.noindex/Woop.build/Debug-iphonesimulator/WoopUITests.build/Objects-normal/arm64/WoopUITests-OutputFileMap.json -use-frontend-parseable-output -save-temps -no-color-diagnostics -explicit-module-build -module-cache-path /tmp/woop-count53/sim-dd/Build/Intermediates.noindex/SwiftExplicitPrecompiledModules -clang-scanner-module-cache-path /tmp/woop-count53/sim-dd/ModuleCache.noindex -sdk-module-cache-path /tmp/woop-count53/sim-dd/ModuleCache.noindex -serialize-diagnostics -emit-dependencies -emit-module -emit-module-path /tmp/woop-count53/sim-dd/Build/Intermediates.noindex/Woop.build/Debug-iphonesimulator/WoopUITests.build/Objects-normal/arm64/WoopUITests.swiftmodule -validate-clang-modules-once -clang-build-session-file /tmp/woop-count53/sim-dd/ModuleCache.noindex/Session.modulevalidation -Xcc -I/tmp/woop-count53/sim-dd/Build/Intermediates.noindex/Woop.build/Debug-iphonesimulator/WoopUITests.build/swift-overrides.hmap -emit-const-values -Xfrontend -const-gather-protocols-file -Xfrontend /tmp/woop-count53/sim-dd/Build/Intermediates.noindex/Woop.build/Debug-iphonesimulator/WoopUITests.build/Objects-normal/arm64/WoopUITests_const_extract_protocols.json -Xcc -iquote -Xcc /tmp/woop-count53/sim-dd/Build/Intermediates.noindex/Woop.build/Debug-iphonesimulator/WoopUITests.build/WoopUITests-generated-files.hmap -Xcc -I/tmp/woop-count53/sim-dd/Build/Intermediates.noindex/Woop.build/Debug-iphonesimulator/WoopUITests.build/WoopUITests-own-target-headers.hmap -Xcc -I/tmp/woop-count53/sim-dd/Build/Intermediates.noindex/Woop.build/Debug-iphonesimulator/WoopUITests.build/WoopUITests-all-target-headers.hmap -Xcc -iquote -Xcc /tmp/woop-count53/sim-dd/Build/Intermediates.noindex/Woop.build/Debug-iphonesimulator/WoopUITests.build/WoopUITests-project-headers.hmap -Xcc -I/tmp/woop-count53/sim-dd/Build/Products/Debug-iphonesimulator/include -Xcc -I/tmp/woop-count53/sim-dd/Build/Intermediates.noindex/Woop.build/Debug-iphonesimulator/WoopUITests.build/DerivedSources-normal/arm64 -Xcc -I/tmp/woop-count53/sim-dd/Build/Intermediates.noindex/Woop.build/Debug-iphonesimulator/WoopUITests.build/DerivedSources/arm64 -Xcc -I/tmp/woop-count53/sim-dd/Build/Intermediates.noindex/Woop.build/Debug-iphonesimulator/WoopUITests.build/DerivedSources -Xcc -DDEBUG\=1 -emit-objc-header -emit-objc-header-path /tmp/woop-count53/sim-dd/Build/Intermediates.noindex/Woop.build/Debug-iphonesimulator/WoopUITests.build/Objects-normal/arm64/WoopUITests-Swift.h -working-directory /tmp/woop-count53/banc -experimental-emit-module-separately -disable-cmo

SwiftExplicitDependencyGeneratePcm arm64 /tmp/woop-count53/sim-dd/Build/Intermediates.noindex/SwiftExplicitPrecompiledModules/XCUIAutomation-13J93EHYHO6A13KNAGMVL5510.pcm

Ld /tmp/woop-count53/sim-dd/Build/Products/Debug-iphonesimulator/Woop.app/__preview.dylib normal (in target 'Woop' from project 'Woop')
    cd /tmp/woop-count53/banc
    /Applications/Xcode.app/Contents/Developer/Toolchains/XcodeDefault.xctoolchain/usr/bin/clang -Xlinker -reproducible -target arm64-apple-ios26.0-simulator -dynamiclib -isysroot /Applications/Xcode.app/Contents/Developer/Platforms/iPhoneSimulator.platform/Developer/SDKs/iPhoneSimulator26.5.sdk -O0 -L/tmp/woop-count53/sim-dd/Build/Products/Debug-iphonesimulator -F/tmp/woop-count53/sim-dd/Build/Products/Debug-iphonesimulator -install_name @rpath/Woop.debug.dylib -Xlinker -dead_strip -rdynamic -Xlinker -no_deduplicate -Xlinker -objc_abi_version -Xlinker 2 -Xlinker -dependency_info -Xlinker /tmp/woop-count53/sim-dd/Build/Intermediates.noindex/Woop.build/Debug-iphonesimulator/Woop.build/Objects-normal/arm64/Woop_dependency_info.dat -Xlinker -sectcreate -Xlinker __TEXT -Xlinker __entitlements -Xlinker /tmp/woop-count53/sim-dd/Build/Intermediates.noindex/Woop.build/Debug-iphonesimulator/Woop.build/Woop.app-Simulated.xcent -Xlinker -sectcreate -Xlinker __TEXT -Xlinker __ents_der -Xlinker /tmp/woop-count53/sim-dd/Build/Intermediates.noindex/Woop.build/Debug-iphonesimulator/Woop.build/Woop.app-Simulated.xcent.der -Xlinker -no_adhoc_codesign -o /tmp/woop-count53/sim-dd/Build/Products/Debug-iphonesimulator/Woop.app/__preview.dylib

SwiftExplicitDependencyGeneratePcm arm64 /tmp/woop-count53/sim-dd/Build/Intermediates.noindex/SwiftExplicitPrecompiledModules/XCTest-3J29Y8THW6JAYJAFVR5GY1J1Q.pcm

SwiftExplicitDependencyCompileModuleFromInterface arm64 /tmp/woop-count53/sim-dd/Build/Intermediates.noindex/SwiftExplicitPrecompiledModules/XCUIAutomation-3R06VJ513NQA4.swiftmodule

CpResource /tmp/woop-count53/sim-dd/Build/Products/Debug-iphonesimulator/Woop.app/welcome-nosfy-premiere.mp4 /tmp/woop-count53/banc/Woop/Media/welcome-nosfy-premiere.mp4 (in target 'Woop' from project 'Woop')
    cd /tmp/woop-count53/banc
    builtin-copy -exclude .DS_Store -exclude CVS -exclude .svn -exclude .git -exclude .hg -resolve-src-symlinks /tmp/woop-count53/banc/Woop/Media/welcome-nosfy-premiere.mp4 /tmp/woop-count53/sim-dd/Build/Products/Debug-iphonesimulator/Woop.app

SwiftExplicitDependencyCompileModuleFromInterface arm64 /tmp/woop-count53/sim-dd/Build/Intermediates.noindex/SwiftExplicitPrecompiledModules/XCTest-BOQVDU8AYFIS.swiftmodule

CpResource /tmp/woop-count53/sim-dd/Build/Products/Debug-iphonesimulator/Woop.app/welcome-galet-premiere.mp4 /tmp/woop-count53/banc/Woop/Media/welcome-galet-premiere.mp4 (in target 'Woop' from project 'Woop')
    cd /tmp/woop-count53/banc
    builtin-copy -exclude .DS_Store -exclude CVS -exclude .svn -exclude .git -exclude .hg -resolve-src-symlinks /tmp/woop-count53/banc/Woop/Media/welcome-galet-premiere.mp4 /tmp/woop-count53/sim-dd/Build/Products/Debug-iphonesimulator/Woop.app

SwiftEmitModule normal arm64 Emitting\ module\ for\ WoopUITests (in target 'WoopUITests' from project 'Woop')

SwiftCompile normal arm64 /tmp/woop-count53/banc/WoopUITests/CountdownUITests.swift (in target 'WoopUITests' from project 'Woop')
    cd /tmp/woop-count53/banc
    

SwiftCompile normal arm64 Compiling\ CountdownUITests.swift /tmp/woop-count53/banc/WoopUITests/CountdownUITests.swift (in target 'WoopUITests' from project 'Woop')

SwiftCompile normal arm64 /tmp/woop-count53/banc/WoopUITests/CountdownUITests.swift (in target 'WoopUITests' from project 'Woop')
    cd /tmp/woop-count53/banc
    

SwiftDriverJobDiscovery normal arm64 Emitting module for WoopUITests (in target 'WoopUITests' from project 'Woop')

SwiftDriver\ Compilation\ Requirements WoopUITests normal arm64 com.apple.xcode.tools.swift.compiler (in target 'WoopUITests' from project 'Woop')
    cd /tmp/woop-count53/banc
    builtin-Swift-Compilation-Requirements -- /Applications/Xcode.app/Contents/Developer/Toolchains/XcodeDefault.xctoolchain/usr/bin/swiftc -module-name WoopUITests -Onone @/tmp/woop-count53/sim-dd/Build/Intermediates.noindex/Woop.build/Debug-iphonesimulator/WoopUITests.build/Objects-normal/arm64/WoopUITests.SwiftFileList -DDEBUG -module-alias Testing\=_Testing_Unavailable -plugin-path /Applications/Xcode.app/Contents/Developer/Toolchains/XcodeDefault.xctoolchain/usr/lib/swift/host/plugins/testing -enable-bare-slash-regex -enable-experimental-feature DebugDescriptionMacro -sdk /Applications/Xcode.app/Contents/Developer/Platforms/iPhoneSimulator.platform/Developer/SDKs/iPhoneSimulator26.5.sdk -target arm64-apple-ios26.0-simulator -g -module-cache-path /tmp/woop-count53/sim-dd/ModuleCache.noindex -Xfrontend -serialize-debugging-options -enable-testing -index-store-path /tmp/woop-count53/sim-dd/Index.noindex/DataStore -Xcc -D_LIBCPP_HARDENING_MODE\=_LIBCPP_HARDENING_MODE_DEBUG -swift-version 5 -I /tmp/woop-count53/sim-dd/Build/Products/Debug-iphonesimulator -Isystem /Applications/Xcode.app/Contents/Developer/Platforms/iPhoneSimulator.platform/Developer/usr/lib -F /tmp/woop-count53/sim-dd/Build/Products/Debug-iphonesimulator -F /Applications/Xcode.app/Contents/Developer/Platforms/iPhoneSimulator.platform/Developer/Library/Frameworks -F /Applications/Xcode.app/Contents/Developer/Platforms/iPhoneSimulator.platform/Developer/SDKs/iPhoneSimulator26.5.sdk/Developer/Library/Frameworks -parse-as-library -c -j10 -enable-batch-mode -incremental -Xcc -ivfsstatcache -Xcc /tmp/woop-count53/sim-dd/SDKStatCaches.noindex/iphonesimulator26.5-23F73-688ef53f1462e2c8f657fdc38a81448f6cfe768891a92b912361537c460fe42b.sdkstatcache -output-file-map /tmp/woop-count53/sim-dd/Build/Intermediates.noindex/Woop.build/Debug-iphonesimulator/WoopUITests.build/Objects-normal/arm64/WoopUITests-OutputFileMap.json -use-frontend-parseable-output -save-temps -no-color-diagnostics -explicit-module-build -module-cache-path /tmp/woop-count53/sim-dd/Build/Intermediates.noindex/SwiftExplicitPrecompiledModules -clang-scanner-module-cache-path /tmp/woop-count53/sim-dd/ModuleCache.noindex -sdk-module-cache-path /tmp/woop-count53/sim-dd/ModuleCache.noindex -serialize-diagnostics -emit-dependencies -emit-module -emit-module-path /tmp/woop-count53/sim-dd/Build/Intermediates.noindex/Woop.build/Debug-iphonesimulator/WoopUITests.build/Objects-normal/arm64/WoopUITests.swiftmodule -validate-clang-modules-once -clang-build-session-file /tmp/woop-count53/sim-dd/ModuleCache.noindex/Session.modulevalidation -Xcc -I/tmp/woop-count53/sim-dd/Build/Intermediates.noindex/Woop.build/Debug-iphonesimulator/WoopUITests.build/swift-overrides.hmap -emit-const-values -Xfrontend -const-gather-protocols-file -Xfrontend /tmp/woop-count53/sim-dd/Build/Intermediates.noindex/Woop.build/Debug-iphonesimulator/WoopUITests.build/Objects-normal/arm64/WoopUITests_const_extract_protocols.json -Xcc -iquote -Xcc /tmp/woop-count53/sim-dd/Build/Intermediates.noindex/Woop.build/Debug-iphonesimulator/WoopUITests.build/WoopUITests-generated-files.hmap -Xcc -I/tmp/woop-count53/sim-dd/Build/Intermediates.noindex/Woop.build/Debug-iphonesimulator/WoopUITests.build/WoopUITests-own-target-headers.hmap -Xcc -I/tmp/woop-count53/sim-dd/Build/Intermediates.noindex/Woop.build/Debug-iphonesimulator/WoopUITests.build/WoopUITests-all-target-headers.hmap -Xcc -iquote -Xcc /tmp/woop-count53/sim-dd/Build/Intermediates.noindex/Woop.build/Debug-iphonesimulator/WoopUITests.build/WoopUITests-project-headers.hmap -Xcc -I/tmp/woop-count53/sim-dd/Build/Products/Debug-iphonesimulator/include -Xcc -I/tmp/woop-count53/sim-dd/Build/Intermediates.noindex/Woop.build/Debug-iphonesimulator/WoopUITests.build/DerivedSources-normal/arm64 -Xcc -I/tmp/woop-count53/sim-dd/Build/Intermediates.noindex/Woop.build/Debug-iphonesimulator/WoopUITests.build/DerivedSources/arm64 -Xcc -I/tmp/woop-count53/sim-dd/Build/Intermediates.noindex/Woop.build/Debug-iphonesimulator/WoopUITests.build/DerivedSources -Xcc -DDEBUG\=1 -emit-objc-header -emit-objc-header-path /tmp/woop-count53/sim-dd/Build/Intermediates.noindex/Woop.build/Debug-iphonesimulator/WoopUITests.build/Objects-normal/arm64/WoopUITests-Swift.h -working-directory /tmp/woop-count53/banc -experimental-emit-module-separately -disable-cmo

SwiftDriverJobDiscovery normal arm64 Compiling CountdownUITests.swift (in target 'WoopUITests' from project 'Woop')

CpResource /tmp/woop-count53/sim-dd/Build/Products/Debug-iphonesimulator/Woop.app/video_demon_3.mp4 /tmp/woop-count53/banc/Woop/Media/video_demon_3.mp4 (in target 'Woop' from project 'Woop')
    cd /tmp/woop-count53/banc
    builtin-copy -exclude .DS_Store -exclude CVS -exclude .svn -exclude .git -exclude .hg -resolve-src-symlinks /tmp/woop-count53/banc/Woop/Media/video_demon_3.mp4 /tmp/woop-count53/sim-dd/Build/Products/Debug-iphonesimulator/Woop.app

SwiftMergeGeneratedHeaders /tmp/woop-count53/sim-dd/Build/Intermediates.noindex/Woop.build/Debug-iphonesimulator/WoopUITests.build/DerivedSources/WoopUITests-Swift.h /tmp/woop-count53/sim-dd/Build/Intermediates.noindex/Woop.build/Debug-iphonesimulator/WoopUITests.build/Objects-normal/arm64/WoopUITests-Swift.h (in target 'WoopUITests' from project 'Woop')
    cd /tmp/woop-count53/banc
    builtin-swiftHeaderTool -arch arm64 /tmp/woop-count53/sim-dd/Build/Intermediates.noindex/Woop.build/Debug-iphonesimulator/WoopUITests.build/Objects-normal/arm64/WoopUITests-Swift.h -o /tmp/woop-count53/sim-dd/Build/Intermediates.noindex/Woop.build/Debug-iphonesimulator/WoopUITests.build/DerivedSources/WoopUITests-Swift.h

Copy /tmp/woop-count53/sim-dd/Build/Products/Debug-iphonesimulator/WoopUITests.swiftmodule/arm64-apple-ios-simulator.swiftmodule /tmp/woop-count53/sim-dd/Build/Intermediates.noindex/Woop.build/Debug-iphonesimulator/WoopUITests.build/Objects-normal/arm64/WoopUITests.swiftmodule (in target 'WoopUITests' from project 'Woop')
    cd /tmp/woop-count53/banc
    builtin-copy -exclude .DS_Store -exclude CVS -exclude .svn -exclude .git -exclude .hg -resolve-src-symlinks -rename /tmp/woop-count53/sim-dd/Build/Intermediates.noindex/Woop.build/Debug-iphonesimulator/WoopUITests.build/Objects-normal/arm64/WoopUITests.swiftmodule /tmp/woop-count53/sim-dd/Build/Products/Debug-iphonesimulator/WoopUITests.swiftmodule/arm64-apple-ios-simulator.swiftmodule

Copy /tmp/woop-count53/sim-dd/Build/Products/Debug-iphonesimulator/WoopUITests.swiftmodule/arm64-apple-ios-simulator.swiftdoc /tmp/woop-count53/sim-dd/Build/Intermediates.noindex/Woop.build/Debug-iphonesimulator/WoopUITests.build/Objects-normal/arm64/WoopUITests.swiftdoc (in target 'WoopUITests' from project 'Woop')
    cd /tmp/woop-count53/banc
    builtin-copy -exclude .DS_Store -exclude CVS -exclude .svn -exclude .git -exclude .hg -resolve-src-symlinks -rename /tmp/woop-count53/sim-dd/Build/Intermediates.noindex/Woop.build/Debug-iphonesimulator/WoopUITests.build/Objects-normal/arm64/WoopUITests.swiftdoc /tmp/woop-count53/sim-dd/Build/Products/Debug-iphonesimulator/WoopUITests.swiftmodule/arm64-apple-ios-simulator.swiftdoc

Copy /tmp/woop-count53/sim-dd/Build/Products/Debug-iphonesimulator/WoopUITests.swiftmodule/arm64-apple-ios-simulator.abi.json /tmp/woop-count53/sim-dd/Build/Intermediates.noindex/Woop.build/Debug-iphonesimulator/WoopUITests.build/Objects-normal/arm64/WoopUITests.abi.json (in target 'WoopUITests' from project 'Woop')
    cd /tmp/woop-count53/banc
    builtin-copy -exclude .DS_Store -exclude CVS -exclude .svn -exclude .git -exclude .hg -resolve-src-symlinks -rename /tmp/woop-count53/sim-dd/Build/Intermediates.noindex/Woop.build/Debug-iphonesimulator/WoopUITests.build/Objects-normal/arm64/WoopUITests.abi.json /tmp/woop-count53/sim-dd/Build/Products/Debug-iphonesimulator/WoopUITests.swiftmodule/arm64-apple-ios-simulator.abi.json

Copy /tmp/woop-count53/sim-dd/Build/Products/Debug-iphonesimulator/WoopUITests.swiftmodule/Project/arm64-apple-ios-simulator.swiftsourceinfo /tmp/woop-count53/sim-dd/Build/Intermediates.noindex/Woop.build/Debug-iphonesimulator/WoopUITests.build/Objects-normal/arm64/WoopUITests.swiftsourceinfo (in target 'WoopUITests' from project 'Woop')
    cd /tmp/woop-count53/banc
    builtin-copy -exclude .DS_Store -exclude CVS -exclude .svn -exclude .git -exclude .hg -resolve-src-symlinks -rename /tmp/woop-count53/sim-dd/Build/Intermediates.noindex/Woop.build/Debug-iphonesimulator/WoopUITests.build/Objects-normal/arm64/WoopUITests.swiftsourceinfo /tmp/woop-count53/sim-dd/Build/Products/Debug-iphonesimulator/WoopUITests.swiftmodule/Project/arm64-apple-ios-simulator.swiftsourceinfo

SwiftDriver\ Compilation WoopUITests normal arm64 com.apple.xcode.tools.swift.compiler (in target 'WoopUITests' from project 'Woop')
    cd /tmp/woop-count53/banc
    builtin-Swift-Compilation -- /Applications/Xcode.app/Contents/Developer/Toolchains/XcodeDefault.xctoolchain/usr/bin/swiftc -module-name WoopUITests -Onone @/tmp/woop-count53/sim-dd/Build/Intermediates.noindex/Woop.build/Debug-iphonesimulator/WoopUITests.build/Objects-normal/arm64/WoopUITests.SwiftFileList -DDEBUG -module-alias Testing\=_Testing_Unavailable -plugin-path /Applications/Xcode.app/Contents/Developer/Toolchains/XcodeDefault.xctoolchain/usr/lib/swift/host/plugins/testing -enable-bare-slash-regex -enable-experimental-feature DebugDescriptionMacro -sdk /Applications/Xcode.app/Contents/Developer/Platforms/iPhoneSimulator.platform/Developer/SDKs/iPhoneSimulator26.5.sdk -target arm64-apple-ios26.0-simulator -g -module-cache-path /tmp/woop-count53/sim-dd/ModuleCache.noindex -Xfrontend -serialize-debugging-options -enable-testing -index-store-path /tmp/woop-count53/sim-dd/Index.noindex/DataStore -Xcc -D_LIBCPP_HARDENING_MODE\=_LIBCPP_HARDENING_MODE_DEBUG -swift-version 5 -I /tmp/woop-count53/sim-dd/Build/Products/Debug-iphonesimulator -Isystem /Applications/Xcode.app/Contents/Developer/Platforms/iPhoneSimulator.platform/Developer/usr/lib -F /tmp/woop-count53/sim-dd/Build/Products/Debug-iphonesimulator -F /Applications/Xcode.app/Contents/Developer/Platforms/iPhoneSimulator.platform/Developer/Library/Frameworks -F /Applications/Xcode.app/Contents/Developer/Platforms/iPhoneSimulator.platform/Developer/SDKs/iPhoneSimulator26.5.sdk/Developer/Library/Frameworks -parse-as-library -c -j10 -enable-batch-mode -incremental -Xcc -ivfsstatcache -Xcc /tmp/woop-count53/sim-dd/SDKStatCaches.noindex/iphonesimulator26.5-23F73-688ef53f1462e2c8f657fdc38a81448f6cfe768891a92b912361537c460fe42b.sdkstatcache -output-file-map /tmp/woop-count53/sim-dd/Build/Intermediates.noindex/Woop.build/Debug-iphonesimulator/WoopUITests.build/Objects-normal/arm64/WoopUITests-OutputFileMap.json -use-frontend-parseable-output -save-temps -no-color-diagnostics -explicit-module-build -module-cache-path /tmp/woop-count53/sim-dd/Build/Intermediates.noindex/SwiftExplicitPrecompiledModules -clang-scanner-module-cache-path /tmp/woop-count53/sim-dd/ModuleCache.noindex -sdk-module-cache-path /tmp/woop-count53/sim-dd/ModuleCache.noindex -serialize-diagnostics -emit-dependencies -emit-module -emit-module-path /tmp/woop-count53/sim-dd/Build/Intermediates.noindex/Woop.build/Debug-iphonesimulator/WoopUITests.build/Objects-normal/arm64/WoopUITests.swiftmodule -validate-clang-modules-once -clang-build-session-file /tmp/woop-count53/sim-dd/ModuleCache.noindex/Session.modulevalidation -Xcc -I/tmp/woop-count53/sim-dd/Build/Intermediates.noindex/Woop.build/Debug-iphonesimulator/WoopUITests.build/swift-overrides.hmap -emit-const-values -Xfrontend -const-gather-protocols-file -Xfrontend /tmp/woop-count53/sim-dd/Build/Intermediates.noindex/Woop.build/Debug-iphonesimulator/WoopUITests.build/Objects-normal/arm64/WoopUITests_const_extract_protocols.json -Xcc -iquote -Xcc /tmp/woop-count53/sim-dd/Build/Intermediates.noindex/Woop.build/Debug-iphonesimulator/WoopUITests.build/WoopUITests-generated-files.hmap -Xcc -I/tmp/woop-count53/sim-dd/Build/Intermediates.noindex/Woop.build/Debug-iphonesimulator/WoopUITests.build/WoopUITests-own-target-headers.hmap -Xcc -I/tmp/woop-count53/sim-dd/Build/Intermediates.noindex/Woop.build/Debug-iphonesimulator/WoopUITests.build/WoopUITests-all-target-headers.hmap -Xcc -iquote -Xcc /tmp/woop-count53/sim-dd/Build/Intermediates.noindex/Woop.build/Debug-iphonesimulator/WoopUITests.build/WoopUITests-project-headers.hmap -Xcc -I/tmp/woop-count53/sim-dd/Build/Products/Debug-iphonesimulator/include -Xcc -I/tmp/woop-count53/sim-dd/Build/Intermediates.noindex/Woop.build/Debug-iphonesimulator/WoopUITests.build/DerivedSources-normal/arm64 -Xcc -I/tmp/woop-count53/sim-dd/Build/Intermediates.noindex/Woop.build/Debug-iphonesimulator/WoopUITests.build/DerivedSources/arm64 -Xcc -I/tmp/woop-count53/sim-dd/Build/Intermediates.noindex/Woop.build/Debug-iphonesimulator/WoopUITests.build/DerivedSources -Xcc -DDEBUG\=1 -emit-objc-header -emit-objc-header-path /tmp/woop-count53/sim-dd/Build/Intermediates.noindex/Woop.build/Debug-iphonesimulator/WoopUITests.build/Objects-normal/arm64/WoopUITests-Swift.h -working-directory /tmp/woop-count53/banc -experimental-emit-module-separately -disable-cmo

CpResource /tmp/woop-count53/sim-dd/Build/Products/Debug-iphonesimulator/Woop.app/video_demon_2.mp4 /tmp/woop-count53/banc/Woop/Media/video_demon_2.mp4 (in target 'Woop' from project 'Woop')
    cd /tmp/woop-count53/banc
    builtin-copy -exclude .DS_Store -exclude CVS -exclude .svn -exclude .git -exclude .hg -resolve-src-symlinks /tmp/woop-count53/banc/Woop/Media/video_demon_2.mp4 /tmp/woop-count53/sim-dd/Build/Products/Debug-iphonesimulator/Woop.app

CpResource /tmp/woop-count53/sim-dd/Build/Products/Debug-iphonesimulator/Woop.app/video_demon_1.mp4 /tmp/woop-count53/banc/Woop/Media/video_demon_1.mp4 (in target 'Woop' from project 'Woop')
    cd /tmp/woop-count53/banc
    builtin-copy -exclude .DS_Store -exclude CVS -exclude .svn -exclude .git -exclude .hg -resolve-src-symlinks /tmp/woop-count53/banc/Woop/Media/video_demon_1.mp4 /tmp/woop-count53/sim-dd/Build/Products/Debug-iphonesimulator/Woop.app

CpResource /tmp/woop-count53/sim-dd/Build/Products/Debug-iphonesimulator/Woop.app/story-pilule-top.mp4 /tmp/woop-count53/banc/Woop/Media/story-pilule-top.mp4 (in target 'Woop' from project 'Woop')
    cd /tmp/woop-count53/banc
    builtin-copy -exclude .DS_Store -exclude CVS -exclude .svn -exclude .git -exclude .hg -resolve-src-symlinks /tmp/woop-count53/banc/Woop/Media/story-pilule-top.mp4 /tmp/woop-count53/sim-dd/Build/Products/Debug-iphonesimulator/Woop.app

CpResource /tmp/woop-count53/sim-dd/Build/Products/Debug-iphonesimulator/Woop.app/story-pilule-droite.mp4 /tmp/woop-count53/banc/Woop/Media/story-pilule-droite.mp4 (in target 'Woop' from project 'Woop')
    cd /tmp/woop-count53/banc
    builtin-copy -exclude .DS_Store -exclude CVS -exclude .svn -exclude .git -exclude .hg -resolve-src-symlinks /tmp/woop-count53/banc/Woop/Media/story-pilule-droite.mp4 /tmp/woop-count53/sim-dd/Build/Products/Debug-iphonesimulator/Woop.app

CpResource /tmp/woop-count53/sim-dd/Build/Products/Debug-iphonesimulator/Woop.app/story-macro-or.mp4 /tmp/woop-count53/banc/Woop/Media/story-macro-or.mp4 (in target 'Woop' from project 'Woop')
    cd /tmp/woop-count53/banc
    builtin-copy -exclude .DS_Store -exclude CVS -exclude .svn -exclude .git -exclude .hg -resolve-src-symlinks /tmp/woop-count53/banc/Woop/Media/story-macro-or.mp4 /tmp/woop-count53/sim-dd/Build/Products/Debug-iphonesimulator/Woop.app

CpResource /tmp/woop-count53/sim-dd/Build/Products/Debug-iphonesimulator/Woop.app/story-macro-flanc.mp4 /tmp/woop-count53/banc/Woop/Media/story-macro-flanc.mp4 (in target 'Woop' from project 'Woop')
    cd /tmp/woop-count53/banc
    builtin-copy -exclude .DS_Store -exclude CVS -exclude .svn -exclude .git -exclude .hg -resolve-src-symlinks /tmp/woop-count53/banc/Woop/Media/story-macro-flanc.mp4 /tmp/woop-count53/sim-dd/Build/Products/Debug-iphonesimulator/Woop.app

CpResource /tmp/woop-count53/sim-dd/Build/Products/Debug-iphonesimulator/Woop.app/story-macro-bas.mp4 /tmp/woop-count53/banc/Woop/Media/story-macro-bas.mp4 (in target 'Woop' from project 'Woop')
    cd /tmp/woop-count53/banc
    builtin-copy -exclude .DS_Store -exclude CVS -exclude .svn -exclude .git -exclude .hg -resolve-src-symlinks /tmp/woop-count53/banc/Woop/Media/story-macro-bas.mp4 /tmp/woop-count53/sim-dd/Build/Products/Debug-iphonesimulator/Woop.app

CpResource /tmp/woop-count53/sim-dd/Build/Products/Debug-iphonesimulator/Woop.app/story-ended-verre-b.mp4 /tmp/woop-count53/banc/Woop/Media/story-ended-verre-b.mp4 (in target 'Woop' from project 'Woop')
    cd /tmp/woop-count53/banc
    builtin-copy -exclude .DS_Store -exclude CVS -exclude .svn -exclude .git -exclude .hg -resolve-src-symlinks /tmp/woop-count53/banc/Woop/Media/story-ended-verre-b.mp4 /tmp/woop-count53/sim-dd/Build/Products/Debug-iphonesimulator/Woop.app

CpResource /tmp/woop-count53/sim-dd/Build/Products/Debug-iphonesimulator/Woop.app/story-ended-verre-a.mp4 /tmp/woop-count53/banc/Woop/Media/story-ended-verre-a.mp4 (in target 'Woop' from project 'Woop')
    cd /tmp/woop-count53/banc
    builtin-copy -exclude .DS_Store -exclude CVS -exclude .svn -exclude .git -exclude .hg -resolve-src-symlinks /tmp/woop-count53/banc/Woop/Media/story-ended-verre-a.mp4 /tmp/woop-count53/sim-dd/Build/Products/Debug-iphonesimulator/Woop.app

CpResource /tmp/woop-count53/sim-dd/Build/Products/Debug-iphonesimulator/Woop.app/story-eclair-loop.mp4 /tmp/woop-count53/banc/Woop/Media/story-eclair-loop.mp4 (in target 'Woop' from project 'Woop')
    cd /tmp/woop-count53/banc
    builtin-copy -exclude .DS_Store -exclude CVS -exclude .svn -exclude .git -exclude .hg -resolve-src-symlinks /tmp/woop-count53/banc/Woop/Media/story-eclair-loop.mp4 /tmp/woop-count53/sim-dd/Build/Products/Debug-iphonesimulator/Woop.app

CpResource /tmp/woop-count53/sim-dd/Build/Products/Debug-iphonesimulator/Woop.app/story-booster-noir.mp4 /tmp/woop-count53/banc/Woop/Media/story-booster-noir.mp4 (in target 'Woop' from project 'Woop')
    cd /tmp/woop-count53/banc
    builtin-copy -exclude .DS_Store -exclude CVS -exclude .svn -exclude .git -exclude .hg -resolve-src-symlinks /tmp/woop-count53/banc/Woop/Media/story-booster-noir.mp4 /tmp/woop-count53/sim-dd/Build/Products/Debug-iphonesimulator/Woop.app

CpResource /tmp/woop-count53/sim-dd/Build/Products/Debug-iphonesimulator/Woop.app/story-booster-lune.mp4 /tmp/woop-count53/banc/Woop/Media/story-booster-lune.mp4 (in target 'Woop' from project 'Woop')
    cd /tmp/woop-count53/banc
    builtin-copy -exclude .DS_Store -exclude CVS -exclude .svn -exclude .git -exclude .hg -resolve-src-symlinks /tmp/woop-count53/banc/Woop/Media/story-booster-lune.mp4 /tmp/woop-count53/sim-dd/Build/Products/Debug-iphonesimulator/Woop.app

CpResource /tmp/woop-count53/sim-dd/Build/Products/Debug-iphonesimulator/Woop.app/stop-bat-loop.mp4 /tmp/woop-count53/banc/Woop/Media/stop-bat-loop.mp4 (in target 'Woop' from project 'Woop')
    cd /tmp/woop-count53/banc
    builtin-copy -exclude .DS_Store -exclude CVS -exclude .svn -exclude .git -exclude .hg -resolve-src-symlinks /tmp/woop-count53/banc/Woop/Media/stop-bat-loop.mp4 /tmp/woop-count53/sim-dd/Build/Products/Debug-iphonesimulator/Woop.app

CpResource /tmp/woop-count53/sim-dd/Build/Products/Debug-iphonesimulator/Woop.app/start-entrainement-loop.mp4 /tmp/woop-count53/banc/Woop/Media/start-entrainement-loop.mp4 (in target 'Woop' from project 'Woop')
    cd /tmp/woop-count53/banc
    builtin-copy -exclude .DS_Store -exclude CVS -exclude .svn -exclude .git -exclude .hg -resolve-src-symlinks /tmp/woop-count53/banc/Woop/Media/start-entrainement-loop.mp4 /tmp/woop-count53/sim-dd/Build/Products/Debug-iphonesimulator/Woop.app

CpResource /tmp/woop-count53/sim-dd/Build/Products/Debug-iphonesimulator/Woop.app/sacre-lune.caf /tmp/woop-count53/banc/Woop/Media/sacre-lune.caf (in target 'Woop' from project 'Woop')
    cd /tmp/woop-count53/banc
    builtin-copy -exclude .DS_Store -exclude CVS -exclude .svn -exclude .git -exclude .hg -resolve-src-symlinks /tmp/woop-count53/banc/Woop/Media/sacre-lune.caf /tmp/woop-count53/sim-dd/Build/Products/Debug-iphonesimulator/Woop.app

CpResource /tmp/woop-count53/sim-dd/Build/Products/Debug-iphonesimulator/Woop.app/sacre-legendaire.caf /tmp/woop-count53/banc/Woop/Media/sacre-legendaire.caf (in target 'Woop' from project 'Woop')
    cd /tmp/woop-count53/banc
    builtin-copy -exclude .DS_Store -exclude CVS -exclude .svn -exclude .git -exclude .hg -resolve-src-symlinks /tmp/woop-count53/banc/Woop/Media/sacre-legendaire.caf /tmp/woop-count53/sim-dd/Build/Products/Debug-iphonesimulator/Woop.app

CpResource /tmp/woop-count53/sim-dd/Build/Products/Debug-iphonesimulator/Woop.app/sacre-epique.caf /tmp/woop-count53/banc/Woop/Media/sacre-epique.caf (in target 'Woop' from project 'Woop')
    cd /tmp/woop-count53/banc
    builtin-copy -exclude .DS_Store -exclude CVS -exclude .svn -exclude .git -exclude .hg -resolve-src-symlinks /tmp/woop-count53/banc/Woop/Media/sacre-epique.caf /tmp/woop-count53/sim-dd/Build/Products/Debug-iphonesimulator/Woop.app

CpResource /tmp/woop-count53/sim-dd/Build/Products/Debug-iphonesimulator/Woop.app/sacre-commune.caf /tmp/woop-count53/banc/Woop/Media/sacre-commune.caf (in target 'Woop' from project 'Woop')
    cd /tmp/woop-count53/banc
    builtin-copy -exclude .DS_Store -exclude CVS -exclude .svn -exclude .git -exclude .hg -resolve-src-symlinks /tmp/woop-count53/banc/Woop/Media/sacre-commune.caf /tmp/woop-count53/sim-dd/Build/Products/Debug-iphonesimulator/Woop.app

CpResource /tmp/woop-count53/sim-dd/Build/Products/Debug-iphonesimulator/Woop.app/reward-welcome.mp4 /tmp/woop-count53/banc/Woop/Media/reward-welcome.mp4 (in target 'Woop' from project 'Woop')
    cd /tmp/woop-count53/banc
    builtin-copy -exclude .DS_Store -exclude CVS -exclude .svn -exclude .git -exclude .hg -resolve-src-symlinks /tmp/woop-count53/banc/Woop/Media/reward-welcome.mp4 /tmp/woop-count53/sim-dd/Build/Products/Debug-iphonesimulator/Woop.app

CpResource /tmp/woop-count53/sim-dd/Build/Products/Debug-iphonesimulator/Woop.app/reward-welcome-loop.mp4 /tmp/woop-count53/banc/Woop/Media/reward-welcome-loop.mp4 (in target 'Woop' from project 'Woop')
    cd /tmp/woop-count53/banc
    builtin-copy -exclude .DS_Store -exclude CVS -exclude .svn -exclude .git -exclude .hg -resolve-src-symlinks /tmp/woop-count53/banc/Woop/Media/reward-welcome-loop.mp4 /tmp/woop-count53/sim-dd/Build/Products/Debug-iphonesimulator/Woop.app

CpResource /tmp/woop-count53/sim-dd/Build/Products/Debug-iphonesimulator/Woop.app/reward-rare.mp4 /tmp/woop-count53/banc/Woop/Media/reward-rare.mp4 (in target 'Woop' from project 'Woop')
    cd /tmp/woop-count53/banc
    builtin-copy -exclude .DS_Store -exclude CVS -exclude .svn -exclude .git -exclude .hg -resolve-src-symlinks /tmp/woop-count53/banc/Woop/Media/reward-rare.mp4 /tmp/woop-count53/sim-dd/Build/Products/Debug-iphonesimulator/Woop.app

CpResource /tmp/woop-count53/sim-dd/Build/Products/Debug-iphonesimulator/Woop.app/reward-piece-5.mp4 /tmp/woop-count53/banc/Woop/Media/reward-piece-5.mp4 (in target 'Woop' from project 'Woop')
    cd /tmp/woop-count53/banc
    builtin-copy -exclude .DS_Store -exclude CVS -exclude .svn -exclude .git -exclude .hg -resolve-src-symlinks /tmp/woop-count53/banc/Woop/Media/reward-piece-5.mp4 /tmp/woop-count53/sim-dd/Build/Products/Debug-iphonesimulator/Woop.app

CpResource /tmp/woop-count53/sim-dd/Build/Products/Debug-iphonesimulator/Woop.app/reward-piece-4.mp4 /tmp/woop-count53/banc/Woop/Media/reward-piece-4.mp4 (in target 'Woop' from project 'Woop')
    cd /tmp/woop-count53/banc
    builtin-copy -exclude .DS_Store -exclude CVS -exclude .svn -exclude .git -exclude .hg -resolve-src-symlinks /tmp/woop-count53/banc/Woop/Media/reward-piece-4.mp4 /tmp/woop-count53/sim-dd/Build/Products/Debug-iphonesimulator/Woop.app

CpResource /tmp/woop-count53/sim-dd/Build/Products/Debug-iphonesimulator/Woop.app/reward-piece-3.mp4 /tmp/woop-count53/banc/Woop/Media/reward-piece-3.mp4 (in target 'Woop' from project 'Woop')
    cd /tmp/woop-count53/banc
    builtin-copy -exclude .DS_Store -exclude CVS -exclude .svn -exclude .git -exclude .hg -resolve-src-symlinks /tmp/woop-count53/banc/Woop/Media/reward-piece-3.mp4 /tmp/woop-count53/sim-dd/Build/Products/Debug-iphonesimulator/Woop.app

CpResource /tmp/woop-count53/sim-dd/Build/Products/Debug-iphonesimulator/Woop.app/reward-piece-2.mp4 /tmp/woop-count53/banc/Woop/Media/reward-piece-2.mp4 (in target 'Woop' from project 'Woop')
    cd /tmp/woop-count53/banc
    builtin-copy -exclude .DS_Store -exclude CVS -exclude .svn -exclude .git -exclude .hg -resolve-src-symlinks /tmp/woop-count53/banc/Woop/Media/reward-piece-2.mp4 /tmp/woop-count53/sim-dd/Build/Products/Debug-iphonesimulator/Woop.app

CpResource /tmp/woop-count53/sim-dd/Build/Products/Debug-iphonesimulator/Woop.app/reward-piece-1.mp4 /tmp/woop-count53/banc/Woop/Media/reward-piece-1.mp4 (in target 'Woop' from project 'Woop')
    cd /tmp/woop-count53/banc
    builtin-copy -exclude .DS_Store -exclude CVS -exclude .svn -exclude .git -exclude .hg -resolve-src-symlinks /tmp/woop-count53/banc/Woop/Media/reward-piece-1.mp4 /tmp/woop-count53/sim-dd/Build/Products/Debug-iphonesimulator/Woop.app

CpResource /tmp/woop-count53/sim-dd/Build/Products/Debug-iphonesimulator/Woop.app/reward-nosfy-coins.mp4 /tmp/woop-count53/banc/Woop/Media/reward-nosfy-coins.mp4 (in target 'Woop' from project 'Woop')
    cd /tmp/woop-count53/banc
    builtin-copy -exclude .DS_Store -exclude CVS -exclude .svn -exclude .git -exclude .hg -resolve-src-symlinks /tmp/woop-count53/banc/Woop/Media/reward-nosfy-coins.mp4 /tmp/woop-count53/sim-dd/Build/Products/Debug-iphonesimulator/Woop.app

CpResource /tmp/woop-count53/sim-dd/Build/Products/Debug-iphonesimulator/Woop.app/reward-lune.mp4 /tmp/woop-count53/banc/Woop/Media/reward-lune.mp4 (in target 'Woop' from project 'Woop')
    cd /tmp/woop-count53/banc
    builtin-copy -exclude .DS_Store -exclude CVS -exclude .svn -exclude .git -exclude .hg -resolve-src-symlinks /tmp/woop-count53/banc/Woop/Media/reward-lune.mp4 /tmp/woop-count53/sim-dd/Build/Products/Debug-iphonesimulator/Woop.app

CpResource /tmp/woop-count53/sim-dd/Build/Products/Debug-iphonesimulator/Woop.app/reward-fire.mp4 /tmp/woop-count53/banc/Woop/Media/reward-fire.mp4 (in target 'Woop' from project 'Woop')
    cd /tmp/woop-count53/banc
    builtin-copy -exclude .DS_Store -exclude CVS -exclude .svn -exclude .git -exclude .hg -resolve-src-symlinks /tmp/woop-count53/banc/Woop/Media/reward-fire.mp4 /tmp/woop-count53/sim-dd/Build/Products/Debug-iphonesimulator/Woop.app

CpResource /tmp/woop-count53/sim-dd/Build/Products/Debug-iphonesimulator/Woop.app/progress-pill-bas.mp4 /tmp/woop-count53/banc/Woop/Media/progress-pill-bas.mp4 (in target 'Woop' from project 'Woop')
    cd /tmp/woop-count53/banc
    builtin-copy -exclude .DS_Store -exclude CVS -exclude .svn -exclude .git -exclude .hg -resolve-src-symlinks /tmp/woop-count53/banc/Woop/Media/progress-pill-bas.mp4 /tmp/woop-count53/sim-dd/Build/Products/Debug-iphonesimulator/Woop.app

CpResource /tmp/woop-count53/sim-dd/Build/Products/Debug-iphonesimulator/Woop.app/piece-sol.mp4 /tmp/woop-count53/banc/Woop/Media/piece-sol.mp4 (in target 'Woop' from project 'Woop')
    cd /tmp/woop-count53/banc
    builtin-copy -exclude .DS_Store -exclude CVS -exclude .svn -exclude .git -exclude .hg -resolve-src-symlinks /tmp/woop-count53/banc/Woop/Media/piece-sol.mp4 /tmp/woop-count53/sim-dd/Build/Products/Debug-iphonesimulator/Woop.app

CpResource /tmp/woop-count53/sim-dd/Build/Products/Debug-iphonesimulator/Woop.app/piece-bravo.mp4 /tmp/woop-count53/banc/Woop/Media/piece-bravo.mp4 (in target 'Woop' from project 'Woop')
    cd /tmp/woop-count53/banc
    builtin-copy -exclude .DS_Store -exclude CVS -exclude .svn -exclude .git -exclude .hg -resolve-src-symlinks /tmp/woop-count53/banc/Woop/Media/piece-bravo.mp4 /tmp/woop-count53/sim-dd/Build/Products/Debug-iphonesimulator/Woop.app

CpResource /tmp/woop-count53/sim-dd/Build/Products/Debug-iphonesimulator/Woop.app/piece-bravo-loop.mp4 /tmp/woop-count53/banc/Woop/Media/piece-bravo-loop.mp4 (in target 'Woop' from project 'Woop')
    cd /tmp/woop-count53/banc
    builtin-copy -exclude .DS_Store -exclude CVS -exclude .svn -exclude .git -exclude .hg -resolve-src-symlinks /tmp/woop-count53/banc/Woop/Media/piece-bravo-loop.mp4 /tmp/woop-count53/sim-dd/Build/Products/Debug-iphonesimulator/Woop.app

CpResource /tmp/woop-count53/sim-dd/Build/Products/Debug-iphonesimulator/Woop.app/pause-overlay-loop.mp4 /tmp/woop-count53/banc/Woop/Media/pause-overlay-loop.mp4 (in target 'Woop' from project 'Woop')
    cd /tmp/woop-count53/banc
    builtin-copy -exclude .DS_Store -exclude CVS -exclude .svn -exclude .git -exclude .hg -resolve-src-symlinks /tmp/woop-count53/banc/Woop/Media/pause-overlay-loop.mp4 /tmp/woop-count53/sim-dd/Build/Products/Debug-iphonesimulator/Woop.app

CpResource /tmp/woop-count53/sim-dd/Build/Products/Debug-iphonesimulator/Woop.app/onb-track-loop.mp4 /tmp/woop-count53/banc/Woop/Media/onb-track-loop.mp4 (in target 'Woop' from project 'Woop')
    cd /tmp/woop-count53/banc
    builtin-copy -exclude .DS_Store -exclude CVS -exclude .svn -exclude .git -exclude .hg -resolve-src-symlinks /tmp/woop-count53/banc/Woop/Media/onb-track-loop.mp4 /tmp/woop-count53/sim-dd/Build/Products/Debug-iphonesimulator/Woop.app

CpResource /tmp/woop-count53/sim-dd/Build/Products/Debug-iphonesimulator/Woop.app/onb-lune-loop.mp4 /tmp/woop-count53/banc/Woop/Media/onb-lune-loop.mp4 (in target 'Woop' from project 'Woop')
    cd /tmp/woop-count53/banc
    builtin-copy -exclude .DS_Store -exclude CVS -exclude .svn -exclude .git -exclude .hg -resolve-src-symlinks /tmp/woop-count53/banc/Woop/Media/onb-lune-loop.mp4 /tmp/woop-count53/sim-dd/Build/Products/Debug-iphonesimulator/Woop.app

CpResource /tmp/woop-count53/sim-dd/Build/Products/Debug-iphonesimulator/Woop.app/onb-exos-loop.mp4 /tmp/woop-count53/banc/Woop/Media/onb-exos-loop.mp4 (in target 'Woop' from project 'Woop')
    cd /tmp/woop-count53/banc
    builtin-copy -exclude .DS_Store -exclude CVS -exclude .svn -exclude .git -exclude .hg -resolve-src-symlinks /tmp/woop-count53/banc/Woop/Media/onb-exos-loop.mp4 /tmp/woop-count53/sim-dd/Build/Products/Debug-iphonesimulator/Woop.app

CpResource /tmp/woop-count53/sim-dd/Build/Products/Debug-iphonesimulator/Woop.app/onb-arrivee.mp4 /tmp/woop-count53/banc/Woop/Media/onb-arrivee.mp4 (in target 'Woop' from project 'Woop')
    cd /tmp/woop-count53/banc
    builtin-copy -exclude .DS_Store -exclude CVS -exclude .svn -exclude .git -exclude .hg -resolve-src-symlinks /tmp/woop-count53/banc/Woop/Media/onb-arrivee.mp4 /tmp/woop-count53/sim-dd/Build/Products/Debug-iphonesimulator/Woop.app

CpResource /tmp/woop-count53/sim-dd/Build/Products/Debug-iphonesimulator/Woop.app/nosfy-nuit.mp4 /tmp/woop-count53/banc/Woop/Media/nosfy-nuit.mp4 (in target 'Woop' from project 'Woop')
    cd /tmp/woop-count53/banc
    builtin-copy -exclude .DS_Store -exclude CVS -exclude .svn -exclude .git -exclude .hg -resolve-src-symlinks /tmp/woop-count53/banc/Woop/Media/nosfy-nuit.mp4 /tmp/woop-count53/sim-dd/Build/Products/Debug-iphonesimulator/Woop.app

CpResource /tmp/woop-count53/sim-dd/Build/Products/Debug-iphonesimulator/Woop.app/nosfy-notif-loop.mp4 /tmp/woop-count53/banc/Woop/Media/nosfy-notif-loop.mp4 (in target 'Woop' from project 'Woop')
    cd /tmp/woop-count53/banc
    builtin-copy -exclude .DS_Store -exclude CVS -exclude .svn -exclude .git -exclude .hg -resolve-src-symlinks /tmp/woop-count53/banc/Woop/Media/nosfy-notif-loop.mp4 /tmp/woop-count53/sim-dd/Build/Products/Debug-iphonesimulator/Woop.app

CpResource /tmp/woop-count53/sim-dd/Build/Products/Debug-iphonesimulator/Woop.app/nosfy-end.mp4 /tmp/woop-count53/banc/Woop/Media/nosfy-end.mp4 (in target 'Woop' from project 'Woop')
    cd /tmp/woop-count53/banc
    builtin-copy -exclude .DS_Store -exclude CVS -exclude .svn -exclude .git -exclude .hg -resolve-src-symlinks /tmp/woop-count53/banc/Woop/Media/nosfy-end.mp4 /tmp/woop-count53/sim-dd/Build/Products/Debug-iphonesimulator/Woop.app

CpResource /tmp/woop-count53/sim-dd/Build/Products/Debug-iphonesimulator/Woop.app/nosfy-accueil-loop.mp4 /tmp/woop-count53/banc/Woop/Media/nosfy-accueil-loop.mp4 (in target 'Woop' from project 'Woop')
    cd /tmp/woop-count53/banc
    builtin-copy -exclude .DS_Store -exclude CVS -exclude .svn -exclude .git -exclude .hg -resolve-src-symlinks /tmp/woop-count53/banc/Woop/Media/nosfy-accueil-loop.mp4 /tmp/woop-count53/sim-dd/Build/Products/Debug-iphonesimulator/Woop.app

CpResource /tmp/woop-count53/sim-dd/Build/Products/Debug-iphonesimulator/Woop.app/molette-glass-loop.mp4 /tmp/woop-count53/banc/Woop/Media/molette-glass-loop.mp4 (in target 'Woop' from project 'Woop')
    cd /tmp/woop-count53/banc
    builtin-copy -exclude .DS_Store -exclude CVS -exclude .svn -exclude .git -exclude .hg -resolve-src-symlinks /tmp/woop-count53/banc/Woop/Media/molette-glass-loop.mp4 /tmp/woop-count53/sim-dd/Build/Products/Debug-iphonesimulator/Woop.app

CpResource /tmp/woop-count53/sim-dd/Build/Products/Debug-iphonesimulator/Woop.app/manege-nappe.caf /tmp/woop-count53/banc/Woop/Media/manege-nappe.caf (in target 'Woop' from project 'Woop')
    cd /tmp/woop-count53/banc
    builtin-copy -exclude .DS_Store -exclude CVS -exclude .svn -exclude .git -exclude .hg -resolve-src-symlinks /tmp/woop-count53/banc/Woop/Media/manege-nappe.caf /tmp/woop-count53/sim-dd/Build/Products/Debug-iphonesimulator/Woop.app

CpResource /tmp/woop-count53/sim-dd/Build/Products/Debug-iphonesimulator/Woop.app/ile-sortie.wav /tmp/woop-count53/banc/Woop/Media/ile-sortie.wav (in target 'Woop' from project 'Woop')
    cd /tmp/woop-count53/banc
    builtin-copy -exclude .DS_Store -exclude CVS -exclude .svn -exclude .git -exclude .hg -resolve-src-symlinks /tmp/woop-count53/banc/Woop/Media/ile-sortie.wav /tmp/woop-count53/sim-dd/Build/Products/Debug-iphonesimulator/Woop.app

CpResource /tmp/woop-count53/sim-dd/Build/Products/Debug-iphonesimulator/Woop.app/ile-entree.wav /tmp/woop-count53/banc/Woop/Media/ile-entree.wav (in target 'Woop' from project 'Woop')
    cd /tmp/woop-count53/banc
    builtin-copy -exclude .DS_Store -exclude CVS -exclude .svn -exclude .git -exclude .hg -resolve-src-symlinks /tmp/woop-count53/banc/Woop/Media/ile-entree.wav /tmp/woop-count53/sim-dd/Build/Products/Debug-iphonesimulator/Woop.app

CpResource /tmp/woop-count53/sim-dd/Build/Products/Debug-iphonesimulator/Woop.app/home-textes.json /tmp/woop-count53/banc/Woop/Resources/home-textes.json (in target 'Woop' from project 'Woop')
    cd /tmp/woop-count53/banc
    builtin-copy -exclude .DS_Store -exclude CVS -exclude .svn -exclude .git -exclude .hg -resolve-src-symlinks /tmp/woop-count53/banc/Woop/Resources/home-textes.json /tmp/woop-count53/sim-dd/Build/Products/Debug-iphonesimulator/Woop.app

CpResource /tmp/woop-count53/sim-dd/Build/Products/Debug-iphonesimulator/Woop.app/home-fond-precompose-393x709.mp4 /tmp/woop-count53/banc/Woop/Media/home-fond-precompose-393x709.mp4 (in target 'Woop' from project 'Woop')
    cd /tmp/woop-count53/banc
    builtin-copy -exclude .DS_Store -exclude CVS -exclude .svn -exclude .git -exclude .hg -resolve-src-symlinks /tmp/woop-count53/banc/Woop/Media/home-fond-precompose-393x709.mp4 /tmp/woop-count53/sim-dd/Build/Products/Debug-iphonesimulator/Woop.app

CpResource /tmp/woop-count53/sim-dd/Build/Products/Debug-iphonesimulator/Woop.app/home-fond-pilule.mp4 /tmp/woop-count53/banc/Woop/Media/home-fond-pilule.mp4 (in target 'Woop' from project 'Woop')
    cd /tmp/woop-count53/banc
    builtin-copy -exclude .DS_Store -exclude CVS -exclude .svn -exclude .git -exclude .hg -resolve-src-symlinks /tmp/woop-count53/banc/Woop/Media/home-fond-pilule.mp4 /tmp/woop-count53/sim-dd/Build/Products/Debug-iphonesimulator/Woop.app

CpResource /tmp/woop-count53/sim-dd/Build/Products/Debug-iphonesimulator/Woop.app/home-fond-loop.mp4 /tmp/woop-count53/banc/Woop/Media/home-fond-loop.mp4 (in target 'Woop' from project 'Woop')
    cd /tmp/woop-count53/banc
    builtin-copy -exclude .DS_Store -exclude CVS -exclude .svn -exclude .git -exclude .hg -resolve-src-symlinks /tmp/woop-count53/banc/Woop/Media/home-fond-loop.mp4 /tmp/woop-count53/sim-dd/Build/Products/Debug-iphonesimulator/Woop.app

CpResource /tmp/woop-count53/sim-dd/Build/Products/Debug-iphonesimulator/Woop.app/home-fond-flamme.mp4 /tmp/woop-count53/banc/Woop/Media/home-fond-flamme.mp4 (in target 'Woop' from project 'Woop')
    cd /tmp/woop-count53/banc
    builtin-copy -exclude .DS_Store -exclude CVS -exclude .svn -exclude .git -exclude .hg -resolve-src-symlinks /tmp/woop-count53/banc/Woop/Media/home-fond-flamme.mp4 /tmp/woop-count53/sim-dd/Build/Products/Debug-iphonesimulator/Woop.app

CpResource /tmp/woop-count53/sim-dd/Build/Products/Debug-iphonesimulator/Woop.app/fond-matrice-loop.mp4 /tmp/woop-count53/banc/Woop/Media/fond-matrice-loop.mp4 (in target 'Woop' from project 'Woop')
    cd /tmp/woop-count53/banc
    builtin-copy -exclude .DS_Store -exclude CVS -exclude .svn -exclude .git -exclude .hg -resolve-src-symlinks /tmp/woop-count53/banc/Woop/Media/fond-matrice-loop.mp4 /tmp/woop-count53/sim-dd/Build/Products/Debug-iphonesimulator/Woop.app

CpResource /tmp/woop-count53/sim-dd/Build/Products/Debug-iphonesimulator/Woop.app/flamme_overlay.mp4 /tmp/woop-count53/banc/Woop/Media/flamme_overlay.mp4 (in target 'Woop' from project 'Woop')
    cd /tmp/woop-count53/banc
    builtin-copy -exclude .DS_Store -exclude CVS -exclude .svn -exclude .git -exclude .hg -resolve-src-symlinks /tmp/woop-count53/banc/Woop/Media/flamme_overlay.mp4 /tmp/woop-count53/sim-dd/Build/Products/Debug-iphonesimulator/Woop.app

CpResource /tmp/woop-count53/sim-dd/Build/Products/Debug-iphonesimulator/Woop.app/feerie-carillon.caf /tmp/woop-count53/banc/Woop/Media/feerie-carillon.caf (in target 'Woop' from project 'Woop')
    cd /tmp/woop-count53/banc
    builtin-copy -exclude .DS_Store -exclude CVS -exclude .svn -exclude .git -exclude .hg -resolve-src-symlinks /tmp/woop-count53/banc/Woop/Media/feerie-carillon.caf /tmp/woop-count53/sim-dd/Build/Products/Debug-iphonesimulator/Woop.app

CpResource /tmp/woop-count53/sim-dd/Build/Products/Debug-iphonesimulator/Woop.app/exos-fond-loop.mp4 /tmp/woop-count53/banc/Woop/Media/exos-fond-loop.mp4 (in target 'Woop' from project 'Woop')
    cd /tmp/woop-count53/banc
    builtin-copy -exclude .DS_Store -exclude CVS -exclude .svn -exclude .git -exclude .hg -resolve-src-symlinks /tmp/woop-count53/banc/Woop/Media/exos-fond-loop.mp4 /tmp/woop-count53/sim-dd/Build/Products/Debug-iphonesimulator/Woop.app

CpResource /tmp/woop-count53/sim-dd/Build/Products/Debug-iphonesimulator/Woop.app/duo-nosfy-reward.mp4 /tmp/woop-count53/banc/Woop/Media/duo-nosfy-reward.mp4 (in target 'Woop' from project 'Woop')
    cd /tmp/woop-count53/banc
    builtin-copy -exclude .DS_Store -exclude CVS -exclude .svn -exclude .git -exclude .hg -resolve-src-symlinks /tmp/woop-count53/banc/Woop/Media/duo-nosfy-reward.mp4 /tmp/woop-count53/sim-dd/Build/Products/Debug-iphonesimulator/Woop.app

CpResource /tmp/woop-count53/sim-dd/Build/Products/Debug-iphonesimulator/Woop.app/duo-galet-rougebleu.mp4 /tmp/woop-count53/banc/Woop/Media/duo-galet-rougebleu.mp4 (in target 'Woop' from project 'Woop')
    cd /tmp/woop-count53/banc
    builtin-copy -exclude .DS_Store -exclude CVS -exclude .svn -exclude .git -exclude .hg -resolve-src-symlinks /tmp/woop-count53/banc/Woop/Media/duo-galet-rougebleu.mp4 /tmp/woop-count53/sim-dd/Build/Products/Debug-iphonesimulator/Woop.app

CpResource /tmp/woop-count53/sim-dd/Build/Products/Debug-iphonesimulator/Woop.app/duo-galet-rouge.mp4 /tmp/woop-count53/banc/Woop/Media/duo-galet-rouge.mp4 (in target 'Woop' from project 'Woop')
    cd /tmp/woop-count53/banc
    builtin-copy -exclude .DS_Store -exclude CVS -exclude .svn -exclude .git -exclude .hg -resolve-src-symlinks /tmp/woop-count53/banc/Woop/Media/duo-galet-rouge.mp4 /tmp/woop-count53/sim-dd/Build/Products/Debug-iphonesimulator/Woop.app

CpResource /tmp/woop-count53/sim-dd/Build/Products/Debug-iphonesimulator/Woop.app/duo-galet-noir.mp4 /tmp/woop-count53/banc/Woop/Media/duo-galet-noir.mp4 (in target 'Woop' from project 'Woop')
    cd /tmp/woop-count53/banc
    builtin-copy -exclude .DS_Store -exclude CVS -exclude .svn -exclude .git -exclude .hg -resolve-src-symlinks /tmp/woop-count53/banc/Woop/Media/duo-galet-noir.mp4 /tmp/woop-count53/sim-dd/Build/Products/Debug-iphonesimulator/Woop.app

CpResource /tmp/woop-count53/sim-dd/Build/Products/Debug-iphonesimulator/Woop.app/duo-flamme-bleue.mp4 /tmp/woop-count53/banc/Woop/Media/duo-flamme-bleue.mp4 (in target 'Woop' from project 'Woop')
    cd /tmp/woop-count53/banc
    builtin-copy -exclude .DS_Store -exclude CVS -exclude .svn -exclude .git -exclude .hg -resolve-src-symlinks /tmp/woop-count53/banc/Woop/Media/duo-flamme-bleue.mp4 /tmp/woop-count53/sim-dd/Build/Products/Debug-iphonesimulator/Woop.app

CpResource /tmp/woop-count53/sim-dd/Build/Products/Debug-iphonesimulator/Woop.app/duo-feu-rouge.mp4 /tmp/woop-count53/banc/Woop/Media/duo-feu-rouge.mp4 (in target 'Woop' from project 'Woop')
    cd /tmp/woop-count53/banc
    builtin-copy -exclude .DS_Store -exclude CVS -exclude .svn -exclude .git -exclude .hg -resolve-src-symlinks /tmp/woop-count53/banc/Woop/Media/duo-feu-rouge.mp4 /tmp/woop-count53/sim-dd/Build/Products/Debug-iphonesimulator/Woop.app

CpResource /tmp/woop-count53/sim-dd/Build/Products/Debug-iphonesimulator/Woop.app/duo-feu-blanc.mp4 /tmp/woop-count53/banc/Woop/Media/duo-feu-blanc.mp4 (in target 'Woop' from project 'Woop')
    cd /tmp/woop-count53/banc
    builtin-copy -exclude .DS_Store -exclude CVS -exclude .svn -exclude .git -exclude .hg -resolve-src-symlinks /tmp/woop-count53/banc/Woop/Media/duo-feu-blanc.mp4 /tmp/woop-count53/sim-dd/Build/Products/Debug-iphonesimulator/Woop.app

CpResource /tmp/woop-count53/sim-dd/Build/Products/Debug-iphonesimulator/Woop.app/dechirure-lente.caf /tmp/woop-count53/banc/Woop/Media/dechirure-lente.caf (in target 'Woop' from project 'Woop')
    cd /tmp/woop-count53/banc
    builtin-copy -exclude .DS_Store -exclude CVS -exclude .svn -exclude .git -exclude .hg -resolve-src-symlinks /tmp/woop-count53/banc/Woop/Media/dechirure-lente.caf /tmp/woop-count53/sim-dd/Build/Products/Debug-iphonesimulator/Woop.app

CpResource /tmp/woop-count53/sim-dd/Build/Products/Debug-iphonesimulator/Woop.app/dechirure-franche.caf /tmp/woop-count53/banc/Woop/Media/dechirure-franche.caf (in target 'Woop' from project 'Woop')
    cd /tmp/woop-count53/banc
    builtin-copy -exclude .DS_Store -exclude CVS -exclude .svn -exclude .git -exclude .hg -resolve-src-symlinks /tmp/woop-count53/banc/Woop/Media/dechirure-franche.caf /tmp/woop-count53/sim-dd/Build/Products/Debug-iphonesimulator/Woop.app

CpResource /tmp/woop-count53/sim-dd/Build/Products/Debug-iphonesimulator/Woop.app/dechirure-finale.caf /tmp/woop-count53/banc/Woop/Media/dechirure-finale.caf (in target 'Woop' from project 'Woop')
    cd /tmp/woop-count53/banc
    builtin-copy -exclude .DS_Store -exclude CVS -exclude .svn -exclude .git -exclude .hg -resolve-src-symlinks /tmp/woop-count53/banc/Woop/Media/dechirure-finale.caf /tmp/woop-count53/sim-dd/Build/Products/Debug-iphonesimulator/Woop.app

CpResource /tmp/woop-count53/sim-dd/Build/Products/Debug-iphonesimulator/Woop.app/count.mp4 /tmp/woop-count53/banc/Woop/Media/count.mp4 (in target 'Woop' from project 'Woop')
    cd /tmp/woop-count53/banc
    builtin-copy -exclude .DS_Store -exclude CVS -exclude .svn -exclude .git -exclude .hg -resolve-src-symlinks /tmp/woop-count53/banc/Woop/Media/count.mp4 /tmp/woop-count53/sim-dd/Build/Products/Debug-iphonesimulator/Woop.app

CpResource /tmp/woop-count53/sim-dd/Build/Products/Debug-iphonesimulator/Woop.app/coffre-spot-loop.mp4 /tmp/woop-count53/banc/Woop/Media/coffre-spot-loop.mp4 (in target 'Woop' from project 'Woop')
    cd /tmp/woop-count53/banc
    builtin-copy -exclude .DS_Store -exclude CVS -exclude .svn -exclude .git -exclude .hg -resolve-src-symlinks /tmp/woop-count53/banc/Woop/Media/coffre-spot-loop.mp4 /tmp/woop-count53/sim-dd/Build/Products/Debug-iphonesimulator/Woop.app

CpResource /tmp/woop-count53/sim-dd/Build/Products/Debug-iphonesimulator/Woop.app/coffre-salut.mp4 /tmp/woop-count53/banc/Woop/Media/coffre-salut.mp4 (in target 'Woop' from project 'Woop')
    cd /tmp/woop-count53/banc
    builtin-copy -exclude .DS_Store -exclude CVS -exclude .svn -exclude .git -exclude .hg -resolve-src-symlinks /tmp/woop-count53/banc/Woop/Media/coffre-salut.mp4 /tmp/woop-count53/sim-dd/Build/Products/Debug-iphonesimulator/Woop.app

CpResource /tmp/woop-count53/sim-dd/Build/Products/Debug-iphonesimulator/Woop.app/coffre-salle-loop.mp4 /tmp/woop-count53/banc/Woop/Media/coffre-salle-loop.mp4 (in target 'Woop' from project 'Woop')
    cd /tmp/woop-count53/banc
    builtin-copy -exclude .DS_Store -exclude CVS -exclude .svn -exclude .git -exclude .hg -resolve-src-symlinks /tmp/woop-count53/banc/Woop/Media/coffre-salle-loop.mp4 /tmp/woop-count53/sim-dd/Build/Products/Debug-iphonesimulator/Woop.app

CpResource /tmp/woop-count53/sim-dd/Build/Products/Debug-iphonesimulator/Woop.app/coffre-beau.mp4 /tmp/woop-count53/banc/Woop/Media/coffre-beau.mp4 (in target 'Woop' from project 'Woop')
    cd /tmp/woop-count53/banc
    builtin-copy -exclude .DS_Store -exclude CVS -exclude .svn -exclude .git -exclude .hg -resolve-src-symlinks /tmp/woop-count53/banc/Woop/Media/coffre-beau.mp4 /tmp/woop-count53/sim-dd/Build/Products/Debug-iphonesimulator/Woop.app

CpResource /tmp/woop-count53/sim-dd/Build/Products/Debug-iphonesimulator/Woop.app/coffre-arrivee.mp4 /tmp/woop-count53/banc/Woop/Media/coffre-arrivee.mp4 (in target 'Woop' from project 'Woop')
    cd /tmp/woop-count53/banc
    builtin-copy -exclude .DS_Store -exclude CVS -exclude .svn -exclude .git -exclude .hg -resolve-src-symlinks /tmp/woop-count53/banc/Woop/Media/coffre-arrivee.mp4 /tmp/woop-count53/sim-dd/Build/Products/Debug-iphonesimulator/Woop.app

CpResource /tmp/woop-count53/sim-dd/Build/Products/Debug-iphonesimulator/Woop.app/braise-veille.caf /tmp/woop-count53/banc/Woop/Media/braise-veille.caf (in target 'Woop' from project 'Woop')
    cd /tmp/woop-count53/banc
    builtin-copy -exclude .DS_Store -exclude CVS -exclude .svn -exclude .git -exclude .hg -resolve-src-symlinks /tmp/woop-count53/banc/Woop/Media/braise-veille.caf /tmp/woop-count53/sim-dd/Build/Products/Debug-iphonesimulator/Woop.app

CpResource /tmp/woop-count53/sim-dd/Build/Products/Debug-iphonesimulator/Woop.app/booster.bin /tmp/woop-count53/banc/Woop/Media/booster.bin (in target 'Woop' from project 'Woop')
    cd /tmp/woop-count53/banc
    builtin-copy -exclude .DS_Store -exclude CVS -exclude .svn -exclude .git -exclude .hg -resolve-src-symlinks /tmp/woop-count53/banc/Woop/Media/booster.bin /tmp/woop-count53/sim-dd/Build/Products/Debug-iphonesimulator/Woop.app

CpResource /tmp/woop-count53/sim-dd/Build/Products/Debug-iphonesimulator/Woop.app/booster-loop.mp4 /tmp/woop-count53/banc/Woop/Media/booster-loop.mp4 (in target 'Woop' from project 'Woop')
    cd /tmp/woop-count53/banc
    builtin-copy -exclude .DS_Store -exclude CVS -exclude .svn -exclude .git -exclude .hg -resolve-src-symlinks /tmp/woop-count53/banc/Woop/Media/booster-loop.mp4 /tmp/woop-count53/sim-dd/Build/Products/Debug-iphonesimulator/Woop.app

CpResource /tmp/woop-count53/sim-dd/Build/Products/Debug-iphonesimulator/Woop.app/booster-loop-noir.mp4 /tmp/woop-count53/banc/Woop/Media/booster-loop-noir.mp4 (in target 'Woop' from project 'Woop')
    cd /tmp/woop-count53/banc
    builtin-copy -exclude .DS_Store -exclude CVS -exclude .svn -exclude .git -exclude .hg -resolve-src-symlinks /tmp/woop-count53/banc/Woop/Media/booster-loop-noir.mp4 /tmp/woop-count53/sim-dd/Build/Products/Debug-iphonesimulator/Woop.app

CpResource /tmp/woop-count53/sim-dd/Build/Products/Debug-iphonesimulator/Woop.app/booster-dot-loop.mp4 /tmp/woop-count53/banc/Woop/Media/booster-dot-loop.mp4 (in target 'Woop' from project 'Woop')
    cd /tmp/woop-count53/banc
    builtin-copy -exclude .DS_Store -exclude CVS -exclude .svn -exclude .git -exclude .hg -resolve-src-symlinks /tmp/woop-count53/banc/Woop/Media/booster-dot-loop.mp4 /tmp/woop-count53/sim-dd/Build/Products/Debug-iphonesimulator/Woop.app

CpResource /tmp/woop-count53/sim-dd/Build/Products/Debug-iphonesimulator/Woop.app/background-calendar-loop.mp4 /tmp/woop-count53/banc/Woop/Media/background-calendar-loop.mp4 (in target 'Woop' from project 'Woop')
    cd /tmp/woop-count53/banc
    builtin-copy -exclude .DS_Store -exclude CVS -exclude .svn -exclude .git -exclude .hg -resolve-src-symlinks /tmp/woop-count53/banc/Woop/Media/background-calendar-loop.mp4 /tmp/woop-count53/sim-dd/Build/Products/Debug-iphonesimulator/Woop.app

CpResource /tmp/woop-count53/sim-dd/Build/Products/Debug-iphonesimulator/Woop.app/PoussiereLune.wav /tmp/woop-count53/banc/Woop/Media/PoussiereLune.wav (in target 'Woop' from project 'Woop')
    cd /tmp/woop-count53/banc
    builtin-copy -exclude .DS_Store -exclude CVS -exclude .svn -exclude .git -exclude .hg -resolve-src-symlinks /tmp/woop-count53/banc/Woop/Media/PoussiereLune.wav /tmp/woop-count53/sim-dd/Build/Products/Debug-iphonesimulator/Woop.app

CpResource /tmp/woop-count53/sim-dd/Build/Products/Debug-iphonesimulator/Woop.app/Paillette.wav /tmp/woop-count53/banc/Woop/Sounds/Paillette.wav (in target 'Woop' from project 'Woop')
    cd /tmp/woop-count53/banc
    builtin-copy -exclude .DS_Store -exclude CVS -exclude .svn -exclude .git -exclude .hg -resolve-src-symlinks /tmp/woop-count53/banc/Woop/Sounds/Paillette.wav /tmp/woop-count53/sim-dd/Build/Products/Debug-iphonesimulator/Woop.app

CpResource /tmp/woop-count53/sim-dd/Build/Products/Debug-iphonesimulator/Woop.app/NosfyTheme.m4a /tmp/woop-count53/banc/Woop/Sounds/NosfyTheme.m4a (in target 'Woop' from project 'Woop')
    cd /tmp/woop-count53/banc
    builtin-copy -exclude .DS_Store -exclude CVS -exclude .svn -exclude .git -exclude .hg -resolve-src-symlinks /tmp/woop-count53/banc/Woop/Sounds/NosfyTheme.m4a /tmp/woop-count53/sim-dd/Build/Products/Debug-iphonesimulator/Woop.app

CpResource /tmp/woop-count53/sim-dd/Build/Products/Debug-iphonesimulator/Woop.app/NosfyTap.wav /tmp/woop-count53/banc/Woop/Sounds/NosfyTap.wav (in target 'Woop' from project 'Woop')
    cd /tmp/woop-count53/banc
    builtin-copy -exclude .DS_Store -exclude CVS -exclude .svn -exclude .git -exclude .hg -resolve-src-symlinks /tmp/woop-count53/banc/Woop/Sounds/NosfyTap.wav /tmp/woop-count53/sim-dd/Build/Products/Debug-iphonesimulator/Woop.app

CpResource /tmp/woop-count53/sim-dd/Build/Products/Debug-iphonesimulator/Woop.app/NosfyPaillette.wav /tmp/woop-count53/banc/Woop/Sounds/NosfyPaillette.wav (in target 'Woop' from project 'Woop')
    cd /tmp/woop-count53/banc
    builtin-copy -exclude .DS_Store -exclude CVS -exclude .svn -exclude .git -exclude .hg -resolve-src-symlinks /tmp/woop-count53/banc/Woop/Sounds/NosfyPaillette.wav /tmp/woop-count53/sim-dd/Build/Products/Debug-iphonesimulator/Woop.app

CpResource /tmp/woop-count53/sim-dd/Build/Products/Debug-iphonesimulator/Woop.app/NosfyFin.m4a /tmp/woop-count53/banc/Woop/Sounds/NosfyFin.m4a (in target 'Woop' from project 'Woop')
    cd /tmp/woop-count53/banc
    builtin-copy -exclude .DS_Store -exclude CVS -exclude .svn -exclude .git -exclude .hg -resolve-src-symlinks /tmp/woop-count53/banc/Woop/Sounds/NosfyFin.m4a /tmp/woop-count53/sim-dd/Build/Products/Debug-iphonesimulator/Woop.app

CpResource /tmp/woop-count53/sim-dd/Build/Products/Debug-iphonesimulator/Woop.app/NeonIgnite.wav /tmp/woop-count53/banc/Woop/Sounds/NeonIgnite.wav (in target 'Woop' from project 'Woop')
    cd /tmp/woop-count53/banc
    builtin-copy -exclude .DS_Store -exclude CVS -exclude .svn -exclude .git -exclude .hg -resolve-src-symlinks /tmp/woop-count53/banc/Woop/Sounds/NeonIgnite.wav /tmp/woop-count53/sim-dd/Build/Products/Debug-iphonesimulator/Woop.app

CpResource /tmp/woop-count53/sim-dd/Build/Products/Debug-iphonesimulator/Woop.app/MoonSplashTheme.m4a /tmp/woop-count53/banc/Woop/Sounds/MoonSplashTheme.m4a (in target 'Woop' from project 'Woop')
    cd /tmp/woop-count53/banc
    builtin-copy -exclude .DS_Store -exclude CVS -exclude .svn -exclude .git -exclude .hg -resolve-src-symlinks /tmp/woop-count53/banc/Woop/Sounds/MoonSplashTheme.m4a /tmp/woop-count53/sim-dd/Build/Products/Debug-iphonesimulator/Woop.app

CpResource /tmp/woop-count53/sim-dd/Build/Products/Debug-iphonesimulator/Woop.app/MoonSDF.bin /tmp/woop-count53/banc/Woop/MoonSDF.bin (in target 'Woop' from project 'Woop')
    cd /tmp/woop-count53/banc
    builtin-copy -exclude .DS_Store -exclude CVS -exclude .svn -exclude .git -exclude .hg -resolve-src-symlinks /tmp/woop-count53/banc/Woop/MoonSDF.bin /tmp/woop-count53/sim-dd/Build/Products/Debug-iphonesimulator/Woop.app

CpResource /tmp/woop-count53/sim-dd/Build/Products/Debug-iphonesimulator/Woop.app/MoonGraze.wav /tmp/woop-count53/banc/Woop/Sounds/MoonGraze.wav (in target 'Woop' from project 'Woop')
    cd /tmp/woop-count53/banc
    builtin-copy -exclude .DS_Store -exclude CVS -exclude .svn -exclude .git -exclude .hg -resolve-src-symlinks /tmp/woop-count53/banc/Woop/Sounds/MoonGraze.wav /tmp/woop-count53/sim-dd/Build/Products/Debug-iphonesimulator/Woop.app

CpResource /tmp/woop-count53/sim-dd/Build/Products/Debug-iphonesimulator/Woop.app/MoonGlide.wav /tmp/woop-count53/banc/Woop/Sounds/MoonGlide.wav (in target 'Woop' from project 'Woop')
    cd /tmp/woop-count53/banc
    builtin-copy -exclude .DS_Store -exclude CVS -exclude .svn -exclude .git -exclude .hg -resolve-src-symlinks /tmp/woop-count53/banc/Woop/Sounds/MoonGlide.wav /tmp/woop-count53/sim-dd/Build/Products/Debug-iphonesimulator/Woop.app

CpResource /tmp/woop-count53/sim-dd/Build/Products/Debug-iphonesimulator/Woop.app/LuneSangTheme.m4a /tmp/woop-count53/banc/Woop/Sounds/LuneSangTheme.m4a (in target 'Woop' from project 'Woop')
    cd /tmp/woop-count53/banc
    builtin-copy -exclude .DS_Store -exclude CVS -exclude .svn -exclude .git -exclude .hg -resolve-src-symlinks /tmp/woop-count53/banc/Woop/Sounds/LuneSangTheme.m4a /tmp/woop-count53/sim-dd/Build/Products/Debug-iphonesimulator/Woop.app

CpResource /tmp/woop-count53/sim-dd/Build/Products/Debug-iphonesimulator/Woop.app/LensTheme.m4a /tmp/woop-count53/banc/Woop/Sounds/LensTheme.m4a (in target 'Woop' from project 'Woop')
    cd /tmp/woop-count53/banc
    builtin-copy -exclude .DS_Store -exclude CVS -exclude .svn -exclude .git -exclude .hg -resolve-src-symlinks /tmp/woop-count53/banc/Woop/Sounds/LensTheme.m4a /tmp/woop-count53/sim-dd/Build/Products/Debug-iphonesimulator/Woop.app

CpResource /tmp/woop-count53/sim-dd/Build/Products/Debug-iphonesimulator/Woop.app/Inter-SemiBold.otf /tmp/woop-count53/banc/Woop/Fonts/Inter-SemiBold.otf (in target 'Woop' from project 'Woop')
    cd /tmp/woop-count53/banc
    builtin-copy -exclude .DS_Store -exclude CVS -exclude .svn -exclude .git -exclude .hg -resolve-src-symlinks /tmp/woop-count53/banc/Woop/Fonts/Inter-SemiBold.otf /tmp/woop-count53/sim-dd/Build/Products/Debug-iphonesimulator/Woop.app

CpResource /tmp/woop-count53/sim-dd/Build/Products/Debug-iphonesimulator/Woop.app/Inter-Regular.otf /tmp/woop-count53/banc/Woop/Fonts/Inter-Regular.otf (in target 'Woop' from project 'Woop')
    cd /tmp/woop-count53/banc
    builtin-copy -exclude .DS_Store -exclude CVS -exclude .svn -exclude .git -exclude .hg -resolve-src-symlinks /tmp/woop-count53/banc/Woop/Fonts/Inter-Regular.otf /tmp/woop-count53/sim-dd/Build/Products/Debug-iphonesimulator/Woop.app

CpResource /tmp/woop-count53/sim-dd/Build/Products/Debug-iphonesimulator/Woop.app/Inter-Medium.otf /tmp/woop-count53/banc/Woop/Fonts/Inter-Medium.otf (in target 'Woop' from project 'Woop')
    cd /tmp/woop-count53/banc
    builtin-copy -exclude .DS_Store -exclude CVS -exclude .svn -exclude .git -exclude .hg -resolve-src-symlinks /tmp/woop-count53/banc/Woop/Fonts/Inter-Medium.otf /tmp/woop-count53/sim-dd/Build/Products/Debug-iphonesimulator/Woop.app

CpResource /tmp/woop-count53/sim-dd/Build/Products/Debug-iphonesimulator/Woop.app/Inter-Light.otf /tmp/woop-count53/banc/Woop/Fonts/Inter-Light.otf (in target 'Woop' from project 'Woop')
    cd /tmp/woop-count53/banc
    builtin-copy -exclude .DS_Store -exclude CVS -exclude .svn -exclude .git -exclude .hg -resolve-src-symlinks /tmp/woop-count53/banc/Woop/Fonts/Inter-Light.otf /tmp/woop-count53/sim-dd/Build/Products/Debug-iphonesimulator/Woop.app

CpResource /tmp/woop-count53/sim-dd/Build/Products/Debug-iphonesimulator/Woop.app/Inter-Bold.otf /tmp/woop-count53/banc/Woop/Fonts/Inter-Bold.otf (in target 'Woop' from project 'Woop')
    cd /tmp/woop-count53/banc
    builtin-copy -exclude .DS_Store -exclude CVS -exclude .svn -exclude .git -exclude .hg -resolve-src-symlinks /tmp/woop-count53/banc/Woop/Fonts/Inter-Bold.otf /tmp/woop-count53/sim-dd/Build/Products/Debug-iphonesimulator/Woop.app

CpResource /tmp/woop-count53/sim-dd/Build/Products/Debug-iphonesimulator/Woop.app/DialTock.wav /tmp/woop-count53/banc/Woop/Sounds/DialTock.wav (in target 'Woop' from project 'Woop')
    cd /tmp/woop-count53/banc
    builtin-copy -exclude .DS_Store -exclude CVS -exclude .svn -exclude .git -exclude .hg -resolve-src-symlinks /tmp/woop-count53/banc/Woop/Sounds/DialTock.wav /tmp/woop-count53/sim-dd/Build/Products/Debug-iphonesimulator/Woop.app

CpResource /tmp/woop-count53/sim-dd/Build/Products/Debug-iphonesimulator/Woop.app/DialTick.wav /tmp/woop-count53/banc/Woop/Sounds/DialTick.wav (in target 'Woop' from project 'Woop')
    cd /tmp/woop-count53/banc
    builtin-copy -exclude .DS_Store -exclude CVS -exclude .svn -exclude .git -exclude .hg -resolve-src-symlinks /tmp/woop-count53/banc/Woop/Sounds/DialTick.wav /tmp/woop-count53/sim-dd/Build/Products/Debug-iphonesimulator/Woop.app

CpResource /tmp/woop-count53/sim-dd/Build/Products/Debug-iphonesimulator/Woop.app/DialTap.wav /tmp/woop-count53/banc/Woop/Sounds/DialTap.wav (in target 'Woop' from project 'Woop')
    cd /tmp/woop-count53/banc
    builtin-copy -exclude .DS_Store -exclude CVS -exclude .svn -exclude .git -exclude .hg -resolve-src-symlinks /tmp/woop-count53/banc/Woop/Sounds/DialTap.wav /tmp/woop-count53/sim-dd/Build/Products/Debug-iphonesimulator/Woop.app

CpResource /tmp/woop-count53/sim-dd/Build/Products/Debug-iphonesimulator/Woop.app/CoinChink.wav /tmp/woop-count53/banc/Woop/Media/CoinChink.wav (in target 'Woop' from project 'Woop')
    cd /tmp/woop-count53/banc
    builtin-copy -exclude .DS_Store -exclude CVS -exclude .svn -exclude .git -exclude .hg -resolve-src-symlinks /tmp/woop-count53/banc/Woop/Media/CoinChink.wav /tmp/woop-count53/sim-dd/Build/Products/Debug-iphonesimulator/Woop.app

CpResource /tmp/woop-count53/sim-dd/Build/Products/Debug-iphonesimulator/Woop.app/BoosterLeve.wav /tmp/woop-count53/banc/Woop/Media/BoosterLeve.wav (in target 'Woop' from project 'Woop')
    cd /tmp/woop-count53/banc
    builtin-copy -exclude .DS_Store -exclude CVS -exclude .svn -exclude .git -exclude .hg -resolve-src-symlinks /tmp/woop-count53/banc/Woop/Media/BoosterLeve.wav /tmp/woop-count53/sim-dd/Build/Products/Debug-iphonesimulator/Woop.app

CpResource /tmp/woop-count53/sim-dd/Build/Products/Debug-iphonesimulator/Woop.app/AuroraSwipe.wav /tmp/woop-count53/banc/Woop/Sounds/AuroraSwipe.wav (in target 'Woop' from project 'Woop')
    cd /tmp/woop-count53/banc
    builtin-copy -exclude .DS_Store -exclude CVS -exclude .svn -exclude .git -exclude .hg -resolve-src-symlinks /tmp/woop-count53/banc/Woop/Sounds/AuroraSwipe.wav /tmp/woop-count53/sim-dd/Build/Products/Debug-iphonesimulator/Woop.app

CpResource /tmp/woop-count53/sim-dd/Build/Products/Debug-iphonesimulator/Woop.app/AuroraSparkle.wav /tmp/woop-count53/banc/Woop/Sounds/AuroraSparkle.wav (in target 'Woop' from project 'Woop')
    cd /tmp/woop-count53/banc
    builtin-copy -exclude .DS_Store -exclude CVS -exclude .svn -exclude .git -exclude .hg -resolve-src-symlinks /tmp/woop-count53/banc/Woop/Sounds/AuroraSparkle.wav /tmp/woop-count53/sim-dd/Build/Products/Debug-iphonesimulator/Woop.app

CpResource /tmp/woop-count53/sim-dd/Build/Products/Debug-iphonesimulator/Woop.app/AuroraBreath.wav /tmp/woop-count53/banc/Woop/Sounds/AuroraBreath.wav (in target 'Woop' from project 'Woop')
    cd /tmp/woop-count53/banc
    builtin-copy -exclude .DS_Store -exclude CVS -exclude .svn -exclude .git -exclude .hg -resolve-src-symlinks /tmp/woop-count53/banc/Woop/Sounds/AuroraBreath.wav /tmp/woop-count53/sim-dd/Build/Products/Debug-iphonesimulator/Woop.app

CopyPNGFile /tmp/woop-count53/sim-dd/Build/Products/Debug-iphonesimulator/Woop.app/coffre-spot.png /tmp/woop-count53/banc/Woop/Media/coffre-spot.png (in target 'Woop' from project 'Woop')
    cd /tmp/woop-count53/banc
    /Applications/Xcode.app/Contents/Developer/usr/bin/copypng -compress -strip-PNG-text /tmp/woop-count53/banc/Woop/Media/coffre-spot.png /tmp/woop-count53/sim-dd/Build/Products/Debug-iphonesimulator/Woop.app/coffre-spot.png

CopyPNGFile /tmp/woop-count53/sim-dd/Build/Products/Debug-iphonesimulator/Woop.app/coffre-arche.png /tmp/woop-count53/banc/Woop/Media/coffre-arche.png (in target 'Woop' from project 'Woop')
    cd /tmp/woop-count53/banc
    /Applications/Xcode.app/Contents/Developer/usr/bin/copypng -compress -strip-PNG-text /tmp/woop-count53/banc/Woop/Media/coffre-arche.png /tmp/woop-count53/sim-dd/Build/Products/Debug-iphonesimulator/Woop.app/coffre-arche.png

CopyPNGFile /tmp/woop-count53/sim-dd/Build/Products/Debug-iphonesimulator/Woop.app/coffre-arche-neon.png /tmp/woop-count53/banc/Woop/Media/coffre-arche-neon.png (in target 'Woop' from project 'Woop')
    cd /tmp/woop-count53/banc
    /Applications/Xcode.app/Contents/Developer/usr/bin/copypng -compress -strip-PNG-text /tmp/woop-count53/banc/Woop/Media/coffre-arche-neon.png /tmp/woop-count53/sim-dd/Build/Products/Debug-iphonesimulator/Woop.app/coffre-arche-neon.png

CopyPNGFile /tmp/woop-count53/sim-dd/Build/Products/Debug-iphonesimulator/Woop.app/carte-lune-L3.png /tmp/woop-count53/banc/Woop/Media/carte-lune-L3.png (in target 'Woop' from project 'Woop')
    cd /tmp/woop-count53/banc
    /Applications/Xcode.app/Contents/Developer/usr/bin/copypng -compress -strip-PNG-text /tmp/woop-count53/banc/Woop/Media/carte-lune-L3.png /tmp/woop-count53/sim-dd/Build/Products/Debug-iphonesimulator/Woop.app/carte-lune-L3.png

CopyPNGFile /tmp/woop-count53/sim-dd/Build/Products/Debug-iphonesimulator/Woop.app/carte-lune-L2.png /tmp/woop-count53/banc/Woop/Media/carte-lune-L2.png (in target 'Woop' from project 'Woop')
    cd /tmp/woop-count53/banc
    /Applications/Xcode.app/Contents/Developer/usr/bin/copypng -compress -strip-PNG-text /tmp/woop-count53/banc/Woop/Media/carte-lune-L2.png /tmp/woop-count53/sim-dd/Build/Products/Debug-iphonesimulator/Woop.app/carte-lune-L2.png

CopyPNGFile /tmp/woop-count53/sim-dd/Build/Products/Debug-iphonesimulator/Woop.app/carte-lune-L1.png /tmp/woop-count53/banc/Woop/Media/carte-lune-L1.png (in target 'Woop' from project 'Woop')
    cd /tmp/woop-count53/banc
    /Applications/Xcode.app/Contents/Developer/usr/bin/copypng -compress -strip-PNG-text /tmp/woop-count53/banc/Woop/Media/carte-lune-L1.png /tmp/woop-count53/sim-dd/Build/Products/Debug-iphonesimulator/Woop.app/carte-lune-L1.png

CopyPNGFile /tmp/woop-count53/sim-dd/Build/Products/Debug-iphonesimulator/Woop.app/carte-lune-L0.png /tmp/woop-count53/banc/Woop/Media/carte-lune-L0.png (in target 'Woop' from project 'Woop')
    cd /tmp/woop-count53/banc
    /Applications/Xcode.app/Contents/Developer/usr/bin/copypng -compress -strip-PNG-text /tmp/woop-count53/banc/Woop/Media/carte-lune-L0.png /tmp/woop-count53/sim-dd/Build/Products/Debug-iphonesimulator/Woop.app/carte-lune-L0.png

CopyPNGFile /tmp/woop-count53/sim-dd/Build/Products/Debug-iphonesimulator/Woop.app/carte-lune-1.png /tmp/woop-count53/banc/Woop/Media/carte-lune-1.png (in target 'Woop' from project 'Woop')
    cd /tmp/woop-count53/banc
    /Applications/Xcode.app/Contents/Developer/usr/bin/copypng -compress -strip-PNG-text /tmp/woop-count53/banc/Woop/Media/carte-lune-1.png /tmp/woop-count53/sim-dd/Build/Products/Debug-iphonesimulator/Woop.app/carte-lune-1.png

CopyPNGFile /tmp/woop-count53/sim-dd/Build/Products/Debug-iphonesimulator/Woop.app/carte-lune-1-depth.png /tmp/woop-count53/banc/Woop/Media/carte-lune-1-depth.png (in target 'Woop' from project 'Woop')
    cd /tmp/woop-count53/banc
    /Applications/Xcode.app/Contents/Developer/usr/bin/copypng -compress -strip-PNG-text /tmp/woop-count53/banc/Woop/Media/carte-lune-1-depth.png /tmp/woop-count53/sim-dd/Build/Products/Debug-iphonesimulator/Woop.app/carte-lune-1-depth.png

CopyPNGFile /tmp/woop-count53/sim-dd/Build/Products/Debug-iphonesimulator/Woop.app/carte-logo-ref.png /tmp/woop-count53/banc/Woop/Media/carte-logo-ref.png (in target 'Woop' from project 'Woop')
    cd /tmp/woop-count53/banc
    /Applications/Xcode.app/Contents/Developer/usr/bin/copypng -compress -strip-PNG-text /tmp/woop-count53/banc/Woop/Media/carte-logo-ref.png /tmp/woop-count53/sim-dd/Build/Products/Debug-iphonesimulator/Woop.app/carte-logo-ref.png

CopyPNGFile /tmp/woop-count53/sim-dd/Build/Products/Debug-iphonesimulator/Woop.app/carte-dos.png /tmp/woop-count53/banc/Woop/Media/carte-dos.png (in target 'Woop' from project 'Woop')
    cd /tmp/woop-count53/banc
    /Applications/Xcode.app/Contents/Developer/usr/bin/copypng -compress -strip-PNG-text /tmp/woop-count53/banc/Woop/Media/carte-dos.png /tmp/woop-count53/sim-dd/Build/Products/Debug-iphonesimulator/Woop.app/carte-dos.png

CopyPNGFile /tmp/woop-count53/sim-dd/Build/Products/Debug-iphonesimulator/Woop.app/carte-dos-vide.png /tmp/woop-count53/banc/Woop/Media/carte-dos-vide.png (in target 'Woop' from project 'Woop')
    cd /tmp/woop-count53/banc
    /Applications/Xcode.app/Contents/Developer/usr/bin/copypng -compress -strip-PNG-text /tmp/woop-count53/banc/Woop/Media/carte-dos-vide.png /tmp/woop-count53/sim-dd/Build/Products/Debug-iphonesimulator/Woop.app/carte-dos-vide.png

CopyPNGFile /tmp/woop-count53/sim-dd/Build/Products/Debug-iphonesimulator/Woop.app/carte-cadre.png /tmp/woop-count53/banc/Woop/Media/carte-cadre.png (in target 'Woop' from project 'Woop')
    cd /tmp/woop-count53/banc
    /Applications/Xcode.app/Contents/Developer/usr/bin/copypng -compress -strip-PNG-text /tmp/woop-count53/banc/Woop/Media/carte-cadre.png /tmp/woop-count53/sim-dd/Build/Products/Debug-iphonesimulator/Woop.app/carte-cadre.png

CopyPNGFile /tmp/woop-count53/sim-dd/Build/Products/Debug-iphonesimulator/Woop.app/carte-cadre-legendaire.png /tmp/woop-count53/banc/Woop/Media/carte-cadre-legendaire.png (in target 'Woop' from project 'Woop')
    cd /tmp/woop-count53/banc
    /Applications/Xcode.app/Contents/Developer/usr/bin/copypng -compress -strip-PNG-text /tmp/woop-count53/banc/Woop/Media/carte-cadre-legendaire.png /tmp/woop-count53/sim-dd/Build/Products/Debug-iphonesimulator/Woop.app/carte-cadre-legendaire.png

CopyPNGFile /tmp/woop-count53/sim-dd/Build/Products/Debug-iphonesimulator/Woop.app/carnet-ouvert.png /tmp/woop-count53/banc/Woop/Media/carnet-ouvert.png (in target 'Woop' from project 'Woop')
    cd /tmp/woop-count53/banc
    /Applications/Xcode.app/Contents/Developer/usr/bin/copypng -compress -strip-PNG-text /tmp/woop-count53/banc/Woop/Media/carnet-ouvert.png /tmp/woop-count53/sim-dd/Build/Products/Debug-iphonesimulator/Woop.app/carnet-ouvert.png

CopyPNGFile /tmp/woop-count53/sim-dd/Build/Products/Debug-iphonesimulator/Woop.app/carnet-ferme.png /tmp/woop-count53/banc/Woop/Media/carnet-ferme.png (in target 'Woop' from project 'Woop')
    cd /tmp/woop-count53/banc
    /Applications/Xcode.app/Contents/Developer/usr/bin/copypng -compress -strip-PNG-text /tmp/woop-count53/banc/Woop/Media/carnet-ferme.png /tmp/woop-count53/sim-dd/Build/Products/Debug-iphonesimulator/Woop.app/carnet-ferme.png

CopyPNGFile /tmp/woop-count53/sim-dd/Build/Products/Debug-iphonesimulator/Woop.app/booster-pill.png /tmp/woop-count53/banc/Woop/Media/booster-pill.png (in target 'Woop' from project 'Woop')
    cd /tmp/woop-count53/banc
    /Applications/Xcode.app/Contents/Developer/usr/bin/copypng -compress -strip-PNG-text /tmp/woop-count53/banc/Woop/Media/booster-pill.png /tmp/woop-count53/sim-dd/Build/Products/Debug-iphonesimulator/Woop.app/booster-pill.png

CopyPNGFile /tmp/woop-count53/sim-dd/Build/Products/Debug-iphonesimulator/Woop.app/booster-pill-noir.png /tmp/woop-count53/banc/Woop/Media/booster-pill-noir.png (in target 'Woop' from project 'Woop')
    cd /tmp/woop-count53/banc
    /Applications/Xcode.app/Contents/Developer/usr/bin/copypng -compress -strip-PNG-text /tmp/woop-count53/banc/Woop/Media/booster-pill-noir.png /tmp/woop-count53/sim-dd/Build/Products/Debug-iphonesimulator/Woop.app/booster-pill-noir.png

CopyPNGFile /tmp/woop-count53/sim-dd/Build/Products/Debug-iphonesimulator/Woop.app/booster-normal.png /tmp/woop-count53/banc/Woop/Media/booster-normal.png (in target 'Woop' from project 'Woop')
    cd /tmp/woop-count53/banc
    /Applications/Xcode.app/Contents/Developer/usr/bin/copypng -compress -strip-PNG-text /tmp/woop-count53/banc/Woop/Media/booster-normal.png /tmp/woop-count53/sim-dd/Build/Products/Debug-iphonesimulator/Woop.app/booster-normal.png

CopyPNGFile /tmp/woop-count53/sim-dd/Build/Products/Debug-iphonesimulator/Woop.app/booster-noir-emiss.png /tmp/woop-count53/banc/Woop/Media/booster-noir-emiss.png (in target 'Woop' from project 'Woop')
    cd /tmp/woop-count53/banc
    /Applications/Xcode.app/Contents/Developer/usr/bin/copypng -compress -strip-PNG-text /tmp/woop-count53/banc/Woop/Media/booster-noir-emiss.png /tmp/woop-count53/sim-dd/Build/Products/Debug-iphonesimulator/Woop.app/booster-noir-emiss.png

CopyPNGFile /tmp/woop-count53/sim-dd/Build/Products/Debug-iphonesimulator/Woop.app/booster-noir-color.png /tmp/woop-count53/banc/Woop/Media/booster-noir-color.png (in target 'Woop' from project 'Woop')
    cd /tmp/woop-count53/banc
    /Applications/Xcode.app/Contents/Developer/usr/bin/copypng -compress -strip-PNG-text /tmp/woop-count53/banc/Woop/Media/booster-noir-color.png /tmp/woop-count53/sim-dd/Build/Products/Debug-iphonesimulator/Woop.app/booster-noir-color.png

CopyPNGFile /tmp/woop-count53/sim-dd/Build/Products/Debug-iphonesimulator/Woop.app/booster-emiss.png /tmp/woop-count53/banc/Woop/Media/booster-emiss.png (in target 'Woop' from project 'Woop')
    cd /tmp/woop-count53/banc
    /Applications/Xcode.app/Contents/Developer/usr/bin/copypng -compress -strip-PNG-text /tmp/woop-count53/banc/Woop/Media/booster-emiss.png /tmp/woop-count53/sim-dd/Build/Products/Debug-iphonesimulator/Woop.app/booster-emiss.png

CopyPNGFile /tmp/woop-count53/sim-dd/Build/Products/Debug-iphonesimulator/Woop.app/booster-color.png /tmp/woop-count53/banc/Woop/Media/booster-color.png (in target 'Woop' from project 'Woop')
    cd /tmp/woop-count53/banc
    /Applications/Xcode.app/Contents/Developer/usr/bin/copypng -compress -strip-PNG-text /tmp/woop-count53/banc/Woop/Media/booster-color.png /tmp/woop-count53/sim-dd/Build/Products/Debug-iphonesimulator/Woop.app/booster-color.png

CopyPNGFile /tmp/woop-count53/sim-dd/Build/Products/Debug-iphonesimulator/Woop.app/booster-carte.png /tmp/woop-count53/banc/Woop/Media/booster-carte.png (in target 'Woop' from project 'Woop')
    cd /tmp/woop-count53/banc
    /Applications/Xcode.app/Contents/Developer/usr/bin/copypng -compress -strip-PNG-text /tmp/woop-count53/banc/Woop/Media/booster-carte.png /tmp/woop-count53/sim-dd/Build/Products/Debug-iphonesimulator/Woop.app/booster-carte.png

SwiftDriver\ Compilation Woop normal arm64 com.apple.xcode.tools.swift.compiler (in target 'Woop' from project 'Woop')
    cd /tmp/woop-count53/banc
    builtin-Swift-Compilation -- /Applications/Xcode.app/Contents/Developer/Toolchains/XcodeDefault.xctoolchain/usr/bin/swiftc -module-name Woop -Onone @/tmp/woop-count53/sim-dd/Build/Intermediates.noindex/Woop.build/Debug-iphonesimulator/Woop.build/Objects-normal/arm64/Woop.SwiftFileList -DDEBUG -enable-bare-slash-regex -enable-experimental-feature DebugDescriptionMacro -sdk /Applications/Xcode.app/Contents/Developer/Platforms/iPhoneSimulator.platform/Developer/SDKs/iPhoneSimulator26.5.sdk -target arm64-apple-ios26.0-simulator -g -module-cache-path /tmp/woop-count53/sim-dd/ModuleCache.noindex -Xfrontend -serialize-debugging-options -enable-testing -index-store-path /tmp/woop-count53/sim-dd/Index.noindex/DataStore -Xcc -D_LIBCPP_HARDENING_MODE\=_LIBCPP_HARDENING_MODE_DEBUG -swift-version 5 -I /tmp/woop-count53/sim-dd/Build/Products/Debug-iphonesimulator -F /tmp/woop-count53/sim-dd/Build/Products/Debug-iphonesimulator -emit-localized-strings -emit-localized-strings-path /tmp/woop-count53/sim-dd/Build/Intermediates.noindex/Woop.build/Debug-iphonesimulator/Woop.build/Objects-normal/arm64 -c -j10 -enable-batch-mode -incremental -Xcc -ivfsstatcache -Xcc /tmp/woop-count53/sim-dd/SDKStatCaches.noindex/iphonesimulator26.5-23F73-688ef53f1462e2c8f657fdc38a81448f6cfe768891a92b912361537c460fe42b.sdkstatcache -output-file-map /tmp/woop-count53/sim-dd/Build/Intermediates.noindex/Woop.build/Debug-iphonesimulator/Woop.build/Objects-normal/arm64/Woop-OutputFileMap.json -use-frontend-parseable-output -save-temps -no-color-diagnostics -explicit-module-build -module-cache-path /tmp/woop-count53/sim-dd/Build/Intermediates.noindex/SwiftExplicitPrecompiledModules -clang-scanner-module-cache-path /tmp/woop-count53/sim-dd/ModuleCache.noindex -sdk-module-cache-path /tmp/woop-count53/sim-dd/ModuleCache.noindex -serialize-diagnostics -emit-dependencies -emit-module -emit-module-path /tmp/woop-count53/sim-dd/Build/Intermediates.noindex/Woop.build/Debug-iphonesimulator/Woop.build/Objects-normal/arm64/Woop.swiftmodule -validate-clang-modules-once -clang-build-session-file /tmp/woop-count53/sim-dd/ModuleCache.noindex/Session.modulevalidation -Xcc -I/tmp/woop-count53/sim-dd/Build/Intermediates.noindex/Woop.build/Debug-iphonesimulator/Woop.build/swift-overrides.hmap -emit-const-values -Xfrontend -const-gather-protocols-file -Xfrontend /tmp/woop-count53/sim-dd/Build/Intermediates.noindex/Woop.build/Debug-iphonesimulator/Woop.build/Objects-normal/arm64/Woop_const_extract_protocols.json -Xcc -iquote -Xcc /tmp/woop-count53/sim-dd/Build/Intermediates.noindex/Woop.build/Debug-iphonesimulator/Woop.build/Woop-generated-files.hmap -Xcc -I/tmp/woop-count53/sim-dd/Build/Intermediates.noindex/Woop.build/Debug-iphonesimulator/Woop.build/Woop-own-target-headers.hmap -Xcc -I/tmp/woop-count53/sim-dd/Build/Intermediates.noindex/Woop.build/Debug-iphonesimulator/Woop.build/Woop-all-target-headers.hmap -Xcc -iquote -Xcc /tmp/woop-count53/sim-dd/Build/Intermediates.noindex/Woop.build/Debug-iphonesimulator/Woop.build/Woop-project-headers.hmap -Xcc -I/tmp/woop-count53/sim-dd/Build/Products/Debug-iphonesimulator/include -Xcc -I/tmp/woop-count53/sim-dd/Build/Intermediates.noindex/Woop.build/Debug-iphonesimulator/Woop.build/DerivedSources-normal/arm64 -Xcc -I/tmp/woop-count53/sim-dd/Build/Intermediates.noindex/Woop.build/Debug-iphonesimulator/Woop.build/DerivedSources/arm64 -Xcc -I/tmp/woop-count53/sim-dd/Build/Intermediates.noindex/Woop.build/Debug-iphonesimulator/Woop.build/DerivedSources -Xcc -DDEBUG\=1 -emit-objc-header -emit-objc-header-path /tmp/woop-count53/sim-dd/Build/Intermediates.noindex/Woop.build/Debug-iphonesimulator/Woop.build/Objects-normal/arm64/Woop-Swift.h -working-directory /tmp/woop-count53/banc -experimental-emit-module-separately -disable-cmo

** TEST BUILD FAILED **


The following build commands failed:
	SwiftCompile normal arm64 /tmp/woop-count53/banc/Woop/WoopApp.swift (in target 'Woop' from project 'Woop')
	SwiftCompile normal arm64 Compiling\ TapisScene.swift,\ VerreCoulant.swift,\ VisiteHome.swift,\ WahouReveal.swift,\ WidgetEdition.swift,\ WidgetsCards.swift,\ WorkoutPill.swift,\ WorkoutsListView.swift,\ Atmosphere.swift,\ DemonSky.swift,\ Models.swift,\ MoonPath.swift,\ MoonSDF.swift,\ NebulaConfiguration.swift,\ NebulaNoise.swift,\ NebulaStrip.swift,\ Theme.swift,\ WoopApp.swift,\ GeneratedAssetSymbols.swift /tmp/woop-count53/banc/Woop/Views/TapisScene.swift /tmp/woop-count53/banc/Woop/Views/VerreCoulant.swift /tmp/woop-count53/banc/Woop/Views/VisiteHome.swift /tmp/woop-count53/banc/Woop/Views/WahouReveal.swift /tmp/woop-count53/banc/Woop/Views/WidgetEdition.swift /tmp/woop-count53/banc/Woop/Views/WidgetsCards.swift /tmp/woop-count53/banc/Woop/Views/WorkoutPill.swift /tmp/woop-count53/banc/Woop/Views/WorkoutsListView.swift /tmp/woop-count53/banc/Woop/Atmosphere.swift /tmp/woop-count53/banc/Woop/DemonSky.swift /tmp/woop-count53/banc/Woop/Models.swift /tmp/woop-count53/banc/Woop/MoonPath.swift /tmp/woop-count53/banc/Woop/MoonSDF.swift /tmp/woop-count53/banc/Woop/NebulaConfiguration.swift /tmp/woop-count53/banc/Woop/NebulaNoise.swift /tmp/woop-count53/banc/Woop/NebulaStrip.swift /tmp/woop-count53/banc/Woop/Theme.swift /tmp/woop-count53/banc/Woop/WoopApp.swift /tmp/woop-count53/sim-dd/Build/Intermediates.noindex/Woop.build/Debug-iphonesimulator/Woop.build/DerivedSources/GeneratedAssetSymbols.swift (in target 'Woop' from project 'Woop')
	Building project Woop for testing with scheme WoopUITests
(3 failures)
Build Preparation
Build task concurrency set to 2 via user default IDEBuildOperationMaxNumberOfConcurrentCompileTasks

ComputePackagePrebuildTargetDependencyGraph

Prepare packages

CreateBuildRequest

SendProjectDescription

CreateBuildOperation

ComputeTargetDependencyGraph
note: Building targets in dependency order
note: Target dependency graph (3 targets)
    Target 'WoopUITests' in project 'Woop'
        ➜ Explicit dependency on target 'Woop' in project 'Woop'
    Target 'Woop' in project 'Woop'
        ➜ Explicit dependency on target 'WoopWidgets' in project 'Woop'
    Target 'WoopWidgets' in project 'Woop' (no dependencies)

GatherProvisioningInputs

ClangStatCache /Applications/Xcode.app/Contents/Developer/Toolchains/XcodeDefault.xctoolchain/usr/bin/clang-stat-cache /Applications/Xcode.app/Contents/Developer/Platforms/iPhoneSimulator.platform/Developer/SDKs/iPhoneSimulator26.5.sdk /tmp/woop-count53/sim-dd/SDKStatCaches.noindex/iphonesimulator26.5-23F73-688ef53f1462e2c8f657fdc38a81448f6cfe768891a92b912361537c460fe42b.sdkstatcache
    cd /tmp/woop-count53/banc/Woop.xcodeproj
    /Applications/Xcode.app/Contents/Developer/Toolchains/XcodeDefault.xctoolchain/usr/bin/clang-stat-cache /Applications/Xcode.app/Contents/Developer/Platforms/iPhoneSimulator.platform/Developer/SDKs/iPhoneSimulator26.5.sdk -o /tmp/woop-count53/sim-dd/SDKStatCaches.noindex/iphonesimulator26.5-23F73-688ef53f1462e2c8f657fdc38a81448f6cfe768891a92b912361537c460fe42b.sdkstatcache

SwiftDriver Woop normal arm64 com.apple.xcode.tools.swift.compiler (in target 'Woop' from project 'Woop')
    cd /tmp/woop-count53/banc
    builtin-SwiftDriver -- /Applications/Xcode.app/Contents/Developer/Toolchains/XcodeDefault.xctoolchain/usr/bin/swiftc -module-name Woop -Onone @/tmp/woop-count53/sim-dd/Build/Intermediates.noindex/Woop.build/Debug-iphonesimulator/Woop.build/Objects-normal/arm64/Woop.SwiftFileList -DDEBUG -enable-bare-slash-regex -enable-experimental-feature DebugDescriptionMacro -sdk /Applications/Xcode.app/Contents/Developer/Platforms/iPhoneSimulator.platform/Developer/SDKs/iPhoneSimulator26.5.sdk -target arm64-apple-ios26.0-simulator -g -module-cache-path /tmp/woop-count53/sim-dd/ModuleCache.noindex -Xfrontend -serialize-debugging-options -enable-testing -index-store-path /tmp/woop-count53/sim-dd/Index.noindex/DataStore -Xcc -D_LIBCPP_HARDENING_MODE\=_LIBCPP_HARDENING_MODE_DEBUG -swift-version 5 -I /tmp/woop-count53/sim-dd/Build/Products/Debug-iphonesimulator -F /tmp/woop-count53/sim-dd/Build/Products/Debug-iphonesimulator -emit-localized-strings -emit-localized-strings-path /tmp/woop-count53/sim-dd/Build/Intermediates.noindex/Woop.build/Debug-iphonesimulator/Woop.build/Objects-normal/arm64 -c -j10 -enable-batch-mode -incremental -Xcc -ivfsstatcache -Xcc /tmp/woop-count53/sim-dd/SDKStatCaches.noindex/iphonesimulator26.5-23F73-688ef53f1462e2c8f657fdc38a81448f6cfe768891a92b912361537c460fe42b.sdkstatcache -output-file-map /tmp/woop-count53/sim-dd/Build/Intermediates.noindex/Woop.build/Debug-iphonesimulator/Woop.build/Objects-normal/arm64/Woop-OutputFileMap.json -use-frontend-parseable-output -save-temps -no-color-diagnostics -explicit-module-build -module-cache-path /tmp/woop-count53/sim-dd/Build/Intermediates.noindex/SwiftExplicitPrecompiledModules -clang-scanner-module-cache-path /tmp/woop-count53/sim-dd/ModuleCache.noindex -sdk-module-cache-path /tmp/woop-count53/sim-dd/ModuleCache.noindex -serialize-diagnostics -emit-dependencies -emit-module -emit-module-path /tmp/woop-count53/sim-dd/Build/Intermediates.noindex/Woop.build/Debug-iphonesimulator/Woop.build/Objects-normal/arm64/Woop.swiftmodule -validate-clang-modules-once -clang-build-session-file /tmp/woop-count53/sim-dd/ModuleCache.noindex/Session.modulevalidation -Xcc -I/tmp/woop-count53/sim-dd/Build/Intermediates.noindex/Woop.build/Debug-iphonesimulator/Woop.build/swift-overrides.hmap -emit-const-values -Xfrontend -const-gather-protocols-file -Xfrontend /tmp/woop-count53/sim-dd/Build/Intermediates.noindex/Woop.build/Debug-iphonesimulator/Woop.build/Objects-normal/arm64/Woop_const_extract_protocols.json -Xcc -iquote -Xcc /tmp/woop-count53/sim-dd/Build/Intermediates.noindex/Woop.build/Debug-iphonesimulator/Woop.build/Woop-generated-files.hmap -Xcc -I/tmp/woop-count53/sim-dd/Build/Intermediates.noindex/Woop.build/Debug-iphonesimulator/Woop.build/Woop-own-target-headers.hmap -Xcc -I/tmp/woop-count53/sim-dd/Build/Intermediates.noindex/Woop.build/Debug-iphonesimulator/Woop.build/Woop-all-target-headers.hmap -Xcc -iquote -Xcc /tmp/woop-count53/sim-dd/Build/Intermediates.noindex/Woop.build/Debug-iphonesimulator/Woop.build/Woop-project-headers.hmap -Xcc -I/tmp/woop-count53/sim-dd/Build/Products/Debug-iphonesimulator/include -Xcc -I/tmp/woop-count53/sim-dd/Build/Intermediates.noindex/Woop.build/Debug-iphonesimulator/Woop.build/DerivedSources-normal/arm64 -Xcc -I/tmp/woop-count53/sim-dd/Build/Intermediates.noindex/Woop.build/Debug-iphonesimulator/Woop.build/DerivedSources/arm64 -Xcc -I/tmp/woop-count53/sim-dd/Build/Intermediates.noindex/Woop.build/Debug-iphonesimulator/Woop.build/DerivedSources -Xcc -DDEBUG\=1 -emit-objc-header -emit-objc-header-path /tmp/woop-count53/sim-dd/Build/Intermediates.noindex/Woop.build/Debug-iphonesimulator/Woop.build/Objects-normal/arm64/Woop-Swift.h -working-directory /tmp/woop-count53/banc -experimental-emit-module-separately -disable-cmo

SwiftCompile normal arm64 Compiling\ Theme.swift,\ WoopApp.swift /tmp/woop-count53/banc/Woop/Theme.swift /tmp/woop-count53/banc/Woop/WoopApp.swift (in target 'Woop' from project 'Woop')

SwiftCompile normal arm64 /tmp/woop-count53/banc/Woop/Theme.swift (in target 'Woop' from project 'Woop')
    cd /tmp/woop-count53/banc
    

SwiftCompile normal arm64 /tmp/woop-count53/banc/Woop/WoopApp.swift (in target 'Woop' from project 'Woop')
    cd /tmp/woop-count53/banc
    
/tmp/woop-count53/banc/Woop/WoopApp.swift:683:44: error: value of type 'EconomieWoop' has no member 'clotureRepondue'
                while !EconomieWoop.shared.clotureRepondue,
                       ~~~~~~~~~~~~~~~~~~~ ^~~~~~~~~~~~~~~
/tmp/woop-count53/banc/Woop/WoopApp.swift:1314:44: warning: left side of nil coalescing operator '??' has non-optional type 'Date', so the right side is never used
            MiniCardJour(date: a.startedAt ?? .now,
                               ~~~~~~~~~~~~^~~~~~~
                                          
/tmp/woop-count53/banc/Woop/WoopApp.swift:1339:58: warning: left side of nil coalescing operator '??' has non-optional type 'Date', so the right side is never used
                TimelineView(.periodic(from: a.startedAt ?? .now,
                                             ~~~~~~~~~~~~^~~~~~~
                                                        
/tmp/woop-count53/banc/Woop/WoopApp.swift:1342:56: warning: left side of nil coalescing operator '??' has non-optional type 'Date', so the right side is never used
                        .timeIntervalSince(a.startedAt ?? .now)))
                                           ~~~~~~~~~~~~^~~~~~~
                                                      
/tmp/woop-count53/banc/Woop/WoopApp.swift:1729:47: warning: left side of nil coalescing operator '??' has non-optional type 'Date', so the right side is never used
                    departSeance: a.startedAt ?? .now,
                                  ~~~~~~~~~~~~^~~~~~~
                                             
/tmp/woop-count53/banc/Woop/WoopApp.swift:1755:41: warning: left side of nil coalescing operator '??' has non-optional type 'Date', so the right side is never used
                    depart: a.startedAt ?? .now,
                            ~~~~~~~~~~~~^~~~~~~
                                       
/tmp/woop-count53/banc/Woop/WoopApp.swift:1754:43: warning: 'main' was deprecated in iOS 26.0: Use a UIScreen instance found through context instead (i.e, view.window.windowScene.screen), or for properties like UIScreen.scale with trait equivalents, use a traitCollection found through context.
                    ecranTaille: UIScreen.main.bounds.size,
                                          ^

Failed frontend command:
/Applications/Xcode.app/Contents/Developer/Toolchains/XcodeDefault.xctoolchain/usr/bin/swift-frontend -frontend -c -filelist /tmp/woop-count53/sim-dd/Build/Intermediates.noindex/Woop.build/Debug-iphonesimulator/Woop.build/Objects-normal/arm64/sources-2 -primary-file /tmp/woop-count53/banc/Woop/Theme.swift -primary-file /tmp/woop-count53/banc/Woop/WoopApp.swift -emit-dependencies-path /tmp/woop-count53/sim-dd/Build/Intermediates.noindex/Woop.build/Debug-iphonesimulator/Woop.build/Objects-normal/arm64/Theme.d -emit-const-values-path /tmp/woop-count53/sim-dd/Build/Intermediates.noindex/Woop.build/Debug-iphonesimulator/Woop.build/Objects-normal/arm64/Theme.swiftconstvalues -emit-reference-dependencies-path /tmp/woop-count53/sim-dd/Build/Intermediates.noindex/Woop.build/Debug-iphonesimulator/Woop.build/Objects-normal/arm64/Theme.swiftdeps -serialize-diagnostics-path /tmp/woop-count53/sim-dd/Build/Intermediates.noindex/Woop.build/Debug-iphonesimulator/Woop.build/Objects-normal/arm64/Theme.dia -emit-dependencies-path /tmp/woop-count53/sim-dd/Build/Intermediates.noindex/Woop.build/Debug-iphonesimulator/Woop.build/Objects-normal/arm64/WoopApp.d -emit-const-values-path /tmp/woop-count53/sim-dd/Build/Intermediates.noindex/Woop.build/Debug-iphonesimulator/Woop.build/Objects-normal/arm64/WoopApp.swiftconstvalues -emit-reference-dependencies-path /tmp/woop-count53/sim-dd/Build/Intermediates.noindex/Woop.build/Debug-iphonesimulator/Woop.build/Objects-normal/arm64/WoopApp.swiftdeps -serialize-diagnostics-path /tmp/woop-count53/sim-dd/Build/Intermediates.noindex/Woop.build/Debug-iphonesimulator/Woop.build/Objects-normal/arm64/WoopApp.dia -emit-localized-strings -emit-localized-strings-path /tmp/woop-count53/sim-dd/Build/Intermediates.noindex/Woop.build/Debug-iphonesimulator/Woop.build/Objects-normal/arm64 -target arm64-apple-ios26.0-simulator -module-can-import-version DeveloperToolsSupport 23.40.26 23.40.26 -disable-cross-import-overlay-search -swift-module-cross-import AuthenticationServices /Applications/Xcode.app/Contents/Developer/Platforms/iPhoneSimulator.platform/Developer/SDKs/iPhoneSimulator.sdk/System/Cryptexes/OS/System/Library/Frameworks/AuthenticationServices.framework/Modules/AuthenticationServices.swiftcrossimport/SwiftUI.swiftoverlay -swift-module-cross-import AuthenticationServices /Applications/Xcode.app/Contents/Developer/Platforms/iPhoneSimulator.platform/Developer/SDKs/iPhoneSimulator26.5.sdk/System/Library/Frameworks/AuthenticationServices.framework/Modules/AuthenticationServices.swiftcrossimport/SwiftUI.swiftoverlay -swift-module-cross-import SceneKit /Applications/Xcode.app/Contents/Developer/Platforms/iPhoneSimulator.platform/Developer/SDKs/iPhoneSimulator.sdk/System/Library/Frameworks/SceneKit.framework/Modules/SceneKit.swiftcrossimport/SwiftUI.swiftoverlay -swift-module-cross-import SwiftData /Applications/Xcode.app/Contents/Developer/Platforms/iPhoneSimulator.platform/Developer/SDKs/iPhoneSimulator26.5.sdk/System/Library/Frameworks/SwiftData.framework/Modules/SwiftData.swiftcrossimport/CoreData.swiftoverlay -swift-module-cross-import SwiftData /Applications/Xcode.app/Contents/Developer/Platforms/iPhoneSimulator.platform/Developer/SDKs/iPhoneSimulator26.5.sdk/System/Library/Frameworks/SwiftData.framework/Modules/SwiftData.swiftcrossimport/SwiftUI.swiftoverlay -load-resolved-plugin /Applications/Xcode.app/Contents/Developer/Platforms/iPhoneOS.platform/Developer/usr/lib/swift/host/plugins/libAppIntentsMacros.dylib\#/Applications/Xcode.app/Contents/Developer/Platforms/iPhoneOS.platform/Developer/usr/bin/swift-plugin-server\#AppIntentsMacros -load-resolved-plugin /Applications/Xcode.app/Contents/Developer/Platforms/iPhoneOS.platform/Developer/usr/lib/swift/host/plugins/libFoundationMacros.dylib\#/Applications/Xcode.app/Contents/Developer/Platforms/iPhoneOS.platform/Developer/usr/bin/swift-plugin-server\#FoundationMacros -load-resolved-plugin /Applications/Xcode.app/Contents/Developer/Platforms/iPhoneOS.platform/Developer/usr/lib/swift/host/plugins/libObservationMacros.dylib\#/Applications/Xcode.app/Contents/Developer/Platforms/iPhoneOS.platform/Developer/usr/bin/swift-plugin-server\#ObservationMacros -load-resolved-plugin /Applications/Xcode.app/Contents/Developer/Platforms/iPhoneOS.platform/Developer/usr/lib/swift/host/plugins/libPreviewsMacros.dylib\#/Applications/Xcode.app/Contents/Developer/Platforms/iPhoneOS.platform/Developer/usr/bin/swift-plugin-server\#PreviewsMacros -load-resolved-plugin /Applications/Xcode.app/Contents/Developer/Platforms/iPhoneOS.platform/Developer/usr/lib/swift/host/plugins/libSwiftDataMacros.dylib\#/Applications/Xcode.app/Contents/Developer/Platforms/iPhoneOS.platform/Developer/usr/bin/swift-plugin-server\#SwiftDataMacros -load-resolved-plugin /Applications/Xcode.app/Contents/Developer/Platforms/iPhoneOS.platform/Developer/usr/lib/swift/host/plugins/libSwiftMacros.dylib\#/Applications/Xcode.app/Contents/Developer/Platforms/iPhoneOS.platform/Developer/usr/bin/swift-plugin-server\#SwiftMacros -load-resolved-plugin /Applications/Xcode.app/Contents/Developer/Platforms/iPhoneOS.platform/Developer/usr/lib/swift/host/plugins/libSwiftUIMacros.dylib\#/Applications/Xcode.app/Contents/Developer/Platforms/iPhoneOS.platform/Developer/usr/bin/swift-plugin-server\#SwiftUIMacros -disable-implicit-swift-modules -Xcc -fno-implicit-modules -Xcc -fno-implicit-module-maps -explicit-swift-module-map-file /tmp/woop-count53/sim-dd/Build/Intermediates.noindex/Woop.build/Debug-iphonesimulator/Woop.build/Objects-normal/arm64/Woop-dependencies-2.json -debug-module-path /tmp/woop-count53/sim-dd/Build/Intermediates.noindex/Woop.build/Debug-iphonesimulator/Woop.build/Objects-normal/arm64/Woop.swiftmodule -Xllvm -aarch64-use-tbi -enable-objc-interop -sdk /Applications/Xcode.app/Contents/Developer/Platforms/iPhoneSimulator.platform/Developer/SDKs/iPhoneSimulator26.5.sdk -I /tmp/woop-count53/sim-dd/Build/Products/Debug-iphonesimulator -F /tmp/woop-count53/sim-dd/Build/Products/Debug-iphonesimulator -no-color-diagnostics -Xcc -fno-color-diagnostics -enable-testing -g -debug-info-format\=dwarf -dwarf-version\=5 -module-cache-path /tmp/woop-count53/sim-dd/Build/Intermediates.noindex/SwiftExplicitPrecompiledModules -swift-version 5 -Onone -D DEBUG -serialize-debugging-options -const-gather-protocols-file /tmp/woop-count53/sim-dd/Build/Intermediates.noindex/Woop.build/Debug-iphonesimulator/Woop.build/Objects-normal/arm64/Woop_const_extract_protocols.json -enable-experimental-feature DebugDescriptionMacro -enable-bare-slash-regex -empty-abi-descriptor -validate-clang-modules-once -clang-build-session-file /tmp/woop-count53/sim-dd/ModuleCache.noindex/Session.modulevalidation -Xcc -working-directory -Xcc /tmp/woop-count53/banc -enable-anonymous-context-mangled-names -file-compilation-dir /tmp/woop-count53/banc -Xcc -D_LIBCPP_HARDENING_MODE\=_LIBCPP_HARDENING_MODE_DEBUG -Xcc -ivfsstatcache -Xcc /tmp/woop-count53/sim-dd/SDKStatCaches.noindex/iphonesimulator26.5-23F73-688ef53f1462e2c8f657fdc38a81448f6cfe768891a92b912361537c460fe42b.sdkstatcache -Xcc -I/tmp/woop-count53/sim-dd/Build/Intermediates.noindex/Woop.build/Debug-iphonesimulator/Woop.build/swift-overrides.hmap -Xcc -iquote -Xcc /tmp/woop-count53/sim-dd/Build/Intermediates.noindex/Woop.build/Debug-iphonesimulator/Woop.build/Woop-generated-files.hmap -Xcc -I/tmp/woop-count53/sim-dd/Build/Intermediates.noindex/Woop.build/Debug-iphonesimulator/Woop.build/Woop-own-target-headers.hmap -Xcc -I/tmp/woop-count53/sim-dd/Build/Intermediates.noindex/Woop.build/Debug-iphonesimulator/Woop.build/Woop-all-target-headers.hmap -Xcc -iquote -Xcc /tmp/woop-count53/sim-dd/Build/Intermediates.noindex/Woop.build/Debug-iphonesimulator/Woop.build/Woop-project-headers.hmap -Xcc -I/tmp/woop-count53/sim-dd/Build/Products/Debug-iphonesimulator/include -Xcc -I/tmp/woop-count53/sim-dd/Build/Intermediates.noindex/Woop.build/Debug-iphonesimulator/Woop.build/DerivedSources-normal/arm64 -Xcc -I/tmp/woop-count53/sim-dd/Build/Intermediates.noindex/Woop.build/Debug-iphonesimulator/Woop.build/DerivedSources/arm64 -Xcc -I/tmp/woop-count53/sim-dd/Build/Intermediates.noindex/Woop.build/Debug-iphonesimulator/Woop.build/DerivedSources -Xcc -DDEBUG\=1 -no-auto-bridging-header-chaining -module-name Woop -frontend-parseable-output -disable-clang-spi -clang-target arm64-apple-ios26.5-simulator -target-sdk-version 26.5 -target-sdk-name iphonesimulator26.5 -in-process-plugin-server-path /Applications/Xcode.app/Contents/Developer/Toolchains/XcodeDefault.xctoolchain/usr/lib/swift/host/libSwiftInProcPluginServer.dylib -o /tmp/woop-count53/sim-dd/Build/Intermediates.noindex/Woop.build/Debug-iphonesimulator/Woop.build/Objects-normal/arm64/Theme.o -o /tmp/woop-count53/sim-dd/Build/Intermediates.noindex/Woop.build/Debug-iphonesimulator/Woop.build/Objects-normal/arm64/WoopApp.o -index-unit-output-path /Woop.build/Debug-iphonesimulator/Woop.build/Objects-normal/arm64/Theme.o -index-unit-output-path /Woop.build/Debug-iphonesimulator/Woop.build/Objects-normal/arm64/WoopApp.o -index-store-path /tmp/woop-count53/sim-dd/Index.noindex/DataStore -index-system-modules
SwiftEmitModule normal arm64 Emitting\ module\ for\ Woop (in target 'Woop' from project 'Woop')

EmitSwiftModule normal arm64 (in target 'Woop' from project 'Woop')
    cd /tmp/woop-count53/banc
    

SwiftCompile normal arm64 Compiling\ Models.swift,\ MoonPath.swift /tmp/woop-count53/banc/Woop/Models.swift /tmp/woop-count53/banc/Woop/MoonPath.swift (in target 'Woop' from project 'Woop')

SwiftCompile normal arm64 /tmp/woop-count53/banc/Woop/Models.swift (in target 'Woop' from project 'Woop')
    cd /tmp/woop-count53/banc
    

SwiftCompile normal arm64 /tmp/woop-count53/banc/Woop/MoonPath.swift (in target 'Woop' from project 'Woop')
    cd /tmp/woop-count53/banc
    

SwiftCompile normal arm64 Compiling\ MoonSDF.swift,\ NebulaConfiguration.swift /tmp/woop-count53/banc/Woop/MoonSDF.swift /tmp/woop-count53/banc/Woop/NebulaConfiguration.swift (in target 'Woop' from project 'Woop')

SwiftCompile normal arm64 /tmp/woop-count53/banc/Woop/MoonSDF.swift (in target 'Woop' from project 'Woop')
    cd /tmp/woop-count53/banc
    

SwiftCompile normal arm64 /tmp/woop-count53/banc/Woop/NebulaConfiguration.swift (in target 'Woop' from project 'Woop')
    cd /tmp/woop-count53/banc
    

SwiftDriverJobDiscovery normal arm64 Compiling Models.swift, MoonPath.swift (in target 'Woop' from project 'Woop')

SwiftCompile normal arm64 Compiling\ Foyer.swift,\ FumeeInviteMetal.swift,\ GaletEtape.swift,\ GaletLab.swift,\ GaletSlide.swift,\ HaloDawnLab.swift,\ HomeAuroraView.swift,\ HomeNuit.swift,\ HomeView.swift,\ JewelTabBar.swift,\ LensParticles.swift,\ LiquidLensLab.swift,\ LisereCoreAnimation.swift,\ LisereImages.swift,\ LiveExerciseView.swift /tmp/woop-count53/banc/Woop/Views/Foyer.swift /tmp/woop-count53/banc/Woop/Views/FumeeInviteMetal.swift /tmp/woop-count53/banc/Woop/Views/GaletEtape.swift /tmp/woop-count53/banc/Woop/Views/GaletLab.swift /tmp/woop-count53/banc/Woop/Views/GaletSlide.swift /tmp/woop-count53/banc/Woop/Views/HaloDawnLab.swift /tmp/woop-count53/banc/Woop/Views/HomeAuroraView.swift /tmp/woop-count53/banc/Woop/Views/HomeNuit.swift /tmp/woop-count53/banc/Woop/Views/HomeView.swift /tmp/woop-count53/banc/Woop/Views/JewelTabBar.swift /tmp/woop-count53/banc/Woop/Views/LensParticles.swift /tmp/woop-count53/banc/Woop/Views/LiquidLensLab.swift /tmp/woop-count53/banc/Woop/Views/LisereCoreAnimation.swift /tmp/woop-count53/banc/Woop/Views/LisereImages.swift /tmp/woop-count53/banc/Woop/Views/LiveExerciseView.swift (in target 'Woop' from project 'Woop')
SwiftCompile normal arm64 /tmp/woop-count53/banc/Woop/Views/Foyer.swift (in target 'Woop' from project 'Woop')
    cd /tmp/woop-count53/banc
    

SwiftCompile normal arm64 /tmp/woop-count53/banc/Woop/Views/FumeeInviteMetal.swift (in target 'Woop' from project 'Woop')
    cd /tmp/woop-count53/banc
    

SwiftCompile normal arm64 /tmp/woop-count53/banc/Woop/Views/GaletEtape.swift (in target 'Woop' from project 'Woop')
    cd /tmp/woop-count53/banc
    

SwiftCompile normal arm64 /tmp/woop-count53/banc/Woop/Views/GaletLab.swift (in target 'Woop' from project 'Woop')
    cd /tmp/woop-count53/banc
    

SwiftCompile normal arm64 /tmp/woop-count53/banc/Woop/Views/GaletSlide.swift (in target 'Woop' from project 'Woop')
    cd /tmp/woop-count53/banc
    

SwiftCompile normal arm64 /tmp/woop-count53/banc/Woop/Views/HaloDawnLab.swift (in target 'Woop' from project 'Woop')
    cd /tmp/woop-count53/banc
    

SwiftCompile normal arm64 /tmp/woop-count53/banc/Woop/Views/HomeAuroraView.swift (in target 'Woop' from project 'Woop')
    cd /tmp/woop-count53/banc
    

SwiftCompile normal arm64 /tmp/woop-count53/banc/Woop/Views/HomeNuit.swift (in target 'Woop' from project 'Woop')
    cd /tmp/woop-count53/banc
    

SwiftCompile normal arm64 /tmp/woop-count53/banc/Woop/Views/HomeView.swift (in target 'Woop' from project 'Woop')
    cd /tmp/woop-count53/banc
    

SwiftCompile normal arm64 /tmp/woop-count53/banc/Woop/Views/JewelTabBar.swift (in target 'Woop' from project 'Woop')
    cd /tmp/woop-count53/banc
    

SwiftCompile normal arm64 /tmp/woop-count53/banc/Woop/Views/LensParticles.swift (in target 'Woop' from project 'Woop')
    cd /tmp/woop-count53/banc
    

SwiftCompile normal arm64 /tmp/woop-count53/banc/Woop/Views/LiquidLensLab.swift (in target 'Woop' from project 'Woop')
    cd /tmp/woop-count53/banc
    

SwiftCompile normal arm64 /tmp/woop-count53/banc/Woop/Views/LisereCoreAnimation.swift (in target 'Woop' from project 'Woop')
    cd /tmp/woop-count53/banc
    

SwiftCompile normal arm64 /tmp/woop-count53/banc/Woop/Views/LisereImages.swift (in target 'Woop' from project 'Woop')
    cd /tmp/woop-count53/banc
    

SwiftCompile normal arm64 /tmp/woop-count53/banc/Woop/Views/LiveExerciseView.swift (in target 'Woop' from project 'Woop')
    cd /tmp/woop-count53/banc
    

SwiftDriverJobDiscovery normal arm64 Compiling MoonSDF.swift, NebulaConfiguration.swift (in target 'Woop' from project 'Woop')

** TEST BUILD FAILED **


The following build commands failed:
	SwiftCompile normal arm64 /tmp/woop-count53/banc/Woop/WoopApp.swift (in target 'Woop' from project 'Woop')
	SwiftCompile normal arm64 Compiling\ Theme.swift,\ WoopApp.swift /tmp/woop-count53/banc/Woop/Theme.swift /tmp/woop-count53/banc/Woop/WoopApp.swift (in target 'Woop' from project 'Woop')
	Building project Woop for testing with scheme WoopUITests
(3 failures)
