Command line invocation:
    /Applications/Xcode.app/Contents/Developer/usr/bin/xcodebuild -project Nosfy.xcodeproj -scheme Nosfy -configuration Debug -destination "generic/platform=iOS Simulator" -derivedDataPath /tmp/nosfy-profil-commit-dd CODE_SIGNING_ALLOWED=NO build

Build settings from command line:
    CODE_SIGNING_ALLOWED = NO

ComputePackagePrebuildTargetDependencyGraph

Prepare packages

CreateBuildRequest

SendProjectDescription

CreateBuildOperation

ComputeTargetDependencyGraph
note: Building targets in dependency order
note: Target dependency graph (2 targets)
    Target 'Nosfy' in project 'Nosfy'
        ➜ Explicit dependency on target 'NosfyWidgets' in project 'Nosfy'
    Target 'NosfyWidgets' in project 'Nosfy' (no dependencies)

GatherProvisioningInputs

CreateBuildDescription

ExecuteExternalTool /Applications/Xcode.app/Contents/Developer/Toolchains/XcodeDefault.xctoolchain/usr/bin/clang -v -E -dM -isysroot /Applications/Xcode.app/Contents/Developer/Platforms/iPhoneSimulator.platform/Developer/SDKs/iPhoneSimulator26.5.sdk -x c -c /dev/null

ExecuteExternalTool /Applications/Xcode.app/Contents/Developer/usr/bin/actool --version --output-format xml1

ExecuteExternalTool /Applications/Xcode.app/Contents/Developer/usr/bin/actool --print-asset-tag-combinations --output-format xml1 /tmp/nosfy-profil-commit-20260919/NosfyShared/LiveAssets.xcassets /tmp/nosfy-profil-commit-20260919/Nosfy/AppIcon.icon /tmp/nosfy-profil-commit-20260919/Nosfy/Assets.xcassets

ExecuteExternalTool /Applications/Xcode.app/Contents/Developer/Toolchains/XcodeDefault.xctoolchain/usr/bin/swiftc --version

ExecuteExternalTool /Applications/Xcode.app/Contents/Developer/Toolchains/XcodeDefault.xctoolchain/usr/bin/ld -version_details

Build description signature: 547977426c9b4ec11af96849caf652b2
Build description path: /tmp/nosfy-profil-commit-dd/Build/Intermediates.noindex/XCBuildData/547977426c9b4ec11af96849caf652b2.xcbuilddata
ClangStatCache /Applications/Xcode.app/Contents/Developer/Toolchains/XcodeDefault.xctoolchain/usr/bin/clang-stat-cache /Applications/Xcode.app/Contents/Developer/Platforms/iPhoneSimulator.platform/Developer/SDKs/iPhoneSimulator26.5.sdk /tmp/nosfy-profil-commit-dd/SDKStatCaches.noindex/iphonesimulator26.5-23F73-688ef53f1462e2c8f657fdc38a81448f6cfe768891a92b912361537c460fe42b.sdkstatcache
    cd /tmp/nosfy-profil-commit-20260919/Nosfy.xcodeproj
    /Applications/Xcode.app/Contents/Developer/Toolchains/XcodeDefault.xctoolchain/usr/bin/clang-stat-cache /Applications/Xcode.app/Contents/Developer/Platforms/iPhoneSimulator.platform/Developer/SDKs/iPhoneSimulator26.5.sdk -o /tmp/nosfy-profil-commit-dd/SDKStatCaches.noindex/iphonesimulator26.5-23F73-688ef53f1462e2c8f657fdc38a81448f6cfe768891a92b912361537c460fe42b.sdkstatcache

CreateBuildDirectory /tmp/nosfy-profil-commit-dd/Build/Products
    cd /tmp/nosfy-profil-commit-20260919/Nosfy.xcodeproj
    builtin-create-build-directory /tmp/nosfy-profil-commit-dd/Build/Products

CreateBuildDirectory /tmp/nosfy-profil-commit-dd/Build/Intermediates.noindex
    cd /tmp/nosfy-profil-commit-20260919/Nosfy.xcodeproj
    builtin-create-build-directory /tmp/nosfy-profil-commit-dd/Build/Intermediates.noindex

CreateBuildDirectory /tmp/nosfy-profil-commit-dd/Build/Products/Debug-iphonesimulator
    cd /tmp/nosfy-profil-commit-20260919/Nosfy.xcodeproj
    builtin-create-build-directory /tmp/nosfy-profil-commit-dd/Build/Products/Debug-iphonesimulator

CreateBuildDirectory /tmp/nosfy-profil-commit-dd/Build/Intermediates.noindex/SwiftExplicitPrecompiledModules
    cd /tmp/nosfy-profil-commit-20260919/Nosfy.xcodeproj
    builtin-create-build-directory /tmp/nosfy-profil-commit-dd/Build/Intermediates.noindex/SwiftExplicitPrecompiledModules

CreateBuildDirectory /tmp/nosfy-profil-commit-dd/Build/Intermediates.noindex/ExplicitPrecompiledModules
    cd /tmp/nosfy-profil-commit-20260919/Nosfy.xcodeproj
    builtin-create-build-directory /tmp/nosfy-profil-commit-dd/Build/Intermediates.noindex/ExplicitPrecompiledModules

CreateBuildDirectory /tmp/nosfy-profil-commit-dd/Build/Intermediates.noindex/EagerLinkingTBDs/Debug-iphonesimulator
    cd /tmp/nosfy-profil-commit-20260919/Nosfy.xcodeproj
    builtin-create-build-directory /tmp/nosfy-profil-commit-dd/Build/Intermediates.noindex/EagerLinkingTBDs/Debug-iphonesimulator

WriteAuxiliaryFile /tmp/nosfy-profil-commit-dd/Build/Intermediates.noindex/Nosfy.build/Debug-iphonesimulator/Nosfy-79457564d8ce4e0e3822ec51709fb743-VFS-iphonesimulator/all-product-headers.yaml
    cd /tmp/nosfy-profil-commit-20260919/Nosfy.xcodeproj
    write-file /tmp/nosfy-profil-commit-dd/Build/Intermediates.noindex/Nosfy.build/Debug-iphonesimulator/Nosfy-79457564d8ce4e0e3822ec51709fb743-VFS-iphonesimulator/all-product-headers.yaml

WriteAuxiliaryFile /tmp/nosfy-profil-commit-dd/Build/Intermediates.noindex/Nosfy.build/Debug-iphonesimulator/NosfyWidgets.build/Objects-normal/arm64/NosfyWidgets.SwiftFileList (in target 'NosfyWidgets' from project 'Nosfy')
    cd /tmp/nosfy-profil-commit-20260919
    write-file /tmp/nosfy-profil-commit-dd/Build/Intermediates.noindex/Nosfy.build/Debug-iphonesimulator/NosfyWidgets.build/Objects-normal/arm64/NosfyWidgets.SwiftFileList

WriteAuxiliaryFile /tmp/nosfy-profil-commit-dd/Build/Intermediates.noindex/Nosfy.build/Debug-iphonesimulator/NosfyWidgets.build/Objects-normal/arm64/NosfyWidgets_const_extract_protocols.json (in target 'NosfyWidgets' from project 'Nosfy')
    cd /tmp/nosfy-profil-commit-20260919
    write-file /tmp/nosfy-profil-commit-dd/Build/Intermediates.noindex/Nosfy.build/Debug-iphonesimulator/NosfyWidgets.build/Objects-normal/arm64/NosfyWidgets_const_extract_protocols.json

WriteAuxiliaryFile /tmp/nosfy-profil-commit-dd/Build/Intermediates.noindex/Nosfy.build/Debug-iphonesimulator/NosfyWidgets.build/Objects-normal/arm64/NosfyWidgets.SwiftConstValuesFileList (in target 'NosfyWidgets' from project 'Nosfy')
    cd /tmp/nosfy-profil-commit-20260919
    write-file /tmp/nosfy-profil-commit-dd/Build/Intermediates.noindex/Nosfy.build/Debug-iphonesimulator/NosfyWidgets.build/Objects-normal/arm64/NosfyWidgets.SwiftConstValuesFileList

WriteAuxiliaryFile /tmp/nosfy-profil-commit-dd/Build/Intermediates.noindex/Nosfy.build/Debug-iphonesimulator/NosfyWidgets.build/Objects-normal/arm64/NosfyWidgets.LinkFileList (in target 'NosfyWidgets' from project 'Nosfy')
    cd /tmp/nosfy-profil-commit-20260919
    write-file /tmp/nosfy-profil-commit-dd/Build/Intermediates.noindex/Nosfy.build/Debug-iphonesimulator/NosfyWidgets.build/Objects-normal/arm64/NosfyWidgets.LinkFileList

WriteAuxiliaryFile /tmp/nosfy-profil-commit-dd/Build/Intermediates.noindex/Nosfy.build/Debug-iphonesimulator/NosfyWidgets.build/Objects-normal/x86_64/NosfyWidgets.SwiftConstValuesFileList (in target 'NosfyWidgets' from project 'Nosfy')
    cd /tmp/nosfy-profil-commit-20260919
    write-file /tmp/nosfy-profil-commit-dd/Build/Intermediates.noindex/Nosfy.build/Debug-iphonesimulator/NosfyWidgets.build/Objects-normal/x86_64/NosfyWidgets.SwiftConstValuesFileList

WriteAuxiliaryFile /tmp/nosfy-profil-commit-dd/Build/Intermediates.noindex/Nosfy.build/Debug-iphonesimulator/NosfyWidgets.build/Objects-normal/x86_64/NosfyWidgets.SwiftFileList (in target 'NosfyWidgets' from project 'Nosfy')
    cd /tmp/nosfy-profil-commit-20260919
    write-file /tmp/nosfy-profil-commit-dd/Build/Intermediates.noindex/Nosfy.build/Debug-iphonesimulator/NosfyWidgets.build/Objects-normal/x86_64/NosfyWidgets.SwiftFileList

WriteAuxiliaryFile /tmp/nosfy-profil-commit-dd/Build/Intermediates.noindex/Nosfy.build/Debug-iphonesimulator/NosfyWidgets.build/Objects-normal/x86_64/NosfyWidgets-OutputFileMap.json (in target 'NosfyWidgets' from project 'Nosfy')
    cd /tmp/nosfy-profil-commit-20260919
    write-file /tmp/nosfy-profil-commit-dd/Build/Intermediates.noindex/Nosfy.build/Debug-iphonesimulator/NosfyWidgets.build/Objects-normal/x86_64/NosfyWidgets-OutputFileMap.json

WriteAuxiliaryFile /tmp/nosfy-profil-commit-dd/Build/Intermediates.noindex/Nosfy.build/Debug-iphonesimulator/NosfyWidgets.build/Objects-normal/x86_64/NosfyWidgets_const_extract_protocols.json (in target 'NosfyWidgets' from project 'Nosfy')
    cd /tmp/nosfy-profil-commit-20260919
    write-file /tmp/nosfy-profil-commit-dd/Build/Intermediates.noindex/Nosfy.build/Debug-iphonesimulator/NosfyWidgets.build/Objects-normal/x86_64/NosfyWidgets_const_extract_protocols.json

WriteAuxiliaryFile /tmp/nosfy-profil-commit-dd/Build/Intermediates.noindex/Nosfy.build/Debug-iphonesimulator/NosfyWidgets.build/Objects-normal/x86_64/NosfyWidgets.LinkFileList (in target 'NosfyWidgets' from project 'Nosfy')
    cd /tmp/nosfy-profil-commit-20260919
    write-file /tmp/nosfy-profil-commit-dd/Build/Intermediates.noindex/Nosfy.build/Debug-iphonesimulator/NosfyWidgets.build/Objects-normal/x86_64/NosfyWidgets.LinkFileList

WriteAuxiliaryFile /tmp/nosfy-profil-commit-dd/Build/Intermediates.noindex/Nosfy.build/Debug-iphonesimulator/NosfyWidgets.build/Objects-normal/arm64/NosfyWidgets-OutputFileMap.json (in target 'NosfyWidgets' from project 'Nosfy')
    cd /tmp/nosfy-profil-commit-20260919
    write-file /tmp/nosfy-profil-commit-dd/Build/Intermediates.noindex/Nosfy.build/Debug-iphonesimulator/NosfyWidgets.build/Objects-normal/arm64/NosfyWidgets-OutputFileMap.json

WriteAuxiliaryFile /tmp/nosfy-profil-commit-dd/Build/Intermediates.noindex/Nosfy.build/Debug-iphonesimulator/NosfyWidgets.build/NosfyWidgets.hmap (in target 'NosfyWidgets' from project 'Nosfy')
    cd /tmp/nosfy-profil-commit-20260919
    write-file /tmp/nosfy-profil-commit-dd/Build/Intermediates.noindex/Nosfy.build/Debug-iphonesimulator/NosfyWidgets.build/NosfyWidgets.hmap

WriteAuxiliaryFile /tmp/nosfy-profil-commit-dd/Build/Intermediates.noindex/Nosfy.build/Debug-iphonesimulator/NosfyWidgets.build/NosfyWidgets.DependencyStaticMetadataFileList (in target 'NosfyWidgets' from project 'Nosfy')
    cd /tmp/nosfy-profil-commit-20260919
    write-file /tmp/nosfy-profil-commit-dd/Build/Intermediates.noindex/Nosfy.build/Debug-iphonesimulator/NosfyWidgets.build/NosfyWidgets.DependencyStaticMetadataFileList

WriteAuxiliaryFile /tmp/nosfy-profil-commit-dd/Build/Intermediates.noindex/Nosfy.build/Debug-iphonesimulator/NosfyWidgets.build/NosfyWidgets.DependencyMetadataFileList (in target 'NosfyWidgets' from project 'Nosfy')
    cd /tmp/nosfy-profil-commit-20260919
    write-file /tmp/nosfy-profil-commit-dd/Build/Intermediates.noindex/Nosfy.build/Debug-iphonesimulator/NosfyWidgets.build/NosfyWidgets.DependencyMetadataFileList

WriteAuxiliaryFile /tmp/nosfy-profil-commit-dd/Build/Intermediates.noindex/Nosfy.build/Debug-iphonesimulator/NosfyWidgets.build/NosfyWidgets-project-headers.hmap (in target 'NosfyWidgets' from project 'Nosfy')
    cd /tmp/nosfy-profil-commit-20260919
    write-file /tmp/nosfy-profil-commit-dd/Build/Intermediates.noindex/Nosfy.build/Debug-iphonesimulator/NosfyWidgets.build/NosfyWidgets-project-headers.hmap

WriteAuxiliaryFile /tmp/nosfy-profil-commit-dd/Build/Intermediates.noindex/Nosfy.build/Debug-iphonesimulator/NosfyWidgets.build/NosfyWidgets-own-target-headers.hmap (in target 'NosfyWidgets' from project 'Nosfy')
    cd /tmp/nosfy-profil-commit-20260919
    write-file /tmp/nosfy-profil-commit-dd/Build/Intermediates.noindex/Nosfy.build/Debug-iphonesimulator/NosfyWidgets.build/NosfyWidgets-own-target-headers.hmap

WriteAuxiliaryFile /tmp/nosfy-profil-commit-dd/Build/Intermediates.noindex/Nosfy.build/Debug-iphonesimulator/NosfyWidgets.build/NosfyWidgets-generated-files.hmap (in target 'NosfyWidgets' from project 'Nosfy')
    cd /tmp/nosfy-profil-commit-20260919
    write-file /tmp/nosfy-profil-commit-dd/Build/Intermediates.noindex/Nosfy.build/Debug-iphonesimulator/NosfyWidgets.build/NosfyWidgets-generated-files.hmap

WriteAuxiliaryFile /tmp/nosfy-profil-commit-dd/Build/Intermediates.noindex/Nosfy.build/Debug-iphonesimulator/NosfyWidgets.build/NosfyWidgets-all-target-headers.hmap (in target 'NosfyWidgets' from project 'Nosfy')
    cd /tmp/nosfy-profil-commit-20260919
    write-file /tmp/nosfy-profil-commit-dd/Build/Intermediates.noindex/Nosfy.build/Debug-iphonesimulator/NosfyWidgets.build/NosfyWidgets-all-target-headers.hmap

WriteAuxiliaryFile /tmp/nosfy-profil-commit-dd/Build/Intermediates.noindex/Nosfy.build/Debug-iphonesimulator/NosfyWidgets.build/NosfyWidgets-all-non-framework-target-headers.hmap (in target 'NosfyWidgets' from project 'Nosfy')
    cd /tmp/nosfy-profil-commit-20260919
    write-file /tmp/nosfy-profil-commit-dd/Build/Intermediates.noindex/Nosfy.build/Debug-iphonesimulator/NosfyWidgets.build/NosfyWidgets-all-non-framework-target-headers.hmap

WriteAuxiliaryFile /tmp/nosfy-profil-commit-dd/Build/Intermediates.noindex/Nosfy.build/Debug-iphonesimulator/NosfyWidgets.build/NosfyWidgets-DebugEntryPoint-normal-x86_64.txt (in target 'NosfyWidgets' from project 'Nosfy')
    cd /tmp/nosfy-profil-commit-20260919
    write-file /tmp/nosfy-profil-commit-dd/Build/Intermediates.noindex/Nosfy.build/Debug-iphonesimulator/NosfyWidgets.build/NosfyWidgets-DebugEntryPoint-normal-x86_64.txt

WriteAuxiliaryFile /tmp/nosfy-profil-commit-dd/Build/Intermediates.noindex/Nosfy.build/Debug-iphonesimulator/NosfyWidgets.build/NosfyWidgets-DebugEntryPoint-normal-arm64.txt (in target 'NosfyWidgets' from project 'Nosfy')
    cd /tmp/nosfy-profil-commit-20260919
    write-file /tmp/nosfy-profil-commit-dd/Build/Intermediates.noindex/Nosfy.build/Debug-iphonesimulator/NosfyWidgets.build/NosfyWidgets-DebugEntryPoint-normal-arm64.txt

WriteAuxiliaryFile /tmp/nosfy-profil-commit-dd/Build/Intermediates.noindex/Nosfy.build/Debug-iphonesimulator/NosfyWidgets.build/NosfyWidgets-DebugDylibPath-normal-x86_64.txt (in target 'NosfyWidgets' from project 'Nosfy')
    cd /tmp/nosfy-profil-commit-20260919
    write-file /tmp/nosfy-profil-commit-dd/Build/Intermediates.noindex/Nosfy.build/Debug-iphonesimulator/NosfyWidgets.build/NosfyWidgets-DebugDylibPath-normal-x86_64.txt

WriteAuxiliaryFile /tmp/nosfy-profil-commit-dd/Build/Intermediates.noindex/Nosfy.build/Debug-iphonesimulator/NosfyWidgets.build/NosfyWidgets-DebugDylibPath-normal-arm64.txt (in target 'NosfyWidgets' from project 'Nosfy')
    cd /tmp/nosfy-profil-commit-20260919
    write-file /tmp/nosfy-profil-commit-dd/Build/Intermediates.noindex/Nosfy.build/Debug-iphonesimulator/NosfyWidgets.build/NosfyWidgets-DebugDylibPath-normal-arm64.txt

WriteAuxiliaryFile /tmp/nosfy-profil-commit-dd/Build/Intermediates.noindex/Nosfy.build/Debug-iphonesimulator/NosfyWidgets.build/NosfyWidgets-DebugDylibInstallName-normal-x86_64.txt (in target 'NosfyWidgets' from project 'Nosfy')
    cd /tmp/nosfy-profil-commit-20260919
    write-file /tmp/nosfy-profil-commit-dd/Build/Intermediates.noindex/Nosfy.build/Debug-iphonesimulator/NosfyWidgets.build/NosfyWidgets-DebugDylibInstallName-normal-x86_64.txt

WriteAuxiliaryFile /tmp/nosfy-profil-commit-dd/Build/Intermediates.noindex/Nosfy.build/Debug-iphonesimulator/NosfyWidgets.build/NosfyWidgets-DebugDylibInstallName-normal-arm64.txt (in target 'NosfyWidgets' from project 'Nosfy')
    cd /tmp/nosfy-profil-commit-20260919
    write-file /tmp/nosfy-profil-commit-dd/Build/Intermediates.noindex/Nosfy.build/Debug-iphonesimulator/NosfyWidgets.build/NosfyWidgets-DebugDylibInstallName-normal-arm64.txt

WriteAuxiliaryFile /tmp/nosfy-profil-commit-dd/Build/Intermediates.noindex/Nosfy.build/Debug-iphonesimulator/Nosfy.build/Objects-normal/x86_64/Nosfy_const_extract_protocols.json (in target 'Nosfy' from project 'Nosfy')
    cd /tmp/nosfy-profil-commit-20260919
    write-file /tmp/nosfy-profil-commit-dd/Build/Intermediates.noindex/Nosfy.build/Debug-iphonesimulator/Nosfy.build/Objects-normal/x86_64/Nosfy_const_extract_protocols.json

WriteAuxiliaryFile /tmp/nosfy-profil-commit-dd/Build/Intermediates.noindex/Nosfy.build/Debug-iphonesimulator/Nosfy.build/Objects-normal/x86_64/Nosfy.SwiftFileList (in target 'Nosfy' from project 'Nosfy')
    cd /tmp/nosfy-profil-commit-20260919
    write-file /tmp/nosfy-profil-commit-dd/Build/Intermediates.noindex/Nosfy.build/Debug-iphonesimulator/Nosfy.build/Objects-normal/x86_64/Nosfy.SwiftFileList

WriteAuxiliaryFile /tmp/nosfy-profil-commit-dd/Build/Intermediates.noindex/Nosfy.build/Debug-iphonesimulator/Nosfy.build/Objects-normal/x86_64/Nosfy.SwiftConstValuesFileList (in target 'Nosfy' from project 'Nosfy')
    cd /tmp/nosfy-profil-commit-20260919
    write-file /tmp/nosfy-profil-commit-dd/Build/Intermediates.noindex/Nosfy.build/Debug-iphonesimulator/Nosfy.build/Objects-normal/x86_64/Nosfy.SwiftConstValuesFileList

WriteAuxiliaryFile /tmp/nosfy-profil-commit-dd/Build/Intermediates.noindex/Nosfy.build/Debug-iphonesimulator/Nosfy.build/Objects-normal/x86_64/Nosfy.LinkFileList (in target 'Nosfy' from project 'Nosfy')
    cd /tmp/nosfy-profil-commit-20260919
    write-file /tmp/nosfy-profil-commit-dd/Build/Intermediates.noindex/Nosfy.build/Debug-iphonesimulator/Nosfy.build/Objects-normal/x86_64/Nosfy.LinkFileList

WriteAuxiliaryFile /tmp/nosfy-profil-commit-dd/Build/Intermediates.noindex/Nosfy.build/Debug-iphonesimulator/Nosfy.build/Objects-normal/x86_64/Nosfy-OutputFileMap.json (in target 'Nosfy' from project 'Nosfy')
    cd /tmp/nosfy-profil-commit-20260919
    write-file /tmp/nosfy-profil-commit-dd/Build/Intermediates.noindex/Nosfy.build/Debug-iphonesimulator/Nosfy.build/Objects-normal/x86_64/Nosfy-OutputFileMap.json

WriteAuxiliaryFile /tmp/nosfy-profil-commit-dd/Build/Intermediates.noindex/Nosfy.build/Debug-iphonesimulator/Nosfy.build/Objects-normal/arm64/Nosfy_const_extract_protocols.json (in target 'Nosfy' from project 'Nosfy')
    cd /tmp/nosfy-profil-commit-20260919
    write-file /tmp/nosfy-profil-commit-dd/Build/Intermediates.noindex/Nosfy.build/Debug-iphonesimulator/Nosfy.build/Objects-normal/arm64/Nosfy_const_extract_protocols.json

WriteAuxiliaryFile /tmp/nosfy-profil-commit-dd/Build/Intermediates.noindex/Nosfy.build/Debug-iphonesimulator/Nosfy.build/Objects-normal/arm64/Nosfy.SwiftFileList (in target 'Nosfy' from project 'Nosfy')
    cd /tmp/nosfy-profil-commit-20260919
    write-file /tmp/nosfy-profil-commit-dd/Build/Intermediates.noindex/Nosfy.build/Debug-iphonesimulator/Nosfy.build/Objects-normal/arm64/Nosfy.SwiftFileList

WriteAuxiliaryFile /tmp/nosfy-profil-commit-dd/Build/Intermediates.noindex/Nosfy.build/Debug-iphonesimulator/Nosfy.build/Objects-normal/arm64/Nosfy.SwiftConstValuesFileList (in target 'Nosfy' from project 'Nosfy')
    cd /tmp/nosfy-profil-commit-20260919
    write-file /tmp/nosfy-profil-commit-dd/Build/Intermediates.noindex/Nosfy.build/Debug-iphonesimulator/Nosfy.build/Objects-normal/arm64/Nosfy.SwiftConstValuesFileList

WriteAuxiliaryFile /tmp/nosfy-profil-commit-dd/Build/Intermediates.noindex/Nosfy.build/Debug-iphonesimulator/Nosfy.build/Objects-normal/arm64/Nosfy.LinkFileList (in target 'Nosfy' from project 'Nosfy')
    cd /tmp/nosfy-profil-commit-20260919
    write-file /tmp/nosfy-profil-commit-dd/Build/Intermediates.noindex/Nosfy.build/Debug-iphonesimulator/Nosfy.build/Objects-normal/arm64/Nosfy.LinkFileList

WriteAuxiliaryFile /tmp/nosfy-profil-commit-dd/Build/Intermediates.noindex/Nosfy.build/Debug-iphonesimulator/Nosfy.build/Objects-normal/arm64/Nosfy-OutputFileMap.json (in target 'Nosfy' from project 'Nosfy')
    cd /tmp/nosfy-profil-commit-20260919
    write-file /tmp/nosfy-profil-commit-dd/Build/Intermediates.noindex/Nosfy.build/Debug-iphonesimulator/Nosfy.build/Objects-normal/arm64/Nosfy-OutputFileMap.json

WriteAuxiliaryFile /tmp/nosfy-profil-commit-dd/Build/Intermediates.noindex/Nosfy.build/Debug-iphonesimulator/Nosfy.build/Nosfy.hmap (in target 'Nosfy' from project 'Nosfy')
    cd /tmp/nosfy-profil-commit-20260919
    write-file /tmp/nosfy-profil-commit-dd/Build/Intermediates.noindex/Nosfy.build/Debug-iphonesimulator/Nosfy.build/Nosfy.hmap

WriteAuxiliaryFile /tmp/nosfy-profil-commit-dd/Build/Intermediates.noindex/Nosfy.build/Debug-iphonesimulator/Nosfy.build/Nosfy.DependencyStaticMetadataFileList (in target 'Nosfy' from project 'Nosfy')
    cd /tmp/nosfy-profil-commit-20260919
    write-file /tmp/nosfy-profil-commit-dd/Build/Intermediates.noindex/Nosfy.build/Debug-iphonesimulator/Nosfy.build/Nosfy.DependencyStaticMetadataFileList

WriteAuxiliaryFile /tmp/nosfy-profil-commit-dd/Build/Intermediates.noindex/Nosfy.build/Debug-iphonesimulator/Nosfy.build/Nosfy.DependencyMetadataFileList (in target 'Nosfy' from project 'Nosfy')
    cd /tmp/nosfy-profil-commit-20260919
    write-file /tmp/nosfy-profil-commit-dd/Build/Intermediates.noindex/Nosfy.build/Debug-iphonesimulator/Nosfy.build/Nosfy.DependencyMetadataFileList

WriteAuxiliaryFile /tmp/nosfy-profil-commit-dd/Build/Intermediates.noindex/Nosfy.build/Debug-iphonesimulator/Nosfy.build/Nosfy-project-headers.hmap (in target 'Nosfy' from project 'Nosfy')
    cd /tmp/nosfy-profil-commit-20260919
    write-file /tmp/nosfy-profil-commit-dd/Build/Intermediates.noindex/Nosfy.build/Debug-iphonesimulator/Nosfy.build/Nosfy-project-headers.hmap

WriteAuxiliaryFile /tmp/nosfy-profil-commit-dd/Build/Intermediates.noindex/Nosfy.build/Debug-iphonesimulator/Nosfy.build/Nosfy-own-target-headers.hmap (in target 'Nosfy' from project 'Nosfy')
    cd /tmp/nosfy-profil-commit-20260919
    write-file /tmp/nosfy-profil-commit-dd/Build/Intermediates.noindex/Nosfy.build/Debug-iphonesimulator/Nosfy.build/Nosfy-own-target-headers.hmap

WriteAuxiliaryFile /tmp/nosfy-profil-commit-dd/Build/Intermediates.noindex/Nosfy.build/Debug-iphonesimulator/Nosfy.build/Nosfy-generated-files.hmap (in target 'Nosfy' from project 'Nosfy')
    cd /tmp/nosfy-profil-commit-20260919
    write-file /tmp/nosfy-profil-commit-dd/Build/Intermediates.noindex/Nosfy.build/Debug-iphonesimulator/Nosfy.build/Nosfy-generated-files.hmap

WriteAuxiliaryFile /tmp/nosfy-profil-commit-dd/Build/Intermediates.noindex/Nosfy.build/Debug-iphonesimulator/Nosfy.build/Nosfy-all-target-headers.hmap (in target 'Nosfy' from project 'Nosfy')
    cd /tmp/nosfy-profil-commit-20260919
    write-file /tmp/nosfy-profil-commit-dd/Build/Intermediates.noindex/Nosfy.build/Debug-iphonesimulator/Nosfy.build/Nosfy-all-target-headers.hmap

WriteAuxiliaryFile /tmp/nosfy-profil-commit-dd/Build/Intermediates.noindex/Nosfy.build/Debug-iphonesimulator/Nosfy.build/Nosfy-all-non-framework-target-headers.hmap (in target 'Nosfy' from project 'Nosfy')
    cd /tmp/nosfy-profil-commit-20260919
    write-file /tmp/nosfy-profil-commit-dd/Build/Intermediates.noindex/Nosfy.build/Debug-iphonesimulator/Nosfy.build/Nosfy-all-non-framework-target-headers.hmap

WriteAuxiliaryFile /tmp/nosfy-profil-commit-dd/Build/Intermediates.noindex/Nosfy.build/Debug-iphonesimulator/Nosfy.build/Nosfy-DebugDylibPath-normal-x86_64.txt (in target 'Nosfy' from project 'Nosfy')
    cd /tmp/nosfy-profil-commit-20260919
    write-file /tmp/nosfy-profil-commit-dd/Build/Intermediates.noindex/Nosfy.build/Debug-iphonesimulator/Nosfy.build/Nosfy-DebugDylibPath-normal-x86_64.txt

WriteAuxiliaryFile /tmp/nosfy-profil-commit-dd/Build/Intermediates.noindex/Nosfy.build/Debug-iphonesimulator/Nosfy.build/Nosfy-DebugDylibPath-normal-arm64.txt (in target 'Nosfy' from project 'Nosfy')
    cd /tmp/nosfy-profil-commit-20260919
    write-file /tmp/nosfy-profil-commit-dd/Build/Intermediates.noindex/Nosfy.build/Debug-iphonesimulator/Nosfy.build/Nosfy-DebugDylibPath-normal-arm64.txt

WriteAuxiliaryFile /tmp/nosfy-profil-commit-dd/Build/Intermediates.noindex/Nosfy.build/Debug-iphonesimulator/Nosfy.build/Nosfy-DebugDylibInstallName-normal-x86_64.txt (in target 'Nosfy' from project 'Nosfy')
    cd /tmp/nosfy-profil-commit-20260919
    write-file /tmp/nosfy-profil-commit-dd/Build/Intermediates.noindex/Nosfy.build/Debug-iphonesimulator/Nosfy.build/Nosfy-DebugDylibInstallName-normal-x86_64.txt

WriteAuxiliaryFile /tmp/nosfy-profil-commit-dd/Build/Intermediates.noindex/Nosfy.build/Debug-iphonesimulator/Nosfy.build/Nosfy-DebugDylibInstallName-normal-arm64.txt (in target 'Nosfy' from project 'Nosfy')
    cd /tmp/nosfy-profil-commit-20260919
    write-file /tmp/nosfy-profil-commit-dd/Build/Intermediates.noindex/Nosfy.build/Debug-iphonesimulator/Nosfy.build/Nosfy-DebugDylibInstallName-normal-arm64.txt

MkDir /tmp/nosfy-profil-commit-dd/Build/Products/Debug-iphonesimulator/NosfyWidgets.appex (in target 'NosfyWidgets' from project 'Nosfy')
    cd /tmp/nosfy-profil-commit-20260919
    /bin/mkdir -p /tmp/nosfy-profil-commit-dd/Build/Products/Debug-iphonesimulator/NosfyWidgets.appex

MkDir /tmp/nosfy-profil-commit-dd/Build/Products/Debug-iphonesimulator/Nosfy.app (in target 'Nosfy' from project 'Nosfy')
    cd /tmp/nosfy-profil-commit-20260919
    /bin/mkdir -p /tmp/nosfy-profil-commit-dd/Build/Products/Debug-iphonesimulator/Nosfy.app

MkDir /tmp/nosfy-profil-commit-dd/Build/Products/Debug-iphonesimulator/Nosfy.app/PlugIns (in target 'Nosfy' from project 'Nosfy')
    cd /tmp/nosfy-profil-commit-20260919
    /bin/mkdir -p /tmp/nosfy-profil-commit-dd/Build/Products/Debug-iphonesimulator/Nosfy.app/PlugIns

Ld /tmp/nosfy-profil-commit-dd/Build/Intermediates.noindex/Nosfy.build/Debug-iphonesimulator/NosfyWidgets.build/Objects-normal/arm64/Binary/__preview.dylib normal arm64 (in target 'NosfyWidgets' from project 'Nosfy')
    cd /tmp/nosfy-profil-commit-20260919
    /Applications/Xcode.app/Contents/Developer/Toolchains/XcodeDefault.xctoolchain/usr/bin/clang -Xlinker -reproducible -target arm64-apple-ios26.0-simulator -dynamiclib -isysroot /Applications/Xcode.app/Contents/Developer/Platforms/iPhoneSimulator.platform/Developer/SDKs/iPhoneSimulator26.5.sdk -O0 -L/tmp/nosfy-profil-commit-dd/Build/Products/Debug-iphonesimulator -F/tmp/nosfy-profil-commit-dd/Build/Products/Debug-iphonesimulator -install_name @rpath/NosfyWidgets.debug.dylib -Xlinker -dead_strip -rdynamic -Xlinker -no_deduplicate -Xlinker -objc_abi_version -Xlinker 2 -Xlinker -dependency_info -Xlinker /tmp/nosfy-profil-commit-dd/Build/Intermediates.noindex/Nosfy.build/Debug-iphonesimulator/NosfyWidgets.build/Objects-normal/arm64/NosfyWidgets_dependency_info.dat -o /tmp/nosfy-profil-commit-dd/Build/Intermediates.noindex/Nosfy.build/Debug-iphonesimulator/NosfyWidgets.build/Objects-normal/arm64/Binary/__preview.dylib

Ld /tmp/nosfy-profil-commit-dd/Build/Intermediates.noindex/Nosfy.build/Debug-iphonesimulator/NosfyWidgets.build/Objects-normal/x86_64/Binary/__preview.dylib normal x86_64 (in target 'NosfyWidgets' from project 'Nosfy')
    cd /tmp/nosfy-profil-commit-20260919
    /Applications/Xcode.app/Contents/Developer/Toolchains/XcodeDefault.xctoolchain/usr/bin/clang -Xlinker -reproducible -target x86_64-apple-ios26.0-simulator -dynamiclib -isysroot /Applications/Xcode.app/Contents/Developer/Platforms/iPhoneSimulator.platform/Developer/SDKs/iPhoneSimulator26.5.sdk -O0 -L/tmp/nosfy-profil-commit-dd/Build/Products/Debug-iphonesimulator -F/tmp/nosfy-profil-commit-dd/Build/Products/Debug-iphonesimulator -install_name @rpath/NosfyWidgets.debug.dylib -Xlinker -dead_strip -rdynamic -Xlinker -no_deduplicate -Xlinker -objc_abi_version -Xlinker 2 -Xlinker -dependency_info -Xlinker /tmp/nosfy-profil-commit-dd/Build/Intermediates.noindex/Nosfy.build/Debug-iphonesimulator/NosfyWidgets.build/Objects-normal/x86_64/NosfyWidgets_dependency_info.dat -o /tmp/nosfy-profil-commit-dd/Build/Intermediates.noindex/Nosfy.build/Debug-iphonesimulator/NosfyWidgets.build/Objects-normal/x86_64/Binary/__preview.dylib

MkDir /tmp/nosfy-profil-commit-dd/Build/Intermediates.noindex/Nosfy.build/Debug-iphonesimulator/NosfyWidgets.build/assetcatalog_output/thinned (in target 'NosfyWidgets' from project 'Nosfy')
    cd /tmp/nosfy-profil-commit-20260919
    /bin/mkdir -p /tmp/nosfy-profil-commit-dd/Build/Intermediates.noindex/Nosfy.build/Debug-iphonesimulator/NosfyWidgets.build/assetcatalog_output/thinned

MkDir /tmp/nosfy-profil-commit-dd/Build/Intermediates.noindex/Nosfy.build/Debug-iphonesimulator/NosfyWidgets.build/assetcatalog_output/unthinned (in target 'NosfyWidgets' from project 'Nosfy')
    cd /tmp/nosfy-profil-commit-20260919
    /bin/mkdir -p /tmp/nosfy-profil-commit-dd/Build/Intermediates.noindex/Nosfy.build/Debug-iphonesimulator/NosfyWidgets.build/assetcatalog_output/unthinned

GenerateAssetSymbols /tmp/nosfy-profil-commit-20260919/NosfyShared/LiveAssets.xcassets (in target 'NosfyWidgets' from project 'Nosfy')
    cd /tmp/nosfy-profil-commit-20260919
    /Applications/Xcode.app/Contents/Developer/usr/bin/actool /tmp/nosfy-profil-commit-20260919/NosfyShared/LiveAssets.xcassets --compile /tmp/nosfy-profil-commit-dd/Build/Products/Debug-iphonesimulator/NosfyWidgets.appex --output-format human-readable-text --notices --warnings --export-dependency-info /tmp/nosfy-profil-commit-dd/Build/Intermediates.noindex/Nosfy.build/Debug-iphonesimulator/NosfyWidgets.build/assetcatalog_dependencies --output-partial-info-plist /tmp/nosfy-profil-commit-dd/Build/Intermediates.noindex/Nosfy.build/Debug-iphonesimulator/NosfyWidgets.build/assetcatalog_generated_info.plist --compress-pngs --enable-on-demand-resources NO --standalone-icon-behavior all --development-region fr --target-device iphone --minimum-deployment-target 26.0 --platform iphonesimulator --bundle-identifier fr.kathryn.woop.WoopWidgets --generate-swift-asset-symbol-extensions NO --generate-swift-asset-symbols /tmp/nosfy-profil-commit-dd/Build/Intermediates.noindex/Nosfy.build/Debug-iphonesimulator/NosfyWidgets.build/DerivedSources/GeneratedAssetSymbols.swift --generate-objc-asset-symbols /tmp/nosfy-profil-commit-dd/Build/Intermediates.noindex/Nosfy.build/Debug-iphonesimulator/NosfyWidgets.build/DerivedSources/GeneratedAssetSymbols.h --generate-asset-symbol-index /tmp/nosfy-profil-commit-dd/Build/Intermediates.noindex/Nosfy.build/Debug-iphonesimulator/NosfyWidgets.build/DerivedSources/GeneratedAssetSymbols-Index.plist
/* com.apple.actool.compilation-results */
/tmp/nosfy-profil-commit-dd/Build/Intermediates.noindex/Nosfy.build/Debug-iphonesimulator/NosfyWidgets.build/DerivedSources/GeneratedAssetSymbols-Index.plist
/tmp/nosfy-profil-commit-dd/Build/Intermediates.noindex/Nosfy.build/Debug-iphonesimulator/NosfyWidgets.build/DerivedSources/GeneratedAssetSymbols.h
/tmp/nosfy-profil-commit-dd/Build/Intermediates.noindex/Nosfy.build/Debug-iphonesimulator/NosfyWidgets.build/DerivedSources/GeneratedAssetSymbols.swift


CompileAssetCatalogVariant thinned /tmp/nosfy-profil-commit-dd/Build/Products/Debug-iphonesimulator/NosfyWidgets.appex /tmp/nosfy-profil-commit-20260919/NosfyShared/LiveAssets.xcassets (in target 'NosfyWidgets' from project 'Nosfy')
    cd /tmp/nosfy-profil-commit-20260919
    /Applications/Xcode.app/Contents/Developer/usr/bin/actool /tmp/nosfy-profil-commit-20260919/NosfyShared/LiveAssets.xcassets --compile /tmp/nosfy-profil-commit-dd/Build/Intermediates.noindex/Nosfy.build/Debug-iphonesimulator/NosfyWidgets.build/assetcatalog_output/thinned --output-format human-readable-text --notices --warnings --export-dependency-info /tmp/nosfy-profil-commit-dd/Build/Intermediates.noindex/Nosfy.build/Debug-iphonesimulator/NosfyWidgets.build/assetcatalog_dependencies_thinned --output-partial-info-plist /tmp/nosfy-profil-commit-dd/Build/Intermediates.noindex/Nosfy.build/Debug-iphonesimulator/NosfyWidgets.build/assetcatalog_generated_info.plist_thinned --compress-pngs --enable-on-demand-resources NO --standalone-icon-behavior all --development-region fr --target-device iphone --minimum-deployment-target 26.0 --platform iphonesimulator
/* com.apple.actool.compilation-results */
/tmp/nosfy-profil-commit-dd/Build/Intermediates.noindex/Nosfy.build/Debug-iphonesimulator/NosfyWidgets.build/assetcatalog_generated_info.plist_thinned
/tmp/nosfy-profil-commit-dd/Build/Intermediates.noindex/Nosfy.build/Debug-iphonesimulator/NosfyWidgets.build/assetcatalog_output/thinned/Assets.car


CreateUniversalBinary /tmp/nosfy-profil-commit-dd/Build/Products/Debug-iphonesimulator/NosfyWidgets.appex/__preview.dylib normal arm64\ x86_64 (in target 'NosfyWidgets' from project 'Nosfy')
    cd /tmp/nosfy-profil-commit-20260919
    /Applications/Xcode.app/Contents/Developer/Toolchains/XcodeDefault.xctoolchain/usr/bin/lipo -create /tmp/nosfy-profil-commit-dd/Build/Intermediates.noindex/Nosfy.build/Debug-iphonesimulator/NosfyWidgets.build/Objects-normal/arm64/Binary/__preview.dylib /tmp/nosfy-profil-commit-dd/Build/Intermediates.noindex/Nosfy.build/Debug-iphonesimulator/NosfyWidgets.build/Objects-normal/x86_64/Binary/__preview.dylib -output /tmp/nosfy-profil-commit-dd/Build/Products/Debug-iphonesimulator/NosfyWidgets.appex/__preview.dylib

SwiftDriver NosfyWidgets normal x86_64 com.apple.xcode.tools.swift.compiler (in target 'NosfyWidgets' from project 'Nosfy')
    cd /tmp/nosfy-profil-commit-20260919
    builtin-SwiftDriver -- /Applications/Xcode.app/Contents/Developer/Toolchains/XcodeDefault.xctoolchain/usr/bin/swiftc -module-name NosfyWidgets -Onone @/tmp/nosfy-profil-commit-dd/Build/Intermediates.noindex/Nosfy.build/Debug-iphonesimulator/NosfyWidgets.build/Objects-normal/x86_64/NosfyWidgets.SwiftFileList -DDEBUG -enable-bare-slash-regex -enable-experimental-feature DebugDescriptionMacro -sdk /Applications/Xcode.app/Contents/Developer/Platforms/iPhoneSimulator.platform/Developer/SDKs/iPhoneSimulator26.5.sdk -target x86_64-apple-ios26.0-simulator -g -module-cache-path /tmp/nosfy-profil-commit-dd/ModuleCache.noindex -Xfrontend -serialize-debugging-options -application-extension -enable-testing -index-store-path /tmp/nosfy-profil-commit-dd/Index.noindex/DataStore -Xcc -D_LIBCPP_HARDENING_MODE\=_LIBCPP_HARDENING_MODE_DEBUG -swift-version 5 -I /tmp/nosfy-profil-commit-dd/Build/Products/Debug-iphonesimulator -F /tmp/nosfy-profil-commit-dd/Build/Products/Debug-iphonesimulator -emit-localized-strings -emit-localized-strings-path /tmp/nosfy-profil-commit-dd/Build/Intermediates.noindex/Nosfy.build/Debug-iphonesimulator/NosfyWidgets.build/Objects-normal/x86_64 -c -j10 -enable-batch-mode -incremental -Xcc -ivfsstatcache -Xcc /tmp/nosfy-profil-commit-dd/SDKStatCaches.noindex/iphonesimulator26.5-23F73-688ef53f1462e2c8f657fdc38a81448f6cfe768891a92b912361537c460fe42b.sdkstatcache -output-file-map /tmp/nosfy-profil-commit-dd/Build/Intermediates.noindex/Nosfy.build/Debug-iphonesimulator/NosfyWidgets.build/Objects-normal/x86_64/NosfyWidgets-OutputFileMap.json -use-frontend-parseable-output -save-temps -no-color-diagnostics -explicit-module-build -module-cache-path /tmp/nosfy-profil-commit-dd/Build/Intermediates.noindex/SwiftExplicitPrecompiledModules -clang-scanner-module-cache-path /tmp/nosfy-profil-commit-dd/ModuleCache.noindex -sdk-module-cache-path /tmp/nosfy-profil-commit-dd/ModuleCache.noindex -serialize-diagnostics -emit-dependencies -emit-module -emit-module-path /tmp/nosfy-profil-commit-dd/Build/Intermediates.noindex/Nosfy.build/Debug-iphonesimulator/NosfyWidgets.build/Objects-normal/x86_64/NosfyWidgets.swiftmodule -validate-clang-modules-once -clang-build-session-file /tmp/nosfy-profil-commit-dd/ModuleCache.noindex/Session.modulevalidation -Xcc -I/tmp/nosfy-profil-commit-dd/Build/Intermediates.noindex/Nosfy.build/Debug-iphonesimulator/NosfyWidgets.build/swift-overrides.hmap -emit-const-values -Xfrontend -const-gather-protocols-file -Xfrontend /tmp/nosfy-profil-commit-dd/Build/Intermediates.noindex/Nosfy.build/Debug-iphonesimulator/NosfyWidgets.build/Objects-normal/x86_64/NosfyWidgets_const_extract_protocols.json -Xcc -iquote -Xcc /tmp/nosfy-profil-commit-dd/Build/Intermediates.noindex/Nosfy.build/Debug-iphonesimulator/NosfyWidgets.build/NosfyWidgets-generated-files.hmap -Xcc -I/tmp/nosfy-profil-commit-dd/Build/Intermediates.noindex/Nosfy.build/Debug-iphonesimulator/NosfyWidgets.build/NosfyWidgets-own-target-headers.hmap -Xcc -I/tmp/nosfy-profil-commit-dd/Build/Intermediates.noindex/Nosfy.build/Debug-iphonesimulator/NosfyWidgets.build/NosfyWidgets-all-target-headers.hmap -Xcc -iquote -Xcc /tmp/nosfy-profil-commit-dd/Build/Intermediates.noindex/Nosfy.build/Debug-iphonesimulator/NosfyWidgets.build/NosfyWidgets-project-headers.hmap -Xcc -I/tmp/nosfy-profil-commit-dd/Build/Products/Debug-iphonesimulator/include -Xcc -I/tmp/nosfy-profil-commit-dd/Build/Intermediates.noindex/Nosfy.build/Debug-iphonesimulator/NosfyWidgets.build/DerivedSources-normal/x86_64 -Xcc -I/tmp/nosfy-profil-commit-dd/Build/Intermediates.noindex/Nosfy.build/Debug-iphonesimulator/NosfyWidgets.build/DerivedSources/x86_64 -Xcc -I/tmp/nosfy-profil-commit-dd/Build/Intermediates.noindex/Nosfy.build/Debug-iphonesimulator/NosfyWidgets.build/DerivedSources -Xcc -DDEBUG\=1 -emit-objc-header -emit-objc-header-path /tmp/nosfy-profil-commit-dd/Build/Intermediates.noindex/Nosfy.build/Debug-iphonesimulator/NosfyWidgets.build/Objects-normal/x86_64/NosfyWidgets-Swift.h -working-directory /tmp/nosfy-profil-commit-20260919 -experimental-emit-module-separately -disable-cmo

SwiftDriver NosfyWidgets normal arm64 com.apple.xcode.tools.swift.compiler (in target 'NosfyWidgets' from project 'Nosfy')
    cd /tmp/nosfy-profil-commit-20260919
    builtin-SwiftDriver -- /Applications/Xcode.app/Contents/Developer/Toolchains/XcodeDefault.xctoolchain/usr/bin/swiftc -module-name NosfyWidgets -Onone @/tmp/nosfy-profil-commit-dd/Build/Intermediates.noindex/Nosfy.build/Debug-iphonesimulator/NosfyWidgets.build/Objects-normal/arm64/NosfyWidgets.SwiftFileList -DDEBUG -enable-bare-slash-regex -enable-experimental-feature DebugDescriptionMacro -sdk /Applications/Xcode.app/Contents/Developer/Platforms/iPhoneSimulator.platform/Developer/SDKs/iPhoneSimulator26.5.sdk -target arm64-apple-ios26.0-simulator -g -module-cache-path /tmp/nosfy-profil-commit-dd/ModuleCache.noindex -Xfrontend -serialize-debugging-options -application-extension -enable-testing -index-store-path /tmp/nosfy-profil-commit-dd/Index.noindex/DataStore -Xcc -D_LIBCPP_HARDENING_MODE\=_LIBCPP_HARDENING_MODE_DEBUG -swift-version 5 -I /tmp/nosfy-profil-commit-dd/Build/Products/Debug-iphonesimulator -F /tmp/nosfy-profil-commit-dd/Build/Products/Debug-iphonesimulator -emit-localized-strings -emit-localized-strings-path /tmp/nosfy-profil-commit-dd/Build/Intermediates.noindex/Nosfy.build/Debug-iphonesimulator/NosfyWidgets.build/Objects-normal/arm64 -c -j10 -enable-batch-mode -incremental -Xcc -ivfsstatcache -Xcc /tmp/nosfy-profil-commit-dd/SDKStatCaches.noindex/iphonesimulator26.5-23F73-688ef53f1462e2c8f657fdc38a81448f6cfe768891a92b912361537c460fe42b.sdkstatcache -output-file-map /tmp/nosfy-profil-commit-dd/Build/Intermediates.noindex/Nosfy.build/Debug-iphonesimulator/NosfyWidgets.build/Objects-normal/arm64/NosfyWidgets-OutputFileMap.json -use-frontend-parseable-output -save-temps -no-color-diagnostics -explicit-module-build -module-cache-path /tmp/nosfy-profil-commit-dd/Build/Intermediates.noindex/SwiftExplicitPrecompiledModules -clang-scanner-module-cache-path /tmp/nosfy-profil-commit-dd/ModuleCache.noindex -sdk-module-cache-path /tmp/nosfy-profil-commit-dd/ModuleCache.noindex -serialize-diagnostics -emit-dependencies -emit-module -emit-module-path /tmp/nosfy-profil-commit-dd/Build/Intermediates.noindex/Nosfy.build/Debug-iphonesimulator/NosfyWidgets.build/Objects-normal/arm64/NosfyWidgets.swiftmodule -validate-clang-modules-once -clang-build-session-file /tmp/nosfy-profil-commit-dd/ModuleCache.noindex/Session.modulevalidation -Xcc -I/tmp/nosfy-profil-commit-dd/Build/Intermediates.noindex/Nosfy.build/Debug-iphonesimulator/NosfyWidgets.build/swift-overrides.hmap -emit-const-values -Xfrontend -const-gather-protocols-file -Xfrontend /tmp/nosfy-profil-commit-dd/Build/Intermediates.noindex/Nosfy.build/Debug-iphonesimulator/NosfyWidgets.build/Objects-normal/arm64/NosfyWidgets_const_extract_protocols.json -Xcc -iquote -Xcc /tmp/nosfy-profil-commit-dd/Build/Intermediates.noindex/Nosfy.build/Debug-iphonesimulator/NosfyWidgets.build/NosfyWidgets-generated-files.hmap -Xcc -I/tmp/nosfy-profil-commit-dd/Build/Intermediates.noindex/Nosfy.build/Debug-iphonesimulator/NosfyWidgets.build/NosfyWidgets-own-target-headers.hmap -Xcc -I/tmp/nosfy-profil-commit-dd/Build/Intermediates.noindex/Nosfy.build/Debug-iphonesimulator/NosfyWidgets.build/NosfyWidgets-all-target-headers.hmap -Xcc -iquote -Xcc /tmp/nosfy-profil-commit-dd/Build/Intermediates.noindex/Nosfy.build/Debug-iphonesimulator/NosfyWidgets.build/NosfyWidgets-project-headers.hmap -Xcc -I/tmp/nosfy-profil-commit-dd/Build/Products/Debug-iphonesimulator/include -Xcc -I/tmp/nosfy-profil-commit-dd/Build/Intermediates.noindex/Nosfy.build/Debug-iphonesimulator/NosfyWidgets.build/DerivedSources-normal/arm64 -Xcc -I/tmp/nosfy-profil-commit-dd/Build/Intermediates.noindex/Nosfy.build/Debug-iphonesimulator/NosfyWidgets.build/DerivedSources/arm64 -Xcc -I/tmp/nosfy-profil-commit-dd/Build/Intermediates.noindex/Nosfy.build/Debug-iphonesimulator/NosfyWidgets.build/DerivedSources -Xcc -DDEBUG\=1 -emit-objc-header -emit-objc-header-path /tmp/nosfy-profil-commit-dd/Build/Intermediates.noindex/Nosfy.build/Debug-iphonesimulator/NosfyWidgets.build/Objects-normal/arm64/NosfyWidgets-Swift.h -working-directory /tmp/nosfy-profil-commit-20260919 -experimental-emit-module-separately -disable-cmo

SwiftExplicitDependencyGeneratePcm x86_64 /tmp/nosfy-profil-commit-dd/ModuleCache.noindex/_SwiftConcurrencyShims-ESYLQWAUSK5WJF1VVMF911ZBS.pcm

SwiftExplicitDependencyGeneratePcm x86_64 /tmp/nosfy-profil-commit-dd/ModuleCache.noindex/ActivityKit-741ZMHHOTFJ66996QIC82909K.pcm

SwiftExplicitDependencyGeneratePcm x86_64 /tmp/nosfy-profil-commit-dd/ModuleCache.noindex/ptrauth-7Y951SQPARIA22ITYEM81YDEF.pcm

SwiftExplicitDependencyGeneratePcm x86_64 /tmp/nosfy-profil-commit-dd/ModuleCache.noindex/_Builtin_stdbool-BT10XTI40VLJW4AVU8YZNU79K.pcm

SwiftExplicitDependencyGeneratePcm x86_64 /tmp/nosfy-profil-commit-dd/ModuleCache.noindex/SwiftShims-B39EV6VBHUTO82753IXQCO97K.pcm

SwiftExplicitDependencyGeneratePcm x86_64 /tmp/nosfy-profil-commit-dd/ModuleCache.noindex/_Builtin_stddef-DGWI5IV98UWZCVBOR1LV3Z9MO.pcm

SwiftExplicitDependencyGeneratePcm x86_64 /tmp/nosfy-profil-commit-dd/ModuleCache.noindex/_AvailabilityInternal-1F3L4KXC17AFED84UAFOXC5TK.pcm

SwiftExplicitDependencyGeneratePcm x86_64 /tmp/nosfy-profil-commit-dd/ModuleCache.noindex/ptrcheck-A5PN3U6RZIWQRQMQM584MCO26.pcm

SwiftExplicitDependencyGeneratePcm x86_64 /tmp/nosfy-profil-commit-dd/ModuleCache.noindex/DeveloperToolsSupport-5NG3FLK09X2ID7IJ1D344V60A.pcm

SwiftExplicitDependencyGeneratePcm x86_64 /tmp/nosfy-profil-commit-dd/ModuleCache.noindex/_Builtin_stdarg-9IYYH0L6HE5GQI9B6NM6JQVKD.pcm

SwiftExplicitDependencyGeneratePcm x86_64 /tmp/nosfy-profil-commit-dd/ModuleCache.noindex/_Builtin_float-1C3Q6FXI0L464TXLLJL7ZQIUJ.pcm

SwiftExplicitDependencyGeneratePcm arm64 /tmp/nosfy-profil-commit-dd/ModuleCache.noindex/ActivityKit-2XZIPPFHF58FO47I2JNBOEIO4.pcm

SwiftExplicitDependencyGeneratePcm arm64 /tmp/nosfy-profil-commit-dd/ModuleCache.noindex/_Builtin_float-CU2D9KJ5RB06S98W3A4ZSO29N.pcm

SwiftExplicitDependencyGeneratePcm arm64 /tmp/nosfy-profil-commit-dd/ModuleCache.noindex/ptrauth-63FDLTJKQPDM7HZEU1IAQS97K.pcm

SwiftExplicitDependencyGeneratePcm arm64 /tmp/nosfy-profil-commit-dd/ModuleCache.noindex/DeveloperToolsSupport-3T195GD9QM51TU3BKLBCT1WYC.pcm

SwiftExplicitDependencyGeneratePcm arm64 /tmp/nosfy-profil-commit-dd/ModuleCache.noindex/_SwiftConcurrencyShims-64ST4889VJY33PXCFBKKQY390.pcm

SwiftExplicitDependencyGeneratePcm arm64 /tmp/nosfy-profil-commit-dd/ModuleCache.noindex/_Builtin_stddef-84Q5B3SDW7C9WIRLFVY258NCA.pcm

SwiftExplicitDependencyGeneratePcm arm64 /tmp/nosfy-profil-commit-dd/ModuleCache.noindex/_AvailabilityInternal-56ENMVEK3N5SO8ONH4GIDBC93.pcm

SwiftExplicitDependencyGeneratePcm x86_64 /tmp/nosfy-profil-commit-dd/ModuleCache.noindex/_DarwinFoundation1-15OLSD49RDSB05XJH3MG3YZHN.pcm

SwiftExplicitDependencyGeneratePcm arm64 /tmp/nosfy-profil-commit-dd/ModuleCache.noindex/_Builtin_stdarg-4JGFE87QE7TQZ4VMPOS44DCMR.pcm

SwiftExplicitDependencyGeneratePcm arm64 /tmp/nosfy-profil-commit-dd/ModuleCache.noindex/ptrcheck-6DFRUUK1JWSL9HT2ZI6N3S98K.pcm

SwiftExplicitDependencyGeneratePcm arm64 /tmp/nosfy-profil-commit-dd/ModuleCache.noindex/_Builtin_stdbool-DPDHTMZJADVF08C35L0G1BSZZ.pcm

SwiftExplicitDependencyGeneratePcm arm64 /tmp/nosfy-profil-commit-dd/ModuleCache.noindex/SwiftShims-36PDKL0ADJVGU6W03K4STIGI7.pcm

SwiftExplicitDependencyGeneratePcm arm64 /tmp/nosfy-profil-commit-dd/ModuleCache.noindex/_DarwinFoundation1-9P6QC0CB25B2AJRGBKI1SM8HA.pcm

SwiftExplicitDependencyGeneratePcm x86_64 /tmp/nosfy-profil-commit-dd/ModuleCache.noindex/_Builtin_limits-1YN0K9XXJ9373IWDFZSCIH3XA.pcm

SwiftExplicitDependencyGeneratePcm x86_64 /tmp/nosfy-profil-commit-dd/ModuleCache.noindex/ExtensionFoundation-6WYERDI12PJYYMTEFVXZCDYEK.pcm

SwiftExplicitDependencyGeneratePcm x86_64 /tmp/nosfy-profil-commit-dd/ModuleCache.noindex/_DarwinFoundation2-7JPI8YB8KOQGKSHV0C3V1WO8H.pcm

SwiftExplicitDependencyGeneratePcm arm64 /tmp/nosfy-profil-commit-dd/ModuleCache.noindex/_Builtin_limits-5ARY42Q5FONPNSLTGSKC5X7X.pcm

SwiftExplicitDependencyGeneratePcm arm64 /tmp/nosfy-profil-commit-dd/ModuleCache.noindex/ExtensionFoundation-1G26CXF0D7XRZRA4NJINIEULG.pcm

SwiftExplicitDependencyGeneratePcm arm64 /tmp/nosfy-profil-commit-dd/ModuleCache.noindex/_DarwinFoundation2-3Q3QD1O0XQTUSGKJNGOV3Z1VP.pcm

SwiftExplicitDependencyGeneratePcm x86_64 /tmp/nosfy-profil-commit-dd/ModuleCache.noindex/sys_types-5LHBYJCJBDMJJDG3GAY0KY7VO.pcm

SwiftExplicitDependencyGeneratePcm x86_64 /tmp/nosfy-profil-commit-dd/ModuleCache.noindex/_Builtin_stdint-D6GYG1DU16HSBA5V77IE77VZR.pcm

SwiftExplicitDependencyGeneratePcm x86_64 /tmp/nosfy-profil-commit-dd/ModuleCache.noindex/_Builtin_tgmath-ANJ74L9WW8VQPRGGQLVLWEQBN.pcm

SwiftExplicitDependencyGeneratePcm x86_64 /tmp/nosfy-profil-commit-dd/ModuleCache.noindex/_Builtin_stdatomic-2JCXLHR0VA9VFXIXWY3L7NS1.pcm

SwiftExplicitDependencyGeneratePcm x86_64 /tmp/nosfy-profil-commit-dd/ModuleCache.noindex/_DarwinFoundation3-4VX8TZ755K74FPLTCLDYL0A92.pcm

SwiftExplicitDependencyGeneratePcm arm64 /tmp/nosfy-profil-commit-dd/ModuleCache.noindex/_Builtin_tgmath-AIZHRWRTGBYOHXCIZZRLMAHVY.pcm

SwiftExplicitDependencyGeneratePcm arm64 /tmp/nosfy-profil-commit-dd/ModuleCache.noindex/sys_types-9P4QLR7NT5AOGJCTK8D5G7XC.pcm

SwiftExplicitDependencyGeneratePcm arm64 /tmp/nosfy-profil-commit-dd/ModuleCache.noindex/_Builtin_stdint-80T7YXTQ9UGH0YB1X00YYKHON.pcm

SwiftExplicitDependencyGeneratePcm arm64 /tmp/nosfy-profil-commit-dd/ModuleCache.noindex/_DarwinFoundation3-6QVSO0X80ERJSPIEVB0DQP17N.pcm

SwiftExplicitDependencyGeneratePcm arm64 /tmp/nosfy-profil-commit-dd/ModuleCache.noindex/_Builtin_stdatomic-EPGP2N5UZ09SSED9FJN6V3LM9.pcm

SwiftExplicitDependencyGeneratePcm arm64 /tmp/nosfy-profil-commit-dd/ModuleCache.noindex/_Builtin_intrinsics-2U3WLIG4SML2FQ9ZMOSX0W52S.pcm

SwiftExplicitDependencyGeneratePcm x86_64 /tmp/nosfy-profil-commit-dd/ModuleCache.noindex/_Builtin_intrinsics-7EBTIQGY6O2YA9SLG2YKDN5WP.pcm

SwiftExplicitDependencyGeneratePcm x86_64 /tmp/nosfy-profil-commit-dd/ModuleCache.noindex/_Builtin_inttypes-DK0RYMCQGF7U7LQT5J2VTI2U4.pcm

SwiftExplicitDependencyGeneratePcm x86_64 /tmp/nosfy-profil-commit-dd/ModuleCache.noindex/Darwin-DIFAVJGFK1GUCF2HMWS5NUX8Z.pcm

SwiftExplicitDependencyGeneratePcm arm64 /tmp/nosfy-profil-commit-dd/ModuleCache.noindex/_Builtin_inttypes-4TX21SY3IT6362ZX2T8GH9EVG.pcm

SwiftExplicitDependencyGeneratePcm arm64 /tmp/nosfy-profil-commit-dd/ModuleCache.noindex/Darwin-8J2FDASZCM1D10GFMQKNWFXE0.pcm

SwiftExplicitDependencyGeneratePcm arm64 /tmp/nosfy-profil-commit-dd/ModuleCache.noindex/simd-7JHAXKWFXXG77TOADPBB7L0RR.pcm

SwiftExplicitDependencyGeneratePcm x86_64 /tmp/nosfy-profil-commit-dd/ModuleCache.noindex/MachO-59GSRLN949EJJ1LS6V1D98TRD.pcm

SwiftExplicitDependencyGeneratePcm x86_64 /tmp/nosfy-profil-commit-dd/ModuleCache.noindex/ObjectiveC-87FVC6TGF1WQPZH94Y516G15C.pcm

SwiftExplicitDependencyGeneratePcm arm64 /tmp/nosfy-profil-commit-dd/ModuleCache.noindex/ObjectiveC-CNUAHN01M24NF106NTBDZ8K50.pcm

SwiftExplicitDependencyGeneratePcm arm64 /tmp/nosfy-profil-commit-dd/ModuleCache.noindex/MachO-KQ50GWBPFSG22YLVTR5W8QVT.pcm

SwiftExplicitDependencyGeneratePcm x86_64 /tmp/nosfy-profil-commit-dd/ModuleCache.noindex/os_object-3H61T9606CKI17IZ923Z6P5KN.pcm

SwiftExplicitDependencyGeneratePcm x86_64 /tmp/nosfy-profil-commit-dd/ModuleCache.noindex/simd-XOBY0SUZO7W6AXL539969MY6.pcm

SwiftExplicitDependencyGeneratePcm arm64 /tmp/nosfy-profil-commit-dd/ModuleCache.noindex/os_object-6OUKKTPVLLYYQ4DI7C4WCJUV2.pcm

SwiftExplicitDependencyGeneratePcm x86_64 /tmp/nosfy-profil-commit-dd/ModuleCache.noindex/os_workgroup-1R4CFAXVT2LCKSEOAC203CC24.pcm

SwiftExplicitDependencyGeneratePcm arm64 /tmp/nosfy-profil-commit-dd/ModuleCache.noindex/os_workgroup-5TVG3R2WE4SUHSROWG74ZJIAY.pcm

SwiftExplicitDependencyGeneratePcm x86_64 /tmp/nosfy-profil-commit-dd/ModuleCache.noindex/Dispatch-8XPUOP7XQ61QT03YQWGCCSZ7M.pcm

SwiftExplicitDependencyGeneratePcm arm64 /tmp/nosfy-profil-commit-dd/ModuleCache.noindex/Dispatch-6SLW6NDPYR4CMRWXAUTU9Y6ND.pcm

SwiftExplicitDependencyGeneratePcm x86_64 /tmp/nosfy-profil-commit-dd/ModuleCache.noindex/XPC-98O0YNWIOFQYRHLWQN81LXXQ2.pcm

SwiftExplicitDependencyGeneratePcm x86_64 /tmp/nosfy-profil-commit-dd/ModuleCache.noindex/CoreFoundation-8X7XKR0K3XNY3KMT6OV7VCG6M.pcm

SwiftExplicitDependencyGeneratePcm x86_64 /tmp/nosfy-profil-commit-dd/ModuleCache.noindex/dnssd-6ARBVUWA1EE9CZ1LPDLQ21YVK.pcm

SwiftExplicitDependencyGeneratePcm x86_64 /tmp/nosfy-profil-commit-dd/ModuleCache.noindex/os-ETBLFPINGRRIGAS2ZT48T5L17.pcm

SwiftExplicitDependencyGeneratePcm arm64 /tmp/nosfy-profil-commit-dd/ModuleCache.noindex/CoreFoundation-6FS7V7ROQ0CBBOD60YOCO98RZ.pcm

SwiftExplicitDependencyGeneratePcm arm64 /tmp/nosfy-profil-commit-dd/ModuleCache.noindex/XPC-8U88HQLWAWS0FSJMFLWRV1FVC.pcm

SwiftExplicitDependencyGeneratePcm arm64 /tmp/nosfy-profil-commit-dd/ModuleCache.noindex/dnssd-8FQQ5WK2WAQCPGSP09QI2HP5B.pcm

SwiftExplicitDependencyGeneratePcm x86_64 /tmp/nosfy-profil-commit-dd/ModuleCache.noindex/CFNetwork-CUG16XV5PEOCGC6UY1QLR4YAW.pcm

SwiftExplicitDependencyGeneratePcm x86_64 /tmp/nosfy-profil-commit-dd/ModuleCache.noindex/Security-1M0WEQMSQWIL2FE04UACC75W1.pcm

SwiftExplicitDependencyGeneratePcm x86_64 /tmp/nosfy-profil-commit-dd/ModuleCache.noindex/CoreGraphics-BRVH1QJYP7J8YJOKOLJYTHVQA.pcm

SwiftExplicitDependencyGeneratePcm arm64 /tmp/nosfy-profil-commit-dd/ModuleCache.noindex/Spatial-4LODWNL8Z6RLEVRTR44HWF9GV.pcm

SwiftExplicitDependencyGeneratePcm arm64 /tmp/nosfy-profil-commit-dd/ModuleCache.noindex/os-BJKC5Z6NAZJVLCABXWA20QKTO.pcm

SwiftExplicitDependencyGeneratePcm arm64 /tmp/nosfy-profil-commit-dd/ModuleCache.noindex/CoreGraphics-DY8DMZE792Z1U7LYEPXB5WI59.pcm

SwiftExplicitDependencyGeneratePcm arm64 /tmp/nosfy-profil-commit-dd/ModuleCache.noindex/Security-DN2KBYXBWYNW78H1J8TYDNZXZ.pcm

SwiftExplicitDependencyGeneratePcm arm64 /tmp/nosfy-profil-commit-dd/ModuleCache.noindex/CFNetwork-CWDC4MDV70D610GVQ4DKKZRHR.pcm

SwiftExplicitDependencyGeneratePcm x86_64 /tmp/nosfy-profil-commit-dd/ModuleCache.noindex/Foundation-5UKE455CSXUKV6QX4J91F5RH7.pcm

SwiftExplicitDependencyGeneratePcm x86_64 /tmp/nosfy-profil-commit-dd/ModuleCache.noindex/ImageIO-5VBYR5M5KGMS3BMKPZ97UW75S.pcm

SwiftExplicitDependencyGeneratePcm x86_64 /tmp/nosfy-profil-commit-dd/ModuleCache.noindex/CoreText-A712KF3L8I7ST7JIGTZTGRCRI.pcm

SwiftExplicitDependencyGeneratePcm x86_64 /tmp/nosfy-profil-commit-dd/ModuleCache.noindex/Spatial-W82CBL809KPTKE245T59GG2H.pcm

SwiftExplicitDependencyGeneratePcm arm64 /tmp/nosfy-profil-commit-dd/ModuleCache.noindex/Foundation-4YT9AZ3P44SELL4Y70RYMUZRX.pcm

SwiftExplicitDependencyGeneratePcm arm64 /tmp/nosfy-profil-commit-dd/ModuleCache.noindex/CoreText-DMHVSR7SXB8668CQ444KQCP9U.pcm

SwiftExplicitDependencyGeneratePcm arm64 /tmp/nosfy-profil-commit-dd/ModuleCache.noindex/ImageIO-AGHJ10L7KIAYBTFRMXYP8YEB3.pcm

SwiftExplicitDependencyGeneratePcm x86_64 /tmp/nosfy-profil-commit-dd/ModuleCache.noindex/OSLog-2G4K3NLVW6KAMF62IZ7Y4YACF.pcm

SwiftExplicitDependencyGeneratePcm x86_64 /tmp/nosfy-profil-commit-dd/ModuleCache.noindex/UIUtilities-8YCSUDLAUD26P5ZA7DHCX65ZM.pcm

SwiftExplicitDependencyGeneratePcm x86_64 /tmp/nosfy-profil-commit-dd/ModuleCache.noindex/AppIntents-3ZCDUQXM6DCAVK5C07Q9YTUQ9.pcm

SwiftExplicitDependencyGeneratePcm x86_64 /tmp/nosfy-profil-commit-dd/ModuleCache.noindex/Network-B04GVB1HDSSKZ19F0SNPAZSTV.pcm

SwiftExplicitDependencyGeneratePcm x86_64 /tmp/nosfy-profil-commit-dd/ModuleCache.noindex/FileProvider-E4PJILR8OTKVI9RCTVYI40ZUT.pcm

SwiftExplicitDependencyGeneratePcm x86_64 /tmp/nosfy-profil-commit-dd/ModuleCache.noindex/CoreData-EA2VOLYPAJ9U7T0DLI9DNNP9P.pcm

SwiftExplicitDependencyGeneratePcm x86_64 /tmp/nosfy-profil-commit-dd/ModuleCache.noindex/Symbols-2OW8LHAJKMBK8LL9JJKWT97MB.pcm

SwiftExplicitDependencyGeneratePcm x86_64 /tmp/nosfy-profil-commit-dd/ModuleCache.noindex/OpenGLES-E3P1ZY4U4693Q4MGBEH8YACDS.pcm

SwiftExplicitDependencyGeneratePcm x86_64 /tmp/nosfy-profil-commit-dd/ModuleCache.noindex/Accessibility-4GX0SCQ68IYTCFZ8DZJPTMX7.pcm

SwiftExplicitDependencyGeneratePcm x86_64 /tmp/nosfy-profil-commit-dd/ModuleCache.noindex/DataDetection-9CK3ED1FATTMXCAW52GI6RR6E.pcm

SwiftExplicitDependencyGeneratePcm x86_64 /tmp/nosfy-profil-commit-dd/ModuleCache.noindex/WidgetKit-CG1K66EDXGBCJAQJBF4BGRKNZ.pcm

SwiftExplicitDependencyGeneratePcm x86_64 /tmp/nosfy-profil-commit-dd/ModuleCache.noindex/CoreTransferable-46134UVJLFZACKFBUZ5BAWFTA.pcm

SwiftExplicitDependencyGeneratePcm x86_64 /tmp/nosfy-profil-commit-dd/ModuleCache.noindex/_LocationEssentials-927J88K1JDJOFUARJAZ6INCCG.pcm

SwiftExplicitDependencyGeneratePcm x86_64 /tmp/nosfy-profil-commit-dd/ModuleCache.noindex/RelevanceKit-1PEI3LDJMKDH3XXBJODWR9QXC.pcm

SwiftExplicitDependencyGeneratePcm x86_64 /tmp/nosfy-profil-commit-dd/ModuleCache.noindex/UniformTypeIdentifiers-2RRQNDGSXX6KARXMGTLUUT33D.pcm

SwiftExplicitDependencyGeneratePcm x86_64 /tmp/nosfy-profil-commit-dd/ModuleCache.noindex/IOSurface-CYH2VM6A82OVPXBGROG5VNV2X.pcm

SwiftExplicitDependencyGeneratePcm x86_64 /tmp/nosfy-profil-commit-dd/ModuleCache.noindex/UserNotifications-6U96MCB3AP1NWL77LW1W4O081.pcm

SwiftExplicitDependencyGeneratePcm arm64 /tmp/nosfy-profil-commit-dd/ModuleCache.noindex/FileProvider-F0B6I0JJ210FUIIXT5323Z8O7.pcm

SwiftExplicitDependencyGeneratePcm arm64 /tmp/nosfy-profil-commit-dd/ModuleCache.noindex/DataDetection-CD2IZPU1UH5OMPGUEU5PPFFO6.pcm

SwiftExplicitDependencyGeneratePcm arm64 /tmp/nosfy-profil-commit-dd/ModuleCache.noindex/WidgetKit-6UT6GIS94Q622VGFJ0G8S3L6S.pcm

SwiftExplicitDependencyGeneratePcm arm64 /tmp/nosfy-profil-commit-dd/ModuleCache.noindex/UserNotifications-BQYQ5R0QZUU3CH629Q30VE5SR.pcm

SwiftExplicitDependencyGeneratePcm arm64 /tmp/nosfy-profil-commit-dd/ModuleCache.noindex/Accessibility-F1E9ZOD5Z9B891EMA2CMADQAQ.pcm

SwiftExplicitDependencyGeneratePcm arm64 /tmp/nosfy-profil-commit-dd/ModuleCache.noindex/_LocationEssentials-9R8WP3VYK5PEPXO5BOYWSODD3.pcm

SwiftExplicitDependencyGeneratePcm arm64 /tmp/nosfy-profil-commit-dd/ModuleCache.noindex/AppIntents-1CDOSEO4JO87GI5ZAY5E54WL5.pcm

SwiftExplicitDependencyGeneratePcm arm64 /tmp/nosfy-profil-commit-dd/ModuleCache.noindex/OSLog-CZZYCWVK9BXQ4GVDWWOIIZWQ4.pcm

SwiftExplicitDependencyGeneratePcm arm64 /tmp/nosfy-profil-commit-dd/ModuleCache.noindex/CoreData-EEFN67QTVNQW3K6XMVHPBD943.pcm

SwiftExplicitDependencyGeneratePcm arm64 /tmp/nosfy-profil-commit-dd/ModuleCache.noindex/RelevanceKit-3TP6UFCDW0DFNRGV9ACMRS82E.pcm

SwiftExplicitDependencyGeneratePcm arm64 /tmp/nosfy-profil-commit-dd/ModuleCache.noindex/CoreTransferable-AEKHHQW6VNN9L02TY6XW12FRB.pcm

SwiftExplicitDependencyGeneratePcm arm64 /tmp/nosfy-profil-commit-dd/ModuleCache.noindex/IOSurface-6IEM9XQRR84IH4CZBR9V771P5.pcm

SwiftExplicitDependencyGeneratePcm x86_64 /tmp/nosfy-profil-commit-dd/ModuleCache.noindex/Metal-7ITOUSJHB4CTEEK1GJCPZV7Y6.pcm

SwiftExplicitDependencyGeneratePcm x86_64 /tmp/nosfy-profil-commit-dd/ModuleCache.noindex/CoreLocation-2G6CNU2WCGO3OC4EH9KVPA764.pcm

SwiftExplicitDependencyGeneratePcm arm64 /tmp/nosfy-profil-commit-dd/ModuleCache.noindex/CoreLocation-BWB5OI8YMTVXQ0IO15I8AN0QP.pcm

SwiftExplicitDependencyGeneratePcm arm64 /tmp/nosfy-profil-commit-dd/ModuleCache.noindex/Network-5JH0MYG2KUCV1YEI85T7KH8C.pcm

SwiftExplicitDependencyGeneratePcm x86_64 /tmp/nosfy-profil-commit-dd/ModuleCache.noindex/CoreSpotlight-1I6TFZN1QS7H1LWGI0THF6EEZ.pcm

SwiftExplicitDependencyGeneratePcm arm64 /tmp/nosfy-profil-commit-dd/ModuleCache.noindex/UIUtilities-9R0UTNIEEY0XB4TOCP4TJGA29.pcm

SwiftExplicitDependencyGeneratePcm arm64 /tmp/nosfy-profil-commit-dd/ModuleCache.noindex/Symbols-8VGQUJL893BM5GPUFK5BE3HO0.pcm

SwiftExplicitDependencyGeneratePcm arm64 /tmp/nosfy-profil-commit-dd/ModuleCache.noindex/UniformTypeIdentifiers-7UBV6XKS97KBD2FJ39KX5NMJV.pcm

SwiftExplicitDependencyGeneratePcm arm64 /tmp/nosfy-profil-commit-dd/ModuleCache.noindex/Metal-4YXVB8MBBX88ES4GD93O5O1P9.pcm

SwiftExplicitDependencyGeneratePcm arm64 /tmp/nosfy-profil-commit-dd/ModuleCache.noindex/OpenGLES-A1ATDMLXG4PN1V1C9VJOW3GGP.pcm

SwiftExplicitDependencyGeneratePcm x86_64 /tmp/nosfy-profil-commit-dd/ModuleCache.noindex/Intents-EH7KFE0WWHB5RFBRT1OEEH0QC.pcm

SwiftExplicitDependencyGeneratePcm arm64 /tmp/nosfy-profil-commit-dd/ModuleCache.noindex/Intents-E8D1NQUX1VFROIUUM7IEDBWT1.pcm

SwiftExplicitDependencyGeneratePcm arm64 /tmp/nosfy-profil-commit-dd/ModuleCache.noindex/CoreSpotlight-7GYF1DNY7JKUDNQNJS2XYCZA8.pcm

SwiftExplicitDependencyGeneratePcm x86_64 /tmp/nosfy-profil-commit-dd/ModuleCache.noindex/CoreVideo-47GCGR772XDNEVZK7D8EI8KIJ.pcm

SwiftExplicitDependencyGeneratePcm x86_64 /tmp/nosfy-profil-commit-dd/ModuleCache.noindex/CoreImage-EE0P0G3VPVPXST2L5C4D4UE52.pcm

SwiftExplicitDependencyGeneratePcm x86_64 /tmp/nosfy-profil-commit-dd/ModuleCache.noindex/QuartzCore-39ONYLZ6MLW2DBQCV4O3BNW6H.pcm

SwiftExplicitDependencyGeneratePcm arm64 /tmp/nosfy-profil-commit-dd/ModuleCache.noindex/CoreVideo-3K6ZAK79IT9RIWJT66PQ4OX7V.pcm

SwiftExplicitDependencyGeneratePcm x86_64 /tmp/nosfy-profil-commit-dd/ModuleCache.noindex/SwiftUICore-9D5I9COXX0BLEX79DF5J2M8OI.pcm

SwiftExplicitDependencyGeneratePcm arm64 /tmp/nosfy-profil-commit-dd/ModuleCache.noindex/CoreImage-EPPFTCLSCWHUN4CWDTOWLTUDT.pcm

SwiftExplicitDependencyGeneratePcm arm64 /tmp/nosfy-profil-commit-dd/ModuleCache.noindex/QuartzCore-7U1HO73KWQ9NX1HK8HF2DN59Q.pcm

SwiftExplicitDependencyGeneratePcm x86_64 /tmp/nosfy-profil-commit-dd/ModuleCache.noindex/UIKit-42JGX48D6UWMAYGL2OHOKRK95.pcm

SwiftExplicitDependencyGeneratePcm arm64 /tmp/nosfy-profil-commit-dd/ModuleCache.noindex/SwiftUICore-7NLZS4L3V3FQ6AQPUZTZMJJD8.pcm

SwiftExplicitDependencyGeneratePcm arm64 /tmp/nosfy-profil-commit-dd/ModuleCache.noindex/UIKit-54BTRKPO6KLVMN1KUUFFBH6SM.pcm

SwiftExplicitDependencyGeneratePcm x86_64 /tmp/nosfy-profil-commit-dd/ModuleCache.noindex/SwiftUI-283OH7JCLR64XR8JBXG8YPL2R.pcm

SwiftEmitModule normal x86_64 Emitting\ module\ for\ NosfyWidgets (in target 'NosfyWidgets' from project 'Nosfy')

EmitSwiftModule normal x86_64 (in target 'NosfyWidgets' from project 'Nosfy')
    cd /tmp/nosfy-profil-commit-20260919
    

SwiftCompile normal x86_64 Compiling\ WorkoutLiveCard.swift /tmp/nosfy-profil-commit-20260919/NosfyShared/WorkoutLiveCard.swift (in target 'NosfyWidgets' from project 'Nosfy')
SwiftCompile normal x86_64 /tmp/nosfy-profil-commit-20260919/NosfyShared/WorkoutLiveCard.swift (in target 'NosfyWidgets' from project 'Nosfy')
    cd /tmp/nosfy-profil-commit-20260919
    

SwiftCompile normal x86_64 Compiling\ NosfyWidgetsBundle.swift /tmp/nosfy-profil-commit-20260919/NosfyWidgets/NosfyWidgetsBundle.swift (in target 'NosfyWidgets' from project 'Nosfy')
SwiftCompile normal x86_64 /tmp/nosfy-profil-commit-20260919/NosfyWidgets/NosfyWidgetsBundle.swift (in target 'NosfyWidgets' from project 'Nosfy')
    cd /tmp/nosfy-profil-commit-20260919
    

SwiftCompile normal x86_64 Compiling\ WorkoutActivity.swift /tmp/nosfy-profil-commit-20260919/NosfyShared/WorkoutActivity.swift (in target 'NosfyWidgets' from project 'Nosfy')

SwiftCompile normal x86_64 /tmp/nosfy-profil-commit-20260919/NosfyShared/WorkoutActivity.swift (in target 'NosfyWidgets' from project 'Nosfy')
    cd /tmp/nosfy-profil-commit-20260919
    

SwiftCompile normal x86_64 Compiling\ GeneratedAssetSymbols.swift /tmp/nosfy-profil-commit-dd/Build/Intermediates.noindex/Nosfy.build/Debug-iphonesimulator/NosfyWidgets.build/DerivedSources/GeneratedAssetSymbols.swift (in target 'NosfyWidgets' from project 'Nosfy')

SwiftCompile normal x86_64 /tmp/nosfy-profil-commit-dd/Build/Intermediates.noindex/Nosfy.build/Debug-iphonesimulator/NosfyWidgets.build/DerivedSources/GeneratedAssetSymbols.swift (in target 'NosfyWidgets' from project 'Nosfy')
    cd /tmp/nosfy-profil-commit-20260919
    

SwiftCompile normal x86_64 Compiling\ WorkoutLiveActivity.swift /tmp/nosfy-profil-commit-20260919/NosfyWidgets/WorkoutLiveActivity.swift (in target 'NosfyWidgets' from project 'Nosfy')
SwiftCompile normal x86_64 /tmp/nosfy-profil-commit-20260919/NosfyWidgets/WorkoutLiveActivity.swift (in target 'NosfyWidgets' from project 'Nosfy')
    cd /tmp/nosfy-profil-commit-20260919
    

SwiftCompile normal x86_64 Compiling\ WorkoutLiveFocus.swift /tmp/nosfy-profil-commit-20260919/NosfyShared/WorkoutLiveFocus.swift (in target 'NosfyWidgets' from project 'Nosfy')

SwiftCompile normal x86_64 /tmp/nosfy-profil-commit-20260919/NosfyShared/WorkoutLiveFocus.swift (in target 'NosfyWidgets' from project 'Nosfy')
    cd /tmp/nosfy-profil-commit-20260919
    

SwiftCompile normal x86_64 Compiling\ MoonGlyph.swift /tmp/nosfy-profil-commit-20260919/NosfyShared/MoonGlyph.swift (in target 'NosfyWidgets' from project 'Nosfy')

SwiftCompile normal x86_64 /tmp/nosfy-profil-commit-20260919/NosfyShared/MoonGlyph.swift (in target 'NosfyWidgets' from project 'Nosfy')
    cd /tmp/nosfy-profil-commit-20260919
    

SwiftCompile normal x86_64 Compiling\ ProgressComet.swift /tmp/nosfy-profil-commit-20260919/NosfyShared/ProgressComet.swift (in target 'NosfyWidgets' from project 'Nosfy')

SwiftCompile normal x86_64 /tmp/nosfy-profil-commit-20260919/NosfyShared/ProgressComet.swift (in target 'NosfyWidgets' from project 'Nosfy')
    cd /tmp/nosfy-profil-commit-20260919
    

SwiftExplicitDependencyGeneratePcm arm64 /tmp/nosfy-profil-commit-dd/ModuleCache.noindex/SwiftUI-4O5FUHLYVHQ9NT9I1R5NYMAEL.pcm

SwiftDriverJobDiscovery normal x86_64 Emitting module for NosfyWidgets (in target 'NosfyWidgets' from project 'Nosfy')

SwiftDriver\ Compilation\ Requirements NosfyWidgets normal x86_64 com.apple.xcode.tools.swift.compiler (in target 'NosfyWidgets' from project 'Nosfy')
    cd /tmp/nosfy-profil-commit-20260919
    builtin-Swift-Compilation-Requirements -- /Applications/Xcode.app/Contents/Developer/Toolchains/XcodeDefault.xctoolchain/usr/bin/swiftc -module-name NosfyWidgets -Onone @/tmp/nosfy-profil-commit-dd/Build/Intermediates.noindex/Nosfy.build/Debug-iphonesimulator/NosfyWidgets.build/Objects-normal/x86_64/NosfyWidgets.SwiftFileList -DDEBUG -enable-bare-slash-regex -enable-experimental-feature DebugDescriptionMacro -sdk /Applications/Xcode.app/Contents/Developer/Platforms/iPhoneSimulator.platform/Developer/SDKs/iPhoneSimulator26.5.sdk -target x86_64-apple-ios26.0-simulator -g -module-cache-path /tmp/nosfy-profil-commit-dd/ModuleCache.noindex -Xfrontend -serialize-debugging-options -application-extension -enable-testing -index-store-path /tmp/nosfy-profil-commit-dd/Index.noindex/DataStore -Xcc -D_LIBCPP_HARDENING_MODE\=_LIBCPP_HARDENING_MODE_DEBUG -swift-version 5 -I /tmp/nosfy-profil-commit-dd/Build/Products/Debug-iphonesimulator -F /tmp/nosfy-profil-commit-dd/Build/Products/Debug-iphonesimulator -emit-localized-strings -emit-localized-strings-path /tmp/nosfy-profil-commit-dd/Build/Intermediates.noindex/Nosfy.build/Debug-iphonesimulator/NosfyWidgets.build/Objects-normal/x86_64 -c -j10 -enable-batch-mode -incremental -Xcc -ivfsstatcache -Xcc /tmp/nosfy-profil-commit-dd/SDKStatCaches.noindex/iphonesimulator26.5-23F73-688ef53f1462e2c8f657fdc38a81448f6cfe768891a92b912361537c460fe42b.sdkstatcache -output-file-map /tmp/nosfy-profil-commit-dd/Build/Intermediates.noindex/Nosfy.build/Debug-iphonesimulator/NosfyWidgets.build/Objects-normal/x86_64/NosfyWidgets-OutputFileMap.json -use-frontend-parseable-output -save-temps -no-color-diagnostics -explicit-module-build -module-cache-path /tmp/nosfy-profil-commit-dd/Build/Intermediates.noindex/SwiftExplicitPrecompiledModules -clang-scanner-module-cache-path /tmp/nosfy-profil-commit-dd/ModuleCache.noindex -sdk-module-cache-path /tmp/nosfy-profil-commit-dd/ModuleCache.noindex -serialize-diagnostics -emit-dependencies -emit-module -emit-module-path /tmp/nosfy-profil-commit-dd/Build/Intermediates.noindex/Nosfy.build/Debug-iphonesimulator/NosfyWidgets.build/Objects-normal/x86_64/NosfyWidgets.swiftmodule -validate-clang-modules-once -clang-build-session-file /tmp/nosfy-profil-commit-dd/ModuleCache.noindex/Session.modulevalidation -Xcc -I/tmp/nosfy-profil-commit-dd/Build/Intermediates.noindex/Nosfy.build/Debug-iphonesimulator/NosfyWidgets.build/swift-overrides.hmap -emit-const-values -Xfrontend -const-gather-protocols-file -Xfrontend /tmp/nosfy-profil-commit-dd/Build/Intermediates.noindex/Nosfy.build/Debug-iphonesimulator/NosfyWidgets.build/Objects-normal/x86_64/NosfyWidgets_const_extract_protocols.json -Xcc -iquote -Xcc /tmp/nosfy-profil-commit-dd/Build/Intermediates.noindex/Nosfy.build/Debug-iphonesimulator/NosfyWidgets.build/NosfyWidgets-generated-files.hmap -Xcc -I/tmp/nosfy-profil-commit-dd/Build/Intermediates.noindex/Nosfy.build/Debug-iphonesimulator/NosfyWidgets.build/NosfyWidgets-own-target-headers.hmap -Xcc -I/tmp/nosfy-profil-commit-dd/Build/Intermediates.noindex/Nosfy.build/Debug-iphonesimulator/NosfyWidgets.build/NosfyWidgets-all-target-headers.hmap -Xcc -iquote -Xcc /tmp/nosfy-profil-commit-dd/Build/Intermediates.noindex/Nosfy.build/Debug-iphonesimulator/NosfyWidgets.build/NosfyWidgets-project-headers.hmap -Xcc -I/tmp/nosfy-profil-commit-dd/Build/Products/Debug-iphonesimulator/include -Xcc -I/tmp/nosfy-profil-commit-dd/Build/Intermediates.noindex/Nosfy.build/Debug-iphonesimulator/NosfyWidgets.build/DerivedSources-normal/x86_64 -Xcc -I/tmp/nosfy-profil-commit-dd/Build/Intermediates.noindex/Nosfy.build/Debug-iphonesimulator/NosfyWidgets.build/DerivedSources/x86_64 -Xcc -I/tmp/nosfy-profil-commit-dd/Build/Intermediates.noindex/Nosfy.build/Debug-iphonesimulator/NosfyWidgets.build/DerivedSources -Xcc -DDEBUG\=1 -emit-objc-header -emit-objc-header-path /tmp/nosfy-profil-commit-dd/Build/Intermediates.noindex/Nosfy.build/Debug-iphonesimulator/NosfyWidgets.build/Objects-normal/x86_64/NosfyWidgets-Swift.h -working-directory /tmp/nosfy-profil-commit-20260919 -experimental-emit-module-separately -disable-cmo

SwiftEmitModule normal arm64 Emitting\ module\ for\ NosfyWidgets (in target 'NosfyWidgets' from project 'Nosfy')

EmitSwiftModule normal arm64 (in target 'NosfyWidgets' from project 'Nosfy')
    cd /tmp/nosfy-profil-commit-20260919
    

Copy /tmp/nosfy-profil-commit-dd/Build/Products/Debug-iphonesimulator/NosfyWidgets.swiftmodule/x86_64-apple-ios-simulator.swiftmodule /tmp/nosfy-profil-commit-dd/Build/Intermediates.noindex/Nosfy.build/Debug-iphonesimulator/NosfyWidgets.build/Objects-normal/x86_64/NosfyWidgets.swiftmodule (in target 'NosfyWidgets' from project 'Nosfy')
    cd /tmp/nosfy-profil-commit-20260919
    builtin-copy -exclude .DS_Store -exclude CVS -exclude .svn -exclude .git -exclude .hg -resolve-src-symlinks -rename /tmp/nosfy-profil-commit-dd/Build/Intermediates.noindex/Nosfy.build/Debug-iphonesimulator/NosfyWidgets.build/Objects-normal/x86_64/NosfyWidgets.swiftmodule /tmp/nosfy-profil-commit-dd/Build/Products/Debug-iphonesimulator/NosfyWidgets.swiftmodule/x86_64-apple-ios-simulator.swiftmodule

Copy /tmp/nosfy-profil-commit-dd/Build/Products/Debug-iphonesimulator/NosfyWidgets.swiftmodule/x86_64-apple-ios-simulator.swiftdoc /tmp/nosfy-profil-commit-dd/Build/Intermediates.noindex/Nosfy.build/Debug-iphonesimulator/NosfyWidgets.build/Objects-normal/x86_64/NosfyWidgets.swiftdoc (in target 'NosfyWidgets' from project 'Nosfy')
    cd /tmp/nosfy-profil-commit-20260919
    builtin-copy -exclude .DS_Store -exclude CVS -exclude .svn -exclude .git -exclude .hg -resolve-src-symlinks -rename /tmp/nosfy-profil-commit-dd/Build/Intermediates.noindex/Nosfy.build/Debug-iphonesimulator/NosfyWidgets.build/Objects-normal/x86_64/NosfyWidgets.swiftdoc /tmp/nosfy-profil-commit-dd/Build/Products/Debug-iphonesimulator/NosfyWidgets.swiftmodule/x86_64-apple-ios-simulator.swiftdoc

Copy /tmp/nosfy-profil-commit-dd/Build/Products/Debug-iphonesimulator/NosfyWidgets.swiftmodule/x86_64-apple-ios-simulator.abi.json /tmp/nosfy-profil-commit-dd/Build/Intermediates.noindex/Nosfy.build/Debug-iphonesimulator/NosfyWidgets.build/Objects-normal/x86_64/NosfyWidgets.abi.json (in target 'NosfyWidgets' from project 'Nosfy')
    cd /tmp/nosfy-profil-commit-20260919
    builtin-copy -exclude .DS_Store -exclude CVS -exclude .svn -exclude .git -exclude .hg -resolve-src-symlinks -rename /tmp/nosfy-profil-commit-dd/Build/Intermediates.noindex/Nosfy.build/Debug-iphonesimulator/NosfyWidgets.build/Objects-normal/x86_64/NosfyWidgets.abi.json /tmp/nosfy-profil-commit-dd/Build/Products/Debug-iphonesimulator/NosfyWidgets.swiftmodule/x86_64-apple-ios-simulator.abi.json

Copy /tmp/nosfy-profil-commit-dd/Build/Products/Debug-iphonesimulator/NosfyWidgets.swiftmodule/Project/x86_64-apple-ios-simulator.swiftsourceinfo /tmp/nosfy-profil-commit-dd/Build/Intermediates.noindex/Nosfy.build/Debug-iphonesimulator/NosfyWidgets.build/Objects-normal/x86_64/NosfyWidgets.swiftsourceinfo (in target 'NosfyWidgets' from project 'Nosfy')
    cd /tmp/nosfy-profil-commit-20260919
    builtin-copy -exclude .DS_Store -exclude CVS -exclude .svn -exclude .git -exclude .hg -resolve-src-symlinks -rename /tmp/nosfy-profil-commit-dd/Build/Intermediates.noindex/Nosfy.build/Debug-iphonesimulator/NosfyWidgets.build/Objects-normal/x86_64/NosfyWidgets.swiftsourceinfo /tmp/nosfy-profil-commit-dd/Build/Products/Debug-iphonesimulator/NosfyWidgets.swiftmodule/Project/x86_64-apple-ios-simulator.swiftsourceinfo

SwiftCompile normal arm64 Compiling\ WorkoutActivity.swift /tmp/nosfy-profil-commit-20260919/NosfyShared/WorkoutActivity.swift (in target 'NosfyWidgets' from project 'Nosfy')

SwiftCompile normal arm64 /tmp/nosfy-profil-commit-20260919/NosfyShared/WorkoutActivity.swift (in target 'NosfyWidgets' from project 'Nosfy')
    cd /tmp/nosfy-profil-commit-20260919
    

SwiftCompile normal arm64 Compiling\ WorkoutLiveActivity.swift /tmp/nosfy-profil-commit-20260919/NosfyWidgets/WorkoutLiveActivity.swift (in target 'NosfyWidgets' from project 'Nosfy')
SwiftCompile normal arm64 /tmp/nosfy-profil-commit-20260919/NosfyWidgets/WorkoutLiveActivity.swift (in target 'NosfyWidgets' from project 'Nosfy')
    cd /tmp/nosfy-profil-commit-20260919
    

SwiftDriverJobDiscovery normal arm64 Emitting module for NosfyWidgets (in target 'NosfyWidgets' from project 'Nosfy')

SwiftDriver\ Compilation\ Requirements NosfyWidgets normal arm64 com.apple.xcode.tools.swift.compiler (in target 'NosfyWidgets' from project 'Nosfy')
    cd /tmp/nosfy-profil-commit-20260919
    builtin-Swift-Compilation-Requirements -- /Applications/Xcode.app/Contents/Developer/Toolchains/XcodeDefault.xctoolchain/usr/bin/swiftc -module-name NosfyWidgets -Onone @/tmp/nosfy-profil-commit-dd/Build/Intermediates.noindex/Nosfy.build/Debug-iphonesimulator/NosfyWidgets.build/Objects-normal/arm64/NosfyWidgets.SwiftFileList -DDEBUG -enable-bare-slash-regex -enable-experimental-feature DebugDescriptionMacro -sdk /Applications/Xcode.app/Contents/Developer/Platforms/iPhoneSimulator.platform/Developer/SDKs/iPhoneSimulator26.5.sdk -target arm64-apple-ios26.0-simulator -g -module-cache-path /tmp/nosfy-profil-commit-dd/ModuleCache.noindex -Xfrontend -serialize-debugging-options -application-extension -enable-testing -index-store-path /tmp/nosfy-profil-commit-dd/Index.noindex/DataStore -Xcc -D_LIBCPP_HARDENING_MODE\=_LIBCPP_HARDENING_MODE_DEBUG -swift-version 5 -I /tmp/nosfy-profil-commit-dd/Build/Products/Debug-iphonesimulator -F /tmp/nosfy-profil-commit-dd/Build/Products/Debug-iphonesimulator -emit-localized-strings -emit-localized-strings-path /tmp/nosfy-profil-commit-dd/Build/Intermediates.noindex/Nosfy.build/Debug-iphonesimulator/NosfyWidgets.build/Objects-normal/arm64 -c -j10 -enable-batch-mode -incremental -Xcc -ivfsstatcache -Xcc /tmp/nosfy-profil-commit-dd/SDKStatCaches.noindex/iphonesimulator26.5-23F73-688ef53f1462e2c8f657fdc38a81448f6cfe768891a92b912361537c460fe42b.sdkstatcache -output-file-map /tmp/nosfy-profil-commit-dd/Build/Intermediates.noindex/Nosfy.build/Debug-iphonesimulator/NosfyWidgets.build/Objects-normal/arm64/NosfyWidgets-OutputFileMap.json -use-frontend-parseable-output -save-temps -no-color-diagnostics -explicit-module-build -module-cache-path /tmp/nosfy-profil-commit-dd/Build/Intermediates.noindex/SwiftExplicitPrecompiledModules -clang-scanner-module-cache-path /tmp/nosfy-profil-commit-dd/ModuleCache.noindex -sdk-module-cache-path /tmp/nosfy-profil-commit-dd/ModuleCache.noindex -serialize-diagnostics -emit-dependencies -emit-module -emit-module-path /tmp/nosfy-profil-commit-dd/Build/Intermediates.noindex/Nosfy.build/Debug-iphonesimulator/NosfyWidgets.build/Objects-normal/arm64/NosfyWidgets.swiftmodule -validate-clang-modules-once -clang-build-session-file /tmp/nosfy-profil-commit-dd/ModuleCache.noindex/Session.modulevalidation -Xcc -I/tmp/nosfy-profil-commit-dd/Build/Intermediates.noindex/Nosfy.build/Debug-iphonesimulator/NosfyWidgets.build/swift-overrides.hmap -emit-const-values -Xfrontend -const-gather-protocols-file -Xfrontend /tmp/nosfy-profil-commit-dd/Build/Intermediates.noindex/Nosfy.build/Debug-iphonesimulator/NosfyWidgets.build/Objects-normal/arm64/NosfyWidgets_const_extract_protocols.json -Xcc -iquote -Xcc /tmp/nosfy-profil-commit-dd/Build/Intermediates.noindex/Nosfy.build/Debug-iphonesimulator/NosfyWidgets.build/NosfyWidgets-generated-files.hmap -Xcc -I/tmp/nosfy-profil-commit-dd/Build/Intermediates.noindex/Nosfy.build/Debug-iphonesimulator/NosfyWidgets.build/NosfyWidgets-own-target-headers.hmap -Xcc -I/tmp/nosfy-profil-commit-dd/Build/Intermediates.noindex/Nosfy.build/Debug-iphonesimulator/NosfyWidgets.build/NosfyWidgets-all-target-headers.hmap -Xcc -iquote -Xcc /tmp/nosfy-profil-commit-dd/Build/Intermediates.noindex/Nosfy.build/Debug-iphonesimulator/NosfyWidgets.build/NosfyWidgets-project-headers.hmap -Xcc -I/tmp/nosfy-profil-commit-dd/Build/Products/Debug-iphonesimulator/include -Xcc -I/tmp/nosfy-profil-commit-dd/Build/Intermediates.noindex/Nosfy.build/Debug-iphonesimulator/NosfyWidgets.build/DerivedSources-normal/arm64 -Xcc -I/tmp/nosfy-profil-commit-dd/Build/Intermediates.noindex/Nosfy.build/Debug-iphonesimulator/NosfyWidgets.build/DerivedSources/arm64 -Xcc -I/tmp/nosfy-profil-commit-dd/Build/Intermediates.noindex/Nosfy.build/Debug-iphonesimulator/NosfyWidgets.build/DerivedSources -Xcc -DDEBUG\=1 -emit-objc-header -emit-objc-header-path /tmp/nosfy-profil-commit-dd/Build/Intermediates.noindex/Nosfy.build/Debug-iphonesimulator/NosfyWidgets.build/Objects-normal/arm64/NosfyWidgets-Swift.h -working-directory /tmp/nosfy-profil-commit-20260919 -experimental-emit-module-separately -disable-cmo

SwiftDriverJobDiscovery normal x86_64 Compiling GeneratedAssetSymbols.swift (in target 'NosfyWidgets' from project 'Nosfy')

LinkAssetCatalog /tmp/nosfy-profil-commit-20260919/NosfyShared/LiveAssets.xcassets (in target 'NosfyWidgets' from project 'Nosfy')
    cd /tmp/nosfy-profil-commit-20260919
    builtin-linkAssetCatalog --thinned /tmp/nosfy-profil-commit-dd/Build/Intermediates.noindex/Nosfy.build/Debug-iphonesimulator/NosfyWidgets.build/assetcatalog_output/thinned --thinned-dependencies /tmp/nosfy-profil-commit-dd/Build/Intermediates.noindex/Nosfy.build/Debug-iphonesimulator/NosfyWidgets.build/assetcatalog_dependencies_thinned --thinned-info-plist-content /tmp/nosfy-profil-commit-dd/Build/Intermediates.noindex/Nosfy.build/Debug-iphonesimulator/NosfyWidgets.build/assetcatalog_generated_info.plist_thinned --unthinned /tmp/nosfy-profil-commit-dd/Build/Intermediates.noindex/Nosfy.build/Debug-iphonesimulator/NosfyWidgets.build/assetcatalog_output/unthinned --unthinned-dependencies /tmp/nosfy-profil-commit-dd/Build/Intermediates.noindex/Nosfy.build/Debug-iphonesimulator/NosfyWidgets.build/assetcatalog_dependencies_unthinned --unthinned-info-plist-content /tmp/nosfy-profil-commit-dd/Build/Intermediates.noindex/Nosfy.build/Debug-iphonesimulator/NosfyWidgets.build/assetcatalog_generated_info.plist_unthinned --output /tmp/nosfy-profil-commit-dd/Build/Products/Debug-iphonesimulator/NosfyWidgets.appex --plist-output /tmp/nosfy-profil-commit-dd/Build/Intermediates.noindex/Nosfy.build/Debug-iphonesimulator/NosfyWidgets.build/assetcatalog_generated_info.plist
note: Emplaced /tmp/nosfy-profil-commit-dd/Build/Products/Debug-iphonesimulator/NosfyWidgets.appex/Assets.car (in target 'NosfyWidgets' from project 'Nosfy')

SwiftCompile normal arm64 Compiling\ ProgressComet.swift /tmp/nosfy-profil-commit-20260919/NosfyShared/ProgressComet.swift (in target 'NosfyWidgets' from project 'Nosfy')

SwiftCompile normal arm64 /tmp/nosfy-profil-commit-20260919/NosfyShared/ProgressComet.swift (in target 'NosfyWidgets' from project 'Nosfy')
    cd /tmp/nosfy-profil-commit-20260919
    

SwiftMergeGeneratedHeaders /tmp/nosfy-profil-commit-dd/Build/Intermediates.noindex/Nosfy.build/Debug-iphonesimulator/NosfyWidgets.build/DerivedSources/NosfyWidgets-Swift.h /tmp/nosfy-profil-commit-dd/Build/Intermediates.noindex/Nosfy.build/Debug-iphonesimulator/NosfyWidgets.build/Objects-normal/arm64/NosfyWidgets-Swift.h /tmp/nosfy-profil-commit-dd/Build/Intermediates.noindex/Nosfy.build/Debug-iphonesimulator/NosfyWidgets.build/Objects-normal/x86_64/NosfyWidgets-Swift.h (in target 'NosfyWidgets' from project 'Nosfy')
    cd /tmp/nosfy-profil-commit-20260919
    builtin-swiftHeaderTool -arch arm64 /tmp/nosfy-profil-commit-dd/Build/Intermediates.noindex/Nosfy.build/Debug-iphonesimulator/NosfyWidgets.build/Objects-normal/arm64/NosfyWidgets-Swift.h -arch x86_64 /tmp/nosfy-profil-commit-dd/Build/Intermediates.noindex/Nosfy.build/Debug-iphonesimulator/NosfyWidgets.build/Objects-normal/x86_64/NosfyWidgets-Swift.h -o /tmp/nosfy-profil-commit-dd/Build/Intermediates.noindex/Nosfy.build/Debug-iphonesimulator/NosfyWidgets.build/DerivedSources/NosfyWidgets-Swift.h

SwiftDriverJobDiscovery normal x86_64 Compiling WorkoutActivity.swift (in target 'NosfyWidgets' from project 'Nosfy')

Copy /tmp/nosfy-profil-commit-dd/Build/Products/Debug-iphonesimulator/NosfyWidgets.swiftmodule/arm64-apple-ios-simulator.swiftmodule /tmp/nosfy-profil-commit-dd/Build/Intermediates.noindex/Nosfy.build/Debug-iphonesimulator/NosfyWidgets.build/Objects-normal/arm64/NosfyWidgets.swiftmodule (in target 'NosfyWidgets' from project 'Nosfy')
    cd /tmp/nosfy-profil-commit-20260919
    builtin-copy -exclude .DS_Store -exclude CVS -exclude .svn -exclude .git -exclude .hg -resolve-src-symlinks -rename /tmp/nosfy-profil-commit-dd/Build/Intermediates.noindex/Nosfy.build/Debug-iphonesimulator/NosfyWidgets.build/Objects-normal/arm64/NosfyWidgets.swiftmodule /tmp/nosfy-profil-commit-dd/Build/Products/Debug-iphonesimulator/NosfyWidgets.swiftmodule/arm64-apple-ios-simulator.swiftmodule

Copy /tmp/nosfy-profil-commit-dd/Build/Products/Debug-iphonesimulator/NosfyWidgets.swiftmodule/arm64-apple-ios-simulator.swiftdoc /tmp/nosfy-profil-commit-dd/Build/Intermediates.noindex/Nosfy.build/Debug-iphonesimulator/NosfyWidgets.build/Objects-normal/arm64/NosfyWidgets.swiftdoc (in target 'NosfyWidgets' from project 'Nosfy')
    cd /tmp/nosfy-profil-commit-20260919
    builtin-copy -exclude .DS_Store -exclude CVS -exclude .svn -exclude .git -exclude .hg -resolve-src-symlinks -rename /tmp/nosfy-profil-commit-dd/Build/Intermediates.noindex/Nosfy.build/Debug-iphonesimulator/NosfyWidgets.build/Objects-normal/arm64/NosfyWidgets.swiftdoc /tmp/nosfy-profil-commit-dd/Build/Products/Debug-iphonesimulator/NosfyWidgets.swiftmodule/arm64-apple-ios-simulator.swiftdoc

Copy /tmp/nosfy-profil-commit-dd/Build/Products/Debug-iphonesimulator/NosfyWidgets.swiftmodule/arm64-apple-ios-simulator.abi.json /tmp/nosfy-profil-commit-dd/Build/Intermediates.noindex/Nosfy.build/Debug-iphonesimulator/NosfyWidgets.build/Objects-normal/arm64/NosfyWidgets.abi.json (in target 'NosfyWidgets' from project 'Nosfy')
    cd /tmp/nosfy-profil-commit-20260919
    builtin-copy -exclude .DS_Store -exclude CVS -exclude .svn -exclude .git -exclude .hg -resolve-src-symlinks -rename /tmp/nosfy-profil-commit-dd/Build/Intermediates.noindex/Nosfy.build/Debug-iphonesimulator/NosfyWidgets.build/Objects-normal/arm64/NosfyWidgets.abi.json /tmp/nosfy-profil-commit-dd/Build/Products/Debug-iphonesimulator/NosfyWidgets.swiftmodule/arm64-apple-ios-simulator.abi.json

Copy /tmp/nosfy-profil-commit-dd/Build/Products/Debug-iphonesimulator/NosfyWidgets.swiftmodule/Project/arm64-apple-ios-simulator.swiftsourceinfo /tmp/nosfy-profil-commit-dd/Build/Intermediates.noindex/Nosfy.build/Debug-iphonesimulator/NosfyWidgets.build/Objects-normal/arm64/NosfyWidgets.swiftsourceinfo (in target 'NosfyWidgets' from project 'Nosfy')
    cd /tmp/nosfy-profil-commit-20260919
    builtin-copy -exclude .DS_Store -exclude CVS -exclude .svn -exclude .git -exclude .hg -resolve-src-symlinks -rename /tmp/nosfy-profil-commit-dd/Build/Intermediates.noindex/Nosfy.build/Debug-iphonesimulator/NosfyWidgets.build/Objects-normal/arm64/NosfyWidgets.swiftsourceinfo /tmp/nosfy-profil-commit-dd/Build/Products/Debug-iphonesimulator/NosfyWidgets.swiftmodule/Project/arm64-apple-ios-simulator.swiftsourceinfo

ProcessInfoPlistFile /tmp/nosfy-profil-commit-dd/Build/Products/Debug-iphonesimulator/NosfyWidgets.appex/Info.plist /tmp/nosfy-profil-commit-20260919/NosfyWidgets/Info.plist (in target 'NosfyWidgets' from project 'Nosfy')
    cd /tmp/nosfy-profil-commit-20260919
    builtin-infoPlistUtility /tmp/nosfy-profil-commit-20260919/NosfyWidgets/Info.plist -producttype com.apple.product-type.app-extension -expandbuildsettings -format binary -platform iphonesimulator -additionalcontentfile /tmp/nosfy-profil-commit-dd/Build/Intermediates.noindex/Nosfy.build/Debug-iphonesimulator/NosfyWidgets.build/assetcatalog_generated_info.plist -o /tmp/nosfy-profil-commit-dd/Build/Products/Debug-iphonesimulator/NosfyWidgets.appex/Info.plist

SwiftCompile normal arm64 Compiling\ WorkoutLiveCard.swift /tmp/nosfy-profil-commit-20260919/NosfyShared/WorkoutLiveCard.swift (in target 'NosfyWidgets' from project 'Nosfy')

SwiftCompile normal arm64 /tmp/nosfy-profil-commit-20260919/NosfyShared/WorkoutLiveCard.swift (in target 'NosfyWidgets' from project 'Nosfy')
    cd /tmp/nosfy-profil-commit-20260919
    

SwiftCompile normal x86_64 Compiling\ ImpGlyph.swift /tmp/nosfy-profil-commit-20260919/NosfyShared/ImpGlyph.swift (in target 'NosfyWidgets' from project 'Nosfy')

SwiftCompile normal x86_64 /tmp/nosfy-profil-commit-20260919/NosfyShared/ImpGlyph.swift (in target 'NosfyWidgets' from project 'Nosfy')
    cd /tmp/nosfy-profil-commit-20260919
    

SwiftDriverJobDiscovery normal x86_64 Compiling WorkoutLiveFocus.swift (in target 'NosfyWidgets' from project 'Nosfy')

SwiftCompile normal arm64 Compiling\ ImpGlyph.swift /tmp/nosfy-profil-commit-20260919/NosfyShared/ImpGlyph.swift (in target 'NosfyWidgets' from project 'Nosfy')

SwiftCompile normal arm64 /tmp/nosfy-profil-commit-20260919/NosfyShared/ImpGlyph.swift (in target 'NosfyWidgets' from project 'Nosfy')
    cd /tmp/nosfy-profil-commit-20260919
    

SwiftDriverJobDiscovery normal arm64 Compiling WorkoutActivity.swift (in target 'NosfyWidgets' from project 'Nosfy')

SwiftCompile normal arm64 Compiling\ MoonGlyph.swift /tmp/nosfy-profil-commit-20260919/NosfyShared/MoonGlyph.swift (in target 'NosfyWidgets' from project 'Nosfy')

SwiftCompile normal arm64 /tmp/nosfy-profil-commit-20260919/NosfyShared/MoonGlyph.swift (in target 'NosfyWidgets' from project 'Nosfy')
    cd /tmp/nosfy-profil-commit-20260919
    

SwiftDriverJobDiscovery normal x86_64 Compiling ImpGlyph.swift (in target 'NosfyWidgets' from project 'Nosfy')

SwiftCompile normal arm64 Compiling\ NosfyWidgetsBundle.swift /tmp/nosfy-profil-commit-20260919/NosfyWidgets/NosfyWidgetsBundle.swift (in target 'NosfyWidgets' from project 'Nosfy')

SwiftCompile normal arm64 /tmp/nosfy-profil-commit-20260919/NosfyWidgets/NosfyWidgetsBundle.swift (in target 'NosfyWidgets' from project 'Nosfy')
    cd /tmp/nosfy-profil-commit-20260919
    

SwiftCompile normal arm64 Compiling\ GeneratedAssetSymbols.swift /tmp/nosfy-profil-commit-dd/Build/Intermediates.noindex/Nosfy.build/Debug-iphonesimulator/NosfyWidgets.build/DerivedSources/GeneratedAssetSymbols.swift (in target 'NosfyWidgets' from project 'Nosfy')

SwiftCompile normal arm64 /tmp/nosfy-profil-commit-dd/Build/Intermediates.noindex/Nosfy.build/Debug-iphonesimulator/NosfyWidgets.build/DerivedSources/GeneratedAssetSymbols.swift (in target 'NosfyWidgets' from project 'Nosfy')
    cd /tmp/nosfy-profil-commit-20260919
    

SwiftDriverJobDiscovery normal x86_64 Compiling MoonGlyph.swift (in target 'NosfyWidgets' from project 'Nosfy')

SwiftDriverJobDiscovery normal x86_64 Compiling ProgressComet.swift (in target 'NosfyWidgets' from project 'Nosfy')

SwiftCompile normal arm64 Compiling\ WorkoutLiveFocus.swift /tmp/nosfy-profil-commit-20260919/NosfyShared/WorkoutLiveFocus.swift (in target 'NosfyWidgets' from project 'Nosfy')

SwiftCompile normal arm64 /tmp/nosfy-profil-commit-20260919/NosfyShared/WorkoutLiveFocus.swift (in target 'NosfyWidgets' from project 'Nosfy')
    cd /tmp/nosfy-profil-commit-20260919
    

SwiftDriverJobDiscovery normal arm64 Compiling GeneratedAssetSymbols.swift (in target 'NosfyWidgets' from project 'Nosfy')

SwiftDriverJobDiscovery normal x86_64 Compiling WorkoutLiveCard.swift (in target 'NosfyWidgets' from project 'Nosfy')

MkDir /tmp/nosfy-profil-commit-dd/Build/Intermediates.noindex/Nosfy.build/Debug-iphonesimulator/Nosfy.build/assetcatalog_output/unthinned (in target 'Nosfy' from project 'Nosfy')
    cd /tmp/nosfy-profil-commit-20260919
    /bin/mkdir -p /tmp/nosfy-profil-commit-dd/Build/Intermediates.noindex/Nosfy.build/Debug-iphonesimulator/Nosfy.build/assetcatalog_output/unthinned

MkDir /tmp/nosfy-profil-commit-dd/Build/Intermediates.noindex/Nosfy.build/Debug-iphonesimulator/Nosfy.build/assetcatalog_output/thinned (in target 'Nosfy' from project 'Nosfy')
    cd /tmp/nosfy-profil-commit-20260919
    /bin/mkdir -p /tmp/nosfy-profil-commit-dd/Build/Intermediates.noindex/Nosfy.build/Debug-iphonesimulator/Nosfy.build/assetcatalog_output/thinned

GenerateAssetSymbols /tmp/nosfy-profil-commit-20260919/NosfyShared/LiveAssets.xcassets /tmp/nosfy-profil-commit-20260919/Nosfy/AppIcon.icon /tmp/nosfy-profil-commit-20260919/Nosfy/Assets.xcassets (in target 'Nosfy' from project 'Nosfy')
    cd /tmp/nosfy-profil-commit-20260919
    /Applications/Xcode.app/Contents/Developer/usr/bin/actool /tmp/nosfy-profil-commit-20260919/NosfyShared/LiveAssets.xcassets /tmp/nosfy-profil-commit-20260919/Nosfy/AppIcon.icon /tmp/nosfy-profil-commit-20260919/Nosfy/Assets.xcassets --compile /tmp/nosfy-profil-commit-dd/Build/Products/Debug-iphonesimulator/Nosfy.app --output-format human-readable-text --notices --warnings --export-dependency-info /tmp/nosfy-profil-commit-dd/Build/Intermediates.noindex/Nosfy.build/Debug-iphonesimulator/Nosfy.build/assetcatalog_dependencies --output-partial-info-plist /tmp/nosfy-profil-commit-dd/Build/Intermediates.noindex/Nosfy.build/Debug-iphonesimulator/Nosfy.build/assetcatalog_generated_info.plist --app-icon AppIcon --accent-color AccentColor --compress-pngs --enable-on-demand-resources YES --development-region fr --target-device iphone --minimum-deployment-target 26.0 --platform iphonesimulator --bundle-identifier fr.kathryn.woop --generate-swift-asset-symbol-extensions NO --generate-swift-asset-symbols /tmp/nosfy-profil-commit-dd/Build/Intermediates.noindex/Nosfy.build/Debug-iphonesimulator/Nosfy.build/DerivedSources/GeneratedAssetSymbols.swift --generate-objc-asset-symbols /tmp/nosfy-profil-commit-dd/Build/Intermediates.noindex/Nosfy.build/Debug-iphonesimulator/Nosfy.build/DerivedSources/GeneratedAssetSymbols.h --generate-asset-symbol-index /tmp/nosfy-profil-commit-dd/Build/Intermediates.noindex/Nosfy.build/Debug-iphonesimulator/Nosfy.build/DerivedSources/GeneratedAssetSymbols-Index.plist
/* com.apple.actool.compilation-results */
/tmp/nosfy-profil-commit-dd/Build/Intermediates.noindex/Nosfy.build/Debug-iphonesimulator/Nosfy.build/DerivedSources/GeneratedAssetSymbols-Index.plist
/tmp/nosfy-profil-commit-dd/Build/Intermediates.noindex/Nosfy.build/Debug-iphonesimulator/Nosfy.build/DerivedSources/GeneratedAssetSymbols.h
/tmp/nosfy-profil-commit-dd/Build/Intermediates.noindex/Nosfy.build/Debug-iphonesimulator/Nosfy.build/DerivedSources/GeneratedAssetSymbols.swift


CompileMetalFile /tmp/nosfy-profil-commit-20260919/Nosfy/WahouAura.metal (in target 'Nosfy' from project 'Nosfy')
    cd /tmp/nosfy-profil-commit-20260919
    /var/run/com.apple.security.cryptexd/mnt/com.apple.MobileAsset.MetalToolchain-v17.6.42.0.BA5Ggr/Metal.xctoolchain/usr/bin/metal -c -target air64-apple-ios26.0-simulator -gline-tables-only -frecord-sources -I/tmp/nosfy-profil-commit-dd/Build/Products/Debug-iphonesimulator/include -F/tmp/nosfy-profil-commit-dd/Build/Products/Debug-iphonesimulator -isysroot /Applications/Xcode.app/Contents/Developer/Platforms/iPhoneSimulator.platform/Developer/SDKs/iPhoneSimulator26.5.sdk -fmetal-math-mode\=fast -fmetal-math-fp32-functions\=fast -serialize-diagnostics /tmp/nosfy-profil-commit-dd/Build/Intermediates.noindex/Nosfy.build/Debug-iphonesimulator/Nosfy.build/Metal/WahouAura.dia -o /tmp/nosfy-profil-commit-dd/Build/Intermediates.noindex/Nosfy.build/Debug-iphonesimulator/Nosfy.build/Metal/WahouAura.air -index-store-path /tmp/nosfy-profil-commit-dd/Index.noindex/DataStore -MMD -MT dependencies -MF /tmp/nosfy-profil-commit-dd/Build/Intermediates.noindex/Nosfy.build/Debug-iphonesimulator/Nosfy.build/Metal/WahouAura.dat /tmp/nosfy-profil-commit-20260919/Nosfy/WahouAura.metal

CompileMetalFile /tmp/nosfy-profil-commit-20260919/Nosfy/VerreGalet.metal (in target 'Nosfy' from project 'Nosfy')
    cd /tmp/nosfy-profil-commit-20260919
    /var/run/com.apple.security.cryptexd/mnt/com.apple.MobileAsset.MetalToolchain-v17.6.42.0.BA5Ggr/Metal.xctoolchain/usr/bin/metal -c -target air64-apple-ios26.0-simulator -gline-tables-only -frecord-sources -I/tmp/nosfy-profil-commit-dd/Build/Products/Debug-iphonesimulator/include -F/tmp/nosfy-profil-commit-dd/Build/Products/Debug-iphonesimulator -isysroot /Applications/Xcode.app/Contents/Developer/Platforms/iPhoneSimulator.platform/Developer/SDKs/iPhoneSimulator26.5.sdk -fmetal-math-mode\=fast -fmetal-math-fp32-functions\=fast -serialize-diagnostics /tmp/nosfy-profil-commit-dd/Build/Intermediates.noindex/Nosfy.build/Debug-iphonesimulator/Nosfy.build/Metal/VerreGalet.dia -o /tmp/nosfy-profil-commit-dd/Build/Intermediates.noindex/Nosfy.build/Debug-iphonesimulator/Nosfy.build/Metal/VerreGalet.air -index-store-path /tmp/nosfy-profil-commit-dd/Index.noindex/DataStore -MMD -MT dependencies -MF /tmp/nosfy-profil-commit-dd/Build/Intermediates.noindex/Nosfy.build/Debug-iphonesimulator/Nosfy.build/Metal/VerreGalet.dat /tmp/nosfy-profil-commit-20260919/Nosfy/VerreGalet.metal

SwiftDriverJobDiscovery normal arm64 Compiling ProgressComet.swift (in target 'NosfyWidgets' from project 'Nosfy')

CompileMetalFile /tmp/nosfy-profil-commit-20260919/Nosfy/VerreCoulant.metal (in target 'Nosfy' from project 'Nosfy')
    cd /tmp/nosfy-profil-commit-20260919
    /var/run/com.apple.security.cryptexd/mnt/com.apple.MobileAsset.MetalToolchain-v17.6.42.0.BA5Ggr/Metal.xctoolchain/usr/bin/metal -c -target air64-apple-ios26.0-simulator -gline-tables-only -frecord-sources -I/tmp/nosfy-profil-commit-dd/Build/Products/Debug-iphonesimulator/include -F/tmp/nosfy-profil-commit-dd/Build/Products/Debug-iphonesimulator -isysroot /Applications/Xcode.app/Contents/Developer/Platforms/iPhoneSimulator.platform/Developer/SDKs/iPhoneSimulator26.5.sdk -fmetal-math-mode\=fast -fmetal-math-fp32-functions\=fast -serialize-diagnostics /tmp/nosfy-profil-commit-dd/Build/Intermediates.noindex/Nosfy.build/Debug-iphonesimulator/Nosfy.build/Metal/VerreCoulant-7e521f5ef15328cfa7f7197eb221eddf.dia -o /tmp/nosfy-profil-commit-dd/Build/Intermediates.noindex/Nosfy.build/Debug-iphonesimulator/Nosfy.build/Metal/VerreCoulant-7e521f5ef15328cfa7f7197eb221eddf.air -index-store-path /tmp/nosfy-profil-commit-dd/Index.noindex/DataStore -MMD -MT dependencies -MF /tmp/nosfy-profil-commit-dd/Build/Intermediates.noindex/Nosfy.build/Debug-iphonesimulator/Nosfy.build/Metal/VerreCoulant-7e521f5ef15328cfa7f7197eb221eddf.dat /tmp/nosfy-profil-commit-20260919/Nosfy/VerreCoulant.metal
/tmp/nosfy-profil-commit-20260919/Nosfy/VerreCoulant.metal:138:11: warning: unused variable 'swell' [-Wunused-variable]
    float swell = 1.0 + 0.050 * sin(t * 6.2832 / 8.7)
          ^
1 warning generated.

SwiftDriverJobDiscovery normal x86_64 Compiling NosfyWidgetsBundle.swift (in target 'NosfyWidgets' from project 'Nosfy')

CompileMetalFile /tmp/nosfy-profil-commit-20260919/Nosfy/TreasureBadge.metal (in target 'Nosfy' from project 'Nosfy')
    cd /tmp/nosfy-profil-commit-20260919
    /var/run/com.apple.security.cryptexd/mnt/com.apple.MobileAsset.MetalToolchain-v17.6.42.0.BA5Ggr/Metal.xctoolchain/usr/bin/metal -c -target air64-apple-ios26.0-simulator -gline-tables-only -frecord-sources -I/tmp/nosfy-profil-commit-dd/Build/Products/Debug-iphonesimulator/include -F/tmp/nosfy-profil-commit-dd/Build/Products/Debug-iphonesimulator -isysroot /Applications/Xcode.app/Contents/Developer/Platforms/iPhoneSimulator.platform/Developer/SDKs/iPhoneSimulator26.5.sdk -fmetal-math-mode\=fast -fmetal-math-fp32-functions\=fast -serialize-diagnostics /tmp/nosfy-profil-commit-dd/Build/Intermediates.noindex/Nosfy.build/Debug-iphonesimulator/Nosfy.build/Metal/TreasureBadge.dia -o /tmp/nosfy-profil-commit-dd/Build/Intermediates.noindex/Nosfy.build/Debug-iphonesimulator/Nosfy.build/Metal/TreasureBadge.air -index-store-path /tmp/nosfy-profil-commit-dd/Index.noindex/DataStore -MMD -MT dependencies -MF /tmp/nosfy-profil-commit-dd/Build/Intermediates.noindex/Nosfy.build/Debug-iphonesimulator/Nosfy.build/Metal/TreasureBadge.dat /tmp/nosfy-profil-commit-20260919/Nosfy/TreasureBadge.metal

SwiftDriverJobDiscovery normal arm64 Compiling ImpGlyph.swift (in target 'NosfyWidgets' from project 'Nosfy')

CompileMetalFile /tmp/nosfy-profil-commit-20260919/Nosfy/PorteCaresse.metal (in target 'Nosfy' from project 'Nosfy')
    cd /tmp/nosfy-profil-commit-20260919
    /var/run/com.apple.security.cryptexd/mnt/com.apple.MobileAsset.MetalToolchain-v17.6.42.0.BA5Ggr/Metal.xctoolchain/usr/bin/metal -c -target air64-apple-ios26.0-simulator -gline-tables-only -frecord-sources -I/tmp/nosfy-profil-commit-dd/Build/Products/Debug-iphonesimulator/include -F/tmp/nosfy-profil-commit-dd/Build/Products/Debug-iphonesimulator -isysroot /Applications/Xcode.app/Contents/Developer/Platforms/iPhoneSimulator.platform/Developer/SDKs/iPhoneSimulator26.5.sdk -fmetal-math-mode\=fast -fmetal-math-fp32-functions\=fast -serialize-diagnostics /tmp/nosfy-profil-commit-dd/Build/Intermediates.noindex/Nosfy.build/Debug-iphonesimulator/Nosfy.build/Metal/PorteCaresse.dia -o /tmp/nosfy-profil-commit-dd/Build/Intermediates.noindex/Nosfy.build/Debug-iphonesimulator/Nosfy.build/Metal/PorteCaresse.air -index-store-path /tmp/nosfy-profil-commit-dd/Index.noindex/DataStore -MMD -MT dependencies -MF /tmp/nosfy-profil-commit-dd/Build/Intermediates.noindex/Nosfy.build/Debug-iphonesimulator/Nosfy.build/Metal/PorteCaresse.dat /tmp/nosfy-profil-commit-20260919/Nosfy/PorteCaresse.metal

SwiftDriverJobDiscovery normal arm64 Compiling WorkoutLiveFocus.swift (in target 'NosfyWidgets' from project 'Nosfy')

CompileMetalFile /tmp/nosfy-profil-commit-20260919/Nosfy/PieceVerre.metal (in target 'Nosfy' from project 'Nosfy')
    cd /tmp/nosfy-profil-commit-20260919
    /var/run/com.apple.security.cryptexd/mnt/com.apple.MobileAsset.MetalToolchain-v17.6.42.0.BA5Ggr/Metal.xctoolchain/usr/bin/metal -c -target air64-apple-ios26.0-simulator -gline-tables-only -frecord-sources -I/tmp/nosfy-profil-commit-dd/Build/Products/Debug-iphonesimulator/include -F/tmp/nosfy-profil-commit-dd/Build/Products/Debug-iphonesimulator -isysroot /Applications/Xcode.app/Contents/Developer/Platforms/iPhoneSimulator.platform/Developer/SDKs/iPhoneSimulator26.5.sdk -fmetal-math-mode\=fast -fmetal-math-fp32-functions\=fast -serialize-diagnostics /tmp/nosfy-profil-commit-dd/Build/Intermediates.noindex/Nosfy.build/Debug-iphonesimulator/Nosfy.build/Metal/PieceVerre.dia -o /tmp/nosfy-profil-commit-dd/Build/Intermediates.noindex/Nosfy.build/Debug-iphonesimulator/Nosfy.build/Metal/PieceVerre.air -index-store-path /tmp/nosfy-profil-commit-dd/Index.noindex/DataStore -MMD -MT dependencies -MF /tmp/nosfy-profil-commit-dd/Build/Intermediates.noindex/Nosfy.build/Debug-iphonesimulator/Nosfy.build/Metal/PieceVerre.dat /tmp/nosfy-profil-commit-20260919/Nosfy/PieceVerre.metal

SwiftDriverJobDiscovery normal x86_64 Compiling WorkoutLiveActivity.swift (in target 'NosfyWidgets' from project 'Nosfy')

CompileMetalFile /tmp/nosfy-profil-commit-20260919/Nosfy/PebbleDust.metal (in target 'Nosfy' from project 'Nosfy')
    cd /tmp/nosfy-profil-commit-20260919
    /var/run/com.apple.security.cryptexd/mnt/com.apple.MobileAsset.MetalToolchain-v17.6.42.0.BA5Ggr/Metal.xctoolchain/usr/bin/metal -c -target air64-apple-ios26.0-simulator -gline-tables-only -frecord-sources -I/tmp/nosfy-profil-commit-dd/Build/Products/Debug-iphonesimulator/include -F/tmp/nosfy-profil-commit-dd/Build/Products/Debug-iphonesimulator -isysroot /Applications/Xcode.app/Contents/Developer/Platforms/iPhoneSimulator.platform/Developer/SDKs/iPhoneSimulator26.5.sdk -fmetal-math-mode\=fast -fmetal-math-fp32-functions\=fast -serialize-diagnostics /tmp/nosfy-profil-commit-dd/Build/Intermediates.noindex/Nosfy.build/Debug-iphonesimulator/Nosfy.build/Metal/PebbleDust.dia -o /tmp/nosfy-profil-commit-dd/Build/Intermediates.noindex/Nosfy.build/Debug-iphonesimulator/Nosfy.build/Metal/PebbleDust.air -index-store-path /tmp/nosfy-profil-commit-dd/Index.noindex/DataStore -MMD -MT dependencies -MF /tmp/nosfy-profil-commit-dd/Build/Intermediates.noindex/Nosfy.build/Debug-iphonesimulator/Nosfy.build/Metal/PebbleDust.dat /tmp/nosfy-profil-commit-20260919/Nosfy/PebbleDust.metal

SwiftDriverJobDiscovery normal arm64 Compiling MoonGlyph.swift (in target 'NosfyWidgets' from project 'Nosfy')

SwiftDriver\ Compilation NosfyWidgets normal x86_64 com.apple.xcode.tools.swift.compiler (in target 'NosfyWidgets' from project 'Nosfy')
    cd /tmp/nosfy-profil-commit-20260919
    builtin-Swift-Compilation -- /Applications/Xcode.app/Contents/Developer/Toolchains/XcodeDefault.xctoolchain/usr/bin/swiftc -module-name NosfyWidgets -Onone @/tmp/nosfy-profil-commit-dd/Build/Intermediates.noindex/Nosfy.build/Debug-iphonesimulator/NosfyWidgets.build/Objects-normal/x86_64/NosfyWidgets.SwiftFileList -DDEBUG -enable-bare-slash-regex -enable-experimental-feature DebugDescriptionMacro -sdk /Applications/Xcode.app/Contents/Developer/Platforms/iPhoneSimulator.platform/Developer/SDKs/iPhoneSimulator26.5.sdk -target x86_64-apple-ios26.0-simulator -g -module-cache-path /tmp/nosfy-profil-commit-dd/ModuleCache.noindex -Xfrontend -serialize-debugging-options -application-extension -enable-testing -index-store-path /tmp/nosfy-profil-commit-dd/Index.noindex/DataStore -Xcc -D_LIBCPP_HARDENING_MODE\=_LIBCPP_HARDENING_MODE_DEBUG -swift-version 5 -I /tmp/nosfy-profil-commit-dd/Build/Products/Debug-iphonesimulator -F /tmp/nosfy-profil-commit-dd/Build/Products/Debug-iphonesimulator -emit-localized-strings -emit-localized-strings-path /tmp/nosfy-profil-commit-dd/Build/Intermediates.noindex/Nosfy.build/Debug-iphonesimulator/NosfyWidgets.build/Objects-normal/x86_64 -c -j10 -enable-batch-mode -incremental -Xcc -ivfsstatcache -Xcc /tmp/nosfy-profil-commit-dd/SDKStatCaches.noindex/iphonesimulator26.5-23F73-688ef53f1462e2c8f657fdc38a81448f6cfe768891a92b912361537c460fe42b.sdkstatcache -output-file-map /tmp/nosfy-profil-commit-dd/Build/Intermediates.noindex/Nosfy.build/Debug-iphonesimulator/NosfyWidgets.build/Objects-normal/x86_64/NosfyWidgets-OutputFileMap.json -use-frontend-parseable-output -save-temps -no-color-diagnostics -explicit-module-build -module-cache-path /tmp/nosfy-profil-commit-dd/Build/Intermediates.noindex/SwiftExplicitPrecompiledModules -clang-scanner-module-cache-path /tmp/nosfy-profil-commit-dd/ModuleCache.noindex -sdk-module-cache-path /tmp/nosfy-profil-commit-dd/ModuleCache.noindex -serialize-diagnostics -emit-dependencies -emit-module -emit-module-path /tmp/nosfy-profil-commit-dd/Build/Intermediates.noindex/Nosfy.build/Debug-iphonesimulator/NosfyWidgets.build/Objects-normal/x86_64/NosfyWidgets.swiftmodule -validate-clang-modules-once -clang-build-session-file /tmp/nosfy-profil-commit-dd/ModuleCache.noindex/Session.modulevalidation -Xcc -I/tmp/nosfy-profil-commit-dd/Build/Intermediates.noindex/Nosfy.build/Debug-iphonesimulator/NosfyWidgets.build/swift-overrides.hmap -emit-const-values -Xfrontend -const-gather-protocols-file -Xfrontend /tmp/nosfy-profil-commit-dd/Build/Intermediates.noindex/Nosfy.build/Debug-iphonesimulator/NosfyWidgets.build/Objects-normal/x86_64/NosfyWidgets_const_extract_protocols.json -Xcc -iquote -Xcc /tmp/nosfy-profil-commit-dd/Build/Intermediates.noindex/Nosfy.build/Debug-iphonesimulator/NosfyWidgets.build/NosfyWidgets-generated-files.hmap -Xcc -I/tmp/nosfy-profil-commit-dd/Build/Intermediates.noindex/Nosfy.build/Debug-iphonesimulator/NosfyWidgets.build/NosfyWidgets-own-target-headers.hmap -Xcc -I/tmp/nosfy-profil-commit-dd/Build/Intermediates.noindex/Nosfy.build/Debug-iphonesimulator/NosfyWidgets.build/NosfyWidgets-all-target-headers.hmap -Xcc -iquote -Xcc /tmp/nosfy-profil-commit-dd/Build/Intermediates.noindex/Nosfy.build/Debug-iphonesimulator/NosfyWidgets.build/NosfyWidgets-project-headers.hmap -Xcc -I/tmp/nosfy-profil-commit-dd/Build/Products/Debug-iphonesimulator/include -Xcc -I/tmp/nosfy-profil-commit-dd/Build/Intermediates.noindex/Nosfy.build/Debug-iphonesimulator/NosfyWidgets.build/DerivedSources-normal/x86_64 -Xcc -I/tmp/nosfy-profil-commit-dd/Build/Intermediates.noindex/Nosfy.build/Debug-iphonesimulator/NosfyWidgets.build/DerivedSources/x86_64 -Xcc -I/tmp/nosfy-profil-commit-dd/Build/Intermediates.noindex/Nosfy.build/Debug-iphonesimulator/NosfyWidgets.build/DerivedSources -Xcc -DDEBUG\=1 -emit-objc-header -emit-objc-header-path /tmp/nosfy-profil-commit-dd/Build/Intermediates.noindex/Nosfy.build/Debug-iphonesimulator/NosfyWidgets.build/Objects-normal/x86_64/NosfyWidgets-Swift.h -working-directory /tmp/nosfy-profil-commit-20260919 -experimental-emit-module-separately -disable-cmo

SwiftDriverJobDiscovery normal arm64 Compiling WorkoutLiveCard.swift (in target 'NosfyWidgets' from project 'Nosfy')

CompileMetalFile /tmp/nosfy-profil-commit-20260919/Nosfy/ObsidianCard.metal (in target 'Nosfy' from project 'Nosfy')
    cd /tmp/nosfy-profil-commit-20260919
    /var/run/com.apple.security.cryptexd/mnt/com.apple.MobileAsset.MetalToolchain-v17.6.42.0.BA5Ggr/Metal.xctoolchain/usr/bin/metal -c -target air64-apple-ios26.0-simulator -gline-tables-only -frecord-sources -I/tmp/nosfy-profil-commit-dd/Build/Products/Debug-iphonesimulator/include -F/tmp/nosfy-profil-commit-dd/Build/Products/Debug-iphonesimulator -isysroot /Applications/Xcode.app/Contents/Developer/Platforms/iPhoneSimulator.platform/Developer/SDKs/iPhoneSimulator26.5.sdk -fmetal-math-mode\=fast -fmetal-math-fp32-functions\=fast -serialize-diagnostics /tmp/nosfy-profil-commit-dd/Build/Intermediates.noindex/Nosfy.build/Debug-iphonesimulator/Nosfy.build/Metal/ObsidianCard-9b52dd1e704ca8e047aff89992bdcf6e.dia -o /tmp/nosfy-profil-commit-dd/Build/Intermediates.noindex/Nosfy.build/Debug-iphonesimulator/Nosfy.build/Metal/ObsidianCard-9b52dd1e704ca8e047aff89992bdcf6e.air -index-store-path /tmp/nosfy-profil-commit-dd/Index.noindex/DataStore -MMD -MT dependencies -MF /tmp/nosfy-profil-commit-dd/Build/Intermediates.noindex/Nosfy.build/Debug-iphonesimulator/Nosfy.build/Metal/ObsidianCard-9b52dd1e704ca8e047aff89992bdcf6e.dat /tmp/nosfy-profil-commit-20260919/Nosfy/ObsidianCard.metal
/tmp/nosfy-profil-commit-20260919/Nosfy/ObsidianCard.metal:72:14: warning: unused function 'olobe' [-Wunused-function]
static float olobe(float2 p, float2 c, float2 s) {
             ^
/tmp/nosfy-profil-commit-20260919/Nosfy/ObsidianCard.metal:89:17: warning: unused variable 'kWarm' [-Wunused-const-variable]
constant float3 kWarm = float3(1.000, 0.456, 0.154);   // la source chaude
                ^
/tmp/nosfy-profil-commit-20260919/Nosfy/ObsidianCard.metal:97:17: warning: unused variable 'kRim' [-Wunused-const-variable]
constant float3 kRim  = float3(1.000, 0.600, 0.320);
                ^
3 warnings generated.

Ld /tmp/nosfy-profil-commit-dd/Build/Intermediates.noindex/Nosfy.build/Debug-iphonesimulator/NosfyWidgets.build/Objects-normal/x86_64/Binary/NosfyWidgets.debug.dylib normal x86_64 (in target 'NosfyWidgets' from project 'Nosfy')
    cd /tmp/nosfy-profil-commit-20260919
    /Applications/Xcode.app/Contents/Developer/Toolchains/XcodeDefault.xctoolchain/usr/bin/clang -Xlinker -reproducible -target x86_64-apple-ios26.0-simulator -dynamiclib -isysroot /Applications/Xcode.app/Contents/Developer/Platforms/iPhoneSimulator.platform/Developer/SDKs/iPhoneSimulator26.5.sdk -O0 -L/tmp/nosfy-profil-commit-dd/Build/Intermediates.noindex/EagerLinkingTBDs/Debug-iphonesimulator -L/tmp/nosfy-profil-commit-dd/Build/Products/Debug-iphonesimulator -F/tmp/nosfy-profil-commit-dd/Build/Intermediates.noindex/EagerLinkingTBDs/Debug-iphonesimulator -F/tmp/nosfy-profil-commit-dd/Build/Products/Debug-iphonesimulator -filelist /tmp/nosfy-profil-commit-dd/Build/Intermediates.noindex/Nosfy.build/Debug-iphonesimulator/NosfyWidgets.build/Objects-normal/x86_64/NosfyWidgets.LinkFileList -install_name @rpath/NosfyWidgets.debug.dylib -Xlinker -rpath -Xlinker @executable_path/Frameworks -Xlinker -rpath -Xlinker @executable_path/../../Frameworks -Xlinker -dead_strip -Xlinker -object_path_lto -Xlinker /tmp/nosfy-profil-commit-dd/Build/Intermediates.noindex/Nosfy.build/Debug-iphonesimulator/NosfyWidgets.build/Objects-normal/x86_64/NosfyWidgets_lto.o -rdynamic -Xlinker -no_deduplicate -Xlinker -objc_abi_version -Xlinker 2 -Xlinker -dependency_info -Xlinker /tmp/nosfy-profil-commit-dd/Build/Intermediates.noindex/Nosfy.build/Debug-iphonesimulator/NosfyWidgets.build/Objects-normal/x86_64/NosfyWidgets_dependency_info.dat -fapplication-extension -fobjc-link-runtime -L/Applications/Xcode.app/Contents/Developer/Toolchains/XcodeDefault.xctoolchain/usr/lib/swift/iphonesimulator -L/usr/lib/swift -Xlinker -add_ast_path -Xlinker /tmp/nosfy-profil-commit-dd/Build/Intermediates.noindex/Nosfy.build/Debug-iphonesimulator/NosfyWidgets.build/Objects-normal/x86_64/NosfyWidgets.swiftmodule @/tmp/nosfy-profil-commit-dd/Build/Intermediates.noindex/Nosfy.build/Debug-iphonesimulator/NosfyWidgets.build/Objects-normal/x86_64/NosfyWidgets-linker-args.resp -Xlinker -alias -Xlinker _NSExtensionMain -Xlinker ___debug_main_executable_dylib_entry_point -o /tmp/nosfy-profil-commit-dd/Build/Intermediates.noindex/Nosfy.build/Debug-iphonesimulator/NosfyWidgets.build/Objects-normal/x86_64/Binary/NosfyWidgets.debug.dylib

SwiftDriverJobDiscovery normal arm64 Compiling NosfyWidgetsBundle.swift (in target 'NosfyWidgets' from project 'Nosfy')

CompileMetalFile /tmp/nosfy-profil-commit-20260919/Nosfy/ObjectiveJewel.metal (in target 'Nosfy' from project 'Nosfy')
    cd /tmp/nosfy-profil-commit-20260919
    /var/run/com.apple.security.cryptexd/mnt/com.apple.MobileAsset.MetalToolchain-v17.6.42.0.BA5Ggr/Metal.xctoolchain/usr/bin/metal -c -target air64-apple-ios26.0-simulator -gline-tables-only -frecord-sources -I/tmp/nosfy-profil-commit-dd/Build/Products/Debug-iphonesimulator/include -F/tmp/nosfy-profil-commit-dd/Build/Products/Debug-iphonesimulator -isysroot /Applications/Xcode.app/Contents/Developer/Platforms/iPhoneSimulator.platform/Developer/SDKs/iPhoneSimulator26.5.sdk -fmetal-math-mode\=fast -fmetal-math-fp32-functions\=fast -serialize-diagnostics /tmp/nosfy-profil-commit-dd/Build/Intermediates.noindex/Nosfy.build/Debug-iphonesimulator/Nosfy.build/Metal/ObjectiveJewel.dia -o /tmp/nosfy-profil-commit-dd/Build/Intermediates.noindex/Nosfy.build/Debug-iphonesimulator/Nosfy.build/Metal/ObjectiveJewel.air -index-store-path /tmp/nosfy-profil-commit-dd/Index.noindex/DataStore -MMD -MT dependencies -MF /tmp/nosfy-profil-commit-dd/Build/Intermediates.noindex/Nosfy.build/Debug-iphonesimulator/Nosfy.build/Metal/ObjectiveJewel.dat /tmp/nosfy-profil-commit-20260919/Nosfy/ObjectiveJewel.metal

SwiftDriverJobDiscovery normal arm64 Compiling WorkoutLiveActivity.swift (in target 'NosfyWidgets' from project 'Nosfy')

SwiftDriver\ Compilation NosfyWidgets normal arm64 com.apple.xcode.tools.swift.compiler (in target 'NosfyWidgets' from project 'Nosfy')
    cd /tmp/nosfy-profil-commit-20260919
    builtin-Swift-Compilation -- /Applications/Xcode.app/Contents/Developer/Toolchains/XcodeDefault.xctoolchain/usr/bin/swiftc -module-name NosfyWidgets -Onone @/tmp/nosfy-profil-commit-dd/Build/Intermediates.noindex/Nosfy.build/Debug-iphonesimulator/NosfyWidgets.build/Objects-normal/arm64/NosfyWidgets.SwiftFileList -DDEBUG -enable-bare-slash-regex -enable-experimental-feature DebugDescriptionMacro -sdk /Applications/Xcode.app/Contents/Developer/Platforms/iPhoneSimulator.platform/Developer/SDKs/iPhoneSimulator26.5.sdk -target arm64-apple-ios26.0-simulator -g -module-cache-path /tmp/nosfy-profil-commit-dd/ModuleCache.noindex -Xfrontend -serialize-debugging-options -application-extension -enable-testing -index-store-path /tmp/nosfy-profil-commit-dd/Index.noindex/DataStore -Xcc -D_LIBCPP_HARDENING_MODE\=_LIBCPP_HARDENING_MODE_DEBUG -swift-version 5 -I /tmp/nosfy-profil-commit-dd/Build/Products/Debug-iphonesimulator -F /tmp/nosfy-profil-commit-dd/Build/Products/Debug-iphonesimulator -emit-localized-strings -emit-localized-strings-path /tmp/nosfy-profil-commit-dd/Build/Intermediates.noindex/Nosfy.build/Debug-iphonesimulator/NosfyWidgets.build/Objects-normal/arm64 -c -j10 -enable-batch-mode -incremental -Xcc -ivfsstatcache -Xcc /tmp/nosfy-profil-commit-dd/SDKStatCaches.noindex/iphonesimulator26.5-23F73-688ef53f1462e2c8f657fdc38a81448f6cfe768891a92b912361537c460fe42b.sdkstatcache -output-file-map /tmp/nosfy-profil-commit-dd/Build/Intermediates.noindex/Nosfy.build/Debug-iphonesimulator/NosfyWidgets.build/Objects-normal/arm64/NosfyWidgets-OutputFileMap.json -use-frontend-parseable-output -save-temps -no-color-diagnostics -explicit-module-build -module-cache-path /tmp/nosfy-profil-commit-dd/Build/Intermediates.noindex/SwiftExplicitPrecompiledModules -clang-scanner-module-cache-path /tmp/nosfy-profil-commit-dd/ModuleCache.noindex -sdk-module-cache-path /tmp/nosfy-profil-commit-dd/ModuleCache.noindex -serialize-diagnostics -emit-dependencies -emit-module -emit-module-path /tmp/nosfy-profil-commit-dd/Build/Intermediates.noindex/Nosfy.build/Debug-iphonesimulator/NosfyWidgets.build/Objects-normal/arm64/NosfyWidgets.swiftmodule -validate-clang-modules-once -clang-build-session-file /tmp/nosfy-profil-commit-dd/ModuleCache.noindex/Session.modulevalidation -Xcc -I/tmp/nosfy-profil-commit-dd/Build/Intermediates.noindex/Nosfy.build/Debug-iphonesimulator/NosfyWidgets.build/swift-overrides.hmap -emit-const-values -Xfrontend -const-gather-protocols-file -Xfrontend /tmp/nosfy-profil-commit-dd/Build/Intermediates.noindex/Nosfy.build/Debug-iphonesimulator/NosfyWidgets.build/Objects-normal/arm64/NosfyWidgets_const_extract_protocols.json -Xcc -iquote -Xcc /tmp/nosfy-profil-commit-dd/Build/Intermediates.noindex/Nosfy.build/Debug-iphonesimulator/NosfyWidgets.build/NosfyWidgets-generated-files.hmap -Xcc -I/tmp/nosfy-profil-commit-dd/Build/Intermediates.noindex/Nosfy.build/Debug-iphonesimulator/NosfyWidgets.build/NosfyWidgets-own-target-headers.hmap -Xcc -I/tmp/nosfy-profil-commit-dd/Build/Intermediates.noindex/Nosfy.build/Debug-iphonesimulator/NosfyWidgets.build/NosfyWidgets-all-target-headers.hmap -Xcc -iquote -Xcc /tmp/nosfy-profil-commit-dd/Build/Intermediates.noindex/Nosfy.build/Debug-iphonesimulator/NosfyWidgets.build/NosfyWidgets-project-headers.hmap -Xcc -I/tmp/nosfy-profil-commit-dd/Build/Products/Debug-iphonesimulator/include -Xcc -I/tmp/nosfy-profil-commit-dd/Build/Intermediates.noindex/Nosfy.build/Debug-iphonesimulator/NosfyWidgets.build/DerivedSources-normal/arm64 -Xcc -I/tmp/nosfy-profil-commit-dd/Build/Intermediates.noindex/Nosfy.build/Debug-iphonesimulator/NosfyWidgets.build/DerivedSources/arm64 -Xcc -I/tmp/nosfy-profil-commit-dd/Build/Intermediates.noindex/Nosfy.build/Debug-iphonesimulator/NosfyWidgets.build/DerivedSources -Xcc -DDEBUG\=1 -emit-objc-header -emit-objc-header-path /tmp/nosfy-profil-commit-dd/Build/Intermediates.noindex/Nosfy.build/Debug-iphonesimulator/NosfyWidgets.build/Objects-normal/arm64/NosfyWidgets-Swift.h -working-directory /tmp/nosfy-profil-commit-20260919 -experimental-emit-module-separately -disable-cmo

CompileMetalFile /tmp/nosfy-profil-commit-20260919/Nosfy/NeonPrimary.metal (in target 'Nosfy' from project 'Nosfy')
    cd /tmp/nosfy-profil-commit-20260919
    /var/run/com.apple.security.cryptexd/mnt/com.apple.MobileAsset.MetalToolchain-v17.6.42.0.BA5Ggr/Metal.xctoolchain/usr/bin/metal -c -target air64-apple-ios26.0-simulator -gline-tables-only -frecord-sources -I/tmp/nosfy-profil-commit-dd/Build/Products/Debug-iphonesimulator/include -F/tmp/nosfy-profil-commit-dd/Build/Products/Debug-iphonesimulator -isysroot /Applications/Xcode.app/Contents/Developer/Platforms/iPhoneSimulator.platform/Developer/SDKs/iPhoneSimulator26.5.sdk -fmetal-math-mode\=fast -fmetal-math-fp32-functions\=fast -serialize-diagnostics /tmp/nosfy-profil-commit-dd/Build/Intermediates.noindex/Nosfy.build/Debug-iphonesimulator/Nosfy.build/Metal/NeonPrimary.dia -o /tmp/nosfy-profil-commit-dd/Build/Intermediates.noindex/Nosfy.build/Debug-iphonesimulator/Nosfy.build/Metal/NeonPrimary.air -index-store-path /tmp/nosfy-profil-commit-dd/Index.noindex/DataStore -MMD -MT dependencies -MF /tmp/nosfy-profil-commit-dd/Build/Intermediates.noindex/Nosfy.build/Debug-iphonesimulator/Nosfy.build/Metal/NeonPrimary.dat /tmp/nosfy-profil-commit-20260919/Nosfy/NeonPrimary.metal

CompileMetalFile /tmp/nosfy-profil-commit-20260919/Nosfy/NebulaShaders.metal (in target 'Nosfy' from project 'Nosfy')
    cd /tmp/nosfy-profil-commit-20260919
    /var/run/com.apple.security.cryptexd/mnt/com.apple.MobileAsset.MetalToolchain-v17.6.42.0.BA5Ggr/Metal.xctoolchain/usr/bin/metal -c -target air64-apple-ios26.0-simulator -gline-tables-only -frecord-sources -I/tmp/nosfy-profil-commit-dd/Build/Products/Debug-iphonesimulator/include -F/tmp/nosfy-profil-commit-dd/Build/Products/Debug-iphonesimulator -isysroot /Applications/Xcode.app/Contents/Developer/Platforms/iPhoneSimulator.platform/Developer/SDKs/iPhoneSimulator26.5.sdk -fmetal-math-mode\=fast -fmetal-math-fp32-functions\=fast -serialize-diagnostics /tmp/nosfy-profil-commit-dd/Build/Intermediates.noindex/Nosfy.build/Debug-iphonesimulator/Nosfy.build/Metal/NebulaShaders.dia -o /tmp/nosfy-profil-commit-dd/Build/Intermediates.noindex/Nosfy.build/Debug-iphonesimulator/Nosfy.build/Metal/NebulaShaders.air -index-store-path /tmp/nosfy-profil-commit-dd/Index.noindex/DataStore -MMD -MT dependencies -MF /tmp/nosfy-profil-commit-dd/Build/Intermediates.noindex/Nosfy.build/Debug-iphonesimulator/Nosfy.build/Metal/NebulaShaders.dat /tmp/nosfy-profil-commit-20260919/Nosfy/NebulaShaders.metal

CompileMetalFile /tmp/nosfy-profil-commit-20260919/Nosfy/NavMonolith.metal (in target 'Nosfy' from project 'Nosfy')
    cd /tmp/nosfy-profil-commit-20260919
    /var/run/com.apple.security.cryptexd/mnt/com.apple.MobileAsset.MetalToolchain-v17.6.42.0.BA5Ggr/Metal.xctoolchain/usr/bin/metal -c -target air64-apple-ios26.0-simulator -gline-tables-only -frecord-sources -I/tmp/nosfy-profil-commit-dd/Build/Products/Debug-iphonesimulator/include -F/tmp/nosfy-profil-commit-dd/Build/Products/Debug-iphonesimulator -isysroot /Applications/Xcode.app/Contents/Developer/Platforms/iPhoneSimulator.platform/Developer/SDKs/iPhoneSimulator26.5.sdk -fmetal-math-mode\=fast -fmetal-math-fp32-functions\=fast -serialize-diagnostics /tmp/nosfy-profil-commit-dd/Build/Intermediates.noindex/Nosfy.build/Debug-iphonesimulator/Nosfy.build/Metal/NavMonolith.dia -o /tmp/nosfy-profil-commit-dd/Build/Intermediates.noindex/Nosfy.build/Debug-iphonesimulator/Nosfy.build/Metal/NavMonolith.air -index-store-path /tmp/nosfy-profil-commit-dd/Index.noindex/DataStore -MMD -MT dependencies -MF /tmp/nosfy-profil-commit-dd/Build/Intermediates.noindex/Nosfy.build/Debug-iphonesimulator/Nosfy.build/Metal/NavMonolith.dat /tmp/nosfy-profil-commit-20260919/Nosfy/NavMonolith.metal

CompileMetalFile /tmp/nosfy-profil-commit-20260919/Nosfy/MoonCoin.metal (in target 'Nosfy' from project 'Nosfy')
    cd /tmp/nosfy-profil-commit-20260919
    /var/run/com.apple.security.cryptexd/mnt/com.apple.MobileAsset.MetalToolchain-v17.6.42.0.BA5Ggr/Metal.xctoolchain/usr/bin/metal -c -target air64-apple-ios26.0-simulator -gline-tables-only -frecord-sources -I/tmp/nosfy-profil-commit-dd/Build/Products/Debug-iphonesimulator/include -F/tmp/nosfy-profil-commit-dd/Build/Products/Debug-iphonesimulator -isysroot /Applications/Xcode.app/Contents/Developer/Platforms/iPhoneSimulator.platform/Developer/SDKs/iPhoneSimulator26.5.sdk -fmetal-math-mode\=fast -fmetal-math-fp32-functions\=fast -serialize-diagnostics /tmp/nosfy-profil-commit-dd/Build/Intermediates.noindex/Nosfy.build/Debug-iphonesimulator/Nosfy.build/Metal/MoonCoin.dia -o /tmp/nosfy-profil-commit-dd/Build/Intermediates.noindex/Nosfy.build/Debug-iphonesimulator/Nosfy.build/Metal/MoonCoin.air -index-store-path /tmp/nosfy-profil-commit-dd/Index.noindex/DataStore -MMD -MT dependencies -MF /tmp/nosfy-profil-commit-dd/Build/Intermediates.noindex/Nosfy.build/Debug-iphonesimulator/Nosfy.build/Metal/MoonCoin.dat /tmp/nosfy-profil-commit-20260919/Nosfy/MoonCoin.metal

CompileMetalFile /tmp/nosfy-profil-commit-20260919/Nosfy/LogoMonolith.metal (in target 'Nosfy' from project 'Nosfy')
    cd /tmp/nosfy-profil-commit-20260919
    /var/run/com.apple.security.cryptexd/mnt/com.apple.MobileAsset.MetalToolchain-v17.6.42.0.BA5Ggr/Metal.xctoolchain/usr/bin/metal -c -target air64-apple-ios26.0-simulator -gline-tables-only -frecord-sources -I/tmp/nosfy-profil-commit-dd/Build/Products/Debug-iphonesimulator/include -F/tmp/nosfy-profil-commit-dd/Build/Products/Debug-iphonesimulator -isysroot /Applications/Xcode.app/Contents/Developer/Platforms/iPhoneSimulator.platform/Developer/SDKs/iPhoneSimulator26.5.sdk -fmetal-math-mode\=fast -fmetal-math-fp32-functions\=fast -serialize-diagnostics /tmp/nosfy-profil-commit-dd/Build/Intermediates.noindex/Nosfy.build/Debug-iphonesimulator/Nosfy.build/Metal/LogoMonolith.dia -o /tmp/nosfy-profil-commit-dd/Build/Intermediates.noindex/Nosfy.build/Debug-iphonesimulator/Nosfy.build/Metal/LogoMonolith.air -index-store-path /tmp/nosfy-profil-commit-dd/Index.noindex/DataStore -MMD -MT dependencies -MF /tmp/nosfy-profil-commit-dd/Build/Intermediates.noindex/Nosfy.build/Debug-iphonesimulator/Nosfy.build/Metal/LogoMonolith.dat /tmp/nosfy-profil-commit-20260919/Nosfy/LogoMonolith.metal

CompileMetalFile /tmp/nosfy-profil-commit-20260919/Nosfy/LoginAurora.metal (in target 'Nosfy' from project 'Nosfy')
    cd /tmp/nosfy-profil-commit-20260919
    /var/run/com.apple.security.cryptexd/mnt/com.apple.MobileAsset.MetalToolchain-v17.6.42.0.BA5Ggr/Metal.xctoolchain/usr/bin/metal -c -target air64-apple-ios26.0-simulator -gline-tables-only -frecord-sources -I/tmp/nosfy-profil-commit-dd/Build/Products/Debug-iphonesimulator/include -F/tmp/nosfy-profil-commit-dd/Build/Products/Debug-iphonesimulator -isysroot /Applications/Xcode.app/Contents/Developer/Platforms/iPhoneSimulator.platform/Developer/SDKs/iPhoneSimulator26.5.sdk -fmetal-math-mode\=fast -fmetal-math-fp32-functions\=fast -serialize-diagnostics /tmp/nosfy-profil-commit-dd/Build/Intermediates.noindex/Nosfy.build/Debug-iphonesimulator/Nosfy.build/Metal/LoginAurora.dia -o /tmp/nosfy-profil-commit-dd/Build/Intermediates.noindex/Nosfy.build/Debug-iphonesimulator/Nosfy.build/Metal/LoginAurora.air -index-store-path /tmp/nosfy-profil-commit-dd/Index.noindex/DataStore -MMD -MT dependencies -MF /tmp/nosfy-profil-commit-dd/Build/Intermediates.noindex/Nosfy.build/Debug-iphonesimulator/Nosfy.build/Metal/LoginAurora.dat /tmp/nosfy-profil-commit-20260919/Nosfy/LoginAurora.metal

CompileMetalFile /tmp/nosfy-profil-commit-20260919/Nosfy/LiquidLens.metal (in target 'Nosfy' from project 'Nosfy')
    cd /tmp/nosfy-profil-commit-20260919
    /var/run/com.apple.security.cryptexd/mnt/com.apple.MobileAsset.MetalToolchain-v17.6.42.0.BA5Ggr/Metal.xctoolchain/usr/bin/metal -c -target air64-apple-ios26.0-simulator -gline-tables-only -frecord-sources -I/tmp/nosfy-profil-commit-dd/Build/Products/Debug-iphonesimulator/include -F/tmp/nosfy-profil-commit-dd/Build/Products/Debug-iphonesimulator -isysroot /Applications/Xcode.app/Contents/Developer/Platforms/iPhoneSimulator.platform/Developer/SDKs/iPhoneSimulator26.5.sdk -fmetal-math-mode\=fast -fmetal-math-fp32-functions\=fast -serialize-diagnostics /tmp/nosfy-profil-commit-dd/Build/Intermediates.noindex/Nosfy.build/Debug-iphonesimulator/Nosfy.build/Metal/LiquidLens.dia -o /tmp/nosfy-profil-commit-dd/Build/Intermediates.noindex/Nosfy.build/Debug-iphonesimulator/Nosfy.build/Metal/LiquidLens.air -index-store-path /tmp/nosfy-profil-commit-dd/Index.noindex/DataStore -MMD -MT dependencies -MF /tmp/nosfy-profil-commit-dd/Build/Intermediates.noindex/Nosfy.build/Debug-iphonesimulator/Nosfy.build/Metal/LiquidLens.dat /tmp/nosfy-profil-commit-20260919/Nosfy/LiquidLens.metal

CompileMetalFile /tmp/nosfy-profil-commit-20260919/Nosfy/JaugeLacque.metal (in target 'Nosfy' from project 'Nosfy')
    cd /tmp/nosfy-profil-commit-20260919
    /var/run/com.apple.security.cryptexd/mnt/com.apple.MobileAsset.MetalToolchain-v17.6.42.0.BA5Ggr/Metal.xctoolchain/usr/bin/metal -c -target air64-apple-ios26.0-simulator -gline-tables-only -frecord-sources -I/tmp/nosfy-profil-commit-dd/Build/Products/Debug-iphonesimulator/include -F/tmp/nosfy-profil-commit-dd/Build/Products/Debug-iphonesimulator -isysroot /Applications/Xcode.app/Contents/Developer/Platforms/iPhoneSimulator.platform/Developer/SDKs/iPhoneSimulator26.5.sdk -fmetal-math-mode\=fast -fmetal-math-fp32-functions\=fast -serialize-diagnostics /tmp/nosfy-profil-commit-dd/Build/Intermediates.noindex/Nosfy.build/Debug-iphonesimulator/Nosfy.build/Metal/JaugeLacque.dia -o /tmp/nosfy-profil-commit-dd/Build/Intermediates.noindex/Nosfy.build/Debug-iphonesimulator/Nosfy.build/Metal/JaugeLacque.air -index-store-path /tmp/nosfy-profil-commit-dd/Index.noindex/DataStore -MMD -MT dependencies -MF /tmp/nosfy-profil-commit-dd/Build/Intermediates.noindex/Nosfy.build/Debug-iphonesimulator/Nosfy.build/Metal/JaugeLacque.dat /tmp/nosfy-profil-commit-20260919/Nosfy/JaugeLacque.metal

CompileMetalFile /tmp/nosfy-profil-commit-20260919/Nosfy/HomeNuit.metal (in target 'Nosfy' from project 'Nosfy')
    cd /tmp/nosfy-profil-commit-20260919
    /var/run/com.apple.security.cryptexd/mnt/com.apple.MobileAsset.MetalToolchain-v17.6.42.0.BA5Ggr/Metal.xctoolchain/usr/bin/metal -c -target air64-apple-ios26.0-simulator -gline-tables-only -frecord-sources -I/tmp/nosfy-profil-commit-dd/Build/Products/Debug-iphonesimulator/include -F/tmp/nosfy-profil-commit-dd/Build/Products/Debug-iphonesimulator -isysroot /Applications/Xcode.app/Contents/Developer/Platforms/iPhoneSimulator.platform/Developer/SDKs/iPhoneSimulator26.5.sdk -fmetal-math-mode\=fast -fmetal-math-fp32-functions\=fast -serialize-diagnostics /tmp/nosfy-profil-commit-dd/Build/Intermediates.noindex/Nosfy.build/Debug-iphonesimulator/Nosfy.build/Metal/HomeNuit-5f03b2e8c4f35cafcd553b137d6d59ba.dia -o /tmp/nosfy-profil-commit-dd/Build/Intermediates.noindex/Nosfy.build/Debug-iphonesimulator/Nosfy.build/Metal/HomeNuit-5f03b2e8c4f35cafcd553b137d6d59ba.air -index-store-path /tmp/nosfy-profil-commit-dd/Index.noindex/DataStore -MMD -MT dependencies -MF /tmp/nosfy-profil-commit-dd/Build/Intermediates.noindex/Nosfy.build/Debug-iphonesimulator/Nosfy.build/Metal/HomeNuit-5f03b2e8c4f35cafcd553b137d6d59ba.dat /tmp/nosfy-profil-commit-20260919/Nosfy/HomeNuit.metal
/tmp/nosfy-profil-commit-20260919/Nosfy/HomeNuit.metal:41:17: warning: unused variable 'NR_BRAISE' [-Wunused-const-variable]
constant float3 NR_BRAISE = float3(1.00, 0.62, 0.24);
                ^
1 warning generated.

Ld /tmp/nosfy-profil-commit-dd/Build/Intermediates.noindex/Nosfy.build/Debug-iphonesimulator/NosfyWidgets.build/Objects-normal/arm64/Binary/NosfyWidgets.debug.dylib normal arm64 (in target 'NosfyWidgets' from project 'Nosfy')
    cd /tmp/nosfy-profil-commit-20260919
    /Applications/Xcode.app/Contents/Developer/Toolchains/XcodeDefault.xctoolchain/usr/bin/clang -Xlinker -reproducible -target arm64-apple-ios26.0-simulator -dynamiclib -isysroot /Applications/Xcode.app/Contents/Developer/Platforms/iPhoneSimulator.platform/Developer/SDKs/iPhoneSimulator26.5.sdk -O0 -L/tmp/nosfy-profil-commit-dd/Build/Intermediates.noindex/EagerLinkingTBDs/Debug-iphonesimulator -L/tmp/nosfy-profil-commit-dd/Build/Products/Debug-iphonesimulator -F/tmp/nosfy-profil-commit-dd/Build/Intermediates.noindex/EagerLinkingTBDs/Debug-iphonesimulator -F/tmp/nosfy-profil-commit-dd/Build/Products/Debug-iphonesimulator -filelist /tmp/nosfy-profil-commit-dd/Build/Intermediates.noindex/Nosfy.build/Debug-iphonesimulator/NosfyWidgets.build/Objects-normal/arm64/NosfyWidgets.LinkFileList -install_name @rpath/NosfyWidgets.debug.dylib -Xlinker -rpath -Xlinker @executable_path/Frameworks -Xlinker -rpath -Xlinker @executable_path/../../Frameworks -Xlinker -dead_strip -Xlinker -object_path_lto -Xlinker /tmp/nosfy-profil-commit-dd/Build/Intermediates.noindex/Nosfy.build/Debug-iphonesimulator/NosfyWidgets.build/Objects-normal/arm64/NosfyWidgets_lto.o -rdynamic -Xlinker -no_deduplicate -Xlinker -objc_abi_version -Xlinker 2 -Xlinker -dependency_info -Xlinker /tmp/nosfy-profil-commit-dd/Build/Intermediates.noindex/Nosfy.build/Debug-iphonesimulator/NosfyWidgets.build/Objects-normal/arm64/NosfyWidgets_dependency_info.dat -fapplication-extension -fobjc-link-runtime -L/Applications/Xcode.app/Contents/Developer/Toolchains/XcodeDefault.xctoolchain/usr/lib/swift/iphonesimulator -L/usr/lib/swift -Xlinker -add_ast_path -Xlinker /tmp/nosfy-profil-commit-dd/Build/Intermediates.noindex/Nosfy.build/Debug-iphonesimulator/NosfyWidgets.build/Objects-normal/arm64/NosfyWidgets.swiftmodule @/tmp/nosfy-profil-commit-dd/Build/Intermediates.noindex/Nosfy.build/Debug-iphonesimulator/NosfyWidgets.build/Objects-normal/arm64/NosfyWidgets-linker-args.resp -Xlinker -alias -Xlinker _NSExtensionMain -Xlinker ___debug_main_executable_dylib_entry_point -o /tmp/nosfy-profil-commit-dd/Build/Intermediates.noindex/Nosfy.build/Debug-iphonesimulator/NosfyWidgets.build/Objects-normal/arm64/Binary/NosfyWidgets.debug.dylib

CompileMetalFile /tmp/nosfy-profil-commit-20260919/Nosfy/HaloDawn.metal (in target 'Nosfy' from project 'Nosfy')
    cd /tmp/nosfy-profil-commit-20260919
    /var/run/com.apple.security.cryptexd/mnt/com.apple.MobileAsset.MetalToolchain-v17.6.42.0.BA5Ggr/Metal.xctoolchain/usr/bin/metal -c -target air64-apple-ios26.0-simulator -gline-tables-only -frecord-sources -I/tmp/nosfy-profil-commit-dd/Build/Products/Debug-iphonesimulator/include -F/tmp/nosfy-profil-commit-dd/Build/Products/Debug-iphonesimulator -isysroot /Applications/Xcode.app/Contents/Developer/Platforms/iPhoneSimulator.platform/Developer/SDKs/iPhoneSimulator26.5.sdk -fmetal-math-mode\=fast -fmetal-math-fp32-functions\=fast -serialize-diagnostics /tmp/nosfy-profil-commit-dd/Build/Intermediates.noindex/Nosfy.build/Debug-iphonesimulator/Nosfy.build/Metal/HaloDawn.dia -o /tmp/nosfy-profil-commit-dd/Build/Intermediates.noindex/Nosfy.build/Debug-iphonesimulator/Nosfy.build/Metal/HaloDawn.air -index-store-path /tmp/nosfy-profil-commit-dd/Index.noindex/DataStore -MMD -MT dependencies -MF /tmp/nosfy-profil-commit-dd/Build/Intermediates.noindex/Nosfy.build/Debug-iphonesimulator/Nosfy.build/Metal/HaloDawn.dat /tmp/nosfy-profil-commit-20260919/Nosfy/HaloDawn.metal

CompileMetalFile /tmp/nosfy-profil-commit-20260919/Nosfy/GaletStage.metal (in target 'Nosfy' from project 'Nosfy')
    cd /tmp/nosfy-profil-commit-20260919
    /var/run/com.apple.security.cryptexd/mnt/com.apple.MobileAsset.MetalToolchain-v17.6.42.0.BA5Ggr/Metal.xctoolchain/usr/bin/metal -c -target air64-apple-ios26.0-simulator -gline-tables-only -frecord-sources -I/tmp/nosfy-profil-commit-dd/Build/Products/Debug-iphonesimulator/include -F/tmp/nosfy-profil-commit-dd/Build/Products/Debug-iphonesimulator -isysroot /Applications/Xcode.app/Contents/Developer/Platforms/iPhoneSimulator.platform/Developer/SDKs/iPhoneSimulator26.5.sdk -fmetal-math-mode\=fast -fmetal-math-fp32-functions\=fast -serialize-diagnostics /tmp/nosfy-profil-commit-dd/Build/Intermediates.noindex/Nosfy.build/Debug-iphonesimulator/Nosfy.build/Metal/GaletStage.dia -o /tmp/nosfy-profil-commit-dd/Build/Intermediates.noindex/Nosfy.build/Debug-iphonesimulator/Nosfy.build/Metal/GaletStage.air -index-store-path /tmp/nosfy-profil-commit-dd/Index.noindex/DataStore -MMD -MT dependencies -MF /tmp/nosfy-profil-commit-dd/Build/Intermediates.noindex/Nosfy.build/Debug-iphonesimulator/Nosfy.build/Metal/GaletStage.dat /tmp/nosfy-profil-commit-20260919/Nosfy/GaletStage.metal

CompileMetalFile /tmp/nosfy-profil-commit-20260919/Nosfy/GaletMedaillon.metal (in target 'Nosfy' from project 'Nosfy')
    cd /tmp/nosfy-profil-commit-20260919
    /var/run/com.apple.security.cryptexd/mnt/com.apple.MobileAsset.MetalToolchain-v17.6.42.0.BA5Ggr/Metal.xctoolchain/usr/bin/metal -c -target air64-apple-ios26.0-simulator -gline-tables-only -frecord-sources -I/tmp/nosfy-profil-commit-dd/Build/Products/Debug-iphonesimulator/include -F/tmp/nosfy-profil-commit-dd/Build/Products/Debug-iphonesimulator -isysroot /Applications/Xcode.app/Contents/Developer/Platforms/iPhoneSimulator.platform/Developer/SDKs/iPhoneSimulator26.5.sdk -fmetal-math-mode\=fast -fmetal-math-fp32-functions\=fast -serialize-diagnostics /tmp/nosfy-profil-commit-dd/Build/Intermediates.noindex/Nosfy.build/Debug-iphonesimulator/Nosfy.build/Metal/GaletMedaillon.dia -o /tmp/nosfy-profil-commit-dd/Build/Intermediates.noindex/Nosfy.build/Debug-iphonesimulator/Nosfy.build/Metal/GaletMedaillon.air -index-store-path /tmp/nosfy-profil-commit-dd/Index.noindex/DataStore -MMD -MT dependencies -MF /tmp/nosfy-profil-commit-dd/Build/Intermediates.noindex/Nosfy.build/Debug-iphonesimulator/Nosfy.build/Metal/GaletMedaillon.dat /tmp/nosfy-profil-commit-20260919/Nosfy/GaletMedaillon.metal

CompileMetalFile /tmp/nosfy-profil-commit-20260919/Nosfy/GaletLisere.metal (in target 'Nosfy' from project 'Nosfy')
    cd /tmp/nosfy-profil-commit-20260919
    /var/run/com.apple.security.cryptexd/mnt/com.apple.MobileAsset.MetalToolchain-v17.6.42.0.BA5Ggr/Metal.xctoolchain/usr/bin/metal -c -target air64-apple-ios26.0-simulator -gline-tables-only -frecord-sources -I/tmp/nosfy-profil-commit-dd/Build/Products/Debug-iphonesimulator/include -F/tmp/nosfy-profil-commit-dd/Build/Products/Debug-iphonesimulator -isysroot /Applications/Xcode.app/Contents/Developer/Platforms/iPhoneSimulator.platform/Developer/SDKs/iPhoneSimulator26.5.sdk -fmetal-math-mode\=fast -fmetal-math-fp32-functions\=fast -serialize-diagnostics /tmp/nosfy-profil-commit-dd/Build/Intermediates.noindex/Nosfy.build/Debug-iphonesimulator/Nosfy.build/Metal/GaletLisere.dia -o /tmp/nosfy-profil-commit-dd/Build/Intermediates.noindex/Nosfy.build/Debug-iphonesimulator/Nosfy.build/Metal/GaletLisere.air -index-store-path /tmp/nosfy-profil-commit-dd/Index.noindex/DataStore -MMD -MT dependencies -MF /tmp/nosfy-profil-commit-dd/Build/Intermediates.noindex/Nosfy.build/Debug-iphonesimulator/Nosfy.build/Metal/GaletLisere.dat /tmp/nosfy-profil-commit-20260919/Nosfy/GaletLisere.metal

CompileMetalFile /tmp/nosfy-profil-commit-20260919/Nosfy/FumeeX2.metal (in target 'Nosfy' from project 'Nosfy')
    cd /tmp/nosfy-profil-commit-20260919
    /var/run/com.apple.security.cryptexd/mnt/com.apple.MobileAsset.MetalToolchain-v17.6.42.0.BA5Ggr/Metal.xctoolchain/usr/bin/metal -c -target air64-apple-ios26.0-simulator -gline-tables-only -frecord-sources -I/tmp/nosfy-profil-commit-dd/Build/Products/Debug-iphonesimulator/include -F/tmp/nosfy-profil-commit-dd/Build/Products/Debug-iphonesimulator -isysroot /Applications/Xcode.app/Contents/Developer/Platforms/iPhoneSimulator.platform/Developer/SDKs/iPhoneSimulator26.5.sdk -fmetal-math-mode\=fast -fmetal-math-fp32-functions\=fast -serialize-diagnostics /tmp/nosfy-profil-commit-dd/Build/Intermediates.noindex/Nosfy.build/Debug-iphonesimulator/Nosfy.build/Metal/FumeeX2.dia -o /tmp/nosfy-profil-commit-dd/Build/Intermediates.noindex/Nosfy.build/Debug-iphonesimulator/Nosfy.build/Metal/FumeeX2.air -index-store-path /tmp/nosfy-profil-commit-dd/Index.noindex/DataStore -MMD -MT dependencies -MF /tmp/nosfy-profil-commit-dd/Build/Intermediates.noindex/Nosfy.build/Debug-iphonesimulator/Nosfy.build/Metal/FumeeX2.dat /tmp/nosfy-profil-commit-20260919/Nosfy/FumeeX2.metal

CompileMetalFile /tmp/nosfy-profil-commit-20260919/Nosfy/FondVideoMetal.metal (in target 'Nosfy' from project 'Nosfy')
    cd /tmp/nosfy-profil-commit-20260919
    /var/run/com.apple.security.cryptexd/mnt/com.apple.MobileAsset.MetalToolchain-v17.6.42.0.BA5Ggr/Metal.xctoolchain/usr/bin/metal -c -target air64-apple-ios26.0-simulator -gline-tables-only -frecord-sources -I/tmp/nosfy-profil-commit-dd/Build/Products/Debug-iphonesimulator/include -F/tmp/nosfy-profil-commit-dd/Build/Products/Debug-iphonesimulator -isysroot /Applications/Xcode.app/Contents/Developer/Platforms/iPhoneSimulator.platform/Developer/SDKs/iPhoneSimulator26.5.sdk -fmetal-math-mode\=fast -fmetal-math-fp32-functions\=fast -serialize-diagnostics /tmp/nosfy-profil-commit-dd/Build/Intermediates.noindex/Nosfy.build/Debug-iphonesimulator/Nosfy.build/Metal/FondVideoMetal-305f31fd2a0396c4af901b44ddefbb9f.dia -o /tmp/nosfy-profil-commit-dd/Build/Intermediates.noindex/Nosfy.build/Debug-iphonesimulator/Nosfy.build/Metal/FondVideoMetal-305f31fd2a0396c4af901b44ddefbb9f.air -index-store-path /tmp/nosfy-profil-commit-dd/Index.noindex/DataStore -MMD -MT dependencies -MF /tmp/nosfy-profil-commit-dd/Build/Intermediates.noindex/Nosfy.build/Debug-iphonesimulator/Nosfy.build/Metal/FondVideoMetal-305f31fd2a0396c4af901b44ddefbb9f.dat /tmp/nosfy-profil-commit-20260919/Nosfy/FondVideoMetal.metal

ConstructStubExecutorLinkFileList /tmp/nosfy-profil-commit-dd/Build/Intermediates.noindex/Nosfy.build/Debug-iphonesimulator/NosfyWidgets.build/NosfyWidgets-ExecutorLinkFileList-normal-x86_64.txt (in target 'NosfyWidgets' from project 'Nosfy')
    cd /tmp/nosfy-profil-commit-20260919
    construct-stub-executor-link-file-list /tmp/nosfy-profil-commit-dd/Build/Intermediates.noindex/Nosfy.build/Debug-iphonesimulator/NosfyWidgets.build/Objects-normal/x86_64/Binary/NosfyWidgets.debug.dylib /Applications/Xcode.app/Contents/Developer/Platforms/iPhoneSimulator.platform/Developer/usr/lib/libPreviewsJITStubExecutor_no_swift_entry_point.a /Applications/Xcode.app/Contents/Developer/Platforms/iPhoneSimulator.platform/Developer/usr/lib/libPreviewsJITStubExecutor.a --output /tmp/nosfy-profil-commit-dd/Build/Intermediates.noindex/Nosfy.build/Debug-iphonesimulator/NosfyWidgets.build/NosfyWidgets-ExecutorLinkFileList-normal-x86_64.txt
note: Using stub executor library with Swift entry point. (in target 'NosfyWidgets' from project 'Nosfy')

CompileMetalFile /tmp/nosfy-profil-commit-20260919/Nosfy/FlameJewel.metal (in target 'Nosfy' from project 'Nosfy')
    cd /tmp/nosfy-profil-commit-20260919
    /var/run/com.apple.security.cryptexd/mnt/com.apple.MobileAsset.MetalToolchain-v17.6.42.0.BA5Ggr/Metal.xctoolchain/usr/bin/metal -c -target air64-apple-ios26.0-simulator -gline-tables-only -frecord-sources -I/tmp/nosfy-profil-commit-dd/Build/Products/Debug-iphonesimulator/include -F/tmp/nosfy-profil-commit-dd/Build/Products/Debug-iphonesimulator -isysroot /Applications/Xcode.app/Contents/Developer/Platforms/iPhoneSimulator.platform/Developer/SDKs/iPhoneSimulator26.5.sdk -fmetal-math-mode\=fast -fmetal-math-fp32-functions\=fast -serialize-diagnostics /tmp/nosfy-profil-commit-dd/Build/Intermediates.noindex/Nosfy.build/Debug-iphonesimulator/Nosfy.build/Metal/FlameJewel.dia -o /tmp/nosfy-profil-commit-dd/Build/Intermediates.noindex/Nosfy.build/Debug-iphonesimulator/Nosfy.build/Metal/FlameJewel.air -index-store-path /tmp/nosfy-profil-commit-dd/Index.noindex/DataStore -MMD -MT dependencies -MF /tmp/nosfy-profil-commit-dd/Build/Intermediates.noindex/Nosfy.build/Debug-iphonesimulator/Nosfy.build/Metal/FlameJewel.dat /tmp/nosfy-profil-commit-20260919/Nosfy/FlameJewel.metal

Ld /tmp/nosfy-profil-commit-dd/Build/Intermediates.noindex/Nosfy.build/Debug-iphonesimulator/NosfyWidgets.build/Objects-normal/x86_64/Binary/NosfyWidgets normal x86_64 (in target 'NosfyWidgets' from project 'Nosfy')
    cd /tmp/nosfy-profil-commit-20260919
    /Applications/Xcode.app/Contents/Developer/Toolchains/XcodeDefault.xctoolchain/usr/bin/clang -Xlinker -reproducible -target x86_64-apple-ios26.0-simulator -isysroot /Applications/Xcode.app/Contents/Developer/Platforms/iPhoneSimulator.platform/Developer/SDKs/iPhoneSimulator26.5.sdk -O0 -L/tmp/nosfy-profil-commit-dd/Build/Products/Debug-iphonesimulator -F/tmp/nosfy-profil-commit-dd/Build/Products/Debug-iphonesimulator -Xlinker -rpath -Xlinker @executable_path -Xlinker -rpath -Xlinker @executable_path/Frameworks -Xlinker -rpath -Xlinker @executable_path/../../Frameworks -rdynamic -Xlinker -no_deduplicate -Xlinker -objc_abi_version -Xlinker 2 -e ___debug_blank_executor_main -Xlinker -sectcreate -Xlinker __TEXT -Xlinker __debug_dylib -Xlinker /tmp/nosfy-profil-commit-dd/Build/Intermediates.noindex/Nosfy.build/Debug-iphonesimulator/NosfyWidgets.build/NosfyWidgets-DebugDylibPath-normal-x86_64.txt -Xlinker -sectcreate -Xlinker __TEXT -Xlinker __debug_entry -Xlinker /tmp/nosfy-profil-commit-dd/Build/Intermediates.noindex/Nosfy.build/Debug-iphonesimulator/NosfyWidgets.build/NosfyWidgets-DebugEntryPoint-normal-x86_64.txt -Xlinker -sectcreate -Xlinker __TEXT -Xlinker __debug_instlnm -Xlinker /tmp/nosfy-profil-commit-dd/Build/Intermediates.noindex/Nosfy.build/Debug-iphonesimulator/NosfyWidgets.build/NosfyWidgets-DebugDylibInstallName-normal-x86_64.txt -Xlinker -filelist -Xlinker /tmp/nosfy-profil-commit-dd/Build/Intermediates.noindex/Nosfy.build/Debug-iphonesimulator/NosfyWidgets.build/NosfyWidgets-ExecutorLinkFileList-normal-x86_64.txt /tmp/nosfy-profil-commit-dd/Build/Intermediates.noindex/Nosfy.build/Debug-iphonesimulator/NosfyWidgets.build/Objects-normal/x86_64/Binary/NosfyWidgets.debug.dylib -o /tmp/nosfy-profil-commit-dd/Build/Intermediates.noindex/Nosfy.build/Debug-iphonesimulator/NosfyWidgets.build/Objects-normal/x86_64/Binary/NosfyWidgets

CompileMetalFile /tmp/nosfy-profil-commit-20260919/Nosfy/Figures/InkGrain.metal (in target 'Nosfy' from project 'Nosfy')
    cd /tmp/nosfy-profil-commit-20260919
    /var/run/com.apple.security.cryptexd/mnt/com.apple.MobileAsset.MetalToolchain-v17.6.42.0.BA5Ggr/Metal.xctoolchain/usr/bin/metal -c -target air64-apple-ios26.0-simulator -gline-tables-only -frecord-sources -I/tmp/nosfy-profil-commit-dd/Build/Products/Debug-iphonesimulator/include -F/tmp/nosfy-profil-commit-dd/Build/Products/Debug-iphonesimulator -isysroot /Applications/Xcode.app/Contents/Developer/Platforms/iPhoneSimulator.platform/Developer/SDKs/iPhoneSimulator26.5.sdk -fmetal-math-mode\=fast -fmetal-math-fp32-functions\=fast -serialize-diagnostics /tmp/nosfy-profil-commit-dd/Build/Intermediates.noindex/Nosfy.build/Debug-iphonesimulator/Nosfy.build/Metal/InkGrain.dia -o /tmp/nosfy-profil-commit-dd/Build/Intermediates.noindex/Nosfy.build/Debug-iphonesimulator/Nosfy.build/Metal/InkGrain.air -index-store-path /tmp/nosfy-profil-commit-dd/Index.noindex/DataStore -MMD -MT dependencies -MF /tmp/nosfy-profil-commit-dd/Build/Intermediates.noindex/Nosfy.build/Debug-iphonesimulator/Nosfy.build/Metal/InkGrain.dat /tmp/nosfy-profil-commit-20260919/Nosfy/Figures/InkGrain.metal

CompileMetalFile /tmp/nosfy-profil-commit-20260919/Nosfy/Figures/GlassFX.metal (in target 'Nosfy' from project 'Nosfy')
    cd /tmp/nosfy-profil-commit-20260919
    /var/run/com.apple.security.cryptexd/mnt/com.apple.MobileAsset.MetalToolchain-v17.6.42.0.BA5Ggr/Metal.xctoolchain/usr/bin/metal -c -target air64-apple-ios26.0-simulator -gline-tables-only -frecord-sources -I/tmp/nosfy-profil-commit-dd/Build/Products/Debug-iphonesimulator/include -F/tmp/nosfy-profil-commit-dd/Build/Products/Debug-iphonesimulator -isysroot /Applications/Xcode.app/Contents/Developer/Platforms/iPhoneSimulator.platform/Developer/SDKs/iPhoneSimulator26.5.sdk -fmetal-math-mode\=fast -fmetal-math-fp32-functions\=fast -serialize-diagnostics /tmp/nosfy-profil-commit-dd/Build/Intermediates.noindex/Nosfy.build/Debug-iphonesimulator/Nosfy.build/Metal/GlassFX.dia -o /tmp/nosfy-profil-commit-dd/Build/Intermediates.noindex/Nosfy.build/Debug-iphonesimulator/Nosfy.build/Metal/GlassFX.air -index-store-path /tmp/nosfy-profil-commit-dd/Index.noindex/DataStore -MMD -MT dependencies -MF /tmp/nosfy-profil-commit-dd/Build/Intermediates.noindex/Nosfy.build/Debug-iphonesimulator/Nosfy.build/Metal/GlassFX.dat /tmp/nosfy-profil-commit-20260919/Nosfy/Figures/GlassFX.metal

CompileMetalFile /tmp/nosfy-profil-commit-20260919/Nosfy/ExosHalo.metal (in target 'Nosfy' from project 'Nosfy')
    cd /tmp/nosfy-profil-commit-20260919
    /var/run/com.apple.security.cryptexd/mnt/com.apple.MobileAsset.MetalToolchain-v17.6.42.0.BA5Ggr/Metal.xctoolchain/usr/bin/metal -c -target air64-apple-ios26.0-simulator -gline-tables-only -frecord-sources -I/tmp/nosfy-profil-commit-dd/Build/Products/Debug-iphonesimulator/include -F/tmp/nosfy-profil-commit-dd/Build/Products/Debug-iphonesimulator -isysroot /Applications/Xcode.app/Contents/Developer/Platforms/iPhoneSimulator.platform/Developer/SDKs/iPhoneSimulator26.5.sdk -fmetal-math-mode\=fast -fmetal-math-fp32-functions\=fast -serialize-diagnostics /tmp/nosfy-profil-commit-dd/Build/Intermediates.noindex/Nosfy.build/Debug-iphonesimulator/Nosfy.build/Metal/ExosHalo.dia -o /tmp/nosfy-profil-commit-dd/Build/Intermediates.noindex/Nosfy.build/Debug-iphonesimulator/Nosfy.build/Metal/ExosHalo.air -index-store-path /tmp/nosfy-profil-commit-dd/Index.noindex/DataStore -MMD -MT dependencies -MF /tmp/nosfy-profil-commit-dd/Build/Intermediates.noindex/Nosfy.build/Debug-iphonesimulator/Nosfy.build/Metal/ExosHalo.dat /tmp/nosfy-profil-commit-20260919/Nosfy/ExosHalo.metal

CompileMetalFile /tmp/nosfy-profil-commit-20260919/Nosfy/ExoHeaderGlow.metal (in target 'Nosfy' from project 'Nosfy')
    cd /tmp/nosfy-profil-commit-20260919
    /var/run/com.apple.security.cryptexd/mnt/com.apple.MobileAsset.MetalToolchain-v17.6.42.0.BA5Ggr/Metal.xctoolchain/usr/bin/metal -c -target air64-apple-ios26.0-simulator -gline-tables-only -frecord-sources -I/tmp/nosfy-profil-commit-dd/Build/Products/Debug-iphonesimulator/include -F/tmp/nosfy-profil-commit-dd/Build/Products/Debug-iphonesimulator -isysroot /Applications/Xcode.app/Contents/Developer/Platforms/iPhoneSimulator.platform/Developer/SDKs/iPhoneSimulator26.5.sdk -fmetal-math-mode\=fast -fmetal-math-fp32-functions\=fast -serialize-diagnostics /tmp/nosfy-profil-commit-dd/Build/Intermediates.noindex/Nosfy.build/Debug-iphonesimulator/Nosfy.build/Metal/ExoHeaderGlow.dia -o /tmp/nosfy-profil-commit-dd/Build/Intermediates.noindex/Nosfy.build/Debug-iphonesimulator/Nosfy.build/Metal/ExoHeaderGlow.air -index-store-path /tmp/nosfy-profil-commit-dd/Index.noindex/DataStore -MMD -MT dependencies -MF /tmp/nosfy-profil-commit-dd/Build/Intermediates.noindex/Nosfy.build/Debug-iphonesimulator/Nosfy.build/Metal/ExoHeaderGlow.dat /tmp/nosfy-profil-commit-20260919/Nosfy/ExoHeaderGlow.metal
/tmp/nosfy-profil-commit-20260919/Nosfy/ExoHeaderGlow.metal:57:17: warning: unused variable 'EHG_CREME' [-Wunused-const-variable]
constant float3 EHG_CREME  = float3(1.000, 0.938, 0.790);  // le cœur
                ^
1 warning generated.

CompileMetalFile /tmp/nosfy-profil-commit-20260919/Nosfy/EmberFlame.metal (in target 'Nosfy' from project 'Nosfy')
    cd /tmp/nosfy-profil-commit-20260919
    /var/run/com.apple.security.cryptexd/mnt/com.apple.MobileAsset.MetalToolchain-v17.6.42.0.BA5Ggr/Metal.xctoolchain/usr/bin/metal -c -target air64-apple-ios26.0-simulator -gline-tables-only -frecord-sources -I/tmp/nosfy-profil-commit-dd/Build/Products/Debug-iphonesimulator/include -F/tmp/nosfy-profil-commit-dd/Build/Products/Debug-iphonesimulator -isysroot /Applications/Xcode.app/Contents/Developer/Platforms/iPhoneSimulator.platform/Developer/SDKs/iPhoneSimulator26.5.sdk -fmetal-math-mode\=fast -fmetal-math-fp32-functions\=fast -serialize-diagnostics /tmp/nosfy-profil-commit-dd/Build/Intermediates.noindex/Nosfy.build/Debug-iphonesimulator/Nosfy.build/Metal/EmberFlame.dia -o /tmp/nosfy-profil-commit-dd/Build/Intermediates.noindex/Nosfy.build/Debug-iphonesimulator/Nosfy.build/Metal/EmberFlame.air -index-store-path /tmp/nosfy-profil-commit-dd/Index.noindex/DataStore -MMD -MT dependencies -MF /tmp/nosfy-profil-commit-dd/Build/Intermediates.noindex/Nosfy.build/Debug-iphonesimulator/Nosfy.build/Metal/EmberFlame.dat /tmp/nosfy-profil-commit-20260919/Nosfy/EmberFlame.metal

CompileMetalFile /tmp/nosfy-profil-commit-20260919/Nosfy/EclipseHalo.metal (in target 'Nosfy' from project 'Nosfy')
    cd /tmp/nosfy-profil-commit-20260919
    /var/run/com.apple.security.cryptexd/mnt/com.apple.MobileAsset.MetalToolchain-v17.6.42.0.BA5Ggr/Metal.xctoolchain/usr/bin/metal -c -target air64-apple-ios26.0-simulator -gline-tables-only -frecord-sources -I/tmp/nosfy-profil-commit-dd/Build/Products/Debug-iphonesimulator/include -F/tmp/nosfy-profil-commit-dd/Build/Products/Debug-iphonesimulator -isysroot /Applications/Xcode.app/Contents/Developer/Platforms/iPhoneSimulator.platform/Developer/SDKs/iPhoneSimulator26.5.sdk -fmetal-math-mode\=fast -fmetal-math-fp32-functions\=fast -serialize-diagnostics /tmp/nosfy-profil-commit-dd/Build/Intermediates.noindex/Nosfy.build/Debug-iphonesimulator/Nosfy.build/Metal/EclipseHalo.dia -o /tmp/nosfy-profil-commit-dd/Build/Intermediates.noindex/Nosfy.build/Debug-iphonesimulator/Nosfy.build/Metal/EclipseHalo.air -index-store-path /tmp/nosfy-profil-commit-dd/Index.noindex/DataStore -MMD -MT dependencies -MF /tmp/nosfy-profil-commit-dd/Build/Intermediates.noindex/Nosfy.build/Debug-iphonesimulator/Nosfy.build/Metal/EclipseHalo.dat /tmp/nosfy-profil-commit-20260919/Nosfy/EclipseHalo.metal

CompileMetalFile /tmp/nosfy-profil-commit-20260919/Nosfy/DiamondButton.metal (in target 'Nosfy' from project 'Nosfy')
    cd /tmp/nosfy-profil-commit-20260919
    /var/run/com.apple.security.cryptexd/mnt/com.apple.MobileAsset.MetalToolchain-v17.6.42.0.BA5Ggr/Metal.xctoolchain/usr/bin/metal -c -target air64-apple-ios26.0-simulator -gline-tables-only -frecord-sources -I/tmp/nosfy-profil-commit-dd/Build/Products/Debug-iphonesimulator/include -F/tmp/nosfy-profil-commit-dd/Build/Products/Debug-iphonesimulator -isysroot /Applications/Xcode.app/Contents/Developer/Platforms/iPhoneSimulator.platform/Developer/SDKs/iPhoneSimulator26.5.sdk -fmetal-math-mode\=fast -fmetal-math-fp32-functions\=fast -serialize-diagnostics /tmp/nosfy-profil-commit-dd/Build/Intermediates.noindex/Nosfy.build/Debug-iphonesimulator/Nosfy.build/Metal/DiamondButton.dia -o /tmp/nosfy-profil-commit-dd/Build/Intermediates.noindex/Nosfy.build/Debug-iphonesimulator/Nosfy.build/Metal/DiamondButton.air -index-store-path /tmp/nosfy-profil-commit-dd/Index.noindex/DataStore -MMD -MT dependencies -MF /tmp/nosfy-profil-commit-dd/Build/Intermediates.noindex/Nosfy.build/Debug-iphonesimulator/Nosfy.build/Metal/DiamondButton.dat /tmp/nosfy-profil-commit-20260919/Nosfy/DiamondButton.metal

CompileMetalFile /tmp/nosfy-profil-commit-20260919/Nosfy/DemonSky.metal (in target 'Nosfy' from project 'Nosfy')
    cd /tmp/nosfy-profil-commit-20260919
    /var/run/com.apple.security.cryptexd/mnt/com.apple.MobileAsset.MetalToolchain-v17.6.42.0.BA5Ggr/Metal.xctoolchain/usr/bin/metal -c -target air64-apple-ios26.0-simulator -gline-tables-only -frecord-sources -I/tmp/nosfy-profil-commit-dd/Build/Products/Debug-iphonesimulator/include -F/tmp/nosfy-profil-commit-dd/Build/Products/Debug-iphonesimulator -isysroot /Applications/Xcode.app/Contents/Developer/Platforms/iPhoneSimulator.platform/Developer/SDKs/iPhoneSimulator26.5.sdk -fmetal-math-mode\=fast -fmetal-math-fp32-functions\=fast -serialize-diagnostics /tmp/nosfy-profil-commit-dd/Build/Intermediates.noindex/Nosfy.build/Debug-iphonesimulator/Nosfy.build/Metal/DemonSky-a42754e96e1a986484aedf1f5eca9c9a.dia -o /tmp/nosfy-profil-commit-dd/Build/Intermediates.noindex/Nosfy.build/Debug-iphonesimulator/Nosfy.build/Metal/DemonSky-a42754e96e1a986484aedf1f5eca9c9a.air -index-store-path /tmp/nosfy-profil-commit-dd/Index.noindex/DataStore -MMD -MT dependencies -MF /tmp/nosfy-profil-commit-dd/Build/Intermediates.noindex/Nosfy.build/Debug-iphonesimulator/Nosfy.build/Metal/DemonSky-a42754e96e1a986484aedf1f5eca9c9a.dat /tmp/nosfy-profil-commit-20260919/Nosfy/DemonSky.metal
/tmp/nosfy-profil-commit-20260919/Nosfy/DemonSky.metal:34:19: warning: unused variable 'kStrip' [-Wunused-const-variable]
constexpr sampler kStrip(s_address::repeat, t_address::clamp_to_edge,
                  ^
1 warning generated.

CompileMetalFile /tmp/nosfy-profil-commit-20260919/Nosfy/CorpsLisere.metal (in target 'Nosfy' from project 'Nosfy')
    cd /tmp/nosfy-profil-commit-20260919
    /var/run/com.apple.security.cryptexd/mnt/com.apple.MobileAsset.MetalToolchain-v17.6.42.0.BA5Ggr/Metal.xctoolchain/usr/bin/metal -c -target air64-apple-ios26.0-simulator -gline-tables-only -frecord-sources -I/tmp/nosfy-profil-commit-dd/Build/Products/Debug-iphonesimulator/include -F/tmp/nosfy-profil-commit-dd/Build/Products/Debug-iphonesimulator -isysroot /Applications/Xcode.app/Contents/Developer/Platforms/iPhoneSimulator.platform/Developer/SDKs/iPhoneSimulator26.5.sdk -fmetal-math-mode\=fast -fmetal-math-fp32-functions\=fast -serialize-diagnostics /tmp/nosfy-profil-commit-dd/Build/Intermediates.noindex/Nosfy.build/Debug-iphonesimulator/Nosfy.build/Metal/CorpsLisere.dia -o /tmp/nosfy-profil-commit-dd/Build/Intermediates.noindex/Nosfy.build/Debug-iphonesimulator/Nosfy.build/Metal/CorpsLisere.air -index-store-path /tmp/nosfy-profil-commit-dd/Index.noindex/DataStore -MMD -MT dependencies -MF /tmp/nosfy-profil-commit-dd/Build/Intermediates.noindex/Nosfy.build/Debug-iphonesimulator/Nosfy.build/Metal/CorpsLisere.dat /tmp/nosfy-profil-commit-20260919/Nosfy/CorpsLisere.metal

CompileMetalFile /tmp/nosfy-profil-commit-20260919/Nosfy/CarteLune.metal (in target 'Nosfy' from project 'Nosfy')
    cd /tmp/nosfy-profil-commit-20260919
    /var/run/com.apple.security.cryptexd/mnt/com.apple.MobileAsset.MetalToolchain-v17.6.42.0.BA5Ggr/Metal.xctoolchain/usr/bin/metal -c -target air64-apple-ios26.0-simulator -gline-tables-only -frecord-sources -I/tmp/nosfy-profil-commit-dd/Build/Products/Debug-iphonesimulator/include -F/tmp/nosfy-profil-commit-dd/Build/Products/Debug-iphonesimulator -isysroot /Applications/Xcode.app/Contents/Developer/Platforms/iPhoneSimulator.platform/Developer/SDKs/iPhoneSimulator26.5.sdk -fmetal-math-mode\=fast -fmetal-math-fp32-functions\=fast -serialize-diagnostics /tmp/nosfy-profil-commit-dd/Build/Intermediates.noindex/Nosfy.build/Debug-iphonesimulator/Nosfy.build/Metal/CarteLune.dia -o /tmp/nosfy-profil-commit-dd/Build/Intermediates.noindex/Nosfy.build/Debug-iphonesimulator/Nosfy.build/Metal/CarteLune.air -index-store-path /tmp/nosfy-profil-commit-dd/Index.noindex/DataStore -MMD -MT dependencies -MF /tmp/nosfy-profil-commit-dd/Build/Intermediates.noindex/Nosfy.build/Debug-iphonesimulator/Nosfy.build/Metal/CarteLune.dat /tmp/nosfy-profil-commit-20260919/Nosfy/CarteLune.metal

CompileMetalFile /tmp/nosfy-profil-commit-20260919/Nosfy/CarnetCuir.metal (in target 'Nosfy' from project 'Nosfy')
    cd /tmp/nosfy-profil-commit-20260919
    /var/run/com.apple.security.cryptexd/mnt/com.apple.MobileAsset.MetalToolchain-v17.6.42.0.BA5Ggr/Metal.xctoolchain/usr/bin/metal -c -target air64-apple-ios26.0-simulator -gline-tables-only -frecord-sources -I/tmp/nosfy-profil-commit-dd/Build/Products/Debug-iphonesimulator/include -F/tmp/nosfy-profil-commit-dd/Build/Products/Debug-iphonesimulator -isysroot /Applications/Xcode.app/Contents/Developer/Platforms/iPhoneSimulator.platform/Developer/SDKs/iPhoneSimulator26.5.sdk -fmetal-math-mode\=fast -fmetal-math-fp32-functions\=fast -serialize-diagnostics /tmp/nosfy-profil-commit-dd/Build/Intermediates.noindex/Nosfy.build/Debug-iphonesimulator/Nosfy.build/Metal/CarnetCuir.dia -o /tmp/nosfy-profil-commit-dd/Build/Intermediates.noindex/Nosfy.build/Debug-iphonesimulator/Nosfy.build/Metal/CarnetCuir.air -index-store-path /tmp/nosfy-profil-commit-dd/Index.noindex/DataStore -MMD -MT dependencies -MF /tmp/nosfy-profil-commit-dd/Build/Intermediates.noindex/Nosfy.build/Debug-iphonesimulator/Nosfy.build/Metal/CarnetCuir.dat /tmp/nosfy-profil-commit-20260919/Nosfy/CarnetCuir.metal

CompileMetalFile /tmp/nosfy-profil-commit-20260919/Nosfy/BravoPill.metal (in target 'Nosfy' from project 'Nosfy')
    cd /tmp/nosfy-profil-commit-20260919
    /var/run/com.apple.security.cryptexd/mnt/com.apple.MobileAsset.MetalToolchain-v17.6.42.0.BA5Ggr/Metal.xctoolchain/usr/bin/metal -c -target air64-apple-ios26.0-simulator -gline-tables-only -frecord-sources -I/tmp/nosfy-profil-commit-dd/Build/Products/Debug-iphonesimulator/include -F/tmp/nosfy-profil-commit-dd/Build/Products/Debug-iphonesimulator -isysroot /Applications/Xcode.app/Contents/Developer/Platforms/iPhoneSimulator.platform/Developer/SDKs/iPhoneSimulator26.5.sdk -fmetal-math-mode\=fast -fmetal-math-fp32-functions\=fast -serialize-diagnostics /tmp/nosfy-profil-commit-dd/Build/Intermediates.noindex/Nosfy.build/Debug-iphonesimulator/Nosfy.build/Metal/BravoPill.dia -o /tmp/nosfy-profil-commit-dd/Build/Intermediates.noindex/Nosfy.build/Debug-iphonesimulator/Nosfy.build/Metal/BravoPill.air -index-store-path /tmp/nosfy-profil-commit-dd/Index.noindex/DataStore -MMD -MT dependencies -MF /tmp/nosfy-profil-commit-dd/Build/Intermediates.noindex/Nosfy.build/Debug-iphonesimulator/Nosfy.build/Metal/BravoPill.dat /tmp/nosfy-profil-commit-20260919/Nosfy/BravoPill.metal

CompileMetalFile /tmp/nosfy-profil-commit-20260919/Nosfy/AuthNebula.metal (in target 'Nosfy' from project 'Nosfy')
    cd /tmp/nosfy-profil-commit-20260919
    /var/run/com.apple.security.cryptexd/mnt/com.apple.MobileAsset.MetalToolchain-v17.6.42.0.BA5Ggr/Metal.xctoolchain/usr/bin/metal -c -target air64-apple-ios26.0-simulator -gline-tables-only -frecord-sources -I/tmp/nosfy-profil-commit-dd/Build/Products/Debug-iphonesimulator/include -F/tmp/nosfy-profil-commit-dd/Build/Products/Debug-iphonesimulator -isysroot /Applications/Xcode.app/Contents/Developer/Platforms/iPhoneSimulator.platform/Developer/SDKs/iPhoneSimulator26.5.sdk -fmetal-math-mode\=fast -fmetal-math-fp32-functions\=fast -serialize-diagnostics /tmp/nosfy-profil-commit-dd/Build/Intermediates.noindex/Nosfy.build/Debug-iphonesimulator/Nosfy.build/Metal/AuthNebula.dia -o /tmp/nosfy-profil-commit-dd/Build/Intermediates.noindex/Nosfy.build/Debug-iphonesimulator/Nosfy.build/Metal/AuthNebula.air -index-store-path /tmp/nosfy-profil-commit-dd/Index.noindex/DataStore -MMD -MT dependencies -MF /tmp/nosfy-profil-commit-dd/Build/Intermediates.noindex/Nosfy.build/Debug-iphonesimulator/Nosfy.build/Metal/AuthNebula.dat /tmp/nosfy-profil-commit-20260919/Nosfy/AuthNebula.metal

CompileMetalFile /tmp/nosfy-profil-commit-20260919/Nosfy/AuroraHome.metal (in target 'Nosfy' from project 'Nosfy')
    cd /tmp/nosfy-profil-commit-20260919
    /var/run/com.apple.security.cryptexd/mnt/com.apple.MobileAsset.MetalToolchain-v17.6.42.0.BA5Ggr/Metal.xctoolchain/usr/bin/metal -c -target air64-apple-ios26.0-simulator -gline-tables-only -frecord-sources -I/tmp/nosfy-profil-commit-dd/Build/Products/Debug-iphonesimulator/include -F/tmp/nosfy-profil-commit-dd/Build/Products/Debug-iphonesimulator -isysroot /Applications/Xcode.app/Contents/Developer/Platforms/iPhoneSimulator.platform/Developer/SDKs/iPhoneSimulator26.5.sdk -fmetal-math-mode\=fast -fmetal-math-fp32-functions\=fast -serialize-diagnostics /tmp/nosfy-profil-commit-dd/Build/Intermediates.noindex/Nosfy.build/Debug-iphonesimulator/Nosfy.build/Metal/AuroraHome.dia -o /tmp/nosfy-profil-commit-dd/Build/Intermediates.noindex/Nosfy.build/Debug-iphonesimulator/Nosfy.build/Metal/AuroraHome.air -index-store-path /tmp/nosfy-profil-commit-dd/Index.noindex/DataStore -MMD -MT dependencies -MF /tmp/nosfy-profil-commit-dd/Build/Intermediates.noindex/Nosfy.build/Debug-iphonesimulator/Nosfy.build/Metal/AuroraHome.dat /tmp/nosfy-profil-commit-20260919/Nosfy/AuroraHome.metal

CompileMetalFile /tmp/nosfy-profil-commit-20260919/Nosfy/AuroraBg.metal (in target 'Nosfy' from project 'Nosfy')
    cd /tmp/nosfy-profil-commit-20260919
    /var/run/com.apple.security.cryptexd/mnt/com.apple.MobileAsset.MetalToolchain-v17.6.42.0.BA5Ggr/Metal.xctoolchain/usr/bin/metal -c -target air64-apple-ios26.0-simulator -gline-tables-only -frecord-sources -I/tmp/nosfy-profil-commit-dd/Build/Products/Debug-iphonesimulator/include -F/tmp/nosfy-profil-commit-dd/Build/Products/Debug-iphonesimulator -isysroot /Applications/Xcode.app/Contents/Developer/Platforms/iPhoneSimulator.platform/Developer/SDKs/iPhoneSimulator26.5.sdk -fmetal-math-mode\=fast -fmetal-math-fp32-functions\=fast -serialize-diagnostics /tmp/nosfy-profil-commit-dd/Build/Intermediates.noindex/Nosfy.build/Debug-iphonesimulator/Nosfy.build/Metal/AuroraBg.dia -o /tmp/nosfy-profil-commit-dd/Build/Intermediates.noindex/Nosfy.build/Debug-iphonesimulator/Nosfy.build/Metal/AuroraBg.air -index-store-path /tmp/nosfy-profil-commit-dd/Index.noindex/DataStore -MMD -MT dependencies -MF /tmp/nosfy-profil-commit-dd/Build/Intermediates.noindex/Nosfy.build/Debug-iphonesimulator/Nosfy.build/Metal/AuroraBg.dat /tmp/nosfy-profil-commit-20260919/Nosfy/AuroraBg.metal

CompileAssetCatalogVariant thinned /tmp/nosfy-profil-commit-dd/Build/Products/Debug-iphonesimulator/Nosfy.app /tmp/nosfy-profil-commit-20260919/NosfyShared/LiveAssets.xcassets /tmp/nosfy-profil-commit-20260919/Nosfy/AppIcon.icon /tmp/nosfy-profil-commit-20260919/Nosfy/Assets.xcassets (in target 'Nosfy' from project 'Nosfy')
    cd /tmp/nosfy-profil-commit-20260919
    /Applications/Xcode.app/Contents/Developer/usr/bin/actool /tmp/nosfy-profil-commit-20260919/NosfyShared/LiveAssets.xcassets /tmp/nosfy-profil-commit-20260919/Nosfy/AppIcon.icon /tmp/nosfy-profil-commit-20260919/Nosfy/Assets.xcassets --compile /tmp/nosfy-profil-commit-dd/Build/Intermediates.noindex/Nosfy.build/Debug-iphonesimulator/Nosfy.build/assetcatalog_output/thinned --output-format human-readable-text --notices --warnings --export-dependency-info /tmp/nosfy-profil-commit-dd/Build/Intermediates.noindex/Nosfy.build/Debug-iphonesimulator/Nosfy.build/assetcatalog_dependencies_thinned --output-partial-info-plist /tmp/nosfy-profil-commit-dd/Build/Intermediates.noindex/Nosfy.build/Debug-iphonesimulator/Nosfy.build/assetcatalog_generated_info.plist_thinned --app-icon AppIcon --accent-color AccentColor --compress-pngs --enable-on-demand-resources YES --development-region fr --target-device iphone --minimum-deployment-target 26.0 --platform iphonesimulator
2026-09-19 09:27:15.317 AssetCatalogSimulatorAgent[97401:20007549] The filter 'CIPortraitEffectSpillCorrection' is not implemented in the bundle at /Library/Developer/CoreSimulator/Volumes/iOS_23F77/Library/Developer/CoreSimulator/Profiles/Runtimes/iOS 26.5.simruntime/Contents/Resources/RuntimeRoot/System/Library/CoreImage/PortraitFilters.cifilter.
/* com.apple.actool.compilation-results */
/tmp/nosfy-profil-commit-dd/Build/Intermediates.noindex/Nosfy.build/Debug-iphonesimulator/Nosfy.build/assetcatalog_generated_info.plist_thinned
/tmp/nosfy-profil-commit-dd/Build/Intermediates.noindex/Nosfy.build/Debug-iphonesimulator/Nosfy.build/assetcatalog_output/thinned/AppIcon60x60@2x.png
/tmp/nosfy-profil-commit-dd/Build/Intermediates.noindex/Nosfy.build/Debug-iphonesimulator/Nosfy.build/assetcatalog_output/thinned/AppIcon76x76@2x~ipad.png
/tmp/nosfy-profil-commit-dd/Build/Intermediates.noindex/Nosfy.build/Debug-iphonesimulator/Nosfy.build/assetcatalog_output/thinned/Assets.car


SwiftDriver Nosfy normal arm64 com.apple.xcode.tools.swift.compiler (in target 'Nosfy' from project 'Nosfy')
    cd /tmp/nosfy-profil-commit-20260919
    builtin-SwiftDriver -- /Applications/Xcode.app/Contents/Developer/Toolchains/XcodeDefault.xctoolchain/usr/bin/swiftc -module-name Woop -Onone @/tmp/nosfy-profil-commit-dd/Build/Intermediates.noindex/Nosfy.build/Debug-iphonesimulator/Nosfy.build/Objects-normal/arm64/Nosfy.SwiftFileList -DDEBUG -enable-bare-slash-regex -enable-experimental-feature DebugDescriptionMacro -sdk /Applications/Xcode.app/Contents/Developer/Platforms/iPhoneSimulator.platform/Developer/SDKs/iPhoneSimulator26.5.sdk -target arm64-apple-ios26.0-simulator -g -module-cache-path /tmp/nosfy-profil-commit-dd/ModuleCache.noindex -Xfrontend -serialize-debugging-options -enable-testing -index-store-path /tmp/nosfy-profil-commit-dd/Index.noindex/DataStore -Xcc -D_LIBCPP_HARDENING_MODE\=_LIBCPP_HARDENING_MODE_DEBUG -swift-version 5 -I /tmp/nosfy-profil-commit-dd/Build/Products/Debug-iphonesimulator -F /tmp/nosfy-profil-commit-dd/Build/Products/Debug-iphonesimulator -emit-localized-strings -emit-localized-strings-path /tmp/nosfy-profil-commit-dd/Build/Intermediates.noindex/Nosfy.build/Debug-iphonesimulator/Nosfy.build/Objects-normal/arm64 -c -j10 -enable-batch-mode -incremental -Xcc -ivfsstatcache -Xcc /tmp/nosfy-profil-commit-dd/SDKStatCaches.noindex/iphonesimulator26.5-23F73-688ef53f1462e2c8f657fdc38a81448f6cfe768891a92b912361537c460fe42b.sdkstatcache -output-file-map /tmp/nosfy-profil-commit-dd/Build/Intermediates.noindex/Nosfy.build/Debug-iphonesimulator/Nosfy.build/Objects-normal/arm64/Nosfy-OutputFileMap.json -use-frontend-parseable-output -save-temps -no-color-diagnostics -explicit-module-build -module-cache-path /tmp/nosfy-profil-commit-dd/Build/Intermediates.noindex/SwiftExplicitPrecompiledModules -clang-scanner-module-cache-path /tmp/nosfy-profil-commit-dd/ModuleCache.noindex -sdk-module-cache-path /tmp/nosfy-profil-commit-dd/ModuleCache.noindex -serialize-diagnostics -emit-dependencies -emit-module -emit-module-path /tmp/nosfy-profil-commit-dd/Build/Intermediates.noindex/Nosfy.build/Debug-iphonesimulator/Nosfy.build/Objects-normal/arm64/Woop.swiftmodule -validate-clang-modules-once -clang-build-session-file /tmp/nosfy-profil-commit-dd/ModuleCache.noindex/Session.modulevalidation -Xcc -I/tmp/nosfy-profil-commit-dd/Build/Intermediates.noindex/Nosfy.build/Debug-iphonesimulator/Nosfy.build/swift-overrides.hmap -emit-const-values -Xfrontend -const-gather-protocols-file -Xfrontend /tmp/nosfy-profil-commit-dd/Build/Intermediates.noindex/Nosfy.build/Debug-iphonesimulator/Nosfy.build/Objects-normal/arm64/Nosfy_const_extract_protocols.json -Xcc -iquote -Xcc /tmp/nosfy-profil-commit-dd/Build/Intermediates.noindex/Nosfy.build/Debug-iphonesimulator/Nosfy.build/Nosfy-generated-files.hmap -Xcc -I/tmp/nosfy-profil-commit-dd/Build/Intermediates.noindex/Nosfy.build/Debug-iphonesimulator/Nosfy.build/Nosfy-own-target-headers.hmap -Xcc -I/tmp/nosfy-profil-commit-dd/Build/Intermediates.noindex/Nosfy.build/Debug-iphonesimulator/Nosfy.build/Nosfy-all-target-headers.hmap -Xcc -iquote -Xcc /tmp/nosfy-profil-commit-dd/Build/Intermediates.noindex/Nosfy.build/Debug-iphonesimulator/Nosfy.build/Nosfy-project-headers.hmap -Xcc -I/tmp/nosfy-profil-commit-dd/Build/Products/Debug-iphonesimulator/include -Xcc -I/tmp/nosfy-profil-commit-dd/Build/Intermediates.noindex/Nosfy.build/Debug-iphonesimulator/Nosfy.build/DerivedSources-normal/arm64 -Xcc -I/tmp/nosfy-profil-commit-dd/Build/Intermediates.noindex/Nosfy.build/Debug-iphonesimulator/Nosfy.build/DerivedSources/arm64 -Xcc -I/tmp/nosfy-profil-commit-dd/Build/Intermediates.noindex/Nosfy.build/Debug-iphonesimulator/Nosfy.build/DerivedSources -Xcc -DDEBUG\=1 -emit-objc-header -emit-objc-header-path /tmp/nosfy-profil-commit-dd/Build/Intermediates.noindex/Nosfy.build/Debug-iphonesimulator/Nosfy.build/Objects-normal/arm64/Woop-Swift.h -working-directory /tmp/nosfy-profil-commit-20260919 -experimental-emit-module-separately -disable-cmo

SwiftDriver Nosfy normal x86_64 com.apple.xcode.tools.swift.compiler (in target 'Nosfy' from project 'Nosfy')
    cd /tmp/nosfy-profil-commit-20260919
    builtin-SwiftDriver -- /Applications/Xcode.app/Contents/Developer/Toolchains/XcodeDefault.xctoolchain/usr/bin/swiftc -module-name Woop -Onone @/tmp/nosfy-profil-commit-dd/Build/Intermediates.noindex/Nosfy.build/Debug-iphonesimulator/Nosfy.build/Objects-normal/x86_64/Nosfy.SwiftFileList -DDEBUG -enable-bare-slash-regex -enable-experimental-feature DebugDescriptionMacro -sdk /Applications/Xcode.app/Contents/Developer/Platforms/iPhoneSimulator.platform/Developer/SDKs/iPhoneSimulator26.5.sdk -target x86_64-apple-ios26.0-simulator -g -module-cache-path /tmp/nosfy-profil-commit-dd/ModuleCache.noindex -Xfrontend -serialize-debugging-options -enable-testing -index-store-path /tmp/nosfy-profil-commit-dd/Index.noindex/DataStore -Xcc -D_LIBCPP_HARDENING_MODE\=_LIBCPP_HARDENING_MODE_DEBUG -swift-version 5 -I /tmp/nosfy-profil-commit-dd/Build/Products/Debug-iphonesimulator -F /tmp/nosfy-profil-commit-dd/Build/Products/Debug-iphonesimulator -emit-localized-strings -emit-localized-strings-path /tmp/nosfy-profil-commit-dd/Build/Intermediates.noindex/Nosfy.build/Debug-iphonesimulator/Nosfy.build/Objects-normal/x86_64 -c -j10 -enable-batch-mode -incremental -Xcc -ivfsstatcache -Xcc /tmp/nosfy-profil-commit-dd/SDKStatCaches.noindex/iphonesimulator26.5-23F73-688ef53f1462e2c8f657fdc38a81448f6cfe768891a92b912361537c460fe42b.sdkstatcache -output-file-map /tmp/nosfy-profil-commit-dd/Build/Intermediates.noindex/Nosfy.build/Debug-iphonesimulator/Nosfy.build/Objects-normal/x86_64/Nosfy-OutputFileMap.json -use-frontend-parseable-output -save-temps -no-color-diagnostics -explicit-module-build -module-cache-path /tmp/nosfy-profil-commit-dd/Build/Intermediates.noindex/SwiftExplicitPrecompiledModules -clang-scanner-module-cache-path /tmp/nosfy-profil-commit-dd/ModuleCache.noindex -sdk-module-cache-path /tmp/nosfy-profil-commit-dd/ModuleCache.noindex -serialize-diagnostics -emit-dependencies -emit-module -emit-module-path /tmp/nosfy-profil-commit-dd/Build/Intermediates.noindex/Nosfy.build/Debug-iphonesimulator/Nosfy.build/Objects-normal/x86_64/Woop.swiftmodule -validate-clang-modules-once -clang-build-session-file /tmp/nosfy-profil-commit-dd/ModuleCache.noindex/Session.modulevalidation -Xcc -I/tmp/nosfy-profil-commit-dd/Build/Intermediates.noindex/Nosfy.build/Debug-iphonesimulator/Nosfy.build/swift-overrides.hmap -emit-const-values -Xfrontend -const-gather-protocols-file -Xfrontend /tmp/nosfy-profil-commit-dd/Build/Intermediates.noindex/Nosfy.build/Debug-iphonesimulator/Nosfy.build/Objects-normal/x86_64/Nosfy_const_extract_protocols.json -Xcc -iquote -Xcc /tmp/nosfy-profil-commit-dd/Build/Intermediates.noindex/Nosfy.build/Debug-iphonesimulator/Nosfy.build/Nosfy-generated-files.hmap -Xcc -I/tmp/nosfy-profil-commit-dd/Build/Intermediates.noindex/Nosfy.build/Debug-iphonesimulator/Nosfy.build/Nosfy-own-target-headers.hmap -Xcc -I/tmp/nosfy-profil-commit-dd/Build/Intermediates.noindex/Nosfy.build/Debug-iphonesimulator/Nosfy.build/Nosfy-all-target-headers.hmap -Xcc -iquote -Xcc /tmp/nosfy-profil-commit-dd/Build/Intermediates.noindex/Nosfy.build/Debug-iphonesimulator/Nosfy.build/Nosfy-project-headers.hmap -Xcc -I/tmp/nosfy-profil-commit-dd/Build/Products/Debug-iphonesimulator/include -Xcc -I/tmp/nosfy-profil-commit-dd/Build/Intermediates.noindex/Nosfy.build/Debug-iphonesimulator/Nosfy.build/DerivedSources-normal/x86_64 -Xcc -I/tmp/nosfy-profil-commit-dd/Build/Intermediates.noindex/Nosfy.build/Debug-iphonesimulator/Nosfy.build/DerivedSources/x86_64 -Xcc -I/tmp/nosfy-profil-commit-dd/Build/Intermediates.noindex/Nosfy.build/Debug-iphonesimulator/Nosfy.build/DerivedSources -Xcc -DDEBUG\=1 -emit-objc-header -emit-objc-header-path /tmp/nosfy-profil-commit-dd/Build/Intermediates.noindex/Nosfy.build/Debug-iphonesimulator/Nosfy.build/Objects-normal/x86_64/Woop-Swift.h -working-directory /tmp/nosfy-profil-commit-20260919 -experimental-emit-module-separately -disable-cmo

CreateUniversalBinary /tmp/nosfy-profil-commit-dd/Build/Products/Debug-iphonesimulator/NosfyWidgets.appex/NosfyWidgets.debug.dylib normal arm64\ x86_64 (in target 'NosfyWidgets' from project 'Nosfy')
    cd /tmp/nosfy-profil-commit-20260919
    /Applications/Xcode.app/Contents/Developer/Toolchains/XcodeDefault.xctoolchain/usr/bin/lipo -create /tmp/nosfy-profil-commit-dd/Build/Intermediates.noindex/Nosfy.build/Debug-iphonesimulator/NosfyWidgets.build/Objects-normal/arm64/Binary/NosfyWidgets.debug.dylib /tmp/nosfy-profil-commit-dd/Build/Intermediates.noindex/Nosfy.build/Debug-iphonesimulator/NosfyWidgets.build/Objects-normal/x86_64/Binary/NosfyWidgets.debug.dylib -output /tmp/nosfy-profil-commit-dd/Build/Products/Debug-iphonesimulator/NosfyWidgets.appex/NosfyWidgets.debug.dylib

ConstructStubExecutorLinkFileList /tmp/nosfy-profil-commit-dd/Build/Intermediates.noindex/Nosfy.build/Debug-iphonesimulator/NosfyWidgets.build/NosfyWidgets-ExecutorLinkFileList-normal-arm64.txt (in target 'NosfyWidgets' from project 'Nosfy')
    cd /tmp/nosfy-profil-commit-20260919
    construct-stub-executor-link-file-list /tmp/nosfy-profil-commit-dd/Build/Intermediates.noindex/Nosfy.build/Debug-iphonesimulator/NosfyWidgets.build/Objects-normal/arm64/Binary/NosfyWidgets.debug.dylib /Applications/Xcode.app/Contents/Developer/Platforms/iPhoneSimulator.platform/Developer/usr/lib/libPreviewsJITStubExecutor_no_swift_entry_point.a /Applications/Xcode.app/Contents/Developer/Platforms/iPhoneSimulator.platform/Developer/usr/lib/libPreviewsJITStubExecutor.a --output /tmp/nosfy-profil-commit-dd/Build/Intermediates.noindex/Nosfy.build/Debug-iphonesimulator/NosfyWidgets.build/NosfyWidgets-ExecutorLinkFileList-normal-arm64.txt
note: Using stub executor library with Swift entry point. (in target 'NosfyWidgets' from project 'Nosfy')

Ld /tmp/nosfy-profil-commit-dd/Build/Intermediates.noindex/Nosfy.build/Debug-iphonesimulator/NosfyWidgets.build/Objects-normal/arm64/Binary/NosfyWidgets normal arm64 (in target 'NosfyWidgets' from project 'Nosfy')
    cd /tmp/nosfy-profil-commit-20260919
    /Applications/Xcode.app/Contents/Developer/Toolchains/XcodeDefault.xctoolchain/usr/bin/clang -Xlinker -reproducible -target arm64-apple-ios26.0-simulator -isysroot /Applications/Xcode.app/Contents/Developer/Platforms/iPhoneSimulator.platform/Developer/SDKs/iPhoneSimulator26.5.sdk -O0 -L/tmp/nosfy-profil-commit-dd/Build/Products/Debug-iphonesimulator -F/tmp/nosfy-profil-commit-dd/Build/Products/Debug-iphonesimulator -Xlinker -rpath -Xlinker @executable_path -Xlinker -rpath -Xlinker @executable_path/Frameworks -Xlinker -rpath -Xlinker @executable_path/../../Frameworks -rdynamic -Xlinker -no_deduplicate -Xlinker -objc_abi_version -Xlinker 2 -e ___debug_blank_executor_main -Xlinker -sectcreate -Xlinker __TEXT -Xlinker __debug_dylib -Xlinker /tmp/nosfy-profil-commit-dd/Build/Intermediates.noindex/Nosfy.build/Debug-iphonesimulator/NosfyWidgets.build/NosfyWidgets-DebugDylibPath-normal-arm64.txt -Xlinker -sectcreate -Xlinker __TEXT -Xlinker __debug_entry -Xlinker /tmp/nosfy-profil-commit-dd/Build/Intermediates.noindex/Nosfy.build/Debug-iphonesimulator/NosfyWidgets.build/NosfyWidgets-DebugEntryPoint-normal-arm64.txt -Xlinker -sectcreate -Xlinker __TEXT -Xlinker __debug_instlnm -Xlinker /tmp/nosfy-profil-commit-dd/Build/Intermediates.noindex/Nosfy.build/Debug-iphonesimulator/NosfyWidgets.build/NosfyWidgets-DebugDylibInstallName-normal-arm64.txt -Xlinker -filelist -Xlinker /tmp/nosfy-profil-commit-dd/Build/Intermediates.noindex/Nosfy.build/Debug-iphonesimulator/NosfyWidgets.build/NosfyWidgets-ExecutorLinkFileList-normal-arm64.txt /tmp/nosfy-profil-commit-dd/Build/Intermediates.noindex/Nosfy.build/Debug-iphonesimulator/NosfyWidgets.build/Objects-normal/arm64/Binary/NosfyWidgets.debug.dylib -o /tmp/nosfy-profil-commit-dd/Build/Intermediates.noindex/Nosfy.build/Debug-iphonesimulator/NosfyWidgets.build/Objects-normal/arm64/Binary/NosfyWidgets

CreateUniversalBinary /tmp/nosfy-profil-commit-dd/Build/Products/Debug-iphonesimulator/NosfyWidgets.appex/NosfyWidgets normal arm64\ x86_64 (in target 'NosfyWidgets' from project 'Nosfy')
    cd /tmp/nosfy-profil-commit-20260919
    /Applications/Xcode.app/Contents/Developer/Toolchains/XcodeDefault.xctoolchain/usr/bin/lipo -create /tmp/nosfy-profil-commit-dd/Build/Intermediates.noindex/Nosfy.build/Debug-iphonesimulator/NosfyWidgets.build/Objects-normal/arm64/Binary/NosfyWidgets /tmp/nosfy-profil-commit-dd/Build/Intermediates.noindex/Nosfy.build/Debug-iphonesimulator/NosfyWidgets.build/Objects-normal/x86_64/Binary/NosfyWidgets -output /tmp/nosfy-profil-commit-dd/Build/Products/Debug-iphonesimulator/NosfyWidgets.appex/NosfyWidgets

ExtractAppIntentsMetadata (in target 'NosfyWidgets' from project 'Nosfy')
    cd /tmp/nosfy-profil-commit-20260919
    /Applications/Xcode.app/Contents/Developer/Toolchains/XcodeDefault.xctoolchain/usr/bin/appintentsmetadataprocessor --toolchain-dir /var/run/com.apple.security.cryptexd/mnt/com.apple.MobileAsset.MetalToolchain-v17.6.42.0.BA5Ggr/Metal.xctoolchain --module-name NosfyWidgets --sdk-root /Applications/Xcode.app/Contents/Developer/Platforms/iPhoneSimulator.platform/Developer/SDKs/iPhoneSimulator26.5.sdk --xcode-version 17F42 --platform-family iOS --deployment-target 26.0 --bundle-identifier fr.kathryn.woop.WoopWidgets --output /tmp/nosfy-profil-commit-dd/Build/Products/Debug-iphonesimulator/NosfyWidgets.appex --target-triple arm64-apple-ios26.0-simulator --target-triple x86_64-apple-ios26.0-simulator --binary-file /tmp/nosfy-profil-commit-dd/Build/Products/Debug-iphonesimulator/NosfyWidgets.appex/NosfyWidgets --dependency-file /tmp/nosfy-profil-commit-dd/Build/Intermediates.noindex/Nosfy.build/Debug-iphonesimulator/NosfyWidgets.build/Objects-normal/arm64/NosfyWidgets_dependency_info.dat --dependency-file /tmp/nosfy-profil-commit-dd/Build/Intermediates.noindex/Nosfy.build/Debug-iphonesimulator/NosfyWidgets.build/Objects-normal/x86_64/NosfyWidgets_dependency_info.dat --stringsdata-file /tmp/nosfy-profil-commit-dd/Build/Intermediates.noindex/Nosfy.build/Debug-iphonesimulator/NosfyWidgets.build/Objects-normal/arm64/ExtractedAppShortcutsMetadata.stringsdata --stringsdata-file /tmp/nosfy-profil-commit-dd/Build/Intermediates.noindex/Nosfy.build/Debug-iphonesimulator/NosfyWidgets.build/Objects-normal/x86_64/ExtractedAppShortcutsMetadata.stringsdata --source-file-list /tmp/nosfy-profil-commit-dd/Build/Intermediates.noindex/Nosfy.build/Debug-iphonesimulator/NosfyWidgets.build/Objects-normal/arm64/NosfyWidgets.SwiftFileList --source-file-list /tmp/nosfy-profil-commit-dd/Build/Intermediates.noindex/Nosfy.build/Debug-iphonesimulator/NosfyWidgets.build/Objects-normal/x86_64/NosfyWidgets.SwiftFileList --metadata-file-list /tmp/nosfy-profil-commit-dd/Build/Intermediates.noindex/Nosfy.build/Debug-iphonesimulator/NosfyWidgets.build/NosfyWidgets.DependencyMetadataFileList --static-metadata-file-list /tmp/nosfy-profil-commit-dd/Build/Intermediates.noindex/Nosfy.build/Debug-iphonesimulator/NosfyWidgets.build/NosfyWidgets.DependencyStaticMetadataFileList --swift-const-vals-list /tmp/nosfy-profil-commit-dd/Build/Intermediates.noindex/Nosfy.build/Debug-iphonesimulator/NosfyWidgets.build/Objects-normal/arm64/NosfyWidgets.SwiftConstValuesFileList --swift-const-vals-list /tmp/nosfy-profil-commit-dd/Build/Intermediates.noindex/Nosfy.build/Debug-iphonesimulator/NosfyWidgets.build/Objects-normal/x86_64/NosfyWidgets.SwiftConstValuesFileList --compile-time-extraction --deployment-aware-processing --validate-assistant-intents --no-app-shortcuts-localization
2026-09-19 09:27:13.570 appintentsmetadataprocessor[97397:20007207] Starting appintentsmetadataprocessor export
2026-09-19 09:27:13.588 appintentsmetadataprocessor[97397:20007207] Extracted no relevant App Intents symbols, skipping writing output

MetalLink /tmp/nosfy-profil-commit-dd/Build/Products/Debug-iphonesimulator/Nosfy.app/default.metallib (in target 'Nosfy' from project 'Nosfy')
    cd /tmp/nosfy-profil-commit-20260919
    /var/run/com.apple.security.cryptexd/mnt/com.apple.MobileAsset.MetalToolchain-v17.6.42.0.BA5Ggr/Metal.xctoolchain/usr/bin/metal -target air64-apple-ios26.0-simulator -frecord-sources -o /tmp/nosfy-profil-commit-dd/Build/Products/Debug-iphonesimulator/Nosfy.app/default.metallib /tmp/nosfy-profil-commit-dd/Build/Intermediates.noindex/Nosfy.build/Debug-iphonesimulator/Nosfy.build/Metal/GlassFX.air /tmp/nosfy-profil-commit-dd/Build/Intermediates.noindex/Nosfy.build/Debug-iphonesimulator/Nosfy.build/Metal/InkGrain.air /tmp/nosfy-profil-commit-dd/Build/Intermediates.noindex/Nosfy.build/Debug-iphonesimulator/Nosfy.build/Metal/AuroraBg.air /tmp/nosfy-profil-commit-dd/Build/Intermediates.noindex/Nosfy.build/Debug-iphonesimulator/Nosfy.build/Metal/AuroraHome.air /tmp/nosfy-profil-commit-dd/Build/Intermediates.noindex/Nosfy.build/Debug-iphonesimulator/Nosfy.build/Metal/AuthNebula.air /tmp/nosfy-profil-commit-dd/Build/Intermediates.noindex/Nosfy.build/Debug-iphonesimulator/Nosfy.build/Metal/BravoPill.air /tmp/nosfy-profil-commit-dd/Build/Intermediates.noindex/Nosfy.build/Debug-iphonesimulator/Nosfy.build/Metal/CarnetCuir.air /tmp/nosfy-profil-commit-dd/Build/Intermediates.noindex/Nosfy.build/Debug-iphonesimulator/Nosfy.build/Metal/CarteLune.air /tmp/nosfy-profil-commit-dd/Build/Intermediates.noindex/Nosfy.build/Debug-iphonesimulator/Nosfy.build/Metal/CorpsLisere.air /tmp/nosfy-profil-commit-dd/Build/Intermediates.noindex/Nosfy.build/Debug-iphonesimulator/Nosfy.build/Metal/DemonSky-a42754e96e1a986484aedf1f5eca9c9a.air /tmp/nosfy-profil-commit-dd/Build/Intermediates.noindex/Nosfy.build/Debug-iphonesimulator/Nosfy.build/Metal/DiamondButton.air /tmp/nosfy-profil-commit-dd/Build/Intermediates.noindex/Nosfy.build/Debug-iphonesimulator/Nosfy.build/Metal/EclipseHalo.air /tmp/nosfy-profil-commit-dd/Build/Intermediates.noindex/Nosfy.build/Debug-iphonesimulator/Nosfy.build/Metal/EmberFlame.air /tmp/nosfy-profil-commit-dd/Build/Intermediates.noindex/Nosfy.build/Debug-iphonesimulator/Nosfy.build/Metal/ExoHeaderGlow.air /tmp/nosfy-profil-commit-dd/Build/Intermediates.noindex/Nosfy.build/Debug-iphonesimulator/Nosfy.build/Metal/ExosHalo.air /tmp/nosfy-profil-commit-dd/Build/Intermediates.noindex/Nosfy.build/Debug-iphonesimulator/Nosfy.build/Metal/FlameJewel.air /tmp/nosfy-profil-commit-dd/Build/Intermediates.noindex/Nosfy.build/Debug-iphonesimulator/Nosfy.build/Metal/FondVideoMetal-305f31fd2a0396c4af901b44ddefbb9f.air /tmp/nosfy-profil-commit-dd/Build/Intermediates.noindex/Nosfy.build/Debug-iphonesimulator/Nosfy.build/Metal/FumeeX2.air /tmp/nosfy-profil-commit-dd/Build/Intermediates.noindex/Nosfy.build/Debug-iphonesimulator/Nosfy.build/Metal/GaletLisere.air /tmp/nosfy-profil-commit-dd/Build/Intermediates.noindex/Nosfy.build/Debug-iphonesimulator/Nosfy.build/Metal/GaletMedaillon.air /tmp/nosfy-profil-commit-dd/Build/Intermediates.noindex/Nosfy.build/Debug-iphonesimulator/Nosfy.build/Metal/GaletStage.air /tmp/nosfy-profil-commit-dd/Build/Intermediates.noindex/Nosfy.build/Debug-iphonesimulator/Nosfy.build/Metal/HaloDawn.air /tmp/nosfy-profil-commit-dd/Build/Intermediates.noindex/Nosfy.build/Debug-iphonesimulator/Nosfy.build/Metal/HomeNuit-5f03b2e8c4f35cafcd553b137d6d59ba.air /tmp/nosfy-profil-commit-dd/Build/Intermediates.noindex/Nosfy.build/Debug-iphonesimulator/Nosfy.build/Metal/JaugeLacque.air /tmp/nosfy-profil-commit-dd/Build/Intermediates.noindex/Nosfy.build/Debug-iphonesimulator/Nosfy.build/Metal/LiquidLens.air /tmp/nosfy-profil-commit-dd/Build/Intermediates.noindex/Nosfy.build/Debug-iphonesimulator/Nosfy.build/Metal/LoginAurora.air /tmp/nosfy-profil-commit-dd/Build/Intermediates.noindex/Nosfy.build/Debug-iphonesimulator/Nosfy.build/Metal/LogoMonolith.air /tmp/nosfy-profil-commit-dd/Build/Intermediates.noindex/Nosfy.build/Debug-iphonesimulator/Nosfy.build/Metal/MoonCoin.air /tmp/nosfy-profil-commit-dd/Build/Intermediates.noindex/Nosfy.build/Debug-iphonesimulator/Nosfy.build/Metal/NavMonolith.air /tmp/nosfy-profil-commit-dd/Build/Intermediates.noindex/Nosfy.build/Debug-iphonesimulator/Nosfy.build/Metal/NebulaShaders.air /tmp/nosfy-profil-commit-dd/Build/Intermediates.noindex/Nosfy.build/Debug-iphonesimulator/Nosfy.build/Metal/NeonPrimary.air /tmp/nosfy-profil-commit-dd/Build/Intermediates.noindex/Nosfy.build/Debug-iphonesimulator/Nosfy.build/Metal/ObjectiveJewel.air /tmp/nosfy-profil-commit-dd/Build/Intermediates.noindex/Nosfy.build/Debug-iphonesimulator/Nosfy.build/Metal/ObsidianCard-9b52dd1e704ca8e047aff89992bdcf6e.air /tmp/nosfy-profil-commit-dd/Build/Intermediates.noindex/Nosfy.build/Debug-iphonesimulator/Nosfy.build/Metal/PebbleDust.air /tmp/nosfy-profil-commit-dd/Build/Intermediates.noindex/Nosfy.build/Debug-iphonesimulator/Nosfy.build/Metal/PieceVerre.air /tmp/nosfy-profil-commit-dd/Build/Intermediates.noindex/Nosfy.build/Debug-iphonesimulator/Nosfy.build/Metal/PorteCaresse.air /tmp/nosfy-profil-commit-dd/Build/Intermediates.noindex/Nosfy.build/Debug-iphonesimulator/Nosfy.build/Metal/TreasureBadge.air /tmp/nosfy-profil-commit-dd/Build/Intermediates.noindex/Nosfy.build/Debug-iphonesimulator/Nosfy.build/Metal/VerreCoulant-7e521f5ef15328cfa7f7197eb221eddf.air /tmp/nosfy-profil-commit-dd/Build/Intermediates.noindex/Nosfy.build/Debug-iphonesimulator/Nosfy.build/Metal/VerreGalet.air /tmp/nosfy-profil-commit-dd/Build/Intermediates.noindex/Nosfy.build/Debug-iphonesimulator/Nosfy.build/Metal/WahouAura.air

AppIntentsSSUTraining (in target 'NosfyWidgets' from project 'Nosfy')
    cd /tmp/nosfy-profil-commit-20260919
    /Applications/Xcode.app/Contents/Developer/Toolchains/XcodeDefault.xctoolchain/usr/bin/appintentsnltrainingprocessor --infoplist-path /tmp/nosfy-profil-commit-dd/Build/Products/Debug-iphonesimulator/NosfyWidgets.appex/Info.plist --temp-dir-path /tmp/nosfy-profil-commit-dd/Build/Intermediates.noindex/Nosfy.build/Debug-iphonesimulator/NosfyWidgets.build/ssu --bundle-id fr.kathryn.woop.WoopWidgets --product-path /tmp/nosfy-profil-commit-dd/Build/Products/Debug-iphonesimulator/NosfyWidgets.appex --extracted-metadata-path /tmp/nosfy-profil-commit-dd/Build/Products/Debug-iphonesimulator/NosfyWidgets.appex/Metadata.appintents --metadata-file-list /tmp/nosfy-profil-commit-dd/Build/Intermediates.noindex/Nosfy.build/Debug-iphonesimulator/NosfyWidgets.build/NosfyWidgets.DependencyMetadataFileList --source-file /tmp/nosfy-profil-commit-dd/Build/Products/Debug-iphonesimulator/NosfyWidgets.appex/Info.plist --archive-ssu-assets
2026-09-19 09:27:13.606 appintentsnltrainingprocessor[97399:20007212] Parsing options for appintentsnltrainingprocessor
2026-09-19 09:27:13.607 appintentsnltrainingprocessor[97399:20007212] Starting AppIntents SSU YAML Generation
2026-09-19 09:27:13.608 appintentsnltrainingprocessor[97399:20007212] No AppShortcuts found - Skipping.

RegisterExecutionPolicyException /tmp/nosfy-profil-commit-dd/Build/Products/Debug-iphonesimulator/NosfyWidgets.appex (in target 'NosfyWidgets' from project 'Nosfy')
    cd /tmp/nosfy-profil-commit-20260919
    builtin-RegisterExecutionPolicyException /tmp/nosfy-profil-commit-dd/Build/Products/Debug-iphonesimulator/NosfyWidgets.appex

Touch /tmp/nosfy-profil-commit-dd/Build/Products/Debug-iphonesimulator/NosfyWidgets.appex (in target 'NosfyWidgets' from project 'Nosfy')
    cd /tmp/nosfy-profil-commit-20260919
    /usr/bin/touch -c /tmp/nosfy-profil-commit-dd/Build/Products/Debug-iphonesimulator/NosfyWidgets.appex

CpResource /tmp/nosfy-profil-commit-dd/Build/Products/Debug-iphonesimulator/Nosfy.app/video_demon_3.mp4 /tmp/nosfy-profil-commit-20260919/Nosfy/Media/video_demon_3.mp4 (in target 'Nosfy' from project 'Nosfy')
    cd /tmp/nosfy-profil-commit-20260919
    builtin-copy -exclude .DS_Store -exclude CVS -exclude .svn -exclude .git -exclude .hg -resolve-src-symlinks /tmp/nosfy-profil-commit-20260919/Nosfy/Media/video_demon_3.mp4 /tmp/nosfy-profil-commit-dd/Build/Products/Debug-iphonesimulator/Nosfy.app

CpResource /tmp/nosfy-profil-commit-dd/Build/Products/Debug-iphonesimulator/Nosfy.app/welcome-galet-premiere.mp4 /tmp/nosfy-profil-commit-20260919/Nosfy/Media/welcome-galet-premiere.mp4 (in target 'Nosfy' from project 'Nosfy')
    cd /tmp/nosfy-profil-commit-20260919
    builtin-copy -exclude .DS_Store -exclude CVS -exclude .svn -exclude .git -exclude .hg -resolve-src-symlinks /tmp/nosfy-profil-commit-20260919/Nosfy/Media/welcome-galet-premiere.mp4 /tmp/nosfy-profil-commit-dd/Build/Products/Debug-iphonesimulator/Nosfy.app

CpResource /tmp/nosfy-profil-commit-dd/Build/Products/Debug-iphonesimulator/Nosfy.app/welcome-nosfy-premiere.mp4 /tmp/nosfy-profil-commit-20260919/Nosfy/Media/welcome-nosfy-premiere.mp4 (in target 'Nosfy' from project 'Nosfy')
    cd /tmp/nosfy-profil-commit-20260919
    builtin-copy -exclude .DS_Store -exclude CVS -exclude .svn -exclude .git -exclude .hg -resolve-src-symlinks /tmp/nosfy-profil-commit-20260919/Nosfy/Media/welcome-nosfy-premiere.mp4 /tmp/nosfy-profil-commit-dd/Build/Products/Debug-iphonesimulator/Nosfy.app

CpResource /tmp/nosfy-profil-commit-dd/Build/Products/Debug-iphonesimulator/Nosfy.app/video_demon_2.mp4 /tmp/nosfy-profil-commit-20260919/Nosfy/Media/video_demon_2.mp4 (in target 'Nosfy' from project 'Nosfy')
    cd /tmp/nosfy-profil-commit-20260919
    builtin-copy -exclude .DS_Store -exclude CVS -exclude .svn -exclude .git -exclude .hg -resolve-src-symlinks /tmp/nosfy-profil-commit-20260919/Nosfy/Media/video_demon_2.mp4 /tmp/nosfy-profil-commit-dd/Build/Products/Debug-iphonesimulator/Nosfy.app

CpResource /tmp/nosfy-profil-commit-dd/Build/Products/Debug-iphonesimulator/Nosfy.app/video_demon_1.mp4 /tmp/nosfy-profil-commit-20260919/Nosfy/Media/video_demon_1.mp4 (in target 'Nosfy' from project 'Nosfy')
    cd /tmp/nosfy-profil-commit-20260919
    builtin-copy -exclude .DS_Store -exclude CVS -exclude .svn -exclude .git -exclude .hg -resolve-src-symlinks /tmp/nosfy-profil-commit-20260919/Nosfy/Media/video_demon_1.mp4 /tmp/nosfy-profil-commit-dd/Build/Products/Debug-iphonesimulator/Nosfy.app

CpResource /tmp/nosfy-profil-commit-dd/Build/Products/Debug-iphonesimulator/Nosfy.app/story-pilule-top.mp4 /tmp/nosfy-profil-commit-20260919/Nosfy/Media/story-pilule-top.mp4 (in target 'Nosfy' from project 'Nosfy')
    cd /tmp/nosfy-profil-commit-20260919
    builtin-copy -exclude .DS_Store -exclude CVS -exclude .svn -exclude .git -exclude .hg -resolve-src-symlinks /tmp/nosfy-profil-commit-20260919/Nosfy/Media/story-pilule-top.mp4 /tmp/nosfy-profil-commit-dd/Build/Products/Debug-iphonesimulator/Nosfy.app

Ld /tmp/nosfy-profil-commit-dd/Build/Intermediates.noindex/Nosfy.build/Debug-iphonesimulator/Nosfy.build/Objects-normal/x86_64/Binary/__preview.dylib normal x86_64 (in target 'Nosfy' from project 'Nosfy')
    cd /tmp/nosfy-profil-commit-20260919
    /Applications/Xcode.app/Contents/Developer/Toolchains/XcodeDefault.xctoolchain/usr/bin/clang -Xlinker -reproducible -target x86_64-apple-ios26.0-simulator -dynamiclib -isysroot /Applications/Xcode.app/Contents/Developer/Platforms/iPhoneSimulator.platform/Developer/SDKs/iPhoneSimulator26.5.sdk -O0 -L/tmp/nosfy-profil-commit-dd/Build/Products/Debug-iphonesimulator -F/tmp/nosfy-profil-commit-dd/Build/Products/Debug-iphonesimulator -install_name @rpath/Nosfy.debug.dylib -Xlinker -dead_strip -rdynamic -Xlinker -no_deduplicate -Xlinker -objc_abi_version -Xlinker 2 -Xlinker -dependency_info -Xlinker /tmp/nosfy-profil-commit-dd/Build/Intermediates.noindex/Nosfy.build/Debug-iphonesimulator/Nosfy.build/Objects-normal/x86_64/Nosfy_dependency_info.dat -o /tmp/nosfy-profil-commit-dd/Build/Intermediates.noindex/Nosfy.build/Debug-iphonesimulator/Nosfy.build/Objects-normal/x86_64/Binary/__preview.dylib

Ld /tmp/nosfy-profil-commit-dd/Build/Intermediates.noindex/Nosfy.build/Debug-iphonesimulator/Nosfy.build/Objects-normal/arm64/Binary/__preview.dylib normal arm64 (in target 'Nosfy' from project 'Nosfy')
    cd /tmp/nosfy-profil-commit-20260919
    /Applications/Xcode.app/Contents/Developer/Toolchains/XcodeDefault.xctoolchain/usr/bin/clang -Xlinker -reproducible -target arm64-apple-ios26.0-simulator -dynamiclib -isysroot /Applications/Xcode.app/Contents/Developer/Platforms/iPhoneSimulator.platform/Developer/SDKs/iPhoneSimulator26.5.sdk -O0 -L/tmp/nosfy-profil-commit-dd/Build/Products/Debug-iphonesimulator -F/tmp/nosfy-profil-commit-dd/Build/Products/Debug-iphonesimulator -install_name @rpath/Nosfy.debug.dylib -Xlinker -dead_strip -rdynamic -Xlinker -no_deduplicate -Xlinker -objc_abi_version -Xlinker 2 -Xlinker -dependency_info -Xlinker /tmp/nosfy-profil-commit-dd/Build/Intermediates.noindex/Nosfy.build/Debug-iphonesimulator/Nosfy.build/Objects-normal/arm64/Nosfy_dependency_info.dat -o /tmp/nosfy-profil-commit-dd/Build/Intermediates.noindex/Nosfy.build/Debug-iphonesimulator/Nosfy.build/Objects-normal/arm64/Binary/__preview.dylib

CpResource /tmp/nosfy-profil-commit-dd/Build/Products/Debug-iphonesimulator/Nosfy.app/story-pilule-droite.mp4 /tmp/nosfy-profil-commit-20260919/Nosfy/Media/story-pilule-droite.mp4 (in target 'Nosfy' from project 'Nosfy')
    cd /tmp/nosfy-profil-commit-20260919
    builtin-copy -exclude .DS_Store -exclude CVS -exclude .svn -exclude .git -exclude .hg -resolve-src-symlinks /tmp/nosfy-profil-commit-20260919/Nosfy/Media/story-pilule-droite.mp4 /tmp/nosfy-profil-commit-dd/Build/Products/Debug-iphonesimulator/Nosfy.app

CpResource /tmp/nosfy-profil-commit-dd/Build/Products/Debug-iphonesimulator/Nosfy.app/story-macro-or.mp4 /tmp/nosfy-profil-commit-20260919/Nosfy/Media/story-macro-or.mp4 (in target 'Nosfy' from project 'Nosfy')
    cd /tmp/nosfy-profil-commit-20260919
    builtin-copy -exclude .DS_Store -exclude CVS -exclude .svn -exclude .git -exclude .hg -resolve-src-symlinks /tmp/nosfy-profil-commit-20260919/Nosfy/Media/story-macro-or.mp4 /tmp/nosfy-profil-commit-dd/Build/Products/Debug-iphonesimulator/Nosfy.app

CpResource /tmp/nosfy-profil-commit-dd/Build/Products/Debug-iphonesimulator/Nosfy.app/story-macro-flanc.mp4 /tmp/nosfy-profil-commit-20260919/Nosfy/Media/story-macro-flanc.mp4 (in target 'Nosfy' from project 'Nosfy')
    cd /tmp/nosfy-profil-commit-20260919
    builtin-copy -exclude .DS_Store -exclude CVS -exclude .svn -exclude .git -exclude .hg -resolve-src-symlinks /tmp/nosfy-profil-commit-20260919/Nosfy/Media/story-macro-flanc.mp4 /tmp/nosfy-profil-commit-dd/Build/Products/Debug-iphonesimulator/Nosfy.app

CpResource /tmp/nosfy-profil-commit-dd/Build/Products/Debug-iphonesimulator/Nosfy.app/story-macro-bas.mp4 /tmp/nosfy-profil-commit-20260919/Nosfy/Media/story-macro-bas.mp4 (in target 'Nosfy' from project 'Nosfy')
    cd /tmp/nosfy-profil-commit-20260919
    builtin-copy -exclude .DS_Store -exclude CVS -exclude .svn -exclude .git -exclude .hg -resolve-src-symlinks /tmp/nosfy-profil-commit-20260919/Nosfy/Media/story-macro-bas.mp4 /tmp/nosfy-profil-commit-dd/Build/Products/Debug-iphonesimulator/Nosfy.app

CpResource /tmp/nosfy-profil-commit-dd/Build/Products/Debug-iphonesimulator/Nosfy.app/story-ended-verre-b.mp4 /tmp/nosfy-profil-commit-20260919/Nosfy/Media/story-ended-verre-b.mp4 (in target 'Nosfy' from project 'Nosfy')
    cd /tmp/nosfy-profil-commit-20260919
    builtin-copy -exclude .DS_Store -exclude CVS -exclude .svn -exclude .git -exclude .hg -resolve-src-symlinks /tmp/nosfy-profil-commit-20260919/Nosfy/Media/story-ended-verre-b.mp4 /tmp/nosfy-profil-commit-dd/Build/Products/Debug-iphonesimulator/Nosfy.app

CpResource /tmp/nosfy-profil-commit-dd/Build/Products/Debug-iphonesimulator/Nosfy.app/story-ended-verre-a.mp4 /tmp/nosfy-profil-commit-20260919/Nosfy/Media/story-ended-verre-a.mp4 (in target 'Nosfy' from project 'Nosfy')
    cd /tmp/nosfy-profil-commit-20260919
    builtin-copy -exclude .DS_Store -exclude CVS -exclude .svn -exclude .git -exclude .hg -resolve-src-symlinks /tmp/nosfy-profil-commit-20260919/Nosfy/Media/story-ended-verre-a.mp4 /tmp/nosfy-profil-commit-dd/Build/Products/Debug-iphonesimulator/Nosfy.app

CpResource /tmp/nosfy-profil-commit-dd/Build/Products/Debug-iphonesimulator/Nosfy.app/story-eclair-loop.mp4 /tmp/nosfy-profil-commit-20260919/Nosfy/Media/story-eclair-loop.mp4 (in target 'Nosfy' from project 'Nosfy')
    cd /tmp/nosfy-profil-commit-20260919
    builtin-copy -exclude .DS_Store -exclude CVS -exclude .svn -exclude .git -exclude .hg -resolve-src-symlinks /tmp/nosfy-profil-commit-20260919/Nosfy/Media/story-eclair-loop.mp4 /tmp/nosfy-profil-commit-dd/Build/Products/Debug-iphonesimulator/Nosfy.app

CpResource /tmp/nosfy-profil-commit-dd/Build/Products/Debug-iphonesimulator/Nosfy.app/story-booster-noir.mp4 /tmp/nosfy-profil-commit-20260919/Nosfy/Media/story-booster-noir.mp4 (in target 'Nosfy' from project 'Nosfy')
    cd /tmp/nosfy-profil-commit-20260919
    builtin-copy -exclude .DS_Store -exclude CVS -exclude .svn -exclude .git -exclude .hg -resolve-src-symlinks /tmp/nosfy-profil-commit-20260919/Nosfy/Media/story-booster-noir.mp4 /tmp/nosfy-profil-commit-dd/Build/Products/Debug-iphonesimulator/Nosfy.app

CpResource /tmp/nosfy-profil-commit-dd/Build/Products/Debug-iphonesimulator/Nosfy.app/story-booster-lune.mp4 /tmp/nosfy-profil-commit-20260919/Nosfy/Media/story-booster-lune.mp4 (in target 'Nosfy' from project 'Nosfy')
    cd /tmp/nosfy-profil-commit-20260919
    builtin-copy -exclude .DS_Store -exclude CVS -exclude .svn -exclude .git -exclude .hg -resolve-src-symlinks /tmp/nosfy-profil-commit-20260919/Nosfy/Media/story-booster-lune.mp4 /tmp/nosfy-profil-commit-dd/Build/Products/Debug-iphonesimulator/Nosfy.app

CreateUniversalBinary /tmp/nosfy-profil-commit-dd/Build/Products/Debug-iphonesimulator/Nosfy.app/__preview.dylib normal arm64\ x86_64 (in target 'Nosfy' from project 'Nosfy')
    cd /tmp/nosfy-profil-commit-20260919
    /Applications/Xcode.app/Contents/Developer/Toolchains/XcodeDefault.xctoolchain/usr/bin/lipo -create /tmp/nosfy-profil-commit-dd/Build/Intermediates.noindex/Nosfy.build/Debug-iphonesimulator/Nosfy.build/Objects-normal/arm64/Binary/__preview.dylib /tmp/nosfy-profil-commit-dd/Build/Intermediates.noindex/Nosfy.build/Debug-iphonesimulator/Nosfy.build/Objects-normal/x86_64/Binary/__preview.dylib -output /tmp/nosfy-profil-commit-dd/Build/Products/Debug-iphonesimulator/Nosfy.app/__preview.dylib

CpResource /tmp/nosfy-profil-commit-dd/Build/Products/Debug-iphonesimulator/Nosfy.app/stop-bat-loop.mp4 /tmp/nosfy-profil-commit-20260919/Nosfy/Media/stop-bat-loop.mp4 (in target 'Nosfy' from project 'Nosfy')
    cd /tmp/nosfy-profil-commit-20260919
    builtin-copy -exclude .DS_Store -exclude CVS -exclude .svn -exclude .git -exclude .hg -resolve-src-symlinks /tmp/nosfy-profil-commit-20260919/Nosfy/Media/stop-bat-loop.mp4 /tmp/nosfy-profil-commit-dd/Build/Products/Debug-iphonesimulator/Nosfy.app

CpResource /tmp/nosfy-profil-commit-dd/Build/Products/Debug-iphonesimulator/Nosfy.app/start-entrainement-loop.mp4 /tmp/nosfy-profil-commit-20260919/Nosfy/Media/start-entrainement-loop.mp4 (in target 'Nosfy' from project 'Nosfy')
    cd /tmp/nosfy-profil-commit-20260919
    builtin-copy -exclude .DS_Store -exclude CVS -exclude .svn -exclude .git -exclude .hg -resolve-src-symlinks /tmp/nosfy-profil-commit-20260919/Nosfy/Media/start-entrainement-loop.mp4 /tmp/nosfy-profil-commit-dd/Build/Products/Debug-iphonesimulator/Nosfy.app

CpResource /tmp/nosfy-profil-commit-dd/Build/Products/Debug-iphonesimulator/Nosfy.app/sacre-noir.caf /tmp/nosfy-profil-commit-20260919/Nosfy/Media/sacre-noir.caf (in target 'Nosfy' from project 'Nosfy')
    cd /tmp/nosfy-profil-commit-20260919
    builtin-copy -exclude .DS_Store -exclude CVS -exclude .svn -exclude .git -exclude .hg -resolve-src-symlinks /tmp/nosfy-profil-commit-20260919/Nosfy/Media/sacre-noir.caf /tmp/nosfy-profil-commit-dd/Build/Products/Debug-iphonesimulator/Nosfy.app

CpResource /tmp/nosfy-profil-commit-dd/Build/Products/Debug-iphonesimulator/Nosfy.app/sacre-lune.caf /tmp/nosfy-profil-commit-20260919/Nosfy/Media/sacre-lune.caf (in target 'Nosfy' from project 'Nosfy')
    cd /tmp/nosfy-profil-commit-20260919
    builtin-copy -exclude .DS_Store -exclude CVS -exclude .svn -exclude .git -exclude .hg -resolve-src-symlinks /tmp/nosfy-profil-commit-20260919/Nosfy/Media/sacre-lune.caf /tmp/nosfy-profil-commit-dd/Build/Products/Debug-iphonesimulator/Nosfy.app

CpResource /tmp/nosfy-profil-commit-dd/Build/Products/Debug-iphonesimulator/Nosfy.app/sacre-legendaire.caf /tmp/nosfy-profil-commit-20260919/Nosfy/Media/sacre-legendaire.caf (in target 'Nosfy' from project 'Nosfy')
    cd /tmp/nosfy-profil-commit-20260919
    builtin-copy -exclude .DS_Store -exclude CVS -exclude .svn -exclude .git -exclude .hg -resolve-src-symlinks /tmp/nosfy-profil-commit-20260919/Nosfy/Media/sacre-legendaire.caf /tmp/nosfy-profil-commit-dd/Build/Products/Debug-iphonesimulator/Nosfy.app

CpResource /tmp/nosfy-profil-commit-dd/Build/Products/Debug-iphonesimulator/Nosfy.app/sacre-epique.caf /tmp/nosfy-profil-commit-20260919/Nosfy/Media/sacre-epique.caf (in target 'Nosfy' from project 'Nosfy')
    cd /tmp/nosfy-profil-commit-20260919
    builtin-copy -exclude .DS_Store -exclude CVS -exclude .svn -exclude .git -exclude .hg -resolve-src-symlinks /tmp/nosfy-profil-commit-20260919/Nosfy/Media/sacre-epique.caf /tmp/nosfy-profil-commit-dd/Build/Products/Debug-iphonesimulator/Nosfy.app

CpResource /tmp/nosfy-profil-commit-dd/Build/Products/Debug-iphonesimulator/Nosfy.app/sacre-commune.caf /tmp/nosfy-profil-commit-20260919/Nosfy/Media/sacre-commune.caf (in target 'Nosfy' from project 'Nosfy')
    cd /tmp/nosfy-profil-commit-20260919
    builtin-copy -exclude .DS_Store -exclude CVS -exclude .svn -exclude .git -exclude .hg -resolve-src-symlinks /tmp/nosfy-profil-commit-20260919/Nosfy/Media/sacre-commune.caf /tmp/nosfy-profil-commit-dd/Build/Products/Debug-iphonesimulator/Nosfy.app

CpResource /tmp/nosfy-profil-commit-dd/Build/Products/Debug-iphonesimulator/Nosfy.app/reward-welcome.mp4 /tmp/nosfy-profil-commit-20260919/Nosfy/Media/reward-welcome.mp4 (in target 'Nosfy' from project 'Nosfy')
    cd /tmp/nosfy-profil-commit-20260919
    builtin-copy -exclude .DS_Store -exclude CVS -exclude .svn -exclude .git -exclude .hg -resolve-src-symlinks /tmp/nosfy-profil-commit-20260919/Nosfy/Media/reward-welcome.mp4 /tmp/nosfy-profil-commit-dd/Build/Products/Debug-iphonesimulator/Nosfy.app

CpResource /tmp/nosfy-profil-commit-dd/Build/Products/Debug-iphonesimulator/Nosfy.app/reward-welcome-loop.mp4 /tmp/nosfy-profil-commit-20260919/Nosfy/Media/reward-welcome-loop.mp4 (in target 'Nosfy' from project 'Nosfy')
    cd /tmp/nosfy-profil-commit-20260919
    builtin-copy -exclude .DS_Store -exclude CVS -exclude .svn -exclude .git -exclude .hg -resolve-src-symlinks /tmp/nosfy-profil-commit-20260919/Nosfy/Media/reward-welcome-loop.mp4 /tmp/nosfy-profil-commit-dd/Build/Products/Debug-iphonesimulator/Nosfy.app

CpResource /tmp/nosfy-profil-commit-dd/Build/Products/Debug-iphonesimulator/Nosfy.app/reward-rare.mp4 /tmp/nosfy-profil-commit-20260919/Nosfy/Media/reward-rare.mp4 (in target 'Nosfy' from project 'Nosfy')
    cd /tmp/nosfy-profil-commit-20260919
    builtin-copy -exclude .DS_Store -exclude CVS -exclude .svn -exclude .git -exclude .hg -resolve-src-symlinks /tmp/nosfy-profil-commit-20260919/Nosfy/Media/reward-rare.mp4 /tmp/nosfy-profil-commit-dd/Build/Products/Debug-iphonesimulator/Nosfy.app

CpResource /tmp/nosfy-profil-commit-dd/Build/Products/Debug-iphonesimulator/Nosfy.app/reward-piece-5.mp4 /tmp/nosfy-profil-commit-20260919/Nosfy/Media/reward-piece-5.mp4 (in target 'Nosfy' from project 'Nosfy')
    cd /tmp/nosfy-profil-commit-20260919
    builtin-copy -exclude .DS_Store -exclude CVS -exclude .svn -exclude .git -exclude .hg -resolve-src-symlinks /tmp/nosfy-profil-commit-20260919/Nosfy/Media/reward-piece-5.mp4 /tmp/nosfy-profil-commit-dd/Build/Products/Debug-iphonesimulator/Nosfy.app

CpResource /tmp/nosfy-profil-commit-dd/Build/Products/Debug-iphonesimulator/Nosfy.app/reward-piece-4.mp4 /tmp/nosfy-profil-commit-20260919/Nosfy/Media/reward-piece-4.mp4 (in target 'Nosfy' from project 'Nosfy')
    cd /tmp/nosfy-profil-commit-20260919
    builtin-copy -exclude .DS_Store -exclude CVS -exclude .svn -exclude .git -exclude .hg -resolve-src-symlinks /tmp/nosfy-profil-commit-20260919/Nosfy/Media/reward-piece-4.mp4 /tmp/nosfy-profil-commit-dd/Build/Products/Debug-iphonesimulator/Nosfy.app

CpResource /tmp/nosfy-profil-commit-dd/Build/Products/Debug-iphonesimulator/Nosfy.app/reward-piece-3.mp4 /tmp/nosfy-profil-commit-20260919/Nosfy/Media/reward-piece-3.mp4 (in target 'Nosfy' from project 'Nosfy')
    cd /tmp/nosfy-profil-commit-20260919
    builtin-copy -exclude .DS_Store -exclude CVS -exclude .svn -exclude .git -exclude .hg -resolve-src-symlinks /tmp/nosfy-profil-commit-20260919/Nosfy/Media/reward-piece-3.mp4 /tmp/nosfy-profil-commit-dd/Build/Products/Debug-iphonesimulator/Nosfy.app

CpResource /tmp/nosfy-profil-commit-dd/Build/Products/Debug-iphonesimulator/Nosfy.app/reward-piece-2.mp4 /tmp/nosfy-profil-commit-20260919/Nosfy/Media/reward-piece-2.mp4 (in target 'Nosfy' from project 'Nosfy')
    cd /tmp/nosfy-profil-commit-20260919
    builtin-copy -exclude .DS_Store -exclude CVS -exclude .svn -exclude .git -exclude .hg -resolve-src-symlinks /tmp/nosfy-profil-commit-20260919/Nosfy/Media/reward-piece-2.mp4 /tmp/nosfy-profil-commit-dd/Build/Products/Debug-iphonesimulator/Nosfy.app

CpResource /tmp/nosfy-profil-commit-dd/Build/Products/Debug-iphonesimulator/Nosfy.app/reward-piece-1.mp4 /tmp/nosfy-profil-commit-20260919/Nosfy/Media/reward-piece-1.mp4 (in target 'Nosfy' from project 'Nosfy')
    cd /tmp/nosfy-profil-commit-20260919
    builtin-copy -exclude .DS_Store -exclude CVS -exclude .svn -exclude .git -exclude .hg -resolve-src-symlinks /tmp/nosfy-profil-commit-20260919/Nosfy/Media/reward-piece-1.mp4 /tmp/nosfy-profil-commit-dd/Build/Products/Debug-iphonesimulator/Nosfy.app

CpResource /tmp/nosfy-profil-commit-dd/Build/Products/Debug-iphonesimulator/Nosfy.app/reward-nosfy-coins.mp4 /tmp/nosfy-profil-commit-20260919/Nosfy/Media/reward-nosfy-coins.mp4 (in target 'Nosfy' from project 'Nosfy')
    cd /tmp/nosfy-profil-commit-20260919
    builtin-copy -exclude .DS_Store -exclude CVS -exclude .svn -exclude .git -exclude .hg -resolve-src-symlinks /tmp/nosfy-profil-commit-20260919/Nosfy/Media/reward-nosfy-coins.mp4 /tmp/nosfy-profil-commit-dd/Build/Products/Debug-iphonesimulator/Nosfy.app

CpResource /tmp/nosfy-profil-commit-dd/Build/Products/Debug-iphonesimulator/Nosfy.app/reward-lune.mp4 /tmp/nosfy-profil-commit-20260919/Nosfy/Media/reward-lune.mp4 (in target 'Nosfy' from project 'Nosfy')
    cd /tmp/nosfy-profil-commit-20260919
    builtin-copy -exclude .DS_Store -exclude CVS -exclude .svn -exclude .git -exclude .hg -resolve-src-symlinks /tmp/nosfy-profil-commit-20260919/Nosfy/Media/reward-lune.mp4 /tmp/nosfy-profil-commit-dd/Build/Products/Debug-iphonesimulator/Nosfy.app

CpResource /tmp/nosfy-profil-commit-dd/Build/Products/Debug-iphonesimulator/Nosfy.app/reward-fire.mp4 /tmp/nosfy-profil-commit-20260919/Nosfy/Media/reward-fire.mp4 (in target 'Nosfy' from project 'Nosfy')
    cd /tmp/nosfy-profil-commit-20260919
    builtin-copy -exclude .DS_Store -exclude CVS -exclude .svn -exclude .git -exclude .hg -resolve-src-symlinks /tmp/nosfy-profil-commit-20260919/Nosfy/Media/reward-fire.mp4 /tmp/nosfy-profil-commit-dd/Build/Products/Debug-iphonesimulator/Nosfy.app

CpResource /tmp/nosfy-profil-commit-dd/Build/Products/Debug-iphonesimulator/Nosfy.app/piece-sol.mp4 /tmp/nosfy-profil-commit-20260919/Nosfy/Media/piece-sol.mp4 (in target 'Nosfy' from project 'Nosfy')
    cd /tmp/nosfy-profil-commit-20260919
    builtin-copy -exclude .DS_Store -exclude CVS -exclude .svn -exclude .git -exclude .hg -resolve-src-symlinks /tmp/nosfy-profil-commit-20260919/Nosfy/Media/piece-sol.mp4 /tmp/nosfy-profil-commit-dd/Build/Products/Debug-iphonesimulator/Nosfy.app

CpResource /tmp/nosfy-profil-commit-dd/Build/Products/Debug-iphonesimulator/Nosfy.app/piece-bravo.mp4 /tmp/nosfy-profil-commit-20260919/Nosfy/Media/piece-bravo.mp4 (in target 'Nosfy' from project 'Nosfy')
    cd /tmp/nosfy-profil-commit-20260919
    builtin-copy -exclude .DS_Store -exclude CVS -exclude .svn -exclude .git -exclude .hg -resolve-src-symlinks /tmp/nosfy-profil-commit-20260919/Nosfy/Media/piece-bravo.mp4 /tmp/nosfy-profil-commit-dd/Build/Products/Debug-iphonesimulator/Nosfy.app

CpResource /tmp/nosfy-profil-commit-dd/Build/Products/Debug-iphonesimulator/Nosfy.app/piece-bravo-loop.mp4 /tmp/nosfy-profil-commit-20260919/Nosfy/Media/piece-bravo-loop.mp4 (in target 'Nosfy' from project 'Nosfy')
    cd /tmp/nosfy-profil-commit-20260919
    builtin-copy -exclude .DS_Store -exclude CVS -exclude .svn -exclude .git -exclude .hg -resolve-src-symlinks /tmp/nosfy-profil-commit-20260919/Nosfy/Media/piece-bravo-loop.mp4 /tmp/nosfy-profil-commit-dd/Build/Products/Debug-iphonesimulator/Nosfy.app

CpResource /tmp/nosfy-profil-commit-dd/Build/Products/Debug-iphonesimulator/Nosfy.app/pause-overlay-loop.mp4 /tmp/nosfy-profil-commit-20260919/Nosfy/Media/pause-overlay-loop.mp4 (in target 'Nosfy' from project 'Nosfy')
    cd /tmp/nosfy-profil-commit-20260919
    builtin-copy -exclude .DS_Store -exclude CVS -exclude .svn -exclude .git -exclude .hg -resolve-src-symlinks /tmp/nosfy-profil-commit-20260919/Nosfy/Media/pause-overlay-loop.mp4 /tmp/nosfy-profil-commit-dd/Build/Products/Debug-iphonesimulator/Nosfy.app

CpResource /tmp/nosfy-profil-commit-dd/Build/Products/Debug-iphonesimulator/Nosfy.app/onb-track-loop.mp4 /tmp/nosfy-profil-commit-20260919/Nosfy/Media/onb-track-loop.mp4 (in target 'Nosfy' from project 'Nosfy')
    cd /tmp/nosfy-profil-commit-20260919
    builtin-copy -exclude .DS_Store -exclude CVS -exclude .svn -exclude .git -exclude .hg -resolve-src-symlinks /tmp/nosfy-profil-commit-20260919/Nosfy/Media/onb-track-loop.mp4 /tmp/nosfy-profil-commit-dd/Build/Products/Debug-iphonesimulator/Nosfy.app

CpResource /tmp/nosfy-profil-commit-dd/Build/Products/Debug-iphonesimulator/Nosfy.app/onb-lune-loop.mp4 /tmp/nosfy-profil-commit-20260919/Nosfy/Media/onb-lune-loop.mp4 (in target 'Nosfy' from project 'Nosfy')
    cd /tmp/nosfy-profil-commit-20260919
    builtin-copy -exclude .DS_Store -exclude CVS -exclude .svn -exclude .git -exclude .hg -resolve-src-symlinks /tmp/nosfy-profil-commit-20260919/Nosfy/Media/onb-lune-loop.mp4 /tmp/nosfy-profil-commit-dd/Build/Products/Debug-iphonesimulator/Nosfy.app

CpResource /tmp/nosfy-profil-commit-dd/Build/Products/Debug-iphonesimulator/Nosfy.app/onb-exos-loop.mp4 /tmp/nosfy-profil-commit-20260919/Nosfy/Media/onb-exos-loop.mp4 (in target 'Nosfy' from project 'Nosfy')
    cd /tmp/nosfy-profil-commit-20260919
    builtin-copy -exclude .DS_Store -exclude CVS -exclude .svn -exclude .git -exclude .hg -resolve-src-symlinks /tmp/nosfy-profil-commit-20260919/Nosfy/Media/onb-exos-loop.mp4 /tmp/nosfy-profil-commit-dd/Build/Products/Debug-iphonesimulator/Nosfy.app

CpResource /tmp/nosfy-profil-commit-dd/Build/Products/Debug-iphonesimulator/Nosfy.app/onb-arrivee.mp4 /tmp/nosfy-profil-commit-20260919/Nosfy/Media/onb-arrivee.mp4 (in target 'Nosfy' from project 'Nosfy')
    cd /tmp/nosfy-profil-commit-20260919
    builtin-copy -exclude .DS_Store -exclude CVS -exclude .svn -exclude .git -exclude .hg -resolve-src-symlinks /tmp/nosfy-profil-commit-20260919/Nosfy/Media/onb-arrivee.mp4 /tmp/nosfy-profil-commit-dd/Build/Products/Debug-iphonesimulator/Nosfy.app

CpResource /tmp/nosfy-profil-commit-dd/Build/Products/Debug-iphonesimulator/Nosfy.app/nosfy-nuit.mp4 /tmp/nosfy-profil-commit-20260919/Nosfy/Media/nosfy-nuit.mp4 (in target 'Nosfy' from project 'Nosfy')
    cd /tmp/nosfy-profil-commit-20260919
    builtin-copy -exclude .DS_Store -exclude CVS -exclude .svn -exclude .git -exclude .hg -resolve-src-symlinks /tmp/nosfy-profil-commit-20260919/Nosfy/Media/nosfy-nuit.mp4 /tmp/nosfy-profil-commit-dd/Build/Products/Debug-iphonesimulator/Nosfy.app

CpResource /tmp/nosfy-profil-commit-dd/Build/Products/Debug-iphonesimulator/Nosfy.app/nosfy-notif-loop.mp4 /tmp/nosfy-profil-commit-20260919/Nosfy/Media/nosfy-notif-loop.mp4 (in target 'Nosfy' from project 'Nosfy')
    cd /tmp/nosfy-profil-commit-20260919
    builtin-copy -exclude .DS_Store -exclude CVS -exclude .svn -exclude .git -exclude .hg -resolve-src-symlinks /tmp/nosfy-profil-commit-20260919/Nosfy/Media/nosfy-notif-loop.mp4 /tmp/nosfy-profil-commit-dd/Build/Products/Debug-iphonesimulator/Nosfy.app

CpResource /tmp/nosfy-profil-commit-dd/Build/Products/Debug-iphonesimulator/Nosfy.app/nosfy-end.mp4 /tmp/nosfy-profil-commit-20260919/Nosfy/Media/nosfy-end.mp4 (in target 'Nosfy' from project 'Nosfy')
    cd /tmp/nosfy-profil-commit-20260919
    builtin-copy -exclude .DS_Store -exclude CVS -exclude .svn -exclude .git -exclude .hg -resolve-src-symlinks /tmp/nosfy-profil-commit-20260919/Nosfy/Media/nosfy-end.mp4 /tmp/nosfy-profil-commit-dd/Build/Products/Debug-iphonesimulator/Nosfy.app

CpResource /tmp/nosfy-profil-commit-dd/Build/Products/Debug-iphonesimulator/Nosfy.app/nosfy-accueil-loop.mp4 /tmp/nosfy-profil-commit-20260919/Nosfy/Media/nosfy-accueil-loop.mp4 (in target 'Nosfy' from project 'Nosfy')
    cd /tmp/nosfy-profil-commit-20260919
    builtin-copy -exclude .DS_Store -exclude CVS -exclude .svn -exclude .git -exclude .hg -resolve-src-symlinks /tmp/nosfy-profil-commit-20260919/Nosfy/Media/nosfy-accueil-loop.mp4 /tmp/nosfy-profil-commit-dd/Build/Products/Debug-iphonesimulator/Nosfy.app

CpResource /tmp/nosfy-profil-commit-dd/Build/Products/Debug-iphonesimulator/Nosfy.app/molette-glass-loop.mp4 /tmp/nosfy-profil-commit-20260919/Nosfy/Media/molette-glass-loop.mp4 (in target 'Nosfy' from project 'Nosfy')
    cd /tmp/nosfy-profil-commit-20260919
    builtin-copy -exclude .DS_Store -exclude CVS -exclude .svn -exclude .git -exclude .hg -resolve-src-symlinks /tmp/nosfy-profil-commit-20260919/Nosfy/Media/molette-glass-loop.mp4 /tmp/nosfy-profil-commit-dd/Build/Products/Debug-iphonesimulator/Nosfy.app

CpResource /tmp/nosfy-profil-commit-dd/Build/Products/Debug-iphonesimulator/Nosfy.app/manege-noir.caf /tmp/nosfy-profil-commit-20260919/Nosfy/Media/manege-noir.caf (in target 'Nosfy' from project 'Nosfy')
    cd /tmp/nosfy-profil-commit-20260919
    builtin-copy -exclude .DS_Store -exclude CVS -exclude .svn -exclude .git -exclude .hg -resolve-src-symlinks /tmp/nosfy-profil-commit-20260919/Nosfy/Media/manege-noir.caf /tmp/nosfy-profil-commit-dd/Build/Products/Debug-iphonesimulator/Nosfy.app

CpResource /tmp/nosfy-profil-commit-dd/Build/Products/Debug-iphonesimulator/Nosfy.app/manege-nappe.caf /tmp/nosfy-profil-commit-20260919/Nosfy/Media/manege-nappe.caf (in target 'Nosfy' from project 'Nosfy')
    cd /tmp/nosfy-profil-commit-20260919
    builtin-copy -exclude .DS_Store -exclude CVS -exclude .svn -exclude .git -exclude .hg -resolve-src-symlinks /tmp/nosfy-profil-commit-20260919/Nosfy/Media/manege-nappe.caf /tmp/nosfy-profil-commit-dd/Build/Products/Debug-iphonesimulator/Nosfy.app

CpResource /tmp/nosfy-profil-commit-dd/Build/Products/Debug-iphonesimulator/Nosfy.app/ile-sortie.wav /tmp/nosfy-profil-commit-20260919/Nosfy/Media/ile-sortie.wav (in target 'Nosfy' from project 'Nosfy')
    cd /tmp/nosfy-profil-commit-20260919
    builtin-copy -exclude .DS_Store -exclude CVS -exclude .svn -exclude .git -exclude .hg -resolve-src-symlinks /tmp/nosfy-profil-commit-20260919/Nosfy/Media/ile-sortie.wav /tmp/nosfy-profil-commit-dd/Build/Products/Debug-iphonesimulator/Nosfy.app

CpResource /tmp/nosfy-profil-commit-dd/Build/Products/Debug-iphonesimulator/Nosfy.app/ile-entree.wav /tmp/nosfy-profil-commit-20260919/Nosfy/Media/ile-entree.wav (in target 'Nosfy' from project 'Nosfy')
    cd /tmp/nosfy-profil-commit-20260919
    builtin-copy -exclude .DS_Store -exclude CVS -exclude .svn -exclude .git -exclude .hg -resolve-src-symlinks /tmp/nosfy-profil-commit-20260919/Nosfy/Media/ile-entree.wav /tmp/nosfy-profil-commit-dd/Build/Products/Debug-iphonesimulator/Nosfy.app

CpResource /tmp/nosfy-profil-commit-dd/Build/Products/Debug-iphonesimulator/Nosfy.app/home-textes.json /tmp/nosfy-profil-commit-20260919/Nosfy/Resources/home-textes.json (in target 'Nosfy' from project 'Nosfy')
    cd /tmp/nosfy-profil-commit-20260919
    builtin-copy -exclude .DS_Store -exclude CVS -exclude .svn -exclude .git -exclude .hg -resolve-src-symlinks /tmp/nosfy-profil-commit-20260919/Nosfy/Resources/home-textes.json /tmp/nosfy-profil-commit-dd/Build/Products/Debug-iphonesimulator/Nosfy.app

CpResource /tmp/nosfy-profil-commit-dd/Build/Products/Debug-iphonesimulator/Nosfy.app/home-fond-precompose-393x709.mp4 /tmp/nosfy-profil-commit-20260919/Nosfy/Media/home-fond-precompose-393x709.mp4 (in target 'Nosfy' from project 'Nosfy')
    cd /tmp/nosfy-profil-commit-20260919
    builtin-copy -exclude .DS_Store -exclude CVS -exclude .svn -exclude .git -exclude .hg -resolve-src-symlinks /tmp/nosfy-profil-commit-20260919/Nosfy/Media/home-fond-precompose-393x709.mp4 /tmp/nosfy-profil-commit-dd/Build/Products/Debug-iphonesimulator/Nosfy.app

CpResource /tmp/nosfy-profil-commit-dd/Build/Products/Debug-iphonesimulator/Nosfy.app/home-fond-pilule.mp4 /tmp/nosfy-profil-commit-20260919/Nosfy/Media/home-fond-pilule.mp4 (in target 'Nosfy' from project 'Nosfy')
    cd /tmp/nosfy-profil-commit-20260919
    builtin-copy -exclude .DS_Store -exclude CVS -exclude .svn -exclude .git -exclude .hg -resolve-src-symlinks /tmp/nosfy-profil-commit-20260919/Nosfy/Media/home-fond-pilule.mp4 /tmp/nosfy-profil-commit-dd/Build/Products/Debug-iphonesimulator/Nosfy.app

CpResource /tmp/nosfy-profil-commit-dd/Build/Products/Debug-iphonesimulator/Nosfy.app/home-fond-loop.mp4 /tmp/nosfy-profil-commit-20260919/Nosfy/Media/home-fond-loop.mp4 (in target 'Nosfy' from project 'Nosfy')
    cd /tmp/nosfy-profil-commit-20260919
    builtin-copy -exclude .DS_Store -exclude CVS -exclude .svn -exclude .git -exclude .hg -resolve-src-symlinks /tmp/nosfy-profil-commit-20260919/Nosfy/Media/home-fond-loop.mp4 /tmp/nosfy-profil-commit-dd/Build/Products/Debug-iphonesimulator/Nosfy.app

CpResource /tmp/nosfy-profil-commit-dd/Build/Products/Debug-iphonesimulator/Nosfy.app/home-fond-flamme.mp4 /tmp/nosfy-profil-commit-20260919/Nosfy/Media/home-fond-flamme.mp4 (in target 'Nosfy' from project 'Nosfy')
    cd /tmp/nosfy-profil-commit-20260919
    builtin-copy -exclude .DS_Store -exclude CVS -exclude .svn -exclude .git -exclude .hg -resolve-src-symlinks /tmp/nosfy-profil-commit-20260919/Nosfy/Media/home-fond-flamme.mp4 /tmp/nosfy-profil-commit-dd/Build/Products/Debug-iphonesimulator/Nosfy.app

CpResource /tmp/nosfy-profil-commit-dd/Build/Products/Debug-iphonesimulator/Nosfy.app/fond-matrice-loop.mp4 /tmp/nosfy-profil-commit-20260919/Nosfy/Media/fond-matrice-loop.mp4 (in target 'Nosfy' from project 'Nosfy')
    cd /tmp/nosfy-profil-commit-20260919
    builtin-copy -exclude .DS_Store -exclude CVS -exclude .svn -exclude .git -exclude .hg -resolve-src-symlinks /tmp/nosfy-profil-commit-20260919/Nosfy/Media/fond-matrice-loop.mp4 /tmp/nosfy-profil-commit-dd/Build/Products/Debug-iphonesimulator/Nosfy.app

CpResource /tmp/nosfy-profil-commit-dd/Build/Products/Debug-iphonesimulator/Nosfy.app/flamme_overlay.mp4 /tmp/nosfy-profil-commit-20260919/Nosfy/Media/flamme_overlay.mp4 (in target 'Nosfy' from project 'Nosfy')
    cd /tmp/nosfy-profil-commit-20260919
    builtin-copy -exclude .DS_Store -exclude CVS -exclude .svn -exclude .git -exclude .hg -resolve-src-symlinks /tmp/nosfy-profil-commit-20260919/Nosfy/Media/flamme_overlay.mp4 /tmp/nosfy-profil-commit-dd/Build/Products/Debug-iphonesimulator/Nosfy.app

CpResource /tmp/nosfy-profil-commit-dd/Build/Products/Debug-iphonesimulator/Nosfy.app/feerie-carillon.caf /tmp/nosfy-profil-commit-20260919/Nosfy/Media/feerie-carillon.caf (in target 'Nosfy' from project 'Nosfy')
    cd /tmp/nosfy-profil-commit-20260919
    builtin-copy -exclude .DS_Store -exclude CVS -exclude .svn -exclude .git -exclude .hg -resolve-src-symlinks /tmp/nosfy-profil-commit-20260919/Nosfy/Media/feerie-carillon.caf /tmp/nosfy-profil-commit-dd/Build/Products/Debug-iphonesimulator/Nosfy.app

CpResource /tmp/nosfy-profil-commit-dd/Build/Products/Debug-iphonesimulator/Nosfy.app/exos-fond-loop.mp4 /tmp/nosfy-profil-commit-20260919/Nosfy/Media/exos-fond-loop.mp4 (in target 'Nosfy' from project 'Nosfy')
    cd /tmp/nosfy-profil-commit-20260919
    builtin-copy -exclude .DS_Store -exclude CVS -exclude .svn -exclude .git -exclude .hg -resolve-src-symlinks /tmp/nosfy-profil-commit-20260919/Nosfy/Media/exos-fond-loop.mp4 /tmp/nosfy-profil-commit-dd/Build/Products/Debug-iphonesimulator/Nosfy.app

CpResource /tmp/nosfy-profil-commit-dd/Build/Products/Debug-iphonesimulator/Nosfy.app/erreur-loop.mp4 /tmp/nosfy-profil-commit-20260919/Nosfy/Media/erreur-loop.mp4 (in target 'Nosfy' from project 'Nosfy')
    cd /tmp/nosfy-profil-commit-20260919
    builtin-copy -exclude .DS_Store -exclude CVS -exclude .svn -exclude .git -exclude .hg -resolve-src-symlinks /tmp/nosfy-profil-commit-20260919/Nosfy/Media/erreur-loop.mp4 /tmp/nosfy-profil-commit-dd/Build/Products/Debug-iphonesimulator/Nosfy.app

CpResource /tmp/nosfy-profil-commit-dd/Build/Products/Debug-iphonesimulator/Nosfy.app/duo-nosfy-reward.mp4 /tmp/nosfy-profil-commit-20260919/Nosfy/Media/duo-nosfy-reward.mp4 (in target 'Nosfy' from project 'Nosfy')
    cd /tmp/nosfy-profil-commit-20260919
    builtin-copy -exclude .DS_Store -exclude CVS -exclude .svn -exclude .git -exclude .hg -resolve-src-symlinks /tmp/nosfy-profil-commit-20260919/Nosfy/Media/duo-nosfy-reward.mp4 /tmp/nosfy-profil-commit-dd/Build/Products/Debug-iphonesimulator/Nosfy.app

CpResource /tmp/nosfy-profil-commit-dd/Build/Products/Debug-iphonesimulator/Nosfy.app/duo-galet-rougebleu.mp4 /tmp/nosfy-profil-commit-20260919/Nosfy/Media/duo-galet-rougebleu.mp4 (in target 'Nosfy' from project 'Nosfy')
    cd /tmp/nosfy-profil-commit-20260919
    builtin-copy -exclude .DS_Store -exclude CVS -exclude .svn -exclude .git -exclude .hg -resolve-src-symlinks /tmp/nosfy-profil-commit-20260919/Nosfy/Media/duo-galet-rougebleu.mp4 /tmp/nosfy-profil-commit-dd/Build/Products/Debug-iphonesimulator/Nosfy.app

CpResource /tmp/nosfy-profil-commit-dd/Build/Products/Debug-iphonesimulator/Nosfy.app/duo-galet-rouge.mp4 /tmp/nosfy-profil-commit-20260919/Nosfy/Media/duo-galet-rouge.mp4 (in target 'Nosfy' from project 'Nosfy')
    cd /tmp/nosfy-profil-commit-20260919
    builtin-copy -exclude .DS_Store -exclude CVS -exclude .svn -exclude .git -exclude .hg -resolve-src-symlinks /tmp/nosfy-profil-commit-20260919/Nosfy/Media/duo-galet-rouge.mp4 /tmp/nosfy-profil-commit-dd/Build/Products/Debug-iphonesimulator/Nosfy.app

CpResource /tmp/nosfy-profil-commit-dd/Build/Products/Debug-iphonesimulator/Nosfy.app/duo-galet-noir.mp4 /tmp/nosfy-profil-commit-20260919/Nosfy/Media/duo-galet-noir.mp4 (in target 'Nosfy' from project 'Nosfy')
    cd /tmp/nosfy-profil-commit-20260919
    builtin-copy -exclude .DS_Store -exclude CVS -exclude .svn -exclude .git -exclude .hg -resolve-src-symlinks /tmp/nosfy-profil-commit-20260919/Nosfy/Media/duo-galet-noir.mp4 /tmp/nosfy-profil-commit-dd/Build/Products/Debug-iphonesimulator/Nosfy.app

CpResource /tmp/nosfy-profil-commit-dd/Build/Products/Debug-iphonesimulator/Nosfy.app/duo-flamme-bleue.mp4 /tmp/nosfy-profil-commit-20260919/Nosfy/Media/duo-flamme-bleue.mp4 (in target 'Nosfy' from project 'Nosfy')
    cd /tmp/nosfy-profil-commit-20260919
    builtin-copy -exclude .DS_Store -exclude CVS -exclude .svn -exclude .git -exclude .hg -resolve-src-symlinks /tmp/nosfy-profil-commit-20260919/Nosfy/Media/duo-flamme-bleue.mp4 /tmp/nosfy-profil-commit-dd/Build/Products/Debug-iphonesimulator/Nosfy.app

CpResource /tmp/nosfy-profil-commit-dd/Build/Products/Debug-iphonesimulator/Nosfy.app/duo-feu-rouge.mp4 /tmp/nosfy-profil-commit-20260919/Nosfy/Media/duo-feu-rouge.mp4 (in target 'Nosfy' from project 'Nosfy')
    cd /tmp/nosfy-profil-commit-20260919
    builtin-copy -exclude .DS_Store -exclude CVS -exclude .svn -exclude .git -exclude .hg -resolve-src-symlinks /tmp/nosfy-profil-commit-20260919/Nosfy/Media/duo-feu-rouge.mp4 /tmp/nosfy-profil-commit-dd/Build/Products/Debug-iphonesimulator/Nosfy.app

CpResource /tmp/nosfy-profil-commit-dd/Build/Products/Debug-iphonesimulator/Nosfy.app/duo-feu-blanc.mp4 /tmp/nosfy-profil-commit-20260919/Nosfy/Media/duo-feu-blanc.mp4 (in target 'Nosfy' from project 'Nosfy')
    cd /tmp/nosfy-profil-commit-20260919
    builtin-copy -exclude .DS_Store -exclude CVS -exclude .svn -exclude .git -exclude .hg -resolve-src-symlinks /tmp/nosfy-profil-commit-20260919/Nosfy/Media/duo-feu-blanc.mp4 /tmp/nosfy-profil-commit-dd/Build/Products/Debug-iphonesimulator/Nosfy.app

CpResource /tmp/nosfy-profil-commit-dd/Build/Products/Debug-iphonesimulator/Nosfy.app/dechirure-lente.caf /tmp/nosfy-profil-commit-20260919/Nosfy/Media/dechirure-lente.caf (in target 'Nosfy' from project 'Nosfy')
    cd /tmp/nosfy-profil-commit-20260919
    builtin-copy -exclude .DS_Store -exclude CVS -exclude .svn -exclude .git -exclude .hg -resolve-src-symlinks /tmp/nosfy-profil-commit-20260919/Nosfy/Media/dechirure-lente.caf /tmp/nosfy-profil-commit-dd/Build/Products/Debug-iphonesimulator/Nosfy.app

CpResource /tmp/nosfy-profil-commit-dd/Build/Products/Debug-iphonesimulator/Nosfy.app/dechirure-franche.caf /tmp/nosfy-profil-commit-20260919/Nosfy/Media/dechirure-franche.caf (in target 'Nosfy' from project 'Nosfy')
    cd /tmp/nosfy-profil-commit-20260919
    builtin-copy -exclude .DS_Store -exclude CVS -exclude .svn -exclude .git -exclude .hg -resolve-src-symlinks /tmp/nosfy-profil-commit-20260919/Nosfy/Media/dechirure-franche.caf /tmp/nosfy-profil-commit-dd/Build/Products/Debug-iphonesimulator/Nosfy.app

CpResource /tmp/nosfy-profil-commit-dd/Build/Products/Debug-iphonesimulator/Nosfy.app/dechirure-finale.caf /tmp/nosfy-profil-commit-20260919/Nosfy/Media/dechirure-finale.caf (in target 'Nosfy' from project 'Nosfy')
    cd /tmp/nosfy-profil-commit-20260919
    builtin-copy -exclude .DS_Store -exclude CVS -exclude .svn -exclude .git -exclude .hg -resolve-src-symlinks /tmp/nosfy-profil-commit-20260919/Nosfy/Media/dechirure-finale.caf /tmp/nosfy-profil-commit-dd/Build/Products/Debug-iphonesimulator/Nosfy.app

CpResource /tmp/nosfy-profil-commit-dd/Build/Products/Debug-iphonesimulator/Nosfy.app/count.mp4 /tmp/nosfy-profil-commit-20260919/Nosfy/Media/count.mp4 (in target 'Nosfy' from project 'Nosfy')
    cd /tmp/nosfy-profil-commit-20260919
    builtin-copy -exclude .DS_Store -exclude CVS -exclude .svn -exclude .git -exclude .hg -resolve-src-symlinks /tmp/nosfy-profil-commit-20260919/Nosfy/Media/count.mp4 /tmp/nosfy-profil-commit-dd/Build/Products/Debug-iphonesimulator/Nosfy.app

CpResource /tmp/nosfy-profil-commit-dd/Build/Products/Debug-iphonesimulator/Nosfy.app/coffre-spot-loop.mp4 /tmp/nosfy-profil-commit-20260919/Nosfy/Media/coffre-spot-loop.mp4 (in target 'Nosfy' from project 'Nosfy')
    cd /tmp/nosfy-profil-commit-20260919
    builtin-copy -exclude .DS_Store -exclude CVS -exclude .svn -exclude .git -exclude .hg -resolve-src-symlinks /tmp/nosfy-profil-commit-20260919/Nosfy/Media/coffre-spot-loop.mp4 /tmp/nosfy-profil-commit-dd/Build/Products/Debug-iphonesimulator/Nosfy.app

CpResource /tmp/nosfy-profil-commit-dd/Build/Products/Debug-iphonesimulator/Nosfy.app/coffre-salut.mp4 /tmp/nosfy-profil-commit-20260919/Nosfy/Media/coffre-salut.mp4 (in target 'Nosfy' from project 'Nosfy')
    cd /tmp/nosfy-profil-commit-20260919
    builtin-copy -exclude .DS_Store -exclude CVS -exclude .svn -exclude .git -exclude .hg -resolve-src-symlinks /tmp/nosfy-profil-commit-20260919/Nosfy/Media/coffre-salut.mp4 /tmp/nosfy-profil-commit-dd/Build/Products/Debug-iphonesimulator/Nosfy.app

CpResource /tmp/nosfy-profil-commit-dd/Build/Products/Debug-iphonesimulator/Nosfy.app/coffre-salle-loop.mp4 /tmp/nosfy-profil-commit-20260919/Nosfy/Media/coffre-salle-loop.mp4 (in target 'Nosfy' from project 'Nosfy')
    cd /tmp/nosfy-profil-commit-20260919
    builtin-copy -exclude .DS_Store -exclude CVS -exclude .svn -exclude .git -exclude .hg -resolve-src-symlinks /tmp/nosfy-profil-commit-20260919/Nosfy/Media/coffre-salle-loop.mp4 /tmp/nosfy-profil-commit-dd/Build/Products/Debug-iphonesimulator/Nosfy.app

CpResource /tmp/nosfy-profil-commit-dd/Build/Products/Debug-iphonesimulator/Nosfy.app/coffre-beau.mp4 /tmp/nosfy-profil-commit-20260919/Nosfy/Media/coffre-beau.mp4 (in target 'Nosfy' from project 'Nosfy')
    cd /tmp/nosfy-profil-commit-20260919
    builtin-copy -exclude .DS_Store -exclude CVS -exclude .svn -exclude .git -exclude .hg -resolve-src-symlinks /tmp/nosfy-profil-commit-20260919/Nosfy/Media/coffre-beau.mp4 /tmp/nosfy-profil-commit-dd/Build/Products/Debug-iphonesimulator/Nosfy.app

CpResource /tmp/nosfy-profil-commit-dd/Build/Products/Debug-iphonesimulator/Nosfy.app/coffre-arrivee.mp4 /tmp/nosfy-profil-commit-20260919/Nosfy/Media/coffre-arrivee.mp4 (in target 'Nosfy' from project 'Nosfy')
    cd /tmp/nosfy-profil-commit-20260919
    builtin-copy -exclude .DS_Store -exclude CVS -exclude .svn -exclude .git -exclude .hg -resolve-src-symlinks /tmp/nosfy-profil-commit-20260919/Nosfy/Media/coffre-arrivee.mp4 /tmp/nosfy-profil-commit-dd/Build/Products/Debug-iphonesimulator/Nosfy.app

CpResource /tmp/nosfy-profil-commit-dd/Build/Products/Debug-iphonesimulator/Nosfy.app/braise-veille.caf /tmp/nosfy-profil-commit-20260919/Nosfy/Media/braise-veille.caf (in target 'Nosfy' from project 'Nosfy')
    cd /tmp/nosfy-profil-commit-20260919
    builtin-copy -exclude .DS_Store -exclude CVS -exclude .svn -exclude .git -exclude .hg -resolve-src-symlinks /tmp/nosfy-profil-commit-20260919/Nosfy/Media/braise-veille.caf /tmp/nosfy-profil-commit-dd/Build/Products/Debug-iphonesimulator/Nosfy.app

CpResource /tmp/nosfy-profil-commit-dd/Build/Products/Debug-iphonesimulator/Nosfy.app/booster.bin /tmp/nosfy-profil-commit-20260919/Nosfy/Media/booster.bin (in target 'Nosfy' from project 'Nosfy')
    cd /tmp/nosfy-profil-commit-20260919
    builtin-copy -exclude .DS_Store -exclude CVS -exclude .svn -exclude .git -exclude .hg -resolve-src-symlinks /tmp/nosfy-profil-commit-20260919/Nosfy/Media/booster.bin /tmp/nosfy-profil-commit-dd/Build/Products/Debug-iphonesimulator/Nosfy.app

CpResource /tmp/nosfy-profil-commit-dd/Build/Products/Debug-iphonesimulator/Nosfy.app/booster-loop.mp4 /tmp/nosfy-profil-commit-20260919/Nosfy/Media/booster-loop.mp4 (in target 'Nosfy' from project 'Nosfy')
    cd /tmp/nosfy-profil-commit-20260919
    builtin-copy -exclude .DS_Store -exclude CVS -exclude .svn -exclude .git -exclude .hg -resolve-src-symlinks /tmp/nosfy-profil-commit-20260919/Nosfy/Media/booster-loop.mp4 /tmp/nosfy-profil-commit-dd/Build/Products/Debug-iphonesimulator/Nosfy.app

CpResource /tmp/nosfy-profil-commit-dd/Build/Products/Debug-iphonesimulator/Nosfy.app/booster-loop-noir.mp4 /tmp/nosfy-profil-commit-20260919/Nosfy/Media/booster-loop-noir.mp4 (in target 'Nosfy' from project 'Nosfy')
    cd /tmp/nosfy-profil-commit-20260919
    builtin-copy -exclude .DS_Store -exclude CVS -exclude .svn -exclude .git -exclude .hg -resolve-src-symlinks /tmp/nosfy-profil-commit-20260919/Nosfy/Media/booster-loop-noir.mp4 /tmp/nosfy-profil-commit-dd/Build/Products/Debug-iphonesimulator/Nosfy.app

CpResource /tmp/nosfy-profil-commit-dd/Build/Products/Debug-iphonesimulator/Nosfy.app/booster-dot-loop.mp4 /tmp/nosfy-profil-commit-20260919/Nosfy/Media/booster-dot-loop.mp4 (in target 'Nosfy' from project 'Nosfy')
    cd /tmp/nosfy-profil-commit-20260919
    builtin-copy -exclude .DS_Store -exclude CVS -exclude .svn -exclude .git -exclude .hg -resolve-src-symlinks /tmp/nosfy-profil-commit-20260919/Nosfy/Media/booster-dot-loop.mp4 /tmp/nosfy-profil-commit-dd/Build/Products/Debug-iphonesimulator/Nosfy.app

CpResource /tmp/nosfy-profil-commit-dd/Build/Products/Debug-iphonesimulator/Nosfy.app/background-calendar-loop.mp4 /tmp/nosfy-profil-commit-20260919/Nosfy/Media/background-calendar-loop.mp4 (in target 'Nosfy' from project 'Nosfy')
    cd /tmp/nosfy-profil-commit-20260919
    builtin-copy -exclude .DS_Store -exclude CVS -exclude .svn -exclude .git -exclude .hg -resolve-src-symlinks /tmp/nosfy-profil-commit-20260919/Nosfy/Media/background-calendar-loop.mp4 /tmp/nosfy-profil-commit-dd/Build/Products/Debug-iphonesimulator/Nosfy.app

CpResource /tmp/nosfy-profil-commit-dd/Build/Products/Debug-iphonesimulator/Nosfy.app/PrivacyInfo.xcprivacy /tmp/nosfy-profil-commit-20260919/Nosfy/PrivacyInfo.xcprivacy (in target 'Nosfy' from project 'Nosfy')
    cd /tmp/nosfy-profil-commit-20260919
    builtin-copy -exclude .DS_Store -exclude CVS -exclude .svn -exclude .git -exclude .hg -resolve-src-symlinks /tmp/nosfy-profil-commit-20260919/Nosfy/PrivacyInfo.xcprivacy /tmp/nosfy-profil-commit-dd/Build/Products/Debug-iphonesimulator/Nosfy.app

CpResource /tmp/nosfy-profil-commit-dd/Build/Products/Debug-iphonesimulator/Nosfy.app/PoussiereLune.wav /tmp/nosfy-profil-commit-20260919/Nosfy/Media/PoussiereLune.wav (in target 'Nosfy' from project 'Nosfy')
    cd /tmp/nosfy-profil-commit-20260919
    builtin-copy -exclude .DS_Store -exclude CVS -exclude .svn -exclude .git -exclude .hg -resolve-src-symlinks /tmp/nosfy-profil-commit-20260919/Nosfy/Media/PoussiereLune.wav /tmp/nosfy-profil-commit-dd/Build/Products/Debug-iphonesimulator/Nosfy.app

CpResource /tmp/nosfy-profil-commit-dd/Build/Products/Debug-iphonesimulator/Nosfy.app/Paillette.wav /tmp/nosfy-profil-commit-20260919/Nosfy/Sounds/Paillette.wav (in target 'Nosfy' from project 'Nosfy')
    cd /tmp/nosfy-profil-commit-20260919
    builtin-copy -exclude .DS_Store -exclude CVS -exclude .svn -exclude .git -exclude .hg -resolve-src-symlinks /tmp/nosfy-profil-commit-20260919/Nosfy/Sounds/Paillette.wav /tmp/nosfy-profil-commit-dd/Build/Products/Debug-iphonesimulator/Nosfy.app

CpResource /tmp/nosfy-profil-commit-dd/Build/Products/Debug-iphonesimulator/Nosfy.app/NosfyTheme.m4a /tmp/nosfy-profil-commit-20260919/Nosfy/Sounds/NosfyTheme.m4a (in target 'Nosfy' from project 'Nosfy')
    cd /tmp/nosfy-profil-commit-20260919
    builtin-copy -exclude .DS_Store -exclude CVS -exclude .svn -exclude .git -exclude .hg -resolve-src-symlinks /tmp/nosfy-profil-commit-20260919/Nosfy/Sounds/NosfyTheme.m4a /tmp/nosfy-profil-commit-dd/Build/Products/Debug-iphonesimulator/Nosfy.app

CpResource /tmp/nosfy-profil-commit-dd/Build/Products/Debug-iphonesimulator/Nosfy.app/NosfyTap.wav /tmp/nosfy-profil-commit-20260919/Nosfy/Sounds/NosfyTap.wav (in target 'Nosfy' from project 'Nosfy')
    cd /tmp/nosfy-profil-commit-20260919
    builtin-copy -exclude .DS_Store -exclude CVS -exclude .svn -exclude .git -exclude .hg -resolve-src-symlinks /tmp/nosfy-profil-commit-20260919/Nosfy/Sounds/NosfyTap.wav /tmp/nosfy-profil-commit-dd/Build/Products/Debug-iphonesimulator/Nosfy.app

CpResource /tmp/nosfy-profil-commit-dd/Build/Products/Debug-iphonesimulator/Nosfy.app/NosfyPaillette.wav /tmp/nosfy-profil-commit-20260919/Nosfy/Sounds/NosfyPaillette.wav (in target 'Nosfy' from project 'Nosfy')
    cd /tmp/nosfy-profil-commit-20260919
    builtin-copy -exclude .DS_Store -exclude CVS -exclude .svn -exclude .git -exclude .hg -resolve-src-symlinks /tmp/nosfy-profil-commit-20260919/Nosfy/Sounds/NosfyPaillette.wav /tmp/nosfy-profil-commit-dd/Build/Products/Debug-iphonesimulator/Nosfy.app

CpResource /tmp/nosfy-profil-commit-dd/Build/Products/Debug-iphonesimulator/Nosfy.app/NosfyFin.m4a /tmp/nosfy-profil-commit-20260919/Nosfy/Sounds/NosfyFin.m4a (in target 'Nosfy' from project 'Nosfy')
    cd /tmp/nosfy-profil-commit-20260919
    builtin-copy -exclude .DS_Store -exclude CVS -exclude .svn -exclude .git -exclude .hg -resolve-src-symlinks /tmp/nosfy-profil-commit-20260919/Nosfy/Sounds/NosfyFin.m4a /tmp/nosfy-profil-commit-dd/Build/Products/Debug-iphonesimulator/Nosfy.app

CpResource /tmp/nosfy-profil-commit-dd/Build/Products/Debug-iphonesimulator/Nosfy.app/NeonIgnite.wav /tmp/nosfy-profil-commit-20260919/Nosfy/Sounds/NeonIgnite.wav (in target 'Nosfy' from project 'Nosfy')
    cd /tmp/nosfy-profil-commit-20260919
    builtin-copy -exclude .DS_Store -exclude CVS -exclude .svn -exclude .git -exclude .hg -resolve-src-symlinks /tmp/nosfy-profil-commit-20260919/Nosfy/Sounds/NeonIgnite.wav /tmp/nosfy-profil-commit-dd/Build/Products/Debug-iphonesimulator/Nosfy.app

CpResource /tmp/nosfy-profil-commit-dd/Build/Products/Debug-iphonesimulator/Nosfy.app/MoonSplashTheme.m4a /tmp/nosfy-profil-commit-20260919/Nosfy/Sounds/MoonSplashTheme.m4a (in target 'Nosfy' from project 'Nosfy')
    cd /tmp/nosfy-profil-commit-20260919
    builtin-copy -exclude .DS_Store -exclude CVS -exclude .svn -exclude .git -exclude .hg -resolve-src-symlinks /tmp/nosfy-profil-commit-20260919/Nosfy/Sounds/MoonSplashTheme.m4a /tmp/nosfy-profil-commit-dd/Build/Products/Debug-iphonesimulator/Nosfy.app

CpResource /tmp/nosfy-profil-commit-dd/Build/Products/Debug-iphonesimulator/Nosfy.app/MoonSDF.bin /tmp/nosfy-profil-commit-20260919/Nosfy/MoonSDF.bin (in target 'Nosfy' from project 'Nosfy')
    cd /tmp/nosfy-profil-commit-20260919
    builtin-copy -exclude .DS_Store -exclude CVS -exclude .svn -exclude .git -exclude .hg -resolve-src-symlinks /tmp/nosfy-profil-commit-20260919/Nosfy/MoonSDF.bin /tmp/nosfy-profil-commit-dd/Build/Products/Debug-iphonesimulator/Nosfy.app

CpResource /tmp/nosfy-profil-commit-dd/Build/Products/Debug-iphonesimulator/Nosfy.app/MoonGraze.wav /tmp/nosfy-profil-commit-20260919/Nosfy/Sounds/MoonGraze.wav (in target 'Nosfy' from project 'Nosfy')
    cd /tmp/nosfy-profil-commit-20260919
    builtin-copy -exclude .DS_Store -exclude CVS -exclude .svn -exclude .git -exclude .hg -resolve-src-symlinks /tmp/nosfy-profil-commit-20260919/Nosfy/Sounds/MoonGraze.wav /tmp/nosfy-profil-commit-dd/Build/Products/Debug-iphonesimulator/Nosfy.app

CpResource /tmp/nosfy-profil-commit-dd/Build/Products/Debug-iphonesimulator/Nosfy.app/MoonGlide.wav /tmp/nosfy-profil-commit-20260919/Nosfy/Sounds/MoonGlide.wav (in target 'Nosfy' from project 'Nosfy')
    cd /tmp/nosfy-profil-commit-20260919
    builtin-copy -exclude .DS_Store -exclude CVS -exclude .svn -exclude .git -exclude .hg -resolve-src-symlinks /tmp/nosfy-profil-commit-20260919/Nosfy/Sounds/MoonGlide.wav /tmp/nosfy-profil-commit-dd/Build/Products/Debug-iphonesimulator/Nosfy.app

CpResource /tmp/nosfy-profil-commit-dd/Build/Products/Debug-iphonesimulator/Nosfy.app/LuneSangTheme.m4a /tmp/nosfy-profil-commit-20260919/Nosfy/Sounds/LuneSangTheme.m4a (in target 'Nosfy' from project 'Nosfy')
    cd /tmp/nosfy-profil-commit-20260919
    builtin-copy -exclude .DS_Store -exclude CVS -exclude .svn -exclude .git -exclude .hg -resolve-src-symlinks /tmp/nosfy-profil-commit-20260919/Nosfy/Sounds/LuneSangTheme.m4a /tmp/nosfy-profil-commit-dd/Build/Products/Debug-iphonesimulator/Nosfy.app

CpResource /tmp/nosfy-profil-commit-dd/Build/Products/Debug-iphonesimulator/Nosfy.app/LensTheme.m4a /tmp/nosfy-profil-commit-20260919/Nosfy/Sounds/LensTheme.m4a (in target 'Nosfy' from project 'Nosfy')
    cd /tmp/nosfy-profil-commit-20260919
    builtin-copy -exclude .DS_Store -exclude CVS -exclude .svn -exclude .git -exclude .hg -resolve-src-symlinks /tmp/nosfy-profil-commit-20260919/Nosfy/Sounds/LensTheme.m4a /tmp/nosfy-profil-commit-dd/Build/Products/Debug-iphonesimulator/Nosfy.app

CpResource /tmp/nosfy-profil-commit-dd/Build/Products/Debug-iphonesimulator/Nosfy.app/Inter-SemiBold.otf /tmp/nosfy-profil-commit-20260919/Nosfy/Fonts/Inter-SemiBold.otf (in target 'Nosfy' from project 'Nosfy')
    cd /tmp/nosfy-profil-commit-20260919
    builtin-copy -exclude .DS_Store -exclude CVS -exclude .svn -exclude .git -exclude .hg -resolve-src-symlinks /tmp/nosfy-profil-commit-20260919/Nosfy/Fonts/Inter-SemiBold.otf /tmp/nosfy-profil-commit-dd/Build/Products/Debug-iphonesimulator/Nosfy.app

CpResource /tmp/nosfy-profil-commit-dd/Build/Products/Debug-iphonesimulator/Nosfy.app/Inter-Regular.otf /tmp/nosfy-profil-commit-20260919/Nosfy/Fonts/Inter-Regular.otf (in target 'Nosfy' from project 'Nosfy')
    cd /tmp/nosfy-profil-commit-20260919
    builtin-copy -exclude .DS_Store -exclude CVS -exclude .svn -exclude .git -exclude .hg -resolve-src-symlinks /tmp/nosfy-profil-commit-20260919/Nosfy/Fonts/Inter-Regular.otf /tmp/nosfy-profil-commit-dd/Build/Products/Debug-iphonesimulator/Nosfy.app

CpResource /tmp/nosfy-profil-commit-dd/Build/Products/Debug-iphonesimulator/Nosfy.app/Inter-Medium.otf /tmp/nosfy-profil-commit-20260919/Nosfy/Fonts/Inter-Medium.otf (in target 'Nosfy' from project 'Nosfy')
    cd /tmp/nosfy-profil-commit-20260919
    builtin-copy -exclude .DS_Store -exclude CVS -exclude .svn -exclude .git -exclude .hg -resolve-src-symlinks /tmp/nosfy-profil-commit-20260919/Nosfy/Fonts/Inter-Medium.otf /tmp/nosfy-profil-commit-dd/Build/Products/Debug-iphonesimulator/Nosfy.app

CpResource /tmp/nosfy-profil-commit-dd/Build/Products/Debug-iphonesimulator/Nosfy.app/Inter-Light.otf /tmp/nosfy-profil-commit-20260919/Nosfy/Fonts/Inter-Light.otf (in target 'Nosfy' from project 'Nosfy')
    cd /tmp/nosfy-profil-commit-20260919
    builtin-copy -exclude .DS_Store -exclude CVS -exclude .svn -exclude .git -exclude .hg -resolve-src-symlinks /tmp/nosfy-profil-commit-20260919/Nosfy/Fonts/Inter-Light.otf /tmp/nosfy-profil-commit-dd/Build/Products/Debug-iphonesimulator/Nosfy.app

CpResource /tmp/nosfy-profil-commit-dd/Build/Products/Debug-iphonesimulator/Nosfy.app/Inter-Bold.otf /tmp/nosfy-profil-commit-20260919/Nosfy/Fonts/Inter-Bold.otf (in target 'Nosfy' from project 'Nosfy')
    cd /tmp/nosfy-profil-commit-20260919
    builtin-copy -exclude .DS_Store -exclude CVS -exclude .svn -exclude .git -exclude .hg -resolve-src-symlinks /tmp/nosfy-profil-commit-20260919/Nosfy/Fonts/Inter-Bold.otf /tmp/nosfy-profil-commit-dd/Build/Products/Debug-iphonesimulator/Nosfy.app

CpResource /tmp/nosfy-profil-commit-dd/Build/Products/Debug-iphonesimulator/Nosfy.app/DialTock.wav /tmp/nosfy-profil-commit-20260919/Nosfy/Sounds/DialTock.wav (in target 'Nosfy' from project 'Nosfy')
    cd /tmp/nosfy-profil-commit-20260919
    builtin-copy -exclude .DS_Store -exclude CVS -exclude .svn -exclude .git -exclude .hg -resolve-src-symlinks /tmp/nosfy-profil-commit-20260919/Nosfy/Sounds/DialTock.wav /tmp/nosfy-profil-commit-dd/Build/Products/Debug-iphonesimulator/Nosfy.app

CpResource /tmp/nosfy-profil-commit-dd/Build/Products/Debug-iphonesimulator/Nosfy.app/DialTick.wav /tmp/nosfy-profil-commit-20260919/Nosfy/Sounds/DialTick.wav (in target 'Nosfy' from project 'Nosfy')
    cd /tmp/nosfy-profil-commit-20260919
    builtin-copy -exclude .DS_Store -exclude CVS -exclude .svn -exclude .git -exclude .hg -resolve-src-symlinks /tmp/nosfy-profil-commit-20260919/Nosfy/Sounds/DialTick.wav /tmp/nosfy-profil-commit-dd/Build/Products/Debug-iphonesimulator/Nosfy.app

CpResource /tmp/nosfy-profil-commit-dd/Build/Products/Debug-iphonesimulator/Nosfy.app/DialTap.wav /tmp/nosfy-profil-commit-20260919/Nosfy/Sounds/DialTap.wav (in target 'Nosfy' from project 'Nosfy')
    cd /tmp/nosfy-profil-commit-20260919
    builtin-copy -exclude .DS_Store -exclude CVS -exclude .svn -exclude .git -exclude .hg -resolve-src-symlinks /tmp/nosfy-profil-commit-20260919/Nosfy/Sounds/DialTap.wav /tmp/nosfy-profil-commit-dd/Build/Products/Debug-iphonesimulator/Nosfy.app

CpResource /tmp/nosfy-profil-commit-dd/Build/Products/Debug-iphonesimulator/Nosfy.app/CoinChink.wav /tmp/nosfy-profil-commit-20260919/Nosfy/Media/CoinChink.wav (in target 'Nosfy' from project 'Nosfy')
    cd /tmp/nosfy-profil-commit-20260919
    builtin-copy -exclude .DS_Store -exclude CVS -exclude .svn -exclude .git -exclude .hg -resolve-src-symlinks /tmp/nosfy-profil-commit-20260919/Nosfy/Media/CoinChink.wav /tmp/nosfy-profil-commit-dd/Build/Products/Debug-iphonesimulator/Nosfy.app

CpResource /tmp/nosfy-profil-commit-dd/Build/Products/Debug-iphonesimulator/Nosfy.app/BoosterLeve.wav /tmp/nosfy-profil-commit-20260919/Nosfy/Media/BoosterLeve.wav (in target 'Nosfy' from project 'Nosfy')
    cd /tmp/nosfy-profil-commit-20260919
    builtin-copy -exclude .DS_Store -exclude CVS -exclude .svn -exclude .git -exclude .hg -resolve-src-symlinks /tmp/nosfy-profil-commit-20260919/Nosfy/Media/BoosterLeve.wav /tmp/nosfy-profil-commit-dd/Build/Products/Debug-iphonesimulator/Nosfy.app

CpResource /tmp/nosfy-profil-commit-dd/Build/Products/Debug-iphonesimulator/Nosfy.app/AuroraSwipe.wav /tmp/nosfy-profil-commit-20260919/Nosfy/Sounds/AuroraSwipe.wav (in target 'Nosfy' from project 'Nosfy')
    cd /tmp/nosfy-profil-commit-20260919
    builtin-copy -exclude .DS_Store -exclude CVS -exclude .svn -exclude .git -exclude .hg -resolve-src-symlinks /tmp/nosfy-profil-commit-20260919/Nosfy/Sounds/AuroraSwipe.wav /tmp/nosfy-profil-commit-dd/Build/Products/Debug-iphonesimulator/Nosfy.app

CpResource /tmp/nosfy-profil-commit-dd/Build/Products/Debug-iphonesimulator/Nosfy.app/AuroraSparkle.wav /tmp/nosfy-profil-commit-20260919/Nosfy/Sounds/AuroraSparkle.wav (in target 'Nosfy' from project 'Nosfy')
    cd /tmp/nosfy-profil-commit-20260919
    builtin-copy -exclude .DS_Store -exclude CVS -exclude .svn -exclude .git -exclude .hg -resolve-src-symlinks /tmp/nosfy-profil-commit-20260919/Nosfy/Sounds/AuroraSparkle.wav /tmp/nosfy-profil-commit-dd/Build/Products/Debug-iphonesimulator/Nosfy.app

CpResource /tmp/nosfy-profil-commit-dd/Build/Products/Debug-iphonesimulator/Nosfy.app/AuroraBreath.wav /tmp/nosfy-profil-commit-20260919/Nosfy/Sounds/AuroraBreath.wav (in target 'Nosfy' from project 'Nosfy')
    cd /tmp/nosfy-profil-commit-20260919
    builtin-copy -exclude .DS_Store -exclude CVS -exclude .svn -exclude .git -exclude .hg -resolve-src-symlinks /tmp/nosfy-profil-commit-20260919/Nosfy/Sounds/AuroraBreath.wav /tmp/nosfy-profil-commit-dd/Build/Products/Debug-iphonesimulator/Nosfy.app

CopyPNGFile /tmp/nosfy-profil-commit-dd/Build/Products/Debug-iphonesimulator/Nosfy.app/coffre-spot.png /tmp/nosfy-profil-commit-20260919/Nosfy/Media/coffre-spot.png (in target 'Nosfy' from project 'Nosfy')
    cd /tmp/nosfy-profil-commit-20260919
    /Applications/Xcode.app/Contents/Developer/usr/bin/copypng -compress -strip-PNG-text /tmp/nosfy-profil-commit-20260919/Nosfy/Media/coffre-spot.png /tmp/nosfy-profil-commit-dd/Build/Products/Debug-iphonesimulator/Nosfy.app/coffre-spot.png

CopyPNGFile /tmp/nosfy-profil-commit-dd/Build/Products/Debug-iphonesimulator/Nosfy.app/coffre-arche.png /tmp/nosfy-profil-commit-20260919/Nosfy/Media/coffre-arche.png (in target 'Nosfy' from project 'Nosfy')
    cd /tmp/nosfy-profil-commit-20260919
    /Applications/Xcode.app/Contents/Developer/usr/bin/copypng -compress -strip-PNG-text /tmp/nosfy-profil-commit-20260919/Nosfy/Media/coffre-arche.png /tmp/nosfy-profil-commit-dd/Build/Products/Debug-iphonesimulator/Nosfy.app/coffre-arche.png

CopyPNGFile /tmp/nosfy-profil-commit-dd/Build/Products/Debug-iphonesimulator/Nosfy.app/coffre-arche-neon.png /tmp/nosfy-profil-commit-20260919/Nosfy/Media/coffre-arche-neon.png (in target 'Nosfy' from project 'Nosfy')
    cd /tmp/nosfy-profil-commit-20260919
    /Applications/Xcode.app/Contents/Developer/usr/bin/copypng -compress -strip-PNG-text /tmp/nosfy-profil-commit-20260919/Nosfy/Media/coffre-arche-neon.png /tmp/nosfy-profil-commit-dd/Build/Products/Debug-iphonesimulator/Nosfy.app/coffre-arche-neon.png

CopyPNGFile /tmp/nosfy-profil-commit-dd/Build/Products/Debug-iphonesimulator/Nosfy.app/carte-lune-L3.png /tmp/nosfy-profil-commit-20260919/Nosfy/Media/carte-lune-L3.png (in target 'Nosfy' from project 'Nosfy')
    cd /tmp/nosfy-profil-commit-20260919
    /Applications/Xcode.app/Contents/Developer/usr/bin/copypng -compress -strip-PNG-text /tmp/nosfy-profil-commit-20260919/Nosfy/Media/carte-lune-L3.png /tmp/nosfy-profil-commit-dd/Build/Products/Debug-iphonesimulator/Nosfy.app/carte-lune-L3.png

CopyPNGFile /tmp/nosfy-profil-commit-dd/Build/Products/Debug-iphonesimulator/Nosfy.app/carte-lune-L2.png /tmp/nosfy-profil-commit-20260919/Nosfy/Media/carte-lune-L2.png (in target 'Nosfy' from project 'Nosfy')
    cd /tmp/nosfy-profil-commit-20260919
    /Applications/Xcode.app/Contents/Developer/usr/bin/copypng -compress -strip-PNG-text /tmp/nosfy-profil-commit-20260919/Nosfy/Media/carte-lune-L2.png /tmp/nosfy-profil-commit-dd/Build/Products/Debug-iphonesimulator/Nosfy.app/carte-lune-L2.png

CopyPNGFile /tmp/nosfy-profil-commit-dd/Build/Products/Debug-iphonesimulator/Nosfy.app/carte-lune-L1.png /tmp/nosfy-profil-commit-20260919/Nosfy/Media/carte-lune-L1.png (in target 'Nosfy' from project 'Nosfy')
    cd /tmp/nosfy-profil-commit-20260919
    /Applications/Xcode.app/Contents/Developer/usr/bin/copypng -compress -strip-PNG-text /tmp/nosfy-profil-commit-20260919/Nosfy/Media/carte-lune-L1.png /tmp/nosfy-profil-commit-dd/Build/Products/Debug-iphonesimulator/Nosfy.app/carte-lune-L1.png

CopyPNGFile /tmp/nosfy-profil-commit-dd/Build/Products/Debug-iphonesimulator/Nosfy.app/carte-lune-L0.png /tmp/nosfy-profil-commit-20260919/Nosfy/Media/carte-lune-L0.png (in target 'Nosfy' from project 'Nosfy')
    cd /tmp/nosfy-profil-commit-20260919
    /Applications/Xcode.app/Contents/Developer/usr/bin/copypng -compress -strip-PNG-text /tmp/nosfy-profil-commit-20260919/Nosfy/Media/carte-lune-L0.png /tmp/nosfy-profil-commit-dd/Build/Products/Debug-iphonesimulator/Nosfy.app/carte-lune-L0.png

CopyPNGFile /tmp/nosfy-profil-commit-dd/Build/Products/Debug-iphonesimulator/Nosfy.app/carte-lune-1.png /tmp/nosfy-profil-commit-20260919/Nosfy/Media/carte-lune-1.png (in target 'Nosfy' from project 'Nosfy')
    cd /tmp/nosfy-profil-commit-20260919
    /Applications/Xcode.app/Contents/Developer/usr/bin/copypng -compress -strip-PNG-text /tmp/nosfy-profil-commit-20260919/Nosfy/Media/carte-lune-1.png /tmp/nosfy-profil-commit-dd/Build/Products/Debug-iphonesimulator/Nosfy.app/carte-lune-1.png

CopyPNGFile /tmp/nosfy-profil-commit-dd/Build/Products/Debug-iphonesimulator/Nosfy.app/carte-lune-1-depth.png /tmp/nosfy-profil-commit-20260919/Nosfy/Media/carte-lune-1-depth.png (in target 'Nosfy' from project 'Nosfy')
    cd /tmp/nosfy-profil-commit-20260919
    /Applications/Xcode.app/Contents/Developer/usr/bin/copypng -compress -strip-PNG-text /tmp/nosfy-profil-commit-20260919/Nosfy/Media/carte-lune-1-depth.png /tmp/nosfy-profil-commit-dd/Build/Products/Debug-iphonesimulator/Nosfy.app/carte-lune-1-depth.png

CopyPNGFile /tmp/nosfy-profil-commit-dd/Build/Products/Debug-iphonesimulator/Nosfy.app/carte-logo-ref.png /tmp/nosfy-profil-commit-20260919/Nosfy/Media/carte-logo-ref.png (in target 'Nosfy' from project 'Nosfy')
    cd /tmp/nosfy-profil-commit-20260919
    /Applications/Xcode.app/Contents/Developer/usr/bin/copypng -compress -strip-PNG-text /tmp/nosfy-profil-commit-20260919/Nosfy/Media/carte-logo-ref.png /tmp/nosfy-profil-commit-dd/Build/Products/Debug-iphonesimulator/Nosfy.app/carte-logo-ref.png

CopyPNGFile /tmp/nosfy-profil-commit-dd/Build/Products/Debug-iphonesimulator/Nosfy.app/carte-dos.png /tmp/nosfy-profil-commit-20260919/Nosfy/Media/carte-dos.png (in target 'Nosfy' from project 'Nosfy')
    cd /tmp/nosfy-profil-commit-20260919
    /Applications/Xcode.app/Contents/Developer/usr/bin/copypng -compress -strip-PNG-text /tmp/nosfy-profil-commit-20260919/Nosfy/Media/carte-dos.png /tmp/nosfy-profil-commit-dd/Build/Products/Debug-iphonesimulator/Nosfy.app/carte-dos.png

CopyPNGFile /tmp/nosfy-profil-commit-dd/Build/Products/Debug-iphonesimulator/Nosfy.app/carte-dos-vide.png /tmp/nosfy-profil-commit-20260919/Nosfy/Media/carte-dos-vide.png (in target 'Nosfy' from project 'Nosfy')
    cd /tmp/nosfy-profil-commit-20260919
    /Applications/Xcode.app/Contents/Developer/usr/bin/copypng -compress -strip-PNG-text /tmp/nosfy-profil-commit-20260919/Nosfy/Media/carte-dos-vide.png /tmp/nosfy-profil-commit-dd/Build/Products/Debug-iphonesimulator/Nosfy.app/carte-dos-vide.png

CopyPNGFile /tmp/nosfy-profil-commit-dd/Build/Products/Debug-iphonesimulator/Nosfy.app/carte-cadre.png /tmp/nosfy-profil-commit-20260919/Nosfy/Media/carte-cadre.png (in target 'Nosfy' from project 'Nosfy')
    cd /tmp/nosfy-profil-commit-20260919
    /Applications/Xcode.app/Contents/Developer/usr/bin/copypng -compress -strip-PNG-text /tmp/nosfy-profil-commit-20260919/Nosfy/Media/carte-cadre.png /tmp/nosfy-profil-commit-dd/Build/Products/Debug-iphonesimulator/Nosfy.app/carte-cadre.png

CopyPNGFile /tmp/nosfy-profil-commit-dd/Build/Products/Debug-iphonesimulator/Nosfy.app/carte-cadre-legendaire.png /tmp/nosfy-profil-commit-20260919/Nosfy/Media/carte-cadre-legendaire.png (in target 'Nosfy' from project 'Nosfy')
    cd /tmp/nosfy-profil-commit-20260919
    /Applications/Xcode.app/Contents/Developer/usr/bin/copypng -compress -strip-PNG-text /tmp/nosfy-profil-commit-20260919/Nosfy/Media/carte-cadre-legendaire.png /tmp/nosfy-profil-commit-dd/Build/Products/Debug-iphonesimulator/Nosfy.app/carte-cadre-legendaire.png

CopyPNGFile /tmp/nosfy-profil-commit-dd/Build/Products/Debug-iphonesimulator/Nosfy.app/carnet-ouvert.png /tmp/nosfy-profil-commit-20260919/Nosfy/Media/carnet-ouvert.png (in target 'Nosfy' from project 'Nosfy')
    cd /tmp/nosfy-profil-commit-20260919
    /Applications/Xcode.app/Contents/Developer/usr/bin/copypng -compress -strip-PNG-text /tmp/nosfy-profil-commit-20260919/Nosfy/Media/carnet-ouvert.png /tmp/nosfy-profil-commit-dd/Build/Products/Debug-iphonesimulator/Nosfy.app/carnet-ouvert.png

SwiftExplicitDependencyGeneratePcm arm64 /tmp/nosfy-profil-commit-dd/ModuleCache.noindex/_Builtin_stdarg-8BAZQOYYD8SRGF6UVPLKMZ933.pcm

SwiftExplicitDependencyGeneratePcm arm64 /tmp/nosfy-profil-commit-dd/ModuleCache.noindex/_Builtin_stdbool-7SOVEVWDO95MGAXMU8WQDATIS.pcm

SwiftExplicitDependencyGeneratePcm x86_64 /tmp/nosfy-profil-commit-dd/ModuleCache.noindex/DeveloperToolsSupport-5PMFVVL0FZLZEGUPEWGOEAELA.pcm

SwiftExplicitDependencyGeneratePcm x86_64 /tmp/nosfy-profil-commit-dd/ModuleCache.noindex/ActivityKit-2K8OS9XAITPW24LMNW41U7BR1.pcm

SwiftExplicitDependencyGeneratePcm arm64 /tmp/nosfy-profil-commit-dd/ModuleCache.noindex/ptrauth-22FXEPZBA60ZJG55XBJ7DVPQ2.pcm

SwiftExplicitDependencyGeneratePcm arm64 /tmp/nosfy-profil-commit-dd/ModuleCache.noindex/ActivityKit-4GB3X1G024UPMWUKZQXQRJ4KR.pcm

SwiftExplicitDependencyGeneratePcm x86_64 /tmp/nosfy-profil-commit-dd/ModuleCache.noindex/ptrauth-4QDZBDIPNWTGC8I9ZXDLJAF9K.pcm

SwiftExplicitDependencyGeneratePcm x86_64 /tmp/nosfy-profil-commit-dd/ModuleCache.noindex/_Builtin_float-5X74DNJU4ZUKHWKYUXND6CCL5.pcm

SwiftExplicitDependencyGeneratePcm x86_64 /tmp/nosfy-profil-commit-dd/ModuleCache.noindex/_Builtin_stdbool-A8T97S74UN4O65P548IP1RRWU.pcm

SwiftExplicitDependencyGeneratePcm arm64 /tmp/nosfy-profil-commit-dd/ModuleCache.noindex/_AvailabilityInternal-AS3FBHNX9Z6NIZXD7BKGDE58X.pcm

SwiftExplicitDependencyGeneratePcm arm64 /tmp/nosfy-profil-commit-dd/ModuleCache.noindex/_Builtin_stddef-9R9M2LBLUHKZWTBXEW0EGX8QF.pcm

SwiftExplicitDependencyGeneratePcm arm64 /tmp/nosfy-profil-commit-dd/ModuleCache.noindex/SwiftShims-5W6VG50FZL1DVL05B10MVKMF5.pcm

SwiftExplicitDependencyGeneratePcm arm64 /tmp/nosfy-profil-commit-dd/ModuleCache.noindex/_Builtin_float-2GG79VEC2KDG4VO6FAM0IM0F2.pcm

SwiftExplicitDependencyGeneratePcm x86_64 /tmp/nosfy-profil-commit-dd/ModuleCache.noindex/ptrcheck-AVVG995M8M8STE5LHGEB0UYMV.pcm

SwiftExplicitDependencyGeneratePcm x86_64 /tmp/nosfy-profil-commit-dd/ModuleCache.noindex/_Builtin_stdarg-9KEUCP0NZU3KZWPOMFTR8X4VW.pcm

SwiftExplicitDependencyGeneratePcm x86_64 /tmp/nosfy-profil-commit-dd/ModuleCache.noindex/_SwiftConcurrencyShims-7I2ENF7YWJ54CLQL55KO1SSIT.pcm

SwiftExplicitDependencyGeneratePcm x86_64 /tmp/nosfy-profil-commit-dd/ModuleCache.noindex/SwiftShims-AYLQ5X3NPZUX43EZUG5LL5AXL.pcm

SwiftExplicitDependencyGeneratePcm x86_64 /tmp/nosfy-profil-commit-dd/ModuleCache.noindex/_Builtin_stddef-5945PGN0HDMW5EZIHYSNGDW4T.pcm

SwiftExplicitDependencyGeneratePcm arm64 /tmp/nosfy-profil-commit-dd/ModuleCache.noindex/ptrcheck-AL2LOFO21EP2S7PMD4HWCG74H.pcm

SwiftExplicitDependencyGeneratePcm x86_64 /tmp/nosfy-profil-commit-dd/ModuleCache.noindex/_AvailabilityInternal-4YSNONKR208FP68NGR5QQ4FBI.pcm

SwiftExplicitDependencyGeneratePcm arm64 /tmp/nosfy-profil-commit-dd/ModuleCache.noindex/DeveloperToolsSupport-9RND85WNAI8HD7YRXVXHASZHZ.pcm

SwiftExplicitDependencyGeneratePcm arm64 /tmp/nosfy-profil-commit-dd/ModuleCache.noindex/_DarwinFoundation1-26HY1KL9EW597CL9G4MNTDGHO.pcm

SwiftExplicitDependencyGeneratePcm x86_64 /tmp/nosfy-profil-commit-dd/ModuleCache.noindex/_DarwinFoundation1-EMFS43GHHBNQLSLG44DAP9WU5.pcm

SwiftExplicitDependencyGeneratePcm arm64 /tmp/nosfy-profil-commit-dd/ModuleCache.noindex/_SwiftConcurrencyShims-1UA7VBSOA7CMOM2VCNMRYI2OT.pcm

CopyPNGFile /tmp/nosfy-profil-commit-dd/Build/Products/Debug-iphonesimulator/Nosfy.app/carnet-ferme.png /tmp/nosfy-profil-commit-20260919/Nosfy/Media/carnet-ferme.png (in target 'Nosfy' from project 'Nosfy')
    cd /tmp/nosfy-profil-commit-20260919
    /Applications/Xcode.app/Contents/Developer/usr/bin/copypng -compress -strip-PNG-text /tmp/nosfy-profil-commit-20260919/Nosfy/Media/carnet-ferme.png /tmp/nosfy-profil-commit-dd/Build/Products/Debug-iphonesimulator/Nosfy.app/carnet-ferme.png

SwiftExplicitDependencyGeneratePcm x86_64 /tmp/nosfy-profil-commit-dd/ModuleCache.noindex/ExtensionFoundation-3FTB1Q52HVDCIVIPE1LO8P6RG.pcm

SwiftExplicitDependencyGeneratePcm x86_64 /tmp/nosfy-profil-commit-dd/ModuleCache.noindex/_DarwinFoundation2-ER77LRQC1O5R6NRG88NQHLK2N.pcm

SwiftExplicitDependencyGeneratePcm x86_64 /tmp/nosfy-profil-commit-dd/ModuleCache.noindex/_Builtin_limits-DZT3M0C0YBA5TF1A2SYVLGFZ9.pcm

SwiftExplicitDependencyGeneratePcm arm64 /tmp/nosfy-profil-commit-dd/ModuleCache.noindex/ExtensionFoundation-3IIFIGSFYRZK1KWL6QPLMI9D1.pcm

SwiftExplicitDependencyGeneratePcm arm64 /tmp/nosfy-profil-commit-dd/ModuleCache.noindex/_DarwinFoundation2-QK06S6ZA79AT5BWRSCB3MYYI.pcm

SwiftExplicitDependencyGeneratePcm arm64 /tmp/nosfy-profil-commit-dd/ModuleCache.noindex/_Builtin_limits-ETF2ED4C8N7CSERDK42VWAJ8U.pcm

SwiftExplicitDependencyGeneratePcm x86_64 /tmp/nosfy-profil-commit-dd/ModuleCache.noindex/_Builtin_tgmath-1MFOW7IYCSOONPBBM3C59IAT1.pcm

SwiftExplicitDependencyGeneratePcm x86_64 /tmp/nosfy-profil-commit-dd/ModuleCache.noindex/sys_types-8P1OCJE4TOL4EJ123D14JLRAC.pcm

SwiftExplicitDependencyGeneratePcm x86_64 /tmp/nosfy-profil-commit-dd/ModuleCache.noindex/_Builtin_stdint-855BH9NI2JZY33MLQ18S7A9LJ.pcm

SwiftExplicitDependencyGeneratePcm arm64 /tmp/nosfy-profil-commit-dd/ModuleCache.noindex/_Builtin_stdint-US5L97BX6LSL6RTFWYJPRVL1.pcm

SwiftExplicitDependencyGeneratePcm arm64 /tmp/nosfy-profil-commit-dd/ModuleCache.noindex/sys_types-4SR88H1ZYLY2P32BM1QRC13P1.pcm

SwiftExplicitDependencyGeneratePcm arm64 /tmp/nosfy-profil-commit-dd/ModuleCache.noindex/_Builtin_tgmath-D6S6X9HQ33XEJKLXJ0KHGYR8Z.pcm

SwiftExplicitDependencyGeneratePcm x86_64 /tmp/nosfy-profil-commit-dd/ModuleCache.noindex/_Builtin_stdatomic-A0DGHZI9LP8B7A3MQ6WVOGYMZ.pcm

SwiftExplicitDependencyGeneratePcm arm64 /tmp/nosfy-profil-commit-dd/ModuleCache.noindex/_DarwinFoundation3-3TBBI7ZQHUEQQOE0D3O17ODME.pcm

SwiftExplicitDependencyGeneratePcm arm64 /tmp/nosfy-profil-commit-dd/ModuleCache.noindex/_Builtin_stdatomic-5OMDXDNUK1PZ82XH8WCHKPVI1.pcm

SwiftExplicitDependencyGeneratePcm arm64 /tmp/nosfy-profil-commit-dd/ModuleCache.noindex/_Builtin_intrinsics-34NGRNGSY5ZLOV6LKECC012G1.pcm

SwiftExplicitDependencyGeneratePcm x86_64 /tmp/nosfy-profil-commit-dd/ModuleCache.noindex/_DarwinFoundation3-6ETFFWJ02USHV7GDFUVFWA0AI.pcm

CopyPNGFile /tmp/nosfy-profil-commit-dd/Build/Products/Debug-iphonesimulator/Nosfy.app/booster-pill.png /tmp/nosfy-profil-commit-20260919/Nosfy/Media/booster-pill.png (in target 'Nosfy' from project 'Nosfy')
    cd /tmp/nosfy-profil-commit-20260919
    /Applications/Xcode.app/Contents/Developer/usr/bin/copypng -compress -strip-PNG-text /tmp/nosfy-profil-commit-20260919/Nosfy/Media/booster-pill.png /tmp/nosfy-profil-commit-dd/Build/Products/Debug-iphonesimulator/Nosfy.app/booster-pill.png

SwiftExplicitDependencyGeneratePcm arm64 /tmp/nosfy-profil-commit-dd/ModuleCache.noindex/_Builtin_inttypes-DIRFL2JHJ0DGBFAJV4PKQZMNE.pcm

CopyPNGFile /tmp/nosfy-profil-commit-dd/Build/Products/Debug-iphonesimulator/Nosfy.app/booster-pill-noir.png /tmp/nosfy-profil-commit-20260919/Nosfy/Media/booster-pill-noir.png (in target 'Nosfy' from project 'Nosfy')
    cd /tmp/nosfy-profil-commit-20260919
    /Applications/Xcode.app/Contents/Developer/usr/bin/copypng -compress -strip-PNG-text /tmp/nosfy-profil-commit-20260919/Nosfy/Media/booster-pill-noir.png /tmp/nosfy-profil-commit-dd/Build/Products/Debug-iphonesimulator/Nosfy.app/booster-pill-noir.png

CopyPNGFile /tmp/nosfy-profil-commit-dd/Build/Products/Debug-iphonesimulator/Nosfy.app/booster-normal.png /tmp/nosfy-profil-commit-20260919/Nosfy/Media/booster-normal.png (in target 'Nosfy' from project 'Nosfy')
    cd /tmp/nosfy-profil-commit-20260919
    /Applications/Xcode.app/Contents/Developer/usr/bin/copypng -compress -strip-PNG-text /tmp/nosfy-profil-commit-20260919/Nosfy/Media/booster-normal.png /tmp/nosfy-profil-commit-dd/Build/Products/Debug-iphonesimulator/Nosfy.app/booster-normal.png

SwiftExplicitDependencyGeneratePcm arm64 /tmp/nosfy-profil-commit-dd/ModuleCache.noindex/Darwin-37J2Z5MG59W0E3IGH6XUI68CB.pcm

CopyPNGFile /tmp/nosfy-profil-commit-dd/Build/Products/Debug-iphonesimulator/Nosfy.app/booster-noir-emiss.png /tmp/nosfy-profil-commit-20260919/Nosfy/Media/booster-noir-emiss.png (in target 'Nosfy' from project 'Nosfy')
    cd /tmp/nosfy-profil-commit-20260919
    /Applications/Xcode.app/Contents/Developer/usr/bin/copypng -compress -strip-PNG-text /tmp/nosfy-profil-commit-20260919/Nosfy/Media/booster-noir-emiss.png /tmp/nosfy-profil-commit-dd/Build/Products/Debug-iphonesimulator/Nosfy.app/booster-noir-emiss.png

SwiftExplicitDependencyGeneratePcm x86_64 /tmp/nosfy-profil-commit-dd/ModuleCache.noindex/_Builtin_intrinsics-4ORCY8J38NDOMWOTIV8B08Z3D.pcm

SwiftExplicitDependencyGeneratePcm x86_64 /tmp/nosfy-profil-commit-dd/ModuleCache.noindex/_Builtin_inttypes-984OSC6BBT56128GCAX7BNRD2.pcm

SwiftExplicitDependencyGeneratePcm arm64 /tmp/nosfy-profil-commit-dd/ModuleCache.noindex/simd-4LG1201T70FMN6XHRTC1PB1XR.pcm

CopyPNGFile /tmp/nosfy-profil-commit-dd/Build/Products/Debug-iphonesimulator/Nosfy.app/booster-noir-color.png /tmp/nosfy-profil-commit-20260919/Nosfy/Media/booster-noir-color.png (in target 'Nosfy' from project 'Nosfy')
    cd /tmp/nosfy-profil-commit-20260919
    /Applications/Xcode.app/Contents/Developer/usr/bin/copypng -compress -strip-PNG-text /tmp/nosfy-profil-commit-20260919/Nosfy/Media/booster-noir-color.png /tmp/nosfy-profil-commit-dd/Build/Products/Debug-iphonesimulator/Nosfy.app/booster-noir-color.png

SwiftExplicitDependencyGeneratePcm x86_64 /tmp/nosfy-profil-commit-dd/ModuleCache.noindex/Darwin-C1DOEMSFWW4M7Z6155AKSMX5D.pcm

CopyPNGFile /tmp/nosfy-profil-commit-dd/Build/Products/Debug-iphonesimulator/Nosfy.app/booster-emiss.png /tmp/nosfy-profil-commit-20260919/Nosfy/Media/booster-emiss.png (in target 'Nosfy' from project 'Nosfy')
    cd /tmp/nosfy-profil-commit-20260919
    /Applications/Xcode.app/Contents/Developer/usr/bin/copypng -compress -strip-PNG-text /tmp/nosfy-profil-commit-20260919/Nosfy/Media/booster-emiss.png /tmp/nosfy-profil-commit-dd/Build/Products/Debug-iphonesimulator/Nosfy.app/booster-emiss.png

SwiftExplicitDependencyGeneratePcm arm64 /tmp/nosfy-profil-commit-dd/ModuleCache.noindex/MachO-8UG9T2PGJEYOKQLCAEGFAI2X8.pcm

SwiftExplicitDependencyGeneratePcm arm64 /tmp/nosfy-profil-commit-dd/ModuleCache.noindex/ObjectiveC-B5NAI7LWQB0AMHIN9WZCUF610.pcm

CopyPNGFile /tmp/nosfy-profil-commit-dd/Build/Products/Debug-iphonesimulator/Nosfy.app/booster-color.png /tmp/nosfy-profil-commit-20260919/Nosfy/Media/booster-color.png (in target 'Nosfy' from project 'Nosfy')
    cd /tmp/nosfy-profil-commit-20260919
    /Applications/Xcode.app/Contents/Developer/usr/bin/copypng -compress -strip-PNG-text /tmp/nosfy-profil-commit-20260919/Nosfy/Media/booster-color.png /tmp/nosfy-profil-commit-dd/Build/Products/Debug-iphonesimulator/Nosfy.app/booster-color.png

SwiftExplicitDependencyGeneratePcm x86_64 /tmp/nosfy-profil-commit-dd/ModuleCache.noindex/simd-CI4PI05UQ4ELV7YEAG5KDVPEP.pcm

SwiftExplicitDependencyGeneratePcm arm64 /tmp/nosfy-profil-commit-dd/ModuleCache.noindex/os_object-AE93MOX8L0QTHNJZESEPBPB9I.pcm

CopyPNGFile /tmp/nosfy-profil-commit-dd/Build/Products/Debug-iphonesimulator/Nosfy.app/booster-carte.png /tmp/nosfy-profil-commit-20260919/Nosfy/Media/booster-carte.png (in target 'Nosfy' from project 'Nosfy')
    cd /tmp/nosfy-profil-commit-20260919
    /Applications/Xcode.app/Contents/Developer/usr/bin/copypng -compress -strip-PNG-text /tmp/nosfy-profil-commit-20260919/Nosfy/Media/booster-carte.png /tmp/nosfy-profil-commit-dd/Build/Products/Debug-iphonesimulator/Nosfy.app/booster-carte.png

SwiftExplicitDependencyGeneratePcm x86_64 /tmp/nosfy-profil-commit-dd/ModuleCache.noindex/ObjectiveC-97CM2UBO6GWFVWOA6F9MQ1XBQ.pcm

SwiftExplicitDependencyGeneratePcm x86_64 /tmp/nosfy-profil-commit-dd/ModuleCache.noindex/MachO-CE8QTEZG5348921BO3930IX58.pcm

SwiftExplicitDependencyGeneratePcm x86_64 /tmp/nosfy-profil-commit-dd/ModuleCache.noindex/os_object-ERGSBK4ZC2HRPCLSNHVMNBOV3.pcm

SwiftExplicitDependencyGeneratePcm arm64 /tmp/nosfy-profil-commit-dd/ModuleCache.noindex/Spatial-CAXW8NM3VKRXYDDKPIWJD0SY2.pcm

SwiftExplicitDependencyGeneratePcm arm64 /tmp/nosfy-profil-commit-dd/ModuleCache.noindex/os_workgroup-1IS5U0BG6O0Z8HQQLBJVJ4S6E.pcm

SwiftExplicitDependencyGeneratePcm x86_64 /tmp/nosfy-profil-commit-dd/ModuleCache.noindex/os_workgroup-4CQGZ3UE297H1ZYPKCAW1EE8F.pcm

SwiftExplicitDependencyGeneratePcm arm64 /tmp/nosfy-profil-commit-dd/ModuleCache.noindex/Dispatch-AXTKKBCIIMGYEJVPKPYP1CE64.pcm

SwiftExplicitDependencyGeneratePcm x86_64 /tmp/nosfy-profil-commit-dd/ModuleCache.noindex/Dispatch-3LK8QRK5QOI5A2056BVFE1R0N.pcm

SwiftExplicitDependencyGeneratePcm x86_64 /tmp/nosfy-profil-commit-dd/ModuleCache.noindex/XPC-9UG1WDGB7BUXM2CYWWFDWD33R.pcm

SwiftExplicitDependencyGeneratePcm x86_64 /tmp/nosfy-profil-commit-dd/ModuleCache.noindex/CoreFoundation-EFYY2Y1NMFXUPMUAH8UXRBRPF.pcm

SwiftExplicitDependencyGeneratePcm x86_64 /tmp/nosfy-profil-commit-dd/ModuleCache.noindex/dnssd-F5DXX0JZ360D95FL8JSL72MWR.pcm

SwiftExplicitDependencyGeneratePcm arm64 /tmp/nosfy-profil-commit-dd/ModuleCache.noindex/dnssd-4QRAFH7NYYAC7XD8NE513MVLJ.pcm

SwiftExplicitDependencyGeneratePcm arm64 /tmp/nosfy-profil-commit-dd/ModuleCache.noindex/CoreFoundation-AMDBG9RWD97PG23L584V7EMI2.pcm

SwiftExplicitDependencyGeneratePcm x86_64 /tmp/nosfy-profil-commit-dd/ModuleCache.noindex/Spatial-468RK65DXK5T4KR4YZTFJNU5U.pcm

SwiftExplicitDependencyGeneratePcm arm64 /tmp/nosfy-profil-commit-dd/ModuleCache.noindex/XPC-26K0QKO00MNTVZPQBFM2U76GW.pcm

SwiftExplicitDependencyGeneratePcm x86_64 /tmp/nosfy-profil-commit-dd/ModuleCache.noindex/os-15XWLG28K178WJIE6RIIILZPE.pcm

SwiftExplicitDependencyGeneratePcm x86_64 /tmp/nosfy-profil-commit-dd/ModuleCache.noindex/CoreGraphics-CBFJO90FIWAK3Y35CBMPV6U6V.pcm

SwiftExplicitDependencyGeneratePcm x86_64 /tmp/nosfy-profil-commit-dd/ModuleCache.noindex/Security-31LBUEY4VSWDFJZK65KAESLW1.pcm

SwiftExplicitDependencyGeneratePcm x86_64 /tmp/nosfy-profil-commit-dd/ModuleCache.noindex/CFNetwork-5NE77Z1CNWHBL86PWSV6P63TI.pcm

SwiftExplicitDependencyGeneratePcm x86_64 /tmp/nosfy-profil-commit-dd/ModuleCache.noindex/CoreAudioTypes-C364L1VDWFKZ0M3LF9SJ2N1RN.pcm

SwiftExplicitDependencyGeneratePcm arm64 /tmp/nosfy-profil-commit-dd/ModuleCache.noindex/os-9O4LDF8CZV8KXTJ81QSJNO0T6.pcm

SwiftExplicitDependencyGeneratePcm arm64 /tmp/nosfy-profil-commit-dd/ModuleCache.noindex/CoreAudioTypes-AZKM9TA7K06RNG2R904WPG8TB.pcm

SwiftExplicitDependencyGeneratePcm x86_64 /tmp/nosfy-profil-commit-dd/ModuleCache.noindex/CoreAudio-4BX1392B4NHPRB3WTC22ENP3M.pcm

SwiftExplicitDependencyGeneratePcm arm64 /tmp/nosfy-profil-commit-dd/ModuleCache.noindex/CoreGraphics-8CTNMFSD5QMSR4I7IITOAYBVN.pcm

SwiftExplicitDependencyGeneratePcm x86_64 /tmp/nosfy-profil-commit-dd/ModuleCache.noindex/CoreText-DLPCRK03U0KJ1QQAZTXWKAT5Z.pcm

SwiftExplicitDependencyGeneratePcm x86_64 /tmp/nosfy-profil-commit-dd/ModuleCache.noindex/Foundation-BVAIX3TRQ76UP394XPLOSY3SU.pcm

SwiftExplicitDependencyGeneratePcm x86_64 /tmp/nosfy-profil-commit-dd/ModuleCache.noindex/ImageIO-617D691V4AO6W1F6KSJRYZ7P5.pcm

SwiftExplicitDependencyGeneratePcm arm64 /tmp/nosfy-profil-commit-dd/ModuleCache.noindex/Security-1BDIR19XTPJ4AKDDDN2KK18ZF.pcm

SwiftExplicitDependencyGeneratePcm arm64 /tmp/nosfy-profil-commit-dd/ModuleCache.noindex/CFNetwork-CRR4OJLSAJRJAARHHO14LZPU0.pcm

SwiftExplicitDependencyGeneratePcm arm64 /tmp/nosfy-profil-commit-dd/ModuleCache.noindex/CoreAudio-3O2ENBYN4QCZ40HOKE2HTLV9M.pcm

SwiftExplicitDependencyGeneratePcm arm64 /tmp/nosfy-profil-commit-dd/ModuleCache.noindex/ImageIO-A6DKN6OPH8A0JTEZEKIS7QWYJ.pcm

SwiftExplicitDependencyGeneratePcm arm64 /tmp/nosfy-profil-commit-dd/ModuleCache.noindex/CoreText-83YDCLFTSOXRKG8RTHFCRCKWZ.pcm

SwiftExplicitDependencyGeneratePcm arm64 /tmp/nosfy-profil-commit-dd/ModuleCache.noindex/Foundation-40UGQ46BHTATBF63QU5IW85UA.pcm

SwiftExplicitDependencyGeneratePcm x86_64 /tmp/nosfy-profil-commit-dd/ModuleCache.noindex/CoreTransferable-4AM1IY4AK70157YREA4K1A63O.pcm

SwiftExplicitDependencyGeneratePcm x86_64 /tmp/nosfy-profil-commit-dd/ModuleCache.noindex/_LocationEssentials-33SMDXRR9BATFMGR7MKWJGM3H.pcm

SwiftExplicitDependencyGeneratePcm x86_64 /tmp/nosfy-profil-commit-dd/ModuleCache.noindex/UniformTypeIdentifiers-543G273I1DD1WXWBEPJMVNJZQ.pcm

SwiftExplicitDependencyGeneratePcm x86_64 /tmp/nosfy-profil-commit-dd/ModuleCache.noindex/CoreHaptics-6ZHYGHOJB9MY4Z1K40IF7DW7J.pcm

SwiftExplicitDependencyGeneratePcm x86_64 /tmp/nosfy-profil-commit-dd/ModuleCache.noindex/UserNotifications-8MBF2J9XSXTDCPMY8ZV1K6QBE.pcm

SwiftExplicitDependencyGeneratePcm x86_64 /tmp/nosfy-profil-commit-dd/ModuleCache.noindex/ModelIO-7JKSXCWHS271WO7QBL9S3RZWZ.pcm

SwiftExplicitDependencyGeneratePcm x86_64 /tmp/nosfy-profil-commit-dd/ModuleCache.noindex/OSLog-4RVCKUSULGSB6QHMFO23XFD8N.pcm

SwiftExplicitDependencyGeneratePcm x86_64 /tmp/nosfy-profil-commit-dd/ModuleCache.noindex/AppIntents-E8Q39SRIR67H753ZB2VANHZI6.pcm

SwiftExplicitDependencyGeneratePcm x86_64 /tmp/nosfy-profil-commit-dd/ModuleCache.noindex/RelevanceKit-50FAU2WQ98OUKQIBLVP6A3DYZ.pcm

SwiftExplicitDependencyGeneratePcm x86_64 /tmp/nosfy-profil-commit-dd/ModuleCache.noindex/CoreMIDI-4OWYOWOI78PS5URRJXALW2GHQ.pcm

SwiftExplicitDependencyGeneratePcm x86_64 /tmp/nosfy-profil-commit-dd/ModuleCache.noindex/CoreLocation-YM1U2SP06Q6QP4E6SG52NEUE.pcm

SwiftExplicitDependencyGeneratePcm x86_64 /tmp/nosfy-profil-commit-dd/ModuleCache.noindex/Accessibility-95FUMJ4JI7NLOVPEH12EPUZF4.pcm

SwiftExplicitDependencyGeneratePcm x86_64 /tmp/nosfy-profil-commit-dd/ModuleCache.noindex/DataDetection-DFNPXTUK5EIOVMF4FSI26164V.pcm

SwiftExplicitDependencyGeneratePcm x86_64 /tmp/nosfy-profil-commit-dd/ModuleCache.noindex/UIUtilities-4SI0E8E9A398PVHXB87GS5ELF.pcm

SwiftExplicitDependencyGeneratePcm x86_64 /tmp/nosfy-profil-commit-dd/ModuleCache.noindex/LocalAuthentication-BO9X2HXR0JHN9YHV84057KO0K.pcm

SwiftExplicitDependencyGeneratePcm x86_64 /tmp/nosfy-profil-commit-dd/ModuleCache.noindex/Network-CTT4Q0AHKHL4NTII1QEZG8TY1.pcm

SwiftExplicitDependencyGeneratePcm x86_64 /tmp/nosfy-profil-commit-dd/ModuleCache.noindex/WidgetKit-A1RYATZIV1CUM6NFQGZTPWL8X.pcm

SwiftExplicitDependencyGeneratePcm arm64 /tmp/nosfy-profil-commit-dd/ModuleCache.noindex/DataDetection-ALVC0GRSELMGTQ4LW5VXWE9Y3.pcm

SwiftExplicitDependencyGeneratePcm arm64 /tmp/nosfy-profil-commit-dd/ModuleCache.noindex/ModelIO-8UKYY603YW2LU1J9ID9HU3FOS.pcm

SwiftExplicitDependencyGeneratePcm arm64 /tmp/nosfy-profil-commit-dd/ModuleCache.noindex/IOSurface-B34JO9WGXU3QSJI5BQ3H05OAA.pcm

SwiftExplicitDependencyGeneratePcm arm64 /tmp/nosfy-profil-commit-dd/ModuleCache.noindex/AppIntents-4MDMCX11S3S2MNHA2S26T1QUL.pcm

SwiftExplicitDependencyGeneratePcm arm64 /tmp/nosfy-profil-commit-dd/ModuleCache.noindex/CoreData-13OELADY3E4EUFTVEYX5R9GKL.pcm

SwiftExplicitDependencyGeneratePcm arm64 /tmp/nosfy-profil-commit-dd/ModuleCache.noindex/OpenGLES-D28SNAQK4EX9UQQWP41P3QA2R.pcm

SwiftExplicitDependencyGeneratePcm arm64 /tmp/nosfy-profil-commit-dd/ModuleCache.noindex/CoreHaptics-30JK4H21BGV2P47X68ITUNABS.pcm

SwiftExplicitDependencyGeneratePcm arm64 /tmp/nosfy-profil-commit-dd/ModuleCache.noindex/FileProvider-B0BYEUJZFC3RIYA8884414ON3.pcm

SwiftExplicitDependencyGeneratePcm arm64 /tmp/nosfy-profil-commit-dd/ModuleCache.noindex/LocalAuthentication-5CAIWS8GL28ZQNH7O7SJOSJVC.pcm

SwiftExplicitDependencyGeneratePcm arm64 /tmp/nosfy-profil-commit-dd/ModuleCache.noindex/Accessibility-1OHKE1F9V47C3DF6DZBNV374R.pcm

SwiftExplicitDependencyGeneratePcm arm64 /tmp/nosfy-profil-commit-dd/ModuleCache.noindex/RelevanceKit-2B5UIOJ7GU96SQH5N8YU8GYLO.pcm

SwiftExplicitDependencyGeneratePcm arm64 /tmp/nosfy-profil-commit-dd/ModuleCache.noindex/UniformTypeIdentifiers-8P0827MUWCRF10SO1YE91HIDK.pcm

SwiftExplicitDependencyGeneratePcm arm64 /tmp/nosfy-profil-commit-dd/ModuleCache.noindex/CoreTransferable-EN7URMH28XWO8B8UY0V6DLH5U.pcm

SwiftExplicitDependencyGeneratePcm arm64 /tmp/nosfy-profil-commit-dd/ModuleCache.noindex/Metal-8T8UXZZ47KX0B4L6CBZ61XRUQ.pcm

SwiftExplicitDependencyGeneratePcm arm64 /tmp/nosfy-profil-commit-dd/ModuleCache.noindex/Network-1RO64JKL8JM4T5UC8QO39C1OH.pcm

SwiftExplicitDependencyGeneratePcm x86_64 /tmp/nosfy-profil-commit-dd/ModuleCache.noindex/AudioToolbox-A1IJIESNGJ2QVLRB34CI3VZA4.pcm

SwiftExplicitDependencyGeneratePcm arm64 /tmp/nosfy-profil-commit-dd/ModuleCache.noindex/WidgetKit-6REHUVT6KRO550S8OZDH44DLY.pcm

SwiftExplicitDependencyGeneratePcm x86_64 /tmp/nosfy-profil-commit-dd/ModuleCache.noindex/Intents-DFF0N7D9HP9KC0DNF1052I9F1.pcm

SwiftExplicitDependencyGeneratePcm arm64 /tmp/nosfy-profil-commit-dd/ModuleCache.noindex/UIUtilities-333WWM72HJS6UJ3AWSELKXRJM.pcm

SwiftExplicitDependencyGeneratePcm arm64 /tmp/nosfy-profil-commit-dd/ModuleCache.noindex/CoreMIDI-5T4W000A1J6TGD95ZM6Z46UYF.pcm

SwiftExplicitDependencyGeneratePcm x86_64 /tmp/nosfy-profil-commit-dd/ModuleCache.noindex/CoreMotion-7W7O1KUCE7VAVMQ229Y31P5TC.pcm

SwiftExplicitDependencyGeneratePcm arm64 /tmp/nosfy-profil-commit-dd/ModuleCache.noindex/CoreSpotlight-6YFMCILEFTOOVJCSKLDHAT4AP.pcm

SwiftExplicitDependencyGeneratePcm arm64 /tmp/nosfy-profil-commit-dd/ModuleCache.noindex/OSLog-JOEMB2SG33ZRFGXGN1L2QFDF.pcm

SwiftExplicitDependencyGeneratePcm x86_64 /tmp/nosfy-profil-commit-dd/ModuleCache.noindex/IOSurface-9M4GP5LCSVSB3CZLUNUPSWVLS.pcm

SwiftExplicitDependencyGeneratePcm x86_64 /tmp/nosfy-profil-commit-dd/ModuleCache.noindex/CoreData-2EYS0YGQSOOMUYNWEKT9RPGFQ.pcm

SwiftExplicitDependencyGeneratePcm arm64 /tmp/nosfy-profil-commit-dd/ModuleCache.noindex/_LocationEssentials-6HYYKUCL3LNU3S2KUALIWWKQ1.pcm

SwiftExplicitDependencyGeneratePcm arm64 /tmp/nosfy-profil-commit-dd/ModuleCache.noindex/AVRouting-2W3CDNCTGKNWB5RSMZFFM61T1.pcm

SwiftExplicitDependencyGeneratePcm arm64 /tmp/nosfy-profil-commit-dd/ModuleCache.noindex/AudioToolbox-5LW53IYQJ3UGEGSRLIMMB88MW.pcm

SwiftExplicitDependencyGeneratePcm x86_64 /tmp/nosfy-profil-commit-dd/ModuleCache.noindex/AVRouting-NXMM9WMKA9FRON4218ESH3TJ.pcm

SwiftExplicitDependencyGeneratePcm x86_64 /tmp/nosfy-profil-commit-dd/ModuleCache.noindex/CoreSpotlight-6Z9P2BS19OGZ2USGXK76MLN4N.pcm

SwiftExplicitDependencyGeneratePcm x86_64 /tmp/nosfy-profil-commit-dd/ModuleCache.noindex/OpenGLES-3FENKFDUPWG4VEVU1KRWHO2MP.pcm

SwiftExplicitDependencyGeneratePcm arm64 /tmp/nosfy-profil-commit-dd/ModuleCache.noindex/CoreLocation-6BKTXSSLNHL0TW08LFN152GNE.pcm

SwiftExplicitDependencyGeneratePcm arm64 /tmp/nosfy-profil-commit-dd/ModuleCache.noindex/Symbols-3TEB21P28SR5TTCOE6104MOHF.pcm

SwiftExplicitDependencyGeneratePcm x86_64 /tmp/nosfy-profil-commit-dd/ModuleCache.noindex/Metal-105WK2454QC7I7PKVOJIMWV8P.pcm

SwiftExplicitDependencyGeneratePcm arm64 /tmp/nosfy-profil-commit-dd/ModuleCache.noindex/UserNotifications-D7BOCHMFHCO6SKVHHI38JPT3T.pcm

SwiftExplicitDependencyGeneratePcm x86_64 /tmp/nosfy-profil-commit-dd/ModuleCache.noindex/FileProvider-UNIVR49UNQQL5D7P1H9B05QV.pcm

SwiftExplicitDependencyGeneratePcm x86_64 /tmp/nosfy-profil-commit-dd/ModuleCache.noindex/Symbols-AZGF1WTCESRH6EWF2YXIP01JQ.pcm

SwiftExplicitDependencyGeneratePcm arm64 /tmp/nosfy-profil-commit-dd/ModuleCache.noindex/CoreVideo-1WEHTYVKY21M7WSZ736ZNPAFH.pcm

SwiftExplicitDependencyGeneratePcm arm64 /tmp/nosfy-profil-commit-dd/ModuleCache.noindex/CoreMotion-Z0SO8QZPBE8ECVL4O9YEP9OF.pcm

SwiftExplicitDependencyGeneratePcm arm64 /tmp/nosfy-profil-commit-dd/ModuleCache.noindex/Intents-4V7BO97MXFUKE0R5M8EI21WCD.pcm

SwiftExplicitDependencyGeneratePcm arm64 /tmp/nosfy-profil-commit-dd/ModuleCache.noindex/CoreImage-94UOT0GL9CJLVYK2XX4FPRU5F.pcm

SwiftExplicitDependencyGeneratePcm arm64 /tmp/nosfy-profil-commit-dd/ModuleCache.noindex/QuartzCore-EC8NL6B5J540CWUJ2V6XYJTF7.pcm

SwiftExplicitDependencyGeneratePcm arm64 /tmp/nosfy-profil-commit-dd/ModuleCache.noindex/CoreMedia-DK5UF8424FJ9A6VHDXCR7RMUE.pcm

SwiftExplicitDependencyGeneratePcm x86_64 /tmp/nosfy-profil-commit-dd/ModuleCache.noindex/CoreVideo-7KLSNFZ83K27ODJ8USZSRDXFP.pcm

SwiftExplicitDependencyGeneratePcm arm64 /tmp/nosfy-profil-commit-dd/ModuleCache.noindex/SwiftUICore-BX6R7ZARAX32FWXVIWC5SMA24.pcm

SwiftExplicitDependencyGeneratePcm x86_64 /tmp/nosfy-profil-commit-dd/ModuleCache.noindex/QuartzCore-5GN3SIOOHU3V36TLKOGWPRO8U.pcm

SwiftExplicitDependencyGeneratePcm x86_64 /tmp/nosfy-profil-commit-dd/ModuleCache.noindex/CoreImage-2FXSKU6RXBMTKDY9N32H11OKR.pcm

SwiftExplicitDependencyGeneratePcm x86_64 /tmp/nosfy-profil-commit-dd/ModuleCache.noindex/CoreMedia-EFTKXRMP2LSQW759RQT08HU54.pcm

SwiftExplicitDependencyGeneratePcm arm64 /tmp/nosfy-profil-commit-dd/ModuleCache.noindex/AVFAudio-D4OEB6LTRRA8BYSKFCOPH2YOB.pcm

SwiftExplicitDependencyGeneratePcm arm64 /tmp/nosfy-profil-commit-dd/ModuleCache.noindex/MediaToolbox-1MK55EKDDGBUXCDROG274ZPME.pcm

SwiftExplicitDependencyGeneratePcm arm64 /tmp/nosfy-profil-commit-dd/ModuleCache.noindex/UIKit-BKGED25PCH5RDJY0XWB24KE5F.pcm

SwiftExplicitDependencyGeneratePcm x86_64 /tmp/nosfy-profil-commit-dd/ModuleCache.noindex/SwiftUICore-AGTL9UBWJ15OGGH2FO6WO0O19.pcm

SwiftExplicitDependencyGeneratePcm x86_64 /tmp/nosfy-profil-commit-dd/ModuleCache.noindex/UIKit-1CLSX6A97MV277CWLHFSSLQYU.pcm

SwiftExplicitDependencyGeneratePcm x86_64 /tmp/nosfy-profil-commit-dd/ModuleCache.noindex/MediaToolbox-7T57DZYVEHXB0VEYOU0UT78Y0.pcm

SwiftExplicitDependencyGeneratePcm x86_64 /tmp/nosfy-profil-commit-dd/ModuleCache.noindex/AVFAudio-87ZHXJ1UPG3P3QA0MWXJYQ062.pcm

SwiftExplicitDependencyGeneratePcm arm64 /tmp/nosfy-profil-commit-dd/ModuleCache.noindex/AVFoundation-612XXB2RPNQ0VACM1J1FW0D9L.pcm

SwiftExplicitDependencyGeneratePcm x86_64 /tmp/nosfy-profil-commit-dd/ModuleCache.noindex/AVFoundation-BOA3VC68AW0LPN2F14E1XAGQ1.pcm

SwiftExplicitDependencyGeneratePcm arm64 /tmp/nosfy-profil-commit-dd/ModuleCache.noindex/MetalKit-C221JQTI50YSPZY5LXHC9YCYI.pcm

SwiftExplicitDependencyGeneratePcm arm64 /tmp/nosfy-profil-commit-dd/ModuleCache.noindex/SwiftUI-EKULURPFS1OB54BFLAIXK28EX.pcm

SwiftExplicitDependencyGeneratePcm arm64 /tmp/nosfy-profil-commit-dd/ModuleCache.noindex/GLKit-CHNXKQTLU4VJN7UW967YQQJOO.pcm

SwiftExplicitDependencyGeneratePcm arm64 /tmp/nosfy-profil-commit-dd/ModuleCache.noindex/AuthenticationServices-5LZZGPGLOVWN2K5Q2WCG6IJGT.pcm

SwiftExplicitDependencyGeneratePcm x86_64 /tmp/nosfy-profil-commit-dd/ModuleCache.noindex/MetalKit-A09N29SGHK47FW693EA92KLTX.pcm

SwiftExplicitDependencyGeneratePcm x86_64 /tmp/nosfy-profil-commit-dd/ModuleCache.noindex/SwiftUI-12E8ALUKUI3MFAY7E54G6UEZV.pcm

SwiftExplicitDependencyGeneratePcm x86_64 /tmp/nosfy-profil-commit-dd/ModuleCache.noindex/GLKit-1UDYPGQG6EBF3FBHDM3S7OPT4.pcm

SwiftExplicitDependencyGeneratePcm x86_64 /tmp/nosfy-profil-commit-dd/ModuleCache.noindex/AuthenticationServices-EVHS62DTUN2B1UPYPTSYENS1N.pcm

SwiftExplicitDependencyGeneratePcm arm64 /tmp/nosfy-profil-commit-dd/ModuleCache.noindex/SceneKit-BHYY9GEXI85ORTQ2M82AN684J.pcm

SwiftExplicitDependencyGeneratePcm x86_64 /tmp/nosfy-profil-commit-dd/ModuleCache.noindex/SceneKit-DKA82JYBJKXHLVDMIYCPXH2CV.pcm

SwiftCompile normal arm64 Compiling\ ChambreVolume.swift,\ ChargeFiche.swift,\ ChevronAppelNatif.swift,\ ChipVerre.swift,\ CinematicPlayer.swift,\ ClavierBraise.swift,\ CoffreFlipLab.swift,\ CoffreFortCoin.swift,\ CoffreFortPurse.swift,\ CoffreFortView.swift,\ CoffreV2.swift,\ ConnexionButtonLab.swift,\ ConnexionCinematic.swift,\ CorpsNacre.swift,\ CounterLab.swift,\ DemonVideo.swift,\ DepartCine.swift,\ DepartSeance.swift,\ DevilAuraOverlay.swift,\ DuolinguoPage.swift /tmp/nosfy-profil-commit-20260919/Nosfy/Views/ChambreVolume.swift /tmp/nosfy-profil-commit-20260919/Nosfy/Views/ChargeFiche.swift /tmp/nosfy-profil-commit-20260919/Nosfy/Views/ChevronAppelNatif.swift /tmp/nosfy-profil-commit-20260919/Nosfy/Views/ChipVerre.swift /tmp/nosfy-profil-commit-20260919/Nosfy/Views/CinematicPlayer.swift /tmp/nosfy-profil-commit-20260919/Nosfy/Views/ClavierBraise.swift /tmp/nosfy-profil-commit-20260919/Nosfy/Views/CoffreFlipLab.swift /tmp/nosfy-profil-commit-20260919/Nosfy/Views/CoffreFortCoin.swift /tmp/nosfy-profil-commit-20260919/Nosfy/Views/CoffreFortPurse.swift /tmp/nosfy-profil-commit-20260919/Nosfy/Views/CoffreFortView.swift /tmp/nosfy-profil-commit-20260919/Nosfy/Views/CoffreV2.swift /tmp/nosfy-profil-commit-20260919/Nosfy/Views/ConnexionButtonLab.swift /tmp/nosfy-profil-commit-20260919/Nosfy/Views/ConnexionCinematic.swift /tmp/nosfy-profil-commit-20260919/Nosfy/Views/CorpsNacre.swift /tmp/nosfy-profil-commit-20260919/Nosfy/Views/CounterLab.swift /tmp/nosfy-profil-commit-20260919/Nosfy/Views/DemonVideo.swift /tmp/nosfy-profil-commit-20260919/Nosfy/Views/DepartCine.swift /tmp/nosfy-profil-commit-20260919/Nosfy/Views/DepartSeance.swift /tmp/nosfy-profil-commit-20260919/Nosfy/Views/DevilAuraOverlay.swift /tmp/nosfy-profil-commit-20260919/Nosfy/Views/DuolinguoPage.swift (in target 'Nosfy' from project 'Nosfy')
SwiftCompile normal arm64 /tmp/nosfy-profil-commit-20260919/Nosfy/Views/ChambreVolume.swift (in target 'Nosfy' from project 'Nosfy')
    cd /tmp/nosfy-profil-commit-20260919
    

SwiftCompile normal arm64 /tmp/nosfy-profil-commit-20260919/Nosfy/Views/ChargeFiche.swift (in target 'Nosfy' from project 'Nosfy')
    cd /tmp/nosfy-profil-commit-20260919
    

SwiftCompile normal arm64 /tmp/nosfy-profil-commit-20260919/Nosfy/Views/ChevronAppelNatif.swift (in target 'Nosfy' from project 'Nosfy')
    cd /tmp/nosfy-profil-commit-20260919
    

SwiftCompile normal arm64 /tmp/nosfy-profil-commit-20260919/Nosfy/Views/ChipVerre.swift (in target 'Nosfy' from project 'Nosfy')
    cd /tmp/nosfy-profil-commit-20260919
    

SwiftCompile normal arm64 /tmp/nosfy-profil-commit-20260919/Nosfy/Views/CinematicPlayer.swift (in target 'Nosfy' from project 'Nosfy')
    cd /tmp/nosfy-profil-commit-20260919
    

SwiftCompile normal arm64 /tmp/nosfy-profil-commit-20260919/Nosfy/Views/ClavierBraise.swift (in target 'Nosfy' from project 'Nosfy')
    cd /tmp/nosfy-profil-commit-20260919
    

SwiftCompile normal arm64 /tmp/nosfy-profil-commit-20260919/Nosfy/Views/CoffreFlipLab.swift (in target 'Nosfy' from project 'Nosfy')
    cd /tmp/nosfy-profil-commit-20260919
    
/tmp/nosfy-profil-commit-20260919/Nosfy/Views/CoffreFlipLab.swift:246:43: warning: 'main' was deprecated in iOS 26.0: Use a UIScreen instance found through context instead (i.e, view.window.windowScene.screen), or for properties like UIScreen.scale with trait equivalents, use a traitCollection found through context.
                    .position(x: UIScreen.main.bounds.width / 2,
                                          ^
/tmp/nosfy-profil-commit-20260919/Nosfy/Views/CoffreFlipLab.swift:248:45: warning: 'main' was deprecated in iOS 26.0: Use a UIScreen instance found through context instead (i.e, view.window.windowScene.screen), or for properties like UIScreen.scale with trait equivalents, use a traitCollection found through context.
                                 ? UIScreen.main.bounds.height * 0.63
                                            ^
/tmp/nosfy-profil-commit-20260919/Nosfy/Views/CoffreFlipLab.swift:249:45: warning: 'main' was deprecated in iOS 26.0: Use a UIScreen instance found through context instead (i.e, view.window.windowScene.screen), or for properties like UIScreen.scale with trait equivalents, use a traitCollection found through context.
                                 : UIScreen.main.bounds.height * 0.46)
                                            ^

SwiftCompile normal arm64 /tmp/nosfy-profil-commit-20260919/Nosfy/Views/CoffreFortCoin.swift (in target 'Nosfy' from project 'Nosfy')
    cd /tmp/nosfy-profil-commit-20260919
    

SwiftCompile normal arm64 /tmp/nosfy-profil-commit-20260919/Nosfy/Views/CoffreFortPurse.swift (in target 'Nosfy' from project 'Nosfy')
    cd /tmp/nosfy-profil-commit-20260919
    

SwiftCompile normal arm64 /tmp/nosfy-profil-commit-20260919/Nosfy/Views/CoffreFortView.swift (in target 'Nosfy' from project 'Nosfy')
    cd /tmp/nosfy-profil-commit-20260919
    

SwiftCompile normal arm64 /tmp/nosfy-profil-commit-20260919/Nosfy/Views/CoffreV2.swift (in target 'Nosfy' from project 'Nosfy')
    cd /tmp/nosfy-profil-commit-20260919
    
/tmp/nosfy-profil-commit-20260919/Nosfy/Views/CoffreV2.swift:2787:42: error: cannot find 'robe' in scope
        traceQA("coffre : ouvrirManege(\(robe)) boosters=\(economie.boosters) noirs=\(economie.boostersNoirs)")
                                         ^~~~
/tmp/nosfy-profil-commit-20260919/Nosfy/Views/CoffreV2.swift:2787:9: error: type '()' cannot conform to 'View'
        traceQA("coffre : ouvrirManege(\(robe)) boosters=\(economie.boosters) noirs=\(economie.boostersNoirs)")
        ^
/tmp/nosfy-profil-commit-20260919/Nosfy/Views/CoffreV2.swift:2787:9: note: only concrete types such as structs, enums and classes can conform to protocols
        traceQA("coffre : ouvrirManege(\(robe)) boosters=\(economie.boosters) noirs=\(economie.boostersNoirs)")
        ^
/tmp/nosfy-profil-commit-20260919/Nosfy/Views/CoffreV2.swift:2787:9: note: required by static method 'buildExpression' where 'Content' = '()'
        traceQA("coffre : ouvrirManege(\(robe)) boosters=\(economie.boosters) noirs=\(economie.boostersNoirs)")
        ^
/tmp/nosfy-profil-commit-20260919/Nosfy/Views/CoffreV2.swift:3400:24: error: argument 'onOuvrir' must precede argument 'allume'
                       onOuvrir: robeDeLaPage.map { r in { ouvrirManege(r) } },
~~~~~~~~~~~~~~~~~~~~~~~^~~~~~~~~~~~~~~~~~~~~~~~~~~~~~~~~~~~~~~~~~~~~~~~~~~~~~~

SwiftCompile normal arm64 /tmp/nosfy-profil-commit-20260919/Nosfy/Views/ConnexionButtonLab.swift (in target 'Nosfy' from project 'Nosfy')
    cd /tmp/nosfy-profil-commit-20260919
    

SwiftCompile normal arm64 /tmp/nosfy-profil-commit-20260919/Nosfy/Views/ConnexionCinematic.swift (in target 'Nosfy' from project 'Nosfy')
    cd /tmp/nosfy-profil-commit-20260919
    

SwiftCompile normal arm64 /tmp/nosfy-profil-commit-20260919/Nosfy/Views/CorpsNacre.swift (in target 'Nosfy' from project 'Nosfy')
    cd /tmp/nosfy-profil-commit-20260919
    

SwiftCompile normal arm64 /tmp/nosfy-profil-commit-20260919/Nosfy/Views/CounterLab.swift (in target 'Nosfy' from project 'Nosfy')
    cd /tmp/nosfy-profil-commit-20260919
    

SwiftCompile normal arm64 /tmp/nosfy-profil-commit-20260919/Nosfy/Views/DemonVideo.swift (in target 'Nosfy' from project 'Nosfy')
    cd /tmp/nosfy-profil-commit-20260919
    

SwiftCompile normal arm64 /tmp/nosfy-profil-commit-20260919/Nosfy/Views/DepartCine.swift (in target 'Nosfy' from project 'Nosfy')
    cd /tmp/nosfy-profil-commit-20260919
    

SwiftCompile normal arm64 /tmp/nosfy-profil-commit-20260919/Nosfy/Views/DepartSeance.swift (in target 'Nosfy' from project 'Nosfy')
    cd /tmp/nosfy-profil-commit-20260919
    

SwiftCompile normal arm64 /tmp/nosfy-profil-commit-20260919/Nosfy/Views/DevilAuraOverlay.swift (in target 'Nosfy' from project 'Nosfy')
    cd /tmp/nosfy-profil-commit-20260919
    

SwiftCompile normal arm64 /tmp/nosfy-profil-commit-20260919/Nosfy/Views/DuolinguoPage.swift (in target 'Nosfy' from project 'Nosfy')
    cd /tmp/nosfy-profil-commit-20260919
    
/tmp/nosfy-profil-commit-20260919/Nosfy/Views/DuolinguoPage.swift:1363:9: warning: result of call to 'withAnimation' is unused
        withAnimation(.easeInOut(duration: 0.45)) { etat.reclamees.insert(e.id) }
        ^            ~~~~~~~~~~~~~~~~~~~~~~~~~~~~~~~~~~~~~~~~~~~~~~~~~~~~~~~~~~~~
/tmp/nosfy-profil-commit-20260919/Nosfy/Views/DuolinguoPage.swift:1372:17: warning: result of call to 'withAnimation' is unused
                withAnimation(.easeInOut(duration: 0.30)) { etat.reclamees.remove(e.id) }
                ^            ~~~~~~~~~~~~~~~~~~~~~~~~~~~~~~~~~~~~~~~~~~~~~~~~~~~~~~~~~~~~

Failed frontend command:
/Applications/Xcode.app/Contents/Developer/Toolchains/XcodeDefault.xctoolchain/usr/bin/swift-frontend -frontend -c -filelist /tmp/nosfy-profil-commit-dd/Build/Intermediates.noindex/Nosfy.build/Debug-iphonesimulator/Nosfy.build/Objects-normal/arm64/sources-2 -primary-file /tmp/nosfy-profil-commit-20260919/Nosfy/Views/ChambreVolume.swift -primary-file /tmp/nosfy-profil-commit-20260919/Nosfy/Views/ChargeFiche.swift -primary-file /tmp/nosfy-profil-commit-20260919/Nosfy/Views/ChevronAppelNatif.swift -primary-file /tmp/nosfy-profil-commit-20260919/Nosfy/Views/ChipVerre.swift -primary-file /tmp/nosfy-profil-commit-20260919/Nosfy/Views/CinematicPlayer.swift -primary-file /tmp/nosfy-profil-commit-20260919/Nosfy/Views/ClavierBraise.swift -primary-file /tmp/nosfy-profil-commit-20260919/Nosfy/Views/CoffreFlipLab.swift -primary-file /tmp/nosfy-profil-commit-20260919/Nosfy/Views/CoffreFortCoin.swift -primary-file /tmp/nosfy-profil-commit-20260919/Nosfy/Views/CoffreFortPurse.swift -primary-file /tmp/nosfy-profil-commit-20260919/Nosfy/Views/CoffreFortView.swift -primary-file /tmp/nosfy-profil-commit-20260919/Nosfy/Views/CoffreV2.swift -primary-file /tmp/nosfy-profil-commit-20260919/Nosfy/Views/ConnexionButtonLab.swift -primary-file /tmp/nosfy-profil-commit-20260919/Nosfy/Views/ConnexionCinematic.swift -primary-file /tmp/nosfy-profil-commit-20260919/Nosfy/Views/CorpsNacre.swift -primary-file /tmp/nosfy-profil-commit-20260919/Nosfy/Views/CounterLab.swift -primary-file /tmp/nosfy-profil-commit-20260919/Nosfy/Views/DemonVideo.swift -primary-file /tmp/nosfy-profil-commit-20260919/Nosfy/Views/DepartCine.swift -primary-file /tmp/nosfy-profil-commit-20260919/Nosfy/Views/DepartSeance.swift -primary-file /tmp/nosfy-profil-commit-20260919/Nosfy/Views/DevilAuraOverlay.swift -primary-file /tmp/nosfy-profil-commit-20260919/Nosfy/Views/DuolinguoPage.swift -supplementary-output-file-map /tmp/nosfy-profil-commit-dd/Build/Intermediates.noindex/Nosfy.build/Debug-iphonesimulator/Nosfy.build/Objects-normal/arm64/supplementaryOutputs-14 -emit-localized-strings -emit-localized-strings-path /tmp/nosfy-profil-commit-dd/Build/Intermediates.noindex/Nosfy.build/Debug-iphonesimulator/Nosfy.build/Objects-normal/arm64 -target arm64-apple-ios26.0-simulator -module-can-import-version DeveloperToolsSupport 23.40.26 23.40.26 -disable-cross-import-overlay-search -swift-module-cross-import AuthenticationServices /Applications/Xcode.app/Contents/Developer/Platforms/iPhoneSimulator.platform/Developer/SDKs/iPhoneSimulator.sdk/System/Cryptexes/OS/System/Library/Frameworks/AuthenticationServices.framework/Modules/AuthenticationServices.swiftcrossimport/SwiftUI.swiftoverlay -swift-module-cross-import AuthenticationServices /Applications/Xcode.app/Contents/Developer/Platforms/iPhoneSimulator.platform/Developer/SDKs/iPhoneSimulator26.5.sdk/System/Library/Frameworks/AuthenticationServices.framework/Modules/AuthenticationServices.swiftcrossimport/SwiftUI.swiftoverlay -swift-module-cross-import SceneKit /Applications/Xcode.app/Contents/Developer/Platforms/iPhoneSimulator.platform/Developer/SDKs/iPhoneSimulator.sdk/System/Library/Frameworks/SceneKit.framework/Modules/SceneKit.swiftcrossimport/SwiftUI.swiftoverlay -swift-module-cross-import SwiftData /Applications/Xcode.app/Contents/Developer/Platforms/iPhoneSimulator.platform/Developer/SDKs/iPhoneSimulator26.5.sdk/System/Library/Frameworks/SwiftData.framework/Modules/SwiftData.swiftcrossimport/CoreData.swiftoverlay -swift-module-cross-import SwiftData /Applications/Xcode.app/Contents/Developer/Platforms/iPhoneSimulator.platform/Developer/SDKs/iPhoneSimulator26.5.sdk/System/Library/Frameworks/SwiftData.framework/Modules/SwiftData.swiftcrossimport/SwiftUI.swiftoverlay -load-resolved-plugin /Applications/Xcode.app/Contents/Developer/Platforms/iPhoneOS.platform/Developer/usr/lib/swift/host/plugins/libAppIntentsMacros.dylib\#/Applications/Xcode.app/Contents/Developer/Platforms/iPhoneOS.platform/Developer/usr/bin/swift-plugin-server\#AppIntentsMacros -load-resolved-plugin /Applications/Xcode.app/Contents/Developer/Platforms/iPhoneOS.platform/Developer/usr/lib/swift/host/plugins/libFoundationMacros.dylib\#/Applications/Xcode.app/Contents/Developer/Platforms/iPhoneOS.platform/Developer/usr/bin/swift-plugin-server\#FoundationMacros -load-resolved-plugin /Applications/Xcode.app/Contents/Developer/Platforms/iPhoneOS.platform/Developer/usr/lib/swift/host/plugins/libObservationMacros.dylib\#/Applications/Xcode.app/Contents/Developer/Platforms/iPhoneOS.platform/Developer/usr/bin/swift-plugin-server\#ObservationMacros -load-resolved-plugin /Applications/Xcode.app/Contents/Developer/Platforms/iPhoneOS.platform/Developer/usr/lib/swift/host/plugins/libPreviewsMacros.dylib\#/Applications/Xcode.app/Contents/Developer/Platforms/iPhoneOS.platform/Developer/usr/bin/swift-plugin-server\#PreviewsMacros -load-resolved-plugin /Applications/Xcode.app/Contents/Developer/Platforms/iPhoneOS.platform/Developer/usr/lib/swift/host/plugins/libSwiftDataMacros.dylib\#/Applications/Xcode.app/Contents/Developer/Platforms/iPhoneOS.platform/Developer/usr/bin/swift-plugin-server\#SwiftDataMacros -load-resolved-plugin /Applications/Xcode.app/Contents/Developer/Platforms/iPhoneOS.platform/Developer/usr/lib/swift/host/plugins/libSwiftMacros.dylib\#/Applications/Xcode.app/Contents/Developer/Platforms/iPhoneOS.platform/Developer/usr/bin/swift-plugin-server\#SwiftMacros -load-resolved-plugin /Applications/Xcode.app/Contents/Developer/Platforms/iPhoneOS.platform/Developer/usr/lib/swift/host/plugins/libSwiftUIMacros.dylib\#/Applications/Xcode.app/Contents/Developer/Platforms/iPhoneOS.platform/Developer/usr/bin/swift-plugin-server\#SwiftUIMacros -disable-implicit-swift-modules -Xcc -fno-implicit-modules -Xcc -fno-implicit-module-maps -explicit-swift-module-map-file /tmp/nosfy-profil-commit-dd/Build/Intermediates.noindex/Nosfy.build/Debug-iphonesimulator/Nosfy.build/Objects-normal/arm64/Woop-dependencies-2.json -debug-module-path /tmp/nosfy-profil-commit-dd/Build/Intermediates.noindex/Nosfy.build/Debug-iphonesimulator/Nosfy.build/Objects-normal/arm64/Woop.swiftmodule -Xllvm -aarch64-use-tbi -enable-objc-interop -sdk /Applications/Xcode.app/Contents/Developer/Platforms/iPhoneSimulator.platform/Developer/SDKs/iPhoneSimulator26.5.sdk -I /tmp/nosfy-profil-commit-dd/Build/Products/Debug-iphonesimulator -F /tmp/nosfy-profil-commit-dd/Build/Products/Debug-iphonesimulator -no-color-diagnostics -Xcc -fno-color-diagnostics -enable-testing -g -debug-info-format\=dwarf -dwarf-version\=5 -module-cache-path /tmp/nosfy-profil-commit-dd/Build/Intermediates.noindex/SwiftExplicitPrecompiledModules -swift-version 5 -Onone -D DEBUG -serialize-debugging-options -const-gather-protocols-file /tmp/nosfy-profil-commit-dd/Build/Intermediates.noindex/Nosfy.build/Debug-iphonesimulator/Nosfy.build/Objects-normal/arm64/Nosfy_const_extract_protocols.json -enable-experimental-feature DebugDescriptionMacro -enable-bare-slash-regex -empty-abi-descriptor -validate-clang-modules-once -clang-build-session-file /tmp/nosfy-profil-commit-dd/ModuleCache.noindex/Session.modulevalidation -Xcc -working-directory -Xcc /tmp/nosfy-profil-commit-20260919 -enable-anonymous-context-mangled-names -file-compilation-dir /tmp/nosfy-profil-commit-20260919 -Xcc -D_LIBCPP_HARDENING_MODE\=_LIBCPP_HARDENING_MODE_DEBUG -Xcc -ivfsstatcache -Xcc /tmp/nosfy-profil-commit-dd/SDKStatCaches.noindex/iphonesimulator26.5-23F73-688ef53f1462e2c8f657fdc38a81448f6cfe768891a92b912361537c460fe42b.sdkstatcache -Xcc -I/tmp/nosfy-profil-commit-dd/Build/Intermediates.noindex/Nosfy.build/Debug-iphonesimulator/Nosfy.build/swift-overrides.hmap -Xcc -iquote -Xcc /tmp/nosfy-profil-commit-dd/Build/Intermediates.noindex/Nosfy.build/Debug-iphonesimulator/Nosfy.build/Nosfy-generated-files.hmap -Xcc -I/tmp/nosfy-profil-commit-dd/Build/Intermediates.noindex/Nosfy.build/Debug-iphonesimulator/Nosfy.build/Nosfy-own-target-headers.hmap -Xcc -I/tmp/nosfy-profil-commit-dd/Build/Intermediates.noindex/Nosfy.build/Debug-iphonesimulator/Nosfy.build/Nosfy-all-target-headers.hmap -Xcc -iquote -Xcc /tmp/nosfy-profil-commit-dd/Build/Intermediates.noindex/Nosfy.build/Debug-iphonesimulator/Nosfy.build/Nosfy-project-headers.hmap -Xcc -I/tmp/nosfy-profil-commit-dd/Build/Products/Debug-iphonesimulator/include -Xcc -I/tmp/nosfy-profil-commit-dd/Build/Intermediates.noindex/Nosfy.build/Debug-iphonesimulator/Nosfy.build/DerivedSources-normal/arm64 -Xcc -I/tmp/nosfy-profil-commit-dd/Build/Intermediates.noindex/Nosfy.build/Debug-iphonesimulator/Nosfy.build/DerivedSources/arm64 -Xcc -I/tmp/nosfy-profil-commit-dd/Build/Intermediates.noindex/Nosfy.build/Debug-iphonesimulator/Nosfy.build/DerivedSources -Xcc -DDEBUG\=1 -no-auto-bridging-header-chaining -module-name Woop -frontend-parseable-output -disable-clang-spi -clang-target arm64-apple-ios26.5-simulator -target-sdk-version 26.5 -target-sdk-name iphonesimulator26.5 -in-process-plugin-server-path /Applications/Xcode.app/Contents/Developer/Toolchains/XcodeDefault.xctoolchain/usr/lib/swift/host/libSwiftInProcPluginServer.dylib -o /tmp/nosfy-profil-commit-dd/Build/Intermediates.noindex/Nosfy.build/Debug-iphonesimulator/Nosfy.build/Objects-normal/arm64/ChambreVolume.o -o /tmp/nosfy-profil-commit-dd/Build/Intermediates.noindex/Nosfy.build/Debug-iphonesimulator/Nosfy.build/Objects-normal/arm64/ChargeFiche.o -o /tmp/nosfy-profil-commit-dd/Build/Intermediates.noindex/Nosfy.build/Debug-iphonesimulator/Nosfy.build/Objects-normal/arm64/ChevronAppelNatif.o -o /tmp/nosfy-profil-commit-dd/Build/Intermediates.noindex/Nosfy.build/Debug-iphonesimulator/Nosfy.build/Objects-normal/arm64/ChipVerre.o -o /tmp/nosfy-profil-commit-dd/Build/Intermediates.noindex/Nosfy.build/Debug-iphonesimulator/Nosfy.build/Objects-normal/arm64/CinematicPlayer.o -o /tmp/nosfy-profil-commit-dd/Build/Intermediates.noindex/Nosfy.build/Debug-iphonesimulator/Nosfy.build/Objects-normal/arm64/ClavierBraise.o -o /tmp/nosfy-profil-commit-dd/Build/Intermediates.noindex/Nosfy.build/Debug-iphonesimulator/Nosfy.build/Objects-normal/arm64/CoffreFlipLab.o -o /tmp/nosfy-profil-commit-dd/Build/Intermediates.noindex/Nosfy.build/Debug-iphonesimulator/Nosfy.build/Objects-normal/arm64/CoffreFortCoin.o -o /tmp/nosfy-profil-commit-dd/Build/Intermediates.noindex/Nosfy.build/Debug-iphonesimulator/Nosfy.build/Objects-normal/arm64/CoffreFortPurse.o -o /tmp/nosfy-profil-commit-dd/Build/Intermediates.noindex/Nosfy.build/Debug-iphonesimulator/Nosfy.build/Objects-normal/arm64/CoffreFortView.o -o /tmp/nosfy-profil-commit-dd/Build/Intermediates.noindex/Nosfy.build/Debug-iphonesimulator/Nosfy.build/Objects-normal/arm64/CoffreV2.o -o /tmp/nosfy-profil-commit-dd/Build/Intermediates.noindex/Nosfy.build/Debug-iphonesimulator/Nosfy.build/Objects-normal/arm64/ConnexionButtonLab.o -o /tmp/nosfy-profil-commit-dd/Build/Intermediates.noindex/Nosfy.build/Debug-iphonesimulator/Nosfy.build/Objects-normal/arm64/ConnexionCinematic.o -o /tmp/nosfy-profil-commit-dd/Build/Intermediates.noindex/Nosfy.build/Debug-iphonesimulator/Nosfy.build/Objects-normal/arm64/CorpsNacre.o -o /tmp/nosfy-profil-commit-dd/Build/Intermediates.noindex/Nosfy.build/Debug-iphonesimulator/Nosfy.build/Objects-normal/arm64/CounterLab.o -o /tmp/nosfy-profil-commit-dd/Build/Intermediates.noindex/Nosfy.build/Debug-iphonesimulator/Nosfy.build/Objects-normal/arm64/DemonVideo.o -o /tmp/nosfy-profil-commit-dd/Build/Intermediates.noindex/Nosfy.build/Debug-iphonesimulator/Nosfy.build/Objects-normal/arm64/DepartCine.o -o /tmp/nosfy-profil-commit-dd/Build/Intermediates.noindex/Nosfy.build/Debug-iphonesimulator/Nosfy.build/Objects-normal/arm64/DepartSeance.o -o /tmp/nosfy-profil-commit-dd/Build/Intermediates.noindex/Nosfy.build/Debug-iphonesimulator/Nosfy.build/Objects-normal/arm64/DevilAuraOverlay.o -o /tmp/nosfy-profil-commit-dd/Build/Intermediates.noindex/Nosfy.build/Debug-iphonesimulator/Nosfy.build/Objects-normal/arm64/DuolinguoPage.o -index-unit-output-path /Nosfy.build/Debug-iphonesimulator/Nosfy.build/Objects-normal/arm64/ChambreVolume.o -index-unit-output-path /Nosfy.build/Debug-iphonesimulator/Nosfy.build/Objects-normal/arm64/ChargeFiche.o -index-unit-output-path /Nosfy.build/Debug-iphonesimulator/Nosfy.build/Objects-normal/arm64/ChevronAppelNatif.o -index-unit-output-path /Nosfy.build/Debug-iphonesimulator/Nosfy.build/Objects-normal/arm64/ChipVerre.o -index-unit-output-path /Nosfy.build/Debug-iphonesimulator/Nosfy.build/Objects-normal/arm64/CinematicPlayer.o -index-unit-output-path /Nosfy.build/Debug-iphonesimulator/Nosfy.build/Objects-normal/arm64/ClavierBraise.o -index-unit-output-path /Nosfy.build/Debug-iphonesimulator/Nosfy.build/Objects-normal/arm64/CoffreFlipLab.o -index-unit-output-path /Nosfy.build/Debug-iphonesimulator/Nosfy.build/Objects-normal/arm64/CoffreFortCoin.o -index-unit-output-path /Nosfy.build/Debug-iphonesimulator/Nosfy.build/Objects-normal/arm64/CoffreFortPurse.o -index-unit-output-path /Nosfy.build/Debug-iphonesimulator/Nosfy.build/Objects-normal/arm64/CoffreFortView.o -index-unit-output-path /Nosfy.build/Debug-iphonesimulator/Nosfy.build/Objects-normal/arm64/CoffreV2.o -index-unit-output-path /Nosfy.build/Debug-iphonesimulator/Nosfy.build/Objects-normal/arm64/ConnexionButtonLab.o -index-unit-output-path /Nosfy.build/Debug-iphonesimulator/Nosfy.build/Objects-normal/arm64/ConnexionCinematic.o -index-unit-output-path /Nosfy.build/Debug-iphonesimulator/Nosfy.build/Objects-normal/arm64/CorpsNacre.o -index-unit-output-path /Nosfy.build/Debug-iphonesimulator/Nosfy.build/Objects-normal/arm64/CounterLab.o -index-unit-output-path /Nosfy.build/Debug-iphonesimulator/Nosfy.build/Objects-normal/arm64/DemonVideo.o -index-unit-output-path /Nosfy.build/Debug-iphonesimulator/Nosfy.build/Objects-normal/arm64/DepartCine.o -index-unit-output-path /Nosfy.build/Debug-iphonesimulator/Nosfy.build/Objects-normal/arm64/DepartSeance.o -index-unit-output-path /Nosfy.build/Debug-iphonesimulator/Nosfy.build/Objects-normal/arm64/DevilAuraOverlay.o -index-unit-output-path /Nosfy.build/Debug-iphonesimulator/Nosfy.build/Objects-normal/arm64/DuolinguoPage.o -index-store-path /tmp/nosfy-profil-commit-dd/Index.noindex/DataStore -index-system-modules
SwiftEmitModule normal arm64 Emitting\ module\ for\ Woop (in target 'Nosfy' from project 'Nosfy')

EmitSwiftModule normal arm64 (in target 'Nosfy' from project 'Nosfy')
    cd /tmp/nosfy-profil-commit-20260919
    

SwiftCompile normal arm64 Compiling\ FumeeInviteMetal.swift,\ GaletEtape.swift,\ GaletLab.swift,\ GaletSlide.swift,\ HaloDawnLab.swift,\ HarmonieLab.swift,\ HomeAuroraView.swift,\ HomeNuit.swift,\ HomeView.swift,\ JewelTabBar.swift,\ LaunchPebble.swift,\ LensParticles.swift,\ LiquidLensLab.swift,\ LisereCoreAnimation.swift,\ LisereImages.swift,\ LisereRespirant.swift,\ LiveExerciseView.swift,\ LivingNebulaBackground.swift,\ LoginLab.swift,\ LogoLab.swift /tmp/nosfy-profil-commit-20260919/Nosfy/Views/FumeeInviteMetal.swift /tmp/nosfy-profil-commit-20260919/Nosfy/Views/GaletEtape.swift /tmp/nosfy-profil-commit-20260919/Nosfy/Views/GaletLab.swift /tmp/nosfy-profil-commit-20260919/Nosfy/Views/GaletSlide.swift /tmp/nosfy-profil-commit-20260919/Nosfy/Views/HaloDawnLab.swift /tmp/nosfy-profil-commit-20260919/Nosfy/Views/HarmonieLab.swift /tmp/nosfy-profil-commit-20260919/Nosfy/Views/HomeAuroraView.swift /tmp/nosfy-profil-commit-20260919/Nosfy/Views/HomeNuit.swift /tmp/nosfy-profil-commit-20260919/Nosfy/Views/HomeView.swift /tmp/nosfy-profil-commit-20260919/Nosfy/Views/JewelTabBar.swift /tmp/nosfy-profil-commit-20260919/Nosfy/Views/LaunchPebble.swift /tmp/nosfy-profil-commit-20260919/Nosfy/Views/LensParticles.swift /tmp/nosfy-profil-commit-20260919/Nosfy/Views/LiquidLensLab.swift /tmp/nosfy-profil-commit-20260919/Nosfy/Views/LisereCoreAnimation.swift /tmp/nosfy-profil-commit-20260919/Nosfy/Views/LisereImages.swift /tmp/nosfy-profil-commit-20260919/Nosfy/Views/LisereRespirant.swift /tmp/nosfy-profil-commit-20260919/Nosfy/Views/LiveExerciseView.swift /tmp/nosfy-profil-commit-20260919/Nosfy/Views/LivingNebulaBackground.swift /tmp/nosfy-profil-commit-20260919/Nosfy/Views/LoginLab.swift /tmp/nosfy-profil-commit-20260919/Nosfy/Views/LogoLab.swift (in target 'Nosfy' from project 'Nosfy')
SwiftCompile normal arm64 /tmp/nosfy-profil-commit-20260919/Nosfy/Views/FumeeInviteMetal.swift (in target 'Nosfy' from project 'Nosfy')
    cd /tmp/nosfy-profil-commit-20260919
    

SwiftCompile normal arm64 /tmp/nosfy-profil-commit-20260919/Nosfy/Views/GaletEtape.swift (in target 'Nosfy' from project 'Nosfy')
    cd /tmp/nosfy-profil-commit-20260919
    

SwiftCompile normal arm64 /tmp/nosfy-profil-commit-20260919/Nosfy/Views/GaletLab.swift (in target 'Nosfy' from project 'Nosfy')
    cd /tmp/nosfy-profil-commit-20260919
    

SwiftCompile normal arm64 /tmp/nosfy-profil-commit-20260919/Nosfy/Views/GaletSlide.swift (in target 'Nosfy' from project 'Nosfy')
    cd /tmp/nosfy-profil-commit-20260919
    

SwiftCompile normal arm64 /tmp/nosfy-profil-commit-20260919/Nosfy/Views/HaloDawnLab.swift (in target 'Nosfy' from project 'Nosfy')
    cd /tmp/nosfy-profil-commit-20260919
    

SwiftCompile normal arm64 /tmp/nosfy-profil-commit-20260919/Nosfy/Views/HarmonieLab.swift (in target 'Nosfy' from project 'Nosfy')
    cd /tmp/nosfy-profil-commit-20260919
    

SwiftCompile normal arm64 /tmp/nosfy-profil-commit-20260919/Nosfy/Views/HomeAuroraView.swift (in target 'Nosfy' from project 'Nosfy')
    cd /tmp/nosfy-profil-commit-20260919
    

SwiftCompile normal arm64 /tmp/nosfy-profil-commit-20260919/Nosfy/Views/HomeNuit.swift (in target 'Nosfy' from project 'Nosfy')
    cd /tmp/nosfy-profil-commit-20260919
    

SwiftCompile normal arm64 /tmp/nosfy-profil-commit-20260919/Nosfy/Views/HomeView.swift (in target 'Nosfy' from project 'Nosfy')
    cd /tmp/nosfy-profil-commit-20260919
    

SwiftCompile normal arm64 /tmp/nosfy-profil-commit-20260919/Nosfy/Views/JewelTabBar.swift (in target 'Nosfy' from project 'Nosfy')
    cd /tmp/nosfy-profil-commit-20260919
    

SwiftCompile normal arm64 /tmp/nosfy-profil-commit-20260919/Nosfy/Views/LaunchPebble.swift (in target 'Nosfy' from project 'Nosfy')
    cd /tmp/nosfy-profil-commit-20260919
    

SwiftCompile normal arm64 /tmp/nosfy-profil-commit-20260919/Nosfy/Views/LensParticles.swift (in target 'Nosfy' from project 'Nosfy')
    cd /tmp/nosfy-profil-commit-20260919
    

SwiftCompile normal arm64 /tmp/nosfy-profil-commit-20260919/Nosfy/Views/LiquidLensLab.swift (in target 'Nosfy' from project 'Nosfy')
    cd /tmp/nosfy-profil-commit-20260919
    

SwiftCompile normal arm64 /tmp/nosfy-profil-commit-20260919/Nosfy/Views/LisereCoreAnimation.swift (in target 'Nosfy' from project 'Nosfy')
    cd /tmp/nosfy-profil-commit-20260919
    

SwiftCompile normal arm64 /tmp/nosfy-profil-commit-20260919/Nosfy/Views/LisereImages.swift (in target 'Nosfy' from project 'Nosfy')
    cd /tmp/nosfy-profil-commit-20260919
    

SwiftCompile normal arm64 /tmp/nosfy-profil-commit-20260919/Nosfy/Views/LisereRespirant.swift (in target 'Nosfy' from project 'Nosfy')
    cd /tmp/nosfy-profil-commit-20260919
    

SwiftCompile normal arm64 /tmp/nosfy-profil-commit-20260919/Nosfy/Views/LiveExerciseView.swift (in target 'Nosfy' from project 'Nosfy')
    cd /tmp/nosfy-profil-commit-20260919
    

SwiftCompile normal arm64 /tmp/nosfy-profil-commit-20260919/Nosfy/Views/LivingNebulaBackground.swift (in target 'Nosfy' from project 'Nosfy')
    cd /tmp/nosfy-profil-commit-20260919
    

SwiftCompile normal arm64 /tmp/nosfy-profil-commit-20260919/Nosfy/Views/LoginLab.swift (in target 'Nosfy' from project 'Nosfy')
    cd /tmp/nosfy-profil-commit-20260919
    

SwiftCompile normal arm64 /tmp/nosfy-profil-commit-20260919/Nosfy/Views/LogoLab.swift (in target 'Nosfy' from project 'Nosfy')
    cd /tmp/nosfy-profil-commit-20260919
    

SwiftCompile normal arm64 Compiling\ ErreurNosfy.swift,\ ForgeServeur.swift,\ HomeTextes.swift,\ InscriptionCompte.swift,\ Langue.swift,\ LuneForge.swift,\ OutboxGains.swift,\ OuvertureSeanceServeur.swift,\ ProfilServeur.swift,\ SacreServeur.swift,\ Supabase.swift,\ SupabaseSync.swift,\ SynthesisService.swift,\ WorkoutActivityController.swift,\ ActiveWorkoutView.swift,\ AppelChapitre.swift,\ AppelProfilVisite.swift,\ AuroraBgLab.swift,\ AuthView.swift,\ BancCoutHome.swift /tmp/nosfy-profil-commit-20260919/Nosfy/Services/ErreurNosfy.swift /tmp/nosfy-profil-commit-20260919/Nosfy/Services/ForgeServeur.swift /tmp/nosfy-profil-commit-20260919/Nosfy/Services/HomeTextes.swift /tmp/nosfy-profil-commit-20260919/Nosfy/Services/InscriptionCompte.swift /tmp/nosfy-profil-commit-20260919/Nosfy/Services/Langue.swift /tmp/nosfy-profil-commit-20260919/Nosfy/Services/LuneForge.swift /tmp/nosfy-profil-commit-20260919/Nosfy/Services/OutboxGains.swift /tmp/nosfy-profil-commit-20260919/Nosfy/Services/OuvertureSeanceServeur.swift /tmp/nosfy-profil-commit-20260919/Nosfy/Services/ProfilServeur.swift /tmp/nosfy-profil-commit-20260919/Nosfy/Services/SacreServeur.swift /tmp/nosfy-profil-commit-20260919/Nosfy/Services/Supabase.swift /tmp/nosfy-profil-commit-20260919/Nosfy/Services/SupabaseSync.swift /tmp/nosfy-profil-commit-20260919/Nosfy/Services/SynthesisService.swift /tmp/nosfy-profil-commit-20260919/Nosfy/Services/WorkoutActivityController.swift /tmp/nosfy-profil-commit-20260919/Nosfy/Views/ActiveWorkoutView.swift /tmp/nosfy-profil-commit-20260919/Nosfy/Views/AppelChapitre.swift /tmp/nosfy-profil-commit-20260919/Nosfy/Views/AppelProfilVisite.swift /tmp/nosfy-profil-commit-20260919/Nosfy/Views/AuroraBgLab.swift /tmp/nosfy-profil-commit-20260919/Nosfy/Views/AuthView.swift /tmp/nosfy-profil-commit-20260919/Nosfy/Views/BancCoutHome.swift (in target 'Nosfy' from project 'Nosfy')

SwiftCompile normal arm64 /tmp/nosfy-profil-commit-20260919/Nosfy/Services/ErreurNosfy.swift (in target 'Nosfy' from project 'Nosfy')
    cd /tmp/nosfy-profil-commit-20260919
    

SwiftCompile normal arm64 /tmp/nosfy-profil-commit-20260919/Nosfy/Services/ForgeServeur.swift (in target 'Nosfy' from project 'Nosfy')
    cd /tmp/nosfy-profil-commit-20260919
    

SwiftCompile normal arm64 /tmp/nosfy-profil-commit-20260919/Nosfy/Services/HomeTextes.swift (in target 'Nosfy' from project 'Nosfy')
    cd /tmp/nosfy-profil-commit-20260919
    

SwiftCompile normal arm64 /tmp/nosfy-profil-commit-20260919/Nosfy/Services/InscriptionCompte.swift (in target 'Nosfy' from project 'Nosfy')
    cd /tmp/nosfy-profil-commit-20260919
    

SwiftCompile normal arm64 /tmp/nosfy-profil-commit-20260919/Nosfy/Services/Langue.swift (in target 'Nosfy' from project 'Nosfy')
    cd /tmp/nosfy-profil-commit-20260919
    

SwiftCompile normal arm64 /tmp/nosfy-profil-commit-20260919/Nosfy/Services/LuneForge.swift (in target 'Nosfy' from project 'Nosfy')
    cd /tmp/nosfy-profil-commit-20260919
    
/tmp/nosfy-profil-commit-20260919/Nosfy/Services/LuneForge.swift:274:19: warning: value 'cadre' was defined but never used; consider replacing with boolean test
        guard let cadre = UIImage(named: "carte-cadre")
              ~~~~^~~~~~~~
              (

SwiftCompile normal arm64 /tmp/nosfy-profil-commit-20260919/Nosfy/Services/OutboxGains.swift (in target 'Nosfy' from project 'Nosfy')
    cd /tmp/nosfy-profil-commit-20260919
    

SwiftCompile normal arm64 /tmp/nosfy-profil-commit-20260919/Nosfy/Services/OuvertureSeanceServeur.swift (in target 'Nosfy' from project 'Nosfy')
    cd /tmp/nosfy-profil-commit-20260919
    

SwiftCompile normal arm64 /tmp/nosfy-profil-commit-20260919/Nosfy/Services/ProfilServeur.swift (in target 'Nosfy' from project 'Nosfy')
    cd /tmp/nosfy-profil-commit-20260919
    

SwiftCompile normal arm64 /tmp/nosfy-profil-commit-20260919/Nosfy/Services/SacreServeur.swift (in target 'Nosfy' from project 'Nosfy')
    cd /tmp/nosfy-profil-commit-20260919
    

SwiftCompile normal arm64 /tmp/nosfy-profil-commit-20260919/Nosfy/Services/Supabase.swift (in target 'Nosfy' from project 'Nosfy')
    cd /tmp/nosfy-profil-commit-20260919
    

SwiftCompile normal arm64 /tmp/nosfy-profil-commit-20260919/Nosfy/Services/SupabaseSync.swift (in target 'Nosfy' from project 'Nosfy')
    cd /tmp/nosfy-profil-commit-20260919
    

SwiftCompile normal arm64 /tmp/nosfy-profil-commit-20260919/Nosfy/Services/SynthesisService.swift (in target 'Nosfy' from project 'Nosfy')
    cd /tmp/nosfy-profil-commit-20260919
    

SwiftCompile normal arm64 /tmp/nosfy-profil-commit-20260919/Nosfy/Services/WorkoutActivityController.swift (in target 'Nosfy' from project 'Nosfy')
    cd /tmp/nosfy-profil-commit-20260919
    

SwiftCompile normal arm64 /tmp/nosfy-profil-commit-20260919/Nosfy/Views/ActiveWorkoutView.swift (in target 'Nosfy' from project 'Nosfy')
    cd /tmp/nosfy-profil-commit-20260919
    

SwiftCompile normal arm64 /tmp/nosfy-profil-commit-20260919/Nosfy/Views/AppelChapitre.swift (in target 'Nosfy' from project 'Nosfy')
    cd /tmp/nosfy-profil-commit-20260919
    

SwiftCompile normal arm64 /tmp/nosfy-profil-commit-20260919/Nosfy/Views/AppelProfilVisite.swift (in target 'Nosfy' from project 'Nosfy')
    cd /tmp/nosfy-profil-commit-20260919
    

SwiftCompile normal arm64 /tmp/nosfy-profil-commit-20260919/Nosfy/Views/AuroraBgLab.swift (in target 'Nosfy' from project 'Nosfy')
    cd /tmp/nosfy-profil-commit-20260919
    

SwiftCompile normal arm64 /tmp/nosfy-profil-commit-20260919/Nosfy/Views/AuthView.swift (in target 'Nosfy' from project 'Nosfy')
    cd /tmp/nosfy-profil-commit-20260919
    

SwiftCompile normal arm64 /tmp/nosfy-profil-commit-20260919/Nosfy/Views/BancCoutHome.swift (in target 'Nosfy' from project 'Nosfy')
    cd /tmp/nosfy-profil-commit-20260919
    

SwiftCompile normal arm64 Compiling\ VerificationCompte.swift,\ VerreCoulant.swift,\ VisiteExercice.swift,\ VisiteHome.swift,\ WahouReveal.swift,\ WidgetEdition.swift,\ WidgetsCards.swift,\ WorkoutPill.swift,\ WorkoutsListView.swift,\ Atmosphere.swift,\ DemonSky.swift,\ Models.swift,\ MoonPath.swift,\ MoonSDF.swift,\ NebulaConfiguration.swift,\ NebulaNoise.swift,\ NebulaStrip.swift,\ NosfyApp.swift,\ Theme.swift,\ GeneratedAssetSymbols.swift /tmp/nosfy-profil-commit-20260919/Nosfy/Views/VerificationCompte.swift /tmp/nosfy-profil-commit-20260919/Nosfy/Views/VerreCoulant.swift /tmp/nosfy-profil-commit-20260919/Nosfy/Views/VisiteExercice.swift /tmp/nosfy-profil-commit-20260919/Nosfy/Views/VisiteHome.swift /tmp/nosfy-profil-commit-20260919/Nosfy/Views/WahouReveal.swift /tmp/nosfy-profil-commit-20260919/Nosfy/Views/WidgetEdition.swift /tmp/nosfy-profil-commit-20260919/Nosfy/Views/WidgetsCards.swift /tmp/nosfy-profil-commit-20260919/Nosfy/Views/WorkoutPill.swift /tmp/nosfy-profil-commit-20260919/Nosfy/Views/WorkoutsListView.swift /tmp/nosfy-profil-commit-20260919/Nosfy/Atmosphere.swift /tmp/nosfy-profil-commit-20260919/Nosfy/DemonSky.swift /tmp/nosfy-profil-commit-20260919/Nosfy/Models.swift /tmp/nosfy-profil-commit-20260919/Nosfy/MoonPath.swift /tmp/nosfy-profil-commit-20260919/Nosfy/MoonSDF.swift /tmp/nosfy-profil-commit-20260919/Nosfy/NebulaConfiguration.swift /tmp/nosfy-profil-commit-20260919/Nosfy/NebulaNoise.swift /tmp/nosfy-profil-commit-20260919/Nosfy/NebulaStrip.swift /tmp/nosfy-profil-commit-20260919/Nosfy/NosfyApp.swift /tmp/nosfy-profil-commit-20260919/Nosfy/Theme.swift /tmp/nosfy-profil-commit-dd/Build/Intermediates.noindex/Nosfy.build/Debug-iphonesimulator/Nosfy.build/DerivedSources/GeneratedAssetSymbols.swift (in target 'Nosfy' from project 'Nosfy')

SwiftCompile normal arm64 /tmp/nosfy-profil-commit-20260919/Nosfy/Views/VerificationCompte.swift (in target 'Nosfy' from project 'Nosfy')
    cd /tmp/nosfy-profil-commit-20260919
    

SwiftCompile normal arm64 /tmp/nosfy-profil-commit-20260919/Nosfy/Views/VerreCoulant.swift (in target 'Nosfy' from project 'Nosfy')
    cd /tmp/nosfy-profil-commit-20260919
    

SwiftCompile normal arm64 /tmp/nosfy-profil-commit-20260919/Nosfy/Views/VisiteExercice.swift (in target 'Nosfy' from project 'Nosfy')
    cd /tmp/nosfy-profil-commit-20260919
    

SwiftCompile normal arm64 /tmp/nosfy-profil-commit-20260919/Nosfy/Views/VisiteHome.swift (in target 'Nosfy' from project 'Nosfy')
    cd /tmp/nosfy-profil-commit-20260919
    

SwiftCompile normal arm64 /tmp/nosfy-profil-commit-20260919/Nosfy/Views/WahouReveal.swift (in target 'Nosfy' from project 'Nosfy')
    cd /tmp/nosfy-profil-commit-20260919
    

SwiftCompile normal arm64 /tmp/nosfy-profil-commit-20260919/Nosfy/Views/WidgetEdition.swift (in target 'Nosfy' from project 'Nosfy')
    cd /tmp/nosfy-profil-commit-20260919
    

SwiftCompile normal arm64 /tmp/nosfy-profil-commit-20260919/Nosfy/Views/WidgetsCards.swift (in target 'Nosfy' from project 'Nosfy')
    cd /tmp/nosfy-profil-commit-20260919
    

SwiftCompile normal arm64 /tmp/nosfy-profil-commit-20260919/Nosfy/Views/WorkoutPill.swift (in target 'Nosfy' from project 'Nosfy')
    cd /tmp/nosfy-profil-commit-20260919
    

SwiftCompile normal arm64 /tmp/nosfy-profil-commit-20260919/Nosfy/Views/WorkoutsListView.swift (in target 'Nosfy' from project 'Nosfy')
    cd /tmp/nosfy-profil-commit-20260919
    

SwiftCompile normal arm64 /tmp/nosfy-profil-commit-20260919/Nosfy/Atmosphere.swift (in target 'Nosfy' from project 'Nosfy')
    cd /tmp/nosfy-profil-commit-20260919
    

SwiftCompile normal arm64 /tmp/nosfy-profil-commit-20260919/Nosfy/DemonSky.swift (in target 'Nosfy' from project 'Nosfy')
    cd /tmp/nosfy-profil-commit-20260919
    

SwiftCompile normal arm64 /tmp/nosfy-profil-commit-20260919/Nosfy/Models.swift (in target 'Nosfy' from project 'Nosfy')
    cd /tmp/nosfy-profil-commit-20260919
    

SwiftCompile normal arm64 /tmp/nosfy-profil-commit-20260919/Nosfy/MoonPath.swift (in target 'Nosfy' from project 'Nosfy')
    cd /tmp/nosfy-profil-commit-20260919
    

SwiftCompile normal arm64 /tmp/nosfy-profil-commit-20260919/Nosfy/MoonSDF.swift (in target 'Nosfy' from project 'Nosfy')
    cd /tmp/nosfy-profil-commit-20260919
    

SwiftCompile normal arm64 /tmp/nosfy-profil-commit-20260919/Nosfy/NebulaConfiguration.swift (in target 'Nosfy' from project 'Nosfy')
    cd /tmp/nosfy-profil-commit-20260919
    

SwiftCompile normal arm64 /tmp/nosfy-profil-commit-20260919/Nosfy/NebulaNoise.swift (in target 'Nosfy' from project 'Nosfy')
    cd /tmp/nosfy-profil-commit-20260919
    

SwiftCompile normal arm64 /tmp/nosfy-profil-commit-20260919/Nosfy/NebulaStrip.swift (in target 'Nosfy' from project 'Nosfy')
    cd /tmp/nosfy-profil-commit-20260919
    

SwiftCompile normal arm64 /tmp/nosfy-profil-commit-20260919/Nosfy/NosfyApp.swift (in target 'Nosfy' from project 'Nosfy')
    cd /tmp/nosfy-profil-commit-20260919
    

SwiftCompile normal arm64 /tmp/nosfy-profil-commit-20260919/Nosfy/Theme.swift (in target 'Nosfy' from project 'Nosfy')
    cd /tmp/nosfy-profil-commit-20260919
    

SwiftCompile normal arm64 /tmp/nosfy-profil-commit-dd/Build/Intermediates.noindex/Nosfy.build/Debug-iphonesimulator/Nosfy.build/DerivedSources/GeneratedAssetSymbols.swift (in target 'Nosfy' from project 'Nosfy')
    cd /tmp/nosfy-profil-commit-20260919
    

SwiftCompile normal arm64 Compiling\ LuneDeSang.swift,\ MenuCouronne.swift,\ MenuNappe.swift,\ MoonCoinLab.swift,\ MoonSplash.swift,\ NavDiagnostic.swift,\ NavEncre.swift,\ NavLab.swift,\ NeonPrimaryButton.swift,\ NeonPrimaryLab.swift,\ NosfyOnboarding.swift,\ NotchedCard.swift,\ NotifCard.swift,\ NotifChasse.swift,\ NotifLab.swift,\ ObjectiveCard.swift,\ ObjectiveCardLab.swift,\ ObsidianCard.swift,\ ObsidianCardLab.swift,\ PageCard.swift /tmp/nosfy-profil-commit-20260919/Nosfy/Views/LuneDeSang.swift /tmp/nosfy-profil-commit-20260919/Nosfy/Views/MenuCouronne.swift /tmp/nosfy-profil-commit-20260919/Nosfy/Views/MenuNappe.swift /tmp/nosfy-profil-commit-20260919/Nosfy/Views/MoonCoinLab.swift /tmp/nosfy-profil-commit-20260919/Nosfy/Views/MoonSplash.swift /tmp/nosfy-profil-commit-20260919/Nosfy/Views/NavDiagnostic.swift /tmp/nosfy-profil-commit-20260919/Nosfy/Views/NavEncre.swift /tmp/nosfy-profil-commit-20260919/Nosfy/Views/NavLab.swift /tmp/nosfy-profil-commit-20260919/Nosfy/Views/NeonPrimaryButton.swift /tmp/nosfy-profil-commit-20260919/Nosfy/Views/NeonPrimaryLab.swift /tmp/nosfy-profil-commit-20260919/Nosfy/Views/NosfyOnboarding.swift /tmp/nosfy-profil-commit-20260919/Nosfy/Views/NotchedCard.swift /tmp/nosfy-profil-commit-20260919/Nosfy/Views/NotifCard.swift /tmp/nosfy-profil-commit-20260919/Nosfy/Views/NotifChasse.swift /tmp/nosfy-profil-commit-20260919/Nosfy/Views/NotifLab.swift /tmp/nosfy-profil-commit-20260919/Nosfy/Views/ObjectiveCard.swift /tmp/nosfy-profil-commit-20260919/Nosfy/Views/ObjectiveCardLab.swift /tmp/nosfy-profil-commit-20260919/Nosfy/Views/ObsidianCard.swift /tmp/nosfy-profil-commit-20260919/Nosfy/Views/ObsidianCardLab.swift /tmp/nosfy-profil-commit-20260919/Nosfy/Views/PageCard.swift (in target 'Nosfy' from project 'Nosfy')

SwiftCompile normal arm64 /tmp/nosfy-profil-commit-20260919/Nosfy/Views/LuneDeSang.swift (in target 'Nosfy' from project 'Nosfy')
    cd /tmp/nosfy-profil-commit-20260919
    

SwiftCompile normal arm64 /tmp/nosfy-profil-commit-20260919/Nosfy/Views/MenuCouronne.swift (in target 'Nosfy' from project 'Nosfy')
    cd /tmp/nosfy-profil-commit-20260919
    

SwiftCompile normal arm64 /tmp/nosfy-profil-commit-20260919/Nosfy/Views/MenuNappe.swift (in target 'Nosfy' from project 'Nosfy')
    cd /tmp/nosfy-profil-commit-20260919
    

SwiftCompile normal arm64 /tmp/nosfy-profil-commit-20260919/Nosfy/Views/MoonCoinLab.swift (in target 'Nosfy' from project 'Nosfy')
    cd /tmp/nosfy-profil-commit-20260919
    

SwiftCompile normal arm64 /tmp/nosfy-profil-commit-20260919/Nosfy/Views/MoonSplash.swift (in target 'Nosfy' from project 'Nosfy')
    cd /tmp/nosfy-profil-commit-20260919
    

SwiftCompile normal arm64 /tmp/nosfy-profil-commit-20260919/Nosfy/Views/NavDiagnostic.swift (in target 'Nosfy' from project 'Nosfy')
    cd /tmp/nosfy-profil-commit-20260919
    

SwiftCompile normal arm64 /tmp/nosfy-profil-commit-20260919/Nosfy/Views/NavEncre.swift (in target 'Nosfy' from project 'Nosfy')
    cd /tmp/nosfy-profil-commit-20260919
    

SwiftCompile normal arm64 /tmp/nosfy-profil-commit-20260919/Nosfy/Views/NavLab.swift (in target 'Nosfy' from project 'Nosfy')
    cd /tmp/nosfy-profil-commit-20260919
    

SwiftCompile normal arm64 /tmp/nosfy-profil-commit-20260919/Nosfy/Views/NeonPrimaryButton.swift (in target 'Nosfy' from project 'Nosfy')
    cd /tmp/nosfy-profil-commit-20260919
    

SwiftCompile normal arm64 /tmp/nosfy-profil-commit-20260919/Nosfy/Views/NeonPrimaryLab.swift (in target 'Nosfy' from project 'Nosfy')
    cd /tmp/nosfy-profil-commit-20260919
    

SwiftCompile normal arm64 /tmp/nosfy-profil-commit-20260919/Nosfy/Views/NosfyOnboarding.swift (in target 'Nosfy' from project 'Nosfy')
    cd /tmp/nosfy-profil-commit-20260919
    

SwiftCompile normal arm64 /tmp/nosfy-profil-commit-20260919/Nosfy/Views/NotchedCard.swift (in target 'Nosfy' from project 'Nosfy')
    cd /tmp/nosfy-profil-commit-20260919
    

SwiftCompile normal arm64 /tmp/nosfy-profil-commit-20260919/Nosfy/Views/NotifCard.swift (in target 'Nosfy' from project 'Nosfy')
    cd /tmp/nosfy-profil-commit-20260919
    

SwiftCompile normal arm64 /tmp/nosfy-profil-commit-20260919/Nosfy/Views/NotifChasse.swift (in target 'Nosfy' from project 'Nosfy')
    cd /tmp/nosfy-profil-commit-20260919
    

SwiftCompile normal arm64 /tmp/nosfy-profil-commit-20260919/Nosfy/Views/NotifLab.swift (in target 'Nosfy' from project 'Nosfy')
    cd /tmp/nosfy-profil-commit-20260919
    

SwiftCompile normal arm64 /tmp/nosfy-profil-commit-20260919/Nosfy/Views/ObjectiveCard.swift (in target 'Nosfy' from project 'Nosfy')
    cd /tmp/nosfy-profil-commit-20260919
    

SwiftCompile normal arm64 /tmp/nosfy-profil-commit-20260919/Nosfy/Views/ObjectiveCardLab.swift (in target 'Nosfy' from project 'Nosfy')
    cd /tmp/nosfy-profil-commit-20260919
    

SwiftCompile normal arm64 /tmp/nosfy-profil-commit-20260919/Nosfy/Views/ObsidianCard.swift (in target 'Nosfy' from project 'Nosfy')
    cd /tmp/nosfy-profil-commit-20260919
    

SwiftCompile normal arm64 /tmp/nosfy-profil-commit-20260919/Nosfy/Views/ObsidianCardLab.swift (in target 'Nosfy' from project 'Nosfy')
    cd /tmp/nosfy-profil-commit-20260919
    

SwiftCompile normal arm64 /tmp/nosfy-profil-commit-20260919/Nosfy/Views/PageCard.swift (in target 'Nosfy' from project 'Nosfy')
    cd /tmp/nosfy-profil-commit-20260919
    

SwiftCompile normal arm64 Compiling\ PanBande.swift,\ ParoleLigne.swift,\ PerleSemaineNative.swift,\ PiluleVagabonde.swift,\ PlayerMonde.swift,\ PorteApple.swift,\ PorteEntree.swift,\ PremiereArrivee.swift,\ ProfilLune.swift,\ ProgressionView.swift,\ ProgressPage.swift,\ RecentWorkoutCard.swift,\ RestartSheet.swift,\ RewardCard.swift,\ RewardChemin.swift,\ RewardCheminCard.swift,\ RewardCheminVariants.swift,\ RewardLab.swift,\ RythmeEcran.swift,\ SacreAccueil.swift /tmp/nosfy-profil-commit-20260919/Nosfy/Views/PanBande.swift /tmp/nosfy-profil-commit-20260919/Nosfy/Views/ParoleLigne.swift /tmp/nosfy-profil-commit-20260919/Nosfy/Views/PerleSemaineNative.swift /tmp/nosfy-profil-commit-20260919/Nosfy/Views/PiluleVagabonde.swift /tmp/nosfy-profil-commit-20260919/Nosfy/Views/PlayerMonde.swift /tmp/nosfy-profil-commit-20260919/Nosfy/Views/PorteApple.swift /tmp/nosfy-profil-commit-20260919/Nosfy/Views/PorteEntree.swift /tmp/nosfy-profil-commit-20260919/Nosfy/Views/PremiereArrivee.swift /tmp/nosfy-profil-commit-20260919/Nosfy/Views/ProfilLune.swift /tmp/nosfy-profil-commit-20260919/Nosfy/Views/ProgressionView.swift /tmp/nosfy-profil-commit-20260919/Nosfy/Views/ProgressPage.swift /tmp/nosfy-profil-commit-20260919/Nosfy/Views/RecentWorkoutCard.swift /tmp/nosfy-profil-commit-20260919/Nosfy/Views/RestartSheet.swift /tmp/nosfy-profil-commit-20260919/Nosfy/Views/RewardCard.swift /tmp/nosfy-profil-commit-20260919/Nosfy/Views/RewardChemin.swift /tmp/nosfy-profil-commit-20260919/Nosfy/Views/RewardCheminCard.swift /tmp/nosfy-profil-commit-20260919/Nosfy/Views/RewardCheminVariants.swift /tmp/nosfy-profil-commit-20260919/Nosfy/Views/RewardLab.swift /tmp/nosfy-profil-commit-20260919/Nosfy/Views/RythmeEcran.swift /tmp/nosfy-profil-commit-20260919/Nosfy/Views/SacreAccueil.swift (in target 'Nosfy' from project 'Nosfy')

SwiftCompile normal arm64 /tmp/nosfy-profil-commit-20260919/Nosfy/Views/PanBande.swift (in target 'Nosfy' from project 'Nosfy')
    cd /tmp/nosfy-profil-commit-20260919
    

SwiftCompile normal arm64 /tmp/nosfy-profil-commit-20260919/Nosfy/Views/ParoleLigne.swift (in target 'Nosfy' from project 'Nosfy')
    cd /tmp/nosfy-profil-commit-20260919
    

SwiftCompile normal arm64 /tmp/nosfy-profil-commit-20260919/Nosfy/Views/PerleSemaineNative.swift (in target 'Nosfy' from project 'Nosfy')
    cd /tmp/nosfy-profil-commit-20260919
    

SwiftCompile normal arm64 /tmp/nosfy-profil-commit-20260919/Nosfy/Views/PiluleVagabonde.swift (in target 'Nosfy' from project 'Nosfy')
    cd /tmp/nosfy-profil-commit-20260919
    

SwiftCompile normal arm64 /tmp/nosfy-profil-commit-20260919/Nosfy/Views/PlayerMonde.swift (in target 'Nosfy' from project 'Nosfy')
    cd /tmp/nosfy-profil-commit-20260919
    

SwiftCompile normal arm64 /tmp/nosfy-profil-commit-20260919/Nosfy/Views/PorteApple.swift (in target 'Nosfy' from project 'Nosfy')
    cd /tmp/nosfy-profil-commit-20260919
    

SwiftCompile normal arm64 /tmp/nosfy-profil-commit-20260919/Nosfy/Views/PorteEntree.swift (in target 'Nosfy' from project 'Nosfy')
    cd /tmp/nosfy-profil-commit-20260919
    

SwiftCompile normal arm64 /tmp/nosfy-profil-commit-20260919/Nosfy/Views/PremiereArrivee.swift (in target 'Nosfy' from project 'Nosfy')
    cd /tmp/nosfy-profil-commit-20260919
    

SwiftCompile normal arm64 /tmp/nosfy-profil-commit-20260919/Nosfy/Views/ProfilLune.swift (in target 'Nosfy' from project 'Nosfy')
    cd /tmp/nosfy-profil-commit-20260919
    

SwiftCompile normal arm64 /tmp/nosfy-profil-commit-20260919/Nosfy/Views/ProgressionView.swift (in target 'Nosfy' from project 'Nosfy')
    cd /tmp/nosfy-profil-commit-20260919
    

SwiftCompile normal arm64 /tmp/nosfy-profil-commit-20260919/Nosfy/Views/ProgressPage.swift (in target 'Nosfy' from project 'Nosfy')
    cd /tmp/nosfy-profil-commit-20260919
    

SwiftCompile normal arm64 /tmp/nosfy-profil-commit-20260919/Nosfy/Views/RecentWorkoutCard.swift (in target 'Nosfy' from project 'Nosfy')
    cd /tmp/nosfy-profil-commit-20260919
    

SwiftCompile normal arm64 /tmp/nosfy-profil-commit-20260919/Nosfy/Views/RestartSheet.swift (in target 'Nosfy' from project 'Nosfy')
    cd /tmp/nosfy-profil-commit-20260919
    

SwiftCompile normal arm64 /tmp/nosfy-profil-commit-20260919/Nosfy/Views/RewardCard.swift (in target 'Nosfy' from project 'Nosfy')
    cd /tmp/nosfy-profil-commit-20260919
    

SwiftCompile normal arm64 /tmp/nosfy-profil-commit-20260919/Nosfy/Views/RewardChemin.swift (in target 'Nosfy' from project 'Nosfy')
    cd /tmp/nosfy-profil-commit-20260919
    

SwiftCompile normal arm64 /tmp/nosfy-profil-commit-20260919/Nosfy/Views/RewardCheminCard.swift (in target 'Nosfy' from project 'Nosfy')
    cd /tmp/nosfy-profil-commit-20260919
    

SwiftCompile normal arm64 /tmp/nosfy-profil-commit-20260919/Nosfy/Views/RewardCheminVariants.swift (in target 'Nosfy' from project 'Nosfy')
    cd /tmp/nosfy-profil-commit-20260919
    

SwiftCompile normal arm64 /tmp/nosfy-profil-commit-20260919/Nosfy/Views/RewardLab.swift (in target 'Nosfy' from project 'Nosfy')
    cd /tmp/nosfy-profil-commit-20260919
    

SwiftCompile normal arm64 /tmp/nosfy-profil-commit-20260919/Nosfy/Views/RythmeEcran.swift (in target 'Nosfy' from project 'Nosfy')
    cd /tmp/nosfy-profil-commit-20260919
    

SwiftCompile normal arm64 /tmp/nosfy-profil-commit-20260919/Nosfy/Views/SacreAccueil.swift (in target 'Nosfy' from project 'Nosfy')
    cd /tmp/nosfy-profil-commit-20260919
    

SwiftCompile normal arm64 Compiling\ SessionSlate.swift,\ SetEntrySheet.swift,\ SetHistoryRow.swift,\ SliderLab.swift,\ SliderObsidienne.swift,\ SondeCadence.swift,\ SondeVol.swift,\ StopCard.swift,\ StopLab.swift,\ StopSessionSheet.swift,\ StoryEnded.swift,\ StoryFlow.swift,\ StorySuite.swift,\ StoryVideo.swift,\ SuccessLab.swift,\ SwapCardSurface.swift,\ SwapEmptyCard.swift,\ SynthesisCard.swift,\ TapisLab.swift,\ TapisScene.swift /tmp/nosfy-profil-commit-20260919/Nosfy/Views/SessionSlate.swift /tmp/nosfy-profil-commit-20260919/Nosfy/Views/SetEntrySheet.swift /tmp/nosfy-profil-commit-20260919/Nosfy/Views/SetHistoryRow.swift /tmp/nosfy-profil-commit-20260919/Nosfy/Views/SliderLab.swift /tmp/nosfy-profil-commit-20260919/Nosfy/Views/SliderObsidienne.swift /tmp/nosfy-profil-commit-20260919/Nosfy/Views/SondeCadence.swift /tmp/nosfy-profil-commit-20260919/Nosfy/Views/SondeVol.swift /tmp/nosfy-profil-commit-20260919/Nosfy/Views/StopCard.swift /tmp/nosfy-profil-commit-20260919/Nosfy/Views/StopLab.swift /tmp/nosfy-profil-commit-20260919/Nosfy/Views/StopSessionSheet.swift /tmp/nosfy-profil-commit-20260919/Nosfy/Views/StoryEnded.swift /tmp/nosfy-profil-commit-20260919/Nosfy/Views/StoryFlow.swift /tmp/nosfy-profil-commit-20260919/Nosfy/Views/StorySuite.swift /tmp/nosfy-profil-commit-20260919/Nosfy/Views/StoryVideo.swift /tmp/nosfy-profil-commit-20260919/Nosfy/Views/SuccessLab.swift /tmp/nosfy-profil-commit-20260919/Nosfy/Views/SwapCardSurface.swift /tmp/nosfy-profil-commit-20260919/Nosfy/Views/SwapEmptyCard.swift /tmp/nosfy-profil-commit-20260919/Nosfy/Views/SynthesisCard.swift /tmp/nosfy-profil-commit-20260919/Nosfy/Views/TapisLab.swift /tmp/nosfy-profil-commit-20260919/Nosfy/Views/TapisScene.swift (in target 'Nosfy' from project 'Nosfy')

SwiftCompile normal arm64 /tmp/nosfy-profil-commit-20260919/Nosfy/Views/SessionSlate.swift (in target 'Nosfy' from project 'Nosfy')
    cd /tmp/nosfy-profil-commit-20260919
    

SwiftCompile normal arm64 /tmp/nosfy-profil-commit-20260919/Nosfy/Views/SetEntrySheet.swift (in target 'Nosfy' from project 'Nosfy')
    cd /tmp/nosfy-profil-commit-20260919
    

SwiftCompile normal arm64 /tmp/nosfy-profil-commit-20260919/Nosfy/Views/SetHistoryRow.swift (in target 'Nosfy' from project 'Nosfy')
    cd /tmp/nosfy-profil-commit-20260919
    

SwiftCompile normal arm64 /tmp/nosfy-profil-commit-20260919/Nosfy/Views/SliderLab.swift (in target 'Nosfy' from project 'Nosfy')
    cd /tmp/nosfy-profil-commit-20260919
    

SwiftCompile normal arm64 /tmp/nosfy-profil-commit-20260919/Nosfy/Views/SliderObsidienne.swift (in target 'Nosfy' from project 'Nosfy')
    cd /tmp/nosfy-profil-commit-20260919
    

SwiftCompile normal arm64 /tmp/nosfy-profil-commit-20260919/Nosfy/Views/SondeCadence.swift (in target 'Nosfy' from project 'Nosfy')
    cd /tmp/nosfy-profil-commit-20260919
    

SwiftCompile normal arm64 /tmp/nosfy-profil-commit-20260919/Nosfy/Views/SondeVol.swift (in target 'Nosfy' from project 'Nosfy')
    cd /tmp/nosfy-profil-commit-20260919
    

SwiftCompile normal arm64 /tmp/nosfy-profil-commit-20260919/Nosfy/Views/StopCard.swift (in target 'Nosfy' from project 'Nosfy')
    cd /tmp/nosfy-profil-commit-20260919
    

SwiftCompile normal arm64 /tmp/nosfy-profil-commit-20260919/Nosfy/Views/StopLab.swift (in target 'Nosfy' from project 'Nosfy')
    cd /tmp/nosfy-profil-commit-20260919
    

SwiftCompile normal arm64 /tmp/nosfy-profil-commit-20260919/Nosfy/Views/StopSessionSheet.swift (in target 'Nosfy' from project 'Nosfy')
    cd /tmp/nosfy-profil-commit-20260919
    

SwiftCompile normal arm64 /tmp/nosfy-profil-commit-20260919/Nosfy/Views/StoryEnded.swift (in target 'Nosfy' from project 'Nosfy')
    cd /tmp/nosfy-profil-commit-20260919
    

SwiftCompile normal arm64 /tmp/nosfy-profil-commit-20260919/Nosfy/Views/StoryFlow.swift (in target 'Nosfy' from project 'Nosfy')
    cd /tmp/nosfy-profil-commit-20260919
    

SwiftCompile normal arm64 /tmp/nosfy-profil-commit-20260919/Nosfy/Views/StorySuite.swift (in target 'Nosfy' from project 'Nosfy')
    cd /tmp/nosfy-profil-commit-20260919
    

SwiftCompile normal arm64 /tmp/nosfy-profil-commit-20260919/Nosfy/Views/StoryVideo.swift (in target 'Nosfy' from project 'Nosfy')
    cd /tmp/nosfy-profil-commit-20260919
    

SwiftCompile normal arm64 /tmp/nosfy-profil-commit-20260919/Nosfy/Views/SuccessLab.swift (in target 'Nosfy' from project 'Nosfy')
    cd /tmp/nosfy-profil-commit-20260919
    

SwiftCompile normal arm64 /tmp/nosfy-profil-commit-20260919/Nosfy/Views/SwapCardSurface.swift (in target 'Nosfy' from project 'Nosfy')
    cd /tmp/nosfy-profil-commit-20260919
    

SwiftCompile normal arm64 /tmp/nosfy-profil-commit-20260919/Nosfy/Views/SwapEmptyCard.swift (in target 'Nosfy' from project 'Nosfy')
    cd /tmp/nosfy-profil-commit-20260919
    

SwiftCompile normal arm64 /tmp/nosfy-profil-commit-20260919/Nosfy/Views/SynthesisCard.swift (in target 'Nosfy' from project 'Nosfy')
    cd /tmp/nosfy-profil-commit-20260919
    

SwiftCompile normal arm64 /tmp/nosfy-profil-commit-20260919/Nosfy/Views/TapisLab.swift (in target 'Nosfy' from project 'Nosfy')
    cd /tmp/nosfy-profil-commit-20260919
    

SwiftCompile normal arm64 /tmp/nosfy-profil-commit-20260919/Nosfy/Views/TapisScene.swift (in target 'Nosfy' from project 'Nosfy')
    cd /tmp/nosfy-profil-commit-20260919
    

SwiftCompile normal arm64 Compiling\ BoosterCard.swift,\ BoosterLab.swift,\ BoosterPack.swift,\ BoosterPopup.swift,\ BordSeance.swift,\ BoutonPrimaire.swift,\ BravoLab.swift,\ CalendarView.swift,\ CalLab.swift,\ CardioFiche.swift,\ CardRoute.swift,\ CarnetLab.swift,\ CarnetScene.swift,\ CarteLuneLab.swift,\ CGUPage.swift,\ ChambreDonnees.swift,\ ChambreHiit.swift,\ ChambreLongue.swift,\ ChambrePeak.swift,\ ChambreRegularite.swift /tmp/nosfy-profil-commit-20260919/Nosfy/Views/BoosterCard.swift /tmp/nosfy-profil-commit-20260919/Nosfy/Views/BoosterLab.swift /tmp/nosfy-profil-commit-20260919/Nosfy/Views/BoosterPack.swift /tmp/nosfy-profil-commit-20260919/Nosfy/Views/BoosterPopup.swift /tmp/nosfy-profil-commit-20260919/Nosfy/Views/BordSeance.swift /tmp/nosfy-profil-commit-20260919/Nosfy/Views/BoutonPrimaire.swift /tmp/nosfy-profil-commit-20260919/Nosfy/Views/BravoLab.swift /tmp/nosfy-profil-commit-20260919/Nosfy/Views/CalendarView.swift /tmp/nosfy-profil-commit-20260919/Nosfy/Views/CalLab.swift /tmp/nosfy-profil-commit-20260919/Nosfy/Views/CardioFiche.swift /tmp/nosfy-profil-commit-20260919/Nosfy/Views/CardRoute.swift /tmp/nosfy-profil-commit-20260919/Nosfy/Views/CarnetLab.swift /tmp/nosfy-profil-commit-20260919/Nosfy/Views/CarnetScene.swift /tmp/nosfy-profil-commit-20260919/Nosfy/Views/CarteLuneLab.swift /tmp/nosfy-profil-commit-20260919/Nosfy/Views/CGUPage.swift /tmp/nosfy-profil-commit-20260919/Nosfy/Views/ChambreDonnees.swift /tmp/nosfy-profil-commit-20260919/Nosfy/Views/ChambreHiit.swift /tmp/nosfy-profil-commit-20260919/Nosfy/Views/ChambreLongue.swift /tmp/nosfy-profil-commit-20260919/Nosfy/Views/ChambrePeak.swift /tmp/nosfy-profil-commit-20260919/Nosfy/Views/ChambreRegularite.swift (in target 'Nosfy' from project 'Nosfy')

SwiftCompile normal arm64 /tmp/nosfy-profil-commit-20260919/Nosfy/Views/BoosterCard.swift (in target 'Nosfy' from project 'Nosfy')
    cd /tmp/nosfy-profil-commit-20260919
    

SwiftCompile normal arm64 /tmp/nosfy-profil-commit-20260919/Nosfy/Views/BoosterLab.swift (in target 'Nosfy' from project 'Nosfy')
    cd /tmp/nosfy-profil-commit-20260919
    

SwiftCompile normal arm64 /tmp/nosfy-profil-commit-20260919/Nosfy/Views/BoosterPack.swift (in target 'Nosfy' from project 'Nosfy')
    cd /tmp/nosfy-profil-commit-20260919
    

SwiftCompile normal arm64 /tmp/nosfy-profil-commit-20260919/Nosfy/Views/BoosterPopup.swift (in target 'Nosfy' from project 'Nosfy')
    cd /tmp/nosfy-profil-commit-20260919
    

SwiftCompile normal arm64 /tmp/nosfy-profil-commit-20260919/Nosfy/Views/BordSeance.swift (in target 'Nosfy' from project 'Nosfy')
    cd /tmp/nosfy-profil-commit-20260919
    

SwiftCompile normal arm64 /tmp/nosfy-profil-commit-20260919/Nosfy/Views/BoutonPrimaire.swift (in target 'Nosfy' from project 'Nosfy')
    cd /tmp/nosfy-profil-commit-20260919
    

SwiftCompile normal arm64 /tmp/nosfy-profil-commit-20260919/Nosfy/Views/BravoLab.swift (in target 'Nosfy' from project 'Nosfy')
    cd /tmp/nosfy-profil-commit-20260919
    

SwiftCompile normal arm64 /tmp/nosfy-profil-commit-20260919/Nosfy/Views/CalendarView.swift (in target 'Nosfy' from project 'Nosfy')
    cd /tmp/nosfy-profil-commit-20260919
    

SwiftCompile normal arm64 /tmp/nosfy-profil-commit-20260919/Nosfy/Views/CalLab.swift (in target 'Nosfy' from project 'Nosfy')
    cd /tmp/nosfy-profil-commit-20260919
    

SwiftCompile normal arm64 /tmp/nosfy-profil-commit-20260919/Nosfy/Views/CardioFiche.swift (in target 'Nosfy' from project 'Nosfy')
    cd /tmp/nosfy-profil-commit-20260919
    

SwiftCompile normal arm64 /tmp/nosfy-profil-commit-20260919/Nosfy/Views/CardRoute.swift (in target 'Nosfy' from project 'Nosfy')
    cd /tmp/nosfy-profil-commit-20260919
    

SwiftCompile normal arm64 /tmp/nosfy-profil-commit-20260919/Nosfy/Views/CarnetLab.swift (in target 'Nosfy' from project 'Nosfy')
    cd /tmp/nosfy-profil-commit-20260919
    

SwiftCompile normal arm64 /tmp/nosfy-profil-commit-20260919/Nosfy/Views/CarnetScene.swift (in target 'Nosfy' from project 'Nosfy')
    cd /tmp/nosfy-profil-commit-20260919
    

SwiftCompile normal arm64 /tmp/nosfy-profil-commit-20260919/Nosfy/Views/CarteLuneLab.swift (in target 'Nosfy' from project 'Nosfy')
    cd /tmp/nosfy-profil-commit-20260919
    

SwiftCompile normal arm64 /tmp/nosfy-profil-commit-20260919/Nosfy/Views/CGUPage.swift (in target 'Nosfy' from project 'Nosfy')
    cd /tmp/nosfy-profil-commit-20260919
    

SwiftCompile normal arm64 /tmp/nosfy-profil-commit-20260919/Nosfy/Views/ChambreDonnees.swift (in target 'Nosfy' from project 'Nosfy')
    cd /tmp/nosfy-profil-commit-20260919
    

SwiftCompile normal arm64 /tmp/nosfy-profil-commit-20260919/Nosfy/Views/ChambreHiit.swift (in target 'Nosfy' from project 'Nosfy')
    cd /tmp/nosfy-profil-commit-20260919
    

SwiftCompile normal arm64 /tmp/nosfy-profil-commit-20260919/Nosfy/Views/ChambreLongue.swift (in target 'Nosfy' from project 'Nosfy')
    cd /tmp/nosfy-profil-commit-20260919
    

SwiftCompile normal arm64 /tmp/nosfy-profil-commit-20260919/Nosfy/Views/ChambrePeak.swift (in target 'Nosfy' from project 'Nosfy')
    cd /tmp/nosfy-profil-commit-20260919
    

SwiftCompile normal arm64 /tmp/nosfy-profil-commit-20260919/Nosfy/Views/ChambreRegularite.swift (in target 'Nosfy' from project 'Nosfy')
    cd /tmp/nosfy-profil-commit-20260919
    

SwiftEmitModule normal x86_64 Emitting\ module\ for\ Woop (in target 'Nosfy' from project 'Nosfy')

EmitSwiftModule normal x86_64 (in target 'Nosfy' from project 'Nosfy')
    cd /tmp/nosfy-profil-commit-20260919
    

SwiftCompile normal x86_64 Compiling\ VerificationCompte.swift,\ VerreCoulant.swift,\ VisiteExercice.swift,\ VisiteHome.swift,\ WahouReveal.swift,\ WidgetEdition.swift,\ WidgetsCards.swift,\ WorkoutPill.swift,\ WorkoutsListView.swift,\ Atmosphere.swift,\ DemonSky.swift,\ Models.swift,\ MoonPath.swift,\ MoonSDF.swift,\ NebulaConfiguration.swift,\ NebulaNoise.swift,\ NebulaStrip.swift,\ NosfyApp.swift,\ Theme.swift,\ GeneratedAssetSymbols.swift /tmp/nosfy-profil-commit-20260919/Nosfy/Views/VerificationCompte.swift /tmp/nosfy-profil-commit-20260919/Nosfy/Views/VerreCoulant.swift /tmp/nosfy-profil-commit-20260919/Nosfy/Views/VisiteExercice.swift /tmp/nosfy-profil-commit-20260919/Nosfy/Views/VisiteHome.swift /tmp/nosfy-profil-commit-20260919/Nosfy/Views/WahouReveal.swift /tmp/nosfy-profil-commit-20260919/Nosfy/Views/WidgetEdition.swift /tmp/nosfy-profil-commit-20260919/Nosfy/Views/WidgetsCards.swift /tmp/nosfy-profil-commit-20260919/Nosfy/Views/WorkoutPill.swift /tmp/nosfy-profil-commit-20260919/Nosfy/Views/WorkoutsListView.swift /tmp/nosfy-profil-commit-20260919/Nosfy/Atmosphere.swift /tmp/nosfy-profil-commit-20260919/Nosfy/DemonSky.swift /tmp/nosfy-profil-commit-20260919/Nosfy/Models.swift /tmp/nosfy-profil-commit-20260919/Nosfy/MoonPath.swift /tmp/nosfy-profil-commit-20260919/Nosfy/MoonSDF.swift /tmp/nosfy-profil-commit-20260919/Nosfy/NebulaConfiguration.swift /tmp/nosfy-profil-commit-20260919/Nosfy/NebulaNoise.swift /tmp/nosfy-profil-commit-20260919/Nosfy/NebulaStrip.swift /tmp/nosfy-profil-commit-20260919/Nosfy/NosfyApp.swift /tmp/nosfy-profil-commit-20260919/Nosfy/Theme.swift /tmp/nosfy-profil-commit-dd/Build/Intermediates.noindex/Nosfy.build/Debug-iphonesimulator/Nosfy.build/DerivedSources/GeneratedAssetSymbols.swift (in target 'Nosfy' from project 'Nosfy')

SwiftCompile normal x86_64 /tmp/nosfy-profil-commit-20260919/Nosfy/Views/VerificationCompte.swift (in target 'Nosfy' from project 'Nosfy')
    cd /tmp/nosfy-profil-commit-20260919
    

SwiftCompile normal x86_64 /tmp/nosfy-profil-commit-20260919/Nosfy/Views/VerreCoulant.swift (in target 'Nosfy' from project 'Nosfy')
    cd /tmp/nosfy-profil-commit-20260919
    

SwiftCompile normal x86_64 /tmp/nosfy-profil-commit-20260919/Nosfy/Views/VisiteExercice.swift (in target 'Nosfy' from project 'Nosfy')
    cd /tmp/nosfy-profil-commit-20260919
    

SwiftCompile normal x86_64 /tmp/nosfy-profil-commit-20260919/Nosfy/Views/VisiteHome.swift (in target 'Nosfy' from project 'Nosfy')
    cd /tmp/nosfy-profil-commit-20260919
    

SwiftCompile normal x86_64 /tmp/nosfy-profil-commit-20260919/Nosfy/Views/WahouReveal.swift (in target 'Nosfy' from project 'Nosfy')
    cd /tmp/nosfy-profil-commit-20260919
    

SwiftCompile normal x86_64 /tmp/nosfy-profil-commit-20260919/Nosfy/Views/WidgetEdition.swift (in target 'Nosfy' from project 'Nosfy')
    cd /tmp/nosfy-profil-commit-20260919
    

SwiftCompile normal x86_64 /tmp/nosfy-profil-commit-20260919/Nosfy/Views/WidgetsCards.swift (in target 'Nosfy' from project 'Nosfy')
    cd /tmp/nosfy-profil-commit-20260919
    

SwiftCompile normal x86_64 /tmp/nosfy-profil-commit-20260919/Nosfy/Views/WorkoutPill.swift (in target 'Nosfy' from project 'Nosfy')
    cd /tmp/nosfy-profil-commit-20260919
    

SwiftCompile normal x86_64 /tmp/nosfy-profil-commit-20260919/Nosfy/Views/WorkoutsListView.swift (in target 'Nosfy' from project 'Nosfy')
    cd /tmp/nosfy-profil-commit-20260919
    

SwiftCompile normal x86_64 /tmp/nosfy-profil-commit-20260919/Nosfy/Atmosphere.swift (in target 'Nosfy' from project 'Nosfy')
    cd /tmp/nosfy-profil-commit-20260919
    

SwiftCompile normal x86_64 /tmp/nosfy-profil-commit-20260919/Nosfy/DemonSky.swift (in target 'Nosfy' from project 'Nosfy')
    cd /tmp/nosfy-profil-commit-20260919
    

SwiftCompile normal x86_64 /tmp/nosfy-profil-commit-20260919/Nosfy/Models.swift (in target 'Nosfy' from project 'Nosfy')
    cd /tmp/nosfy-profil-commit-20260919
    

SwiftCompile normal x86_64 /tmp/nosfy-profil-commit-20260919/Nosfy/MoonPath.swift (in target 'Nosfy' from project 'Nosfy')
    cd /tmp/nosfy-profil-commit-20260919
    

SwiftCompile normal x86_64 /tmp/nosfy-profil-commit-20260919/Nosfy/MoonSDF.swift (in target 'Nosfy' from project 'Nosfy')
    cd /tmp/nosfy-profil-commit-20260919
    

SwiftCompile normal x86_64 /tmp/nosfy-profil-commit-20260919/Nosfy/NebulaConfiguration.swift (in target 'Nosfy' from project 'Nosfy')
    cd /tmp/nosfy-profil-commit-20260919
    

SwiftCompile normal x86_64 /tmp/nosfy-profil-commit-20260919/Nosfy/NebulaNoise.swift (in target 'Nosfy' from project 'Nosfy')
    cd /tmp/nosfy-profil-commit-20260919
    

SwiftCompile normal x86_64 /tmp/nosfy-profil-commit-20260919/Nosfy/NebulaStrip.swift (in target 'Nosfy' from project 'Nosfy')
    cd /tmp/nosfy-profil-commit-20260919
    

SwiftCompile normal x86_64 /tmp/nosfy-profil-commit-20260919/Nosfy/NosfyApp.swift (in target 'Nosfy' from project 'Nosfy')
    cd /tmp/nosfy-profil-commit-20260919
    

SwiftCompile normal x86_64 /tmp/nosfy-profil-commit-20260919/Nosfy/Theme.swift (in target 'Nosfy' from project 'Nosfy')
    cd /tmp/nosfy-profil-commit-20260919
    

SwiftCompile normal x86_64 /tmp/nosfy-profil-commit-dd/Build/Intermediates.noindex/Nosfy.build/Debug-iphonesimulator/Nosfy.build/DerivedSources/GeneratedAssetSymbols.swift (in target 'Nosfy' from project 'Nosfy')
    cd /tmp/nosfy-profil-commit-20260919
    

SwiftDriverJobDiscovery normal arm64 Emitting module for Woop (in target 'Nosfy' from project 'Nosfy')

SwiftDriver\ Compilation\ Requirements Nosfy normal arm64 com.apple.xcode.tools.swift.compiler (in target 'Nosfy' from project 'Nosfy')
    cd /tmp/nosfy-profil-commit-20260919
    builtin-Swift-Compilation-Requirements -- /Applications/Xcode.app/Contents/Developer/Toolchains/XcodeDefault.xctoolchain/usr/bin/swiftc -module-name Woop -Onone @/tmp/nosfy-profil-commit-dd/Build/Intermediates.noindex/Nosfy.build/Debug-iphonesimulator/Nosfy.build/Objects-normal/arm64/Nosfy.SwiftFileList -DDEBUG -enable-bare-slash-regex -enable-experimental-feature DebugDescriptionMacro -sdk /Applications/Xcode.app/Contents/Developer/Platforms/iPhoneSimulator.platform/Developer/SDKs/iPhoneSimulator26.5.sdk -target arm64-apple-ios26.0-simulator -g -module-cache-path /tmp/nosfy-profil-commit-dd/ModuleCache.noindex -Xfrontend -serialize-debugging-options -enable-testing -index-store-path /tmp/nosfy-profil-commit-dd/Index.noindex/DataStore -Xcc -D_LIBCPP_HARDENING_MODE\=_LIBCPP_HARDENING_MODE_DEBUG -swift-version 5 -I /tmp/nosfy-profil-commit-dd/Build/Products/Debug-iphonesimulator -F /tmp/nosfy-profil-commit-dd/Build/Products/Debug-iphonesimulator -emit-localized-strings -emit-localized-strings-path /tmp/nosfy-profil-commit-dd/Build/Intermediates.noindex/Nosfy.build/Debug-iphonesimulator/Nosfy.build/Objects-normal/arm64 -c -j10 -enable-batch-mode -incremental -Xcc -ivfsstatcache -Xcc /tmp/nosfy-profil-commit-dd/SDKStatCaches.noindex/iphonesimulator26.5-23F73-688ef53f1462e2c8f657fdc38a81448f6cfe768891a92b912361537c460fe42b.sdkstatcache -output-file-map /tmp/nosfy-profil-commit-dd/Build/Intermediates.noindex/Nosfy.build/Debug-iphonesimulator/Nosfy.build/Objects-normal/arm64/Nosfy-OutputFileMap.json -use-frontend-parseable-output -save-temps -no-color-diagnostics -explicit-module-build -module-cache-path /tmp/nosfy-profil-commit-dd/Build/Intermediates.noindex/SwiftExplicitPrecompiledModules -clang-scanner-module-cache-path /tmp/nosfy-profil-commit-dd/ModuleCache.noindex -sdk-module-cache-path /tmp/nosfy-profil-commit-dd/ModuleCache.noindex -serialize-diagnostics -emit-dependencies -emit-module -emit-module-path /tmp/nosfy-profil-commit-dd/Build/Intermediates.noindex/Nosfy.build/Debug-iphonesimulator/Nosfy.build/Objects-normal/arm64/Woop.swiftmodule -validate-clang-modules-once -clang-build-session-file /tmp/nosfy-profil-commit-dd/ModuleCache.noindex/Session.modulevalidation -Xcc -I/tmp/nosfy-profil-commit-dd/Build/Intermediates.noindex/Nosfy.build/Debug-iphonesimulator/Nosfy.build/swift-overrides.hmap -emit-const-values -Xfrontend -const-gather-protocols-file -Xfrontend /tmp/nosfy-profil-commit-dd/Build/Intermediates.noindex/Nosfy.build/Debug-iphonesimulator/Nosfy.build/Objects-normal/arm64/Nosfy_const_extract_protocols.json -Xcc -iquote -Xcc /tmp/nosfy-profil-commit-dd/Build/Intermediates.noindex/Nosfy.build/Debug-iphonesimulator/Nosfy.build/Nosfy-generated-files.hmap -Xcc -I/tmp/nosfy-profil-commit-dd/Build/Intermediates.noindex/Nosfy.build/Debug-iphonesimulator/Nosfy.build/Nosfy-own-target-headers.hmap -Xcc -I/tmp/nosfy-profil-commit-dd/Build/Intermediates.noindex/Nosfy.build/Debug-iphonesimulator/Nosfy.build/Nosfy-all-target-headers.hmap -Xcc -iquote -Xcc /tmp/nosfy-profil-commit-dd/Build/Intermediates.noindex/Nosfy.build/Debug-iphonesimulator/Nosfy.build/Nosfy-project-headers.hmap -Xcc -I/tmp/nosfy-profil-commit-dd/Build/Products/Debug-iphonesimulator/include -Xcc -I/tmp/nosfy-profil-commit-dd/Build/Intermediates.noindex/Nosfy.build/Debug-iphonesimulator/Nosfy.build/DerivedSources-normal/arm64 -Xcc -I/tmp/nosfy-profil-commit-dd/Build/Intermediates.noindex/Nosfy.build/Debug-iphonesimulator/Nosfy.build/DerivedSources/arm64 -Xcc -I/tmp/nosfy-profil-commit-dd/Build/Intermediates.noindex/Nosfy.build/Debug-iphonesimulator/Nosfy.build/DerivedSources -Xcc -DDEBUG\=1 -emit-objc-header -emit-objc-header-path /tmp/nosfy-profil-commit-dd/Build/Intermediates.noindex/Nosfy.build/Debug-iphonesimulator/Nosfy.build/Objects-normal/arm64/Woop-Swift.h -working-directory /tmp/nosfy-profil-commit-20260919 -experimental-emit-module-separately -disable-cmo

SwiftDriverJobDiscovery normal arm64 Compiling ErreurNosfy.swift, ForgeServeur.swift, HomeTextes.swift, InscriptionCompte.swift, Langue.swift, LuneForge.swift, OutboxGains.swift, OuvertureSeanceServeur.swift, ProfilServeur.swift, SacreServeur.swift, Supabase.swift, SupabaseSync.swift, SynthesisService.swift, WorkoutActivityController.swift, ActiveWorkoutView.swift, AppelChapitre.swift, AppelProfilVisite.swift, AuroraBgLab.swift, AuthView.swift, BancCoutHome.swift (in target 'Nosfy' from project 'Nosfy')

SwiftCompile normal x86_64 Compiling\ BottleSplash.swift,\ CoinChime.swift,\ DiamondGlints.swift,\ Ink.swift,\ LightDial.swift,\ LuneDust.swift,\ MonolithChime.swift,\ NightBirds.swift,\ RocketHaptics.swift,\ SparkleBurst.swift,\ SplashBackground.swift,\ SplashWisp.swift,\ Annonces.swift,\ AppleAuth.swift,\ CartesQABanc.swift,\ CartesServeur.swift,\ ChambreServeur.swift,\ CoachServeur.swift,\ Compte.swift,\ EconomieNosfy.swift /tmp/nosfy-profil-commit-20260919/Nosfy/Figures/BottleSplash.swift /tmp/nosfy-profil-commit-20260919/Nosfy/Figures/CoinChime.swift /tmp/nosfy-profil-commit-20260919/Nosfy/Figures/DiamondGlints.swift /tmp/nosfy-profil-commit-20260919/Nosfy/Figures/Ink.swift /tmp/nosfy-profil-commit-20260919/Nosfy/Figures/LightDial.swift /tmp/nosfy-profil-commit-20260919/Nosfy/Figures/LuneDust.swift /tmp/nosfy-profil-commit-20260919/Nosfy/Figures/MonolithChime.swift /tmp/nosfy-profil-commit-20260919/Nosfy/Figures/NightBirds.swift /tmp/nosfy-profil-commit-20260919/Nosfy/Figures/RocketHaptics.swift /tmp/nosfy-profil-commit-20260919/Nosfy/Figures/SparkleBurst.swift /tmp/nosfy-profil-commit-20260919/Nosfy/Figures/SplashBackground.swift /tmp/nosfy-profil-commit-20260919/Nosfy/Figures/SplashWisp.swift /tmp/nosfy-profil-commit-20260919/Nosfy/Services/Annonces.swift /tmp/nosfy-profil-commit-20260919/Nosfy/Services/AppleAuth.swift /tmp/nosfy-profil-commit-20260919/Nosfy/Services/CartesQABanc.swift /tmp/nosfy-profil-commit-20260919/Nosfy/Services/CartesServeur.swift /tmp/nosfy-profil-commit-20260919/Nosfy/Services/ChambreServeur.swift /tmp/nosfy-profil-commit-20260919/Nosfy/Services/CoachServeur.swift /tmp/nosfy-profil-commit-20260919/Nosfy/Services/Compte.swift /tmp/nosfy-profil-commit-20260919/Nosfy/Services/EconomieNosfy.swift (in target 'Nosfy' from project 'Nosfy')

SwiftCompile normal x86_64 /tmp/nosfy-profil-commit-20260919/Nosfy/Figures/BottleSplash.swift (in target 'Nosfy' from project 'Nosfy')
    cd /tmp/nosfy-profil-commit-20260919
    

SwiftCompile normal x86_64 /tmp/nosfy-profil-commit-20260919/Nosfy/Figures/CoinChime.swift (in target 'Nosfy' from project 'Nosfy')
    cd /tmp/nosfy-profil-commit-20260919
    

SwiftCompile normal x86_64 /tmp/nosfy-profil-commit-20260919/Nosfy/Figures/DiamondGlints.swift (in target 'Nosfy' from project 'Nosfy')
    cd /tmp/nosfy-profil-commit-20260919
    

SwiftCompile normal x86_64 /tmp/nosfy-profil-commit-20260919/Nosfy/Figures/Ink.swift (in target 'Nosfy' from project 'Nosfy')
    cd /tmp/nosfy-profil-commit-20260919
    

SwiftCompile normal x86_64 /tmp/nosfy-profil-commit-20260919/Nosfy/Figures/LightDial.swift (in target 'Nosfy' from project 'Nosfy')
    cd /tmp/nosfy-profil-commit-20260919
    

SwiftCompile normal x86_64 /tmp/nosfy-profil-commit-20260919/Nosfy/Figures/LuneDust.swift (in target 'Nosfy' from project 'Nosfy')
    cd /tmp/nosfy-profil-commit-20260919
    

SwiftCompile normal x86_64 /tmp/nosfy-profil-commit-20260919/Nosfy/Figures/MonolithChime.swift (in target 'Nosfy' from project 'Nosfy')
    cd /tmp/nosfy-profil-commit-20260919
    

SwiftCompile normal x86_64 /tmp/nosfy-profil-commit-20260919/Nosfy/Figures/NightBirds.swift (in target 'Nosfy' from project 'Nosfy')
    cd /tmp/nosfy-profil-commit-20260919
    

SwiftCompile normal x86_64 /tmp/nosfy-profil-commit-20260919/Nosfy/Figures/RocketHaptics.swift (in target 'Nosfy' from project 'Nosfy')
    cd /tmp/nosfy-profil-commit-20260919
    

SwiftCompile normal x86_64 /tmp/nosfy-profil-commit-20260919/Nosfy/Figures/SparkleBurst.swift (in target 'Nosfy' from project 'Nosfy')
    cd /tmp/nosfy-profil-commit-20260919
    

SwiftCompile normal x86_64 /tmp/nosfy-profil-commit-20260919/Nosfy/Figures/SplashBackground.swift (in target 'Nosfy' from project 'Nosfy')
    cd /tmp/nosfy-profil-commit-20260919
    

SwiftCompile normal x86_64 /tmp/nosfy-profil-commit-20260919/Nosfy/Figures/SplashWisp.swift (in target 'Nosfy' from project 'Nosfy')
    cd /tmp/nosfy-profil-commit-20260919
    

SwiftCompile normal x86_64 /tmp/nosfy-profil-commit-20260919/Nosfy/Services/Annonces.swift (in target 'Nosfy' from project 'Nosfy')
    cd /tmp/nosfy-profil-commit-20260919
    

SwiftCompile normal x86_64 /tmp/nosfy-profil-commit-20260919/Nosfy/Services/AppleAuth.swift (in target 'Nosfy' from project 'Nosfy')
    cd /tmp/nosfy-profil-commit-20260919
    

SwiftCompile normal x86_64 /tmp/nosfy-profil-commit-20260919/Nosfy/Services/CartesQABanc.swift (in target 'Nosfy' from project 'Nosfy')
    cd /tmp/nosfy-profil-commit-20260919
    

SwiftCompile normal x86_64 /tmp/nosfy-profil-commit-20260919/Nosfy/Services/CartesServeur.swift (in target 'Nosfy' from project 'Nosfy')
    cd /tmp/nosfy-profil-commit-20260919
    

SwiftCompile normal x86_64 /tmp/nosfy-profil-commit-20260919/Nosfy/Services/ChambreServeur.swift (in target 'Nosfy' from project 'Nosfy')
    cd /tmp/nosfy-profil-commit-20260919
    

SwiftCompile normal x86_64 /tmp/nosfy-profil-commit-20260919/Nosfy/Services/CoachServeur.swift (in target 'Nosfy' from project 'Nosfy')
    cd /tmp/nosfy-profil-commit-20260919
    

SwiftCompile normal x86_64 /tmp/nosfy-profil-commit-20260919/Nosfy/Services/Compte.swift (in target 'Nosfy' from project 'Nosfy')
    cd /tmp/nosfy-profil-commit-20260919
    

SwiftCompile normal x86_64 /tmp/nosfy-profil-commit-20260919/Nosfy/Services/EconomieNosfy.swift (in target 'Nosfy' from project 'Nosfy')
    cd /tmp/nosfy-profil-commit-20260919
    

Copy /tmp/nosfy-profil-commit-dd/Build/Products/Debug-iphonesimulator/Woop.swiftmodule/arm64-apple-ios-simulator.swiftmodule /tmp/nosfy-profil-commit-dd/Build/Intermediates.noindex/Nosfy.build/Debug-iphonesimulator/Nosfy.build/Objects-normal/arm64/Woop.swiftmodule (in target 'Nosfy' from project 'Nosfy')
    cd /tmp/nosfy-profil-commit-20260919
    builtin-copy -exclude .DS_Store -exclude CVS -exclude .svn -exclude .git -exclude .hg -resolve-src-symlinks -rename /tmp/nosfy-profil-commit-dd/Build/Intermediates.noindex/Nosfy.build/Debug-iphonesimulator/Nosfy.build/Objects-normal/arm64/Woop.swiftmodule /tmp/nosfy-profil-commit-dd/Build/Products/Debug-iphonesimulator/Woop.swiftmodule/arm64-apple-ios-simulator.swiftmodule

** BUILD FAILED **


The following build commands failed:
	SwiftCompile normal arm64 /tmp/nosfy-profil-commit-20260919/Nosfy/Views/CoffreV2.swift (in target 'Nosfy' from project 'Nosfy')
	SwiftCompile normal arm64 Compiling\ ChambreVolume.swift,\ ChargeFiche.swift,\ ChevronAppelNatif.swift,\ ChipVerre.swift,\ CinematicPlayer.swift,\ ClavierBraise.swift,\ CoffreFlipLab.swift,\ CoffreFortCoin.swift,\ CoffreFortPurse.swift,\ CoffreFortView.swift,\ CoffreV2.swift,\ ConnexionButtonLab.swift,\ ConnexionCinematic.swift,\ CorpsNacre.swift,\ CounterLab.swift,\ DemonVideo.swift,\ DepartCine.swift,\ DepartSeance.swift,\ DevilAuraOverlay.swift,\ DuolinguoPage.swift /tmp/nosfy-profil-commit-20260919/Nosfy/Views/ChambreVolume.swift /tmp/nosfy-profil-commit-20260919/Nosfy/Views/ChargeFiche.swift /tmp/nosfy-profil-commit-20260919/Nosfy/Views/ChevronAppelNatif.swift /tmp/nosfy-profil-commit-20260919/Nosfy/Views/ChipVerre.swift /tmp/nosfy-profil-commit-20260919/Nosfy/Views/CinematicPlayer.swift /tmp/nosfy-profil-commit-20260919/Nosfy/Views/ClavierBraise.swift /tmp/nosfy-profil-commit-20260919/Nosfy/Views/CoffreFlipLab.swift /tmp/nosfy-profil-commit-20260919/Nosfy/Views/CoffreFortCoin.swift /tmp/nosfy-profil-commit-20260919/Nosfy/Views/CoffreFortPurse.swift /tmp/nosfy-profil-commit-20260919/Nosfy/Views/CoffreFortView.swift /tmp/nosfy-profil-commit-20260919/Nosfy/Views/CoffreV2.swift /tmp/nosfy-profil-commit-20260919/Nosfy/Views/ConnexionButtonLab.swift /tmp/nosfy-profil-commit-20260919/Nosfy/Views/ConnexionCinematic.swift /tmp/nosfy-profil-commit-20260919/Nosfy/Views/CorpsNacre.swift /tmp/nosfy-profil-commit-20260919/Nosfy/Views/CounterLab.swift /tmp/nosfy-profil-commit-20260919/Nosfy/Views/DemonVideo.swift /tmp/nosfy-profil-commit-20260919/Nosfy/Views/DepartCine.swift /tmp/nosfy-profil-commit-20260919/Nosfy/Views/DepartSeance.swift /tmp/nosfy-profil-commit-20260919/Nosfy/Views/DevilAuraOverlay.swift /tmp/nosfy-profil-commit-20260919/Nosfy/Views/DuolinguoPage.swift (in target 'Nosfy' from project 'Nosfy')
	Building project Nosfy with scheme Nosfy and configuration Debug
(3 failures)
