Command line invocation:
    /Applications/Xcode.app/Contents/Developer/usr/bin/xcodebuild -project /tmp/nosfy-fin-ui/Nosfy.xcodeproj -scheme NosfyUITests -configuration Debug -destination "platform=iOS Simulator,id=68ABC079-08E4-4071-B382-3F1257AC4E18" -derivedDataPath /tmp/nosfy-fin-ui-dd -resultBundlePath /tmp/nosfy-fin-ui-result5 CODE_SIGNING_ALLOWED=NO ONLY_ACTIVE_ARCH=YES test

Build settings from command line:
    CODE_SIGNING_ALLOWED = NO
    ONLY_ACTIVE_ARCH = YES

Writing result bundle at path:
	/tmp/nosfy-fin-ui-result5

ComputePackagePrebuildTargetDependencyGraph

Prepare packages

CreateBuildRequest

SendProjectDescription

CreateBuildOperation

ComputeTargetDependencyGraph
note: Building targets in dependency order
note: Target dependency graph (3 targets)
    Target 'NosfyUITests' in project 'Nosfy'
        ➜ Explicit dependency on target 'Nosfy' in project 'Nosfy'
    Target 'Nosfy' in project 'Nosfy'
        ➜ Explicit dependency on target 'NosfyWidgets' in project 'Nosfy'
    Target 'NosfyWidgets' in project 'Nosfy' (no dependencies)

GatherProvisioningInputs

CreateBuildDescription

ExecuteExternalTool /Applications/Xcode.app/Contents/Developer/usr/bin/actool --version --output-format xml1

ExecuteExternalTool /Applications/Xcode.app/Contents/Developer/Toolchains/XcodeDefault.xctoolchain/usr/bin/swiftc --version

ExecuteExternalTool /Applications/Xcode.app/Contents/Developer/Toolchains/XcodeDefault.xctoolchain/usr/bin/clang -v -E -dM -isysroot /Applications/Xcode.app/Contents/Developer/Platforms/iPhoneSimulator.platform/Developer/SDKs/iPhoneSimulator26.5.sdk -x c -c /dev/null

ExecuteExternalTool /Applications/Xcode.app/Contents/Developer/usr/bin/actool --print-asset-tag-combinations --output-format xml1 /tmp/nosfy-fin-ui/NosfyShared/LiveAssets.xcassets /tmp/nosfy-fin-ui/Nosfy/AppIcon.icon /tmp/nosfy-fin-ui/Nosfy/Assets.xcassets

ExecuteExternalTool /Applications/Xcode.app/Contents/Developer/Toolchains/XcodeDefault.xctoolchain/usr/bin/ld -version_details

Build description signature: edb92d97efe3489314d57750eec2a4a5
Build description path: /tmp/nosfy-fin-ui-dd/Build/Intermediates.noindex/XCBuildData/edb92d97efe3489314d57750eec2a4a5.xcbuilddata
ClangStatCache /Applications/Xcode.app/Contents/Developer/Toolchains/XcodeDefault.xctoolchain/usr/bin/clang-stat-cache /Applications/Xcode.app/Contents/Developer/Platforms/iPhoneSimulator.platform/Developer/SDKs/iPhoneSimulator26.5.sdk /tmp/nosfy-fin-ui-dd/SDKStatCaches.noindex/iphonesimulator26.5-23F73-688ef53f1462e2c8f657fdc38a81448f6cfe768891a92b912361537c460fe42b.sdkstatcache
    cd /tmp/nosfy-fin-ui/Nosfy.xcodeproj
    /Applications/Xcode.app/Contents/Developer/Toolchains/XcodeDefault.xctoolchain/usr/bin/clang-stat-cache /Applications/Xcode.app/Contents/Developer/Platforms/iPhoneSimulator.platform/Developer/SDKs/iPhoneSimulator26.5.sdk -o /tmp/nosfy-fin-ui-dd/SDKStatCaches.noindex/iphonesimulator26.5-23F73-688ef53f1462e2c8f657fdc38a81448f6cfe768891a92b912361537c460fe42b.sdkstatcache

ProcessInfoPlistFile /tmp/nosfy-fin-ui-dd/Build/Products/Debug-iphonesimulator/NosfyWidgets.appex/Info.plist /tmp/nosfy-fin-ui/NosfyWidgets/Info.plist (in target 'NosfyWidgets' from project 'Nosfy')
    cd /tmp/nosfy-fin-ui
    builtin-infoPlistUtility /tmp/nosfy-fin-ui/NosfyWidgets/Info.plist -producttype com.apple.product-type.app-extension -expandbuildsettings -format binary -platform iphonesimulator -additionalcontentfile /tmp/nosfy-fin-ui-dd/Build/Intermediates.noindex/Nosfy.build/Debug-iphonesimulator/NosfyWidgets.build/assetcatalog_generated_info.plist -o /tmp/nosfy-fin-ui-dd/Build/Products/Debug-iphonesimulator/NosfyWidgets.appex/Info.plist

SwiftDriver Nosfy normal arm64 com.apple.xcode.tools.swift.compiler (in target 'Nosfy' from project 'Nosfy')
    cd /tmp/nosfy-fin-ui
    builtin-SwiftDriver -- /Applications/Xcode.app/Contents/Developer/Toolchains/XcodeDefault.xctoolchain/usr/bin/swiftc -module-name Woop -Onone @/tmp/nosfy-fin-ui-dd/Build/Intermediates.noindex/Nosfy.build/Debug-iphonesimulator/Nosfy.build/Objects-normal/arm64/Nosfy.SwiftFileList -DDEBUG -enable-bare-slash-regex -enable-experimental-feature DebugDescriptionMacro -sdk /Applications/Xcode.app/Contents/Developer/Platforms/iPhoneSimulator.platform/Developer/SDKs/iPhoneSimulator26.5.sdk -target arm64-apple-ios26.0-simulator -g -module-cache-path /tmp/nosfy-fin-ui-dd/ModuleCache.noindex -Xfrontend -serialize-debugging-options -enable-testing -index-store-path /tmp/nosfy-fin-ui-dd/Index.noindex/DataStore -Xcc -D_LIBCPP_HARDENING_MODE\=_LIBCPP_HARDENING_MODE_DEBUG -swift-version 5 -I /tmp/nosfy-fin-ui-dd/Build/Products/Debug-iphonesimulator -F /tmp/nosfy-fin-ui-dd/Build/Products/Debug-iphonesimulator -emit-localized-strings -emit-localized-strings-path /tmp/nosfy-fin-ui-dd/Build/Intermediates.noindex/Nosfy.build/Debug-iphonesimulator/Nosfy.build/Objects-normal/arm64 -c -j10 -enable-batch-mode -incremental -Xcc -ivfsstatcache -Xcc /tmp/nosfy-fin-ui-dd/SDKStatCaches.noindex/iphonesimulator26.5-23F73-688ef53f1462e2c8f657fdc38a81448f6cfe768891a92b912361537c460fe42b.sdkstatcache -output-file-map /tmp/nosfy-fin-ui-dd/Build/Intermediates.noindex/Nosfy.build/Debug-iphonesimulator/Nosfy.build/Objects-normal/arm64/Nosfy-OutputFileMap.json -use-frontend-parseable-output -save-temps -no-color-diagnostics -explicit-module-build -module-cache-path /tmp/nosfy-fin-ui-dd/Build/Intermediates.noindex/SwiftExplicitPrecompiledModules -clang-scanner-module-cache-path /tmp/nosfy-fin-ui-dd/ModuleCache.noindex -sdk-module-cache-path /tmp/nosfy-fin-ui-dd/ModuleCache.noindex -serialize-diagnostics -emit-dependencies -emit-module -emit-module-path /tmp/nosfy-fin-ui-dd/Build/Intermediates.noindex/Nosfy.build/Debug-iphonesimulator/Nosfy.build/Objects-normal/arm64/Woop.swiftmodule -validate-clang-modules-once -clang-build-session-file /tmp/nosfy-fin-ui-dd/ModuleCache.noindex/Session.modulevalidation -Xcc -I/tmp/nosfy-fin-ui-dd/Build/Intermediates.noindex/Nosfy.build/Debug-iphonesimulator/Nosfy.build/swift-overrides.hmap -emit-const-values -Xfrontend -const-gather-protocols-file -Xfrontend /tmp/nosfy-fin-ui-dd/Build/Intermediates.noindex/Nosfy.build/Debug-iphonesimulator/Nosfy.build/Objects-normal/arm64/Nosfy_const_extract_protocols.json -Xcc -iquote -Xcc /tmp/nosfy-fin-ui-dd/Build/Intermediates.noindex/Nosfy.build/Debug-iphonesimulator/Nosfy.build/Nosfy-generated-files.hmap -Xcc -I/tmp/nosfy-fin-ui-dd/Build/Intermediates.noindex/Nosfy.build/Debug-iphonesimulator/Nosfy.build/Nosfy-own-target-headers.hmap -Xcc -I/tmp/nosfy-fin-ui-dd/Build/Intermediates.noindex/Nosfy.build/Debug-iphonesimulator/Nosfy.build/Nosfy-all-target-headers.hmap -Xcc -iquote -Xcc /tmp/nosfy-fin-ui-dd/Build/Intermediates.noindex/Nosfy.build/Debug-iphonesimulator/Nosfy.build/Nosfy-project-headers.hmap -Xcc -I/tmp/nosfy-fin-ui-dd/Build/Products/Debug-iphonesimulator/include -Xcc -I/tmp/nosfy-fin-ui-dd/Build/Intermediates.noindex/Nosfy.build/Debug-iphonesimulator/Nosfy.build/DerivedSources-normal/arm64 -Xcc -I/tmp/nosfy-fin-ui-dd/Build/Intermediates.noindex/Nosfy.build/Debug-iphonesimulator/Nosfy.build/DerivedSources/arm64 -Xcc -I/tmp/nosfy-fin-ui-dd/Build/Intermediates.noindex/Nosfy.build/Debug-iphonesimulator/Nosfy.build/DerivedSources -Xcc -DDEBUG\=1 -emit-objc-header -emit-objc-header-path /tmp/nosfy-fin-ui-dd/Build/Intermediates.noindex/Nosfy.build/Debug-iphonesimulator/Nosfy.build/Objects-normal/arm64/Woop-Swift.h -working-directory /tmp/nosfy-fin-ui -experimental-emit-module-separately -disable-cmo

SwiftEmitModule normal arm64 Emitting\ module\ for\ Woop (in target 'Nosfy' from project 'Nosfy')

EmitSwiftModule normal arm64 (in target 'Nosfy' from project 'Nosfy')
    cd /tmp/nosfy-fin-ui
    

SwiftCompile normal arm64 Compiling\ NosfyApp.swift /tmp/nosfy-fin-ui/Nosfy/NosfyApp.swift (in target 'Nosfy' from project 'Nosfy')
SwiftCompile normal arm64 /tmp/nosfy-fin-ui/Nosfy/NosfyApp.swift (in target 'Nosfy' from project 'Nosfy')
    cd /tmp/nosfy-fin-ui
    
/tmp/nosfy-fin-ui/Nosfy/NosfyApp.swift:1353:44: warning: left side of nil coalescing operator '??' has non-optional type 'Date', so the right side is never used
            MiniCardJour(date: a.startedAt ?? .now,
                               ~~~~~~~~~~~~^~~~~~~
                                          
/tmp/nosfy-fin-ui/Nosfy/NosfyApp.swift:1378:58: warning: left side of nil coalescing operator '??' has non-optional type 'Date', so the right side is never used
                TimelineView(.periodic(from: a.startedAt ?? .now,
                                             ~~~~~~~~~~~~^~~~~~~
                                                        
/tmp/nosfy-fin-ui/Nosfy/NosfyApp.swift:1381:56: warning: left side of nil coalescing operator '??' has non-optional type 'Date', so the right side is never used
                        .timeIntervalSince(a.startedAt ?? .now)))
                                           ~~~~~~~~~~~~^~~~~~~
                                                      
/tmp/nosfy-fin-ui/Nosfy/NosfyApp.swift:1775:47: warning: left side of nil coalescing operator '??' has non-optional type 'Date', so the right side is never used
                    departSeance: a.startedAt ?? .now,
                                  ~~~~~~~~~~~~^~~~~~~
                                             
/tmp/nosfy-fin-ui/Nosfy/NosfyApp.swift:1801:41: warning: left side of nil coalescing operator '??' has non-optional type 'Date', so the right side is never used
                    depart: a.startedAt ?? .now,
                            ~~~~~~~~~~~~^~~~~~~
                                       
/tmp/nosfy-fin-ui/Nosfy/NosfyApp.swift:1800:43: warning: 'main' was deprecated in iOS 26.0: Use a UIScreen instance found through context instead (i.e, view.window.windowScene.screen), or for properties like UIScreen.scale with trait equivalents, use a traitCollection found through context.
                    ecranTaille: UIScreen.main.bounds.size,
                                          ^

SwiftDriverJobDiscovery normal arm64 Compiling NosfyApp.swift (in target 'Nosfy' from project 'Nosfy')

SwiftDriver\ Compilation Nosfy normal arm64 com.apple.xcode.tools.swift.compiler (in target 'Nosfy' from project 'Nosfy')
    cd /tmp/nosfy-fin-ui
    builtin-Swift-Compilation -- /Applications/Xcode.app/Contents/Developer/Toolchains/XcodeDefault.xctoolchain/usr/bin/swiftc -module-name Woop -Onone @/tmp/nosfy-fin-ui-dd/Build/Intermediates.noindex/Nosfy.build/Debug-iphonesimulator/Nosfy.build/Objects-normal/arm64/Nosfy.SwiftFileList -DDEBUG -enable-bare-slash-regex -enable-experimental-feature DebugDescriptionMacro -sdk /Applications/Xcode.app/Contents/Developer/Platforms/iPhoneSimulator.platform/Developer/SDKs/iPhoneSimulator26.5.sdk -target arm64-apple-ios26.0-simulator -g -module-cache-path /tmp/nosfy-fin-ui-dd/ModuleCache.noindex -Xfrontend -serialize-debugging-options -enable-testing -index-store-path /tmp/nosfy-fin-ui-dd/Index.noindex/DataStore -Xcc -D_LIBCPP_HARDENING_MODE\=_LIBCPP_HARDENING_MODE_DEBUG -swift-version 5 -I /tmp/nosfy-fin-ui-dd/Build/Products/Debug-iphonesimulator -F /tmp/nosfy-fin-ui-dd/Build/Products/Debug-iphonesimulator -emit-localized-strings -emit-localized-strings-path /tmp/nosfy-fin-ui-dd/Build/Intermediates.noindex/Nosfy.build/Debug-iphonesimulator/Nosfy.build/Objects-normal/arm64 -c -j10 -enable-batch-mode -incremental -Xcc -ivfsstatcache -Xcc /tmp/nosfy-fin-ui-dd/SDKStatCaches.noindex/iphonesimulator26.5-23F73-688ef53f1462e2c8f657fdc38a81448f6cfe768891a92b912361537c460fe42b.sdkstatcache -output-file-map /tmp/nosfy-fin-ui-dd/Build/Intermediates.noindex/Nosfy.build/Debug-iphonesimulator/Nosfy.build/Objects-normal/arm64/Nosfy-OutputFileMap.json -use-frontend-parseable-output -save-temps -no-color-diagnostics -explicit-module-build -module-cache-path /tmp/nosfy-fin-ui-dd/Build/Intermediates.noindex/SwiftExplicitPrecompiledModules -clang-scanner-module-cache-path /tmp/nosfy-fin-ui-dd/ModuleCache.noindex -sdk-module-cache-path /tmp/nosfy-fin-ui-dd/ModuleCache.noindex -serialize-diagnostics -emit-dependencies -emit-module -emit-module-path /tmp/nosfy-fin-ui-dd/Build/Intermediates.noindex/Nosfy.build/Debug-iphonesimulator/Nosfy.build/Objects-normal/arm64/Woop.swiftmodule -validate-clang-modules-once -clang-build-session-file /tmp/nosfy-fin-ui-dd/ModuleCache.noindex/Session.modulevalidation -Xcc -I/tmp/nosfy-fin-ui-dd/Build/Intermediates.noindex/Nosfy.build/Debug-iphonesimulator/Nosfy.build/swift-overrides.hmap -emit-const-values -Xfrontend -const-gather-protocols-file -Xfrontend /tmp/nosfy-fin-ui-dd/Build/Intermediates.noindex/Nosfy.build/Debug-iphonesimulator/Nosfy.build/Objects-normal/arm64/Nosfy_const_extract_protocols.json -Xcc -iquote -Xcc /tmp/nosfy-fin-ui-dd/Build/Intermediates.noindex/Nosfy.build/Debug-iphonesimulator/Nosfy.build/Nosfy-generated-files.hmap -Xcc -I/tmp/nosfy-fin-ui-dd/Build/Intermediates.noindex/Nosfy.build/Debug-iphonesimulator/Nosfy.build/Nosfy-own-target-headers.hmap -Xcc -I/tmp/nosfy-fin-ui-dd/Build/Intermediates.noindex/Nosfy.build/Debug-iphonesimulator/Nosfy.build/Nosfy-all-target-headers.hmap -Xcc -iquote -Xcc /tmp/nosfy-fin-ui-dd/Build/Intermediates.noindex/Nosfy.build/Debug-iphonesimulator/Nosfy.build/Nosfy-project-headers.hmap -Xcc -I/tmp/nosfy-fin-ui-dd/Build/Products/Debug-iphonesimulator/include -Xcc -I/tmp/nosfy-fin-ui-dd/Build/Intermediates.noindex/Nosfy.build/Debug-iphonesimulator/Nosfy.build/DerivedSources-normal/arm64 -Xcc -I/tmp/nosfy-fin-ui-dd/Build/Intermediates.noindex/Nosfy.build/Debug-iphonesimulator/Nosfy.build/DerivedSources/arm64 -Xcc -I/tmp/nosfy-fin-ui-dd/Build/Intermediates.noindex/Nosfy.build/Debug-iphonesimulator/Nosfy.build/DerivedSources -Xcc -DDEBUG\=1 -emit-objc-header -emit-objc-header-path /tmp/nosfy-fin-ui-dd/Build/Intermediates.noindex/Nosfy.build/Debug-iphonesimulator/Nosfy.build/Objects-normal/arm64/Woop-Swift.h -working-directory /tmp/nosfy-fin-ui -experimental-emit-module-separately -disable-cmo

SwiftDriverJobDiscovery normal arm64 Emitting module for Woop (in target 'Nosfy' from project 'Nosfy')

SwiftDriver\ Compilation\ Requirements Nosfy normal arm64 com.apple.xcode.tools.swift.compiler (in target 'Nosfy' from project 'Nosfy')
    cd /tmp/nosfy-fin-ui
    builtin-Swift-Compilation-Requirements -- /Applications/Xcode.app/Contents/Developer/Toolchains/XcodeDefault.xctoolchain/usr/bin/swiftc -module-name Woop -Onone @/tmp/nosfy-fin-ui-dd/Build/Intermediates.noindex/Nosfy.build/Debug-iphonesimulator/Nosfy.build/Objects-normal/arm64/Nosfy.SwiftFileList -DDEBUG -enable-bare-slash-regex -enable-experimental-feature DebugDescriptionMacro -sdk /Applications/Xcode.app/Contents/Developer/Platforms/iPhoneSimulator.platform/Developer/SDKs/iPhoneSimulator26.5.sdk -target arm64-apple-ios26.0-simulator -g -module-cache-path /tmp/nosfy-fin-ui-dd/ModuleCache.noindex -Xfrontend -serialize-debugging-options -enable-testing -index-store-path /tmp/nosfy-fin-ui-dd/Index.noindex/DataStore -Xcc -D_LIBCPP_HARDENING_MODE\=_LIBCPP_HARDENING_MODE_DEBUG -swift-version 5 -I /tmp/nosfy-fin-ui-dd/Build/Products/Debug-iphonesimulator -F /tmp/nosfy-fin-ui-dd/Build/Products/Debug-iphonesimulator -emit-localized-strings -emit-localized-strings-path /tmp/nosfy-fin-ui-dd/Build/Intermediates.noindex/Nosfy.build/Debug-iphonesimulator/Nosfy.build/Objects-normal/arm64 -c -j10 -enable-batch-mode -incremental -Xcc -ivfsstatcache -Xcc /tmp/nosfy-fin-ui-dd/SDKStatCaches.noindex/iphonesimulator26.5-23F73-688ef53f1462e2c8f657fdc38a81448f6cfe768891a92b912361537c460fe42b.sdkstatcache -output-file-map /tmp/nosfy-fin-ui-dd/Build/Intermediates.noindex/Nosfy.build/Debug-iphonesimulator/Nosfy.build/Objects-normal/arm64/Nosfy-OutputFileMap.json -use-frontend-parseable-output -save-temps -no-color-diagnostics -explicit-module-build -module-cache-path /tmp/nosfy-fin-ui-dd/Build/Intermediates.noindex/SwiftExplicitPrecompiledModules -clang-scanner-module-cache-path /tmp/nosfy-fin-ui-dd/ModuleCache.noindex -sdk-module-cache-path /tmp/nosfy-fin-ui-dd/ModuleCache.noindex -serialize-diagnostics -emit-dependencies -emit-module -emit-module-path /tmp/nosfy-fin-ui-dd/Build/Intermediates.noindex/Nosfy.build/Debug-iphonesimulator/Nosfy.build/Objects-normal/arm64/Woop.swiftmodule -validate-clang-modules-once -clang-build-session-file /tmp/nosfy-fin-ui-dd/ModuleCache.noindex/Session.modulevalidation -Xcc -I/tmp/nosfy-fin-ui-dd/Build/Intermediates.noindex/Nosfy.build/Debug-iphonesimulator/Nosfy.build/swift-overrides.hmap -emit-const-values -Xfrontend -const-gather-protocols-file -Xfrontend /tmp/nosfy-fin-ui-dd/Build/Intermediates.noindex/Nosfy.build/Debug-iphonesimulator/Nosfy.build/Objects-normal/arm64/Nosfy_const_extract_protocols.json -Xcc -iquote -Xcc /tmp/nosfy-fin-ui-dd/Build/Intermediates.noindex/Nosfy.build/Debug-iphonesimulator/Nosfy.build/Nosfy-generated-files.hmap -Xcc -I/tmp/nosfy-fin-ui-dd/Build/Intermediates.noindex/Nosfy.build/Debug-iphonesimulator/Nosfy.build/Nosfy-own-target-headers.hmap -Xcc -I/tmp/nosfy-fin-ui-dd/Build/Intermediates.noindex/Nosfy.build/Debug-iphonesimulator/Nosfy.build/Nosfy-all-target-headers.hmap -Xcc -iquote -Xcc /tmp/nosfy-fin-ui-dd/Build/Intermediates.noindex/Nosfy.build/Debug-iphonesimulator/Nosfy.build/Nosfy-project-headers.hmap -Xcc -I/tmp/nosfy-fin-ui-dd/Build/Products/Debug-iphonesimulator/include -Xcc -I/tmp/nosfy-fin-ui-dd/Build/Intermediates.noindex/Nosfy.build/Debug-iphonesimulator/Nosfy.build/DerivedSources-normal/arm64 -Xcc -I/tmp/nosfy-fin-ui-dd/Build/Intermediates.noindex/Nosfy.build/Debug-iphonesimulator/Nosfy.build/DerivedSources/arm64 -Xcc -I/tmp/nosfy-fin-ui-dd/Build/Intermediates.noindex/Nosfy.build/Debug-iphonesimulator/Nosfy.build/DerivedSources -Xcc -DDEBUG\=1 -emit-objc-header -emit-objc-header-path /tmp/nosfy-fin-ui-dd/Build/Intermediates.noindex/Nosfy.build/Debug-iphonesimulator/Nosfy.build/Objects-normal/arm64/Woop-Swift.h -working-directory /tmp/nosfy-fin-ui -experimental-emit-module-separately -disable-cmo

Copy /tmp/nosfy-fin-ui-dd/Build/Products/Debug-iphonesimulator/Woop.swiftmodule/Project/arm64-apple-ios-simulator.swiftsourceinfo /tmp/nosfy-fin-ui-dd/Build/Intermediates.noindex/Nosfy.build/Debug-iphonesimulator/Nosfy.build/Objects-normal/arm64/Woop.swiftsourceinfo (in target 'Nosfy' from project 'Nosfy')
    cd /tmp/nosfy-fin-ui
    builtin-copy -exclude .DS_Store -exclude CVS -exclude .svn -exclude .git -exclude .hg -resolve-src-symlinks -rename /tmp/nosfy-fin-ui-dd/Build/Intermediates.noindex/Nosfy.build/Debug-iphonesimulator/Nosfy.build/Objects-normal/arm64/Woop.swiftsourceinfo /tmp/nosfy-fin-ui-dd/Build/Products/Debug-iphonesimulator/Woop.swiftmodule/Project/arm64-apple-ios-simulator.swiftsourceinfo

Copy /tmp/nosfy-fin-ui-dd/Build/Products/Debug-iphonesimulator/Woop.swiftmodule/arm64-apple-ios-simulator.abi.json /tmp/nosfy-fin-ui-dd/Build/Intermediates.noindex/Nosfy.build/Debug-iphonesimulator/Nosfy.build/Objects-normal/arm64/Woop.abi.json (in target 'Nosfy' from project 'Nosfy')
    cd /tmp/nosfy-fin-ui
    builtin-copy -exclude .DS_Store -exclude CVS -exclude .svn -exclude .git -exclude .hg -resolve-src-symlinks -rename /tmp/nosfy-fin-ui-dd/Build/Intermediates.noindex/Nosfy.build/Debug-iphonesimulator/Nosfy.build/Objects-normal/arm64/Woop.abi.json /tmp/nosfy-fin-ui-dd/Build/Products/Debug-iphonesimulator/Woop.swiftmodule/arm64-apple-ios-simulator.abi.json

Ld /tmp/nosfy-fin-ui-dd/Build/Products/Debug-iphonesimulator/Nosfy.app/Nosfy.debug.dylib normal (in target 'Nosfy' from project 'Nosfy')
    cd /tmp/nosfy-fin-ui
    /Applications/Xcode.app/Contents/Developer/Toolchains/XcodeDefault.xctoolchain/usr/bin/clang -Xlinker -reproducible -target arm64-apple-ios26.0-simulator -dynamiclib -isysroot /Applications/Xcode.app/Contents/Developer/Platforms/iPhoneSimulator.platform/Developer/SDKs/iPhoneSimulator26.5.sdk -O0 -L/tmp/nosfy-fin-ui-dd/Build/Intermediates.noindex/EagerLinkingTBDs/Debug-iphonesimulator -L/tmp/nosfy-fin-ui-dd/Build/Products/Debug-iphonesimulator -F/tmp/nosfy-fin-ui-dd/Build/Intermediates.noindex/EagerLinkingTBDs/Debug-iphonesimulator -F/tmp/nosfy-fin-ui-dd/Build/Products/Debug-iphonesimulator -filelist /tmp/nosfy-fin-ui-dd/Build/Intermediates.noindex/Nosfy.build/Debug-iphonesimulator/Nosfy.build/Objects-normal/arm64/Nosfy.LinkFileList -install_name @rpath/Nosfy.debug.dylib -Xlinker -rpath -Xlinker @executable_path/Frameworks -Xlinker -dead_strip -Xlinker -object_path_lto -Xlinker /tmp/nosfy-fin-ui-dd/Build/Intermediates.noindex/Nosfy.build/Debug-iphonesimulator/Nosfy.build/Objects-normal/arm64/Nosfy_lto.o -rdynamic -Xlinker -no_deduplicate -Xlinker -objc_abi_version -Xlinker 2 -Xlinker -dependency_info -Xlinker /tmp/nosfy-fin-ui-dd/Build/Intermediates.noindex/Nosfy.build/Debug-iphonesimulator/Nosfy.build/Objects-normal/arm64/Nosfy_dependency_info.dat -fobjc-link-runtime -L/Applications/Xcode.app/Contents/Developer/Toolchains/XcodeDefault.xctoolchain/usr/lib/swift/iphonesimulator -L/usr/lib/swift -Xlinker -add_ast_path -Xlinker /tmp/nosfy-fin-ui-dd/Build/Intermediates.noindex/Nosfy.build/Debug-iphonesimulator/Nosfy.build/Objects-normal/arm64/Woop.swiftmodule @/tmp/nosfy-fin-ui-dd/Build/Intermediates.noindex/Nosfy.build/Debug-iphonesimulator/Nosfy.build/Objects-normal/arm64/Woop-linker-args.resp -Xlinker -alias -Xlinker _main -Xlinker ___debug_main_executable_dylib_entry_point -o /tmp/nosfy-fin-ui-dd/Build/Products/Debug-iphonesimulator/Nosfy.app/Nosfy.debug.dylib

ConstructStubExecutorLinkFileList /tmp/nosfy-fin-ui-dd/Build/Intermediates.noindex/Nosfy.build/Debug-iphonesimulator/Nosfy.build/Nosfy-ExecutorLinkFileList-normal-arm64.txt (in target 'Nosfy' from project 'Nosfy')
    cd /tmp/nosfy-fin-ui
    construct-stub-executor-link-file-list /tmp/nosfy-fin-ui-dd/Build/Products/Debug-iphonesimulator/Nosfy.app/Nosfy.debug.dylib /Applications/Xcode.app/Contents/Developer/Platforms/iPhoneSimulator.platform/Developer/usr/lib/libPreviewsJITStubExecutor_no_swift_entry_point.a /Applications/Xcode.app/Contents/Developer/Platforms/iPhoneSimulator.platform/Developer/usr/lib/libPreviewsJITStubExecutor.a --output /tmp/nosfy-fin-ui-dd/Build/Intermediates.noindex/Nosfy.build/Debug-iphonesimulator/Nosfy.build/Nosfy-ExecutorLinkFileList-normal-arm64.txt
note: Using stub executor library with Swift entry point. (in target 'Nosfy' from project 'Nosfy')

Ld /tmp/nosfy-fin-ui-dd/Build/Products/Debug-iphonesimulator/Nosfy.app/Nosfy normal (in target 'Nosfy' from project 'Nosfy')
    cd /tmp/nosfy-fin-ui
    /Applications/Xcode.app/Contents/Developer/Toolchains/XcodeDefault.xctoolchain/usr/bin/clang -Xlinker -reproducible -target arm64-apple-ios26.0-simulator -isysroot /Applications/Xcode.app/Contents/Developer/Platforms/iPhoneSimulator.platform/Developer/SDKs/iPhoneSimulator26.5.sdk -O0 -L/tmp/nosfy-fin-ui-dd/Build/Products/Debug-iphonesimulator -F/tmp/nosfy-fin-ui-dd/Build/Products/Debug-iphonesimulator -Xlinker -rpath -Xlinker @executable_path -Xlinker -rpath -Xlinker @executable_path/Frameworks -rdynamic -Xlinker -no_deduplicate -Xlinker -objc_abi_version -Xlinker 2 -e ___debug_blank_executor_main -Xlinker -sectcreate -Xlinker __TEXT -Xlinker __debug_dylib -Xlinker /tmp/nosfy-fin-ui-dd/Build/Intermediates.noindex/Nosfy.build/Debug-iphonesimulator/Nosfy.build/Nosfy-DebugDylibPath-normal-arm64.txt -Xlinker -sectcreate -Xlinker __TEXT -Xlinker __debug_instlnm -Xlinker /tmp/nosfy-fin-ui-dd/Build/Intermediates.noindex/Nosfy.build/Debug-iphonesimulator/Nosfy.build/Nosfy-DebugDylibInstallName-normal-arm64.txt -Xlinker -filelist -Xlinker /tmp/nosfy-fin-ui-dd/Build/Intermediates.noindex/Nosfy.build/Debug-iphonesimulator/Nosfy.build/Nosfy-ExecutorLinkFileList-normal-arm64.txt /tmp/nosfy-fin-ui-dd/Build/Products/Debug-iphonesimulator/Nosfy.app/Nosfy.debug.dylib -o /tmp/nosfy-fin-ui-dd/Build/Products/Debug-iphonesimulator/Nosfy.app/Nosfy

ExtractAppIntentsMetadata (in target 'Nosfy' from project 'Nosfy')
    cd /tmp/nosfy-fin-ui
    /Applications/Xcode.app/Contents/Developer/Toolchains/XcodeDefault.xctoolchain/usr/bin/appintentsmetadataprocessor --toolchain-dir /var/run/com.apple.security.cryptexd/mnt/com.apple.MobileAsset.MetalToolchain-v17.6.42.0.BA5Ggr/Metal.xctoolchain --module-name Woop --sdk-root /Applications/Xcode.app/Contents/Developer/Platforms/iPhoneSimulator.platform/Developer/SDKs/iPhoneSimulator26.5.sdk --xcode-version 17F42 --platform-family iOS --deployment-target 26.0 --bundle-identifier fr.kathryn.woop --output /tmp/nosfy-fin-ui-dd/Build/Products/Debug-iphonesimulator/Nosfy.app --target-triple arm64-apple-ios26.0-simulator --binary-file /tmp/nosfy-fin-ui-dd/Build/Products/Debug-iphonesimulator/Nosfy.app/Nosfy --dependency-file /tmp/nosfy-fin-ui-dd/Build/Intermediates.noindex/Nosfy.build/Debug-iphonesimulator/Nosfy.build/Objects-normal/arm64/Nosfy_dependency_info.dat --stringsdata-file /tmp/nosfy-fin-ui-dd/Build/Intermediates.noindex/Nosfy.build/Debug-iphonesimulator/Nosfy.build/Objects-normal/arm64/ExtractedAppShortcutsMetadata.stringsdata --source-file-list /tmp/nosfy-fin-ui-dd/Build/Intermediates.noindex/Nosfy.build/Debug-iphonesimulator/Nosfy.build/Objects-normal/arm64/Nosfy.SwiftFileList --metadata-file-list /tmp/nosfy-fin-ui-dd/Build/Intermediates.noindex/Nosfy.build/Debug-iphonesimulator/Nosfy.build/Nosfy.DependencyMetadataFileList --static-metadata-file-list /tmp/nosfy-fin-ui-dd/Build/Intermediates.noindex/Nosfy.build/Debug-iphonesimulator/Nosfy.build/Nosfy.DependencyStaticMetadataFileList --swift-const-vals-list /tmp/nosfy-fin-ui-dd/Build/Intermediates.noindex/Nosfy.build/Debug-iphonesimulator/Nosfy.build/Objects-normal/arm64/Nosfy.SwiftConstValuesFileList --compile-time-extraction --deployment-aware-processing --validate-assistant-intents --no-app-shortcuts-localization
2026-09-19 08:48:46.589 appintentsmetadataprocessor[71265:19831075] Starting appintentsmetadataprocessor export
2026-09-19 08:48:46.649 appintentsmetadataprocessor[71265:19831075] Extracted no relevant App Intents symbols, skipping writing output

ProcessInfoPlistFile /tmp/nosfy-fin-ui-dd/Build/Products/Debug-iphonesimulator/Nosfy.app/Info.plist /tmp/nosfy-fin-ui/Nosfy/Info.plist (in target 'Nosfy' from project 'Nosfy')
    cd /tmp/nosfy-fin-ui
    builtin-infoPlistUtility /tmp/nosfy-fin-ui/Nosfy/Info.plist -producttype com.apple.product-type.application -genpkginfo /tmp/nosfy-fin-ui-dd/Build/Products/Debug-iphonesimulator/Nosfy.app/PkgInfo -expandbuildsettings -format binary -platform iphonesimulator -additionalcontentfile /tmp/nosfy-fin-ui-dd/Build/Intermediates.noindex/Nosfy.build/Debug-iphonesimulator/Nosfy.build/assetcatalog_generated_info.plist -scanforprivacyfile /tmp/nosfy-fin-ui-dd/Build/Products/Debug-iphonesimulator/Nosfy.app/PlugIns/NosfyWidgets.appex -o /tmp/nosfy-fin-ui-dd/Build/Products/Debug-iphonesimulator/Nosfy.app/Info.plist

CopySwiftLibs /tmp/nosfy-fin-ui-dd/Build/Products/Debug-iphonesimulator/Nosfy.app (in target 'Nosfy' from project 'Nosfy')
    cd /tmp/nosfy-fin-ui
    builtin-swiftStdLibTool --copy --verbose --scan-executable /tmp/nosfy-fin-ui-dd/Build/Products/Debug-iphonesimulator/Nosfy.app/Nosfy.debug.dylib --scan-folder /tmp/nosfy-fin-ui-dd/Build/Products/Debug-iphonesimulator/Nosfy.app/Frameworks --scan-folder /tmp/nosfy-fin-ui-dd/Build/Products/Debug-iphonesimulator/Nosfy.app/PlugIns --scan-folder /tmp/nosfy-fin-ui-dd/Build/Products/Debug-iphonesimulator/Nosfy.app/SystemExtensions --scan-folder /tmp/nosfy-fin-ui-dd/Build/Products/Debug-iphonesimulator/Nosfy.app/Extensions --platform iphonesimulator --toolchain /var/run/com.apple.security.cryptexd/mnt/com.apple.MobileAsset.MetalToolchain-v17.6.42.0.BA5Ggr/Metal.xctoolchain --toolchain /Applications/Xcode.app/Contents/Developer/Toolchains/XcodeDefault.xctoolchain --destination /tmp/nosfy-fin-ui-dd/Build/Products/Debug-iphonesimulator/Nosfy.app/Frameworks --strip-bitcode --strip-bitcode-tool /Applications/Xcode.app/Contents/Developer/Toolchains/XcodeDefault.xctoolchain/usr/bin/bitcode_strip --emit-dependency-info /tmp/nosfy-fin-ui-dd/Build/Intermediates.noindex/Nosfy.build/Debug-iphonesimulator/Nosfy.build/SwiftStdLibToolInputDependencies.dep --filter-for-swift-os
Ignoring --strip-bitcode because --sign was not passed

ProcessInfoPlistFile /tmp/nosfy-fin-ui-dd/Build/Products/Debug-iphonesimulator/NosfyUITests-Runner.app/PlugIns/NosfyUITests.xctest/Info.plist /tmp/nosfy-fin-ui-dd/Build/Intermediates.noindex/Nosfy.build/Debug-iphonesimulator/NosfyUITests.build/empty-NosfyUITests.plist (in target 'NosfyUITests' from project 'Nosfy')
    cd /tmp/nosfy-fin-ui
    builtin-infoPlistUtility /tmp/nosfy-fin-ui-dd/Build/Intermediates.noindex/Nosfy.build/Debug-iphonesimulator/NosfyUITests.build/empty-NosfyUITests.plist -producttype com.apple.product-type.bundle.ui-testing -expandbuildsettings -format binary -platform iphonesimulator -additionalcontentfile /tmp/nosfy-fin-ui-dd/Build/Intermediates.noindex/Nosfy.build/Debug-iphonesimulator/NosfyUITests.build/ProductTypeInfoPlistAdditions.plist -o /tmp/nosfy-fin-ui-dd/Build/Products/Debug-iphonesimulator/NosfyUITests-Runner.app/PlugIns/NosfyUITests.xctest/Info.plist

CopySwiftLibs /tmp/nosfy-fin-ui-dd/Build/Products/Debug-iphonesimulator/NosfyUITests-Runner.app/PlugIns/NosfyUITests.xctest (in target 'NosfyUITests' from project 'Nosfy')
    cd /tmp/nosfy-fin-ui
    builtin-swiftStdLibTool --copy --verbose --scan-executable /tmp/nosfy-fin-ui-dd/Build/Products/Debug-iphonesimulator/NosfyUITests-Runner.app/PlugIns/NosfyUITests.xctest/NosfyUITests --scan-folder /tmp/nosfy-fin-ui-dd/Build/Products/Debug-iphonesimulator/NosfyUITests-Runner.app/PlugIns/NosfyUITests.xctest/Frameworks --scan-folder /tmp/nosfy-fin-ui-dd/Build/Products/Debug-iphonesimulator/NosfyUITests-Runner.app/PlugIns/NosfyUITests.xctest/PlugIns --scan-folder /tmp/nosfy-fin-ui-dd/Build/Products/Debug-iphonesimulator/NosfyUITests-Runner.app/PlugIns/NosfyUITests.xctest/SystemExtensions --scan-folder /tmp/nosfy-fin-ui-dd/Build/Products/Debug-iphonesimulator/NosfyUITests-Runner.app/PlugIns/NosfyUITests.xctest/Extensions --platform iphonesimulator --toolchain /var/run/com.apple.security.cryptexd/mnt/com.apple.MobileAsset.MetalToolchain-v17.6.42.0.BA5Ggr/Metal.xctoolchain --toolchain /Applications/Xcode.app/Contents/Developer/Toolchains/XcodeDefault.xctoolchain --destination /tmp/nosfy-fin-ui-dd/Build/Products/Debug-iphonesimulator/NosfyUITests-Runner.app/PlugIns/NosfyUITests.xctest/Frameworks --strip-bitcode --scan-executable /Applications/Xcode.app/Contents/Developer/Platforms/iPhoneSimulator.platform/Developer/usr/lib/libXCTestSwiftSupport.dylib --strip-bitcode-tool /Applications/Xcode.app/Contents/Developer/Toolchains/XcodeDefault.xctoolchain/usr/bin/bitcode_strip --emit-dependency-info /tmp/nosfy-fin-ui-dd/Build/Intermediates.noindex/Nosfy.build/Debug-iphonesimulator/NosfyUITests.build/SwiftStdLibToolInputDependencies.dep --filter-for-swift-os
Ignoring --strip-bitcode because --sign was not passed

2026-09-19 08:49:22.303687+0200 NosfyUITests-Runner[71643:19834201] [Default] Running tests...
2026-09-19 08:49:22.359183+0200 NosfyUITests-Runner[71643:19834384] [General] Failed to send CA Event for app launch measurements for ca_event_type: 0 event_name: com.apple.app_launch_measurement.FirstFramePresentationMetric
2026-09-19 08:49:22.401982+0200 NosfyUITests-Runner[71643:19834385] [General] Failed to send CA Event for app launch measurements for ca_event_type: 1 event_name: com.apple.app_launch_measurement.ExtendedLaunchMetrics
objc[71643]: Class UIAccessibilityLoaderWebShared is implemented in both /Library/Developer/CoreSimulator/Volumes/iOS_23F77/Library/Developer/CoreSimulator/Profiles/Runtimes/iOS 26.5.simruntime/Contents/Resources/RuntimeRoot/System/Library/AccessibilityBundles/WebCore.axbundle/WebCore (0x108e8c310) and /Library/Developer/CoreSimulator/Volumes/iOS_23F77/Library/Developer/CoreSimulator/Profiles/Runtimes/iOS 26.5.simruntime/Contents/Resources/RuntimeRoot/System/Library/AccessibilityBundles/WebKit.axbundle/WebKit (0x107764398). This may cause spurious casting failures and mysterious crashes. One of the duplicates must be removed or renamed.
    t =      nans Interface orientation changed to Portrait
Test Suite 'All tests' started at 2026-09-19 08:49:30.958.
Test Suite 'NosfyUITests.xctest' started at 2026-09-19 08:49:30.958.
Test Suite 'FinSeanceUITests' started at 2026-09-19 08:49:30.959.
Test Case '-[NosfyUITests.FinSeanceUITests testPremiereSeance]' started.
    t =     0.00s Start Test at 2026-09-19 08:49:30.960
    t =     0.31s Set Up
    t =     0.35s Open fr.kathryn.woop
    t =     0.35s     Launch fr.kathryn.woop
2026-09-19 08:49:31.726 xcodebuild[70647:19821428] [MT] IDELaunchParametersSnapshot: The operation couldn’t be completed. (DebuggerLLDB.DebuggerVersionStore.StoreError error 0.)
2026-09-19 08:49:31.726 xcodebuild[70647:19821428] [MT] IDELaunchParametersSnapshot: no debugger version
    t =     6.98s         Setting up automation session
    t =     8.69s         Wait for fr.kathryn.woop to idle
    t =    11.95s Waiting 40.0s for "qa.fin" Button to exist
    t =    13.03s     Checking `Expect predicate `existsNoRetry == 1` for object "qa.fin" Button`
    t =    13.04s         Checking existence of `"qa.fin" Button`
    t =    23.32s Tap "qa.fin" Button
    t =    23.33s     Wait for fr.kathryn.woop to idle
    t =    23.33s     Find the "qa.fin" Button
    t =    23.47s     Check for interrupting elements affecting "qa.fin" Button
    t =    23.53s     Synthesize event
    t =    23.95s     Wait for fr.kathryn.woop to idle
    t =    34.57s Tap Target Application 'fr.kathryn.woop'[0.85, 0.09]
    t =    34.57s     Wait for fr.kathryn.woop to idle
    t =    34.58s     Find the Target Application 'fr.kathryn.woop'
    t =    34.64s     Check for interrupting elements affecting "Nosfy" Application
    t =    34.70s     Synthesize event
    t =    34.70s         Find the Target Application 'fr.kathryn.woop'
    t =    34.74s         Find the Target Application 'fr.kathryn.woop'
    t =    34.79s         Find the Target Application 'fr.kathryn.woop'
    t =    35.11s     Wait for fr.kathryn.woop to idle
    t =    35.43s Tap Target Application 'fr.kathryn.woop'[0.85, 0.09]
    t =    35.43s     Wait for fr.kathryn.woop to idle
    t =    35.43s     Find the Target Application 'fr.kathryn.woop'
    t =    35.48s     Check for interrupting elements affecting "Nosfy" Application
    t =    35.53s     Synthesize event
    t =    35.54s         Find the Target Application 'fr.kathryn.woop'
    t =    35.59s         Find the Target Application 'fr.kathryn.woop'
    t =    35.64s         Find the Target Application 'fr.kathryn.woop'
    t =    35.97s     Wait for fr.kathryn.woop to idle
    t =    36.29s Tap Target Application 'fr.kathryn.woop'[0.85, 0.09]
    t =    36.29s     Wait for fr.kathryn.woop to idle
    t =    36.30s     Find the Target Application 'fr.kathryn.woop'
    t =    36.43s     Check for interrupting elements affecting "Nosfy" Application
    t =    36.50s     Synthesize event
    t =    36.50s         Find the Target Application 'fr.kathryn.woop'
    t =    36.56s         Find the Target Application 'fr.kathryn.woop'
    t =    36.65s         Find the Target Application 'fr.kathryn.woop'
    t =    37.01s     Wait for fr.kathryn.woop to idle
    t =    37.32s Waiting 8.0s for "story.recompenses" StaticText to exist
    t =    38.35s     Checking `Expect predicate `existsNoRetry == 1` for object "story.recompenses" StaticText`
    t =    38.36s         Checking existence of `"story.recompenses" StaticText`
    t =    38.41s         Capturing element debug description
    t =    39.34s     Checking `Expect predicate `existsNoRetry == 1` for object "story.recompenses" StaticText`
    t =    39.34s         Checking existence of `"story.recompenses" StaticText`
    t =    39.39s         Capturing element debug description
    t =    40.42s     Checking `Expect predicate `existsNoRetry == 1` for object "story.recompenses" StaticText`
    t =    40.42s         Checking existence of `"story.recompenses" StaticText`
    t =    40.48s         Capturing element debug description
    t =    41.40s     Checking `Expect predicate `existsNoRetry == 1` for object "story.recompenses" StaticText`
    t =    41.40s         Checking existence of `"story.recompenses" StaticText`
    t =    41.47s         Capturing element debug description
    t =    42.44s     Checking `Expect predicate `existsNoRetry == 1` for object "story.recompenses" StaticText`
    t =    42.44s         Checking existence of `"story.recompenses" StaticText`
    t =    42.50s         Capturing element debug description
    t =    43.33s     Checking `Expect predicate `existsNoRetry == 1` for object "story.recompenses" StaticText`
    t =    43.33s         Checking existence of `"story.recompenses" StaticText`
    t =    43.39s         Capturing element debug description
    t =    44.42s     Checking `Expect predicate `existsNoRetry == 1` for object "story.recompenses" StaticText`
    t =    44.42s         Checking existence of `"story.recompenses" StaticText`
    t =    44.48s         Capturing element debug description
    t =    45.33s     Checking `Expect predicate `existsNoRetry == 1` for object "story.recompenses" StaticText`
    t =    45.33s         Checking existence of `"story.recompenses" StaticText`
    t =    45.64s         Capturing element debug description
    t =    45.64s     Checking existence of `"story.recompenses" StaticText`
    t =    46.68s Collecting debug information to assist test failure triage
    t =    46.68s     Requesting snapshot of accessibility hierarchy for app with pid 71743
/tmp/nosfy-fin-ui/NosfyUITests/FinSeanceUITests.swift:18: error: -[NosfyUITests.FinSeanceUITests testPremiereSeance] : XCTAssertTrue failed
    t =    47.35s Tear Down
Test Case '-[NosfyUITests.FinSeanceUITests testPremiereSeance]' failed (47.738 seconds).
Test Case '-[NosfyUITests.FinSeanceUITests testSeptiemeReduceMotion]' started.
    t =     0.00s Start Test at 2026-09-19 08:50:18.699
    t =     0.03s Set Up
    t =     0.03s Open fr.kathryn.woop
    t =     0.03s     Launch fr.kathryn.woop
    t =     0.04s         Terminate fr.kathryn.woop:71743
2026-09-19 08:50:19.750 xcodebuild[70647:19821428] [MT] IDELaunchParametersSnapshot: The operation couldn’t be completed. (DebuggerLLDB.DebuggerVersionStore.StoreError error 0.)
2026-09-19 08:50:19.750 xcodebuild[70647:19821428] [MT] IDELaunchParametersSnapshot: no debugger version
    t =     1.47s         Setting up automation session
    t =     2.93s         Wait for fr.kathryn.woop to idle
    t =     6.03s Waiting 40.0s for "qa.fin" Button to exist
    t =     7.05s     Checking `Expect predicate `existsNoRetry == 1` for object "qa.fin" Button`
    t =     7.05s         Checking existence of `"qa.fin" Button`
    t =    17.22s Tap "qa.fin" Button
    t =    17.22s     Wait for fr.kathryn.woop to idle
    t =    17.22s     Find the "qa.fin" Button
    t =    17.26s     Check for interrupting elements affecting "qa.fin" Button
    t =    17.31s     Synthesize event
    t =    17.64s     Wait for fr.kathryn.woop to idle
    t =    27.12s Tap Target Application 'fr.kathryn.woop'[0.85, 0.09]
    t =    27.14s     Wait for fr.kathryn.woop to idle
    t =    27.15s     Find the Target Application 'fr.kathryn.woop'
    t =    27.20s     Check for interrupting elements affecting "Nosfy" Application
    t =    27.25s     Synthesize event
    t =    27.25s         Find the Target Application 'fr.kathryn.woop'
    t =    27.29s         Find the Target Application 'fr.kathryn.woop'
    t =    27.45s         Find the Target Application 'fr.kathryn.woop'
    t =    27.78s     Wait for fr.kathryn.woop to idle
    t =    28.09s Tap Target Application 'fr.kathryn.woop'[0.85, 0.09]
    t =    28.09s     Wait for fr.kathryn.woop to idle
    t =    28.10s     Find the Target Application 'fr.kathryn.woop'
    t =    28.14s     Check for interrupting elements affecting "Nosfy" Application
    t =    28.19s     Synthesize event
    t =    28.20s         Find the Target Application 'fr.kathryn.woop'
    t =    28.24s         Find the Target Application 'fr.kathryn.woop'
    t =    28.29s         Find the Target Application 'fr.kathryn.woop'
    t =    28.63s     Wait for fr.kathryn.woop to idle
    t =    28.94s Tap Target Application 'fr.kathryn.woop'[0.85, 0.09]
    t =    28.95s     Wait for fr.kathryn.woop to idle
    t =    28.95s     Find the Target Application 'fr.kathryn.woop'
    t =    29.02s     Check for interrupting elements affecting "Nosfy" Application
    t =    29.08s     Synthesize event
    t =    29.10s         Find the Target Application 'fr.kathryn.woop'
    t =    29.14s         Find the Target Application 'fr.kathryn.woop'
    t =    29.21s         Find the Target Application 'fr.kathryn.woop'
    t =    29.55s     Wait for fr.kathryn.woop to idle
    t =    29.86s Waiting 8.0s for "story.recompenses" StaticText to exist
    t =    30.88s     Checking `Expect predicate `existsNoRetry == 1` for object "story.recompenses" StaticText`
    t =    30.88s         Checking existence of `"story.recompenses" StaticText`
    t =    30.96s         Capturing element debug description
    t =    31.89s     Checking `Expect predicate `existsNoRetry == 1` for object "story.recompenses" StaticText`
    t =    31.89s         Checking existence of `"story.recompenses" StaticText`
    t =    32.04s         Capturing element debug description
    t =    32.87s     Checking `Expect predicate `existsNoRetry == 1` for object "story.recompenses" StaticText`
    t =    32.87s         Checking existence of `"story.recompenses" StaticText`
    t =    32.94s         Capturing element debug description
    t =    33.87s     Checking `Expect predicate `existsNoRetry == 1` for object "story.recompenses" StaticText`
    t =    33.88s         Checking existence of `"story.recompenses" StaticText`
    t =    33.94s         Capturing element debug description
    t =    34.87s     Checking `Expect predicate `existsNoRetry == 1` for object "story.recompenses" StaticText`
    t =    34.87s         Checking existence of `"story.recompenses" StaticText`
    t =    34.92s         Capturing element debug description
    t =    35.95s     Checking `Expect predicate `existsNoRetry == 1` for object "story.recompenses" StaticText`
    t =    35.95s         Checking existence of `"story.recompenses" StaticText`
    t =    36.03s         Capturing element debug description
    t =    36.87s     Checking `Expect predicate `existsNoRetry == 1` for object "story.recompenses" StaticText`
    t =    36.87s         Checking existence of `"story.recompenses" StaticText`
    t =    36.95s         Capturing element debug description
    t =    37.89s     Checking `Expect predicate `existsNoRetry == 1` for object "story.recompenses" StaticText`
    t =    37.93s         Checking existence of `"story.recompenses" StaticText`
    t =    38.14s         Capturing element debug description
    t =    38.14s     Checking existence of `"story.recompenses" StaticText`
    t =    39.10s Collecting debug information to assist test failure triage
    t =    39.10s     Requesting snapshot of accessibility hierarchy for app with pid 71877
/tmp/nosfy-fin-ui/NosfyUITests/FinSeanceUITests.swift:18: error: -[NosfyUITests.FinSeanceUITests testSeptiemeReduceMotion] : XCTAssertTrue failed
    t =    39.30s Tear Down
Test Case '-[NosfyUITests.FinSeanceUITests testSeptiemeReduceMotion]' failed (39.708 seconds).
Test Suite 'FinSeanceUITests' failed at 2026-09-19 08:50:58.406.
	 Executed 2 tests, with 2 failures (0 unexpected) in 87.446 (87.448) seconds
Test Suite 'NosfyUITests.xctest' failed at 2026-09-19 08:50:58.407.
	 Executed 2 tests, with 2 failures (0 unexpected) in 87.446 (87.449) seconds
Test Suite 'All tests' failed at 2026-09-19 08:50:58.408.
	 Executed 2 tests, with 2 failures (0 unexpected) in 87.446 (87.450) seconds
2026-09-19 08:51:22.626 xcodebuild[70647:19821428] [MT] IDETestOperationsObserverDebug: 155.073 elapsed -- Testing started completed.
2026-09-19 08:51:22.627 xcodebuild[70647:19821428] [MT] IDETestOperationsObserverDebug: 0.000 sec, +0.000 sec -- start
2026-09-19 08:51:22.627 xcodebuild[70647:19821428] [MT] IDETestOperationsObserverDebug: 155.073 sec, +155.073 sec -- end

Test session results, code coverage, and logs:
	/tmp/nosfy-fin-ui-result5

Failing tests:
	FinSeanceUITests.testPremiereSeance()
	FinSeanceUITests.testSeptiemeReduceMotion()

** TEST FAILED **

Testing started
                                                                                                                                                                                                                                                                                                                                                                                                                                                                                                                                                                                                                                                                                                                                                                                                                                                                                                                                                                                                                                                                                                                                                                                                                                                                                                                                                                                                                                                                                                                                                                                                                                                                                                                                                                                                                                                                                                                                                                                                                                                                                                                                                                                                                                                                                                                                                                                                                                                                                                                                                                                                                                                                                                                                                                                                                                                                                                                                                                                                                                                                                                                                                                                                                                                                                                                                                                                                                                                                                                                                                                                                                                                                                                                                                                                                                                                                                                                                                                                                                                                                                                                                                                                                                                                                                                                                                                                                                                                                                                                                                                                                                                                                                                                                                                                                                                                                                                                                                                                                                                                                                                                                                                                                                                                                                                                                                                                                                                                                                                                                                                                                                                                                                                                                                                                                                                                                                                                                                                                                                                                                                                                                                                                                                                                                                                                                                                                                                                                                                                                                                                                                                                                                                                                                                                                                                                                                                                                                                                                                                                                                                                                                                                                                                                                                                                                                                                                                                                                                                                                                                                                                                                                                                                                                                                                                                                                                                                                                                                                                                                                                                                                                                                                                                                                                                                                                                                                                                                                                                                                                                                                                                                                                                                                                                                                                                                                                                                                                                                                                                                                                                                                                                                                                                                                                                                                                                                                                                                                                                                                                                                                                                                                                                                                                                                                                                                                                                                                                                                                                                                                                                                                                                                                                                                                                                                                                                                                                                                                                                                                                                                                                                                                                                                                                                                                                                                                                                                                                                                                                                                                                                                                                                                                                                                                                                                                                                                                                                                                                                                                                                                                                                                                                                                                                                                                                                                                                                                                                                                                                                                                                                                                                                                                                                                                                                                                                                                                                                                                                                                                                                                                                                                                                                                                                                                                                                                                                                                                                                                                                                                                                                                                                                                                                                                                                                                                                                                                                                                                                                                                                                                                                                                                                                                                                                                                                                                                                                                                                                                                                                                                                                                                                                                                                                                                                                                                                                                                                                                                                                                                                                                                                                                                                                                                                                                                                                                                                                                                                                                                                                                                                                                                                                                                                                                                                                                                                                                                                                                                                                                                                                                                                                                                                                                                                                                                                                                                                                                                                                                                                                                                                                                                                                                                                                                                                                                                                                                                                                                                                                                                                                                                                                                                                                                                                                                                                                                                                                                                                                                                                                                                                                                                                                                                                                                                                                                                                                                                                                                                                                                                                                                                                                                                                                                                                                                                                                                                                                                                                                                                                                                                                                                                                                                                                                                                                                                                                                                                                                                                                                                                                                                                                                                                                                                                                                                                                                                                                                                                                                                                                                                                                                                                                                                                                                                                                                                                                                                                                                                                                                                                                                                                                                                                                                                                                                                                                                                                                                                                                                                                                                                                                                                                                                                                                                                                                                                                                                                                                                                                                                                                                                                                                                                                                                                                                                                                                                                                                                                                                                                                                                                                                                                                                                                                                                                                                                                                                                                                                                                                                                                                                                                                                                                                                                                                                                                                                                                                                                                                                                                                                                                                                                                                                                                                                                                                                                                                                                                                                                                                                                                                                                                                                                                                                                                                                                                                                                                                                                                                                                                                                                                                                                                                                                                                                                                                                                                                                                                                                                                                                                                                                                                                                                                                                                                                                                                                                                                                                                                                                                                                                                                                                                                                                                                                                                                                                                                                                                                                                                                                                                                                                                                                                                                                                                                                                                                                                                                                                                                                                                                                                                                                                                                                                                                                                                                                                                                                                                                                                                                                                                                                                                                                                                                                                                                                                                                                                                                                                                                                                                                                                                                                                                                                                                                                                                                                                                                                                                                                                                                                                                                                                                                                                                                                                                                                                                                                                                                                                                                                                                                                                                                                                                                                                                                                                                                                                                                                                                                                                                                                                                                                                                                                                                                                                                                                                                                                                                                                                                                                                                                                                                                                                                                                                                                                                                                                                                                                                                                                                                                                                                                                                                                                                                                                                                                                                                                                                                                                                                                                                                                                                                                                                                                                                                                                                                                                                                                                                                                                                                                                                                                                                                                                                                                                                                                                                                                                                                                                                                                                                                                                                                                                                                                                                                                                                                                                                                                                                                                                                                                                                                                                                                                                                                                                                                                                                                                                                                                                                                                                                                                                                                                                                                                                                                                                                                                                                                                                                                                                                                                                                                                                                                                                                                                                                                                                                                                                                                                                                                                                                                                                                                                                                                                                                                                                                                                                                                                                                                                                                                                                                                                                                                                                                                                                                                                                                                                                                                                                                                                                                                                                                                                                                                                                                                                                                                                                                                                                                                                                                                                                                                                                                                                                                                                                                                                                                                                                                                                                                                                                                                                                                                                                                                                                                                                                                                                                                                                                                                                                                                                                                                                                                                                                                                                                                                                                                                                                                                                                                                                                                                                                                                                                                                                                                                                                                                                                                                                                                                                                                                                                                                                                                                                                                                                                                                                                                                                                                                                                                                                                                                                                                                                                                                                                                                                                                                                                                                                                                                                                                                                                                                                                                                                                                                                                                                                                                                                                                                                                                                                                                                                                                                                                                                                                                                                                                                                                                                                                                                                                                                                                                                                                                                                                                                                                                                                                                                                                                                                                                                                                                                                                                                                                                                                                                                                                                                                                                                                                                                                                                                                                                                                                                                                                                                                                                                                                                                                                                                                                                                                                                                                                                                                                                                                                                                                                                                                                                                                                                                                                                                                                                                                                                                                                                                                                                                                                                                                                                                                                                                                                                                                                                                                                                                                                                                                                                                                                                                                                                                                                                                                                                                                                                                                                                                                                                                                                                                                                                                                                                                                                                                                                                                                                                                                                                                                                                                                                                                                                                                                                                                                                                                                                                                                                                                                                                                                                                                                                                                                                                                                                                                                                                                                                                                                                                                                                                                                                                                                                                                                                                                                                                                                                                                                                                                                                                                                                                                                                                                                                                                                                                                                                                                                                                                                                                                                                                                                                                                                                                                                                                                                                                                                                                                                                                                                                                                                                                                                                                                                                                                                                                                                                                                                                                                                                                                                                                                                                                                                                                                                                                                                                                                                                                                                                                                                                                                                                                                                                                                                                                                                                                                                                                                                                                                                                                                                                                                                                                                                                                                                                                                                                                                                                                                                                                                                                                                                                                                                                                                                                                                                                                                                                                                                                                                                                                                                                                                                                                                                                                                                                                                                                                                                                                                                                                                                                                                                                                                                                                                                                                                                                                                                                                                                                                                                                                                                                                                                                                                                                                                                                                                                                                                                                                                                                                                                                                                                                                                                                                                                                                                                                                                                                                                                                                                                                                                                                                                                                                                                                                                                                                                                                                                                                                                                                                                                                                                                                                                                                                                                                                                                                                                                                                                                                                                                                                                                                                                                                                                                                                                                                                                                                                                                                                                                                                                                                                                                                                                                                                                                                                                                                                                                                                                                                                                                                                                                                                                                                                                                                                                                                                                                                                                                                                                                                                                                                                                                                                                                                                                                                                                                                                                                                                                                                                                                                                                                                                                                                                                                                                                                                                                                                                                                                                                                                                                                                                                                                                                                                                                                                                                                                                                                                                                                                                                                                                                                                                                                                                                                                                                                                                                                                                                                                                                                                                                                                                                                                                                                                                                                                                                                                                                                                                                                                                                                                                                                                                                                                                                                                                                                                                                                                                                                                                                                                                                                                                                                                                                                                                                                                                                                                                                                                                                                                                                                                                                                                                                                                                                                                                                                                                                                                                                                                                                                                                                                                                                                                                                                                                                                                                                                                                                                                                                                                                                                                                                                                                                                                                                                                                                                                                                                                                                                                                                                                                                                                                                                                                                                                                                                                                                                                                                                                                                                                                                                                                                                                                                                                                                                                                                                                                                                                                                                                                                                                                                                                                                                                                                                                                                                                                                                                                                                                                                                                                                                                                                                                                                                                                                                                                                                                                                                                                                                                                                                                                                                                                                                                                                                                                                                                                                                                                                                                                                                                                                                                                                                                                                                                                                                                                                                                                                                                                                                                                                                                                                                                                                                                                                                                                                                                                                                                                                                                                                                                                                                                                                                                                                                                                                                                                                                                                                                                                                                                                                                                                                                                                                                                                                                                                                                                                                                                                                                                                                                                                                                                                                                                                                                                                                                                                                                                                                                                                                                                                                                                                                                                                                                                                                                                                                                                                                                                                                                                                                                                                                                                                                                                                                                                                                                                                                                                                                                                                                                                                                                                                                                                                                                                                                                                                                                                                                                                                                                                                                                                                                                                                                                                                                                                                                                                                                                                                                                                                                                                                                                                                                                                                                                                                                                                                                                                                                                                                                                                                                                                                                                                                                                                                                                                                                                                                                                                                                                                                                                                                                                                                                                                                                                                                                                                                                                                                                                                                                                                                                                                                                                                                                                                                                                                                                                                                                                                                                                                                                                                                                                                                                                                                                                                                                                                                                                                                                                                                                                                                                                                                                                                                                                                                                                                                                                                                                                                                                                                                                                                                                                                                                                                                                                                                                                                                                                                                                                                                                                                                                                                                                                                                                                                                                                                                                                                                                                                                                                                                                                                                                                                                                                                                                                                                                                                                                                                                                                                                                                                                                                                                                                                                                                                                                                                                                                                                                                                                                                                                                                                                                                                                                                                                                                                                                                                                                                                                                                                                                                                                                                                                                                                                                                                                                                                                                                                                                                                                                                                                                                                                                                                                                                                                                                                                                                                                                                                                                                                                                                                                                                                                                                                                                                                                                                                                                                                                                                                                                                                                                                                                                                                                                                                                                                                                                                                                                                                                                                                                                                                                                                                                                                                                                                                                                                                                                                                                                                                                                                                                                                                                                                                                                                                                                                                                                                                                                                                                                                                                                                                                                                                                                                                                                                                                                                                                                                                                                                                                                                                                                                                                                                                                                                                                                                                                                                                                                                                                                                                                                                                                                                                                                                                                                                                                                                                                                                                                                                                                                                                                                                                                                                                                                                                                                                                                                                                                                                                                                                                                                                                                                                                                                                                                                                                                                                                                                                                                                                                                                                                                                                                                                                                                                                                                                                                                                                                                                                                                                                                                                                                                                                                                                                                                                                                                                                                                                                                                                                                                                                                                                                                                                                                                                                                                                                                                                                                                                                                                                                                                                                                                                                                                                                                                                                                                                                                                                                                                                                                                                                                                                                                                                                                                                                                                                                                                                                                                                                                                                                                                                                                                                                                                                                                                                                                                                                                                                                                                                                                                                                                                                                                                                                                                                                                                                                                                                                                                                                                                                                                                                                                                                                                                                                                                                                                                                                                                                                                                                                                                                                                                                                                                                                                                                                                                                                                                                                                                                                                                                                                                                                                                                                                                                                                                                                                                                                                                                                                                                                                                                                                                                                                                                                                                                                                                                                                                                                                                                                                                                                                                                                                                                                                                                                                                                                                                                                                                                                                                                                                                                                                                                                                                                                                                                                                                                                                                                                                                                                                                                                                                                                                                                                                                                                                                                                                                                                                                                                                                                                                                                                                                                                                                                                                                                                                                                                                                                                                                                                                                                                                                                                                                                                                                                                                                                                                                                                                                                                                                                                                                                                                                                                                                                                                                                                                                                                                                                                                                                                                                                                                                                                                                                                                                                                                                                                                                                                                                                                                                                                                                                                                                                                                                                                                                                                                                                                                                                                                                                                                                                                                                                                                                                                                                                                                                                                                                                                                                                                                                                                                                                                                                                                                                                                                                                                                                                                                                                                                                                                                                                                                                                                                                                                                                                                                                                                                                                                                                                                                                                                                                                                                                                                                                                                                                                                                                                                                                                                                                                                                                                                                                                                                                                                                                                                                                                                                                                                                                                                                                                                                                                                                                                                                                                                                                                                                                                                                                                                                                                                                                                                                                                                                                                                                                                                                                                                                                                                                                                                                                                                                                                                                                                                                                                                                                                                                                                                                                                                                                                                                                                                                                                                                                                                                                                                                                                                                                                                                                                                                                                                                                                                                                                                                                                                                                                                                                                                                                                                                                                                                                                                                                                                                                                                                                                                                                                                                                                                                                                                                                                                                                                                                                                                                                                                                                                                                                                                                                                                                                                                                                                                                                                                                                                                                                                                                                                                                                                                                                                                                                                                                                                                                                                                                                                                                                                                                                                                                                                                                                                                                                                                                                                                                                                                                                                                                                                                                                                                                                                                                                                                                                                                                                                                                                                                                                                                                                                                                                                                                                                                                                                                                                                                                                                                                                                                                                                                                                                                                                                                                                                                                                                                                                                                                                                                                                                                                                                                                                                                                                                                                                                                                                                                                                                                                                                                                                                                                                                                                                                                                                                                                                                                                                                                                                                                                                                                                                                                                                                                                                                                                                                                                                                                                                                                                                                                                                                                                                                                                                                                                                                                                                                                                                                                                                                                                                                                                                                                                                                                                                                                                                                                                                                                                                                                                                                                                                                                                                                                                                                                                                                                                                                                                                                                                                                                                                                                                                                                                                                                                                                                                                                                                                                                                                                                                                                                                                                                                                                                                                                                                                                                                                                                                                                                                                                                                                                                                                                                                                                                                                                                                                                                                                                                                                                                                                                                                                                                                                                                                                                                                                                                                                                                                                                                                                                                                                                                                                                                                                                                                                                                                                                                                                                                                                                                                                                                                                                                                                                                                                                                                                                                                                                                                                                                                                                                                                                                                                                                                                                                                                                                                                                                                                                                                                                                                                                                                                                                                                                                                                                                                                                                                                                                                                                                                                                                                                                                                                                                                                                                                                                                                                                                                                                                                                                                                                                                                                                                                                                                                                                                                                                                                                                                                                                                                                                                                                                                                                                                                                                                                                                                                                                                                                                                                                                                                                                                                                                                                                                                                                                                                                                                                                                                                                                                                                                                                                                                                                                                                                                                                                                                                                                                                                                                                                                                                                                                                                                                                                                                                                                                                                                                                                                                                                                                                                                                                                                                                                                                                                                                                                                                                                                                                                                                                                                                                                                                                                                                                                                                                                                                                                                                                                                                                                                                                                                                                                                                                                                                                                                                                                                                                                                                                                                                                                                                                                                                                                                                                                                                                                                                                                                                                                                                                                                                                                                                                                                                                                                                                                                                                                                                                                                                                                                                                                                                                                                                                                                                                                                                                                                                                                                                                                                                                                                                                                                                                                                                                                                                                                                                                                                                                                                                                                                                                                                                                                                                                                                                                                                                                                                                                                                                                                                                                                                                                                                                                                                                                                                                                                                                                                                                                                                                                                                                                                                                                                                                                                                                                                                                                                                                                                                                                                                                                                                                                                                                                                                                                                                                                                                                                                                                                                                                                                                                                                                                                                                                                                                                                                                                                                                                                                                                                                                                                                                                                                                                                                                                                                                                                                                                                                                                                                                                                                                                                                                                                                                                                                                                                                                                                                                                                                                                                                                                                                                                                                                                                                                                                                                                                                                                                                                2026-09-19 08:47:47.871 xcodebuild[69046:19806557] [MT] IDETestOperationsObserverDebug: 184.181 elapsed -- Testing started completed.
2026-09-19 08:47:47.871 xcodebuild[69046:19806557] [MT] IDETestOperationsObserverDebug: 0.000 sec, +0.000 sec -- start
2026-09-19 08:47:47.871 xcodebuild[69046:19806557] [MT] IDETestOperationsObserverDebug: 184.181 sec, +184.181 sec -- end

Test session results, code coverage, and logs:
	/tmp/nosfy-fin-ui-result4

Failing tests:
	FinSeanceUITests.testPremiereSeance()
	FinSeanceUITests.testSeptiemeReduceMotion()

** TEST FAILED **

Testing started
