Command line invocation:
    /Applications/Xcode.app/Contents/Developer/usr/bin/xcodebuild -project Woop.xcodeproj -scheme Woop -configuration Release -destination generic/platform=iOS -derivedDataPath /private/tmp/woop-commit-review30-dd CODE_SIGNING_ALLOWED=NO build

Build settings from command line:
    CODE_SIGNING_ALLOWED = NO

2026-09-15 22:16:02.851 xcodebuild[68385:14873019] [MT] IDERunDestination: Supported platforms for the buildables in the current scheme is empty.
ComputePackagePrebuildTargetDependencyGraph

Prepare packages

CreateBuildRequest

SendProjectDescription

CreateBuildOperation

ComputeTargetDependencyGraph
note: Building targets in dependency order
note: Target dependency graph (2 targets)
    Target 'Woop' in project 'Woop'
        ➜ Explicit dependency on target 'WoopWidgets' in project 'Woop'
    Target 'WoopWidgets' in project 'Woop' (no dependencies)

GatherProvisioningInputs

CreateBuildDescription

ExecuteExternalTool /Applications/Xcode.app/Contents/Developer/Toolchains/XcodeDefault.xctoolchain/usr/bin/swiftc --version

ExecuteExternalTool /Applications/Xcode.app/Contents/Developer/Toolchains/XcodeDefault.xctoolchain/usr/bin/clang -v -E -dM -isysroot /Applications/Xcode.app/Contents/Developer/Platforms/iPhoneOS.platform/Developer/SDKs/iPhoneOS26.5.sdk -x c -c /dev/null

ExecuteExternalTool /Applications/Xcode.app/Contents/Developer/usr/bin/actool --print-asset-tag-combinations --output-format xml1 /tmp/woop-commit-review30/Woop/AppIcon.icon /tmp/woop-commit-review30/Woop/Assets.xcassets

ExecuteExternalTool /Applications/Xcode.app/Contents/Developer/Toolchains/XcodeDefault.xctoolchain/usr/bin/ld -version_details

ExecuteExternalTool /Applications/Xcode.app/Contents/Developer/usr/bin/actool --version --output-format xml1

Build description signature: fc913e57d4f7fc3dd7c40533f99cbe82
Build description path: /tmp/woop-commit-review30-dd/Build/Intermediates.noindex/XCBuildData/fc913e57d4f7fc3dd7c40533f99cbe82.xcbuilddata
ClangStatCache /Applications/Xcode.app/Contents/Developer/Toolchains/XcodeDefault.xctoolchain/usr/bin/clang-stat-cache /Applications/Xcode.app/Contents/Developer/Platforms/iPhoneOS.platform/Developer/SDKs/iPhoneOS26.5.sdk /tmp/woop-commit-review30-dd/SDKStatCaches.noindex/iphoneos26.5-23F73-688ef53f1462e2c8f657fdc38a81448f32daed1954a7d5dd0789fcaf2a9bb78b.sdkstatcache
    cd /tmp/woop-commit-review30/Woop.xcodeproj
    /Applications/Xcode.app/Contents/Developer/Toolchains/XcodeDefault.xctoolchain/usr/bin/clang-stat-cache /Applications/Xcode.app/Contents/Developer/Platforms/iPhoneOS.platform/Developer/SDKs/iPhoneOS26.5.sdk -o /tmp/woop-commit-review30-dd/SDKStatCaches.noindex/iphoneos26.5-23F73-688ef53f1462e2c8f657fdc38a81448f32daed1954a7d5dd0789fcaf2a9bb78b.sdkstatcache

CreateBuildDirectory /tmp/woop-commit-review30-dd/Build/Intermediates.noindex
    cd /tmp/woop-commit-review30/Woop.xcodeproj
    builtin-create-build-directory /tmp/woop-commit-review30-dd/Build/Intermediates.noindex

CreateBuildDirectory /tmp/woop-commit-review30-dd/Build/Products
    cd /tmp/woop-commit-review30/Woop.xcodeproj
    builtin-create-build-directory /tmp/woop-commit-review30-dd/Build/Products

CreateBuildDirectory /tmp/woop-commit-review30-dd/Build/Intermediates.noindex/SwiftExplicitPrecompiledModules
    cd /tmp/woop-commit-review30/Woop.xcodeproj
    builtin-create-build-directory /tmp/woop-commit-review30-dd/Build/Intermediates.noindex/SwiftExplicitPrecompiledModules

CreateBuildDirectory /tmp/woop-commit-review30-dd/Build/Intermediates.noindex/ExplicitPrecompiledModules
    cd /tmp/woop-commit-review30/Woop.xcodeproj
    builtin-create-build-directory /tmp/woop-commit-review30-dd/Build/Intermediates.noindex/ExplicitPrecompiledModules

CreateBuildDirectory /tmp/woop-commit-review30-dd/Build/Products/Release-iphoneos
    cd /tmp/woop-commit-review30/Woop.xcodeproj
    builtin-create-build-directory /tmp/woop-commit-review30-dd/Build/Products/Release-iphoneos

WriteAuxiliaryFile /tmp/woop-commit-review30-dd/Build/Intermediates.noindex/Woop.build/Release-iphoneos/Woop-9e0f0030f2e32aa9ae7b1264fa6f96ac-VFS-iphoneos/all-product-headers.yaml
    cd /tmp/woop-commit-review30/Woop.xcodeproj
    write-file /tmp/woop-commit-review30-dd/Build/Intermediates.noindex/Woop.build/Release-iphoneos/Woop-9e0f0030f2e32aa9ae7b1264fa6f96ac-VFS-iphoneos/all-product-headers.yaml

CreateBuildDirectory /tmp/woop-commit-review30-dd/Build/Intermediates.noindex/EagerLinkingTBDs/Release-iphoneos
    cd /tmp/woop-commit-review30/Woop.xcodeproj
    builtin-create-build-directory /tmp/woop-commit-review30-dd/Build/Intermediates.noindex/EagerLinkingTBDs/Release-iphoneos

WriteAuxiliaryFile /tmp/woop-commit-review30-dd/Build/Intermediates.noindex/Woop.build/Release-iphoneos/Woop.build/empty-Woop.plist (in target 'Woop' from project 'Woop')
    cd /tmp/woop-commit-review30
    write-file /tmp/woop-commit-review30-dd/Build/Intermediates.noindex/Woop.build/Release-iphoneos/Woop.build/empty-Woop.plist

WriteAuxiliaryFile /tmp/woop-commit-review30-dd/Build/Intermediates.noindex/Woop.build/Release-iphoneos/Woop.build/Woop-own-target-headers.hmap (in target 'Woop' from project 'Woop')
    cd /tmp/woop-commit-review30
    write-file /tmp/woop-commit-review30-dd/Build/Intermediates.noindex/Woop.build/Release-iphoneos/Woop.build/Woop-own-target-headers.hmap

WriteAuxiliaryFile /tmp/woop-commit-review30-dd/Build/Intermediates.noindex/Woop.build/Release-iphoneos/Woop.build/Woop.hmap (in target 'Woop' from project 'Woop')
    cd /tmp/woop-commit-review30
    write-file /tmp/woop-commit-review30-dd/Build/Intermediates.noindex/Woop.build/Release-iphoneos/Woop.build/Woop.hmap

WriteAuxiliaryFile /tmp/woop-commit-review30-dd/Build/Intermediates.noindex/Woop.build/Release-iphoneos/Woop.build/Woop-generated-files.hmap (in target 'Woop' from project 'Woop')
    cd /tmp/woop-commit-review30
    write-file /tmp/woop-commit-review30-dd/Build/Intermediates.noindex/Woop.build/Release-iphoneos/Woop.build/Woop-generated-files.hmap

WriteAuxiliaryFile /tmp/woop-commit-review30-dd/Build/Intermediates.noindex/Woop.build/Release-iphoneos/Woop.build/Woop-all-target-headers.hmap (in target 'Woop' from project 'Woop')
    cd /tmp/woop-commit-review30
    write-file /tmp/woop-commit-review30-dd/Build/Intermediates.noindex/Woop.build/Release-iphoneos/Woop.build/Woop-all-target-headers.hmap

WriteAuxiliaryFile /tmp/woop-commit-review30-dd/Build/Intermediates.noindex/Woop.build/Release-iphoneos/Woop.build/Woop-project-headers.hmap (in target 'Woop' from project 'Woop')
    cd /tmp/woop-commit-review30
    write-file /tmp/woop-commit-review30-dd/Build/Intermediates.noindex/Woop.build/Release-iphoneos/Woop.build/Woop-project-headers.hmap

WriteAuxiliaryFile /tmp/woop-commit-review30-dd/Build/Intermediates.noindex/Woop.build/Release-iphoneos/WoopWidgets.build/WoopWidgets.DependencyMetadataFileList (in target 'WoopWidgets' from project 'Woop')
    cd /tmp/woop-commit-review30
    write-file /tmp/woop-commit-review30-dd/Build/Intermediates.noindex/Woop.build/Release-iphoneos/WoopWidgets.build/WoopWidgets.DependencyMetadataFileList

WriteAuxiliaryFile /tmp/woop-commit-review30-dd/Build/Intermediates.noindex/Woop.build/Release-iphoneos/WoopWidgets.build/WoopWidgets.hmap (in target 'WoopWidgets' from project 'Woop')
    cd /tmp/woop-commit-review30
    write-file /tmp/woop-commit-review30-dd/Build/Intermediates.noindex/Woop.build/Release-iphoneos/WoopWidgets.build/WoopWidgets.hmap

WriteAuxiliaryFile /tmp/woop-commit-review30-dd/Build/Intermediates.noindex/Woop.build/Release-iphoneos/WoopWidgets.build/WoopWidgets.DependencyStaticMetadataFileList (in target 'WoopWidgets' from project 'Woop')
    cd /tmp/woop-commit-review30
    write-file /tmp/woop-commit-review30-dd/Build/Intermediates.noindex/Woop.build/Release-iphoneos/WoopWidgets.build/WoopWidgets.DependencyStaticMetadataFileList

WriteAuxiliaryFile /tmp/woop-commit-review30-dd/Build/Intermediates.noindex/Woop.build/Release-iphoneos/WoopWidgets.build/WoopWidgets-project-headers.hmap (in target 'WoopWidgets' from project 'Woop')
    cd /tmp/woop-commit-review30
    write-file /tmp/woop-commit-review30-dd/Build/Intermediates.noindex/Woop.build/Release-iphoneos/WoopWidgets.build/WoopWidgets-project-headers.hmap

WriteAuxiliaryFile /tmp/woop-commit-review30-dd/Build/Intermediates.noindex/Woop.build/Release-iphoneos/WoopWidgets.build/WoopWidgets-own-target-headers.hmap (in target 'WoopWidgets' from project 'Woop')
    cd /tmp/woop-commit-review30
    write-file /tmp/woop-commit-review30-dd/Build/Intermediates.noindex/Woop.build/Release-iphoneos/WoopWidgets.build/WoopWidgets-own-target-headers.hmap

WriteAuxiliaryFile /tmp/woop-commit-review30-dd/Build/Intermediates.noindex/Woop.build/Release-iphoneos/WoopWidgets.build/WoopWidgets-generated-files.hmap (in target 'WoopWidgets' from project 'Woop')
    cd /tmp/woop-commit-review30
    write-file /tmp/woop-commit-review30-dd/Build/Intermediates.noindex/Woop.build/Release-iphoneos/WoopWidgets.build/WoopWidgets-generated-files.hmap

WriteAuxiliaryFile /tmp/woop-commit-review30-dd/Build/Intermediates.noindex/Woop.build/Release-iphoneos/WoopWidgets.build/WoopWidgets-all-target-headers.hmap (in target 'WoopWidgets' from project 'Woop')
    cd /tmp/woop-commit-review30
    write-file /tmp/woop-commit-review30-dd/Build/Intermediates.noindex/Woop.build/Release-iphoneos/WoopWidgets.build/WoopWidgets-all-target-headers.hmap

WriteAuxiliaryFile /tmp/woop-commit-review30-dd/Build/Intermediates.noindex/Woop.build/Release-iphoneos/WoopWidgets.build/WoopWidgets-all-non-framework-target-headers.hmap (in target 'WoopWidgets' from project 'Woop')
    cd /tmp/woop-commit-review30
    write-file /tmp/woop-commit-review30-dd/Build/Intermediates.noindex/Woop.build/Release-iphoneos/WoopWidgets.build/WoopWidgets-all-non-framework-target-headers.hmap

WriteAuxiliaryFile /tmp/woop-commit-review30-dd/Build/Intermediates.noindex/Woop.build/Release-iphoneos/WoopWidgets.build/Objects-normal/arm64/WoopWidgets-OutputFileMap.json (in target 'WoopWidgets' from project 'Woop')
    cd /tmp/woop-commit-review30
    write-file /tmp/woop-commit-review30-dd/Build/Intermediates.noindex/Woop.build/Release-iphoneos/WoopWidgets.build/Objects-normal/arm64/WoopWidgets-OutputFileMap.json

WriteAuxiliaryFile /tmp/woop-commit-review30-dd/Build/Intermediates.noindex/Woop.build/Release-iphoneos/WoopWidgets.build/Objects-normal/arm64/WoopWidgets.SwiftFileList (in target 'WoopWidgets' from project 'Woop')
    cd /tmp/woop-commit-review30
    write-file /tmp/woop-commit-review30-dd/Build/Intermediates.noindex/Woop.build/Release-iphoneos/WoopWidgets.build/Objects-normal/arm64/WoopWidgets.SwiftFileList

WriteAuxiliaryFile /tmp/woop-commit-review30-dd/Build/Intermediates.noindex/Woop.build/Release-iphoneos/WoopWidgets.build/Objects-normal/arm64/WoopWidgets.LinkFileList (in target 'WoopWidgets' from project 'Woop')
    cd /tmp/woop-commit-review30
    write-file /tmp/woop-commit-review30-dd/Build/Intermediates.noindex/Woop.build/Release-iphoneos/WoopWidgets.build/Objects-normal/arm64/WoopWidgets.LinkFileList

WriteAuxiliaryFile /tmp/woop-commit-review30-dd/Build/Intermediates.noindex/Woop.build/Release-iphoneos/WoopWidgets.build/Objects-normal/arm64/WoopWidgets_const_extract_protocols.json (in target 'WoopWidgets' from project 'Woop')
    cd /tmp/woop-commit-review30
    write-file /tmp/woop-commit-review30-dd/Build/Intermediates.noindex/Woop.build/Release-iphoneos/WoopWidgets.build/Objects-normal/arm64/WoopWidgets_const_extract_protocols.json

WriteAuxiliaryFile /tmp/woop-commit-review30-dd/Build/Intermediates.noindex/Woop.build/Release-iphoneos/WoopWidgets.build/Objects-normal/arm64/WoopWidgets.SwiftConstValuesFileList (in target 'WoopWidgets' from project 'Woop')
    cd /tmp/woop-commit-review30
    write-file /tmp/woop-commit-review30-dd/Build/Intermediates.noindex/Woop.build/Release-iphoneos/WoopWidgets.build/Objects-normal/arm64/WoopWidgets.SwiftConstValuesFileList

WriteAuxiliaryFile /tmp/woop-commit-review30-dd/Build/Intermediates.noindex/Woop.build/Release-iphoneos/Woop.build/Woop.DependencyStaticMetadataFileList (in target 'Woop' from project 'Woop')
    cd /tmp/woop-commit-review30
    write-file /tmp/woop-commit-review30-dd/Build/Intermediates.noindex/Woop.build/Release-iphoneos/Woop.build/Woop.DependencyStaticMetadataFileList

WriteAuxiliaryFile /tmp/woop-commit-review30-dd/Build/Intermediates.noindex/Woop.build/Release-iphoneos/Woop.build/Woop.DependencyMetadataFileList (in target 'Woop' from project 'Woop')
    cd /tmp/woop-commit-review30
    write-file /tmp/woop-commit-review30-dd/Build/Intermediates.noindex/Woop.build/Release-iphoneos/Woop.build/Woop.DependencyMetadataFileList

WriteAuxiliaryFile /tmp/woop-commit-review30-dd/Build/Intermediates.noindex/Woop.build/Release-iphoneos/Woop.build/Woop-all-non-framework-target-headers.hmap (in target 'Woop' from project 'Woop')
    cd /tmp/woop-commit-review30
    write-file /tmp/woop-commit-review30-dd/Build/Intermediates.noindex/Woop.build/Release-iphoneos/Woop.build/Woop-all-non-framework-target-headers.hmap

WriteAuxiliaryFile /tmp/woop-commit-review30-dd/Build/Intermediates.noindex/Woop.build/Release-iphoneos/Woop.build/Objects-normal/arm64/Woop_const_extract_protocols.json (in target 'Woop' from project 'Woop')
    cd /tmp/woop-commit-review30
    write-file /tmp/woop-commit-review30-dd/Build/Intermediates.noindex/Woop.build/Release-iphoneos/Woop.build/Objects-normal/arm64/Woop_const_extract_protocols.json

WriteAuxiliaryFile /tmp/woop-commit-review30-dd/Build/Intermediates.noindex/Woop.build/Release-iphoneos/Woop.build/Objects-normal/arm64/Woop.SwiftFileList (in target 'Woop' from project 'Woop')
    cd /tmp/woop-commit-review30
    write-file /tmp/woop-commit-review30-dd/Build/Intermediates.noindex/Woop.build/Release-iphoneos/Woop.build/Objects-normal/arm64/Woop.SwiftFileList

WriteAuxiliaryFile /tmp/woop-commit-review30-dd/Build/Intermediates.noindex/Woop.build/Release-iphoneos/Woop.build/Objects-normal/arm64/Woop.SwiftConstValuesFileList (in target 'Woop' from project 'Woop')
    cd /tmp/woop-commit-review30
    write-file /tmp/woop-commit-review30-dd/Build/Intermediates.noindex/Woop.build/Release-iphoneos/Woop.build/Objects-normal/arm64/Woop.SwiftConstValuesFileList

WriteAuxiliaryFile /tmp/woop-commit-review30-dd/Build/Intermediates.noindex/Woop.build/Release-iphoneos/Woop.build/Objects-normal/arm64/Woop-OutputFileMap.json (in target 'Woop' from project 'Woop')
    cd /tmp/woop-commit-review30
    write-file /tmp/woop-commit-review30-dd/Build/Intermediates.noindex/Woop.build/Release-iphoneos/Woop.build/Objects-normal/arm64/Woop-OutputFileMap.json

WriteAuxiliaryFile /tmp/woop-commit-review30-dd/Build/Intermediates.noindex/Woop.build/Release-iphoneos/Woop.build/Objects-normal/arm64/Woop.LinkFileList (in target 'Woop' from project 'Woop')
    cd /tmp/woop-commit-review30
    write-file /tmp/woop-commit-review30-dd/Build/Intermediates.noindex/Woop.build/Release-iphoneos/Woop.build/Objects-normal/arm64/Woop.LinkFileList

MkDir /tmp/woop-commit-review30-dd/Build/Products/Release-iphoneos/WoopWidgets.appex (in target 'WoopWidgets' from project 'Woop')
    cd /tmp/woop-commit-review30
    /bin/mkdir -p /tmp/woop-commit-review30-dd/Build/Products/Release-iphoneos/WoopWidgets.appex

MkDir /tmp/woop-commit-review30-dd/Build/Products/Release-iphoneos/Woop.app (in target 'Woop' from project 'Woop')
    cd /tmp/woop-commit-review30
    /bin/mkdir -p /tmp/woop-commit-review30-dd/Build/Products/Release-iphoneos/Woop.app

MkDir /tmp/woop-commit-review30-dd/Build/Products/Release-iphoneos/Woop.app/PlugIns (in target 'Woop' from project 'Woop')
    cd /tmp/woop-commit-review30
    /bin/mkdir -p /tmp/woop-commit-review30-dd/Build/Products/Release-iphoneos/Woop.app/PlugIns

ProcessInfoPlistFile /tmp/woop-commit-review30-dd/Build/Products/Release-iphoneos/WoopWidgets.appex/Info.plist /tmp/woop-commit-review30/WoopWidgets/Info.plist (in target 'WoopWidgets' from project 'Woop')
    cd /tmp/woop-commit-review30
    builtin-infoPlistUtility /tmp/woop-commit-review30/WoopWidgets/Info.plist -producttype com.apple.product-type.app-extension -expandbuildsettings -format binary -platform iphoneos -requiredArchitecture arm64 -o /tmp/woop-commit-review30-dd/Build/Products/Release-iphoneos/WoopWidgets.appex/Info.plist

SwiftDriver WoopWidgets normal arm64 com.apple.xcode.tools.swift.compiler (in target 'WoopWidgets' from project 'Woop')
    cd /tmp/woop-commit-review30
    builtin-SwiftDriver -- /Applications/Xcode.app/Contents/Developer/Toolchains/XcodeDefault.xctoolchain/usr/bin/swiftc -module-name WoopWidgets -O -whole-module-optimization @/tmp/woop-commit-review30-dd/Build/Intermediates.noindex/Woop.build/Release-iphoneos/WoopWidgets.build/Objects-normal/arm64/WoopWidgets.SwiftFileList -enable-bare-slash-regex -enable-experimental-feature DebugDescriptionMacro -sdk /Applications/Xcode.app/Contents/Developer/Platforms/iPhoneOS.platform/Developer/SDKs/iPhoneOS26.5.sdk -target arm64-apple-ios26.0 -g -module-cache-path /tmp/woop-commit-review30-dd/ModuleCache.noindex -Xfrontend -serialize-debugging-options -application-extension -swift-version 5 -I /tmp/woop-commit-review30-dd/Build/Products/Release-iphoneos -F /tmp/woop-commit-review30-dd/Build/Products/Release-iphoneos -emit-localized-strings -emit-localized-strings-path /tmp/woop-commit-review30-dd/Build/Intermediates.noindex/Woop.build/Release-iphoneos/WoopWidgets.build/Objects-normal/arm64 -c -num-threads 10 -Xcc -ivfsstatcache -Xcc /tmp/woop-commit-review30-dd/SDKStatCaches.noindex/iphoneos26.5-23F73-688ef53f1462e2c8f657fdc38a81448f32daed1954a7d5dd0789fcaf2a9bb78b.sdkstatcache -output-file-map /tmp/woop-commit-review30-dd/Build/Intermediates.noindex/Woop.build/Release-iphoneos/WoopWidgets.build/Objects-normal/arm64/WoopWidgets-OutputFileMap.json -use-frontend-parseable-output -save-temps -no-color-diagnostics -explicit-module-build -module-cache-path /tmp/woop-commit-review30-dd/Build/Intermediates.noindex/SwiftExplicitPrecompiledModules -clang-scanner-module-cache-path /tmp/woop-commit-review30-dd/ModuleCache.noindex -sdk-module-cache-path /tmp/woop-commit-review30-dd/ModuleCache.noindex -serialize-diagnostics -emit-dependencies -emit-module -emit-module-path /tmp/woop-commit-review30-dd/Build/Intermediates.noindex/Woop.build/Release-iphoneos/WoopWidgets.build/Objects-normal/arm64/WoopWidgets.swiftmodule -validate-clang-modules-once -clang-build-session-file /tmp/woop-commit-review30-dd/ModuleCache.noindex/Session.modulevalidation -Xcc -I/tmp/woop-commit-review30-dd/Build/Intermediates.noindex/Woop.build/Release-iphoneos/WoopWidgets.build/swift-overrides.hmap -emit-const-values -Xfrontend -const-gather-protocols-file -Xfrontend /tmp/woop-commit-review30-dd/Build/Intermediates.noindex/Woop.build/Release-iphoneos/WoopWidgets.build/Objects-normal/arm64/WoopWidgets_const_extract_protocols.json -Xcc -iquote -Xcc /tmp/woop-commit-review30-dd/Build/Intermediates.noindex/Woop.build/Release-iphoneos/WoopWidgets.build/WoopWidgets-generated-files.hmap -Xcc -I/tmp/woop-commit-review30-dd/Build/Intermediates.noindex/Woop.build/Release-iphoneos/WoopWidgets.build/WoopWidgets-own-target-headers.hmap -Xcc -I/tmp/woop-commit-review30-dd/Build/Intermediates.noindex/Woop.build/Release-iphoneos/WoopWidgets.build/WoopWidgets-all-target-headers.hmap -Xcc -iquote -Xcc /tmp/woop-commit-review30-dd/Build/Intermediates.noindex/Woop.build/Release-iphoneos/WoopWidgets.build/WoopWidgets-project-headers.hmap -Xcc -I/tmp/woop-commit-review30-dd/Build/Products/Release-iphoneos/include -Xcc -I/tmp/woop-commit-review30-dd/Build/Intermediates.noindex/Woop.build/Release-iphoneos/WoopWidgets.build/DerivedSources-normal/arm64 -Xcc -I/tmp/woop-commit-review30-dd/Build/Intermediates.noindex/Woop.build/Release-iphoneos/WoopWidgets.build/DerivedSources/arm64 -Xcc -I/tmp/woop-commit-review30-dd/Build/Intermediates.noindex/Woop.build/Release-iphoneos/WoopWidgets.build/DerivedSources -emit-objc-header -emit-objc-header-path /tmp/woop-commit-review30-dd/Build/Intermediates.noindex/Woop.build/Release-iphoneos/WoopWidgets.build/Objects-normal/arm64/WoopWidgets-Swift.h -working-directory /tmp/woop-commit-review30 -no-emit-module-separately-wmo

SwiftDriver\ Compilation WoopWidgets normal arm64 com.apple.xcode.tools.swift.compiler (in target 'WoopWidgets' from project 'Woop')
    cd /tmp/woop-commit-review30
    builtin-Swift-Compilation -- /Applications/Xcode.app/Contents/Developer/Toolchains/XcodeDefault.xctoolchain/usr/bin/swiftc -module-name WoopWidgets -O -whole-module-optimization @/tmp/woop-commit-review30-dd/Build/Intermediates.noindex/Woop.build/Release-iphoneos/WoopWidgets.build/Objects-normal/arm64/WoopWidgets.SwiftFileList -enable-bare-slash-regex -enable-experimental-feature DebugDescriptionMacro -sdk /Applications/Xcode.app/Contents/Developer/Platforms/iPhoneOS.platform/Developer/SDKs/iPhoneOS26.5.sdk -target arm64-apple-ios26.0 -g -module-cache-path /tmp/woop-commit-review30-dd/ModuleCache.noindex -Xfrontend -serialize-debugging-options -application-extension -swift-version 5 -I /tmp/woop-commit-review30-dd/Build/Products/Release-iphoneos -F /tmp/woop-commit-review30-dd/Build/Products/Release-iphoneos -emit-localized-strings -emit-localized-strings-path /tmp/woop-commit-review30-dd/Build/Intermediates.noindex/Woop.build/Release-iphoneos/WoopWidgets.build/Objects-normal/arm64 -c -num-threads 10 -Xcc -ivfsstatcache -Xcc /tmp/woop-commit-review30-dd/SDKStatCaches.noindex/iphoneos26.5-23F73-688ef53f1462e2c8f657fdc38a81448f32daed1954a7d5dd0789fcaf2a9bb78b.sdkstatcache -output-file-map /tmp/woop-commit-review30-dd/Build/Intermediates.noindex/Woop.build/Release-iphoneos/WoopWidgets.build/Objects-normal/arm64/WoopWidgets-OutputFileMap.json -use-frontend-parseable-output -save-temps -no-color-diagnostics -explicit-module-build -module-cache-path /tmp/woop-commit-review30-dd/Build/Intermediates.noindex/SwiftExplicitPrecompiledModules -clang-scanner-module-cache-path /tmp/woop-commit-review30-dd/ModuleCache.noindex -sdk-module-cache-path /tmp/woop-commit-review30-dd/ModuleCache.noindex -serialize-diagnostics -emit-dependencies -emit-module -emit-module-path /tmp/woop-commit-review30-dd/Build/Intermediates.noindex/Woop.build/Release-iphoneos/WoopWidgets.build/Objects-normal/arm64/WoopWidgets.swiftmodule -validate-clang-modules-once -clang-build-session-file /tmp/woop-commit-review30-dd/ModuleCache.noindex/Session.modulevalidation -Xcc -I/tmp/woop-commit-review30-dd/Build/Intermediates.noindex/Woop.build/Release-iphoneos/WoopWidgets.build/swift-overrides.hmap -emit-const-values -Xfrontend -const-gather-protocols-file -Xfrontend /tmp/woop-commit-review30-dd/Build/Intermediates.noindex/Woop.build/Release-iphoneos/WoopWidgets.build/Objects-normal/arm64/WoopWidgets_const_extract_protocols.json -Xcc -iquote -Xcc /tmp/woop-commit-review30-dd/Build/Intermediates.noindex/Woop.build/Release-iphoneos/WoopWidgets.build/WoopWidgets-generated-files.hmap -Xcc -I/tmp/woop-commit-review30-dd/Build/Intermediates.noindex/Woop.build/Release-iphoneos/WoopWidgets.build/WoopWidgets-own-target-headers.hmap -Xcc -I/tmp/woop-commit-review30-dd/Build/Intermediates.noindex/Woop.build/Release-iphoneos/WoopWidgets.build/WoopWidgets-all-target-headers.hmap -Xcc -iquote -Xcc /tmp/woop-commit-review30-dd/Build/Intermediates.noindex/Woop.build/Release-iphoneos/WoopWidgets.build/WoopWidgets-project-headers.hmap -Xcc -I/tmp/woop-commit-review30-dd/Build/Products/Release-iphoneos/include -Xcc -I/tmp/woop-commit-review30-dd/Build/Intermediates.noindex/Woop.build/Release-iphoneos/WoopWidgets.build/DerivedSources-normal/arm64 -Xcc -I/tmp/woop-commit-review30-dd/Build/Intermediates.noindex/Woop.build/Release-iphoneos/WoopWidgets.build/DerivedSources/arm64 -Xcc -I/tmp/woop-commit-review30-dd/Build/Intermediates.noindex/Woop.build/Release-iphoneos/WoopWidgets.build/DerivedSources -emit-objc-header -emit-objc-header-path /tmp/woop-commit-review30-dd/Build/Intermediates.noindex/Woop.build/Release-iphoneos/WoopWidgets.build/Objects-normal/arm64/WoopWidgets-Swift.h -working-directory /tmp/woop-commit-review30 -no-emit-module-separately-wmo

SwiftExplicitDependencyGeneratePcm arm64 /tmp/woop-commit-review30-dd/ModuleCache.noindex/_Builtin_stdbool-EK0I0U42OG90T6UQRC3BYW9V8.pcm

SwiftExplicitDependencyGeneratePcm arm64 /tmp/woop-commit-review30-dd/ModuleCache.noindex/_Builtin_stdarg-EBYHJ76CK7PFW7003N8GY7ALY.pcm

SwiftExplicitDependencyGeneratePcm arm64 /tmp/woop-commit-review30-dd/ModuleCache.noindex/ptrauth-AE9QZD1I50HOLBP8HQF75HVP.pcm

SwiftExplicitDependencyGeneratePcm arm64 /tmp/woop-commit-review30-dd/ModuleCache.noindex/_Builtin_stddef-763MJTEMPL6252GLMN409T8D.pcm

SwiftExplicitDependencyGeneratePcm arm64 /tmp/woop-commit-review30-dd/ModuleCache.noindex/_Builtin_float-BIJJR88HSIL3F8O1EOCC40YWK.pcm

SwiftExplicitDependencyGeneratePcm arm64 /tmp/woop-commit-review30-dd/ModuleCache.noindex/_AvailabilityInternal-7FD4336YGNQMXPRZ67JC94RMA.pcm

SwiftExplicitDependencyGeneratePcm arm64 /tmp/woop-commit-review30-dd/ModuleCache.noindex/_SwiftConcurrencyShims-APR56O9Y54PELRC029QLEJ9QP.pcm

SwiftExplicitDependencyGeneratePcm arm64 /tmp/woop-commit-review30-dd/ModuleCache.noindex/DeveloperToolsSupport-XK19O1FMRPZFEXDF903VYIUU.pcm

SwiftExplicitDependencyGeneratePcm arm64 /tmp/woop-commit-review30-dd/ModuleCache.noindex/ActivityKit-CYX152TL704Q3A84XI1O56NKB.pcm

SwiftExplicitDependencyGeneratePcm arm64 /tmp/woop-commit-review30-dd/ModuleCache.noindex/ptrcheck-WQ4R8FIVDWURWAAML8MFRD2O.pcm

SwiftExplicitDependencyGeneratePcm arm64 /tmp/woop-commit-review30-dd/ModuleCache.noindex/SwiftShims-AZUDDV3GR43QAHY15JK3FTNEP.pcm

SwiftExplicitDependencyGeneratePcm arm64 /tmp/woop-commit-review30-dd/ModuleCache.noindex/_DarwinFoundation1-33A40NLGZUA4Q4K5Q193XOBET.pcm

SwiftExplicitDependencyGeneratePcm arm64 /tmp/woop-commit-review30-dd/ModuleCache.noindex/_DarwinFoundation2-AOE8DI7UKRUAWEQB3NNBGDJNW.pcm

SwiftExplicitDependencyGeneratePcm arm64 /tmp/woop-commit-review30-dd/ModuleCache.noindex/_Builtin_limits-68P6VNEDUYDTJ1NBA1XKT4WNX.pcm

SwiftExplicitDependencyGeneratePcm arm64 /tmp/woop-commit-review30-dd/ModuleCache.noindex/ExtensionFoundation-8IA4SVCZ0SLN9EKG89EGXAUTY.pcm

SwiftExplicitDependencyGeneratePcm arm64 /tmp/woop-commit-review30-dd/ModuleCache.noindex/_Builtin_tgmath-B33VEN44IV6URIMFF66B7MYGW.pcm

SwiftExplicitDependencyGeneratePcm arm64 /tmp/woop-commit-review30-dd/ModuleCache.noindex/_Builtin_stdint-2OCA9J5ACOXFI5MKPBQYB5SH1.pcm

SwiftExplicitDependencyGeneratePcm arm64 /tmp/woop-commit-review30-dd/ModuleCache.noindex/sys_types-DM47SWIM4LVON3X2AG7L14WUN.pcm

SwiftExplicitDependencyGeneratePcm arm64 /tmp/woop-commit-review30-dd/ModuleCache.noindex/_DarwinFoundation3-1SXUVMMZGWQ2AKJLJW619H5UP.pcm

SwiftExplicitDependencyGeneratePcm arm64 /tmp/woop-commit-review30-dd/ModuleCache.noindex/_Builtin_stdatomic-55EC1RMYGFUTEII1Q4M1ZEOHF.pcm

SwiftExplicitDependencyGeneratePcm arm64 /tmp/woop-commit-review30-dd/ModuleCache.noindex/_Builtin_intrinsics-DNO3CUJTW5FDFXH9D4HPAT22B.pcm

SwiftExplicitDependencyGeneratePcm arm64 /tmp/woop-commit-review30-dd/ModuleCache.noindex/_Builtin_inttypes-92GJB8VL0CR33EYXIUCNDGVD4.pcm

SwiftExplicitDependencyGeneratePcm arm64 /tmp/woop-commit-review30-dd/ModuleCache.noindex/Darwin-4XY3SKUPIM58ZPKFZ12SZK27Y.pcm

SwiftExplicitDependencyGeneratePcm arm64 /tmp/woop-commit-review30-dd/ModuleCache.noindex/simd-B76RZ7IB8C4H0GWTLM18COS5U.pcm

SwiftExplicitDependencyGeneratePcm arm64 /tmp/woop-commit-review30-dd/ModuleCache.noindex/ObjectiveC-9QC009CYI3YYZ1F87Y1O8PJWI.pcm

SwiftExplicitDependencyGeneratePcm arm64 /tmp/woop-commit-review30-dd/ModuleCache.noindex/MachO-CHL9UYYGJG03KCYY396XFHFJ5.pcm

SwiftExplicitDependencyGeneratePcm arm64 /tmp/woop-commit-review30-dd/ModuleCache.noindex/os_object-A0PUX8K2LPQBAGX2YR3OSSIZO.pcm

SwiftExplicitDependencyGeneratePcm arm64 /tmp/woop-commit-review30-dd/ModuleCache.noindex/os_workgroup-C89CQ0YV8EI54T5Y95B4VAANB.pcm

SwiftExplicitDependencyGeneratePcm arm64 /tmp/woop-commit-review30-dd/ModuleCache.noindex/Spatial-6EH66KQFDABLI56RWBW6VC78F.pcm

SwiftExplicitDependencyGeneratePcm arm64 /tmp/woop-commit-review30-dd/ModuleCache.noindex/Dispatch-CMIVFCG30FWEKC7CR787B34VL.pcm

SwiftExplicitDependencyGeneratePcm arm64 /tmp/woop-commit-review30-dd/ModuleCache.noindex/XPC-36X7S1TPQTFTEJU0F40RDTKOU.pcm

SwiftExplicitDependencyGeneratePcm arm64 /tmp/woop-commit-review30-dd/ModuleCache.noindex/dnssd-8XZLLG6S76APHDJSCT2YUUNIH.pcm

SwiftExplicitDependencyGeneratePcm arm64 /tmp/woop-commit-review30-dd/ModuleCache.noindex/CoreFoundation-CL9PQYYTFFBY5XPTZOJCARBVU.pcm

SwiftExplicitDependencyGeneratePcm arm64 /tmp/woop-commit-review30-dd/ModuleCache.noindex/os-38UA75FMUCW9DS0XW5ZRZCLSM.pcm

SwiftExplicitDependencyGeneratePcm arm64 /tmp/woop-commit-review30-dd/ModuleCache.noindex/CoreGraphics-AE1421406UYWJCTV3RC1G8BMY.pcm

SwiftExplicitDependencyGeneratePcm arm64 /tmp/woop-commit-review30-dd/ModuleCache.noindex/Security-CUN3LRY3FCN74PTKO832C4THS.pcm

SwiftExplicitDependencyGeneratePcm arm64 /tmp/woop-commit-review30-dd/ModuleCache.noindex/CFNetwork-CN019SSGWPVM9K36FUOVQFKR6.pcm

SwiftExplicitDependencyGeneratePcm arm64 /tmp/woop-commit-review30-dd/ModuleCache.noindex/Foundation-5GFXVBWO2H7R9SO8S84ZCA2OY.pcm

SwiftExplicitDependencyGeneratePcm arm64 /tmp/woop-commit-review30-dd/ModuleCache.noindex/CoreText-5I5O3ET5GUQ082EBZMVG0TENJ.pcm

SwiftExplicitDependencyGeneratePcm arm64 /tmp/woop-commit-review30-dd/ModuleCache.noindex/ImageIO-206MLSG9RJKE7UFM0E78EERO4.pcm

SwiftExplicitDependencyGeneratePcm arm64 /tmp/woop-commit-review30-dd/ModuleCache.noindex/Accessibility-214975EMFFF7EQKTL8INCDUNV.pcm

SwiftExplicitDependencyGeneratePcm arm64 /tmp/woop-commit-review30-dd/ModuleCache.noindex/UserNotifications-52U2NCBKDNIL6KCU9RTJCGYBJ.pcm

SwiftExplicitDependencyGeneratePcm arm64 /tmp/woop-commit-review30-dd/ModuleCache.noindex/IOSurface-684VOVRZ5FB6RA45LPKKFZ9CQ.pcm

SwiftExplicitDependencyGeneratePcm arm64 /tmp/woop-commit-review30-dd/ModuleCache.noindex/WidgetKit-DAYQBFPTRND96QZ9M7B2MSGKY.pcm

SwiftExplicitDependencyGeneratePcm arm64 /tmp/woop-commit-review30-dd/ModuleCache.noindex/_LocationEssentials-BZK091STPOTX3W5YJ2TW9IVF6.pcm

SwiftExplicitDependencyGeneratePcm arm64 /tmp/woop-commit-review30-dd/ModuleCache.noindex/RelevanceKit-6XZ1OIDBBEYKAIRM3R3EQKFV4.pcm

SwiftExplicitDependencyGeneratePcm arm64 /tmp/woop-commit-review30-dd/ModuleCache.noindex/AppIntents-CQVX409N0YA5GNWYZ82UH4UHT.pcm

SwiftExplicitDependencyGeneratePcm arm64 /tmp/woop-commit-review30-dd/ModuleCache.noindex/OSLog-27GM2QJ83MCMTMGTQKKJLGGBD.pcm

SwiftExplicitDependencyGeneratePcm arm64 /tmp/woop-commit-review30-dd/ModuleCache.noindex/FileProvider-1065J1QT2UK5GZ3CKJRKD71BY.pcm

SwiftExplicitDependencyGeneratePcm arm64 /tmp/woop-commit-review30-dd/ModuleCache.noindex/UniformTypeIdentifiers-BRVCFPG3F0BCZOZJPJ4AT02W.pcm

SwiftExplicitDependencyGeneratePcm arm64 /tmp/woop-commit-review30-dd/ModuleCache.noindex/DataDetection-92WGMBWLWP3IKCGIMX2HK3FEO.pcm

SwiftExplicitDependencyGeneratePcm arm64 /tmp/woop-commit-review30-dd/ModuleCache.noindex/Network-4VZQZIET2W7YNOSMBI7OSK77K.pcm

SwiftExplicitDependencyGeneratePcm arm64 /tmp/woop-commit-review30-dd/ModuleCache.noindex/CoreTransferable-2BLIUHMIXNPDZ9HKTIJ7Z9VX8.pcm

SwiftExplicitDependencyGeneratePcm arm64 /tmp/woop-commit-review30-dd/ModuleCache.noindex/CoreData-AJGY6HEZORMM0UDZVVSYVK8ZX.pcm

SwiftExplicitDependencyGeneratePcm arm64 /tmp/woop-commit-review30-dd/ModuleCache.noindex/CoreLocation-23TG1WC8ZFGIKYYHXAS8GV6AQ.pcm

SwiftExplicitDependencyGeneratePcm arm64 /tmp/woop-commit-review30-dd/ModuleCache.noindex/OpenGLES-16M4WV9PGGMLSGC2NHQUQYIHH.pcm

SwiftExplicitDependencyGeneratePcm arm64 /tmp/woop-commit-review30-dd/ModuleCache.noindex/Metal-DY3DRGLARRKENM7COB9WRY7I1.pcm

SwiftExplicitDependencyGeneratePcm arm64 /tmp/woop-commit-review30-dd/ModuleCache.noindex/Symbols-5TQQPW05KMCJXIDX59CAY2URT.pcm

SwiftExplicitDependencyGeneratePcm arm64 /tmp/woop-commit-review30-dd/ModuleCache.noindex/UIUtilities-6GK3PR4RC20JZB8LYRLN4G327.pcm

SwiftExplicitDependencyGeneratePcm arm64 /tmp/woop-commit-review30-dd/ModuleCache.noindex/CoreSpotlight-C1Z7YABI0R8M9U0UI9G6831GC.pcm

SwiftExplicitDependencyGeneratePcm arm64 /tmp/woop-commit-review30-dd/ModuleCache.noindex/Intents-50N59A9XBUHGMAF71SZUXA3N9.pcm

SwiftExplicitDependencyGeneratePcm arm64 /tmp/woop-commit-review30-dd/ModuleCache.noindex/CoreVideo-AFV4I84UAO2YZB85E3OC64FU1.pcm

SwiftExplicitDependencyGeneratePcm arm64 /tmp/woop-commit-review30-dd/ModuleCache.noindex/CoreImage-BAA8WNXBER0N64DRJ05Y0GRIB.pcm

SwiftExplicitDependencyGeneratePcm arm64 /tmp/woop-commit-review30-dd/ModuleCache.noindex/QuartzCore-26F539Q6KUSW5HNIS15N2K2SJ.pcm

SwiftExplicitDependencyGeneratePcm arm64 /tmp/woop-commit-review30-dd/ModuleCache.noindex/SwiftUICore-3F3TZLSZJWQHOAV5TV2LDDSQK.pcm

SwiftExplicitDependencyGeneratePcm arm64 /tmp/woop-commit-review30-dd/ModuleCache.noindex/UIKit-1CQD6LWLCDM0TUMTH03UZQ8ZU.pcm

SwiftExplicitDependencyGeneratePcm arm64 /tmp/woop-commit-review30-dd/ModuleCache.noindex/SwiftUI-36LIGCLXU9T9G6WG030GVE3QA.pcm

SwiftCompile normal arm64 Compiling\ ImpGlyph.swift,\ WoopWidgetsBundle.swift,\ WorkoutLiveActivity.swift,\ MoonGlyph.swift,\ ProgressComet.swift,\ WorkoutActivity.swift /tmp/woop-commit-review30/WoopShared/ImpGlyph.swift /tmp/woop-commit-review30/WoopWidgets/WoopWidgetsBundle.swift /tmp/woop-commit-review30/WoopWidgets/WorkoutLiveActivity.swift /tmp/woop-commit-review30/WoopShared/MoonGlyph.swift /tmp/woop-commit-review30/WoopShared/ProgressComet.swift /tmp/woop-commit-review30/WoopShared/WorkoutActivity.swift /Applications/Xcode.app/Contents/Developer/Toolchains/XcodeDefault.xctoolchain/usr/lib/swift/iphoneos/prebuilt-modules/26.5/simd.swiftmodule/arm64e-apple-ios.swiftmodule /Applications/Xcode.app/Contents/Developer/Toolchains/XcodeDefault.xctoolchain/usr/lib/swift/iphoneos/prebuilt-modules/26.5/_DarwinFoundation1.swiftmodule/arm64e-apple-ios.swiftmodule /Applications/Xcode.app/Contents/Developer/Toolchains/XcodeDefault.xctoolchain/usr/lib/swift/iphoneos/prebuilt-modules/26.5/AppIntents.swiftmodule/arm64e-apple-ios.swiftmodule /Applications/Xcode.app/Contents/Developer/Toolchains/XcodeDefault.xctoolchain/usr/lib/swift/iphoneos/prebuilt-modules/26.5/Foundation.swiftmodule/arm64e-apple-ios.swiftmodule /Applications/Xcode.app/Contents/Developer/Toolchains/XcodeDefault.xctoolchain/usr/lib/swift/iphoneos/prebuilt-modules/26.5/Dispatch.swiftmodule/arm64e-apple-ios.swiftmodule /Applications/Xcode.app/Contents/Developer/Toolchains/XcodeDefault.xctoolchain/usr/lib/swift/iphoneos/prebuilt-modules/26.5/CoreFoundation.swiftmodule/arm64e-apple-ios.swiftmodule /Applications/Xcode.app/Contents/Developer/Toolchains/XcodeDefault.xctoolchain/usr/lib/swift/iphoneos/prebuilt-modules/26.5/RelevanceKit.swiftmodule/arm64e-apple-ios.swiftmodule /Applications/Xcode.app/Contents/Developer/Toolchains/XcodeDefault.xctoolchain/usr/lib/swift/iphoneos/prebuilt-modules/26.5/_DarwinFoundation3.swiftmodule/arm64e-apple-ios.swiftmodule /Applications/Xcode.app/Contents/Developer/Toolchains/XcodeDefault.xctoolchain/usr/lib/swift/iphoneos/prebuilt-modules/26.5/OSLog.swiftmodule/arm64e-apple-ios.swiftmodule /Applications/Xcode.app/Contents/Developer/Toolchains/XcodeDefault.xctoolchain/usr/lib/swift/iphoneos/prebuilt-modules/26.5/Metal.swiftmodule/arm64e-apple-ios.swiftmodule /Applications/Xcode.app/Contents/Developer/Toolchains/XcodeDefault.xctoolchain/usr/lib/swift/iphoneos/prebuilt-modules/26.5/QuartzCore.swiftmodule/arm64e-apple-ios.swiftmodule /Applications/Xcode.app/Contents/Developer/Toolchains/XcodeDefault.xctoolchain/usr/lib/swift/iphoneos/prebuilt-modules/26.5/System.swiftmodule/arm64e-apple-ios.swiftmodule /Applications/Xcode.app/Contents/Developer/Toolchains/XcodeDefault.xctoolchain/usr/lib/swift/iphoneos/prebuilt-modules/26.5/_Builtin_float.swiftmodule/arm64e-apple-ios.swiftmodule /Applications/Xcode.app/Contents/Developer/Toolchains/XcodeDefault.xctoolchain/usr/lib/swift/iphoneos/prebuilt-modules/26.5/os.swiftmodule/arm64e-apple-ios.swiftmodule /Applications/Xcode.app/Contents/Developer/Toolchains/XcodeDefault.xctoolchain/usr/lib/swift/iphoneos/prebuilt-modules/26.5/CoreImage.swiftmodule/arm64e-apple-ios.swiftmodule /Applications/Xcode.app/Contents/Developer/Toolchains/XcodeDefault.xctoolchain/usr/lib/swift/iphoneos/prebuilt-modules/26.5/CoreSpotlight.swiftmodule/arm64e-apple-ios.swiftmodule /Applications/Xcode.app/Contents/Developer/Toolchains/XcodeDefault.xctoolchain/usr/lib/swift/iphoneos/prebuilt-modules/26.5/Swift.swiftmodule/arm64e-apple-ios.swiftmodule /Applications/Xcode.app/Contents/Developer/Toolchains/XcodeDefault.xctoolchain/usr/lib/swift/iphoneos/prebuilt-modules/26.5/SwiftUI.swiftmodule/arm64e-apple-ios.swiftmodule /Applications/Xcode.app/Contents/Developer/Toolchains/XcodeDefault.xctoolchain/usr/lib/swift/iphoneos/prebuilt-modules/26.5/WidgetKit.swiftmodule/arm64e-apple-ios.swiftmodule /Applications/Xcode.app/Contents/Developer/Toolchains/XcodeDefault.xctoolchain/usr/lib/swift/iphoneos/prebuilt-modules/26.5/_Concurrency.swiftmodule/arm64e-apple-ios.swiftmodule /Applications/Xcode.app/Contents/Developer/Toolchains/XcodeDefault.xctoolchain/usr/lib/swift/iphoneos/prebuilt-modules/26.5/UniformTypeIdentifiers.swiftmodule/arm64e-apple-ios.swiftmodule /Applications/Xcode.app/Contents/Developer/Toolchains/XcodeDefault.xctoolchain/usr/lib/swift/iphoneos/prebuilt-modules/26.5/Network.swiftmodule/arm64e-apple-ios.swiftmodule /Applications/Xcode.app/Contents/Developer/Toolchains/XcodeDefault.xctoolchain/usr/lib/swift/iphoneos/prebuilt-modules/26.5/CoreLocation.swiftmodule/arm64e-apple-ios.swiftmodule /Applications/Xcode.app/Contents/Developer/Toolchains/XcodeDefault.xctoolchain/usr/lib/swift/iphoneos/prebuilt-modules/26.5/CoreText.swiftmodule/arm64e-apple-ios.swiftmodule /Applications/Xcode.app/Contents/Developer/Toolchains/XcodeDefault.xctoolchain/usr/lib/swift/iphoneos/prebuilt-modules/26.5/CoreTransferable.swiftmodule/arm64e-apple-ios.swiftmodule /Applications/Xcode.app/Contents/Developer/Toolchains/XcodeDefault.xctoolchain/usr/lib/swift/iphoneos/prebuilt-modules/26.5/Accessibility.swiftmodule/arm64e-apple-ios.swiftmodule /Applications/Xcode.app/Contents/Developer/Toolchains/XcodeDefault.xctoolchain/usr/lib/swift/iphoneos/prebuilt-modules/26.5/Observation.swiftmodule/arm64e-apple-ios.swiftmodule /Applications/Xcode.app/Contents/Developer/Toolchains/XcodeDefault.xctoolchain/usr/lib/swift/iphoneos/prebuilt-modules/26.5/UIKit.swiftmodule/arm64e-apple-ios.swiftmodule /Applications/Xcode.app/Contents/Developer/Toolchains/XcodeDefault.xctoolchain/usr/lib/swift/iphoneos/prebuilt-modules/26.5/Darwin.swiftmodule/arm64e-apple-ios.swiftmodule /Applications/Xcode.app/Contents/Developer/Toolchains/XcodeDefault.xctoolchain/usr/lib/swift/iphoneos/prebuilt-modules/26.5/CoreGraphics.swiftmodule/arm64e-apple-ios.swiftmodule /Applications/Xcode.app/Contents/Developer/Toolchains/XcodeDefault.xctoolchain/usr/lib/swift/iphoneos/prebuilt-modules/26.5/ActivityKit.swiftmodule/arm64e-apple-ios.swiftmodule /Applications/Xcode.app/Contents/Developer/Toolchains/XcodeDefault.xctoolchain/usr/lib/swift/iphoneos/prebuilt-modules/26.5/Spatial.swiftmodule/arm64e-apple-ios.swiftmodule /Applications/Xcode.app/Contents/Developer/Toolchains/XcodeDefault.xctoolchain/usr/lib/swift/iphoneos/prebuilt-modules/26.5/CoreVideo.swiftmodule/arm64e-apple-ios.swiftmodule /Applications/Xcode.app/Contents/Developer/Toolchains/XcodeDefault.xctoolchain/usr/lib/swift/iphoneos/prebuilt-modules/26.5/Distributed.swiftmodule/arm64e-apple-ios.swiftmodule /Applications/Xcode.app/Contents/Developer/Toolchains/XcodeDefault.xctoolchain/usr/lib/swift/iphoneos/prebuilt-modules/26.5/DataDetection.swiftmodule/arm64e-apple-ios.swiftmodule /Applications/Xcode.app/Contents/Developer/Toolchains/XcodeDefault.xctoolchain/usr/lib/swift/iphoneos/prebuilt-modules/26.5/Intents.swiftmodule/arm64e-apple-ios.swiftmodule /Applications/Xcode.app/Contents/Developer/Toolchains/XcodeDefault.xctoolchain/usr/lib/swift/iphoneos/prebuilt-modules/26.5/ExtensionFoundation.swiftmodule/arm64e-apple-ios.swiftmodule /Applications/Xcode.app/Contents/Developer/Toolchains/XcodeDefault.xctoolchain/usr/lib/swift/iphoneos/prebuilt-modules/26.5/FileProvider.swiftmodule/arm64e-apple-ios.swiftmodule /Applications/Xcode.app/Contents/Developer/Toolchains/XcodeDefault.xctoolchain/usr/lib/swift/iphoneos/prebuilt-modules/26.5/SwiftUICore.swiftmodule/arm64e-apple-ios.swiftmodule /Applications/Xcode.app/Contents/Developer/Toolchains/XcodeDefault.xctoolchain/usr/lib/swift/iphoneos/prebuilt-modules/26.5/CoreData.swiftmodule/arm64e-apple-ios.swiftmodule /Applications/Xcode.app/Contents/Developer/Toolchains/XcodeDefault.xctoolchain/usr/lib/swift/iphoneos/prebuilt-modules/26.5/_StringProcessing.swiftmodule/arm64e-apple-ios.swiftmodule /Applications/Xcode.app/Contents/Developer/Toolchains/XcodeDefault.xctoolchain/usr/lib/swift/iphoneos/prebuilt-modules/26.5/_DarwinFoundation2.swiftmodule/arm64e-apple-ios.swiftmodule /Applications/Xcode.app/Contents/Developer/Toolchains/XcodeDefault.xctoolchain/usr/lib/swift/iphoneos/prebuilt-modules/26.5/LightweightCodeRequirements.swiftmodule/arm64e-apple-ios.swiftmodule /Applications/Xcode.app/Contents/Developer/Toolchains/XcodeDefault.xctoolchain/usr/lib/swift/iphoneos/prebuilt-modules/26.5/DeveloperToolsSupport.swiftmodule/arm64e-apple-ios.swiftmodule /Applications/Xcode.app/Contents/Developer/Toolchains/XcodeDefault.xctoolchain/usr/lib/swift/iphoneos/prebuilt-modules/26.5/_AppIntents_SwiftUI.swiftmodule/arm64e-apple-ios.swiftmodule /Applications/Xcode.app/Contents/Developer/Toolchains/XcodeDefault.xctoolchain/usr/lib/swift/iphoneos/prebuilt-modules/26.5/Combine.swiftmodule/arm64e-apple-ios.swiftmodule /Applications/Xcode.app/Contents/Developer/Toolchains/XcodeDefault.xctoolchain/usr/lib/swift/iphoneos/prebuilt-modules/26.5/XPC.swiftmodule/arm64e-apple-ios.swiftmodule /Applications/Xcode.app/Contents/Developer/Toolchains/XcodeDefault.xctoolchain/usr/lib/swift/iphoneos/prebuilt-modules/26.5/ObjectiveC.swiftmodule/arm64e-apple-ios.swiftmodule /Applications/Xcode.app/Contents/Developer/Toolchains/XcodeDefault.xctoolchain/usr/lib/swift/iphoneos/prebuilt-modules/26.5/Symbols.swiftmodule/arm64e-apple-ios.swiftmodule /tmp/woop-commit-review30-dd/ModuleCache.noindex/CoreText-5I5O3ET5GUQ082EBZMVG0TENJ.pcm /tmp/woop-commit-review30-dd/ModuleCache.noindex/WidgetKit-DAYQBFPTRND96QZ9M7B2MSGKY.pcm /tmp/woop-commit-review30-dd/ModuleCache.noindex/_Builtin_limits-68P6VNEDUYDTJ1NBA1XKT4WNX.pcm /tmp/woop-commit-review30-dd/ModuleCache.noindex/ActivityKit-CYX152TL704Q3A84XI1O56NKB.pcm /tmp/woop-commit-review30-dd/ModuleCache.noindex/dnssd-8XZLLG6S76APHDJSCT2YUUNIH.pcm /tmp/woop-commit-review30-dd/ModuleCache.noindex/Spatial-6EH66KQFDABLI56RWBW6VC78F.pcm /tmp/woop-commit-review30-dd/ModuleCache.noindex/CoreFoundation-CL9PQYYTFFBY5XPTZOJCARBVU.pcm /tmp/woop-commit-review30-dd/ModuleCache.noindex/_Builtin_stddef-763MJTEMPL6252GLMN409T8D.pcm /tmp/woop-commit-review30-dd/ModuleCache.noindex/FileProvider-1065J1QT2UK5GZ3CKJRKD71BY.pcm /tmp/woop-commit-review30-dd/ModuleCache.noindex/ExtensionFoundation-8IA4SVCZ0SLN9EKG89EGXAUTY.pcm /tmp/woop-commit-review30-dd/ModuleCache.noindex/Darwin-4XY3SKUPIM58ZPKFZ12SZK27Y.pcm /tmp/woop-commit-review30-dd/ModuleCache.noindex/OpenGLES-16M4WV9PGGMLSGC2NHQUQYIHH.pcm /tmp/woop-commit-review30-dd/ModuleCache.noindex/CoreGraphics-AE1421406UYWJCTV3RC1G8BMY.pcm /tmp/woop-commit-review30-dd/ModuleCache.noindex/UIUtilities-6GK3PR4RC20JZB8LYRLN4G327.pcm /tmp/woop-commit-review30-dd/ModuleCache.noindex/Network-4VZQZIET2W7YNOSMBI7OSK77K.pcm /tmp/woop-commit-review30-dd/ModuleCache.noindex/ImageIO-206MLSG9RJKE7UFM0E78EERO4.pcm /tmp/woop-commit-review30-dd/ModuleCache.noindex/Symbols-5TQQPW05KMCJXIDX59CAY2URT.pcm /tmp/woop-commit-review30-dd/ModuleCache.noindex/sys_types-DM47SWIM4LVON3X2AG7L14WUN.pcm /tmp/woop-commit-review30-dd/ModuleCache.noindex/UIKit-1CQD6LWLCDM0TUMTH03UZQ8ZU.pcm /tmp/woop-commit-review30-dd/ModuleCache.noindex/QuartzCore-26F539Q6KUSW5HNIS15N2K2SJ.pcm /tmp/woop-commit-review30-dd/ModuleCache.noindex/RelevanceKit-6XZ1OIDBBEYKAIRM3R3EQKFV4.pcm /tmp/woop-commit-review30-dd/ModuleCache.noindex/_Builtin_float-BIJJR88HSIL3F8O1EOCC40YWK.pcm /tmp/woop-commit-review30-dd/ModuleCache.noindex/DeveloperToolsSupport-XK19O1FMRPZFEXDF903VYIUU.pcm /tmp/woop-commit-review30-dd/ModuleCache.noindex/Intents-50N59A9XBUHGMAF71SZUXA3N9.pcm /tmp/woop-commit-review30-dd/ModuleCache.noindex/AppIntents-CQVX409N0YA5GNWYZ82UH4UHT.pcm /tmp/woop-commit-review30-dd/ModuleCache.noindex/MachO-CHL9UYYGJG03KCYY396XFHFJ5.pcm /tmp/woop-commit-review30-dd/ModuleCache.noindex/UniformTypeIdentifiers-BRVCFPG3F0BCZOZJPJ4AT02W.pcm /tmp/woop-commit-review30-dd/ModuleCache.noindex/SwiftUI-36LIGCLXU9T9G6WG030GVE3QA.pcm /tmp/woop-commit-review30-dd/ModuleCache.noindex/CFNetwork-CN019SSGWPVM9K36FUOVQFKR6.pcm /tmp/woop-commit-review30-dd/ModuleCache.noindex/DataDetection-92WGMBWLWP3IKCGIMX2HK3FEO.pcm /tmp/woop-commit-review30-dd/ModuleCache.noindex/OSLog-27GM2QJ83MCMTMGTQKKJLGGBD.pcm /tmp/woop-commit-review30-dd/ModuleCache.noindex/SwiftUICore-3F3TZLSZJWQHOAV5TV2LDDSQK.pcm /tmp/woop-commit-review30-dd/ModuleCache.noindex/_DarwinFoundation3-1SXUVMMZGWQ2AKJLJW619H5UP.pcm /tmp/woop-commit-review30-dd/ModuleCache.noindex/_Builtin_stdarg-EBYHJ76CK7PFW7003N8GY7ALY.pcm /tmp/woop-commit-review30-dd/ModuleCache.noindex/_DarwinFoundation2-AOE8DI7UKRUAWEQB3NNBGDJNW.pcm /tmp/woop-commit-review30-dd/ModuleCache.noindex/os_workgroup-C89CQ0YV8EI54T5Y95B4VAANB.pcm /tmp/woop-commit-review30-dd/ModuleCache.noindex/_Builtin_stdatomic-55EC1RMYGFUTEII1Q4M1ZEOHF.pcm /tmp/woop-commit-review30-dd/ModuleCache.noindex/_Builtin_inttypes-92GJB8VL0CR33EYXIUCNDGVD4.pcm /tmp/woop-commit-review30-dd/ModuleCache.noindex/_SwiftConcurrencyShims-APR56O9Y54PELRC029QLEJ9QP.pcm /tmp/woop-commit-review30-dd/ModuleCache.noindex/CoreLocation-23TG1WC8ZFGIKYYHXAS8GV6AQ.pcm /tmp/woop-commit-review30-dd/ModuleCache.noindex/os_object-A0PUX8K2LPQBAGX2YR3OSSIZO.pcm /tmp/woop-commit-review30-dd/ModuleCache.noindex/Foundation-5GFXVBWO2H7R9SO8S84ZCA2OY.pcm /tmp/woop-commit-review30-dd/ModuleCache.noindex/CoreData-AJGY6HEZORMM0UDZVVSYVK8ZX.pcm /tmp/woop-commit-review30-dd/ModuleCache.noindex/CoreSpotlight-C1Z7YABI0R8M9U0UI9G6831GC.pcm /tmp/woop-commit-review30-dd/ModuleCache.noindex/_Builtin_stdint-2OCA9J5ACOXFI5MKPBQYB5SH1.pcm /tmp/woop-commit-review30-dd/ModuleCache.noindex/ObjectiveC-9QC009CYI3YYZ1F87Y1O8PJWI.pcm /tmp/woop-commit-review30-dd/ModuleCache.noindex/CoreVideo-AFV4I84UAO2YZB85E3OC64FU1.pcm /tmp/woop-commit-review30-dd/ModuleCache.noindex/_LocationEssentials-BZK091STPOTX3W5YJ2TW9IVF6.pcm /tmp/woop-commit-review30-dd/ModuleCache.noindex/CoreTransferable-2BLIUHMIXNPDZ9HKTIJ7Z9VX8.pcm /tmp/woop-commit-review30-dd/ModuleCache.noindex/CoreImage-BAA8WNXBER0N64DRJ05Y0GRIB.pcm /tmp/woop-commit-review30-dd/ModuleCache.noindex/SwiftShims-AZUDDV3GR43QAHY15JK3FTNEP.pcm /tmp/woop-commit-review30-dd/ModuleCache.noindex/ptrauth-AE9QZD1I50HOLBP8HQF75HVP.pcm /tmp/woop-commit-review30-dd/ModuleCache.noindex/simd-B76RZ7IB8C4H0GWTLM18COS5U.pcm /tmp/woop-commit-review30-dd/ModuleCache.noindex/Dispatch-CMIVFCG30FWEKC7CR787B34VL.pcm /tmp/woop-commit-review30-dd/ModuleCache.noindex/Metal-DY3DRGLARRKENM7COB9WRY7I1.pcm /tmp/woop-commit-review30-dd/ModuleCache.noindex/XPC-36X7S1TPQTFTEJU0F40RDTKOU.pcm /tmp/woop-commit-review30-dd/ModuleCache.noindex/_AvailabilityInternal-7FD4336YGNQMXPRZ67JC94RMA.pcm /tmp/woop-commit-review30-dd/ModuleCache.noindex/IOSurface-684VOVRZ5FB6RA45LPKKFZ9CQ.pcm /tmp/woop-commit-review30-dd/ModuleCache.noindex/ptrcheck-WQ4R8FIVDWURWAAML8MFRD2O.pcm /tmp/woop-commit-review30-dd/ModuleCache.noindex/_Builtin_intrinsics-DNO3CUJTW5FDFXH9D4HPAT22B.pcm /tmp/woop-commit-review30-dd/ModuleCache.noindex/_DarwinFoundation1-33A40NLGZUA4Q4K5Q193XOBET.pcm /tmp/woop-commit-review30-dd/ModuleCache.noindex/os-38UA75FMUCW9DS0XW5ZRZCLSM.pcm /tmp/woop-commit-review30-dd/ModuleCache.noindex/Security-CUN3LRY3FCN74PTKO832C4THS.pcm /tmp/woop-commit-review30-dd/ModuleCache.noindex/Accessibility-214975EMFFF7EQKTL8INCDUNV.pcm /tmp/woop-commit-review30-dd/ModuleCache.noindex/_Builtin_tgmath-B33VEN44IV6URIMFF66B7MYGW.pcm /tmp/woop-commit-review30-dd/ModuleCache.noindex/_Builtin_stdbool-EK0I0U42OG90T6UQRC3BYW9V8.pcm /tmp/woop-commit-review30-dd/ModuleCache.noindex/UserNotifications-52U2NCBKDNIL6KCU9RTJCGYBJ.pcm /tmp/woop-commit-review30-dd/Build/Intermediates.noindex/Woop.build/Release-iphoneos/WoopWidgets.build/Objects-normal/arm64/WoopWidgets-dependencies-1.json (in target 'WoopWidgets' from project 'Woop')

CompileSwift normal arm64 (in target 'WoopWidgets' from project 'Woop')
    cd /tmp/woop-commit-review30
    

SwiftDriverJobDiscovery normal arm64 Compiling ImpGlyph.swift, WoopWidgetsBundle.swift, WorkoutLiveActivity.swift, MoonGlyph.swift, ProgressComet.swift, WorkoutActivity.swift (in target 'WoopWidgets' from project 'Woop')

SwiftDriver\ Compilation\ Requirements WoopWidgets normal arm64 com.apple.xcode.tools.swift.compiler (in target 'WoopWidgets' from project 'Woop')
    cd /tmp/woop-commit-review30
    builtin-Swift-Compilation-Requirements -- /Applications/Xcode.app/Contents/Developer/Toolchains/XcodeDefault.xctoolchain/usr/bin/swiftc -module-name WoopWidgets -O -whole-module-optimization @/tmp/woop-commit-review30-dd/Build/Intermediates.noindex/Woop.build/Release-iphoneos/WoopWidgets.build/Objects-normal/arm64/WoopWidgets.SwiftFileList -enable-bare-slash-regex -enable-experimental-feature DebugDescriptionMacro -sdk /Applications/Xcode.app/Contents/Developer/Platforms/iPhoneOS.platform/Developer/SDKs/iPhoneOS26.5.sdk -target arm64-apple-ios26.0 -g -module-cache-path /tmp/woop-commit-review30-dd/ModuleCache.noindex -Xfrontend -serialize-debugging-options -application-extension -swift-version 5 -I /tmp/woop-commit-review30-dd/Build/Products/Release-iphoneos -F /tmp/woop-commit-review30-dd/Build/Products/Release-iphoneos -emit-localized-strings -emit-localized-strings-path /tmp/woop-commit-review30-dd/Build/Intermediates.noindex/Woop.build/Release-iphoneos/WoopWidgets.build/Objects-normal/arm64 -c -num-threads 10 -Xcc -ivfsstatcache -Xcc /tmp/woop-commit-review30-dd/SDKStatCaches.noindex/iphoneos26.5-23F73-688ef53f1462e2c8f657fdc38a81448f32daed1954a7d5dd0789fcaf2a9bb78b.sdkstatcache -output-file-map /tmp/woop-commit-review30-dd/Build/Intermediates.noindex/Woop.build/Release-iphoneos/WoopWidgets.build/Objects-normal/arm64/WoopWidgets-OutputFileMap.json -use-frontend-parseable-output -save-temps -no-color-diagnostics -explicit-module-build -module-cache-path /tmp/woop-commit-review30-dd/Build/Intermediates.noindex/SwiftExplicitPrecompiledModules -clang-scanner-module-cache-path /tmp/woop-commit-review30-dd/ModuleCache.noindex -sdk-module-cache-path /tmp/woop-commit-review30-dd/ModuleCache.noindex -serialize-diagnostics -emit-dependencies -emit-module -emit-module-path /tmp/woop-commit-review30-dd/Build/Intermediates.noindex/Woop.build/Release-iphoneos/WoopWidgets.build/Objects-normal/arm64/WoopWidgets.swiftmodule -validate-clang-modules-once -clang-build-session-file /tmp/woop-commit-review30-dd/ModuleCache.noindex/Session.modulevalidation -Xcc -I/tmp/woop-commit-review30-dd/Build/Intermediates.noindex/Woop.build/Release-iphoneos/WoopWidgets.build/swift-overrides.hmap -emit-const-values -Xfrontend -const-gather-protocols-file -Xfrontend /tmp/woop-commit-review30-dd/Build/Intermediates.noindex/Woop.build/Release-iphoneos/WoopWidgets.build/Objects-normal/arm64/WoopWidgets_const_extract_protocols.json -Xcc -iquote -Xcc /tmp/woop-commit-review30-dd/Build/Intermediates.noindex/Woop.build/Release-iphoneos/WoopWidgets.build/WoopWidgets-generated-files.hmap -Xcc -I/tmp/woop-commit-review30-dd/Build/Intermediates.noindex/Woop.build/Release-iphoneos/WoopWidgets.build/WoopWidgets-own-target-headers.hmap -Xcc -I/tmp/woop-commit-review30-dd/Build/Intermediates.noindex/Woop.build/Release-iphoneos/WoopWidgets.build/WoopWidgets-all-target-headers.hmap -Xcc -iquote -Xcc /tmp/woop-commit-review30-dd/Build/Intermediates.noindex/Woop.build/Release-iphoneos/WoopWidgets.build/WoopWidgets-project-headers.hmap -Xcc -I/tmp/woop-commit-review30-dd/Build/Products/Release-iphoneos/include -Xcc -I/tmp/woop-commit-review30-dd/Build/Intermediates.noindex/Woop.build/Release-iphoneos/WoopWidgets.build/DerivedSources-normal/arm64 -Xcc -I/tmp/woop-commit-review30-dd/Build/Intermediates.noindex/Woop.build/Release-iphoneos/WoopWidgets.build/DerivedSources/arm64 -Xcc -I/tmp/woop-commit-review30-dd/Build/Intermediates.noindex/Woop.build/Release-iphoneos/WoopWidgets.build/DerivedSources -emit-objc-header -emit-objc-header-path /tmp/woop-commit-review30-dd/Build/Intermediates.noindex/Woop.build/Release-iphoneos/WoopWidgets.build/Objects-normal/arm64/WoopWidgets-Swift.h -working-directory /tmp/woop-commit-review30 -no-emit-module-separately-wmo

SwiftMergeGeneratedHeaders /tmp/woop-commit-review30-dd/Build/Intermediates.noindex/Woop.build/Release-iphoneos/WoopWidgets.build/DerivedSources/WoopWidgets-Swift.h /tmp/woop-commit-review30-dd/Build/Intermediates.noindex/Woop.build/Release-iphoneos/WoopWidgets.build/Objects-normal/arm64/WoopWidgets-Swift.h (in target 'WoopWidgets' from project 'Woop')
    cd /tmp/woop-commit-review30
    builtin-swiftHeaderTool -arch arm64 /tmp/woop-commit-review30-dd/Build/Intermediates.noindex/Woop.build/Release-iphoneos/WoopWidgets.build/Objects-normal/arm64/WoopWidgets-Swift.h -o /tmp/woop-commit-review30-dd/Build/Intermediates.noindex/Woop.build/Release-iphoneos/WoopWidgets.build/DerivedSources/WoopWidgets-Swift.h

Copy /tmp/woop-commit-review30-dd/Build/Products/Release-iphoneos/WoopWidgets.swiftmodule/arm64-apple-ios.swiftmodule /tmp/woop-commit-review30-dd/Build/Intermediates.noindex/Woop.build/Release-iphoneos/WoopWidgets.build/Objects-normal/arm64/WoopWidgets.swiftmodule (in target 'WoopWidgets' from project 'Woop')
    cd /tmp/woop-commit-review30
    builtin-copy -exclude .DS_Store -exclude CVS -exclude .svn -exclude .git -exclude .hg -resolve-src-symlinks -rename /tmp/woop-commit-review30-dd/Build/Intermediates.noindex/Woop.build/Release-iphoneos/WoopWidgets.build/Objects-normal/arm64/WoopWidgets.swiftmodule /tmp/woop-commit-review30-dd/Build/Products/Release-iphoneos/WoopWidgets.swiftmodule/arm64-apple-ios.swiftmodule

Copy /tmp/woop-commit-review30-dd/Build/Products/Release-iphoneos/WoopWidgets.swiftmodule/arm64-apple-ios.abi.json /tmp/woop-commit-review30-dd/Build/Intermediates.noindex/Woop.build/Release-iphoneos/WoopWidgets.build/Objects-normal/arm64/WoopWidgets.abi.json (in target 'WoopWidgets' from project 'Woop')
    cd /tmp/woop-commit-review30
    builtin-copy -exclude .DS_Store -exclude CVS -exclude .svn -exclude .git -exclude .hg -resolve-src-symlinks -rename /tmp/woop-commit-review30-dd/Build/Intermediates.noindex/Woop.build/Release-iphoneos/WoopWidgets.build/Objects-normal/arm64/WoopWidgets.abi.json /tmp/woop-commit-review30-dd/Build/Products/Release-iphoneos/WoopWidgets.swiftmodule/arm64-apple-ios.abi.json

Copy /tmp/woop-commit-review30-dd/Build/Products/Release-iphoneos/WoopWidgets.swiftmodule/arm64-apple-ios.swiftdoc /tmp/woop-commit-review30-dd/Build/Intermediates.noindex/Woop.build/Release-iphoneos/WoopWidgets.build/Objects-normal/arm64/WoopWidgets.swiftdoc (in target 'WoopWidgets' from project 'Woop')
    cd /tmp/woop-commit-review30
    builtin-copy -exclude .DS_Store -exclude CVS -exclude .svn -exclude .git -exclude .hg -resolve-src-symlinks -rename /tmp/woop-commit-review30-dd/Build/Intermediates.noindex/Woop.build/Release-iphoneos/WoopWidgets.build/Objects-normal/arm64/WoopWidgets.swiftdoc /tmp/woop-commit-review30-dd/Build/Products/Release-iphoneos/WoopWidgets.swiftmodule/arm64-apple-ios.swiftdoc

Copy /tmp/woop-commit-review30-dd/Build/Products/Release-iphoneos/WoopWidgets.swiftmodule/Project/arm64-apple-ios.swiftsourceinfo /tmp/woop-commit-review30-dd/Build/Intermediates.noindex/Woop.build/Release-iphoneos/WoopWidgets.build/Objects-normal/arm64/WoopWidgets.swiftsourceinfo (in target 'WoopWidgets' from project 'Woop')
    cd /tmp/woop-commit-review30
    builtin-copy -exclude .DS_Store -exclude CVS -exclude .svn -exclude .git -exclude .hg -resolve-src-symlinks -rename /tmp/woop-commit-review30-dd/Build/Intermediates.noindex/Woop.build/Release-iphoneos/WoopWidgets.build/Objects-normal/arm64/WoopWidgets.swiftsourceinfo /tmp/woop-commit-review30-dd/Build/Products/Release-iphoneos/WoopWidgets.swiftmodule/Project/arm64-apple-ios.swiftsourceinfo

Ld /tmp/woop-commit-review30-dd/Build/Products/Release-iphoneos/WoopWidgets.appex/WoopWidgets normal (in target 'WoopWidgets' from project 'Woop')
    cd /tmp/woop-commit-review30
    /Applications/Xcode.app/Contents/Developer/Toolchains/XcodeDefault.xctoolchain/usr/bin/clang -Xlinker -reproducible -target arm64-apple-ios26.0 -isysroot /Applications/Xcode.app/Contents/Developer/Platforms/iPhoneOS.platform/Developer/SDKs/iPhoneOS26.5.sdk -Os -L/tmp/woop-commit-review30-dd/Build/Intermediates.noindex/EagerLinkingTBDs/Release-iphoneos -L/tmp/woop-commit-review30-dd/Build/Products/Release-iphoneos -F/tmp/woop-commit-review30-dd/Build/Intermediates.noindex/EagerLinkingTBDs/Release-iphoneos -F/tmp/woop-commit-review30-dd/Build/Products/Release-iphoneos -filelist /tmp/woop-commit-review30-dd/Build/Intermediates.noindex/Woop.build/Release-iphoneos/WoopWidgets.build/Objects-normal/arm64/WoopWidgets.LinkFileList -Xlinker -rpath -Xlinker @executable_path/Frameworks -Xlinker -rpath -Xlinker @executable_path/../../Frameworks -Xlinker -dead_strip -Xlinker -object_path_lto -Xlinker /tmp/woop-commit-review30-dd/Build/Intermediates.noindex/Woop.build/Release-iphoneos/WoopWidgets.build/Objects-normal/arm64/WoopWidgets_lto.o -Xlinker -dependency_info -Xlinker /tmp/woop-commit-review30-dd/Build/Intermediates.noindex/Woop.build/Release-iphoneos/WoopWidgets.build/Objects-normal/arm64/WoopWidgets_dependency_info.dat -e _NSExtensionMain -fapplication-extension -fobjc-link-runtime -L/Applications/Xcode.app/Contents/Developer/Toolchains/XcodeDefault.xctoolchain/usr/lib/swift/iphoneos -L/usr/lib/swift -Xlinker -add_ast_path -Xlinker /tmp/woop-commit-review30-dd/Build/Intermediates.noindex/Woop.build/Release-iphoneos/WoopWidgets.build/Objects-normal/arm64/WoopWidgets.swiftmodule @/tmp/woop-commit-review30-dd/Build/Intermediates.noindex/Woop.build/Release-iphoneos/WoopWidgets.build/Objects-normal/arm64/WoopWidgets-linker-args.resp -o /tmp/woop-commit-review30-dd/Build/Products/Release-iphoneos/WoopWidgets.appex/WoopWidgets

MkDir /tmp/woop-commit-review30-dd/Build/Intermediates.noindex/Woop.build/Release-iphoneos/Woop.build/assetcatalog_output/thinned (in target 'Woop' from project 'Woop')
    cd /tmp/woop-commit-review30
    /bin/mkdir -p /tmp/woop-commit-review30-dd/Build/Intermediates.noindex/Woop.build/Release-iphoneos/Woop.build/assetcatalog_output/thinned

MkDir /tmp/woop-commit-review30-dd/Build/Intermediates.noindex/Woop.build/Release-iphoneos/Woop.build/assetcatalog_output/unthinned (in target 'Woop' from project 'Woop')
    cd /tmp/woop-commit-review30
    /bin/mkdir -p /tmp/woop-commit-review30-dd/Build/Intermediates.noindex/Woop.build/Release-iphoneos/Woop.build/assetcatalog_output/unthinned

CompileMetalFile /tmp/woop-commit-review30/Woop/WahouAura.metal (in target 'Woop' from project 'Woop')
    cd /tmp/woop-commit-review30
    /var/run/com.apple.security.cryptexd/mnt/com.apple.MobileAsset.MetalToolchain-v17.6.42.0.BA5Ggr/Metal.xctoolchain/usr/bin/metal -c -target air64-apple-ios26.0 -I/tmp/woop-commit-review30-dd/Build/Products/Release-iphoneos/include -F/tmp/woop-commit-review30-dd/Build/Products/Release-iphoneos -isysroot /Applications/Xcode.app/Contents/Developer/Platforms/iPhoneOS.platform/Developer/SDKs/iPhoneOS26.5.sdk -fmetal-math-mode\=fast -fmetal-math-fp32-functions\=fast -serialize-diagnostics /tmp/woop-commit-review30-dd/Build/Intermediates.noindex/Woop.build/Release-iphoneos/Woop.build/Metal/WahouAura.dia -o /tmp/woop-commit-review30-dd/Build/Intermediates.noindex/Woop.build/Release-iphoneos/Woop.build/Metal/WahouAura.air -MMD -MT dependencies -MF /tmp/woop-commit-review30-dd/Build/Intermediates.noindex/Woop.build/Release-iphoneos/Woop.build/Metal/WahouAura.dat /tmp/woop-commit-review30/Woop/WahouAura.metal

CompileMetalFile /tmp/woop-commit-review30/Woop/PorteCaresse.metal (in target 'Woop' from project 'Woop')
    cd /tmp/woop-commit-review30
    /var/run/com.apple.security.cryptexd/mnt/com.apple.MobileAsset.MetalToolchain-v17.6.42.0.BA5Ggr/Metal.xctoolchain/usr/bin/metal -c -target air64-apple-ios26.0 -I/tmp/woop-commit-review30-dd/Build/Products/Release-iphoneos/include -F/tmp/woop-commit-review30-dd/Build/Products/Release-iphoneos -isysroot /Applications/Xcode.app/Contents/Developer/Platforms/iPhoneOS.platform/Developer/SDKs/iPhoneOS26.5.sdk -fmetal-math-mode\=fast -fmetal-math-fp32-functions\=fast -serialize-diagnostics /tmp/woop-commit-review30-dd/Build/Intermediates.noindex/Woop.build/Release-iphoneos/Woop.build/Metal/PorteCaresse.dia -o /tmp/woop-commit-review30-dd/Build/Intermediates.noindex/Woop.build/Release-iphoneos/Woop.build/Metal/PorteCaresse.air -MMD -MT dependencies -MF /tmp/woop-commit-review30-dd/Build/Intermediates.noindex/Woop.build/Release-iphoneos/Woop.build/Metal/PorteCaresse.dat /tmp/woop-commit-review30/Woop/PorteCaresse.metal

GenerateAssetSymbols /tmp/woop-commit-review30/Woop/AppIcon.icon /tmp/woop-commit-review30/Woop/Assets.xcassets (in target 'Woop' from project 'Woop')
    cd /tmp/woop-commit-review30
    /Applications/Xcode.app/Contents/Developer/usr/bin/actool /tmp/woop-commit-review30/Woop/AppIcon.icon /tmp/woop-commit-review30/Woop/Assets.xcassets --compile /tmp/woop-commit-review30-dd/Build/Products/Release-iphoneos/Woop.app --output-format human-readable-text --notices --warnings --export-dependency-info /tmp/woop-commit-review30-dd/Build/Intermediates.noindex/Woop.build/Release-iphoneos/Woop.build/assetcatalog_dependencies --output-partial-info-plist /tmp/woop-commit-review30-dd/Build/Intermediates.noindex/Woop.build/Release-iphoneos/Woop.build/assetcatalog_generated_info.plist --app-icon AppIcon --accent-color AccentColor --compress-pngs --enable-on-demand-resources YES --development-region fr --target-device iphone --minimum-deployment-target 26.0 --platform iphoneos --bundle-identifier fr.kathryn.woop --generate-swift-asset-symbol-extensions NO --generate-swift-asset-symbols /tmp/woop-commit-review30-dd/Build/Intermediates.noindex/Woop.build/Release-iphoneos/Woop.build/DerivedSources/GeneratedAssetSymbols.swift --generate-objc-asset-symbols /tmp/woop-commit-review30-dd/Build/Intermediates.noindex/Woop.build/Release-iphoneos/Woop.build/DerivedSources/GeneratedAssetSymbols.h --generate-asset-symbol-index /tmp/woop-commit-review30-dd/Build/Intermediates.noindex/Woop.build/Release-iphoneos/Woop.build/DerivedSources/GeneratedAssetSymbols-Index.plist
/* com.apple.actool.compilation-results */
/tmp/woop-commit-review30-dd/Build/Intermediates.noindex/Woop.build/Release-iphoneos/Woop.build/DerivedSources/GeneratedAssetSymbols-Index.plist
/tmp/woop-commit-review30-dd/Build/Intermediates.noindex/Woop.build/Release-iphoneos/Woop.build/DerivedSources/GeneratedAssetSymbols.h
/tmp/woop-commit-review30-dd/Build/Intermediates.noindex/Woop.build/Release-iphoneos/Woop.build/DerivedSources/GeneratedAssetSymbols.swift


CompileMetalFile /tmp/woop-commit-review30/Woop/VerreCoulant.metal (in target 'Woop' from project 'Woop')
    cd /tmp/woop-commit-review30
    /var/run/com.apple.security.cryptexd/mnt/com.apple.MobileAsset.MetalToolchain-v17.6.42.0.BA5Ggr/Metal.xctoolchain/usr/bin/metal -c -target air64-apple-ios26.0 -I/tmp/woop-commit-review30-dd/Build/Products/Release-iphoneos/include -F/tmp/woop-commit-review30-dd/Build/Products/Release-iphoneos -isysroot /Applications/Xcode.app/Contents/Developer/Platforms/iPhoneOS.platform/Developer/SDKs/iPhoneOS26.5.sdk -fmetal-math-mode\=fast -fmetal-math-fp32-functions\=fast -serialize-diagnostics /tmp/woop-commit-review30-dd/Build/Intermediates.noindex/Woop.build/Release-iphoneos/Woop.build/Metal/VerreCoulant-5f8bec11aa3a1bc0b8b4af2976af08e9.dia -o /tmp/woop-commit-review30-dd/Build/Intermediates.noindex/Woop.build/Release-iphoneos/Woop.build/Metal/VerreCoulant-5f8bec11aa3a1bc0b8b4af2976af08e9.air -MMD -MT dependencies -MF /tmp/woop-commit-review30-dd/Build/Intermediates.noindex/Woop.build/Release-iphoneos/Woop.build/Metal/VerreCoulant-5f8bec11aa3a1bc0b8b4af2976af08e9.dat /tmp/woop-commit-review30/Woop/VerreCoulant.metal
/tmp/woop-commit-review30/Woop/VerreCoulant.metal:138:11: warning: unused variable 'swell' [-Wunused-variable]
    float swell = 1.0 + 0.050 * sin(t * 6.2832 / 8.7)
          ^
1 warning generated.

CompileMetalFile /tmp/woop-commit-review30/Woop/TreasureBadge.metal (in target 'Woop' from project 'Woop')
    cd /tmp/woop-commit-review30
    /var/run/com.apple.security.cryptexd/mnt/com.apple.MobileAsset.MetalToolchain-v17.6.42.0.BA5Ggr/Metal.xctoolchain/usr/bin/metal -c -target air64-apple-ios26.0 -I/tmp/woop-commit-review30-dd/Build/Products/Release-iphoneos/include -F/tmp/woop-commit-review30-dd/Build/Products/Release-iphoneos -isysroot /Applications/Xcode.app/Contents/Developer/Platforms/iPhoneOS.platform/Developer/SDKs/iPhoneOS26.5.sdk -fmetal-math-mode\=fast -fmetal-math-fp32-functions\=fast -serialize-diagnostics /tmp/woop-commit-review30-dd/Build/Intermediates.noindex/Woop.build/Release-iphoneos/Woop.build/Metal/TreasureBadge.dia -o /tmp/woop-commit-review30-dd/Build/Intermediates.noindex/Woop.build/Release-iphoneos/Woop.build/Metal/TreasureBadge.air -MMD -MT dependencies -MF /tmp/woop-commit-review30-dd/Build/Intermediates.noindex/Woop.build/Release-iphoneos/Woop.build/Metal/TreasureBadge.dat /tmp/woop-commit-review30/Woop/TreasureBadge.metal

CompileMetalFile /tmp/woop-commit-review30/Woop/VerreGalet.metal (in target 'Woop' from project 'Woop')
    cd /tmp/woop-commit-review30
    /var/run/com.apple.security.cryptexd/mnt/com.apple.MobileAsset.MetalToolchain-v17.6.42.0.BA5Ggr/Metal.xctoolchain/usr/bin/metal -c -target air64-apple-ios26.0 -I/tmp/woop-commit-review30-dd/Build/Products/Release-iphoneos/include -F/tmp/woop-commit-review30-dd/Build/Products/Release-iphoneos -isysroot /Applications/Xcode.app/Contents/Developer/Platforms/iPhoneOS.platform/Developer/SDKs/iPhoneOS26.5.sdk -fmetal-math-mode\=fast -fmetal-math-fp32-functions\=fast -serialize-diagnostics /tmp/woop-commit-review30-dd/Build/Intermediates.noindex/Woop.build/Release-iphoneos/Woop.build/Metal/VerreGalet.dia -o /tmp/woop-commit-review30-dd/Build/Intermediates.noindex/Woop.build/Release-iphoneos/Woop.build/Metal/VerreGalet.air -MMD -MT dependencies -MF /tmp/woop-commit-review30-dd/Build/Intermediates.noindex/Woop.build/Release-iphoneos/Woop.build/Metal/VerreGalet.dat /tmp/woop-commit-review30/Woop/VerreGalet.metal

CompileMetalFile /tmp/woop-commit-review30/Woop/PieceVerre.metal (in target 'Woop' from project 'Woop')
    cd /tmp/woop-commit-review30
    /var/run/com.apple.security.cryptexd/mnt/com.apple.MobileAsset.MetalToolchain-v17.6.42.0.BA5Ggr/Metal.xctoolchain/usr/bin/metal -c -target air64-apple-ios26.0 -I/tmp/woop-commit-review30-dd/Build/Products/Release-iphoneos/include -F/tmp/woop-commit-review30-dd/Build/Products/Release-iphoneos -isysroot /Applications/Xcode.app/Contents/Developer/Platforms/iPhoneOS.platform/Developer/SDKs/iPhoneOS26.5.sdk -fmetal-math-mode\=fast -fmetal-math-fp32-functions\=fast -serialize-diagnostics /tmp/woop-commit-review30-dd/Build/Intermediates.noindex/Woop.build/Release-iphoneos/Woop.build/Metal/PieceVerre.dia -o /tmp/woop-commit-review30-dd/Build/Intermediates.noindex/Woop.build/Release-iphoneos/Woop.build/Metal/PieceVerre.air -MMD -MT dependencies -MF /tmp/woop-commit-review30-dd/Build/Intermediates.noindex/Woop.build/Release-iphoneos/Woop.build/Metal/PieceVerre.dat /tmp/woop-commit-review30/Woop/PieceVerre.metal

CompileMetalFile /tmp/woop-commit-review30/Woop/PebbleDust.metal (in target 'Woop' from project 'Woop')
    cd /tmp/woop-commit-review30
    /var/run/com.apple.security.cryptexd/mnt/com.apple.MobileAsset.MetalToolchain-v17.6.42.0.BA5Ggr/Metal.xctoolchain/usr/bin/metal -c -target air64-apple-ios26.0 -I/tmp/woop-commit-review30-dd/Build/Products/Release-iphoneos/include -F/tmp/woop-commit-review30-dd/Build/Products/Release-iphoneos -isysroot /Applications/Xcode.app/Contents/Developer/Platforms/iPhoneOS.platform/Developer/SDKs/iPhoneOS26.5.sdk -fmetal-math-mode\=fast -fmetal-math-fp32-functions\=fast -serialize-diagnostics /tmp/woop-commit-review30-dd/Build/Intermediates.noindex/Woop.build/Release-iphoneos/Woop.build/Metal/PebbleDust.dia -o /tmp/woop-commit-review30-dd/Build/Intermediates.noindex/Woop.build/Release-iphoneos/Woop.build/Metal/PebbleDust.air -MMD -MT dependencies -MF /tmp/woop-commit-review30-dd/Build/Intermediates.noindex/Woop.build/Release-iphoneos/Woop.build/Metal/PebbleDust.dat /tmp/woop-commit-review30/Woop/PebbleDust.metal

CompileMetalFile /tmp/woop-commit-review30/Woop/ObsidianCard.metal (in target 'Woop' from project 'Woop')
    cd /tmp/woop-commit-review30
    /var/run/com.apple.security.cryptexd/mnt/com.apple.MobileAsset.MetalToolchain-v17.6.42.0.BA5Ggr/Metal.xctoolchain/usr/bin/metal -c -target air64-apple-ios26.0 -I/tmp/woop-commit-review30-dd/Build/Products/Release-iphoneos/include -F/tmp/woop-commit-review30-dd/Build/Products/Release-iphoneos -isysroot /Applications/Xcode.app/Contents/Developer/Platforms/iPhoneOS.platform/Developer/SDKs/iPhoneOS26.5.sdk -fmetal-math-mode\=fast -fmetal-math-fp32-functions\=fast -serialize-diagnostics /tmp/woop-commit-review30-dd/Build/Intermediates.noindex/Woop.build/Release-iphoneos/Woop.build/Metal/ObsidianCard-dce7abc12de43d242d0da153b0e6c953.dia -o /tmp/woop-commit-review30-dd/Build/Intermediates.noindex/Woop.build/Release-iphoneos/Woop.build/Metal/ObsidianCard-dce7abc12de43d242d0da153b0e6c953.air -MMD -MT dependencies -MF /tmp/woop-commit-review30-dd/Build/Intermediates.noindex/Woop.build/Release-iphoneos/Woop.build/Metal/ObsidianCard-dce7abc12de43d242d0da153b0e6c953.dat /tmp/woop-commit-review30/Woop/ObsidianCard.metal
/tmp/woop-commit-review30/Woop/ObsidianCard.metal:72:14: warning: unused function 'olobe' [-Wunused-function]
static float olobe(float2 p, float2 c, float2 s) {
             ^
/tmp/woop-commit-review30/Woop/ObsidianCard.metal:89:17: warning: unused variable 'kWarm' [-Wunused-const-variable]
constant float3 kWarm = float3(1.000, 0.456, 0.154);   // la source chaude
                ^
/tmp/woop-commit-review30/Woop/ObsidianCard.metal:97:17: warning: unused variable 'kRim' [-Wunused-const-variable]
constant float3 kRim  = float3(1.000, 0.600, 0.320);
                ^
3 warnings generated.

CompileMetalFile /tmp/woop-commit-review30/Woop/ObjectiveJewel.metal (in target 'Woop' from project 'Woop')
    cd /tmp/woop-commit-review30
    /var/run/com.apple.security.cryptexd/mnt/com.apple.MobileAsset.MetalToolchain-v17.6.42.0.BA5Ggr/Metal.xctoolchain/usr/bin/metal -c -target air64-apple-ios26.0 -I/tmp/woop-commit-review30-dd/Build/Products/Release-iphoneos/include -F/tmp/woop-commit-review30-dd/Build/Products/Release-iphoneos -isysroot /Applications/Xcode.app/Contents/Developer/Platforms/iPhoneOS.platform/Developer/SDKs/iPhoneOS26.5.sdk -fmetal-math-mode\=fast -fmetal-math-fp32-functions\=fast -serialize-diagnostics /tmp/woop-commit-review30-dd/Build/Intermediates.noindex/Woop.build/Release-iphoneos/Woop.build/Metal/ObjectiveJewel.dia -o /tmp/woop-commit-review30-dd/Build/Intermediates.noindex/Woop.build/Release-iphoneos/Woop.build/Metal/ObjectiveJewel.air -MMD -MT dependencies -MF /tmp/woop-commit-review30-dd/Build/Intermediates.noindex/Woop.build/Release-iphoneos/Woop.build/Metal/ObjectiveJewel.dat /tmp/woop-commit-review30/Woop/ObjectiveJewel.metal

CompileMetalFile /tmp/woop-commit-review30/Woop/NeonPrimary.metal (in target 'Woop' from project 'Woop')
    cd /tmp/woop-commit-review30
    /var/run/com.apple.security.cryptexd/mnt/com.apple.MobileAsset.MetalToolchain-v17.6.42.0.BA5Ggr/Metal.xctoolchain/usr/bin/metal -c -target air64-apple-ios26.0 -I/tmp/woop-commit-review30-dd/Build/Products/Release-iphoneos/include -F/tmp/woop-commit-review30-dd/Build/Products/Release-iphoneos -isysroot /Applications/Xcode.app/Contents/Developer/Platforms/iPhoneOS.platform/Developer/SDKs/iPhoneOS26.5.sdk -fmetal-math-mode\=fast -fmetal-math-fp32-functions\=fast -serialize-diagnostics /tmp/woop-commit-review30-dd/Build/Intermediates.noindex/Woop.build/Release-iphoneos/Woop.build/Metal/NeonPrimary.dia -o /tmp/woop-commit-review30-dd/Build/Intermediates.noindex/Woop.build/Release-iphoneos/Woop.build/Metal/NeonPrimary.air -MMD -MT dependencies -MF /tmp/woop-commit-review30-dd/Build/Intermediates.noindex/Woop.build/Release-iphoneos/Woop.build/Metal/NeonPrimary.dat /tmp/woop-commit-review30/Woop/NeonPrimary.metal

GenerateDSYMFile /tmp/woop-commit-review30-dd/Build/Products/Release-iphoneos/WoopWidgets.appex.dSYM /tmp/woop-commit-review30-dd/Build/Products/Release-iphoneos/WoopWidgets.appex/WoopWidgets (in target 'WoopWidgets' from project 'Woop')
    cd /tmp/woop-commit-review30
    /Applications/Xcode.app/Contents/Developer/Toolchains/XcodeDefault.xctoolchain/usr/bin/dsymutil /tmp/woop-commit-review30-dd/Build/Products/Release-iphoneos/WoopWidgets.appex/WoopWidgets -o /tmp/woop-commit-review30-dd/Build/Products/Release-iphoneos/WoopWidgets.appex.dSYM
warning: /tmp/woop-commit-review30/-dd/ModuleCache.noindex/SwiftShims-AZUDDV3GR43QAHY15JK3FTNEP.pcm: No such file or directory
note: while processing /tmp/woop-commit-review30/-dd/ModuleCache.noindex/SwiftShims-AZUDDV3GR43QAHY15JK3FTNEP.pcm

CompileMetalFile /tmp/woop-commit-review30/Woop/NebulaShaders.metal (in target 'Woop' from project 'Woop')
    cd /tmp/woop-commit-review30
    /var/run/com.apple.security.cryptexd/mnt/com.apple.MobileAsset.MetalToolchain-v17.6.42.0.BA5Ggr/Metal.xctoolchain/usr/bin/metal -c -target air64-apple-ios26.0 -I/tmp/woop-commit-review30-dd/Build/Products/Release-iphoneos/include -F/tmp/woop-commit-review30-dd/Build/Products/Release-iphoneos -isysroot /Applications/Xcode.app/Contents/Developer/Platforms/iPhoneOS.platform/Developer/SDKs/iPhoneOS26.5.sdk -fmetal-math-mode\=fast -fmetal-math-fp32-functions\=fast -serialize-diagnostics /tmp/woop-commit-review30-dd/Build/Intermediates.noindex/Woop.build/Release-iphoneos/Woop.build/Metal/NebulaShaders.dia -o /tmp/woop-commit-review30-dd/Build/Intermediates.noindex/Woop.build/Release-iphoneos/Woop.build/Metal/NebulaShaders.air -MMD -MT dependencies -MF /tmp/woop-commit-review30-dd/Build/Intermediates.noindex/Woop.build/Release-iphoneos/Woop.build/Metal/NebulaShaders.dat /tmp/woop-commit-review30/Woop/NebulaShaders.metal

CompileMetalFile /tmp/woop-commit-review30/Woop/NavMonolith.metal (in target 'Woop' from project 'Woop')
    cd /tmp/woop-commit-review30
    /var/run/com.apple.security.cryptexd/mnt/com.apple.MobileAsset.MetalToolchain-v17.6.42.0.BA5Ggr/Metal.xctoolchain/usr/bin/metal -c -target air64-apple-ios26.0 -I/tmp/woop-commit-review30-dd/Build/Products/Release-iphoneos/include -F/tmp/woop-commit-review30-dd/Build/Products/Release-iphoneos -isysroot /Applications/Xcode.app/Contents/Developer/Platforms/iPhoneOS.platform/Developer/SDKs/iPhoneOS26.5.sdk -fmetal-math-mode\=fast -fmetal-math-fp32-functions\=fast -serialize-diagnostics /tmp/woop-commit-review30-dd/Build/Intermediates.noindex/Woop.build/Release-iphoneos/Woop.build/Metal/NavMonolith.dia -o /tmp/woop-commit-review30-dd/Build/Intermediates.noindex/Woop.build/Release-iphoneos/Woop.build/Metal/NavMonolith.air -MMD -MT dependencies -MF /tmp/woop-commit-review30-dd/Build/Intermediates.noindex/Woop.build/Release-iphoneos/Woop.build/Metal/NavMonolith.dat /tmp/woop-commit-review30/Woop/NavMonolith.metal

CompileMetalFile /tmp/woop-commit-review30/Woop/MoonCoin.metal (in target 'Woop' from project 'Woop')
    cd /tmp/woop-commit-review30
    /var/run/com.apple.security.cryptexd/mnt/com.apple.MobileAsset.MetalToolchain-v17.6.42.0.BA5Ggr/Metal.xctoolchain/usr/bin/metal -c -target air64-apple-ios26.0 -I/tmp/woop-commit-review30-dd/Build/Products/Release-iphoneos/include -F/tmp/woop-commit-review30-dd/Build/Products/Release-iphoneos -isysroot /Applications/Xcode.app/Contents/Developer/Platforms/iPhoneOS.platform/Developer/SDKs/iPhoneOS26.5.sdk -fmetal-math-mode\=fast -fmetal-math-fp32-functions\=fast -serialize-diagnostics /tmp/woop-commit-review30-dd/Build/Intermediates.noindex/Woop.build/Release-iphoneos/Woop.build/Metal/MoonCoin.dia -o /tmp/woop-commit-review30-dd/Build/Intermediates.noindex/Woop.build/Release-iphoneos/Woop.build/Metal/MoonCoin.air -MMD -MT dependencies -MF /tmp/woop-commit-review30-dd/Build/Intermediates.noindex/Woop.build/Release-iphoneos/Woop.build/Metal/MoonCoin.dat /tmp/woop-commit-review30/Woop/MoonCoin.metal

CompileMetalFile /tmp/woop-commit-review30/Woop/LogoMonolith.metal (in target 'Woop' from project 'Woop')
    cd /tmp/woop-commit-review30
    /var/run/com.apple.security.cryptexd/mnt/com.apple.MobileAsset.MetalToolchain-v17.6.42.0.BA5Ggr/Metal.xctoolchain/usr/bin/metal -c -target air64-apple-ios26.0 -I/tmp/woop-commit-review30-dd/Build/Products/Release-iphoneos/include -F/tmp/woop-commit-review30-dd/Build/Products/Release-iphoneos -isysroot /Applications/Xcode.app/Contents/Developer/Platforms/iPhoneOS.platform/Developer/SDKs/iPhoneOS26.5.sdk -fmetal-math-mode\=fast -fmetal-math-fp32-functions\=fast -serialize-diagnostics /tmp/woop-commit-review30-dd/Build/Intermediates.noindex/Woop.build/Release-iphoneos/Woop.build/Metal/LogoMonolith.dia -o /tmp/woop-commit-review30-dd/Build/Intermediates.noindex/Woop.build/Release-iphoneos/Woop.build/Metal/LogoMonolith.air -MMD -MT dependencies -MF /tmp/woop-commit-review30-dd/Build/Intermediates.noindex/Woop.build/Release-iphoneos/Woop.build/Metal/LogoMonolith.dat /tmp/woop-commit-review30/Woop/LogoMonolith.metal

CompileMetalFile /tmp/woop-commit-review30/Woop/LoginAurora.metal (in target 'Woop' from project 'Woop')
    cd /tmp/woop-commit-review30
    /var/run/com.apple.security.cryptexd/mnt/com.apple.MobileAsset.MetalToolchain-v17.6.42.0.BA5Ggr/Metal.xctoolchain/usr/bin/metal -c -target air64-apple-ios26.0 -I/tmp/woop-commit-review30-dd/Build/Products/Release-iphoneos/include -F/tmp/woop-commit-review30-dd/Build/Products/Release-iphoneos -isysroot /Applications/Xcode.app/Contents/Developer/Platforms/iPhoneOS.platform/Developer/SDKs/iPhoneOS26.5.sdk -fmetal-math-mode\=fast -fmetal-math-fp32-functions\=fast -serialize-diagnostics /tmp/woop-commit-review30-dd/Build/Intermediates.noindex/Woop.build/Release-iphoneos/Woop.build/Metal/LoginAurora.dia -o /tmp/woop-commit-review30-dd/Build/Intermediates.noindex/Woop.build/Release-iphoneos/Woop.build/Metal/LoginAurora.air -MMD -MT dependencies -MF /tmp/woop-commit-review30-dd/Build/Intermediates.noindex/Woop.build/Release-iphoneos/Woop.build/Metal/LoginAurora.dat /tmp/woop-commit-review30/Woop/LoginAurora.metal

CompileMetalFile /tmp/woop-commit-review30/Woop/LiquidLens.metal (in target 'Woop' from project 'Woop')
    cd /tmp/woop-commit-review30
    /var/run/com.apple.security.cryptexd/mnt/com.apple.MobileAsset.MetalToolchain-v17.6.42.0.BA5Ggr/Metal.xctoolchain/usr/bin/metal -c -target air64-apple-ios26.0 -I/tmp/woop-commit-review30-dd/Build/Products/Release-iphoneos/include -F/tmp/woop-commit-review30-dd/Build/Products/Release-iphoneos -isysroot /Applications/Xcode.app/Contents/Developer/Platforms/iPhoneOS.platform/Developer/SDKs/iPhoneOS26.5.sdk -fmetal-math-mode\=fast -fmetal-math-fp32-functions\=fast -serialize-diagnostics /tmp/woop-commit-review30-dd/Build/Intermediates.noindex/Woop.build/Release-iphoneos/Woop.build/Metal/LiquidLens.dia -o /tmp/woop-commit-review30-dd/Build/Intermediates.noindex/Woop.build/Release-iphoneos/Woop.build/Metal/LiquidLens.air -MMD -MT dependencies -MF /tmp/woop-commit-review30-dd/Build/Intermediates.noindex/Woop.build/Release-iphoneos/Woop.build/Metal/LiquidLens.dat /tmp/woop-commit-review30/Woop/LiquidLens.metal

CompileMetalFile /tmp/woop-commit-review30/Woop/JaugeLacque.metal (in target 'Woop' from project 'Woop')
    cd /tmp/woop-commit-review30
    /var/run/com.apple.security.cryptexd/mnt/com.apple.MobileAsset.MetalToolchain-v17.6.42.0.BA5Ggr/Metal.xctoolchain/usr/bin/metal -c -target air64-apple-ios26.0 -I/tmp/woop-commit-review30-dd/Build/Products/Release-iphoneos/include -F/tmp/woop-commit-review30-dd/Build/Products/Release-iphoneos -isysroot /Applications/Xcode.app/Contents/Developer/Platforms/iPhoneOS.platform/Developer/SDKs/iPhoneOS26.5.sdk -fmetal-math-mode\=fast -fmetal-math-fp32-functions\=fast -serialize-diagnostics /tmp/woop-commit-review30-dd/Build/Intermediates.noindex/Woop.build/Release-iphoneos/Woop.build/Metal/JaugeLacque.dia -o /tmp/woop-commit-review30-dd/Build/Intermediates.noindex/Woop.build/Release-iphoneos/Woop.build/Metal/JaugeLacque.air -MMD -MT dependencies -MF /tmp/woop-commit-review30-dd/Build/Intermediates.noindex/Woop.build/Release-iphoneos/Woop.build/Metal/JaugeLacque.dat /tmp/woop-commit-review30/Woop/JaugeLacque.metal

CompileMetalFile /tmp/woop-commit-review30/Woop/HomeNuit.metal (in target 'Woop' from project 'Woop')
    cd /tmp/woop-commit-review30
    /var/run/com.apple.security.cryptexd/mnt/com.apple.MobileAsset.MetalToolchain-v17.6.42.0.BA5Ggr/Metal.xctoolchain/usr/bin/metal -c -target air64-apple-ios26.0 -I/tmp/woop-commit-review30-dd/Build/Products/Release-iphoneos/include -F/tmp/woop-commit-review30-dd/Build/Products/Release-iphoneos -isysroot /Applications/Xcode.app/Contents/Developer/Platforms/iPhoneOS.platform/Developer/SDKs/iPhoneOS26.5.sdk -fmetal-math-mode\=fast -fmetal-math-fp32-functions\=fast -serialize-diagnostics /tmp/woop-commit-review30-dd/Build/Intermediates.noindex/Woop.build/Release-iphoneos/Woop.build/Metal/HomeNuit-f1c834a107c7e43fc5590ced038c7e2a.dia -o /tmp/woop-commit-review30-dd/Build/Intermediates.noindex/Woop.build/Release-iphoneos/Woop.build/Metal/HomeNuit-f1c834a107c7e43fc5590ced038c7e2a.air -MMD -MT dependencies -MF /tmp/woop-commit-review30-dd/Build/Intermediates.noindex/Woop.build/Release-iphoneos/Woop.build/Metal/HomeNuit-f1c834a107c7e43fc5590ced038c7e2a.dat /tmp/woop-commit-review30/Woop/HomeNuit.metal
/tmp/woop-commit-review30/Woop/HomeNuit.metal:41:17: warning: unused variable 'NR_BRAISE' [-Wunused-const-variable]
constant float3 NR_BRAISE = float3(1.00, 0.62, 0.24);
                ^
1 warning generated.

CompileMetalFile /tmp/woop-commit-review30/Woop/HaloDawn.metal (in target 'Woop' from project 'Woop')
    cd /tmp/woop-commit-review30
    /var/run/com.apple.security.cryptexd/mnt/com.apple.MobileAsset.MetalToolchain-v17.6.42.0.BA5Ggr/Metal.xctoolchain/usr/bin/metal -c -target air64-apple-ios26.0 -I/tmp/woop-commit-review30-dd/Build/Products/Release-iphoneos/include -F/tmp/woop-commit-review30-dd/Build/Products/Release-iphoneos -isysroot /Applications/Xcode.app/Contents/Developer/Platforms/iPhoneOS.platform/Developer/SDKs/iPhoneOS26.5.sdk -fmetal-math-mode\=fast -fmetal-math-fp32-functions\=fast -serialize-diagnostics /tmp/woop-commit-review30-dd/Build/Intermediates.noindex/Woop.build/Release-iphoneos/Woop.build/Metal/HaloDawn.dia -o /tmp/woop-commit-review30-dd/Build/Intermediates.noindex/Woop.build/Release-iphoneos/Woop.build/Metal/HaloDawn.air -MMD -MT dependencies -MF /tmp/woop-commit-review30-dd/Build/Intermediates.noindex/Woop.build/Release-iphoneos/Woop.build/Metal/HaloDawn.dat /tmp/woop-commit-review30/Woop/HaloDawn.metal

CompileMetalFile /tmp/woop-commit-review30/Woop/GaletStage.metal (in target 'Woop' from project 'Woop')
    cd /tmp/woop-commit-review30
    /var/run/com.apple.security.cryptexd/mnt/com.apple.MobileAsset.MetalToolchain-v17.6.42.0.BA5Ggr/Metal.xctoolchain/usr/bin/metal -c -target air64-apple-ios26.0 -I/tmp/woop-commit-review30-dd/Build/Products/Release-iphoneos/include -F/tmp/woop-commit-review30-dd/Build/Products/Release-iphoneos -isysroot /Applications/Xcode.app/Contents/Developer/Platforms/iPhoneOS.platform/Developer/SDKs/iPhoneOS26.5.sdk -fmetal-math-mode\=fast -fmetal-math-fp32-functions\=fast -serialize-diagnostics /tmp/woop-commit-review30-dd/Build/Intermediates.noindex/Woop.build/Release-iphoneos/Woop.build/Metal/GaletStage.dia -o /tmp/woop-commit-review30-dd/Build/Intermediates.noindex/Woop.build/Release-iphoneos/Woop.build/Metal/GaletStage.air -MMD -MT dependencies -MF /tmp/woop-commit-review30-dd/Build/Intermediates.noindex/Woop.build/Release-iphoneos/Woop.build/Metal/GaletStage.dat /tmp/woop-commit-review30/Woop/GaletStage.metal

CompileMetalFile /tmp/woop-commit-review30/Woop/GaletMedaillon.metal (in target 'Woop' from project 'Woop')
    cd /tmp/woop-commit-review30
    /var/run/com.apple.security.cryptexd/mnt/com.apple.MobileAsset.MetalToolchain-v17.6.42.0.BA5Ggr/Metal.xctoolchain/usr/bin/metal -c -target air64-apple-ios26.0 -I/tmp/woop-commit-review30-dd/Build/Products/Release-iphoneos/include -F/tmp/woop-commit-review30-dd/Build/Products/Release-iphoneos -isysroot /Applications/Xcode.app/Contents/Developer/Platforms/iPhoneOS.platform/Developer/SDKs/iPhoneOS26.5.sdk -fmetal-math-mode\=fast -fmetal-math-fp32-functions\=fast -serialize-diagnostics /tmp/woop-commit-review30-dd/Build/Intermediates.noindex/Woop.build/Release-iphoneos/Woop.build/Metal/GaletMedaillon.dia -o /tmp/woop-commit-review30-dd/Build/Intermediates.noindex/Woop.build/Release-iphoneos/Woop.build/Metal/GaletMedaillon.air -MMD -MT dependencies -MF /tmp/woop-commit-review30-dd/Build/Intermediates.noindex/Woop.build/Release-iphoneos/Woop.build/Metal/GaletMedaillon.dat /tmp/woop-commit-review30/Woop/GaletMedaillon.metal

CompileMetalFile /tmp/woop-commit-review30/Woop/GaletLisere.metal (in target 'Woop' from project 'Woop')
    cd /tmp/woop-commit-review30
    /var/run/com.apple.security.cryptexd/mnt/com.apple.MobileAsset.MetalToolchain-v17.6.42.0.BA5Ggr/Metal.xctoolchain/usr/bin/metal -c -target air64-apple-ios26.0 -I/tmp/woop-commit-review30-dd/Build/Products/Release-iphoneos/include -F/tmp/woop-commit-review30-dd/Build/Products/Release-iphoneos -isysroot /Applications/Xcode.app/Contents/Developer/Platforms/iPhoneOS.platform/Developer/SDKs/iPhoneOS26.5.sdk -fmetal-math-mode\=fast -fmetal-math-fp32-functions\=fast -serialize-diagnostics /tmp/woop-commit-review30-dd/Build/Intermediates.noindex/Woop.build/Release-iphoneos/Woop.build/Metal/GaletLisere.dia -o /tmp/woop-commit-review30-dd/Build/Intermediates.noindex/Woop.build/Release-iphoneos/Woop.build/Metal/GaletLisere.air -MMD -MT dependencies -MF /tmp/woop-commit-review30-dd/Build/Intermediates.noindex/Woop.build/Release-iphoneos/Woop.build/Metal/GaletLisere.dat /tmp/woop-commit-review30/Woop/GaletLisere.metal

CompileMetalFile /tmp/woop-commit-review30/Woop/FumeeX2.metal (in target 'Woop' from project 'Woop')
    cd /tmp/woop-commit-review30
    /var/run/com.apple.security.cryptexd/mnt/com.apple.MobileAsset.MetalToolchain-v17.6.42.0.BA5Ggr/Metal.xctoolchain/usr/bin/metal -c -target air64-apple-ios26.0 -I/tmp/woop-commit-review30-dd/Build/Products/Release-iphoneos/include -F/tmp/woop-commit-review30-dd/Build/Products/Release-iphoneos -isysroot /Applications/Xcode.app/Contents/Developer/Platforms/iPhoneOS.platform/Developer/SDKs/iPhoneOS26.5.sdk -fmetal-math-mode\=fast -fmetal-math-fp32-functions\=fast -serialize-diagnostics /tmp/woop-commit-review30-dd/Build/Intermediates.noindex/Woop.build/Release-iphoneos/Woop.build/Metal/FumeeX2.dia -o /tmp/woop-commit-review30-dd/Build/Intermediates.noindex/Woop.build/Release-iphoneos/Woop.build/Metal/FumeeX2.air -MMD -MT dependencies -MF /tmp/woop-commit-review30-dd/Build/Intermediates.noindex/Woop.build/Release-iphoneos/Woop.build/Metal/FumeeX2.dat /tmp/woop-commit-review30/Woop/FumeeX2.metal

CompileMetalFile /tmp/woop-commit-review30/Woop/FondVideoMetal.metal (in target 'Woop' from project 'Woop')
    cd /tmp/woop-commit-review30
    /var/run/com.apple.security.cryptexd/mnt/com.apple.MobileAsset.MetalToolchain-v17.6.42.0.BA5Ggr/Metal.xctoolchain/usr/bin/metal -c -target air64-apple-ios26.0 -I/tmp/woop-commit-review30-dd/Build/Products/Release-iphoneos/include -F/tmp/woop-commit-review30-dd/Build/Products/Release-iphoneos -isysroot /Applications/Xcode.app/Contents/Developer/Platforms/iPhoneOS.platform/Developer/SDKs/iPhoneOS26.5.sdk -fmetal-math-mode\=fast -fmetal-math-fp32-functions\=fast -serialize-diagnostics /tmp/woop-commit-review30-dd/Build/Intermediates.noindex/Woop.build/Release-iphoneos/Woop.build/Metal/FondVideoMetal-61c4e4a8aae6461c66208923fdff5ac5.dia -o /tmp/woop-commit-review30-dd/Build/Intermediates.noindex/Woop.build/Release-iphoneos/Woop.build/Metal/FondVideoMetal-61c4e4a8aae6461c66208923fdff5ac5.air -MMD -MT dependencies -MF /tmp/woop-commit-review30-dd/Build/Intermediates.noindex/Woop.build/Release-iphoneos/Woop.build/Metal/FondVideoMetal-61c4e4a8aae6461c66208923fdff5ac5.dat /tmp/woop-commit-review30/Woop/FondVideoMetal.metal

CompileMetalFile /tmp/woop-commit-review30/Woop/FlameJewel.metal (in target 'Woop' from project 'Woop')
    cd /tmp/woop-commit-review30
    /var/run/com.apple.security.cryptexd/mnt/com.apple.MobileAsset.MetalToolchain-v17.6.42.0.BA5Ggr/Metal.xctoolchain/usr/bin/metal -c -target air64-apple-ios26.0 -I/tmp/woop-commit-review30-dd/Build/Products/Release-iphoneos/include -F/tmp/woop-commit-review30-dd/Build/Products/Release-iphoneos -isysroot /Applications/Xcode.app/Contents/Developer/Platforms/iPhoneOS.platform/Developer/SDKs/iPhoneOS26.5.sdk -fmetal-math-mode\=fast -fmetal-math-fp32-functions\=fast -serialize-diagnostics /tmp/woop-commit-review30-dd/Build/Intermediates.noindex/Woop.build/Release-iphoneos/Woop.build/Metal/FlameJewel.dia -o /tmp/woop-commit-review30-dd/Build/Intermediates.noindex/Woop.build/Release-iphoneos/Woop.build/Metal/FlameJewel.air -MMD -MT dependencies -MF /tmp/woop-commit-review30-dd/Build/Intermediates.noindex/Woop.build/Release-iphoneos/Woop.build/Metal/FlameJewel.dat /tmp/woop-commit-review30/Woop/FlameJewel.metal

CompileMetalFile /tmp/woop-commit-review30/Woop/Figures/InkGrain.metal (in target 'Woop' from project 'Woop')
    cd /tmp/woop-commit-review30
    /var/run/com.apple.security.cryptexd/mnt/com.apple.MobileAsset.MetalToolchain-v17.6.42.0.BA5Ggr/Metal.xctoolchain/usr/bin/metal -c -target air64-apple-ios26.0 -I/tmp/woop-commit-review30-dd/Build/Products/Release-iphoneos/include -F/tmp/woop-commit-review30-dd/Build/Products/Release-iphoneos -isysroot /Applications/Xcode.app/Contents/Developer/Platforms/iPhoneOS.platform/Developer/SDKs/iPhoneOS26.5.sdk -fmetal-math-mode\=fast -fmetal-math-fp32-functions\=fast -serialize-diagnostics /tmp/woop-commit-review30-dd/Build/Intermediates.noindex/Woop.build/Release-iphoneos/Woop.build/Metal/InkGrain.dia -o /tmp/woop-commit-review30-dd/Build/Intermediates.noindex/Woop.build/Release-iphoneos/Woop.build/Metal/InkGrain.air -MMD -MT dependencies -MF /tmp/woop-commit-review30-dd/Build/Intermediates.noindex/Woop.build/Release-iphoneos/Woop.build/Metal/InkGrain.dat /tmp/woop-commit-review30/Woop/Figures/InkGrain.metal

CompileMetalFile /tmp/woop-commit-review30/Woop/Figures/GlassFX.metal (in target 'Woop' from project 'Woop')
    cd /tmp/woop-commit-review30
    /var/run/com.apple.security.cryptexd/mnt/com.apple.MobileAsset.MetalToolchain-v17.6.42.0.BA5Ggr/Metal.xctoolchain/usr/bin/metal -c -target air64-apple-ios26.0 -I/tmp/woop-commit-review30-dd/Build/Products/Release-iphoneos/include -F/tmp/woop-commit-review30-dd/Build/Products/Release-iphoneos -isysroot /Applications/Xcode.app/Contents/Developer/Platforms/iPhoneOS.platform/Developer/SDKs/iPhoneOS26.5.sdk -fmetal-math-mode\=fast -fmetal-math-fp32-functions\=fast -serialize-diagnostics /tmp/woop-commit-review30-dd/Build/Intermediates.noindex/Woop.build/Release-iphoneos/Woop.build/Metal/GlassFX.dia -o /tmp/woop-commit-review30-dd/Build/Intermediates.noindex/Woop.build/Release-iphoneos/Woop.build/Metal/GlassFX.air -MMD -MT dependencies -MF /tmp/woop-commit-review30-dd/Build/Intermediates.noindex/Woop.build/Release-iphoneos/Woop.build/Metal/GlassFX.dat /tmp/woop-commit-review30/Woop/Figures/GlassFX.metal

CompileMetalFile /tmp/woop-commit-review30/Woop/ExosHalo.metal (in target 'Woop' from project 'Woop')
    cd /tmp/woop-commit-review30
    /var/run/com.apple.security.cryptexd/mnt/com.apple.MobileAsset.MetalToolchain-v17.6.42.0.BA5Ggr/Metal.xctoolchain/usr/bin/metal -c -target air64-apple-ios26.0 -I/tmp/woop-commit-review30-dd/Build/Products/Release-iphoneos/include -F/tmp/woop-commit-review30-dd/Build/Products/Release-iphoneos -isysroot /Applications/Xcode.app/Contents/Developer/Platforms/iPhoneOS.platform/Developer/SDKs/iPhoneOS26.5.sdk -fmetal-math-mode\=fast -fmetal-math-fp32-functions\=fast -serialize-diagnostics /tmp/woop-commit-review30-dd/Build/Intermediates.noindex/Woop.build/Release-iphoneos/Woop.build/Metal/ExosHalo.dia -o /tmp/woop-commit-review30-dd/Build/Intermediates.noindex/Woop.build/Release-iphoneos/Woop.build/Metal/ExosHalo.air -MMD -MT dependencies -MF /tmp/woop-commit-review30-dd/Build/Intermediates.noindex/Woop.build/Release-iphoneos/Woop.build/Metal/ExosHalo.dat /tmp/woop-commit-review30/Woop/ExosHalo.metal

CompileMetalFile /tmp/woop-commit-review30/Woop/ExoHeaderGlow.metal (in target 'Woop' from project 'Woop')
    cd /tmp/woop-commit-review30
    /var/run/com.apple.security.cryptexd/mnt/com.apple.MobileAsset.MetalToolchain-v17.6.42.0.BA5Ggr/Metal.xctoolchain/usr/bin/metal -c -target air64-apple-ios26.0 -I/tmp/woop-commit-review30-dd/Build/Products/Release-iphoneos/include -F/tmp/woop-commit-review30-dd/Build/Products/Release-iphoneos -isysroot /Applications/Xcode.app/Contents/Developer/Platforms/iPhoneOS.platform/Developer/SDKs/iPhoneOS26.5.sdk -fmetal-math-mode\=fast -fmetal-math-fp32-functions\=fast -serialize-diagnostics /tmp/woop-commit-review30-dd/Build/Intermediates.noindex/Woop.build/Release-iphoneos/Woop.build/Metal/ExoHeaderGlow.dia -o /tmp/woop-commit-review30-dd/Build/Intermediates.noindex/Woop.build/Release-iphoneos/Woop.build/Metal/ExoHeaderGlow.air -MMD -MT dependencies -MF /tmp/woop-commit-review30-dd/Build/Intermediates.noindex/Woop.build/Release-iphoneos/Woop.build/Metal/ExoHeaderGlow.dat /tmp/woop-commit-review30/Woop/ExoHeaderGlow.metal
/tmp/woop-commit-review30/Woop/ExoHeaderGlow.metal:57:17: warning: unused variable 'EHG_CREME' [-Wunused-const-variable]
constant float3 EHG_CREME  = float3(1.000, 0.938, 0.790);  // le cœur
                ^
1 warning generated.

CompileMetalFile /tmp/woop-commit-review30/Woop/EmberFlame.metal (in target 'Woop' from project 'Woop')
    cd /tmp/woop-commit-review30
    /var/run/com.apple.security.cryptexd/mnt/com.apple.MobileAsset.MetalToolchain-v17.6.42.0.BA5Ggr/Metal.xctoolchain/usr/bin/metal -c -target air64-apple-ios26.0 -I/tmp/woop-commit-review30-dd/Build/Products/Release-iphoneos/include -F/tmp/woop-commit-review30-dd/Build/Products/Release-iphoneos -isysroot /Applications/Xcode.app/Contents/Developer/Platforms/iPhoneOS.platform/Developer/SDKs/iPhoneOS26.5.sdk -fmetal-math-mode\=fast -fmetal-math-fp32-functions\=fast -serialize-diagnostics /tmp/woop-commit-review30-dd/Build/Intermediates.noindex/Woop.build/Release-iphoneos/Woop.build/Metal/EmberFlame.dia -o /tmp/woop-commit-review30-dd/Build/Intermediates.noindex/Woop.build/Release-iphoneos/Woop.build/Metal/EmberFlame.air -MMD -MT dependencies -MF /tmp/woop-commit-review30-dd/Build/Intermediates.noindex/Woop.build/Release-iphoneos/Woop.build/Metal/EmberFlame.dat /tmp/woop-commit-review30/Woop/EmberFlame.metal

CompileMetalFile /tmp/woop-commit-review30/Woop/EclipseHalo.metal (in target 'Woop' from project 'Woop')
    cd /tmp/woop-commit-review30
    /var/run/com.apple.security.cryptexd/mnt/com.apple.MobileAsset.MetalToolchain-v17.6.42.0.BA5Ggr/Metal.xctoolchain/usr/bin/metal -c -target air64-apple-ios26.0 -I/tmp/woop-commit-review30-dd/Build/Products/Release-iphoneos/include -F/tmp/woop-commit-review30-dd/Build/Products/Release-iphoneos -isysroot /Applications/Xcode.app/Contents/Developer/Platforms/iPhoneOS.platform/Developer/SDKs/iPhoneOS26.5.sdk -fmetal-math-mode\=fast -fmetal-math-fp32-functions\=fast -serialize-diagnostics /tmp/woop-commit-review30-dd/Build/Intermediates.noindex/Woop.build/Release-iphoneos/Woop.build/Metal/EclipseHalo.dia -o /tmp/woop-commit-review30-dd/Build/Intermediates.noindex/Woop.build/Release-iphoneos/Woop.build/Metal/EclipseHalo.air -MMD -MT dependencies -MF /tmp/woop-commit-review30-dd/Build/Intermediates.noindex/Woop.build/Release-iphoneos/Woop.build/Metal/EclipseHalo.dat /tmp/woop-commit-review30/Woop/EclipseHalo.metal

CompileMetalFile /tmp/woop-commit-review30/Woop/DiamondButton.metal (in target 'Woop' from project 'Woop')
    cd /tmp/woop-commit-review30
    /var/run/com.apple.security.cryptexd/mnt/com.apple.MobileAsset.MetalToolchain-v17.6.42.0.BA5Ggr/Metal.xctoolchain/usr/bin/metal -c -target air64-apple-ios26.0 -I/tmp/woop-commit-review30-dd/Build/Products/Release-iphoneos/include -F/tmp/woop-commit-review30-dd/Build/Products/Release-iphoneos -isysroot /Applications/Xcode.app/Contents/Developer/Platforms/iPhoneOS.platform/Developer/SDKs/iPhoneOS26.5.sdk -fmetal-math-mode\=fast -fmetal-math-fp32-functions\=fast -serialize-diagnostics /tmp/woop-commit-review30-dd/Build/Intermediates.noindex/Woop.build/Release-iphoneos/Woop.build/Metal/DiamondButton.dia -o /tmp/woop-commit-review30-dd/Build/Intermediates.noindex/Woop.build/Release-iphoneos/Woop.build/Metal/DiamondButton.air -MMD -MT dependencies -MF /tmp/woop-commit-review30-dd/Build/Intermediates.noindex/Woop.build/Release-iphoneos/Woop.build/Metal/DiamondButton.dat /tmp/woop-commit-review30/Woop/DiamondButton.metal

CompileMetalFile /tmp/woop-commit-review30/Woop/DemonSky.metal (in target 'Woop' from project 'Woop')
    cd /tmp/woop-commit-review30
    /var/run/com.apple.security.cryptexd/mnt/com.apple.MobileAsset.MetalToolchain-v17.6.42.0.BA5Ggr/Metal.xctoolchain/usr/bin/metal -c -target air64-apple-ios26.0 -I/tmp/woop-commit-review30-dd/Build/Products/Release-iphoneos/include -F/tmp/woop-commit-review30-dd/Build/Products/Release-iphoneos -isysroot /Applications/Xcode.app/Contents/Developer/Platforms/iPhoneOS.platform/Developer/SDKs/iPhoneOS26.5.sdk -fmetal-math-mode\=fast -fmetal-math-fp32-functions\=fast -serialize-diagnostics /tmp/woop-commit-review30-dd/Build/Intermediates.noindex/Woop.build/Release-iphoneos/Woop.build/Metal/DemonSky-95668a3086fbc5fea4aabf5751783cd4.dia -o /tmp/woop-commit-review30-dd/Build/Intermediates.noindex/Woop.build/Release-iphoneos/Woop.build/Metal/DemonSky-95668a3086fbc5fea4aabf5751783cd4.air -MMD -MT dependencies -MF /tmp/woop-commit-review30-dd/Build/Intermediates.noindex/Woop.build/Release-iphoneos/Woop.build/Metal/DemonSky-95668a3086fbc5fea4aabf5751783cd4.dat /tmp/woop-commit-review30/Woop/DemonSky.metal
/tmp/woop-commit-review30/Woop/DemonSky.metal:34:19: warning: unused variable 'kStrip' [-Wunused-const-variable]
constexpr sampler kStrip(s_address::repeat, t_address::clamp_to_edge,
                  ^
1 warning generated.

CompileMetalFile /tmp/woop-commit-review30/Woop/CorpsLisere.metal (in target 'Woop' from project 'Woop')
    cd /tmp/woop-commit-review30
    /var/run/com.apple.security.cryptexd/mnt/com.apple.MobileAsset.MetalToolchain-v17.6.42.0.BA5Ggr/Metal.xctoolchain/usr/bin/metal -c -target air64-apple-ios26.0 -I/tmp/woop-commit-review30-dd/Build/Products/Release-iphoneos/include -F/tmp/woop-commit-review30-dd/Build/Products/Release-iphoneos -isysroot /Applications/Xcode.app/Contents/Developer/Platforms/iPhoneOS.platform/Developer/SDKs/iPhoneOS26.5.sdk -fmetal-math-mode\=fast -fmetal-math-fp32-functions\=fast -serialize-diagnostics /tmp/woop-commit-review30-dd/Build/Intermediates.noindex/Woop.build/Release-iphoneos/Woop.build/Metal/CorpsLisere.dia -o /tmp/woop-commit-review30-dd/Build/Intermediates.noindex/Woop.build/Release-iphoneos/Woop.build/Metal/CorpsLisere.air -MMD -MT dependencies -MF /tmp/woop-commit-review30-dd/Build/Intermediates.noindex/Woop.build/Release-iphoneos/Woop.build/Metal/CorpsLisere.dat /tmp/woop-commit-review30/Woop/CorpsLisere.metal

CompileMetalFile /tmp/woop-commit-review30/Woop/CarteLune.metal (in target 'Woop' from project 'Woop')
    cd /tmp/woop-commit-review30
    /var/run/com.apple.security.cryptexd/mnt/com.apple.MobileAsset.MetalToolchain-v17.6.42.0.BA5Ggr/Metal.xctoolchain/usr/bin/metal -c -target air64-apple-ios26.0 -I/tmp/woop-commit-review30-dd/Build/Products/Release-iphoneos/include -F/tmp/woop-commit-review30-dd/Build/Products/Release-iphoneos -isysroot /Applications/Xcode.app/Contents/Developer/Platforms/iPhoneOS.platform/Developer/SDKs/iPhoneOS26.5.sdk -fmetal-math-mode\=fast -fmetal-math-fp32-functions\=fast -serialize-diagnostics /tmp/woop-commit-review30-dd/Build/Intermediates.noindex/Woop.build/Release-iphoneos/Woop.build/Metal/CarteLune.dia -o /tmp/woop-commit-review30-dd/Build/Intermediates.noindex/Woop.build/Release-iphoneos/Woop.build/Metal/CarteLune.air -MMD -MT dependencies -MF /tmp/woop-commit-review30-dd/Build/Intermediates.noindex/Woop.build/Release-iphoneos/Woop.build/Metal/CarteLune.dat /tmp/woop-commit-review30/Woop/CarteLune.metal

CompileMetalFile /tmp/woop-commit-review30/Woop/CarnetCuir.metal (in target 'Woop' from project 'Woop')
    cd /tmp/woop-commit-review30
    /var/run/com.apple.security.cryptexd/mnt/com.apple.MobileAsset.MetalToolchain-v17.6.42.0.BA5Ggr/Metal.xctoolchain/usr/bin/metal -c -target air64-apple-ios26.0 -I/tmp/woop-commit-review30-dd/Build/Products/Release-iphoneos/include -F/tmp/woop-commit-review30-dd/Build/Products/Release-iphoneos -isysroot /Applications/Xcode.app/Contents/Developer/Platforms/iPhoneOS.platform/Developer/SDKs/iPhoneOS26.5.sdk -fmetal-math-mode\=fast -fmetal-math-fp32-functions\=fast -serialize-diagnostics /tmp/woop-commit-review30-dd/Build/Intermediates.noindex/Woop.build/Release-iphoneos/Woop.build/Metal/CarnetCuir.dia -o /tmp/woop-commit-review30-dd/Build/Intermediates.noindex/Woop.build/Release-iphoneos/Woop.build/Metal/CarnetCuir.air -MMD -MT dependencies -MF /tmp/woop-commit-review30-dd/Build/Intermediates.noindex/Woop.build/Release-iphoneos/Woop.build/Metal/CarnetCuir.dat /tmp/woop-commit-review30/Woop/CarnetCuir.metal

CompileMetalFile /tmp/woop-commit-review30/Woop/BravoPill.metal (in target 'Woop' from project 'Woop')
    cd /tmp/woop-commit-review30
    /var/run/com.apple.security.cryptexd/mnt/com.apple.MobileAsset.MetalToolchain-v17.6.42.0.BA5Ggr/Metal.xctoolchain/usr/bin/metal -c -target air64-apple-ios26.0 -I/tmp/woop-commit-review30-dd/Build/Products/Release-iphoneos/include -F/tmp/woop-commit-review30-dd/Build/Products/Release-iphoneos -isysroot /Applications/Xcode.app/Contents/Developer/Platforms/iPhoneOS.platform/Developer/SDKs/iPhoneOS26.5.sdk -fmetal-math-mode\=fast -fmetal-math-fp32-functions\=fast -serialize-diagnostics /tmp/woop-commit-review30-dd/Build/Intermediates.noindex/Woop.build/Release-iphoneos/Woop.build/Metal/BravoPill.dia -o /tmp/woop-commit-review30-dd/Build/Intermediates.noindex/Woop.build/Release-iphoneos/Woop.build/Metal/BravoPill.air -MMD -MT dependencies -MF /tmp/woop-commit-review30-dd/Build/Intermediates.noindex/Woop.build/Release-iphoneos/Woop.build/Metal/BravoPill.dat /tmp/woop-commit-review30/Woop/BravoPill.metal

CompileMetalFile /tmp/woop-commit-review30/Woop/AuthNebula.metal (in target 'Woop' from project 'Woop')
    cd /tmp/woop-commit-review30
    /var/run/com.apple.security.cryptexd/mnt/com.apple.MobileAsset.MetalToolchain-v17.6.42.0.BA5Ggr/Metal.xctoolchain/usr/bin/metal -c -target air64-apple-ios26.0 -I/tmp/woop-commit-review30-dd/Build/Products/Release-iphoneos/include -F/tmp/woop-commit-review30-dd/Build/Products/Release-iphoneos -isysroot /Applications/Xcode.app/Contents/Developer/Platforms/iPhoneOS.platform/Developer/SDKs/iPhoneOS26.5.sdk -fmetal-math-mode\=fast -fmetal-math-fp32-functions\=fast -serialize-diagnostics /tmp/woop-commit-review30-dd/Build/Intermediates.noindex/Woop.build/Release-iphoneos/Woop.build/Metal/AuthNebula.dia -o /tmp/woop-commit-review30-dd/Build/Intermediates.noindex/Woop.build/Release-iphoneos/Woop.build/Metal/AuthNebula.air -MMD -MT dependencies -MF /tmp/woop-commit-review30-dd/Build/Intermediates.noindex/Woop.build/Release-iphoneos/Woop.build/Metal/AuthNebula.dat /tmp/woop-commit-review30/Woop/AuthNebula.metal

CompileMetalFile /tmp/woop-commit-review30/Woop/AuroraHome.metal (in target 'Woop' from project 'Woop')
    cd /tmp/woop-commit-review30
    /var/run/com.apple.security.cryptexd/mnt/com.apple.MobileAsset.MetalToolchain-v17.6.42.0.BA5Ggr/Metal.xctoolchain/usr/bin/metal -c -target air64-apple-ios26.0 -I/tmp/woop-commit-review30-dd/Build/Products/Release-iphoneos/include -F/tmp/woop-commit-review30-dd/Build/Products/Release-iphoneos -isysroot /Applications/Xcode.app/Contents/Developer/Platforms/iPhoneOS.platform/Developer/SDKs/iPhoneOS26.5.sdk -fmetal-math-mode\=fast -fmetal-math-fp32-functions\=fast -serialize-diagnostics /tmp/woop-commit-review30-dd/Build/Intermediates.noindex/Woop.build/Release-iphoneos/Woop.build/Metal/AuroraHome.dia -o /tmp/woop-commit-review30-dd/Build/Intermediates.noindex/Woop.build/Release-iphoneos/Woop.build/Metal/AuroraHome.air -MMD -MT dependencies -MF /tmp/woop-commit-review30-dd/Build/Intermediates.noindex/Woop.build/Release-iphoneos/Woop.build/Metal/AuroraHome.dat /tmp/woop-commit-review30/Woop/AuroraHome.metal

CompileMetalFile /tmp/woop-commit-review30/Woop/AuroraBg.metal (in target 'Woop' from project 'Woop')
    cd /tmp/woop-commit-review30
    /var/run/com.apple.security.cryptexd/mnt/com.apple.MobileAsset.MetalToolchain-v17.6.42.0.BA5Ggr/Metal.xctoolchain/usr/bin/metal -c -target air64-apple-ios26.0 -I/tmp/woop-commit-review30-dd/Build/Products/Release-iphoneos/include -F/tmp/woop-commit-review30-dd/Build/Products/Release-iphoneos -isysroot /Applications/Xcode.app/Contents/Developer/Platforms/iPhoneOS.platform/Developer/SDKs/iPhoneOS26.5.sdk -fmetal-math-mode\=fast -fmetal-math-fp32-functions\=fast -serialize-diagnostics /tmp/woop-commit-review30-dd/Build/Intermediates.noindex/Woop.build/Release-iphoneos/Woop.build/Metal/AuroraBg.dia -o /tmp/woop-commit-review30-dd/Build/Intermediates.noindex/Woop.build/Release-iphoneos/Woop.build/Metal/AuroraBg.air -MMD -MT dependencies -MF /tmp/woop-commit-review30-dd/Build/Intermediates.noindex/Woop.build/Release-iphoneos/Woop.build/Metal/AuroraBg.dat /tmp/woop-commit-review30/Woop/AuroraBg.metal

CompileAssetCatalogVariant thinned /tmp/woop-commit-review30-dd/Build/Products/Release-iphoneos/Woop.app /tmp/woop-commit-review30/Woop/AppIcon.icon /tmp/woop-commit-review30/Woop/Assets.xcassets (in target 'Woop' from project 'Woop')
    cd /tmp/woop-commit-review30
    /Applications/Xcode.app/Contents/Developer/usr/bin/actool /tmp/woop-commit-review30/Woop/AppIcon.icon /tmp/woop-commit-review30/Woop/Assets.xcassets --compile /tmp/woop-commit-review30-dd/Build/Intermediates.noindex/Woop.build/Release-iphoneos/Woop.build/assetcatalog_output/thinned --output-format human-readable-text --notices --warnings --export-dependency-info /tmp/woop-commit-review30-dd/Build/Intermediates.noindex/Woop.build/Release-iphoneos/Woop.build/assetcatalog_dependencies_thinned --output-partial-info-plist /tmp/woop-commit-review30-dd/Build/Intermediates.noindex/Woop.build/Release-iphoneos/Woop.build/assetcatalog_generated_info.plist_thinned --app-icon AppIcon --accent-color AccentColor --compress-pngs --enable-on-demand-resources YES --development-region fr --target-device iphone --minimum-deployment-target 26.0 --platform iphoneos
2026-09-15 22:16:13.015 AssetCatalogSimulatorAgent[68522:14874010] The filter 'CIPortraitEffectSpillCorrection' is not implemented in the bundle at /Library/Developer/CoreSimulator/Volumes/iOS_23F77/Library/Developer/CoreSimulator/Profiles/Runtimes/iOS 26.5.simruntime/Contents/Resources/RuntimeRoot/System/Library/CoreImage/PortraitFilters.cifilter.
/* com.apple.actool.compilation-results */
/tmp/woop-commit-review30-dd/Build/Intermediates.noindex/Woop.build/Release-iphoneos/Woop.build/assetcatalog_generated_info.plist_thinned
/tmp/woop-commit-review30-dd/Build/Intermediates.noindex/Woop.build/Release-iphoneos/Woop.build/assetcatalog_output/thinned/AppIcon60x60@2x.png
/tmp/woop-commit-review30-dd/Build/Intermediates.noindex/Woop.build/Release-iphoneos/Woop.build/assetcatalog_output/thinned/AppIcon76x76@2x~ipad.png
/tmp/woop-commit-review30-dd/Build/Intermediates.noindex/Woop.build/Release-iphoneos/Woop.build/assetcatalog_output/thinned/Assets.car


ExtractAppIntentsMetadata (in target 'WoopWidgets' from project 'Woop')
    cd /tmp/woop-commit-review30
    /Applications/Xcode.app/Contents/Developer/Toolchains/XcodeDefault.xctoolchain/usr/bin/appintentsmetadataprocessor --toolchain-dir /var/run/com.apple.security.cryptexd/mnt/com.apple.MobileAsset.MetalToolchain-v17.6.42.0.BA5Ggr/Metal.xctoolchain --module-name WoopWidgets --sdk-root /Applications/Xcode.app/Contents/Developer/Platforms/iPhoneOS.platform/Developer/SDKs/iPhoneOS26.5.sdk --xcode-version 17F42 --platform-family iOS --deployment-target 26.0 --bundle-identifier fr.kathryn.woop.WoopWidgets --output /tmp/woop-commit-review30-dd/Build/Products/Release-iphoneos/WoopWidgets.appex --target-triple arm64-apple-ios26.0 --binary-file /tmp/woop-commit-review30-dd/Build/Products/Release-iphoneos/WoopWidgets.appex/WoopWidgets --dependency-file /tmp/woop-commit-review30-dd/Build/Intermediates.noindex/Woop.build/Release-iphoneos/WoopWidgets.build/Objects-normal/arm64/WoopWidgets_dependency_info.dat --stringsdata-file /tmp/woop-commit-review30-dd/Build/Intermediates.noindex/Woop.build/Release-iphoneos/WoopWidgets.build/Objects-normal/arm64/ExtractedAppShortcutsMetadata.stringsdata --source-file-list /tmp/woop-commit-review30-dd/Build/Intermediates.noindex/Woop.build/Release-iphoneos/WoopWidgets.build/Objects-normal/arm64/WoopWidgets.SwiftFileList --metadata-file-list /tmp/woop-commit-review30-dd/Build/Intermediates.noindex/Woop.build/Release-iphoneos/WoopWidgets.build/WoopWidgets.DependencyMetadataFileList --static-metadata-file-list /tmp/woop-commit-review30-dd/Build/Intermediates.noindex/Woop.build/Release-iphoneos/WoopWidgets.build/WoopWidgets.DependencyStaticMetadataFileList --swift-const-vals-list /tmp/woop-commit-review30-dd/Build/Intermediates.noindex/Woop.build/Release-iphoneos/WoopWidgets.build/Objects-normal/arm64/WoopWidgets.SwiftConstValuesFileList --compile-time-extraction --deployment-aware-processing --validate-assistant-intents --no-app-shortcuts-localization
2026-09-15 22:16:07.391 appintentsmetadataprocessor[68516:14873507] Starting appintentsmetadataprocessor export
2026-09-15 22:16:07.407 appintentsmetadataprocessor[68516:14873507] Extracted no relevant App Intents symbols, skipping writing output

SwiftDriver Woop normal arm64 com.apple.xcode.tools.swift.compiler (in target 'Woop' from project 'Woop')
    cd /tmp/woop-commit-review30
    builtin-SwiftDriver -- /Applications/Xcode.app/Contents/Developer/Toolchains/XcodeDefault.xctoolchain/usr/bin/swiftc -module-name Woop -O -whole-module-optimization @/tmp/woop-commit-review30-dd/Build/Intermediates.noindex/Woop.build/Release-iphoneos/Woop.build/Objects-normal/arm64/Woop.SwiftFileList -enable-bare-slash-regex -enable-experimental-feature DebugDescriptionMacro -sdk /Applications/Xcode.app/Contents/Developer/Platforms/iPhoneOS.platform/Developer/SDKs/iPhoneOS26.5.sdk -target arm64-apple-ios26.0 -g -module-cache-path /tmp/woop-commit-review30-dd/ModuleCache.noindex -Xfrontend -serialize-debugging-options -swift-version 5 -I /tmp/woop-commit-review30-dd/Build/Products/Release-iphoneos -F /tmp/woop-commit-review30-dd/Build/Products/Release-iphoneos -emit-localized-strings -emit-localized-strings-path /tmp/woop-commit-review30-dd/Build/Intermediates.noindex/Woop.build/Release-iphoneos/Woop.build/Objects-normal/arm64 -c -num-threads 10 -Xcc -ivfsstatcache -Xcc /tmp/woop-commit-review30-dd/SDKStatCaches.noindex/iphoneos26.5-23F73-688ef53f1462e2c8f657fdc38a81448f32daed1954a7d5dd0789fcaf2a9bb78b.sdkstatcache -output-file-map /tmp/woop-commit-review30-dd/Build/Intermediates.noindex/Woop.build/Release-iphoneos/Woop.build/Objects-normal/arm64/Woop-OutputFileMap.json -use-frontend-parseable-output -save-temps -no-color-diagnostics -explicit-module-build -module-cache-path /tmp/woop-commit-review30-dd/Build/Intermediates.noindex/SwiftExplicitPrecompiledModules -clang-scanner-module-cache-path /tmp/woop-commit-review30-dd/ModuleCache.noindex -sdk-module-cache-path /tmp/woop-commit-review30-dd/ModuleCache.noindex -serialize-diagnostics -emit-dependencies -emit-module -emit-module-path /tmp/woop-commit-review30-dd/Build/Intermediates.noindex/Woop.build/Release-iphoneos/Woop.build/Objects-normal/arm64/Woop.swiftmodule -validate-clang-modules-once -clang-build-session-file /tmp/woop-commit-review30-dd/ModuleCache.noindex/Session.modulevalidation -Xcc -I/tmp/woop-commit-review30-dd/Build/Intermediates.noindex/Woop.build/Release-iphoneos/Woop.build/swift-overrides.hmap -emit-const-values -Xfrontend -const-gather-protocols-file -Xfrontend /tmp/woop-commit-review30-dd/Build/Intermediates.noindex/Woop.build/Release-iphoneos/Woop.build/Objects-normal/arm64/Woop_const_extract_protocols.json -Xcc -iquote -Xcc /tmp/woop-commit-review30-dd/Build/Intermediates.noindex/Woop.build/Release-iphoneos/Woop.build/Woop-generated-files.hmap -Xcc -I/tmp/woop-commit-review30-dd/Build/Intermediates.noindex/Woop.build/Release-iphoneos/Woop.build/Woop-own-target-headers.hmap -Xcc -I/tmp/woop-commit-review30-dd/Build/Intermediates.noindex/Woop.build/Release-iphoneos/Woop.build/Woop-all-target-headers.hmap -Xcc -iquote -Xcc /tmp/woop-commit-review30-dd/Build/Intermediates.noindex/Woop.build/Release-iphoneos/Woop.build/Woop-project-headers.hmap -Xcc -I/tmp/woop-commit-review30-dd/Build/Products/Release-iphoneos/include -Xcc -I/tmp/woop-commit-review30-dd/Build/Intermediates.noindex/Woop.build/Release-iphoneos/Woop.build/DerivedSources-normal/arm64 -Xcc -I/tmp/woop-commit-review30-dd/Build/Intermediates.noindex/Woop.build/Release-iphoneos/Woop.build/DerivedSources/arm64 -Xcc -I/tmp/woop-commit-review30-dd/Build/Intermediates.noindex/Woop.build/Release-iphoneos/Woop.build/DerivedSources -emit-objc-header -emit-objc-header-path /tmp/woop-commit-review30-dd/Build/Intermediates.noindex/Woop.build/Release-iphoneos/Woop.build/Objects-normal/arm64/Woop-Swift.h -working-directory /tmp/woop-commit-review30 -no-emit-module-separately-wmo

AppIntentsSSUTraining (in target 'WoopWidgets' from project 'Woop')
    cd /tmp/woop-commit-review30
    /Applications/Xcode.app/Contents/Developer/Toolchains/XcodeDefault.xctoolchain/usr/bin/appintentsnltrainingprocessor --infoplist-path /tmp/woop-commit-review30-dd/Build/Products/Release-iphoneos/WoopWidgets.appex/Info.plist --temp-dir-path /tmp/woop-commit-review30-dd/Build/Intermediates.noindex/Woop.build/Release-iphoneos/WoopWidgets.build/ssu --bundle-id fr.kathryn.woop.WoopWidgets --product-path /tmp/woop-commit-review30-dd/Build/Products/Release-iphoneos/WoopWidgets.appex --extracted-metadata-path /tmp/woop-commit-review30-dd/Build/Products/Release-iphoneos/WoopWidgets.appex/Metadata.appintents --metadata-file-list /tmp/woop-commit-review30-dd/Build/Intermediates.noindex/Woop.build/Release-iphoneos/WoopWidgets.build/WoopWidgets.DependencyMetadataFileList --source-file /tmp/woop-commit-review30-dd/Build/Products/Release-iphoneos/WoopWidgets.appex/Info.plist --archive-ssu-assets
2026-09-15 22:16:07.423 appintentsnltrainingprocessor[68518:14873514] Parsing options for appintentsnltrainingprocessor
2026-09-15 22:16:07.423 appintentsnltrainingprocessor[68518:14873514] Starting AppIntents SSU YAML Generation
2026-09-15 22:16:07.424 appintentsnltrainingprocessor[68518:14873514] No AppShortcuts found - Skipping.

RegisterExecutionPolicyException /tmp/woop-commit-review30-dd/Build/Products/Release-iphoneos/WoopWidgets.appex (in target 'WoopWidgets' from project 'Woop')
    cd /tmp/woop-commit-review30
    builtin-RegisterExecutionPolicyException /tmp/woop-commit-review30-dd/Build/Products/Release-iphoneos/WoopWidgets.appex

Touch /tmp/woop-commit-review30-dd/Build/Products/Release-iphoneos/WoopWidgets.appex (in target 'WoopWidgets' from project 'Woop')
    cd /tmp/woop-commit-review30
    /usr/bin/touch -c /tmp/woop-commit-review30-dd/Build/Products/Release-iphoneos/WoopWidgets.appex

CpResource /tmp/woop-commit-review30-dd/Build/Products/Release-iphoneos/Woop.app/welcome-nosfy-premiere.mp4 /tmp/woop-commit-review30/Woop/Media/welcome-nosfy-premiere.mp4 (in target 'Woop' from project 'Woop')
    cd /tmp/woop-commit-review30
    builtin-copy -exclude .DS_Store -exclude CVS -exclude .svn -exclude .git -exclude .hg -resolve-src-symlinks /tmp/woop-commit-review30/Woop/Media/welcome-nosfy-premiere.mp4 /tmp/woop-commit-review30-dd/Build/Products/Release-iphoneos/Woop.app

CpResource /tmp/woop-commit-review30-dd/Build/Products/Release-iphoneos/Woop.app/welcome-galet-premiere.mp4 /tmp/woop-commit-review30/Woop/Media/welcome-galet-premiere.mp4 (in target 'Woop' from project 'Woop')
    cd /tmp/woop-commit-review30
    builtin-copy -exclude .DS_Store -exclude CVS -exclude .svn -exclude .git -exclude .hg -resolve-src-symlinks /tmp/woop-commit-review30/Woop/Media/welcome-galet-premiere.mp4 /tmp/woop-commit-review30-dd/Build/Products/Release-iphoneos/Woop.app

CpResource /tmp/woop-commit-review30-dd/Build/Products/Release-iphoneos/Woop.app/video_demon_3.mp4 /tmp/woop-commit-review30/Woop/Media/video_demon_3.mp4 (in target 'Woop' from project 'Woop')
    cd /tmp/woop-commit-review30
    builtin-copy -exclude .DS_Store -exclude CVS -exclude .svn -exclude .git -exclude .hg -resolve-src-symlinks /tmp/woop-commit-review30/Woop/Media/video_demon_3.mp4 /tmp/woop-commit-review30-dd/Build/Products/Release-iphoneos/Woop.app

CpResource /tmp/woop-commit-review30-dd/Build/Products/Release-iphoneos/Woop.app/video_demon_2.mp4 /tmp/woop-commit-review30/Woop/Media/video_demon_2.mp4 (in target 'Woop' from project 'Woop')
    cd /tmp/woop-commit-review30
    builtin-copy -exclude .DS_Store -exclude CVS -exclude .svn -exclude .git -exclude .hg -resolve-src-symlinks /tmp/woop-commit-review30/Woop/Media/video_demon_2.mp4 /tmp/woop-commit-review30-dd/Build/Products/Release-iphoneos/Woop.app

CpResource /tmp/woop-commit-review30-dd/Build/Products/Release-iphoneos/Woop.app/video_demon_1.mp4 /tmp/woop-commit-review30/Woop/Media/video_demon_1.mp4 (in target 'Woop' from project 'Woop')
    cd /tmp/woop-commit-review30
    builtin-copy -exclude .DS_Store -exclude CVS -exclude .svn -exclude .git -exclude .hg -resolve-src-symlinks /tmp/woop-commit-review30/Woop/Media/video_demon_1.mp4 /tmp/woop-commit-review30-dd/Build/Products/Release-iphoneos/Woop.app

CpResource /tmp/woop-commit-review30-dd/Build/Products/Release-iphoneos/Woop.app/story-pilule-top.mp4 /tmp/woop-commit-review30/Woop/Media/story-pilule-top.mp4 (in target 'Woop' from project 'Woop')
    cd /tmp/woop-commit-review30
    builtin-copy -exclude .DS_Store -exclude CVS -exclude .svn -exclude .git -exclude .hg -resolve-src-symlinks /tmp/woop-commit-review30/Woop/Media/story-pilule-top.mp4 /tmp/woop-commit-review30-dd/Build/Products/Release-iphoneos/Woop.app

CpResource /tmp/woop-commit-review30-dd/Build/Products/Release-iphoneos/Woop.app/story-pilule-droite.mp4 /tmp/woop-commit-review30/Woop/Media/story-pilule-droite.mp4 (in target 'Woop' from project 'Woop')
    cd /tmp/woop-commit-review30
    builtin-copy -exclude .DS_Store -exclude CVS -exclude .svn -exclude .git -exclude .hg -resolve-src-symlinks /tmp/woop-commit-review30/Woop/Media/story-pilule-droite.mp4 /tmp/woop-commit-review30-dd/Build/Products/Release-iphoneos/Woop.app

CpResource /tmp/woop-commit-review30-dd/Build/Products/Release-iphoneos/Woop.app/story-macro-or.mp4 /tmp/woop-commit-review30/Woop/Media/story-macro-or.mp4 (in target 'Woop' from project 'Woop')
    cd /tmp/woop-commit-review30
    builtin-copy -exclude .DS_Store -exclude CVS -exclude .svn -exclude .git -exclude .hg -resolve-src-symlinks /tmp/woop-commit-review30/Woop/Media/story-macro-or.mp4 /tmp/woop-commit-review30-dd/Build/Products/Release-iphoneos/Woop.app

CpResource /tmp/woop-commit-review30-dd/Build/Products/Release-iphoneos/Woop.app/story-macro-flanc.mp4 /tmp/woop-commit-review30/Woop/Media/story-macro-flanc.mp4 (in target 'Woop' from project 'Woop')
    cd /tmp/woop-commit-review30
    builtin-copy -exclude .DS_Store -exclude CVS -exclude .svn -exclude .git -exclude .hg -resolve-src-symlinks /tmp/woop-commit-review30/Woop/Media/story-macro-flanc.mp4 /tmp/woop-commit-review30-dd/Build/Products/Release-iphoneos/Woop.app

CpResource /tmp/woop-commit-review30-dd/Build/Products/Release-iphoneos/Woop.app/story-macro-bas.mp4 /tmp/woop-commit-review30/Woop/Media/story-macro-bas.mp4 (in target 'Woop' from project 'Woop')
    cd /tmp/woop-commit-review30
    builtin-copy -exclude .DS_Store -exclude CVS -exclude .svn -exclude .git -exclude .hg -resolve-src-symlinks /tmp/woop-commit-review30/Woop/Media/story-macro-bas.mp4 /tmp/woop-commit-review30-dd/Build/Products/Release-iphoneos/Woop.app

CpResource /tmp/woop-commit-review30-dd/Build/Products/Release-iphoneos/Woop.app/story-ended-verre-b.mp4 /tmp/woop-commit-review30/Woop/Media/story-ended-verre-b.mp4 (in target 'Woop' from project 'Woop')
    cd /tmp/woop-commit-review30
    builtin-copy -exclude .DS_Store -exclude CVS -exclude .svn -exclude .git -exclude .hg -resolve-src-symlinks /tmp/woop-commit-review30/Woop/Media/story-ended-verre-b.mp4 /tmp/woop-commit-review30-dd/Build/Products/Release-iphoneos/Woop.app

CpResource /tmp/woop-commit-review30-dd/Build/Products/Release-iphoneos/Woop.app/story-ended-verre-a.mp4 /tmp/woop-commit-review30/Woop/Media/story-ended-verre-a.mp4 (in target 'Woop' from project 'Woop')
    cd /tmp/woop-commit-review30
    builtin-copy -exclude .DS_Store -exclude CVS -exclude .svn -exclude .git -exclude .hg -resolve-src-symlinks /tmp/woop-commit-review30/Woop/Media/story-ended-verre-a.mp4 /tmp/woop-commit-review30-dd/Build/Products/Release-iphoneos/Woop.app

CpResource /tmp/woop-commit-review30-dd/Build/Products/Release-iphoneos/Woop.app/story-eclair-loop.mp4 /tmp/woop-commit-review30/Woop/Media/story-eclair-loop.mp4 (in target 'Woop' from project 'Woop')
    cd /tmp/woop-commit-review30
    builtin-copy -exclude .DS_Store -exclude CVS -exclude .svn -exclude .git -exclude .hg -resolve-src-symlinks /tmp/woop-commit-review30/Woop/Media/story-eclair-loop.mp4 /tmp/woop-commit-review30-dd/Build/Products/Release-iphoneos/Woop.app

CpResource /tmp/woop-commit-review30-dd/Build/Products/Release-iphoneos/Woop.app/story-booster-noir.mp4 /tmp/woop-commit-review30/Woop/Media/story-booster-noir.mp4 (in target 'Woop' from project 'Woop')
    cd /tmp/woop-commit-review30
    builtin-copy -exclude .DS_Store -exclude CVS -exclude .svn -exclude .git -exclude .hg -resolve-src-symlinks /tmp/woop-commit-review30/Woop/Media/story-booster-noir.mp4 /tmp/woop-commit-review30-dd/Build/Products/Release-iphoneos/Woop.app

CpResource /tmp/woop-commit-review30-dd/Build/Products/Release-iphoneos/Woop.app/story-booster-lune.mp4 /tmp/woop-commit-review30/Woop/Media/story-booster-lune.mp4 (in target 'Woop' from project 'Woop')
    cd /tmp/woop-commit-review30
    builtin-copy -exclude .DS_Store -exclude CVS -exclude .svn -exclude .git -exclude .hg -resolve-src-symlinks /tmp/woop-commit-review30/Woop/Media/story-booster-lune.mp4 /tmp/woop-commit-review30-dd/Build/Products/Release-iphoneos/Woop.app

CpResource /tmp/woop-commit-review30-dd/Build/Products/Release-iphoneos/Woop.app/stop-bat-loop.mp4 /tmp/woop-commit-review30/Woop/Media/stop-bat-loop.mp4 (in target 'Woop' from project 'Woop')
    cd /tmp/woop-commit-review30
    builtin-copy -exclude .DS_Store -exclude CVS -exclude .svn -exclude .git -exclude .hg -resolve-src-symlinks /tmp/woop-commit-review30/Woop/Media/stop-bat-loop.mp4 /tmp/woop-commit-review30-dd/Build/Products/Release-iphoneos/Woop.app

CpResource /tmp/woop-commit-review30-dd/Build/Products/Release-iphoneos/Woop.app/start-entrainement-loop.mp4 /tmp/woop-commit-review30/Woop/Media/start-entrainement-loop.mp4 (in target 'Woop' from project 'Woop')
    cd /tmp/woop-commit-review30
    builtin-copy -exclude .DS_Store -exclude CVS -exclude .svn -exclude .git -exclude .hg -resolve-src-symlinks /tmp/woop-commit-review30/Woop/Media/start-entrainement-loop.mp4 /tmp/woop-commit-review30-dd/Build/Products/Release-iphoneos/Woop.app

CpResource /tmp/woop-commit-review30-dd/Build/Products/Release-iphoneos/Woop.app/sacre-lune.caf /tmp/woop-commit-review30/Woop/Media/sacre-lune.caf (in target 'Woop' from project 'Woop')
    cd /tmp/woop-commit-review30
    builtin-copy -exclude .DS_Store -exclude CVS -exclude .svn -exclude .git -exclude .hg -resolve-src-symlinks /tmp/woop-commit-review30/Woop/Media/sacre-lune.caf /tmp/woop-commit-review30-dd/Build/Products/Release-iphoneos/Woop.app

CpResource /tmp/woop-commit-review30-dd/Build/Products/Release-iphoneos/Woop.app/sacre-legendaire.caf /tmp/woop-commit-review30/Woop/Media/sacre-legendaire.caf (in target 'Woop' from project 'Woop')
    cd /tmp/woop-commit-review30
    builtin-copy -exclude .DS_Store -exclude CVS -exclude .svn -exclude .git -exclude .hg -resolve-src-symlinks /tmp/woop-commit-review30/Woop/Media/sacre-legendaire.caf /tmp/woop-commit-review30-dd/Build/Products/Release-iphoneos/Woop.app

CpResource /tmp/woop-commit-review30-dd/Build/Products/Release-iphoneos/Woop.app/sacre-epique.caf /tmp/woop-commit-review30/Woop/Media/sacre-epique.caf (in target 'Woop' from project 'Woop')
    cd /tmp/woop-commit-review30
    builtin-copy -exclude .DS_Store -exclude CVS -exclude .svn -exclude .git -exclude .hg -resolve-src-symlinks /tmp/woop-commit-review30/Woop/Media/sacre-epique.caf /tmp/woop-commit-review30-dd/Build/Products/Release-iphoneos/Woop.app

CpResource /tmp/woop-commit-review30-dd/Build/Products/Release-iphoneos/Woop.app/sacre-commune.caf /tmp/woop-commit-review30/Woop/Media/sacre-commune.caf (in target 'Woop' from project 'Woop')
    cd /tmp/woop-commit-review30
    builtin-copy -exclude .DS_Store -exclude CVS -exclude .svn -exclude .git -exclude .hg -resolve-src-symlinks /tmp/woop-commit-review30/Woop/Media/sacre-commune.caf /tmp/woop-commit-review30-dd/Build/Products/Release-iphoneos/Woop.app

CpResource /tmp/woop-commit-review30-dd/Build/Products/Release-iphoneos/Woop.app/reward-welcome.mp4 /tmp/woop-commit-review30/Woop/Media/reward-welcome.mp4 (in target 'Woop' from project 'Woop')
    cd /tmp/woop-commit-review30
    builtin-copy -exclude .DS_Store -exclude CVS -exclude .svn -exclude .git -exclude .hg -resolve-src-symlinks /tmp/woop-commit-review30/Woop/Media/reward-welcome.mp4 /tmp/woop-commit-review30-dd/Build/Products/Release-iphoneos/Woop.app

CpResource /tmp/woop-commit-review30-dd/Build/Products/Release-iphoneos/Woop.app/reward-welcome-loop.mp4 /tmp/woop-commit-review30/Woop/Media/reward-welcome-loop.mp4 (in target 'Woop' from project 'Woop')
    cd /tmp/woop-commit-review30
    builtin-copy -exclude .DS_Store -exclude CVS -exclude .svn -exclude .git -exclude .hg -resolve-src-symlinks /tmp/woop-commit-review30/Woop/Media/reward-welcome-loop.mp4 /tmp/woop-commit-review30-dd/Build/Products/Release-iphoneos/Woop.app

CpResource /tmp/woop-commit-review30-dd/Build/Products/Release-iphoneos/Woop.app/reward-rare.mp4 /tmp/woop-commit-review30/Woop/Media/reward-rare.mp4 (in target 'Woop' from project 'Woop')
    cd /tmp/woop-commit-review30
    builtin-copy -exclude .DS_Store -exclude CVS -exclude .svn -exclude .git -exclude .hg -resolve-src-symlinks /tmp/woop-commit-review30/Woop/Media/reward-rare.mp4 /tmp/woop-commit-review30-dd/Build/Products/Release-iphoneos/Woop.app

CpResource /tmp/woop-commit-review30-dd/Build/Products/Release-iphoneos/Woop.app/reward-piece-5.mp4 /tmp/woop-commit-review30/Woop/Media/reward-piece-5.mp4 (in target 'Woop' from project 'Woop')
    cd /tmp/woop-commit-review30
    builtin-copy -exclude .DS_Store -exclude CVS -exclude .svn -exclude .git -exclude .hg -resolve-src-symlinks /tmp/woop-commit-review30/Woop/Media/reward-piece-5.mp4 /tmp/woop-commit-review30-dd/Build/Products/Release-iphoneos/Woop.app

CpResource /tmp/woop-commit-review30-dd/Build/Products/Release-iphoneos/Woop.app/reward-piece-4.mp4 /tmp/woop-commit-review30/Woop/Media/reward-piece-4.mp4 (in target 'Woop' from project 'Woop')
    cd /tmp/woop-commit-review30
    builtin-copy -exclude .DS_Store -exclude CVS -exclude .svn -exclude .git -exclude .hg -resolve-src-symlinks /tmp/woop-commit-review30/Woop/Media/reward-piece-4.mp4 /tmp/woop-commit-review30-dd/Build/Products/Release-iphoneos/Woop.app

CpResource /tmp/woop-commit-review30-dd/Build/Products/Release-iphoneos/Woop.app/reward-piece-3.mp4 /tmp/woop-commit-review30/Woop/Media/reward-piece-3.mp4 (in target 'Woop' from project 'Woop')
    cd /tmp/woop-commit-review30
    builtin-copy -exclude .DS_Store -exclude CVS -exclude .svn -exclude .git -exclude .hg -resolve-src-symlinks /tmp/woop-commit-review30/Woop/Media/reward-piece-3.mp4 /tmp/woop-commit-review30-dd/Build/Products/Release-iphoneos/Woop.app

CpResource /tmp/woop-commit-review30-dd/Build/Products/Release-iphoneos/Woop.app/reward-piece-2.mp4 /tmp/woop-commit-review30/Woop/Media/reward-piece-2.mp4 (in target 'Woop' from project 'Woop')
    cd /tmp/woop-commit-review30
    builtin-copy -exclude .DS_Store -exclude CVS -exclude .svn -exclude .git -exclude .hg -resolve-src-symlinks /tmp/woop-commit-review30/Woop/Media/reward-piece-2.mp4 /tmp/woop-commit-review30-dd/Build/Products/Release-iphoneos/Woop.app

CpResource /tmp/woop-commit-review30-dd/Build/Products/Release-iphoneos/Woop.app/reward-piece-1.mp4 /tmp/woop-commit-review30/Woop/Media/reward-piece-1.mp4 (in target 'Woop' from project 'Woop')
    cd /tmp/woop-commit-review30
    builtin-copy -exclude .DS_Store -exclude CVS -exclude .svn -exclude .git -exclude .hg -resolve-src-symlinks /tmp/woop-commit-review30/Woop/Media/reward-piece-1.mp4 /tmp/woop-commit-review30-dd/Build/Products/Release-iphoneos/Woop.app

CpResource /tmp/woop-commit-review30-dd/Build/Products/Release-iphoneos/Woop.app/reward-nosfy-coins.mp4 /tmp/woop-commit-review30/Woop/Media/reward-nosfy-coins.mp4 (in target 'Woop' from project 'Woop')
    cd /tmp/woop-commit-review30
    builtin-copy -exclude .DS_Store -exclude CVS -exclude .svn -exclude .git -exclude .hg -resolve-src-symlinks /tmp/woop-commit-review30/Woop/Media/reward-nosfy-coins.mp4 /tmp/woop-commit-review30-dd/Build/Products/Release-iphoneos/Woop.app

CpResource /tmp/woop-commit-review30-dd/Build/Products/Release-iphoneos/Woop.app/reward-lune.mp4 /tmp/woop-commit-review30/Woop/Media/reward-lune.mp4 (in target 'Woop' from project 'Woop')
    cd /tmp/woop-commit-review30
    builtin-copy -exclude .DS_Store -exclude CVS -exclude .svn -exclude .git -exclude .hg -resolve-src-symlinks /tmp/woop-commit-review30/Woop/Media/reward-lune.mp4 /tmp/woop-commit-review30-dd/Build/Products/Release-iphoneos/Woop.app

CpResource /tmp/woop-commit-review30-dd/Build/Products/Release-iphoneos/Woop.app/reward-fire.mp4 /tmp/woop-commit-review30/Woop/Media/reward-fire.mp4 (in target 'Woop' from project 'Woop')
    cd /tmp/woop-commit-review30
    builtin-copy -exclude .DS_Store -exclude CVS -exclude .svn -exclude .git -exclude .hg -resolve-src-symlinks /tmp/woop-commit-review30/Woop/Media/reward-fire.mp4 /tmp/woop-commit-review30-dd/Build/Products/Release-iphoneos/Woop.app

CpResource /tmp/woop-commit-review30-dd/Build/Products/Release-iphoneos/Woop.app/piece-sol.mp4 /tmp/woop-commit-review30/Woop/Media/piece-sol.mp4 (in target 'Woop' from project 'Woop')
    cd /tmp/woop-commit-review30
    builtin-copy -exclude .DS_Store -exclude CVS -exclude .svn -exclude .git -exclude .hg -resolve-src-symlinks /tmp/woop-commit-review30/Woop/Media/piece-sol.mp4 /tmp/woop-commit-review30-dd/Build/Products/Release-iphoneos/Woop.app

CpResource /tmp/woop-commit-review30-dd/Build/Products/Release-iphoneos/Woop.app/piece-bravo.mp4 /tmp/woop-commit-review30/Woop/Media/piece-bravo.mp4 (in target 'Woop' from project 'Woop')
    cd /tmp/woop-commit-review30
    builtin-copy -exclude .DS_Store -exclude CVS -exclude .svn -exclude .git -exclude .hg -resolve-src-symlinks /tmp/woop-commit-review30/Woop/Media/piece-bravo.mp4 /tmp/woop-commit-review30-dd/Build/Products/Release-iphoneos/Woop.app

CpResource /tmp/woop-commit-review30-dd/Build/Products/Release-iphoneos/Woop.app/piece-bravo-loop.mp4 /tmp/woop-commit-review30/Woop/Media/piece-bravo-loop.mp4 (in target 'Woop' from project 'Woop')
    cd /tmp/woop-commit-review30
    builtin-copy -exclude .DS_Store -exclude CVS -exclude .svn -exclude .git -exclude .hg -resolve-src-symlinks /tmp/woop-commit-review30/Woop/Media/piece-bravo-loop.mp4 /tmp/woop-commit-review30-dd/Build/Products/Release-iphoneos/Woop.app

CpResource /tmp/woop-commit-review30-dd/Build/Products/Release-iphoneos/Woop.app/pause-overlay-loop.mp4 /tmp/woop-commit-review30/Woop/Media/pause-overlay-loop.mp4 (in target 'Woop' from project 'Woop')
    cd /tmp/woop-commit-review30
    builtin-copy -exclude .DS_Store -exclude CVS -exclude .svn -exclude .git -exclude .hg -resolve-src-symlinks /tmp/woop-commit-review30/Woop/Media/pause-overlay-loop.mp4 /tmp/woop-commit-review30-dd/Build/Products/Release-iphoneos/Woop.app

CpResource /tmp/woop-commit-review30-dd/Build/Products/Release-iphoneos/Woop.app/onb-track-loop.mp4 /tmp/woop-commit-review30/Woop/Media/onb-track-loop.mp4 (in target 'Woop' from project 'Woop')
    cd /tmp/woop-commit-review30
    builtin-copy -exclude .DS_Store -exclude CVS -exclude .svn -exclude .git -exclude .hg -resolve-src-symlinks /tmp/woop-commit-review30/Woop/Media/onb-track-loop.mp4 /tmp/woop-commit-review30-dd/Build/Products/Release-iphoneos/Woop.app

CpResource /tmp/woop-commit-review30-dd/Build/Products/Release-iphoneos/Woop.app/onb-lune-loop.mp4 /tmp/woop-commit-review30/Woop/Media/onb-lune-loop.mp4 (in target 'Woop' from project 'Woop')
    cd /tmp/woop-commit-review30
    builtin-copy -exclude .DS_Store -exclude CVS -exclude .svn -exclude .git -exclude .hg -resolve-src-symlinks /tmp/woop-commit-review30/Woop/Media/onb-lune-loop.mp4 /tmp/woop-commit-review30-dd/Build/Products/Release-iphoneos/Woop.app

CpResource /tmp/woop-commit-review30-dd/Build/Products/Release-iphoneos/Woop.app/onb-exos-loop.mp4 /tmp/woop-commit-review30/Woop/Media/onb-exos-loop.mp4 (in target 'Woop' from project 'Woop')
    cd /tmp/woop-commit-review30
    builtin-copy -exclude .DS_Store -exclude CVS -exclude .svn -exclude .git -exclude .hg -resolve-src-symlinks /tmp/woop-commit-review30/Woop/Media/onb-exos-loop.mp4 /tmp/woop-commit-review30-dd/Build/Products/Release-iphoneos/Woop.app

CpResource /tmp/woop-commit-review30-dd/Build/Products/Release-iphoneos/Woop.app/onb-arrivee.mp4 /tmp/woop-commit-review30/Woop/Media/onb-arrivee.mp4 (in target 'Woop' from project 'Woop')
    cd /tmp/woop-commit-review30
    builtin-copy -exclude .DS_Store -exclude CVS -exclude .svn -exclude .git -exclude .hg -resolve-src-symlinks /tmp/woop-commit-review30/Woop/Media/onb-arrivee.mp4 /tmp/woop-commit-review30-dd/Build/Products/Release-iphoneos/Woop.app

CpResource /tmp/woop-commit-review30-dd/Build/Products/Release-iphoneos/Woop.app/nosfy-nuit.mp4 /tmp/woop-commit-review30/Woop/Media/nosfy-nuit.mp4 (in target 'Woop' from project 'Woop')
    cd /tmp/woop-commit-review30
    builtin-copy -exclude .DS_Store -exclude CVS -exclude .svn -exclude .git -exclude .hg -resolve-src-symlinks /tmp/woop-commit-review30/Woop/Media/nosfy-nuit.mp4 /tmp/woop-commit-review30-dd/Build/Products/Release-iphoneos/Woop.app

CpResource /tmp/woop-commit-review30-dd/Build/Products/Release-iphoneos/Woop.app/nosfy-notif-loop.mp4 /tmp/woop-commit-review30/Woop/Media/nosfy-notif-loop.mp4 (in target 'Woop' from project 'Woop')
    cd /tmp/woop-commit-review30
    builtin-copy -exclude .DS_Store -exclude CVS -exclude .svn -exclude .git -exclude .hg -resolve-src-symlinks /tmp/woop-commit-review30/Woop/Media/nosfy-notif-loop.mp4 /tmp/woop-commit-review30-dd/Build/Products/Release-iphoneos/Woop.app

CpResource /tmp/woop-commit-review30-dd/Build/Products/Release-iphoneos/Woop.app/nosfy-end.mp4 /tmp/woop-commit-review30/Woop/Media/nosfy-end.mp4 (in target 'Woop' from project 'Woop')
    cd /tmp/woop-commit-review30
    builtin-copy -exclude .DS_Store -exclude CVS -exclude .svn -exclude .git -exclude .hg -resolve-src-symlinks /tmp/woop-commit-review30/Woop/Media/nosfy-end.mp4 /tmp/woop-commit-review30-dd/Build/Products/Release-iphoneos/Woop.app

MetalLink /tmp/woop-commit-review30-dd/Build/Products/Release-iphoneos/Woop.app/default.metallib (in target 'Woop' from project 'Woop')
    cd /tmp/woop-commit-review30
    /var/run/com.apple.security.cryptexd/mnt/com.apple.MobileAsset.MetalToolchain-v17.6.42.0.BA5Ggr/Metal.xctoolchain/usr/bin/metal -target air64-apple-ios26.0 -o /tmp/woop-commit-review30-dd/Build/Products/Release-iphoneos/Woop.app/default.metallib /tmp/woop-commit-review30-dd/Build/Intermediates.noindex/Woop.build/Release-iphoneos/Woop.build/Metal/GlassFX.air /tmp/woop-commit-review30-dd/Build/Intermediates.noindex/Woop.build/Release-iphoneos/Woop.build/Metal/InkGrain.air /tmp/woop-commit-review30-dd/Build/Intermediates.noindex/Woop.build/Release-iphoneos/Woop.build/Metal/AuroraBg.air /tmp/woop-commit-review30-dd/Build/Intermediates.noindex/Woop.build/Release-iphoneos/Woop.build/Metal/AuroraHome.air /tmp/woop-commit-review30-dd/Build/Intermediates.noindex/Woop.build/Release-iphoneos/Woop.build/Metal/AuthNebula.air /tmp/woop-commit-review30-dd/Build/Intermediates.noindex/Woop.build/Release-iphoneos/Woop.build/Metal/BravoPill.air /tmp/woop-commit-review30-dd/Build/Intermediates.noindex/Woop.build/Release-iphoneos/Woop.build/Metal/CarnetCuir.air /tmp/woop-commit-review30-dd/Build/Intermediates.noindex/Woop.build/Release-iphoneos/Woop.build/Metal/CarteLune.air /tmp/woop-commit-review30-dd/Build/Intermediates.noindex/Woop.build/Release-iphoneos/Woop.build/Metal/CorpsLisere.air /tmp/woop-commit-review30-dd/Build/Intermediates.noindex/Woop.build/Release-iphoneos/Woop.build/Metal/DemonSky-95668a3086fbc5fea4aabf5751783cd4.air /tmp/woop-commit-review30-dd/Build/Intermediates.noindex/Woop.build/Release-iphoneos/Woop.build/Metal/DiamondButton.air /tmp/woop-commit-review30-dd/Build/Intermediates.noindex/Woop.build/Release-iphoneos/Woop.build/Metal/EclipseHalo.air /tmp/woop-commit-review30-dd/Build/Intermediates.noindex/Woop.build/Release-iphoneos/Woop.build/Metal/EmberFlame.air /tmp/woop-commit-review30-dd/Build/Intermediates.noindex/Woop.build/Release-iphoneos/Woop.build/Metal/ExoHeaderGlow.air /tmp/woop-commit-review30-dd/Build/Intermediates.noindex/Woop.build/Release-iphoneos/Woop.build/Metal/ExosHalo.air /tmp/woop-commit-review30-dd/Build/Intermediates.noindex/Woop.build/Release-iphoneos/Woop.build/Metal/FlameJewel.air /tmp/woop-commit-review30-dd/Build/Intermediates.noindex/Woop.build/Release-iphoneos/Woop.build/Metal/FondVideoMetal-61c4e4a8aae6461c66208923fdff5ac5.air /tmp/woop-commit-review30-dd/Build/Intermediates.noindex/Woop.build/Release-iphoneos/Woop.build/Metal/FumeeX2.air /tmp/woop-commit-review30-dd/Build/Intermediates.noindex/Woop.build/Release-iphoneos/Woop.build/Metal/GaletLisere.air /tmp/woop-commit-review30-dd/Build/Intermediates.noindex/Woop.build/Release-iphoneos/Woop.build/Metal/GaletMedaillon.air /tmp/woop-commit-review30-dd/Build/Intermediates.noindex/Woop.build/Release-iphoneos/Woop.build/Metal/GaletStage.air /tmp/woop-commit-review30-dd/Build/Intermediates.noindex/Woop.build/Release-iphoneos/Woop.build/Metal/HaloDawn.air /tmp/woop-commit-review30-dd/Build/Intermediates.noindex/Woop.build/Release-iphoneos/Woop.build/Metal/HomeNuit-f1c834a107c7e43fc5590ced038c7e2a.air /tmp/woop-commit-review30-dd/Build/Intermediates.noindex/Woop.build/Release-iphoneos/Woop.build/Metal/JaugeLacque.air /tmp/woop-commit-review30-dd/Build/Intermediates.noindex/Woop.build/Release-iphoneos/Woop.build/Metal/LiquidLens.air /tmp/woop-commit-review30-dd/Build/Intermediates.noindex/Woop.build/Release-iphoneos/Woop.build/Metal/LoginAurora.air /tmp/woop-commit-review30-dd/Build/Intermediates.noindex/Woop.build/Release-iphoneos/Woop.build/Metal/LogoMonolith.air /tmp/woop-commit-review30-dd/Build/Intermediates.noindex/Woop.build/Release-iphoneos/Woop.build/Metal/MoonCoin.air /tmp/woop-commit-review30-dd/Build/Intermediates.noindex/Woop.build/Release-iphoneos/Woop.build/Metal/NavMonolith.air /tmp/woop-commit-review30-dd/Build/Intermediates.noindex/Woop.build/Release-iphoneos/Woop.build/Metal/NebulaShaders.air /tmp/woop-commit-review30-dd/Build/Intermediates.noindex/Woop.build/Release-iphoneos/Woop.build/Metal/NeonPrimary.air /tmp/woop-commit-review30-dd/Build/Intermediates.noindex/Woop.build/Release-iphoneos/Woop.build/Metal/ObjectiveJewel.air /tmp/woop-commit-review30-dd/Build/Intermediates.noindex/Woop.build/Release-iphoneos/Woop.build/Metal/ObsidianCard-dce7abc12de43d242d0da153b0e6c953.air /tmp/woop-commit-review30-dd/Build/Intermediates.noindex/Woop.build/Release-iphoneos/Woop.build/Metal/PebbleDust.air /tmp/woop-commit-review30-dd/Build/Intermediates.noindex/Woop.build/Release-iphoneos/Woop.build/Metal/PieceVerre.air /tmp/woop-commit-review30-dd/Build/Intermediates.noindex/Woop.build/Release-iphoneos/Woop.build/Metal/PorteCaresse.air /tmp/woop-commit-review30-dd/Build/Intermediates.noindex/Woop.build/Release-iphoneos/Woop.build/Metal/TreasureBadge.air /tmp/woop-commit-review30-dd/Build/Intermediates.noindex/Woop.build/Release-iphoneos/Woop.build/Metal/VerreCoulant-5f8bec11aa3a1bc0b8b4af2976af08e9.air /tmp/woop-commit-review30-dd/Build/Intermediates.noindex/Woop.build/Release-iphoneos/Woop.build/Metal/VerreGalet.air /tmp/woop-commit-review30-dd/Build/Intermediates.noindex/Woop.build/Release-iphoneos/Woop.build/Metal/WahouAura.air

CpResource /tmp/woop-commit-review30-dd/Build/Products/Release-iphoneos/Woop.app/nosfy-accueil-loop.mp4 /tmp/woop-commit-review30/Woop/Media/nosfy-accueil-loop.mp4 (in target 'Woop' from project 'Woop')
    cd /tmp/woop-commit-review30
    builtin-copy -exclude .DS_Store -exclude CVS -exclude .svn -exclude .git -exclude .hg -resolve-src-symlinks /tmp/woop-commit-review30/Woop/Media/nosfy-accueil-loop.mp4 /tmp/woop-commit-review30-dd/Build/Products/Release-iphoneos/Woop.app

CpResource /tmp/woop-commit-review30-dd/Build/Products/Release-iphoneos/Woop.app/molette-glass-loop.mp4 /tmp/woop-commit-review30/Woop/Media/molette-glass-loop.mp4 (in target 'Woop' from project 'Woop')
    cd /tmp/woop-commit-review30
    builtin-copy -exclude .DS_Store -exclude CVS -exclude .svn -exclude .git -exclude .hg -resolve-src-symlinks /tmp/woop-commit-review30/Woop/Media/molette-glass-loop.mp4 /tmp/woop-commit-review30-dd/Build/Products/Release-iphoneos/Woop.app

CpResource /tmp/woop-commit-review30-dd/Build/Products/Release-iphoneos/Woop.app/manege-nappe.caf /tmp/woop-commit-review30/Woop/Media/manege-nappe.caf (in target 'Woop' from project 'Woop')
    cd /tmp/woop-commit-review30
    builtin-copy -exclude .DS_Store -exclude CVS -exclude .svn -exclude .git -exclude .hg -resolve-src-symlinks /tmp/woop-commit-review30/Woop/Media/manege-nappe.caf /tmp/woop-commit-review30-dd/Build/Products/Release-iphoneos/Woop.app

CpResource /tmp/woop-commit-review30-dd/Build/Products/Release-iphoneos/Woop.app/ile-sortie.wav /tmp/woop-commit-review30/Woop/Media/ile-sortie.wav (in target 'Woop' from project 'Woop')
    cd /tmp/woop-commit-review30
    builtin-copy -exclude .DS_Store -exclude CVS -exclude .svn -exclude .git -exclude .hg -resolve-src-symlinks /tmp/woop-commit-review30/Woop/Media/ile-sortie.wav /tmp/woop-commit-review30-dd/Build/Products/Release-iphoneos/Woop.app

CpResource /tmp/woop-commit-review30-dd/Build/Products/Release-iphoneos/Woop.app/ile-entree.wav /tmp/woop-commit-review30/Woop/Media/ile-entree.wav (in target 'Woop' from project 'Woop')
    cd /tmp/woop-commit-review30
    builtin-copy -exclude .DS_Store -exclude CVS -exclude .svn -exclude .git -exclude .hg -resolve-src-symlinks /tmp/woop-commit-review30/Woop/Media/ile-entree.wav /tmp/woop-commit-review30-dd/Build/Products/Release-iphoneos/Woop.app

CpResource /tmp/woop-commit-review30-dd/Build/Products/Release-iphoneos/Woop.app/home-fond-precompose-393x709.mp4 /tmp/woop-commit-review30/Woop/Media/home-fond-precompose-393x709.mp4 (in target 'Woop' from project 'Woop')
    cd /tmp/woop-commit-review30
    builtin-copy -exclude .DS_Store -exclude CVS -exclude .svn -exclude .git -exclude .hg -resolve-src-symlinks /tmp/woop-commit-review30/Woop/Media/home-fond-precompose-393x709.mp4 /tmp/woop-commit-review30-dd/Build/Products/Release-iphoneos/Woop.app

CpResource /tmp/woop-commit-review30-dd/Build/Products/Release-iphoneos/Woop.app/home-fond-pilule.mp4 /tmp/woop-commit-review30/Woop/Media/home-fond-pilule.mp4 (in target 'Woop' from project 'Woop')
    cd /tmp/woop-commit-review30
    builtin-copy -exclude .DS_Store -exclude CVS -exclude .svn -exclude .git -exclude .hg -resolve-src-symlinks /tmp/woop-commit-review30/Woop/Media/home-fond-pilule.mp4 /tmp/woop-commit-review30-dd/Build/Products/Release-iphoneos/Woop.app

CpResource /tmp/woop-commit-review30-dd/Build/Products/Release-iphoneos/Woop.app/home-fond-loop.mp4 /tmp/woop-commit-review30/Woop/Media/home-fond-loop.mp4 (in target 'Woop' from project 'Woop')
    cd /tmp/woop-commit-review30
    builtin-copy -exclude .DS_Store -exclude CVS -exclude .svn -exclude .git -exclude .hg -resolve-src-symlinks /tmp/woop-commit-review30/Woop/Media/home-fond-loop.mp4 /tmp/woop-commit-review30-dd/Build/Products/Release-iphoneos/Woop.app

CpResource /tmp/woop-commit-review30-dd/Build/Products/Release-iphoneos/Woop.app/home-fond-flamme.mp4 /tmp/woop-commit-review30/Woop/Media/home-fond-flamme.mp4 (in target 'Woop' from project 'Woop')
    cd /tmp/woop-commit-review30
    builtin-copy -exclude .DS_Store -exclude CVS -exclude .svn -exclude .git -exclude .hg -resolve-src-symlinks /tmp/woop-commit-review30/Woop/Media/home-fond-flamme.mp4 /tmp/woop-commit-review30-dd/Build/Products/Release-iphoneos/Woop.app

CpResource /tmp/woop-commit-review30-dd/Build/Products/Release-iphoneos/Woop.app/fond-matrice-loop.mp4 /tmp/woop-commit-review30/Woop/Media/fond-matrice-loop.mp4 (in target 'Woop' from project 'Woop')
    cd /tmp/woop-commit-review30
    builtin-copy -exclude .DS_Store -exclude CVS -exclude .svn -exclude .git -exclude .hg -resolve-src-symlinks /tmp/woop-commit-review30/Woop/Media/fond-matrice-loop.mp4 /tmp/woop-commit-review30-dd/Build/Products/Release-iphoneos/Woop.app

CpResource /tmp/woop-commit-review30-dd/Build/Products/Release-iphoneos/Woop.app/flamme_overlay.mp4 /tmp/woop-commit-review30/Woop/Media/flamme_overlay.mp4 (in target 'Woop' from project 'Woop')
    cd /tmp/woop-commit-review30
    builtin-copy -exclude .DS_Store -exclude CVS -exclude .svn -exclude .git -exclude .hg -resolve-src-symlinks /tmp/woop-commit-review30/Woop/Media/flamme_overlay.mp4 /tmp/woop-commit-review30-dd/Build/Products/Release-iphoneos/Woop.app

CpResource /tmp/woop-commit-review30-dd/Build/Products/Release-iphoneos/Woop.app/feerie-carillon.caf /tmp/woop-commit-review30/Woop/Media/feerie-carillon.caf (in target 'Woop' from project 'Woop')
    cd /tmp/woop-commit-review30
    builtin-copy -exclude .DS_Store -exclude CVS -exclude .svn -exclude .git -exclude .hg -resolve-src-symlinks /tmp/woop-commit-review30/Woop/Media/feerie-carillon.caf /tmp/woop-commit-review30-dd/Build/Products/Release-iphoneos/Woop.app

CpResource /tmp/woop-commit-review30-dd/Build/Products/Release-iphoneos/Woop.app/exos-fond-loop.mp4 /tmp/woop-commit-review30/Woop/Media/exos-fond-loop.mp4 (in target 'Woop' from project 'Woop')
    cd /tmp/woop-commit-review30
    builtin-copy -exclude .DS_Store -exclude CVS -exclude .svn -exclude .git -exclude .hg -resolve-src-symlinks /tmp/woop-commit-review30/Woop/Media/exos-fond-loop.mp4 /tmp/woop-commit-review30-dd/Build/Products/Release-iphoneos/Woop.app

CpResource /tmp/woop-commit-review30-dd/Build/Products/Release-iphoneos/Woop.app/duo-nosfy-reward.mp4 /tmp/woop-commit-review30/Woop/Media/duo-nosfy-reward.mp4 (in target 'Woop' from project 'Woop')
    cd /tmp/woop-commit-review30
    builtin-copy -exclude .DS_Store -exclude CVS -exclude .svn -exclude .git -exclude .hg -resolve-src-symlinks /tmp/woop-commit-review30/Woop/Media/duo-nosfy-reward.mp4 /tmp/woop-commit-review30-dd/Build/Products/Release-iphoneos/Woop.app

CpResource /tmp/woop-commit-review30-dd/Build/Products/Release-iphoneos/Woop.app/duo-galet-rougebleu.mp4 /tmp/woop-commit-review30/Woop/Media/duo-galet-rougebleu.mp4 (in target 'Woop' from project 'Woop')
    cd /tmp/woop-commit-review30
    builtin-copy -exclude .DS_Store -exclude CVS -exclude .svn -exclude .git -exclude .hg -resolve-src-symlinks /tmp/woop-commit-review30/Woop/Media/duo-galet-rougebleu.mp4 /tmp/woop-commit-review30-dd/Build/Products/Release-iphoneos/Woop.app

CpResource /tmp/woop-commit-review30-dd/Build/Products/Release-iphoneos/Woop.app/duo-galet-rouge.mp4 /tmp/woop-commit-review30/Woop/Media/duo-galet-rouge.mp4 (in target 'Woop' from project 'Woop')
    cd /tmp/woop-commit-review30
    builtin-copy -exclude .DS_Store -exclude CVS -exclude .svn -exclude .git -exclude .hg -resolve-src-symlinks /tmp/woop-commit-review30/Woop/Media/duo-galet-rouge.mp4 /tmp/woop-commit-review30-dd/Build/Products/Release-iphoneos/Woop.app

CpResource /tmp/woop-commit-review30-dd/Build/Products/Release-iphoneos/Woop.app/duo-galet-noir.mp4 /tmp/woop-commit-review30/Woop/Media/duo-galet-noir.mp4 (in target 'Woop' from project 'Woop')
    cd /tmp/woop-commit-review30
    builtin-copy -exclude .DS_Store -exclude CVS -exclude .svn -exclude .git -exclude .hg -resolve-src-symlinks /tmp/woop-commit-review30/Woop/Media/duo-galet-noir.mp4 /tmp/woop-commit-review30-dd/Build/Products/Release-iphoneos/Woop.app

CpResource /tmp/woop-commit-review30-dd/Build/Products/Release-iphoneos/Woop.app/duo-flamme-bleue.mp4 /tmp/woop-commit-review30/Woop/Media/duo-flamme-bleue.mp4 (in target 'Woop' from project 'Woop')
    cd /tmp/woop-commit-review30
    builtin-copy -exclude .DS_Store -exclude CVS -exclude .svn -exclude .git -exclude .hg -resolve-src-symlinks /tmp/woop-commit-review30/Woop/Media/duo-flamme-bleue.mp4 /tmp/woop-commit-review30-dd/Build/Products/Release-iphoneos/Woop.app

CpResource /tmp/woop-commit-review30-dd/Build/Products/Release-iphoneos/Woop.app/duo-feu-rouge.mp4 /tmp/woop-commit-review30/Woop/Media/duo-feu-rouge.mp4 (in target 'Woop' from project 'Woop')
    cd /tmp/woop-commit-review30
    builtin-copy -exclude .DS_Store -exclude CVS -exclude .svn -exclude .git -exclude .hg -resolve-src-symlinks /tmp/woop-commit-review30/Woop/Media/duo-feu-rouge.mp4 /tmp/woop-commit-review30-dd/Build/Products/Release-iphoneos/Woop.app

CpResource /tmp/woop-commit-review30-dd/Build/Products/Release-iphoneos/Woop.app/duo-feu-blanc.mp4 /tmp/woop-commit-review30/Woop/Media/duo-feu-blanc.mp4 (in target 'Woop' from project 'Woop')
    cd /tmp/woop-commit-review30
    builtin-copy -exclude .DS_Store -exclude CVS -exclude .svn -exclude .git -exclude .hg -resolve-src-symlinks /tmp/woop-commit-review30/Woop/Media/duo-feu-blanc.mp4 /tmp/woop-commit-review30-dd/Build/Products/Release-iphoneos/Woop.app

CpResource /tmp/woop-commit-review30-dd/Build/Products/Release-iphoneos/Woop.app/dechirure-lente.caf /tmp/woop-commit-review30/Woop/Media/dechirure-lente.caf (in target 'Woop' from project 'Woop')
    cd /tmp/woop-commit-review30
    builtin-copy -exclude .DS_Store -exclude CVS -exclude .svn -exclude .git -exclude .hg -resolve-src-symlinks /tmp/woop-commit-review30/Woop/Media/dechirure-lente.caf /tmp/woop-commit-review30-dd/Build/Products/Release-iphoneos/Woop.app

CpResource /tmp/woop-commit-review30-dd/Build/Products/Release-iphoneos/Woop.app/dechirure-franche.caf /tmp/woop-commit-review30/Woop/Media/dechirure-franche.caf (in target 'Woop' from project 'Woop')
    cd /tmp/woop-commit-review30
    builtin-copy -exclude .DS_Store -exclude CVS -exclude .svn -exclude .git -exclude .hg -resolve-src-symlinks /tmp/woop-commit-review30/Woop/Media/dechirure-franche.caf /tmp/woop-commit-review30-dd/Build/Products/Release-iphoneos/Woop.app

CpResource /tmp/woop-commit-review30-dd/Build/Products/Release-iphoneos/Woop.app/dechirure-finale.caf /tmp/woop-commit-review30/Woop/Media/dechirure-finale.caf (in target 'Woop' from project 'Woop')
    cd /tmp/woop-commit-review30
    builtin-copy -exclude .DS_Store -exclude CVS -exclude .svn -exclude .git -exclude .hg -resolve-src-symlinks /tmp/woop-commit-review30/Woop/Media/dechirure-finale.caf /tmp/woop-commit-review30-dd/Build/Products/Release-iphoneos/Woop.app

CpResource /tmp/woop-commit-review30-dd/Build/Products/Release-iphoneos/Woop.app/coffre-spot-loop.mp4 /tmp/woop-commit-review30/Woop/Media/coffre-spot-loop.mp4 (in target 'Woop' from project 'Woop')
    cd /tmp/woop-commit-review30
    builtin-copy -exclude .DS_Store -exclude CVS -exclude .svn -exclude .git -exclude .hg -resolve-src-symlinks /tmp/woop-commit-review30/Woop/Media/coffre-spot-loop.mp4 /tmp/woop-commit-review30-dd/Build/Products/Release-iphoneos/Woop.app

CpResource /tmp/woop-commit-review30-dd/Build/Products/Release-iphoneos/Woop.app/coffre-salut.mp4 /tmp/woop-commit-review30/Woop/Media/coffre-salut.mp4 (in target 'Woop' from project 'Woop')
    cd /tmp/woop-commit-review30
    builtin-copy -exclude .DS_Store -exclude CVS -exclude .svn -exclude .git -exclude .hg -resolve-src-symlinks /tmp/woop-commit-review30/Woop/Media/coffre-salut.mp4 /tmp/woop-commit-review30-dd/Build/Products/Release-iphoneos/Woop.app

CpResource /tmp/woop-commit-review30-dd/Build/Products/Release-iphoneos/Woop.app/coffre-salle-loop.mp4 /tmp/woop-commit-review30/Woop/Media/coffre-salle-loop.mp4 (in target 'Woop' from project 'Woop')
    cd /tmp/woop-commit-review30
    builtin-copy -exclude .DS_Store -exclude CVS -exclude .svn -exclude .git -exclude .hg -resolve-src-symlinks /tmp/woop-commit-review30/Woop/Media/coffre-salle-loop.mp4 /tmp/woop-commit-review30-dd/Build/Products/Release-iphoneos/Woop.app

CpResource /tmp/woop-commit-review30-dd/Build/Products/Release-iphoneos/Woop.app/coffre-beau.mp4 /tmp/woop-commit-review30/Woop/Media/coffre-beau.mp4 (in target 'Woop' from project 'Woop')
    cd /tmp/woop-commit-review30
    builtin-copy -exclude .DS_Store -exclude CVS -exclude .svn -exclude .git -exclude .hg -resolve-src-symlinks /tmp/woop-commit-review30/Woop/Media/coffre-beau.mp4 /tmp/woop-commit-review30-dd/Build/Products/Release-iphoneos/Woop.app

CpResource /tmp/woop-commit-review30-dd/Build/Products/Release-iphoneos/Woop.app/coffre-arrivee.mp4 /tmp/woop-commit-review30/Woop/Media/coffre-arrivee.mp4 (in target 'Woop' from project 'Woop')
    cd /tmp/woop-commit-review30
    builtin-copy -exclude .DS_Store -exclude CVS -exclude .svn -exclude .git -exclude .hg -resolve-src-symlinks /tmp/woop-commit-review30/Woop/Media/coffre-arrivee.mp4 /tmp/woop-commit-review30-dd/Build/Products/Release-iphoneos/Woop.app

CpResource /tmp/woop-commit-review30-dd/Build/Products/Release-iphoneos/Woop.app/braise-veille.caf /tmp/woop-commit-review30/Woop/Media/braise-veille.caf (in target 'Woop' from project 'Woop')
    cd /tmp/woop-commit-review30
    builtin-copy -exclude .DS_Store -exclude CVS -exclude .svn -exclude .git -exclude .hg -resolve-src-symlinks /tmp/woop-commit-review30/Woop/Media/braise-veille.caf /tmp/woop-commit-review30-dd/Build/Products/Release-iphoneos/Woop.app

CpResource /tmp/woop-commit-review30-dd/Build/Products/Release-iphoneos/Woop.app/booster.bin /tmp/woop-commit-review30/Woop/Media/booster.bin (in target 'Woop' from project 'Woop')
    cd /tmp/woop-commit-review30
    builtin-copy -exclude .DS_Store -exclude CVS -exclude .svn -exclude .git -exclude .hg -resolve-src-symlinks /tmp/woop-commit-review30/Woop/Media/booster.bin /tmp/woop-commit-review30-dd/Build/Products/Release-iphoneos/Woop.app

CpResource /tmp/woop-commit-review30-dd/Build/Products/Release-iphoneos/Woop.app/booster-loop.mp4 /tmp/woop-commit-review30/Woop/Media/booster-loop.mp4 (in target 'Woop' from project 'Woop')
    cd /tmp/woop-commit-review30
    builtin-copy -exclude .DS_Store -exclude CVS -exclude .svn -exclude .git -exclude .hg -resolve-src-symlinks /tmp/woop-commit-review30/Woop/Media/booster-loop.mp4 /tmp/woop-commit-review30-dd/Build/Products/Release-iphoneos/Woop.app

CpResource /tmp/woop-commit-review30-dd/Build/Products/Release-iphoneos/Woop.app/booster-loop-noir.mp4 /tmp/woop-commit-review30/Woop/Media/booster-loop-noir.mp4 (in target 'Woop' from project 'Woop')
    cd /tmp/woop-commit-review30
    builtin-copy -exclude .DS_Store -exclude CVS -exclude .svn -exclude .git -exclude .hg -resolve-src-symlinks /tmp/woop-commit-review30/Woop/Media/booster-loop-noir.mp4 /tmp/woop-commit-review30-dd/Build/Products/Release-iphoneos/Woop.app

CpResource /tmp/woop-commit-review30-dd/Build/Products/Release-iphoneos/Woop.app/booster-dot-loop.mp4 /tmp/woop-commit-review30/Woop/Media/booster-dot-loop.mp4 (in target 'Woop' from project 'Woop')
    cd /tmp/woop-commit-review30
    builtin-copy -exclude .DS_Store -exclude CVS -exclude .svn -exclude .git -exclude .hg -resolve-src-symlinks /tmp/woop-commit-review30/Woop/Media/booster-dot-loop.mp4 /tmp/woop-commit-review30-dd/Build/Products/Release-iphoneos/Woop.app

CpResource /tmp/woop-commit-review30-dd/Build/Products/Release-iphoneos/Woop.app/background-calendar-loop.mp4 /tmp/woop-commit-review30/Woop/Media/background-calendar-loop.mp4 (in target 'Woop' from project 'Woop')
    cd /tmp/woop-commit-review30
    builtin-copy -exclude .DS_Store -exclude CVS -exclude .svn -exclude .git -exclude .hg -resolve-src-symlinks /tmp/woop-commit-review30/Woop/Media/background-calendar-loop.mp4 /tmp/woop-commit-review30-dd/Build/Products/Release-iphoneos/Woop.app

CpResource /tmp/woop-commit-review30-dd/Build/Products/Release-iphoneos/Woop.app/PoussiereLune.wav /tmp/woop-commit-review30/Woop/Media/PoussiereLune.wav (in target 'Woop' from project 'Woop')
    cd /tmp/woop-commit-review30
    builtin-copy -exclude .DS_Store -exclude CVS -exclude .svn -exclude .git -exclude .hg -resolve-src-symlinks /tmp/woop-commit-review30/Woop/Media/PoussiereLune.wav /tmp/woop-commit-review30-dd/Build/Products/Release-iphoneos/Woop.app

CpResource /tmp/woop-commit-review30-dd/Build/Products/Release-iphoneos/Woop.app/Paillette.wav /tmp/woop-commit-review30/Woop/Sounds/Paillette.wav (in target 'Woop' from project 'Woop')
    cd /tmp/woop-commit-review30
    builtin-copy -exclude .DS_Store -exclude CVS -exclude .svn -exclude .git -exclude .hg -resolve-src-symlinks /tmp/woop-commit-review30/Woop/Sounds/Paillette.wav /tmp/woop-commit-review30-dd/Build/Products/Release-iphoneos/Woop.app

CpResource /tmp/woop-commit-review30-dd/Build/Products/Release-iphoneos/Woop.app/NosfyTheme.m4a /tmp/woop-commit-review30/Woop/Sounds/NosfyTheme.m4a (in target 'Woop' from project 'Woop')
    cd /tmp/woop-commit-review30
    builtin-copy -exclude .DS_Store -exclude CVS -exclude .svn -exclude .git -exclude .hg -resolve-src-symlinks /tmp/woop-commit-review30/Woop/Sounds/NosfyTheme.m4a /tmp/woop-commit-review30-dd/Build/Products/Release-iphoneos/Woop.app

CpResource /tmp/woop-commit-review30-dd/Build/Products/Release-iphoneos/Woop.app/NosfyTap.wav /tmp/woop-commit-review30/Woop/Sounds/NosfyTap.wav (in target 'Woop' from project 'Woop')
    cd /tmp/woop-commit-review30
    builtin-copy -exclude .DS_Store -exclude CVS -exclude .svn -exclude .git -exclude .hg -resolve-src-symlinks /tmp/woop-commit-review30/Woop/Sounds/NosfyTap.wav /tmp/woop-commit-review30-dd/Build/Products/Release-iphoneos/Woop.app

CpResource /tmp/woop-commit-review30-dd/Build/Products/Release-iphoneos/Woop.app/NosfyPaillette.wav /tmp/woop-commit-review30/Woop/Sounds/NosfyPaillette.wav (in target 'Woop' from project 'Woop')
    cd /tmp/woop-commit-review30
    builtin-copy -exclude .DS_Store -exclude CVS -exclude .svn -exclude .git -exclude .hg -resolve-src-symlinks /tmp/woop-commit-review30/Woop/Sounds/NosfyPaillette.wav /tmp/woop-commit-review30-dd/Build/Products/Release-iphoneos/Woop.app

CpResource /tmp/woop-commit-review30-dd/Build/Products/Release-iphoneos/Woop.app/NosfyFin.m4a /tmp/woop-commit-review30/Woop/Sounds/NosfyFin.m4a (in target 'Woop' from project 'Woop')
    cd /tmp/woop-commit-review30
    builtin-copy -exclude .DS_Store -exclude CVS -exclude .svn -exclude .git -exclude .hg -resolve-src-symlinks /tmp/woop-commit-review30/Woop/Sounds/NosfyFin.m4a /tmp/woop-commit-review30-dd/Build/Products/Release-iphoneos/Woop.app

CpResource /tmp/woop-commit-review30-dd/Build/Products/Release-iphoneos/Woop.app/NeonIgnite.wav /tmp/woop-commit-review30/Woop/Sounds/NeonIgnite.wav (in target 'Woop' from project 'Woop')
    cd /tmp/woop-commit-review30
    builtin-copy -exclude .DS_Store -exclude CVS -exclude .svn -exclude .git -exclude .hg -resolve-src-symlinks /tmp/woop-commit-review30/Woop/Sounds/NeonIgnite.wav /tmp/woop-commit-review30-dd/Build/Products/Release-iphoneos/Woop.app

CpResource /tmp/woop-commit-review30-dd/Build/Products/Release-iphoneos/Woop.app/MoonSplashTheme.m4a /tmp/woop-commit-review30/Woop/Sounds/MoonSplashTheme.m4a (in target 'Woop' from project 'Woop')
    cd /tmp/woop-commit-review30
    builtin-copy -exclude .DS_Store -exclude CVS -exclude .svn -exclude .git -exclude .hg -resolve-src-symlinks /tmp/woop-commit-review30/Woop/Sounds/MoonSplashTheme.m4a /tmp/woop-commit-review30-dd/Build/Products/Release-iphoneos/Woop.app

CpResource /tmp/woop-commit-review30-dd/Build/Products/Release-iphoneos/Woop.app/MoonSDF.bin /tmp/woop-commit-review30/Woop/MoonSDF.bin (in target 'Woop' from project 'Woop')
    cd /tmp/woop-commit-review30
    builtin-copy -exclude .DS_Store -exclude CVS -exclude .svn -exclude .git -exclude .hg -resolve-src-symlinks /tmp/woop-commit-review30/Woop/MoonSDF.bin /tmp/woop-commit-review30-dd/Build/Products/Release-iphoneos/Woop.app

CpResource /tmp/woop-commit-review30-dd/Build/Products/Release-iphoneos/Woop.app/MoonGraze.wav /tmp/woop-commit-review30/Woop/Sounds/MoonGraze.wav (in target 'Woop' from project 'Woop')
    cd /tmp/woop-commit-review30
    builtin-copy -exclude .DS_Store -exclude CVS -exclude .svn -exclude .git -exclude .hg -resolve-src-symlinks /tmp/woop-commit-review30/Woop/Sounds/MoonGraze.wav /tmp/woop-commit-review30-dd/Build/Products/Release-iphoneos/Woop.app

CpResource /tmp/woop-commit-review30-dd/Build/Products/Release-iphoneos/Woop.app/MoonGlide.wav /tmp/woop-commit-review30/Woop/Sounds/MoonGlide.wav (in target 'Woop' from project 'Woop')
    cd /tmp/woop-commit-review30
    builtin-copy -exclude .DS_Store -exclude CVS -exclude .svn -exclude .git -exclude .hg -resolve-src-symlinks /tmp/woop-commit-review30/Woop/Sounds/MoonGlide.wav /tmp/woop-commit-review30-dd/Build/Products/Release-iphoneos/Woop.app

CpResource /tmp/woop-commit-review30-dd/Build/Products/Release-iphoneos/Woop.app/LuneSangTheme.m4a /tmp/woop-commit-review30/Woop/Sounds/LuneSangTheme.m4a (in target 'Woop' from project 'Woop')
    cd /tmp/woop-commit-review30
    builtin-copy -exclude .DS_Store -exclude CVS -exclude .svn -exclude .git -exclude .hg -resolve-src-symlinks /tmp/woop-commit-review30/Woop/Sounds/LuneSangTheme.m4a /tmp/woop-commit-review30-dd/Build/Products/Release-iphoneos/Woop.app

CpResource /tmp/woop-commit-review30-dd/Build/Products/Release-iphoneos/Woop.app/LensTheme.m4a /tmp/woop-commit-review30/Woop/Sounds/LensTheme.m4a (in target 'Woop' from project 'Woop')
    cd /tmp/woop-commit-review30
    builtin-copy -exclude .DS_Store -exclude CVS -exclude .svn -exclude .git -exclude .hg -resolve-src-symlinks /tmp/woop-commit-review30/Woop/Sounds/LensTheme.m4a /tmp/woop-commit-review30-dd/Build/Products/Release-iphoneos/Woop.app

CpResource /tmp/woop-commit-review30-dd/Build/Products/Release-iphoneos/Woop.app/Inter-SemiBold.otf /tmp/woop-commit-review30/Woop/Fonts/Inter-SemiBold.otf (in target 'Woop' from project 'Woop')
    cd /tmp/woop-commit-review30
    builtin-copy -exclude .DS_Store -exclude CVS -exclude .svn -exclude .git -exclude .hg -resolve-src-symlinks /tmp/woop-commit-review30/Woop/Fonts/Inter-SemiBold.otf /tmp/woop-commit-review30-dd/Build/Products/Release-iphoneos/Woop.app

CpResource /tmp/woop-commit-review30-dd/Build/Products/Release-iphoneos/Woop.app/Inter-Regular.otf /tmp/woop-commit-review30/Woop/Fonts/Inter-Regular.otf (in target 'Woop' from project 'Woop')
    cd /tmp/woop-commit-review30
    builtin-copy -exclude .DS_Store -exclude CVS -exclude .svn -exclude .git -exclude .hg -resolve-src-symlinks /tmp/woop-commit-review30/Woop/Fonts/Inter-Regular.otf /tmp/woop-commit-review30-dd/Build/Products/Release-iphoneos/Woop.app

CpResource /tmp/woop-commit-review30-dd/Build/Products/Release-iphoneos/Woop.app/Inter-Light.otf /tmp/woop-commit-review30/Woop/Fonts/Inter-Light.otf (in target 'Woop' from project 'Woop')
    cd /tmp/woop-commit-review30
    builtin-copy -exclude .DS_Store -exclude CVS -exclude .svn -exclude .git -exclude .hg -resolve-src-symlinks /tmp/woop-commit-review30/Woop/Fonts/Inter-Light.otf /tmp/woop-commit-review30-dd/Build/Products/Release-iphoneos/Woop.app

CpResource /tmp/woop-commit-review30-dd/Build/Products/Release-iphoneos/Woop.app/Inter-Medium.otf /tmp/woop-commit-review30/Woop/Fonts/Inter-Medium.otf (in target 'Woop' from project 'Woop')
    cd /tmp/woop-commit-review30
    builtin-copy -exclude .DS_Store -exclude CVS -exclude .svn -exclude .git -exclude .hg -resolve-src-symlinks /tmp/woop-commit-review30/Woop/Fonts/Inter-Medium.otf /tmp/woop-commit-review30-dd/Build/Products/Release-iphoneos/Woop.app

CpResource /tmp/woop-commit-review30-dd/Build/Products/Release-iphoneos/Woop.app/Inter-Bold.otf /tmp/woop-commit-review30/Woop/Fonts/Inter-Bold.otf (in target 'Woop' from project 'Woop')
    cd /tmp/woop-commit-review30
    builtin-copy -exclude .DS_Store -exclude CVS -exclude .svn -exclude .git -exclude .hg -resolve-src-symlinks /tmp/woop-commit-review30/Woop/Fonts/Inter-Bold.otf /tmp/woop-commit-review30-dd/Build/Products/Release-iphoneos/Woop.app

CpResource /tmp/woop-commit-review30-dd/Build/Products/Release-iphoneos/Woop.app/DialTock.wav /tmp/woop-commit-review30/Woop/Sounds/DialTock.wav (in target 'Woop' from project 'Woop')
    cd /tmp/woop-commit-review30
    builtin-copy -exclude .DS_Store -exclude CVS -exclude .svn -exclude .git -exclude .hg -resolve-src-symlinks /tmp/woop-commit-review30/Woop/Sounds/DialTock.wav /tmp/woop-commit-review30-dd/Build/Products/Release-iphoneos/Woop.app

CpResource /tmp/woop-commit-review30-dd/Build/Products/Release-iphoneos/Woop.app/DialTick.wav /tmp/woop-commit-review30/Woop/Sounds/DialTick.wav (in target 'Woop' from project 'Woop')
    cd /tmp/woop-commit-review30
    builtin-copy -exclude .DS_Store -exclude CVS -exclude .svn -exclude .git -exclude .hg -resolve-src-symlinks /tmp/woop-commit-review30/Woop/Sounds/DialTick.wav /tmp/woop-commit-review30-dd/Build/Products/Release-iphoneos/Woop.app

CpResource /tmp/woop-commit-review30-dd/Build/Products/Release-iphoneos/Woop.app/DialTap.wav /tmp/woop-commit-review30/Woop/Sounds/DialTap.wav (in target 'Woop' from project 'Woop')
    cd /tmp/woop-commit-review30
    builtin-copy -exclude .DS_Store -exclude CVS -exclude .svn -exclude .git -exclude .hg -resolve-src-symlinks /tmp/woop-commit-review30/Woop/Sounds/DialTap.wav /tmp/woop-commit-review30-dd/Build/Products/Release-iphoneos/Woop.app

CpResource /tmp/woop-commit-review30-dd/Build/Products/Release-iphoneos/Woop.app/CoinChink.wav /tmp/woop-commit-review30/Woop/Media/CoinChink.wav (in target 'Woop' from project 'Woop')
    cd /tmp/woop-commit-review30
    builtin-copy -exclude .DS_Store -exclude CVS -exclude .svn -exclude .git -exclude .hg -resolve-src-symlinks /tmp/woop-commit-review30/Woop/Media/CoinChink.wav /tmp/woop-commit-review30-dd/Build/Products/Release-iphoneos/Woop.app

CpResource /tmp/woop-commit-review30-dd/Build/Products/Release-iphoneos/Woop.app/BoosterLeve.wav /tmp/woop-commit-review30/Woop/Media/BoosterLeve.wav (in target 'Woop' from project 'Woop')
    cd /tmp/woop-commit-review30
    builtin-copy -exclude .DS_Store -exclude CVS -exclude .svn -exclude .git -exclude .hg -resolve-src-symlinks /tmp/woop-commit-review30/Woop/Media/BoosterLeve.wav /tmp/woop-commit-review30-dd/Build/Products/Release-iphoneos/Woop.app

CpResource /tmp/woop-commit-review30-dd/Build/Products/Release-iphoneos/Woop.app/AuroraSwipe.wav /tmp/woop-commit-review30/Woop/Sounds/AuroraSwipe.wav (in target 'Woop' from project 'Woop')
    cd /tmp/woop-commit-review30
    builtin-copy -exclude .DS_Store -exclude CVS -exclude .svn -exclude .git -exclude .hg -resolve-src-symlinks /tmp/woop-commit-review30/Woop/Sounds/AuroraSwipe.wav /tmp/woop-commit-review30-dd/Build/Products/Release-iphoneos/Woop.app

CpResource /tmp/woop-commit-review30-dd/Build/Products/Release-iphoneos/Woop.app/AuroraSparkle.wav /tmp/woop-commit-review30/Woop/Sounds/AuroraSparkle.wav (in target 'Woop' from project 'Woop')
    cd /tmp/woop-commit-review30
    builtin-copy -exclude .DS_Store -exclude CVS -exclude .svn -exclude .git -exclude .hg -resolve-src-symlinks /tmp/woop-commit-review30/Woop/Sounds/AuroraSparkle.wav /tmp/woop-commit-review30-dd/Build/Products/Release-iphoneos/Woop.app

CpResource /tmp/woop-commit-review30-dd/Build/Products/Release-iphoneos/Woop.app/AuroraBreath.wav /tmp/woop-commit-review30/Woop/Sounds/AuroraBreath.wav (in target 'Woop' from project 'Woop')
    cd /tmp/woop-commit-review30
    builtin-copy -exclude .DS_Store -exclude CVS -exclude .svn -exclude .git -exclude .hg -resolve-src-symlinks /tmp/woop-commit-review30/Woop/Sounds/AuroraBreath.wav /tmp/woop-commit-review30-dd/Build/Products/Release-iphoneos/Woop.app

CopyPNGFile /tmp/woop-commit-review30-dd/Build/Products/Release-iphoneos/Woop.app/coffre-spot.png /tmp/woop-commit-review30/Woop/Media/coffre-spot.png (in target 'Woop' from project 'Woop')
    cd /tmp/woop-commit-review30
    /Applications/Xcode.app/Contents/Developer/usr/bin/copypng -compress -strip-PNG-text /tmp/woop-commit-review30/Woop/Media/coffre-spot.png /tmp/woop-commit-review30-dd/Build/Products/Release-iphoneos/Woop.app/coffre-spot.png

CopyPNGFile /tmp/woop-commit-review30-dd/Build/Products/Release-iphoneos/Woop.app/coffre-arche.png /tmp/woop-commit-review30/Woop/Media/coffre-arche.png (in target 'Woop' from project 'Woop')
    cd /tmp/woop-commit-review30
    /Applications/Xcode.app/Contents/Developer/usr/bin/copypng -compress -strip-PNG-text /tmp/woop-commit-review30/Woop/Media/coffre-arche.png /tmp/woop-commit-review30-dd/Build/Products/Release-iphoneos/Woop.app/coffre-arche.png

CopyPNGFile /tmp/woop-commit-review30-dd/Build/Products/Release-iphoneos/Woop.app/coffre-arche-neon.png /tmp/woop-commit-review30/Woop/Media/coffre-arche-neon.png (in target 'Woop' from project 'Woop')
    cd /tmp/woop-commit-review30
    /Applications/Xcode.app/Contents/Developer/usr/bin/copypng -compress -strip-PNG-text /tmp/woop-commit-review30/Woop/Media/coffre-arche-neon.png /tmp/woop-commit-review30-dd/Build/Products/Release-iphoneos/Woop.app/coffre-arche-neon.png

CopyPNGFile /tmp/woop-commit-review30-dd/Build/Products/Release-iphoneos/Woop.app/carte-lune-L3.png /tmp/woop-commit-review30/Woop/Media/carte-lune-L3.png (in target 'Woop' from project 'Woop')
    cd /tmp/woop-commit-review30
    /Applications/Xcode.app/Contents/Developer/usr/bin/copypng -compress -strip-PNG-text /tmp/woop-commit-review30/Woop/Media/carte-lune-L3.png /tmp/woop-commit-review30-dd/Build/Products/Release-iphoneos/Woop.app/carte-lune-L3.png

CopyPNGFile /tmp/woop-commit-review30-dd/Build/Products/Release-iphoneos/Woop.app/carte-lune-L2.png /tmp/woop-commit-review30/Woop/Media/carte-lune-L2.png (in target 'Woop' from project 'Woop')
    cd /tmp/woop-commit-review30
    /Applications/Xcode.app/Contents/Developer/usr/bin/copypng -compress -strip-PNG-text /tmp/woop-commit-review30/Woop/Media/carte-lune-L2.png /tmp/woop-commit-review30-dd/Build/Products/Release-iphoneos/Woop.app/carte-lune-L2.png

CopyPNGFile /tmp/woop-commit-review30-dd/Build/Products/Release-iphoneos/Woop.app/carte-lune-L1.png /tmp/woop-commit-review30/Woop/Media/carte-lune-L1.png (in target 'Woop' from project 'Woop')
    cd /tmp/woop-commit-review30
    /Applications/Xcode.app/Contents/Developer/usr/bin/copypng -compress -strip-PNG-text /tmp/woop-commit-review30/Woop/Media/carte-lune-L1.png /tmp/woop-commit-review30-dd/Build/Products/Release-iphoneos/Woop.app/carte-lune-L1.png

CopyPNGFile /tmp/woop-commit-review30-dd/Build/Products/Release-iphoneos/Woop.app/carte-lune-L0.png /tmp/woop-commit-review30/Woop/Media/carte-lune-L0.png (in target 'Woop' from project 'Woop')
    cd /tmp/woop-commit-review30
    /Applications/Xcode.app/Contents/Developer/usr/bin/copypng -compress -strip-PNG-text /tmp/woop-commit-review30/Woop/Media/carte-lune-L0.png /tmp/woop-commit-review30-dd/Build/Products/Release-iphoneos/Woop.app/carte-lune-L0.png

CopyPNGFile /tmp/woop-commit-review30-dd/Build/Products/Release-iphoneos/Woop.app/carte-lune-1.png /tmp/woop-commit-review30/Woop/Media/carte-lune-1.png (in target 'Woop' from project 'Woop')
    cd /tmp/woop-commit-review30
    /Applications/Xcode.app/Contents/Developer/usr/bin/copypng -compress -strip-PNG-text /tmp/woop-commit-review30/Woop/Media/carte-lune-1.png /tmp/woop-commit-review30-dd/Build/Products/Release-iphoneos/Woop.app/carte-lune-1.png

CopyPNGFile /tmp/woop-commit-review30-dd/Build/Products/Release-iphoneos/Woop.app/carte-lune-1-depth.png /tmp/woop-commit-review30/Woop/Media/carte-lune-1-depth.png (in target 'Woop' from project 'Woop')
    cd /tmp/woop-commit-review30
    /Applications/Xcode.app/Contents/Developer/usr/bin/copypng -compress -strip-PNG-text /tmp/woop-commit-review30/Woop/Media/carte-lune-1-depth.png /tmp/woop-commit-review30-dd/Build/Products/Release-iphoneos/Woop.app/carte-lune-1-depth.png

CopyPNGFile /tmp/woop-commit-review30-dd/Build/Products/Release-iphoneos/Woop.app/carte-logo-ref.png /tmp/woop-commit-review30/Woop/Media/carte-logo-ref.png (in target 'Woop' from project 'Woop')
    cd /tmp/woop-commit-review30
    /Applications/Xcode.app/Contents/Developer/usr/bin/copypng -compress -strip-PNG-text /tmp/woop-commit-review30/Woop/Media/carte-logo-ref.png /tmp/woop-commit-review30-dd/Build/Products/Release-iphoneos/Woop.app/carte-logo-ref.png

CopyPNGFile /tmp/woop-commit-review30-dd/Build/Products/Release-iphoneos/Woop.app/carte-dos.png /tmp/woop-commit-review30/Woop/Media/carte-dos.png (in target 'Woop' from project 'Woop')
    cd /tmp/woop-commit-review30
    /Applications/Xcode.app/Contents/Developer/usr/bin/copypng -compress -strip-PNG-text /tmp/woop-commit-review30/Woop/Media/carte-dos.png /tmp/woop-commit-review30-dd/Build/Products/Release-iphoneos/Woop.app/carte-dos.png

CopyPNGFile /tmp/woop-commit-review30-dd/Build/Products/Release-iphoneos/Woop.app/carte-dos-vide.png /tmp/woop-commit-review30/Woop/Media/carte-dos-vide.png (in target 'Woop' from project 'Woop')
    cd /tmp/woop-commit-review30
    /Applications/Xcode.app/Contents/Developer/usr/bin/copypng -compress -strip-PNG-text /tmp/woop-commit-review30/Woop/Media/carte-dos-vide.png /tmp/woop-commit-review30-dd/Build/Products/Release-iphoneos/Woop.app/carte-dos-vide.png

CopyPNGFile /tmp/woop-commit-review30-dd/Build/Products/Release-iphoneos/Woop.app/carte-cadre.png /tmp/woop-commit-review30/Woop/Media/carte-cadre.png (in target 'Woop' from project 'Woop')
    cd /tmp/woop-commit-review30
    /Applications/Xcode.app/Contents/Developer/usr/bin/copypng -compress -strip-PNG-text /tmp/woop-commit-review30/Woop/Media/carte-cadre.png /tmp/woop-commit-review30-dd/Build/Products/Release-iphoneos/Woop.app/carte-cadre.png

CopyPNGFile /tmp/woop-commit-review30-dd/Build/Products/Release-iphoneos/Woop.app/carte-cadre-legendaire.png /tmp/woop-commit-review30/Woop/Media/carte-cadre-legendaire.png (in target 'Woop' from project 'Woop')
    cd /tmp/woop-commit-review30
    /Applications/Xcode.app/Contents/Developer/usr/bin/copypng -compress -strip-PNG-text /tmp/woop-commit-review30/Woop/Media/carte-cadre-legendaire.png /tmp/woop-commit-review30-dd/Build/Products/Release-iphoneos/Woop.app/carte-cadre-legendaire.png

CopyPNGFile /tmp/woop-commit-review30-dd/Build/Products/Release-iphoneos/Woop.app/carnet-ouvert.png /tmp/woop-commit-review30/Woop/Media/carnet-ouvert.png (in target 'Woop' from project 'Woop')
    cd /tmp/woop-commit-review30
    /Applications/Xcode.app/Contents/Developer/usr/bin/copypng -compress -strip-PNG-text /tmp/woop-commit-review30/Woop/Media/carnet-ouvert.png /tmp/woop-commit-review30-dd/Build/Products/Release-iphoneos/Woop.app/carnet-ouvert.png

CopyPNGFile /tmp/woop-commit-review30-dd/Build/Products/Release-iphoneos/Woop.app/carnet-ferme.png /tmp/woop-commit-review30/Woop/Media/carnet-ferme.png (in target 'Woop' from project 'Woop')
    cd /tmp/woop-commit-review30
    /Applications/Xcode.app/Contents/Developer/usr/bin/copypng -compress -strip-PNG-text /tmp/woop-commit-review30/Woop/Media/carnet-ferme.png /tmp/woop-commit-review30-dd/Build/Products/Release-iphoneos/Woop.app/carnet-ferme.png

SwiftExplicitDependencyGeneratePcm arm64 /tmp/woop-commit-review30-dd/ModuleCache.noindex/SwiftShims-45DAT4PIFX3D6LLEID99ZLFCM.pcm

SwiftExplicitDependencyGeneratePcm arm64 /tmp/woop-commit-review30-dd/ModuleCache.noindex/_Builtin_stdarg-3HHHJW72HOQMAKRFI4XSJD487.pcm

SwiftExplicitDependencyGeneratePcm arm64 /tmp/woop-commit-review30-dd/ModuleCache.noindex/DeveloperToolsSupport-C5Z9AXP6BEJWGGZ079RVNFRIM.pcm

SwiftExplicitDependencyGeneratePcm arm64 /tmp/woop-commit-review30-dd/ModuleCache.noindex/_AvailabilityInternal-4SNENIRF9YC8LZ721L0LZTXBX.pcm

SwiftExplicitDependencyGeneratePcm arm64 /tmp/woop-commit-review30-dd/ModuleCache.noindex/_Builtin_float-7WH3BOOALRFF5XO09E6FGYPCS.pcm

SwiftExplicitDependencyGeneratePcm arm64 /tmp/woop-commit-review30-dd/ModuleCache.noindex/_Builtin_stdbool-7093U8LDZGKNV9SW832KXNRTI.pcm

SwiftExplicitDependencyGeneratePcm arm64 /tmp/woop-commit-review30-dd/ModuleCache.noindex/ActivityKit-95R7F69GHGQ4F4HO2NZ6BEVH2.pcm

SwiftExplicitDependencyGeneratePcm arm64 /tmp/woop-commit-review30-dd/ModuleCache.noindex/_SwiftConcurrencyShims-740DIS87DUGO8XZR7VOIFMBAB.pcm

SwiftExplicitDependencyGeneratePcm arm64 /tmp/woop-commit-review30-dd/ModuleCache.noindex/_Builtin_stddef-9I3GV5VZ5MOPS1UBLLICHADH7.pcm

SwiftExplicitDependencyGeneratePcm arm64 /tmp/woop-commit-review30-dd/ModuleCache.noindex/ptrcheck-CY3M9RMMJZB0Z0BBGTOR1LX47.pcm

SwiftExplicitDependencyGeneratePcm arm64 /tmp/woop-commit-review30-dd/ModuleCache.noindex/ptrauth-68HX9F7PX3NY4ESWTR7U82UDZ.pcm

SwiftDriver\ Compilation Woop normal arm64 com.apple.xcode.tools.swift.compiler (in target 'Woop' from project 'Woop')
    cd /tmp/woop-commit-review30
    builtin-Swift-Compilation -- /Applications/Xcode.app/Contents/Developer/Toolchains/XcodeDefault.xctoolchain/usr/bin/swiftc -module-name Woop -O -whole-module-optimization @/tmp/woop-commit-review30-dd/Build/Intermediates.noindex/Woop.build/Release-iphoneos/Woop.build/Objects-normal/arm64/Woop.SwiftFileList -enable-bare-slash-regex -enable-experimental-feature DebugDescriptionMacro -sdk /Applications/Xcode.app/Contents/Developer/Platforms/iPhoneOS.platform/Developer/SDKs/iPhoneOS26.5.sdk -target arm64-apple-ios26.0 -g -module-cache-path /tmp/woop-commit-review30-dd/ModuleCache.noindex -Xfrontend -serialize-debugging-options -swift-version 5 -I /tmp/woop-commit-review30-dd/Build/Products/Release-iphoneos -F /tmp/woop-commit-review30-dd/Build/Products/Release-iphoneos -emit-localized-strings -emit-localized-strings-path /tmp/woop-commit-review30-dd/Build/Intermediates.noindex/Woop.build/Release-iphoneos/Woop.build/Objects-normal/arm64 -c -num-threads 10 -Xcc -ivfsstatcache -Xcc /tmp/woop-commit-review30-dd/SDKStatCaches.noindex/iphoneos26.5-23F73-688ef53f1462e2c8f657fdc38a81448f32daed1954a7d5dd0789fcaf2a9bb78b.sdkstatcache -output-file-map /tmp/woop-commit-review30-dd/Build/Intermediates.noindex/Woop.build/Release-iphoneos/Woop.build/Objects-normal/arm64/Woop-OutputFileMap.json -use-frontend-parseable-output -save-temps -no-color-diagnostics -explicit-module-build -module-cache-path /tmp/woop-commit-review30-dd/Build/Intermediates.noindex/SwiftExplicitPrecompiledModules -clang-scanner-module-cache-path /tmp/woop-commit-review30-dd/ModuleCache.noindex -sdk-module-cache-path /tmp/woop-commit-review30-dd/ModuleCache.noindex -serialize-diagnostics -emit-dependencies -emit-module -emit-module-path /tmp/woop-commit-review30-dd/Build/Intermediates.noindex/Woop.build/Release-iphoneos/Woop.build/Objects-normal/arm64/Woop.swiftmodule -validate-clang-modules-once -clang-build-session-file /tmp/woop-commit-review30-dd/ModuleCache.noindex/Session.modulevalidation -Xcc -I/tmp/woop-commit-review30-dd/Build/Intermediates.noindex/Woop.build/Release-iphoneos/Woop.build/swift-overrides.hmap -emit-const-values -Xfrontend -const-gather-protocols-file -Xfrontend /tmp/woop-commit-review30-dd/Build/Intermediates.noindex/Woop.build/Release-iphoneos/Woop.build/Objects-normal/arm64/Woop_const_extract_protocols.json -Xcc -iquote -Xcc /tmp/woop-commit-review30-dd/Build/Intermediates.noindex/Woop.build/Release-iphoneos/Woop.build/Woop-generated-files.hmap -Xcc -I/tmp/woop-commit-review30-dd/Build/Intermediates.noindex/Woop.build/Release-iphoneos/Woop.build/Woop-own-target-headers.hmap -Xcc -I/tmp/woop-commit-review30-dd/Build/Intermediates.noindex/Woop.build/Release-iphoneos/Woop.build/Woop-all-target-headers.hmap -Xcc -iquote -Xcc /tmp/woop-commit-review30-dd/Build/Intermediates.noindex/Woop.build/Release-iphoneos/Woop.build/Woop-project-headers.hmap -Xcc -I/tmp/woop-commit-review30-dd/Build/Products/Release-iphoneos/include -Xcc -I/tmp/woop-commit-review30-dd/Build/Intermediates.noindex/Woop.build/Release-iphoneos/Woop.build/DerivedSources-normal/arm64 -Xcc -I/tmp/woop-commit-review30-dd/Build/Intermediates.noindex/Woop.build/Release-iphoneos/Woop.build/DerivedSources/arm64 -Xcc -I/tmp/woop-commit-review30-dd/Build/Intermediates.noindex/Woop.build/Release-iphoneos/Woop.build/DerivedSources -emit-objc-header -emit-objc-header-path /tmp/woop-commit-review30-dd/Build/Intermediates.noindex/Woop.build/Release-iphoneos/Woop.build/Objects-normal/arm64/Woop-Swift.h -working-directory /tmp/woop-commit-review30 -no-emit-module-separately-wmo

SwiftExplicitDependencyGeneratePcm arm64 /tmp/woop-commit-review30-dd/ModuleCache.noindex/_DarwinFoundation1-A9MPAM4RK7Y1B28YBHC2AKX2D.pcm

CopyPNGFile /tmp/woop-commit-review30-dd/Build/Products/Release-iphoneos/Woop.app/booster-pill.png /tmp/woop-commit-review30/Woop/Media/booster-pill.png (in target 'Woop' from project 'Woop')
    cd /tmp/woop-commit-review30
    /Applications/Xcode.app/Contents/Developer/usr/bin/copypng -compress -strip-PNG-text /tmp/woop-commit-review30/Woop/Media/booster-pill.png /tmp/woop-commit-review30-dd/Build/Products/Release-iphoneos/Woop.app/booster-pill.png

CopyPNGFile /tmp/woop-commit-review30-dd/Build/Products/Release-iphoneos/Woop.app/booster-pill-noir.png /tmp/woop-commit-review30/Woop/Media/booster-pill-noir.png (in target 'Woop' from project 'Woop')
    cd /tmp/woop-commit-review30
    /Applications/Xcode.app/Contents/Developer/usr/bin/copypng -compress -strip-PNG-text /tmp/woop-commit-review30/Woop/Media/booster-pill-noir.png /tmp/woop-commit-review30-dd/Build/Products/Release-iphoneos/Woop.app/booster-pill-noir.png

SwiftExplicitDependencyGeneratePcm arm64 /tmp/woop-commit-review30-dd/ModuleCache.noindex/_Builtin_limits-6U0R8IJ3YQ4AM3HRI2C24YF39.pcm

SwiftExplicitDependencyGeneratePcm arm64 /tmp/woop-commit-review30-dd/ModuleCache.noindex/_DarwinFoundation2-8TEUZHV0UJZFRK38H34C7BYH1.pcm

CopyPNGFile /tmp/woop-commit-review30-dd/Build/Products/Release-iphoneos/Woop.app/booster-normal.png /tmp/woop-commit-review30/Woop/Media/booster-normal.png (in target 'Woop' from project 'Woop')
    cd /tmp/woop-commit-review30
    /Applications/Xcode.app/Contents/Developer/usr/bin/copypng -compress -strip-PNG-text /tmp/woop-commit-review30/Woop/Media/booster-normal.png /tmp/woop-commit-review30-dd/Build/Products/Release-iphoneos/Woop.app/booster-normal.png

CopyPNGFile /tmp/woop-commit-review30-dd/Build/Products/Release-iphoneos/Woop.app/booster-noir-emiss.png /tmp/woop-commit-review30/Woop/Media/booster-noir-emiss.png (in target 'Woop' from project 'Woop')
    cd /tmp/woop-commit-review30
    /Applications/Xcode.app/Contents/Developer/usr/bin/copypng -compress -strip-PNG-text /tmp/woop-commit-review30/Woop/Media/booster-noir-emiss.png /tmp/woop-commit-review30-dd/Build/Products/Release-iphoneos/Woop.app/booster-noir-emiss.png

CopyPNGFile /tmp/woop-commit-review30-dd/Build/Products/Release-iphoneos/Woop.app/booster-noir-color.png /tmp/woop-commit-review30/Woop/Media/booster-noir-color.png (in target 'Woop' from project 'Woop')
    cd /tmp/woop-commit-review30
    /Applications/Xcode.app/Contents/Developer/usr/bin/copypng -compress -strip-PNG-text /tmp/woop-commit-review30/Woop/Media/booster-noir-color.png /tmp/woop-commit-review30-dd/Build/Products/Release-iphoneos/Woop.app/booster-noir-color.png

CopyPNGFile /tmp/woop-commit-review30-dd/Build/Products/Release-iphoneos/Woop.app/booster-emiss.png /tmp/woop-commit-review30/Woop/Media/booster-emiss.png (in target 'Woop' from project 'Woop')
    cd /tmp/woop-commit-review30
    /Applications/Xcode.app/Contents/Developer/usr/bin/copypng -compress -strip-PNG-text /tmp/woop-commit-review30/Woop/Media/booster-emiss.png /tmp/woop-commit-review30-dd/Build/Products/Release-iphoneos/Woop.app/booster-emiss.png

SwiftExplicitDependencyGeneratePcm arm64 /tmp/woop-commit-review30-dd/ModuleCache.noindex/sys_types-TVXJVQPX3701QUTOS0O38YSW.pcm

SwiftExplicitDependencyGeneratePcm arm64 /tmp/woop-commit-review30-dd/ModuleCache.noindex/_Builtin_stdint-9137QN9II9L06Y0RAV10ASHVP.pcm

SwiftExplicitDependencyGeneratePcm arm64 /tmp/woop-commit-review30-dd/ModuleCache.noindex/_Builtin_tgmath-8FAAM1KXLIQJ4KUS5GJRNYJI0.pcm

CopyPNGFile /tmp/woop-commit-review30-dd/Build/Products/Release-iphoneos/Woop.app/booster-color.png /tmp/woop-commit-review30/Woop/Media/booster-color.png (in target 'Woop' from project 'Woop')
    cd /tmp/woop-commit-review30
    /Applications/Xcode.app/Contents/Developer/usr/bin/copypng -compress -strip-PNG-text /tmp/woop-commit-review30/Woop/Media/booster-color.png /tmp/woop-commit-review30-dd/Build/Products/Release-iphoneos/Woop.app/booster-color.png

SwiftExplicitDependencyGeneratePcm arm64 /tmp/woop-commit-review30-dd/ModuleCache.noindex/_Builtin_intrinsics-CWQJPMP2OWM36C3SHFV900E0C.pcm

SwiftExplicitDependencyGeneratePcm arm64 /tmp/woop-commit-review30-dd/ModuleCache.noindex/_DarwinFoundation3-3B1OBOSDPDQG99I5KRKFYM7BW.pcm

SwiftExplicitDependencyGeneratePcm arm64 /tmp/woop-commit-review30-dd/ModuleCache.noindex/_Builtin_stdatomic-CUX5B2GQYD521QK1IGQA2SBYO.pcm

SwiftExplicitDependencyGeneratePcm arm64 /tmp/woop-commit-review30-dd/ModuleCache.noindex/_Builtin_inttypes-A63G0LNHN6NPXYDV4GDBJ9OOA.pcm

CopyPNGFile /tmp/woop-commit-review30-dd/Build/Products/Release-iphoneos/Woop.app/booster-carte.png /tmp/woop-commit-review30/Woop/Media/booster-carte.png (in target 'Woop' from project 'Woop')
    cd /tmp/woop-commit-review30
    /Applications/Xcode.app/Contents/Developer/usr/bin/copypng -compress -strip-PNG-text /tmp/woop-commit-review30/Woop/Media/booster-carte.png /tmp/woop-commit-review30-dd/Build/Products/Release-iphoneos/Woop.app/booster-carte.png

SwiftExplicitDependencyGeneratePcm arm64 /tmp/woop-commit-review30-dd/ModuleCache.noindex/Darwin-C03YPCC8Z82HWJK7HG802FCMH.pcm

SwiftExplicitDependencyGeneratePcm arm64 /tmp/woop-commit-review30-dd/ModuleCache.noindex/simd-3NUUH7AUNRZ7O05D8IHLZBS4U.pcm

SwiftExplicitDependencyGeneratePcm arm64 /tmp/woop-commit-review30-dd/ModuleCache.noindex/ObjectiveC-VGM2SQY238OYUCEY4YC8NN9H.pcm

SwiftExplicitDependencyGeneratePcm arm64 /tmp/woop-commit-review30-dd/ModuleCache.noindex/MachO-EWB2DT61UKXYNP87AZXN7DBFB.pcm

SwiftExplicitDependencyGeneratePcm arm64 /tmp/woop-commit-review30-dd/ModuleCache.noindex/os_object-B0FKMXZYC4Z0IVBHSS045FJP3.pcm

SwiftExplicitDependencyGeneratePcm arm64 /tmp/woop-commit-review30-dd/ModuleCache.noindex/os_workgroup-2KHQZO62G6SS1O5NQD88P4HDT.pcm

SwiftExplicitDependencyGeneratePcm arm64 /tmp/woop-commit-review30-dd/ModuleCache.noindex/Spatial-BPB6TLSGF8HXHB1G5K1QDOYSP.pcm

SwiftExplicitDependencyGeneratePcm arm64 /tmp/woop-commit-review30-dd/ModuleCache.noindex/Dispatch-13MF5CXQWLNLZAF7HHLJJPA9T.pcm

SwiftExplicitDependencyGeneratePcm arm64 /tmp/woop-commit-review30-dd/ModuleCache.noindex/dnssd-67PDUG7TYP4V7GG6NXXYO8UZT.pcm

SwiftExplicitDependencyGeneratePcm arm64 /tmp/woop-commit-review30-dd/ModuleCache.noindex/CoreFoundation-EDEK29GS7EDPAR3BC01U3VMIG.pcm

SwiftExplicitDependencyGeneratePcm arm64 /tmp/woop-commit-review30-dd/ModuleCache.noindex/XPC-1RNIN8XUE1K5C2YNJ7N5GO1ZH.pcm

SwiftExplicitDependencyGeneratePcm arm64 /tmp/woop-commit-review30-dd/ModuleCache.noindex/os-DC0RIN6WFKPQN5EYQXEGGR1S2.pcm

SwiftExplicitDependencyGeneratePcm arm64 /tmp/woop-commit-review30-dd/ModuleCache.noindex/Security-4LPFJINALOM0PN80SZ41UM1EL.pcm

SwiftExplicitDependencyGeneratePcm arm64 /tmp/woop-commit-review30-dd/ModuleCache.noindex/CoreGraphics-668749D4HTDLIXD9O7GBXUVCU.pcm

SwiftExplicitDependencyGeneratePcm arm64 /tmp/woop-commit-review30-dd/ModuleCache.noindex/CFNetwork-9KGD4KQQIJ3VJXENA4Q8CNU3O.pcm

SwiftExplicitDependencyGeneratePcm arm64 /tmp/woop-commit-review30-dd/ModuleCache.noindex/CoreAudioTypes-5YE7KM4WOXWW75QGFV28QT4KD.pcm

SwiftExplicitDependencyGeneratePcm arm64 /tmp/woop-commit-review30-dd/ModuleCache.noindex/CoreAudio-ECK2L80M9G47E0LCXPVTK3OLT.pcm

SwiftExplicitDependencyGeneratePcm arm64 /tmp/woop-commit-review30-dd/ModuleCache.noindex/Foundation-4CKZ13WAJOUUN7STUCTFEK7IB.pcm

SwiftExplicitDependencyGeneratePcm arm64 /tmp/woop-commit-review30-dd/ModuleCache.noindex/ImageIO-5VP19HE129X3MWXOOPYKSX0Z3.pcm

SwiftExplicitDependencyGeneratePcm arm64 /tmp/woop-commit-review30-dd/ModuleCache.noindex/CoreText-3KMFWXI0GRP3P8EP50O70F2Z5.pcm

SwiftExplicitDependencyGeneratePcm arm64 /tmp/woop-commit-review30-dd/ModuleCache.noindex/_LocationEssentials-D61K9JDDFPC47X5HG3BXQEWU9.pcm

SwiftExplicitDependencyGeneratePcm arm64 /tmp/woop-commit-review30-dd/ModuleCache.noindex/UserNotifications-1VN25MG0L5UYLE6IAEDR7CEF1.pcm

SwiftExplicitDependencyGeneratePcm arm64 /tmp/woop-commit-review30-dd/ModuleCache.noindex/UniformTypeIdentifiers-AY5VON9FXOXJ0HQAJNUDOB5OW.pcm

SwiftExplicitDependencyGeneratePcm arm64 /tmp/woop-commit-review30-dd/ModuleCache.noindex/Network-52IDQI5PAVAOAZR5VC5V4KE3Z.pcm

SwiftExplicitDependencyGeneratePcm arm64 /tmp/woop-commit-review30-dd/ModuleCache.noindex/ModelIO-SEOQD1U7AZ3NFQ3P1O9Q9OJC.pcm

SwiftExplicitDependencyGeneratePcm arm64 /tmp/woop-commit-review30-dd/ModuleCache.noindex/CoreHaptics-CIKYOHO1NXIOI5VIZP5NFMELO.pcm

SwiftExplicitDependencyGeneratePcm arm64 /tmp/woop-commit-review30-dd/ModuleCache.noindex/OSLog-2QGVSB69EQ3R6EAHGXWYOF6DR.pcm

SwiftExplicitDependencyGeneratePcm arm64 /tmp/woop-commit-review30-dd/ModuleCache.noindex/CoreData-4C40F1AOANKAV816JIC64EHYA.pcm

SwiftExplicitDependencyGeneratePcm arm64 /tmp/woop-commit-review30-dd/ModuleCache.noindex/CoreTransferable-F0RPI8A8IZ342K2VK61QDW014.pcm

SwiftExplicitDependencyGeneratePcm arm64 /tmp/woop-commit-review30-dd/ModuleCache.noindex/UIUtilities-732NFP1VKV2WXFD7D4UBU12YH.pcm

SwiftExplicitDependencyGeneratePcm arm64 /tmp/woop-commit-review30-dd/ModuleCache.noindex/FileProvider-95TTMG0LIBS2RDVRFF8HY9A8V.pcm

SwiftExplicitDependencyGeneratePcm arm64 /tmp/woop-commit-review30-dd/ModuleCache.noindex/DataDetection-QGHQW3RG192TOJGYL71YPUE2.pcm

SwiftExplicitDependencyGeneratePcm arm64 /tmp/woop-commit-review30-dd/ModuleCache.noindex/LocalAuthentication-JZTMVXCGD5ITFAH7WGA4IPR2.pcm

SwiftExplicitDependencyGeneratePcm arm64 /tmp/woop-commit-review30-dd/ModuleCache.noindex/Symbols-6X49KEYCYPRB3Z04O6X86U36L.pcm

SwiftExplicitDependencyGeneratePcm arm64 /tmp/woop-commit-review30-dd/ModuleCache.noindex/CoreMIDI-BSJIZEVJ8APXGGTB9P9DNT7ZP.pcm

SwiftExplicitDependencyGeneratePcm arm64 /tmp/woop-commit-review30-dd/ModuleCache.noindex/IOSurface-CVTXJV9DMU09Z11N9LA9I92AL.pcm

SwiftExplicitDependencyGeneratePcm arm64 /tmp/woop-commit-review30-dd/ModuleCache.noindex/CoreLocation-DMBV2Y2UHVCY1HZ6DUQ0L4VAV.pcm

SwiftExplicitDependencyGeneratePcm arm64 /tmp/woop-commit-review30-dd/ModuleCache.noindex/AVRouting-1A3U0CU2KT6PRYAMVFP3P8RI8.pcm

SwiftExplicitDependencyGeneratePcm arm64 /tmp/woop-commit-review30-dd/ModuleCache.noindex/Accessibility-AKVUFKPTS4T9N8GFO1JTFIL3T.pcm

SwiftExplicitDependencyGeneratePcm arm64 /tmp/woop-commit-review30-dd/ModuleCache.noindex/Metal-CDDZV102OKPMVUGGEV3SXIJM.pcm

SwiftExplicitDependencyGeneratePcm arm64 /tmp/woop-commit-review30-dd/ModuleCache.noindex/OpenGLES-E3640EYR2BUPXDNNYDWNHNOI6.pcm

SwiftExplicitDependencyGeneratePcm arm64 /tmp/woop-commit-review30-dd/ModuleCache.noindex/AudioToolbox-2CRNFEJMU79R57POQOSXTD7JH.pcm

SwiftExplicitDependencyGeneratePcm arm64 /tmp/woop-commit-review30-dd/ModuleCache.noindex/CoreMotion-2J9EA699RCZJ1V8HQ2M3PZ7MX.pcm

SwiftExplicitDependencyGeneratePcm arm64 /tmp/woop-commit-review30-dd/ModuleCache.noindex/CoreVideo-7WRVXOAB1HXZS40QWL3HBTX3S.pcm

SwiftExplicitDependencyGeneratePcm arm64 /tmp/woop-commit-review30-dd/ModuleCache.noindex/QuartzCore-F2ZWUEDJIC330P8CTFRZT1RRG.pcm

SwiftExplicitDependencyGeneratePcm arm64 /tmp/woop-commit-review30-dd/ModuleCache.noindex/CoreImage-6WYDGTC2KX4XPPL9235NDLUI8.pcm

SwiftExplicitDependencyGeneratePcm arm64 /tmp/woop-commit-review30-dd/ModuleCache.noindex/CoreMedia-1UKASLO069XL5D041JVBACPO4.pcm

SwiftExplicitDependencyGeneratePcm arm64 /tmp/woop-commit-review30-dd/ModuleCache.noindex/SwiftUICore-27IQMCFEOVXC20LSCIFN4Y7ZS.pcm

SwiftExplicitDependencyGeneratePcm arm64 /tmp/woop-commit-review30-dd/ModuleCache.noindex/AVFAudio-U1ZBYLAC3V5YCMQL5RT8G80F.pcm

SwiftExplicitDependencyGeneratePcm arm64 /tmp/woop-commit-review30-dd/ModuleCache.noindex/MediaToolbox-46E6BPZ8RRRXY8WCGQNHBRE29.pcm

SwiftExplicitDependencyGeneratePcm arm64 /tmp/woop-commit-review30-dd/ModuleCache.noindex/UIKit-2I20LCLJT011MLU30FJXB74WM.pcm

SwiftExplicitDependencyGeneratePcm arm64 /tmp/woop-commit-review30-dd/ModuleCache.noindex/AVFoundation-AEQU5SOWX2G5ZNI6PCWHKIUG6.pcm

SwiftExplicitDependencyGeneratePcm arm64 /tmp/woop-commit-review30-dd/ModuleCache.noindex/SwiftUI-1STI5W3JMRMNHC3ABNCWGU6NU.pcm

SwiftExplicitDependencyGeneratePcm arm64 /tmp/woop-commit-review30-dd/ModuleCache.noindex/GLKit-D7JQT3M8AY8SCU95GS3ZJB7JU.pcm

SwiftExplicitDependencyGeneratePcm arm64 /tmp/woop-commit-review30-dd/ModuleCache.noindex/AuthenticationServices-84MAGGWYDDICJTJBV54RN6UNL.pcm

SwiftExplicitDependencyGeneratePcm arm64 /tmp/woop-commit-review30-dd/ModuleCache.noindex/MetalKit-7FARVZD6ON7R7UNPWP1H74X2J.pcm

SwiftExplicitDependencyGeneratePcm arm64 /tmp/woop-commit-review30-dd/ModuleCache.noindex/SceneKit-BBQLU5I5STGZTGIYAHA18EXEC.pcm

SwiftCompile normal arm64 Compiling\ BottleSplash.swift,\ CoinChime.swift,\ DiamondGlints.swift,\ Ink.swift,\ LightDial.swift,\ LuneDust.swift,\ MonolithChime.swift,\ NightBirds.swift,\ RocketHaptics.swift,\ SparkleBurst.swift,\ SplashBackground.swift,\ SplashWisp.swift,\ Annonces.swift,\ AppleAuth.swift,\ ChambreServeur.swift,\ EconomieWoop.swift,\ ForgeServeur.swift,\ Langue.swift,\ LuneForge.swift,\ OutboxGains.swift,\ ProfilServeur.swift,\ SacreServeur.swift,\ Supabase.swift,\ SupabaseSync.swift,\ SynthesisService.swift,\ WorkoutActivityController.swift,\ ActiveWorkoutView.swift,\ AuroraBgLab.swift,\ AuthView.swift,\ BancCoutHome.swift,\ BoosterCard.swift,\ BoosterLab.swift,\ BoosterPack.swift,\ BoosterPopup.swift,\ BordSeance.swift,\ BoutonPrimaire.swift,\ BravoLab.swift,\ CalendarView.swift,\ CalLab.swift,\ CardioFiche.swift,\ CardRoute.swift,\ CarnetLab.swift,\ CarnetScene.swift,\ CarteLuneLab.swift,\ ChambreDonnees.swift,\ ChambreHiit.swift,\ ChambreLongue.swift,\ ChambrePeak.swift,\ ChambreRegularite.swift,\ ChambreVolume.swift,\ ChevronAppelNatif.swift,\ ChipVerre.swift,\ CinematicPlayer.swift,\ ClavierBraise.swift,\ CoffreFlipLab.swift,\ CoffreFortCoin.swift,\ CoffreFortPurse.swift,\ CoffreFortView.swift,\ CoffreV2.swift,\ ConnexionButtonLab.swift,\ ConnexionCinematic.swift,\ CorpsNacre.swift,\ CounterLab.swift,\ DemonVideo.swift,\ DepartCine.swift,\ DepartSeance.swift,\ DevilAuraOverlay.swift,\ DuolinguoPage.swift,\ EmberFlameLab.swift,\ ExerciseDetailView.swift,\ ExerciseEditor.swift,\ ExercisePhoto.swift,\ ExerciseSetupCard.swift,\ ExercisesView.swift,\ ExosFond.swift,\ FlameLab.swift,\ FlammeJauge.swift,\ FlammeJaugeLab.swift,\ FondVideoMetal.swift,\ Foyer.swift,\ FumeeInviteMetal.swift,\ GaletEtape.swift,\ GaletLab.swift,\ GaletSlide.swift,\ HaloDawnLab.swift,\ HarmonieLab.swift,\ HomeAuroraView.swift,\ HomeNuit.swift,\ HomeView.swift,\ JewelTabBar.swift,\ LaunchPebble.swift,\ ImpGlyph.swift,\ MoonGlyph.swift,\ ProgressComet.swift,\ WorkoutActivity.swift,\ LensParticles.swift,\ LiquidLensLab.swift,\ LisereCoreAnimation.swift,\ LisereImages.swift,\ LisereRespirant.swift,\ LiveExerciseView.swift,\ LivingNebulaBackground.swift,\ LoginLab.swift,\ LogoLab.swift,\ LuneDeSang.swift,\ MenuCouronne.swift,\ MenuNappe.swift,\ MoonCoinLab.swift,\ MoonSplash.swift,\ NavDiagnostic.swift,\ NavEncre.swift,\ NavLab.swift,\ NeonPrimaryButton.swift,\ NeonPrimaryLab.swift,\ NosfyOnboarding.swift,\ NotchedCard.swift,\ NotifCard.swift,\ NotifChasse.swift,\ NotifLab.swift,\ ObjectiveCard.swift,\ ObjectiveCardLab.swift,\ ObsidianCard.swift,\ ObsidianCardLab.swift,\ PageCard.swift,\ PanBande.swift,\ PiluleVagabonde.swift,\ PlayerMonde.swift,\ PorteApple.swift,\ PorteEntree.swift,\ PremiereArrivee.swift,\ ProfilLune.swift,\ ProgressionView.swift,\ ProgressPage.swift,\ RecentWorkoutCard.swift,\ RestartSheet.swift,\ RewardCard.swift,\ RewardChemin.swift,\ RewardCheminCard.swift,\ RewardCheminVariants.swift,\ RewardLab.swift,\ RythmeEcran.swift,\ SacreAccueil.swift,\ SessionSlate.swift,\ SetEntrySheet.swift,\ SetHistoryRow.swift,\ SliderLab.swift,\ SliderObsidienne.swift,\ SondeCadence.swift,\ SondeVol.swift,\ StopCard.swift,\ StopLab.swift,\ StopSessionSheet.swift,\ StoryEnded.swift,\ StoryFlow.swift,\ StorySuite.swift,\ StoryVideo.swift,\ SuccessLab.swift,\ SwapCardSurface.swift,\ SwapEmptyCard.swift,\ SynthesisCard.swift,\ TapisLab.swift,\ TapisScene.swift,\ VerreCoulant.swift,\ VisiteHome.swift,\ WahouReveal.swift,\ WidgetEdition.swift,\ WidgetsCards.swift,\ WorkoutPill.swift,\ WorkoutsListView.swift,\ Atmosphere.swift,\ DemonSky.swift,\ Models.swift,\ MoonPath.swift,\ MoonSDF.swift,\ NebulaConfiguration.swift,\ NebulaNoise.swift,\ NebulaStrip.swift,\ Theme.swift,\ WoopApp.swift,\ GeneratedAssetSymbols.swift /tmp/woop-commit-review30/Woop/Figures/BottleSplash.swift /tmp/woop-commit-review30/Woop/Figures/CoinChime.swift /tmp/woop-commit-review30/Woop/Figures/DiamondGlints.swift /tmp/woop-commit-review30/Woop/Figures/Ink.swift /tmp/woop-commit-review30/Woop/Figures/LightDial.swift /tmp/woop-commit-review30/Woop/Figures/LuneDust.swift /tmp/woop-commit-review30/Woop/Figures/MonolithChime.swift /tmp/woop-commit-review30/Woop/Figures/NightBirds.swift /tmp/woop-commit-review30/Woop/Figures/RocketHaptics.swift /tmp/woop-commit-review30/Woop/Figures/SparkleBurst.swift /tmp/woop-commit-review30/Woop/Figures/SplashBackground.swift /tmp/woop-commit-review30/Woop/Figures/SplashWisp.swift /tmp/woop-commit-review30/Woop/Services/Annonces.swift /tmp/woop-commit-review30/Woop/Services/AppleAuth.swift /tmp/woop-commit-review30/Woop/Services/ChambreServeur.swift /tmp/woop-commit-review30/Woop/Services/EconomieWoop.swift /tmp/woop-commit-review30/Woop/Services/ForgeServeur.swift /tmp/woop-commit-review30/Woop/Services/Langue.swift /tmp/woop-commit-review30/Woop/Services/LuneForge.swift /tmp/woop-commit-review30/Woop/Services/OutboxGains.swift /tmp/woop-commit-review30/Woop/Services/ProfilServeur.swift /tmp/woop-commit-review30/Woop/Services/SacreServeur.swift /tmp/woop-commit-review30/Woop/Services/Supabase.swift /tmp/woop-commit-review30/Woop/Services/SupabaseSync.swift /tmp/woop-commit-review30/Woop/Services/SynthesisService.swift /tmp/woop-commit-review30/Woop/Services/WorkoutActivityController.swift /tmp/woop-commit-review30/Woop/Views/ActiveWorkoutView.swift /tmp/woop-commit-review30/Woop/Views/AuroraBgLab.swift /tmp/woop-commit-review30/Woop/Views/AuthView.swift /tmp/woop-commit-review30/Woop/Views/BancCoutHome.swift /tmp/woop-commit-review30/Woop/Views/BoosterCard.swift /tmp/woop-commit-review30/Woop/Views/BoosterLab.swift /tmp/woop-commit-review30/Woop/Views/BoosterPack.swift /tmp/woop-commit-review30/Woop/Views/BoosterPopup.swift /tmp/woop-commit-review30/Woop/Views/BordSeance.swift /tmp/woop-commit-review30/Woop/Views/BoutonPrimaire.swift /tmp/woop-commit-review30/Woop/Views/BravoLab.swift /tmp/woop-commit-review30/Woop/Views/CalendarView.swift /tmp/woop-commit-review30/Woop/Views/CalLab.swift /tmp/woop-commit-review30/Woop/Views/CardioFiche.swift /tmp/woop-commit-review30/Woop/Views/CardRoute.swift /tmp/woop-commit-review30/Woop/Views/CarnetLab.swift /tmp/woop-commit-review30/Woop/Views/CarnetScene.swift /tmp/woop-commit-review30/Woop/Views/CarteLuneLab.swift /tmp/woop-commit-review30/Woop/Views/ChambreDonnees.swift /tmp/woop-commit-review30/Woop/Views/ChambreHiit.swift /tmp/woop-commit-review30/Woop/Views/ChambreLongue.swift /tmp/woop-commit-review30/Woop/Views/ChambrePeak.swift /tmp/woop-commit-review30/Woop/Views/ChambreRegularite.swift /tmp/woop-commit-review30/Woop/Views/ChambreVolume.swift /tmp/woop-commit-review30/Woop/Views/ChevronAppelNatif.swift /tmp/woop-commit-review30/Woop/Views/ChipVerre.swift /tmp/woop-commit-review30/Woop/Views/CinematicPlayer.swift /tmp/woop-commit-review30/Woop/Views/ClavierBraise.swift /tmp/woop-commit-review30/Woop/Views/CoffreFlipLab.swift /tmp/woop-commit-review30/Woop/Views/CoffreFortCoin.swift /tmp/woop-commit-review30/Woop/Views/CoffreFortPurse.swift /tmp/woop-commit-review30/Woop/Views/CoffreFortView.swift /tmp/woop-commit-review30/Woop/Views/CoffreV2.swift /tmp/woop-commit-review30/Woop/Views/ConnexionButtonLab.swift /tmp/woop-commit-review30/Woop/Views/ConnexionCinematic.swift /tmp/woop-commit-review30/Woop/Views/CorpsNacre.swift /tmp/woop-commit-review30/Woop/Views/CounterLab.swift /tmp/woop-commit-review30/Woop/Views/DemonVideo.swift /tmp/woop-commit-review30/Woop/Views/DepartCine.swift /tmp/woop-commit-review30/Woop/Views/DepartSeance.swift /tmp/woop-commit-review30/Woop/Views/DevilAuraOverlay.swift /tmp/woop-commit-review30/Woop/Views/DuolinguoPage.swift /tmp/woop-commit-review30/Woop/Views/EmberFlameLab.swift /tmp/woop-commit-review30/Woop/Views/ExerciseDetailView.swift /tmp/woop-commit-review30/Woop/Views/ExerciseEditor.swift /tmp/woop-commit-review30/Woop/Views/ExercisePhoto.swift /tmp/woop-commit-review30/Woop/Views/ExerciseSetupCard.swift /tmp/woop-commit-review30/Woop/Views/ExercisesView.swift /tmp/woop-commit-review30/Woop/Views/ExosFond.swift /tmp/woop-commit-review30/Woop/Views/FlameLab.swift /tmp/woop-commit-review30/Woop/Views/FlammeJauge.swift /tmp/woop-commit-review30/Woop/Views/FlammeJaugeLab.swift /tmp/woop-commit-review30/Woop/Views/FondVideoMetal.swift /tmp/woop-commit-review30/Woop/Views/Foyer.swift /tmp/woop-commit-review30/Woop/Views/FumeeInviteMetal.swift /tmp/woop-commit-review30/Woop/Views/GaletEtape.swift /tmp/woop-commit-review30/Woop/Views/GaletLab.swift /tmp/woop-commit-review30/Woop/Views/GaletSlide.swift /tmp/woop-commit-review30/Woop/Views/HaloDawnLab.swift /tmp/woop-commit-review30/Woop/Views/HarmonieLab.swift /tmp/woop-commit-review30/Woop/Views/HomeAuroraView.swift /tmp/woop-commit-review30/Woop/Views/HomeNuit.swift /tmp/woop-commit-review30/Woop/Views/HomeView.swift /tmp/woop-commit-review30/Woop/Views/JewelTabBar.swift /tmp/woop-commit-review30/Woop/Views/LaunchPebble.swift /tmp/woop-commit-review30/WoopShared/ImpGlyph.swift /tmp/woop-commit-review30/WoopShared/MoonGlyph.swift /tmp/woop-commit-review30/WoopShared/ProgressComet.swift /tmp/woop-commit-review30/WoopShared/WorkoutActivity.swift /tmp/woop-commit-review30/Woop/Views/LensParticles.swift /tmp/woop-commit-review30/Woop/Views/LiquidLensLab.swift /tmp/woop-commit-review30/Woop/Views/LisereCoreAnimation.swift /tmp/woop-commit-review30/Woop/Views/LisereImages.swift /tmp/woop-commit-review30/Woop/Views/LisereRespirant.swift /tmp/woop-commit-review30/Woop/Views/LiveExerciseView.swift /tmp/woop-commit-review30/Woop/Views/LivingNebulaBackground.swift /tmp/woop-commit-review30/Woop/Views/LoginLab.swift /tmp/woop-commit-review30/Woop/Views/LogoLab.swift /tmp/woop-commit-review30/Woop/Views/LuneDeSang.swift /tmp/woop-commit-review30/Woop/Views/MenuCouronne.swift /tmp/woop-commit-review30/Woop/Views/MenuNappe.swift /tmp/woop-commit-review30/Woop/Views/MoonCoinLab.swift /tmp/woop-commit-review30/Woop/Views/MoonSplash.swift /tmp/woop-commit-review30/Woop/Views/NavDiagnostic.swift /tmp/woop-commit-review30/Woop/Views/NavEncre.swift /tmp/woop-commit-review30/Woop/Views/NavLab.swift /tmp/woop-commit-review30/Woop/Views/NeonPrimaryButton.swift /tmp/woop-commit-review30/Woop/Views/NeonPrimaryLab.swift /tmp/woop-commit-review30/Woop/Views/NosfyOnboarding.swift /tmp/woop-commit-review30/Woop/Views/NotchedCard.swift /tmp/woop-commit-review30/Woop/Views/NotifCard.swift /tmp/woop-commit-review30/Woop/Views/NotifChasse.swift /tmp/woop-commit-review30/Woop/Views/NotifLab.swift /tmp/woop-commit-review30/Woop/Views/ObjectiveCard.swift /tmp/woop-commit-review30/Woop/Views/ObjectiveCardLab.swift /tmp/woop-commit-review30/Woop/Views/ObsidianCard.swift /tmp/woop-commit-review30/Woop/Views/ObsidianCardLab.swift /tmp/woop-commit-review30/Woop/Views/PageCard.swift /tmp/woop-commit-review30/Woop/Views/PanBande.swift /tmp/woop-commit-review30/Woop/Views/PiluleVagabonde.swift /tmp/woop-commit-review30/Woop/Views/PlayerMonde.swift /tmp/woop-commit-review30/Woop/Views/PorteApple.swift /tmp/woop-commit-review30/Woop/Views/PorteEntree.swift /tmp/woop-commit-review30/Woop/Views/PremiereArrivee.swift /tmp/woop-commit-review30/Woop/Views/ProfilLune.swift /tmp/woop-commit-review30/Woop/Views/ProgressionView.swift /tmp/woop-commit-review30/Woop/Views/ProgressPage.swift /tmp/woop-commit-review30/Woop/Views/RecentWorkoutCard.swift /tmp/woop-commit-review30/Woop/Views/RestartSheet.swift /tmp/woop-commit-review30/Woop/Views/RewardCard.swift /tmp/woop-commit-review30/Woop/Views/RewardChemin.swift /tmp/woop-commit-review30/Woop/Views/RewardCheminCard.swift /tmp/woop-commit-review30/Woop/Views/RewardCheminVariants.swift /tmp/woop-commit-review30/Woop/Views/RewardLab.swift /tmp/woop-commit-review30/Woop/Views/RythmeEcran.swift /tmp/woop-commit-review30/Woop/Views/SacreAccueil.swift /tmp/woop-commit-review30/Woop/Views/SessionSlate.swift /tmp/woop-commit-review30/Woop/Views/SetEntrySheet.swift /tmp/woop-commit-review30/Woop/Views/SetHistoryRow.swift /tmp/woop-commit-review30/Woop/Views/SliderLab.swift /tmp/woop-commit-review30/Woop/Views/SliderObsidienne.swift /tmp/woop-commit-review30/Woop/Views/SondeCadence.swift /tmp/woop-commit-review30/Woop/Views/SondeVol.swift /tmp/woop-commit-review30/Woop/Views/StopCard.swift /tmp/woop-commit-review30/Woop/Views/StopLab.swift /tmp/woop-commit-review30/Woop/Views/StopSessionSheet.swift /tmp/woop-commit-review30/Woop/Views/StoryEnded.swift /tmp/woop-commit-review30/Woop/Views/StoryFlow.swift /tmp/woop-commit-review30/Woop/Views/StorySuite.swift /tmp/woop-commit-review30/Woop/Views/StoryVideo.swift /tmp/woop-commit-review30/Woop/Views/SuccessLab.swift /tmp/woop-commit-review30/Woop/Views/SwapCardSurface.swift /tmp/woop-commit-review30/Woop/Views/SwapEmptyCard.swift /tmp/woop-commit-review30/Woop/Views/SynthesisCard.swift /tmp/woop-commit-review30/Woop/Views/TapisLab.swift /tmp/woop-commit-review30/Woop/Views/TapisScene.swift /tmp/woop-commit-review30/Woop/Views/VerreCoulant.swift /tmp/woop-commit-review30/Woop/Views/VisiteHome.swift /tmp/woop-commit-review30/Woop/Views/WahouReveal.swift /tmp/woop-commit-review30/Woop/Views/WidgetEdition.swift /tmp/woop-commit-review30/Woop/Views/WidgetsCards.swift /tmp/woop-commit-review30/Woop/Views/WorkoutPill.swift /tmp/woop-commit-review30/Woop/Views/WorkoutsListView.swift /tmp/woop-commit-review30/Woop/Atmosphere.swift /tmp/woop-commit-review30/Woop/DemonSky.swift /tmp/woop-commit-review30/Woop/Models.swift /tmp/woop-commit-review30/Woop/MoonPath.swift /tmp/woop-commit-review30/Woop/MoonSDF.swift /tmp/woop-commit-review30/Woop/NebulaConfiguration.swift /tmp/woop-commit-review30/Woop/NebulaNoise.swift /tmp/woop-commit-review30/Woop/NebulaStrip.swift /tmp/woop-commit-review30/Woop/Theme.swift /tmp/woop-commit-review30/Woop/WoopApp.swift /tmp/woop-commit-review30-dd/Build/Intermediates.noindex/Woop.build/Release-iphoneos/Woop.build/DerivedSources/GeneratedAssetSymbols.swift /Applications/Xcode.app/Contents/Developer/Toolchains/XcodeDefault.xctoolchain/usr/lib/swift/iphoneos/prebuilt-modules/26.5/simd.swiftmodule/arm64e-apple-ios.swiftmodule /Applications/Xcode.app/Contents/Developer/Toolchains/XcodeDefault.xctoolchain/usr/lib/swift/iphoneos/prebuilt-modules/26.5/Foundation.swiftmodule/arm64e-apple-ios.swiftmodule /Applications/Xcode.app/Contents/Developer/Toolchains/XcodeDefault.xctoolchain/usr/lib/swift/iphoneos/prebuilt-modules/26.5/_DarwinFoundation1.swiftmodule/arm64e-apple-ios.swiftmodule /Applications/Xcode.app/Contents/Developer/Toolchains/XcodeDefault.xctoolchain/usr/lib/swift/iphoneos/prebuilt-modules/26.5/AuthenticationServices.swiftmodule/arm64e-apple-ios.swiftmodule /Applications/Xcode.app/Contents/Developer/Toolchains/XcodeDefault.xctoolchain/usr/lib/swift/iphoneos/prebuilt-modules/26.5/Dispatch.swiftmodule/arm64e-apple-ios.swiftmodule /Applications/Xcode.app/Contents/Developer/Toolchains/XcodeDefault.xctoolchain/usr/lib/swift/iphoneos/prebuilt-modules/26.5/AudioToolbox.swiftmodule/arm64e-apple-ios.swiftmodule /Applications/Xcode.app/Contents/Developer/Toolchains/XcodeDefault.xctoolchain/usr/lib/swift/iphoneos/prebuilt-modules/26.5/CoreFoundation.swiftmodule/arm64e-apple-ios.swiftmodule /Applications/Xcode.app/Contents/Developer/Toolchains/XcodeDefault.xctoolchain/usr/lib/swift/iphoneos/prebuilt-modules/26.5/SwiftData.swiftmodule/arm64e-apple-ios.swiftmodule /Applications/Xcode.app/Contents/Developer/Toolchains/XcodeDefault.xctoolchain/usr/lib/swift/iphoneos/prebuilt-modules/26.5/_SwiftData_SwiftUI.swiftmodule/arm64e-apple-ios.swiftmodule /Applications/Xcode.app/Contents/Developer/Toolchains/XcodeDefault.xctoolchain/usr/lib/swift/iphoneos/prebuilt-modules/26.5/_DarwinFoundation3.swiftmodule/arm64e-apple-ios.swiftmodule /Applications/Xcode.app/Contents/Developer/Toolchains/XcodeDefault.xctoolchain/usr/lib/swift/iphoneos/prebuilt-modules/26.5/CoreMedia.swiftmodule/arm64e-apple-ios.swiftmodule /Applications/Xcode.app/Contents/Developer/Toolchains/XcodeDefault.xctoolchain/usr/lib/swift/iphoneos/prebuilt-modules/26.5/OSLog.swiftmodule/arm64e-apple-ios.swiftmodule /Applications/Xcode.app/Contents/Developer/Toolchains/XcodeDefault.xctoolchain/usr/lib/swift/iphoneos/prebuilt-modules/26.5/Metal.swiftmodule/arm64e-apple-ios.swiftmodule /Applications/Xcode.app/Contents/Developer/Toolchains/XcodeDefault.xctoolchain/usr/lib/swift/iphoneos/prebuilt-modules/26.5/_Builtin_float.swiftmodule/arm64e-apple-ios.swiftmodule /Applications/Xcode.app/Contents/Developer/Toolchains/XcodeDefault.xctoolchain/usr/lib/swift/iphoneos/prebuilt-modules/26.5/System.swiftmodule/arm64e-apple-ios.swiftmodule /Applications/Xcode.app/Contents/Developer/Toolchains/XcodeDefault.xctoolchain/usr/lib/swift/iphoneos/prebuilt-modules/26.5/ModelIO.swiftmodule/arm64e-apple-ios.swiftmodule /Applications/Xcode.app/Contents/Developer/Toolchains/XcodeDefault.xctoolchain/usr/lib/swift/iphoneos/prebuilt-modules/26.5/QuartzCore.swiftmodule/arm64e-apple-ios.swiftmodule /Applications/Xcode.app/Contents/Developer/Toolchains/XcodeDefault.xctoolchain/usr/lib/swift/iphoneos/prebuilt-modules/26.5/os.swiftmodule/arm64e-apple-ios.swiftmodule /Applications/Xcode.app/Contents/Developer/Toolchains/XcodeDefault.xctoolchain/usr/lib/swift/iphoneos/prebuilt-modules/26.5/CoreImage.swiftmodule/arm64e-apple-ios.swiftmodule /Applications/Xcode.app/Contents/Developer/Toolchains/XcodeDefault.xctoolchain/usr/lib/swift/iphoneos/prebuilt-modules/26.5/Swift.swiftmodule/arm64e-apple-ios.swiftmodule /Applications/Xcode.app/Contents/Developer/Toolchains/XcodeDefault.xctoolchain/usr/lib/swift/iphoneos/prebuilt-modules/26.5/SwiftUI.swiftmodule/arm64e-apple-ios.swiftmodule /Applications/Xcode.app/Contents/Developer/Toolchains/XcodeDefault.xctoolchain/usr/lib/swift/iphoneos/prebuilt-modules/26.5/AVFoundation.swiftmodule/arm64e-apple-ios.swiftmodule /Applications/Xcode.app/Contents/Developer/Toolchains/XcodeDefault.xctoolchain/usr/lib/swift/iphoneos/prebuilt-modules/26.5/CoreMotion.swiftmodule/arm64e-apple-ios.swiftmodule /Applications/Xcode.app/Contents/Developer/Toolchains/XcodeDefault.xctoolchain/usr/lib/swift/iphoneos/prebuilt-modules/26.5/Charts.swiftmodule/arm64e-apple-ios.swiftmodule /Applications/Xcode.app/Contents/Developer/Toolchains/XcodeDefault.xctoolchain/usr/lib/swift/iphoneos/prebuilt-modules/26.5/CryptoKit.swiftmodule/arm64e-apple-ios.swiftmodule /Applications/Xcode.app/Contents/Developer/Toolchains/XcodeDefault.xctoolchain/usr/lib/swift/iphoneos/prebuilt-modules/26.5/_Concurrency.swiftmodule/arm64e-apple-ios.swiftmodule /Applications/Xcode.app/Contents/Developer/Toolchains/XcodeDefault.xctoolchain/usr/lib/swift/iphoneos/prebuilt-modules/26.5/SceneKit.swiftmodule/arm64e-apple-ios.swiftmodule /Applications/Xcode.app/Contents/Developer/Toolchains/XcodeDefault.xctoolchain/usr/lib/swift/iphoneos/prebuilt-modules/26.5/UniformTypeIdentifiers.swiftmodule/arm64e-apple-ios.swiftmodule /Applications/Xcode.app/Contents/Developer/Toolchains/XcodeDefault.xctoolchain/usr/lib/swift/iphoneos/prebuilt-modules/26.5/CoreLocation.swiftmodule/arm64e-apple-ios.swiftmodule /Applications/Xcode.app/Contents/Developer/Toolchains/XcodeDefault.xctoolchain/usr/lib/swift/iphoneos/prebuilt-modules/26.5/CoreText.swiftmodule/arm64e-apple-ios.swiftmodule /Applications/Xcode.app/Contents/Developer/Toolchains/XcodeDefault.xctoolchain/usr/lib/swift/iphoneos/prebuilt-modules/26.5/GLKit.swiftmodule/arm64e-apple-ios.swiftmodule /Applications/Xcode.app/Contents/Developer/Toolchains/XcodeDefault.xctoolchain/usr/lib/swift/iphoneos/prebuilt-modules/26.5/CoreTransferable.swiftmodule/arm64e-apple-ios.swiftmodule /Applications/Xcode.app/Contents/Developer/Toolchains/XcodeDefault.xctoolchain/usr/lib/swift/iphoneos/prebuilt-modules/26.5/CoreMIDI.swiftmodule/arm64e-apple-ios.swiftmodule /Applications/Xcode.app/Contents/Developer/Toolchains/XcodeDefault.xctoolchain/usr/lib/swift/iphoneos/prebuilt-modules/26.5/Accessibility.swiftmodule/arm64e-apple-ios.swiftmodule /Applications/Xcode.app/Contents/Developer/Toolchains/XcodeDefault.xctoolchain/usr/lib/swift/iphoneos/prebuilt-modules/26.5/Observation.swiftmodule/arm64e-apple-ios.swiftmodule /Applications/Xcode.app/Contents/Developer/Toolchains/XcodeDefault.xctoolchain/usr/lib/swift/iphoneos/prebuilt-modules/26.5/UIKit.swiftmodule/arm64e-apple-ios.swiftmodule /Applications/Xcode.app/Contents/Developer/Toolchains/XcodeDefault.xctoolchain/usr/lib/swift/iphoneos/prebuilt-modules/26.5/CoreAudio.swiftmodule/arm64e-apple-ios.swiftmodule /Applications/Xcode.app/Contents/Developer/Toolchains/XcodeDefault.xctoolchain/usr/lib/swift/iphoneos/prebuilt-modules/26.5/Darwin.swiftmodule/arm64e-apple-ios.swiftmodule /Applications/Xcode.app/Contents/Developer/Toolchains/XcodeDefault.xctoolchain/usr/lib/swift/iphoneos/prebuilt-modules/26.5/Spatial.swiftmodule/arm64e-apple-ios.swiftmodule /Applications/Xcode.app/Contents/Developer/Toolchains/XcodeDefault.xctoolchain/usr/lib/swift/iphoneos/prebuilt-modules/26.5/LocalAuthentication.swiftmodule/arm64e-apple-ios.swiftmodule /Applications/Xcode.app/Contents/Developer/Toolchains/XcodeDefault.xctoolchain/usr/lib/swift/iphoneos/prebuilt-modules/26.5/CoreGraphics.swiftmodule/arm64e-apple-ios.swiftmodule /Applications/Xcode.app/Contents/Developer/Toolchains/XcodeDefault.xctoolchain/usr/lib/swift/iphoneos/prebuilt-modules/26.5/CoreVideo.swiftmodule/arm64e-apple-ios.swiftmodule /Applications/Xcode.app/Contents/Developer/Toolchains/XcodeDefault.xctoolchain/usr/lib/swift/iphoneos/prebuilt-modules/26.5/ActivityKit.swiftmodule/arm64e-apple-ios.swiftmodule /Applications/Xcode.app/Contents/Developer/Toolchains/XcodeDefault.xctoolchain/usr/lib/swift/iphoneos/prebuilt-modules/26.5/DataDetection.swiftmodule/arm64e-apple-ios.swiftmodule /Applications/Xcode.app/Contents/Developer/Toolchains/XcodeDefault.xctoolchain/usr/lib/swift/iphoneos/prebuilt-modules/26.5/FileProvider.swiftmodule/arm64e-apple-ios.swiftmodule /Applications/Xcode.app/Contents/Developer/Toolchains/XcodeDefault.xctoolchain/usr/lib/swift/iphoneos/prebuilt-modules/26.5/SwiftUICore.swiftmodule/arm64e-apple-ios.swiftmodule /Applications/Xcode.app/Contents/Developer/Toolchains/XcodeDefault.xctoolchain/usr/lib/swift/iphoneos/prebuilt-modules/26.5/CoreData.swiftmodule/arm64e-apple-ios.swiftmodule /Applications/Xcode.app/Contents/Developer/Toolchains/XcodeDefault.xctoolchain/usr/lib/swift/iphoneos/prebuilt-modules/26.5/_StringProcessing.swiftmodule/arm64e-apple-ios.swiftmodule /Applications/Xcode.app/Contents/Developer/Toolchains/XcodeDefault.xctoolchain/usr/lib/swift/iphoneos/prebuilt-modules/26.5/_DarwinFoundation2.swiftmodule/arm64e-apple-ios.swiftmodule /Applications/Xcode.app/Contents/Developer/Toolchains/XcodeDefault.xctoolchain/usr/lib/swift/iphoneos/prebuilt-modules/26.5/MetalKit.swiftmodule/arm64e-apple-ios.swiftmodule /Applications/Xcode.app/Contents/Developer/Toolchains/XcodeDefault.xctoolchain/usr/lib/swift/iphoneos/prebuilt-modules/26.5/Synchronization.swiftmodule/arm64e-apple-ios.swiftmodule /Applications/Xcode.app/Contents/Developer/Toolchains/XcodeDefault.xctoolchain/usr/lib/swift/iphoneos/prebuilt-modules/26.5/DeveloperToolsSupport.swiftmodule/arm64e-apple-ios.swiftmodule /Applications/Xcode.app/Contents/Developer/Toolchains/XcodeDefault.xctoolchain/usr/lib/swift/iphoneos/prebuilt-modules/26.5/AVFAudio.swiftmodule/arm64e-apple-ios.swiftmodule /Applications/Xcode.app/Contents/Developer/Toolchains/XcodeDefault.xctoolchain/usr/lib/swift/iphoneos/prebuilt-modules/26.5/Combine.swiftmodule/arm64e-apple-ios.swiftmodule /Applications/Xcode.app/Contents/Developer/Toolchains/XcodeDefault.xctoolchain/usr/lib/swift/iphoneos/prebuilt-modules/26.5/XPC.swiftmodule/arm64e-apple-ios.swiftmodule /Applications/Xcode.app/Contents/Developer/Toolchains/XcodeDefault.xctoolchain/usr/lib/swift/iphoneos/prebuilt-modules/26.5/ObjectiveC.swiftmodule/arm64e-apple-ios.swiftmodule /Applications/Xcode.app/Contents/Developer/Toolchains/XcodeDefault.xctoolchain/usr/lib/swift/iphoneos/prebuilt-modules/26.5/_SceneKit_SwiftUI.swiftmodule/arm64e-apple-ios.swiftmodule /Applications/Xcode.app/Contents/Developer/Toolchains/XcodeDefault.xctoolchain/usr/lib/swift/iphoneos/prebuilt-modules/26.5/Symbols.swiftmodule/arm64e-apple-ios.swiftmodule /tmp/woop-commit-review30-dd/ModuleCache.noindex/_Builtin_stdint-9137QN9II9L06Y0RAV10ASHVP.pcm /tmp/woop-commit-review30-dd/ModuleCache.noindex/Metal-CDDZV102OKPMVUGGEV3SXIJM.pcm /tmp/woop-commit-review30-dd/ModuleCache.noindex/OpenGLES-E3640EYR2BUPXDNNYDWNHNOI6.pcm /tmp/woop-commit-review30-dd/ModuleCache.noindex/SceneKit-BBQLU5I5STGZTGIYAHA18EXEC.pcm /tmp/woop-commit-review30-dd/ModuleCache.noindex/CoreImage-6WYDGTC2KX4XPPL9235NDLUI8.pcm /tmp/woop-commit-review30-dd/ModuleCache.noindex/CoreLocation-DMBV2Y2UHVCY1HZ6DUQ0L4VAV.pcm /tmp/woop-commit-review30-dd/ModuleCache.noindex/CoreMedia-1UKASLO069XL5D041JVBACPO4.pcm /tmp/woop-commit-review30-dd/ModuleCache.noindex/Spatial-BPB6TLSGF8HXHB1G5K1QDOYSP.pcm /tmp/woop-commit-review30-dd/ModuleCache.noindex/AVFoundation-AEQU5SOWX2G5ZNI6PCWHKIUG6.pcm /tmp/woop-commit-review30-dd/ModuleCache.noindex/UIKit-2I20LCLJT011MLU30FJXB74WM.pcm /tmp/woop-commit-review30-dd/ModuleCache.noindex/_AvailabilityInternal-4SNENIRF9YC8LZ721L0LZTXBX.pcm /tmp/woop-commit-review30-dd/ModuleCache.noindex/MediaToolbox-46E6BPZ8RRRXY8WCGQNHBRE29.pcm /tmp/woop-commit-review30-dd/ModuleCache.noindex/OSLog-2QGVSB69EQ3R6EAHGXWYOF6DR.pcm /tmp/woop-commit-review30-dd/ModuleCache.noindex/_Builtin_stddef-9I3GV5VZ5MOPS1UBLLICHADH7.pcm /tmp/woop-commit-review30-dd/ModuleCache.noindex/os-DC0RIN6WFKPQN5EYQXEGGR1S2.pcm /tmp/woop-commit-review30-dd/ModuleCache.noindex/Dispatch-13MF5CXQWLNLZAF7HHLJJPA9T.pcm /tmp/woop-commit-review30-dd/ModuleCache.noindex/sys_types-TVXJVQPX3701QUTOS0O38YSW.pcm /tmp/woop-commit-review30-dd/ModuleCache.noindex/_Builtin_stdbool-7093U8LDZGKNV9SW832KXNRTI.pcm /tmp/woop-commit-review30-dd/ModuleCache.noindex/CoreTransferable-F0RPI8A8IZ342K2VK61QDW014.pcm /tmp/woop-commit-review30-dd/ModuleCache.noindex/CoreAudioTypes-5YE7KM4WOXWW75QGFV28QT4KD.pcm /tmp/woop-commit-review30-dd/ModuleCache.noindex/SwiftUI-1STI5W3JMRMNHC3ABNCWGU6NU.pcm /tmp/woop-commit-review30-dd/ModuleCache.noindex/UIUtilities-732NFP1VKV2WXFD7D4UBU12YH.pcm /tmp/woop-commit-review30-dd/ModuleCache.noindex/ptrcheck-CY3M9RMMJZB0Z0BBGTOR1LX47.pcm /tmp/woop-commit-review30-dd/ModuleCache.noindex/_Builtin_tgmath-8FAAM1KXLIQJ4KUS5GJRNYJI0.pcm /tmp/woop-commit-review30-dd/ModuleCache.noindex/_Builtin_limits-6U0R8IJ3YQ4AM3HRI2C24YF39.pcm /tmp/woop-commit-review30-dd/ModuleCache.noindex/os_object-B0FKMXZYC4Z0IVBHSS045FJP3.pcm /tmp/woop-commit-review30-dd/ModuleCache.noindex/Accessibility-AKVUFKPTS4T9N8GFO1JTFIL3T.pcm /tmp/woop-commit-review30-dd/ModuleCache.noindex/CoreText-3KMFWXI0GRP3P8EP50O70F2Z5.pcm /tmp/woop-commit-review30-dd/ModuleCache.noindex/ObjectiveC-VGM2SQY238OYUCEY4YC8NN9H.pcm /tmp/woop-commit-review30-dd/ModuleCache.noindex/SwiftShims-45DAT4PIFX3D6LLEID99ZLFCM.pcm /tmp/woop-commit-review30-dd/ModuleCache.noindex/_Builtin_intrinsics-CWQJPMP2OWM36C3SHFV900E0C.pcm /tmp/woop-commit-review30-dd/ModuleCache.noindex/MachO-EWB2DT61UKXYNP87AZXN7DBFB.pcm /tmp/woop-commit-review30-dd/ModuleCache.noindex/ptrauth-68HX9F7PX3NY4ESWTR7U82UDZ.pcm /tmp/woop-commit-review30-dd/ModuleCache.noindex/CoreFoundation-EDEK29GS7EDPAR3BC01U3VMIG.pcm /tmp/woop-commit-review30-dd/ModuleCache.noindex/UserNotifications-1VN25MG0L5UYLE6IAEDR7CEF1.pcm /tmp/woop-commit-review30-dd/ModuleCache.noindex/CoreData-4C40F1AOANKAV816JIC64EHYA.pcm /tmp/woop-commit-review30-dd/ModuleCache.noindex/os_workgroup-2KHQZO62G6SS1O5NQD88P4HDT.pcm /tmp/woop-commit-review30-dd/ModuleCache.noindex/AVRouting-1A3U0CU2KT6PRYAMVFP3P8RI8.pcm /tmp/woop-commit-review30-dd/ModuleCache.noindex/DataDetection-QGHQW3RG192TOJGYL71YPUE2.pcm /tmp/woop-commit-review30-dd/ModuleCache.noindex/CoreMIDI-BSJIZEVJ8APXGGTB9P9DNT7ZP.pcm /tmp/woop-commit-review30-dd/ModuleCache.noindex/QuartzCore-F2ZWUEDJIC330P8CTFRZT1RRG.pcm /tmp/woop-commit-review30-dd/ModuleCache.noindex/ImageIO-5VP19HE129X3MWXOOPYKSX0Z3.pcm /tmp/woop-commit-review30-dd/ModuleCache.noindex/UniformTypeIdentifiers-AY5VON9FXOXJ0HQAJNUDOB5OW.pcm /tmp/woop-commit-review30-dd/ModuleCache.noindex/Symbols-6X49KEYCYPRB3Z04O6X86U36L.pcm /tmp/woop-commit-review30-dd/ModuleCache.noindex/AudioToolbox-2CRNFEJMU79R57POQOSXTD7JH.pcm /tmp/woop-commit-review30-dd/ModuleCache.noindex/Darwin-C03YPCC8Z82HWJK7HG802FCMH.pcm /tmp/woop-commit-review30-dd/ModuleCache.noindex/DeveloperToolsSupport-C5Z9AXP6BEJWGGZ079RVNFRIM.pcm /tmp/woop-commit-review30-dd/ModuleCache.noindex/ActivityKit-95R7F69GHGQ4F4HO2NZ6BEVH2.pcm /tmp/woop-commit-review30-dd/ModuleCache.noindex/_DarwinFoundation3-3B1OBOSDPDQG99I5KRKFYM7BW.pcm /tmp/woop-commit-review30-dd/ModuleCache.noindex/Foundation-4CKZ13WAJOUUN7STUCTFEK7IB.pcm /tmp/woop-commit-review30-dd/ModuleCache.noindex/FileProvider-95TTMG0LIBS2RDVRFF8HY9A8V.pcm /tmp/woop-commit-review30-dd/ModuleCache.noindex/MetalKit-7FARVZD6ON7R7UNPWP1H74X2J.pcm /tmp/woop-commit-review30-dd/ModuleCache.noindex/Network-52IDQI5PAVAOAZR5VC5V4KE3Z.pcm /tmp/woop-commit-review30-dd/ModuleCache.noindex/ModelIO-SEOQD1U7AZ3NFQ3P1O9Q9OJC.pcm /tmp/woop-commit-review30-dd/ModuleCache.noindex/LocalAuthentication-JZTMVXCGD5ITFAH7WGA4IPR2.pcm /tmp/woop-commit-review30-dd/ModuleCache.noindex/IOSurface-CVTXJV9DMU09Z11N9LA9I92AL.pcm /tmp/woop-commit-review30-dd/ModuleCache.noindex/_SwiftConcurrencyShims-740DIS87DUGO8XZR7VOIFMBAB.pcm /tmp/woop-commit-review30-dd/ModuleCache.noindex/XPC-1RNIN8XUE1K5C2YNJ7N5GO1ZH.pcm /tmp/woop-commit-review30-dd/ModuleCache.noindex/_DarwinFoundation1-A9MPAM4RK7Y1B28YBHC2AKX2D.pcm /tmp/woop-commit-review30-dd/ModuleCache.noindex/_DarwinFoundation2-8TEUZHV0UJZFRK38H34C7BYH1.pcm /tmp/woop-commit-review30-dd/ModuleCache.noindex/simd-3NUUH7AUNRZ7O05D8IHLZBS4U.pcm /tmp/woop-commit-review30-dd/ModuleCache.noindex/CoreGraphics-668749D4HTDLIXD9O7GBXUVCU.pcm /tmp/woop-commit-review30-dd/ModuleCache.noindex/CoreAudio-ECK2L80M9G47E0LCXPVTK3OLT.pcm /tmp/woop-commit-review30-dd/ModuleCache.noindex/CFNetwork-9KGD4KQQIJ3VJXENA4Q8CNU3O.pcm /tmp/woop-commit-review30-dd/ModuleCache.noindex/SwiftUICore-27IQMCFEOVXC20LSCIFN4Y7ZS.pcm /tmp/woop-commit-review30-dd/ModuleCache.noindex/_Builtin_float-7WH3BOOALRFF5XO09E6FGYPCS.pcm /tmp/woop-commit-review30-dd/ModuleCache.noindex/CoreVideo-7WRVXOAB1HXZS40QWL3HBTX3S.pcm /tmp/woop-commit-review30-dd/ModuleCache.noindex/dnssd-67PDUG7TYP4V7GG6NXXYO8UZT.pcm /tmp/woop-commit-review30-dd/ModuleCache.noindex/_Builtin_inttypes-A63G0LNHN6NPXYDV4GDBJ9OOA.pcm /tmp/woop-commit-review30-dd/ModuleCache.noindex/_Builtin_stdatomic-CUX5B2GQYD521QK1IGQA2SBYO.pcm /tmp/woop-commit-review30-dd/ModuleCache.noindex/AuthenticationServices-84MAGGWYDDICJTJBV54RN6UNL.pcm /tmp/woop-commit-review30-dd/ModuleCache.noindex/Security-4LPFJINALOM0PN80SZ41UM1EL.pcm /tmp/woop-commit-review30-dd/ModuleCache.noindex/GLKit-D7JQT3M8AY8SCU95GS3ZJB7JU.pcm /tmp/woop-commit-review30-dd/ModuleCache.noindex/_Builtin_stdarg-3HHHJW72HOQMAKRFI4XSJD487.pcm /tmp/woop-commit-review30-dd/ModuleCache.noindex/CoreHaptics-CIKYOHO1NXIOI5VIZP5NFMELO.pcm /tmp/woop-commit-review30-dd/ModuleCache.noindex/AVFAudio-U1ZBYLAC3V5YCMQL5RT8G80F.pcm /tmp/woop-commit-review30-dd/ModuleCache.noindex/_LocationEssentials-D61K9JDDFPC47X5HG3BXQEWU9.pcm /tmp/woop-commit-review30-dd/ModuleCache.noindex/CoreMotion-2J9EA699RCZJ1V8HQ2M3PZ7MX.pcm /tmp/woop-commit-review30-dd/Build/Intermediates.noindex/Woop.build/Release-iphoneos/Woop.build/Objects-normal/arm64/Woop-dependencies-1.json (in target 'Woop' from project 'Woop')
CompileSwift normal arm64 (in target 'Woop' from project 'Woop')
    cd /tmp/woop-commit-review30
    
/tmp/woop-commit-review30/Woop/Services/AppleAuth.swift:285:74: warning: 'init()' was deprecated in iOS 26.0: Use init(windowScene:) instead.
        return fenetres.first(where: \.isKeyWindow) ?? fenetres.first ?? ASPresentationAnchor()
                                                                         ^
/tmp/woop-commit-review30/Woop/Services/LuneForge.swift:272:19: warning: value 'cadre' was defined but never used; consider replacing with boolean test
        guard let cadre = UIImage(named: "carte-cadre")
              ~~~~^~~~~~~~
              (
/tmp/woop-commit-review30/Woop/Views/BancCoutHome.swift:142:12: error: cannot find 'CompteEtat' in scope
        if CompteEtat.shared.enPorte { return "porte" }
           ^~~~~~~~~~
/tmp/woop-commit-review30/Woop/Views/BravoLab.swift:318:21: warning: initialization of immutable value 'bornU' was never used; consider replacing with assignment to '_' or removing it
                let bornU = BravoCine.sstep(BravoCine.contentAt,
                ~~~~^~~~~
                _
/tmp/woop-commit-review30/Woop/Views/CarteLuneLab.swift:577:52: warning: 'main' was deprecated in iOS 26.0: Use a UIScreen instance found through context instead (i.e, view.window.windowScene.screen), or for properties like UIScreen.scale with trait equivalents, use a traitCollection found through context.
                            .frame(width: UIScreen.main.bounds.width * 2.4,
                                                   ^
/tmp/woop-commit-review30/Woop/Views/CarteLuneLab.swift:578:53: warning: 'main' was deprecated in iOS 26.0: Use a UIScreen instance found through context instead (i.e, view.window.windowScene.screen), or for properties like UIScreen.scale with trait equivalents, use a traitCollection found through context.
                                   height: UIScreen.main.bounds.height * 2.4)
                                                    ^
/tmp/woop-commit-review30/Woop/Views/ChambreDonnees.swift:295:31: warning: 'flatMap' is deprecated: Please use compactMap(_:) for the case where closure returns an optional value
            let pic = seances.flatMap { picHiit($0) }.max()
                              ^
/tmp/woop-commit-review30/Woop/Views/ChambreDonnees.swift:295:31: note: use 'compactMap(_:)' instead
            let pic = seances.flatMap { picHiit($0) }.max()
                              ^~~~~~~
                              compactMap
/tmp/woop-commit-review30/Woop/Views/CoffreFlipLab.swift:246:43: warning: 'main' was deprecated in iOS 26.0: Use a UIScreen instance found through context instead (i.e, view.window.windowScene.screen), or for properties like UIScreen.scale with trait equivalents, use a traitCollection found through context.
                    .position(x: UIScreen.main.bounds.width / 2,
                                          ^
/tmp/woop-commit-review30/Woop/Views/CoffreFlipLab.swift:248:45: warning: 'main' was deprecated in iOS 26.0: Use a UIScreen instance found through context instead (i.e, view.window.windowScene.screen), or for properties like UIScreen.scale with trait equivalents, use a traitCollection found through context.
                                 ? UIScreen.main.bounds.height * 0.63
                                            ^
/tmp/woop-commit-review30/Woop/Views/CoffreFlipLab.swift:249:45: warning: 'main' was deprecated in iOS 26.0: Use a UIScreen instance found through context instead (i.e, view.window.windowScene.screen), or for properties like UIScreen.scale with trait equivalents, use a traitCollection found through context.
                                 : UIScreen.main.bounds.height * 0.46)
                                            ^
/tmp/woop-commit-review30/Woop/Views/DuolinguoPage.swift:1432:9: warning: result of call to 'withAnimation' is unused
        withAnimation(.easeInOut(duration: 0.45)) { etat.reclamees.insert(e.id) }
        ^            ~~~~~~~~~~~~~~~~~~~~~~~~~~~~~~~~~~~~~~~~~~~~~~~~~~~~~~~~~~~~
/tmp/woop-commit-review30/Woop/Views/DuolinguoPage.swift:1441:17: warning: result of call to 'withAnimation' is unused
                withAnimation(.easeInOut(duration: 0.30)) { etat.reclamees.remove(e.id) }
                ^            ~~~~~~~~~~~~~~~~~~~~~~~~~~~~~~~~~~~~~~~~~~~~~~~~~~~~~~~~~~~~
/tmp/woop-commit-review30/Woop/Views/ExerciseDetailView.swift:1244:47: error: type 'IleGeo' has no member 'capsuleBas'
                        .padding(.top, IleGeo.capsuleBas + 10)
                                       ~~~~~~ ^~~~~~~~~~
/tmp/woop-commit-review30/Woop/Views/ExerciseDetailView.swift:2056:13: warning: initialization of immutable value 'naissance' was never used; consider replacing with assignment to '_' or removing it
        let naissance = Self.sstep(0.45, 0.92, u)
        ~~~~^~~~~~~~~
        _
/tmp/woop-commit-review30/Woop/Views/ExercisesView.swift:2117:49: warning: call to main actor-isolated static method 'voileBas' in a synchronous nonisolated context
                    let bas = min(1, GrilleExos.voileBas(vh - f.maxY - 60) * 1.5)
                                                ^
/tmp/woop-commit-review30/Woop/Views/ExercisesView.swift:1881:17: note: calls to static method 'voileBas' from outside of its actor context are implicitly asynchronous
    static func voileBas(_ d: CGFloat) -> Double {
                ^
/tmp/woop-commit-review30/Woop/Views/ExercisesView.swift:1881:17: note: main actor isolation inferred from conformance to protocol 'View'
    static func voileBas(_ d: CGFloat) -> Double {
                ^
/tmp/woop-commit-review30/Woop/Views/ExercisesView.swift:2118:43: warning: call to main actor-isolated static method 'voileHaut' in a synchronous nonisolated context
                    let haut = GrilleExos.voileHaut(reserve - f.minY)
                                          ^
/tmp/woop-commit-review30/Woop/Views/ExercisesView.swift:1890:17: note: calls to static method 'voileHaut' from outside of its actor context are implicitly asynchronous
    static func voileHaut(_ d: CGFloat) -> Double {
                ^
/tmp/woop-commit-review30/Woop/Views/ExercisesView.swift:1890:17: note: main actor isolation inferred from conformance to protocol 'View'
    static func voileHaut(_ d: CGFloat) -> Double {
                ^
/tmp/woop-commit-review30/Woop/Views/ExercisesView.swift:2206:42: warning: call to main actor-isolated static method 'voileBas' in a synchronous nonisolated context
                    let bas = GrilleExos.voileBas(vh - f.maxY)
                                         ^
/tmp/woop-commit-review30/Woop/Views/ExercisesView.swift:1881:17: note: calls to static method 'voileBas' from outside of its actor context are implicitly asynchronous
    static func voileBas(_ d: CGFloat) -> Double {
                ^
/tmp/woop-commit-review30/Woop/Views/ExercisesView.swift:1881:17: note: main actor isolation inferred from conformance to protocol 'View'
    static func voileBas(_ d: CGFloat) -> Double {
                ^
/tmp/woop-commit-review30/Woop/Views/ExercisesView.swift:2207:43: warning: call to main actor-isolated static method 'voileHaut' in a synchronous nonisolated context
                    let haut = GrilleExos.voileHaut(reserve - f.minY)
                                          ^
/tmp/woop-commit-review30/Woop/Views/ExercisesView.swift:1890:17: note: calls to static method 'voileHaut' from outside of its actor context are implicitly asynchronous
    static func voileHaut(_ d: CGFloat) -> Double {
                ^
/tmp/woop-commit-review30/Woop/Views/ExercisesView.swift:1890:17: note: main actor isolation inferred from conformance to protocol 'View'
    static func voileHaut(_ d: CGFloat) -> Double {
                ^
/tmp/woop-commit-review30/Woop/Views/GaletEtape.swift:88:13: warning: initialization of immutable value 's' was never used; consider replacing with assignment to '_' or removing it
        let s = graine
        ~~~~^
        _
/tmp/woop-commit-review30/Woop/Views/HomeAuroraView.swift:196:25: error: cannot find 'VolDePieces' in scope
                        VolDePieces(
                        ^~~~~~~~~~~
/tmp/woop-commit-review30/Woop/Views/HomeNuit.swift:3309:13: warning: initialization of immutable value 'flou' was never used; consider replacing with assignment to '_' or removing it
        let flou = DepartCine.sstep(DepartCine.flouAt,
        ~~~~^~~~
        _
/tmp/woop-commit-review30/Woop/Views/HomeNuit.swift:3311:13: warning: initialization of immutable value 'mort' was never used; consider replacing with assignment to '_' or removing it
        let mort = DepartCine.sstep(DepartCine.fadeAt,
        ~~~~^~~~
        _
/tmp/woop-commit-review30/Woop/Views/LensParticles.swift:46:17: warning: initialization of immutable value 'ce' was never used; consider replacing with assignment to '_' or removing it
            let ce = ceStart.map { now.timeIntervalSince($0) } ?? -1
            ~~~~^~
            _
/tmp/woop-commit-review30/Woop/Views/LiquidLensLab.swift:1153:13: warning: immutable value 'veil' was never used; consider replacing with '_' or removing it
        let veil: Double = entering ? 1 : 0
            ^~~~
            _
/tmp/woop-commit-review30/Woop/Views/MenuNappe.swift:1837:34: warning: call to main actor-isolated instance method 'dragLevel' in a synchronous nonisolated context
            RocketHaptics.shared.dragLevel(x * 0.55)
                                 ^
/tmp/woop-commit-review30/Woop/Figures/RocketHaptics.swift:341:10: note: calls to instance method 'dragLevel' from outside of its actor context are implicitly asynchronous
    func dragLevel(_ climb: Double) {
         ^
/tmp/woop-commit-review30/Woop/Views/MenuNappe.swift:1837:27: warning: main actor-isolated static property 'shared' can not be referenced from a Sendable closure
            RocketHaptics.shared.dragLevel(x * 0.55)
                          ^
/tmp/woop-commit-review30/Woop/Figures/RocketHaptics.swift:25:16: note: static property declared here
    static let shared = RocketHaptics()
               ^
/tmp/woop-commit-review30/Woop/Views/MoonSplash.swift:883:60: warning: main actor-isolated property 'start' cannot be accessed from outside of the actor; this is an error in the Swift 6 language mode
                let left = when - Date().timeIntervalSince(start)
                           ~~~~~~~~~~~~~~~~~~~~~~~~~~~~~~~~^~~~~~
                           await 
/tmp/woop-commit-review30/Woop/Views/NosfyOnboarding.swift:475:65: warning: backward matching of the unlabeled trailing closure is deprecated; label the argument with 'onTap' to suppress this warning
                SemaineTapable(choisis: reponses.jours, en: en) { i in
                                                              ~ ^
                                                              , onTap: 
/tmp/woop-commit-review30/Woop/Views/NosfyOnboarding.swift:1811:16: note: 'init(choisis:onTap:en:)' declared here
private struct SemaineTapable: View {
               ^
/tmp/woop-commit-review30/Woop/Views/NosfyOnboarding.swift:703:23: warning: main actor-isolated property 'etape' cannot be accessed from outside of the actor; this is an error in the Swift 6 language mode
                while etape != e {
                      ^~~~~~~~~~
                      await 
/tmp/woop-commit-review30/Woop/Views/NosfyOnboarding.swift:709:24: warning: main actor-isolated property 'etape' cannot be accessed from outside of the actor; this is an error in the Swift 6 language mode
                return etape == e
                       ^~~~~~~~~~
                       await 
/tmp/woop-commit-review30/Woop/Views/PiluleVagabonde.swift:372:25: warning: 'main' was deprecated in iOS 26.0: Use a UIScreen instance found through context instead (i.e, view.window.windowScene.screen), or for properties like UIScreen.scale with trait equivalents, use a traitCollection found through context.
        130...(UIScreen.main.bounds.height - 138)
                        ^
/tmp/woop-commit-review30/Woop/Views/PiluleVagabonde.swift:385:26: warning: 'main' was deprecated in iOS 26.0: Use a UIScreen instance found through context instead (i.e, view.window.windowScene.screen), or for properties like UIScreen.scale with trait equivalents, use a traitCollection found through context.
        let W = UIScreen.main.bounds.width
                         ^
/tmp/woop-commit-review30/Woop/Views/PiluleVagabonde.swift:436:26: warning: 'main' was deprecated in iOS 26.0: Use a UIScreen instance found through context instead (i.e, view.window.windowScene.screen), or for properties like UIScreen.scale with trait equivalents, use a traitCollection found through context.
        let W = UIScreen.main.bounds.width
                         ^
/tmp/woop-commit-review30/Woop/Views/PiluleVagabonde.swift:737:31: warning: 'main' was deprecated in iOS 26.0: Use a UIScreen instance found through context instead (i.e, view.window.windowScene.screen), or for properties like UIScreen.scale with trait equivalents, use a traitCollection found through context.
        .position(x: UIScreen.main.bounds.width / 2, y: IleGeo.centreY)
                              ^
/tmp/woop-commit-review30/Woop/Views/PiluleVagabonde.swift:814:31: warning: 'main' was deprecated in iOS 26.0: Use a UIScreen instance found through context instead (i.e, view.window.windowScene.screen), or for properties like UIScreen.scale with trait equivalents, use a traitCollection found through context.
        .position(x: UIScreen.main.bounds.width / 2, y: IleGeo.centreY)
                              ^
/tmp/woop-commit-review30/Woop/Views/PiluleVagabonde.swift:973:36: warning: 'main' was deprecated in iOS 26.0: Use a UIScreen instance found through context instead (i.e, view.window.windowScene.screen), or for properties like UIScreen.scale with trait equivalents, use a traitCollection found through context.
            .frame(width: UIScreen.main.bounds.width - NotifGeo.margeH * 2,
                                   ^
/tmp/woop-commit-review30/Woop/Views/PiluleVagabonde.swift:1043:35: warning: 'main' was deprecated in iOS 26.0: Use a UIScreen instance found through context instead (i.e, view.window.windowScene.screen), or for properties like UIScreen.scale with trait equivalents, use a traitCollection found through context.
            .position(x: UIScreen.main.bounds.width / 2, y: y)
                                  ^
/tmp/woop-commit-review30/Woop/Views/RecentWorkoutCard.swift:40:9: error: switch must be exhaustive
        switch workout.categories.first {
        ^
/tmp/woop-commit-review30/Woop/Views/RecentWorkoutCard.swift:40:9: note: add missing case: '.some(.haut)'
        switch workout.categories.first {
        ^
/tmp/woop-commit-review30/Woop/Views/RecentWorkoutCard.swift:40:9: note: add missing case: '.some(.bas)'
        switch workout.categories.first {
        ^
/tmp/woop-commit-review30/Woop/Views/RecentWorkoutCard.swift:40:9: note: add missing cases
        switch workout.categories.first {
        ^
/tmp/woop-commit-review30/Woop/Views/RewardCard.swift:1543:17: warning: initialization of immutable value 'tilt' was never used; consider replacing with assignment to '_' or removing it
            let tilt = SkyMotion.shared.tilt
            ~~~~^~~~
            _
/tmp/woop-commit-review30/Woop/Views/StorySuite.swift:633:25: warning: '+' was deprecated in iOS 26.0: Use string interpolation on `Text` instead: `Text("Hello \(name)")`
                    acc + Text(m.0)
                        ^
/tmp/woop-commit-review30/Woop/WoopApp.swift:875:48: error: extra argument 'onStopViaPause' in call
                               onStopViaPause: {
~~~~~~~~~~~~~~~~~~~~~~~~~~~~~~~~~~~~~~~~~~~~~~~^
/tmp/woop-commit-review30/Woop/WoopApp.swift:1203:44: warning: left side of nil coalescing operator '??' has non-optional type 'Date', so the right side is never used
            MiniCardJour(date: a.startedAt ?? .now,
                               ~~~~~~~~~~~~^~~~~~~
                                          
/tmp/woop-commit-review30/Woop/WoopApp.swift:1228:58: warning: left side of nil coalescing operator '??' has non-optional type 'Date', so the right side is never used
                TimelineView(.periodic(from: a.startedAt ?? .now,
                                             ~~~~~~~~~~~~^~~~~~~
                                                        
/tmp/woop-commit-review30/Woop/WoopApp.swift:1231:56: warning: left side of nil coalescing operator '??' has non-optional type 'Date', so the right side is never used
                        .timeIntervalSince(a.startedAt ?? .now)))
                                           ~~~~~~~~~~~~^~~~~~~
                                                      
/tmp/woop-commit-review30/Woop/WoopApp.swift:1446:21: error: the compiler is unable to type-check this expression in reasonable time; try breaking up the expression into distinct sub-expressions
                    JewelTabBar(items: Self.tabItems, selection: tabIndex,
                    ^~~~~~~~~~~~~~~~~~~~~~~~~~~~~~~~~~~~~~~~~~~~~~~~~~~~~~

Failed frontend command:
/Applications/Xcode.app/Contents/Developer/Toolchains/XcodeDefault.xctoolchain/usr/bin/swift-frontend -frontend -c -filelist /tmp/woop-commit-review30-dd/Build/Intermediates.noindex/Woop.build/Release-iphoneos/Woop.build/Objects-normal/arm64/sources-1 -supplementary-output-file-map /tmp/woop-commit-review30-dd/Build/Intermediates.noindex/Woop.build/Release-iphoneos/Woop.build/Objects-normal/arm64/supplementaryOutputs-2 -emit-localized-strings -emit-localized-strings-path /tmp/woop-commit-review30-dd/Build/Intermediates.noindex/Woop.build/Release-iphoneos/Woop.build/Objects-normal/arm64 -target arm64-apple-ios26.0 -module-can-import-version DeveloperToolsSupport 23.40.26 23.40.26 -disable-cross-import-overlay-search -swift-module-cross-import AuthenticationServices /Applications/Xcode.app/Contents/Developer/Platforms/iPhoneOS.platform/Developer/SDKs/iPhoneOS.sdk/System/Cryptexes/OS/System/Library/Frameworks/AuthenticationServices.framework/Modules/AuthenticationServices.swiftcrossimport/SwiftUI.swiftoverlay -swift-module-cross-import AuthenticationServices /Applications/Xcode.app/Contents/Developer/Platforms/iPhoneOS.platform/Developer/SDKs/iPhoneOS26.5.sdk/System/Library/Frameworks/AuthenticationServices.framework/Modules/AuthenticationServices.swiftcrossimport/SwiftUI.swiftoverlay -swift-module-cross-import SceneKit /Applications/Xcode.app/Contents/Developer/Platforms/iPhoneOS.platform/Developer/SDKs/iPhoneOS.sdk/System/Library/Frameworks/SceneKit.framework/Modules/SceneKit.swiftcrossimport/SwiftUI.swiftoverlay -swift-module-cross-import SwiftData /Applications/Xcode.app/Contents/Developer/Platforms/iPhoneOS.platform/Developer/SDKs/iPhoneOS26.5.sdk/System/Library/Frameworks/SwiftData.framework/Modules/SwiftData.swiftcrossimport/CoreData.swiftoverlay -swift-module-cross-import SwiftData /Applications/Xcode.app/Contents/Developer/Platforms/iPhoneOS.platform/Developer/SDKs/iPhoneOS26.5.sdk/System/Library/Frameworks/SwiftData.framework/Modules/SwiftData.swiftcrossimport/SwiftUI.swiftoverlay -load-resolved-plugin /Applications/Xcode.app/Contents/Developer/Platforms/iPhoneOS.platform/Developer/usr/lib/swift/host/plugins/libFoundationMacros.dylib\#/Applications/Xcode.app/Contents/Developer/Platforms/iPhoneOS.platform/Developer/usr/bin/swift-plugin-server\#FoundationMacros -load-resolved-plugin /Applications/Xcode.app/Contents/Developer/Platforms/iPhoneOS.platform/Developer/usr/lib/swift/host/plugins/libObservationMacros.dylib\#/Applications/Xcode.app/Contents/Developer/Platforms/iPhoneOS.platform/Developer/usr/bin/swift-plugin-server\#ObservationMacros -load-resolved-plugin /Applications/Xcode.app/Contents/Developer/Platforms/iPhoneOS.platform/Developer/usr/lib/swift/host/plugins/libPreviewsMacros.dylib\#/Applications/Xcode.app/Contents/Developer/Platforms/iPhoneOS.platform/Developer/usr/bin/swift-plugin-server\#PreviewsMacros -load-resolved-plugin /Applications/Xcode.app/Contents/Developer/Platforms/iPhoneOS.platform/Developer/usr/lib/swift/host/plugins/libSwiftDataMacros.dylib\#/Applications/Xcode.app/Contents/Developer/Platforms/iPhoneOS.platform/Developer/usr/bin/swift-plugin-server\#SwiftDataMacros -load-resolved-plugin /Applications/Xcode.app/Contents/Developer/Platforms/iPhoneOS.platform/Developer/usr/lib/swift/host/plugins/libSwiftMacros.dylib\#/Applications/Xcode.app/Contents/Developer/Platforms/iPhoneOS.platform/Developer/usr/bin/swift-plugin-server\#SwiftMacros -load-resolved-plugin /Applications/Xcode.app/Contents/Developer/Platforms/iPhoneOS.platform/Developer/usr/lib/swift/host/plugins/libSwiftUIMacros.dylib\#/Applications/Xcode.app/Contents/Developer/Platforms/iPhoneOS.platform/Developer/usr/bin/swift-plugin-server\#SwiftUIMacros -disable-implicit-swift-modules -Xcc -fno-implicit-modules -Xcc -fno-implicit-module-maps -explicit-swift-module-map-file /tmp/woop-commit-review30-dd/Build/Intermediates.noindex/Woop.build/Release-iphoneos/Woop.build/Objects-normal/arm64/Woop-dependencies-1.json -debug-module-path /tmp/woop-commit-review30-dd/Build/Intermediates.noindex/Woop.build/Release-iphoneos/Woop.build/Objects-normal/arm64/Woop.swiftmodule -Xllvm -aarch64-use-tbi -enable-objc-interop -stack-check -sdk /Applications/Xcode.app/Contents/Developer/Platforms/iPhoneOS.platform/Developer/SDKs/iPhoneOS26.5.sdk -I /tmp/woop-commit-review30-dd/Build/Products/Release-iphoneos -F /tmp/woop-commit-review30-dd/Build/Products/Release-iphoneos -no-color-diagnostics -Xcc -fno-color-diagnostics -g -debug-info-format\=dwarf -dwarf-version\=5 -module-cache-path /tmp/woop-commit-review30-dd/Build/Intermediates.noindex/SwiftExplicitPrecompiledModules -swift-version 5 -O -serialize-debugging-options -const-gather-protocols-file /tmp/woop-commit-review30-dd/Build/Intermediates.noindex/Woop.build/Release-iphoneos/Woop.build/Objects-normal/arm64/Woop_const_extract_protocols.json -enable-experimental-feature DebugDescriptionMacro -enable-bare-slash-regex -empty-abi-descriptor -validate-clang-modules-once -clang-build-session-file /tmp/woop-commit-review30-dd/ModuleCache.noindex/Session.modulevalidation -Xcc -working-directory -Xcc /tmp/woop-commit-review30 -file-compilation-dir /tmp/woop-commit-review30 -Xcc -ivfsstatcache -Xcc /tmp/woop-commit-review30-dd/SDKStatCaches.noindex/iphoneos26.5-23F73-688ef53f1462e2c8f657fdc38a81448f32daed1954a7d5dd0789fcaf2a9bb78b.sdkstatcache -Xcc -I/tmp/woop-commit-review30-dd/Build/Intermediates.noindex/Woop.build/Release-iphoneos/Woop.build/swift-overrides.hmap -Xcc -iquote -Xcc /tmp/woop-commit-review30-dd/Build/Intermediates.noindex/Woop.build/Release-iphoneos/Woop.build/Woop-generated-files.hmap -Xcc -I/tmp/woop-commit-review30-dd/Build/Intermediates.noindex/Woop.build/Release-iphoneos/Woop.build/Woop-own-target-headers.hmap -Xcc -I/tmp/woop-commit-review30-dd/Build/Intermediates.noindex/Woop.build/Release-iphoneos/Woop.build/Woop-all-target-headers.hmap -Xcc -iquote -Xcc /tmp/woop-commit-review30-dd/Build/Intermediates.noindex/Woop.build/Release-iphoneos/Woop.build/Woop-project-headers.hmap -Xcc -I/tmp/woop-commit-review30-dd/Build/Products/Release-iphoneos/include -Xcc -I/tmp/woop-commit-review30-dd/Build/Intermediates.noindex/Woop.build/Release-iphoneos/Woop.build/DerivedSources-normal/arm64 -Xcc -I/tmp/woop-commit-review30-dd/Build/Intermediates.noindex/Woop.build/Release-iphoneos/Woop.build/DerivedSources/arm64 -Xcc -I/tmp/woop-commit-review30-dd/Build/Intermediates.noindex/Woop.build/Release-iphoneos/Woop.build/DerivedSources -no-auto-bridging-header-chaining -module-name Woop -frontend-parseable-output -disable-clang-spi -clang-target arm64-apple-ios26.5 -target-sdk-version 26.5 -target-sdk-name iphoneos26.5 -in-process-plugin-server-path /Applications/Xcode.app/Contents/Developer/Toolchains/XcodeDefault.xctoolchain/usr/lib/swift/host/libSwiftInProcPluginServer.dylib -enable-default-cmo -num-threads 10 -output-filelist /tmp/woop-commit-review30-dd/Build/Intermediates.noindex/Woop.build/Release-iphoneos/Woop.build/Objects-normal/arm64/outputs-1 -index-unit-output-path-filelist /tmp/woop-commit-review30-dd/Build/Intermediates.noindex/Woop.build/Release-iphoneos/Woop.build/Objects-normal/arm64/index-unit-outputs-1
LinkAssetCatalog /tmp/woop-commit-review30/Woop/AppIcon.icon /tmp/woop-commit-review30/Woop/Assets.xcassets (in target 'Woop' from project 'Woop')
    cd /tmp/woop-commit-review30
    builtin-linkAssetCatalog --thinned /tmp/woop-commit-review30-dd/Build/Intermediates.noindex/Woop.build/Release-iphoneos/Woop.build/assetcatalog_output/thinned --thinned-dependencies /tmp/woop-commit-review30-dd/Build/Intermediates.noindex/Woop.build/Release-iphoneos/Woop.build/assetcatalog_dependencies_thinned --thinned-info-plist-content /tmp/woop-commit-review30-dd/Build/Intermediates.noindex/Woop.build/Release-iphoneos/Woop.build/assetcatalog_generated_info.plist_thinned --unthinned /tmp/woop-commit-review30-dd/Build/Intermediates.noindex/Woop.build/Release-iphoneos/Woop.build/assetcatalog_output/unthinned --unthinned-dependencies /tmp/woop-commit-review30-dd/Build/Intermediates.noindex/Woop.build/Release-iphoneos/Woop.build/assetcatalog_dependencies_unthinned --unthinned-info-plist-content /tmp/woop-commit-review30-dd/Build/Intermediates.noindex/Woop.build/Release-iphoneos/Woop.build/assetcatalog_generated_info.plist_unthinned --output /tmp/woop-commit-review30-dd/Build/Products/Release-iphoneos/Woop.app --plist-output /tmp/woop-commit-review30-dd/Build/Intermediates.noindex/Woop.build/Release-iphoneos/Woop.build/assetcatalog_generated_info.plist
note: Emplaced /tmp/woop-commit-review30-dd/Build/Products/Release-iphoneos/Woop.app/AppIcon60x60@2x.png (in target 'Woop' from project 'Woop')
note: Emplaced /tmp/woop-commit-review30-dd/Build/Products/Release-iphoneos/Woop.app/Assets.car (in target 'Woop' from project 'Woop')
note: Emplaced /tmp/woop-commit-review30-dd/Build/Products/Release-iphoneos/Woop.app/AppIcon76x76@2x~ipad.png (in target 'Woop' from project 'Woop')

** BUILD FAILED **


The following build commands failed:
	CompileSwift normal arm64 (in target 'Woop' from project 'Woop')
	SwiftCompile normal arm64 Compiling\ BottleSplash.swift,\ CoinChime.swift,\ DiamondGlints.swift,\ Ink.swift,\ LightDial.swift,\ LuneDust.swift,\ MonolithChime.swift,\ NightBirds.swift,\ RocketHaptics.swift,\ SparkleBurst.swift,\ SplashBackground.swift,\ SplashWisp.swift,\ Annonces.swift,\ AppleAuth.swift,\ ChambreServeur.swift,\ EconomieWoop.swift,\ ForgeServeur.swift,\ Langue.swift,\ LuneForge.swift,\ OutboxGains.swift,\ ProfilServeur.swift,\ SacreServeur.swift,\ Supabase.swift,\ SupabaseSync.swift,\ SynthesisService.swift,\ WorkoutActivityController.swift,\ ActiveWorkoutView.swift,\ AuroraBgLab.swift,\ AuthView.swift,\ BancCoutHome.swift,\ BoosterCard.swift,\ BoosterLab.swift,\ BoosterPack.swift,\ BoosterPopup.swift,\ BordSeance.swift,\ BoutonPrimaire.swift,\ BravoLab.swift,\ CalendarView.swift,\ CalLab.swift,\ CardioFiche.swift,\ CardRoute.swift,\ CarnetLab.swift,\ CarnetScene.swift,\ CarteLuneLab.swift,\ ChambreDonnees.swift,\ ChambreHiit.swift,\ ChambreLongue.swift,\ ChambrePeak.swift,\ ChambreRegularite.swift,\ ChambreVolume.swift,\ ChevronAppelNatif.swift,\ ChipVerre.swift,\ CinematicPlayer.swift,\ ClavierBraise.swift,\ CoffreFlipLab.swift,\ CoffreFortCoin.swift,\ CoffreFortPurse.swift,\ CoffreFortView.swift,\ CoffreV2.swift,\ ConnexionButtonLab.swift,\ ConnexionCinematic.swift,\ CorpsNacre.swift,\ CounterLab.swift,\ DemonVideo.swift,\ DepartCine.swift,\ DepartSeance.swift,\ DevilAuraOverlay.swift,\ DuolinguoPage.swift,\ EmberFlameLab.swift,\ ExerciseDetailView.swift,\ ExerciseEditor.swift,\ ExercisePhoto.swift,\ ExerciseSetupCard.swift,\ ExercisesView.swift,\ ExosFond.swift,\ FlameLab.swift,\ FlammeJauge.swift,\ FlammeJaugeLab.swift,\ FondVideoMetal.swift,\ Foyer.swift,\ FumeeInviteMetal.swift,\ GaletEtape.swift,\ GaletLab.swift,\ GaletSlide.swift,\ HaloDawnLab.swift,\ HarmonieLab.swift,\ HomeAuroraView.swift,\ HomeNuit.swift,\ HomeView.swift,\ JewelTabBar.swift,\ LaunchPebble.swift,\ ImpGlyph.swift,\ MoonGlyph.swift,\ ProgressComet.swift,\ WorkoutActivity.swift,\ LensParticles.swift,\ LiquidLensLab.swift,\ LisereCoreAnimation.swift,\ LisereImages.swift,\ LisereRespirant.swift,\ LiveExerciseView.swift,\ LivingNebulaBackground.swift,\ LoginLab.swift,\ LogoLab.swift,\ LuneDeSang.swift,\ MenuCouronne.swift,\ MenuNappe.swift,\ MoonCoinLab.swift,\ MoonSplash.swift,\ NavDiagnostic.swift,\ NavEncre.swift,\ NavLab.swift,\ NeonPrimaryButton.swift,\ NeonPrimaryLab.swift,\ NosfyOnboarding.swift,\ NotchedCard.swift,\ NotifCard.swift,\ NotifChasse.swift,\ NotifLab.swift,\ ObjectiveCard.swift,\ ObjectiveCardLab.swift,\ ObsidianCard.swift,\ ObsidianCardLab.swift,\ PageCard.swift,\ PanBande.swift,\ PiluleVagabonde.swift,\ PlayerMonde.swift,\ PorteApple.swift,\ PorteEntree.swift,\ PremiereArrivee.swift,\ ProfilLune.swift,\ ProgressionView.swift,\ ProgressPage.swift,\ RecentWorkoutCard.swift,\ RestartSheet.swift,\ RewardCard.swift,\ RewardChemin.swift,\ RewardCheminCard.swift,\ RewardCheminVariants.swift,\ RewardLab.swift,\ RythmeEcran.swift,\ SacreAccueil.swift,\ SessionSlate.swift,\ SetEntrySheet.swift,\ SetHistoryRow.swift,\ SliderLab.swift,\ SliderObsidienne.swift,\ SondeCadence.swift,\ SondeVol.swift,\ StopCard.swift,\ StopLab.swift,\ StopSessionSheet.swift,\ StoryEnded.swift,\ StoryFlow.swift,\ StorySuite.swift,\ StoryVideo.swift,\ SuccessLab.swift,\ SwapCardSurface.swift,\ SwapEmptyCard.swift,\ SynthesisCard.swift,\ TapisLab.swift,\ TapisScene.swift,\ VerreCoulant.swift,\ VisiteHome.swift,\ WahouReveal.swift,\ WidgetEdition.swift,\ WidgetsCards.swift,\ WorkoutPill.swift,\ WorkoutsListView.swift,\ Atmosphere.swift,\ DemonSky.swift,\ Models.swift,\ MoonPath.swift,\ MoonSDF.swift,\ NebulaConfiguration.swift,\ NebulaNoise.swift,\ NebulaStrip.swift,\ Theme.swift,\ WoopApp.swift,\ GeneratedAssetSymbols.swift /tmp/woop-commit-review30/Woop/Figures/BottleSplash.swift /tmp/woop-commit-review30/Woop/Figures/CoinChime.swift /tmp/woop-commit-review30/Woop/Figures/DiamondGlints.swift /tmp/woop-commit-review30/Woop/Figures/Ink.swift /tmp/woop-commit-review30/Woop/Figures/LightDial.swift /tmp/woop-commit-review30/Woop/Figures/LuneDust.swift /tmp/woop-commit-review30/Woop/Figures/MonolithChime.swift /tmp/woop-commit-review30/Woop/Figures/NightBirds.swift /tmp/woop-commit-review30/Woop/Figures/RocketHaptics.swift /tmp/woop-commit-review30/Woop/Figures/SparkleBurst.swift /tmp/woop-commit-review30/Woop/Figures/SplashBackground.swift /tmp/woop-commit-review30/Woop/Figures/SplashWisp.swift /tmp/woop-commit-review30/Woop/Services/Annonces.swift /tmp/woop-commit-review30/Woop/Services/AppleAuth.swift /tmp/woop-commit-review30/Woop/Services/ChambreServeur.swift /tmp/woop-commit-review30/Woop/Services/EconomieWoop.swift /tmp/woop-commit-review30/Woop/Services/ForgeServeur.swift /tmp/woop-commit-review30/Woop/Services/Langue.swift /tmp/woop-commit-review30/Woop/Services/LuneForge.swift /tmp/woop-commit-review30/Woop/Services/OutboxGains.swift /tmp/woop-commit-review30/Woop/Services/ProfilServeur.swift /tmp/woop-commit-review30/Woop/Services/SacreServeur.swift /tmp/woop-commit-review30/Woop/Services/Supabase.swift /tmp/woop-commit-review30/Woop/Services/SupabaseSync.swift /tmp/woop-commit-review30/Woop/Services/SynthesisService.swift /tmp/woop-commit-review30/Woop/Services/WorkoutActivityController.swift /tmp/woop-commit-review30/Woop/Views/ActiveWorkoutView.swift /tmp/woop-commit-review30/Woop/Views/AuroraBgLab.swift /tmp/woop-commit-review30/Woop/Views/AuthView.swift /tmp/woop-commit-review30/Woop/Views/BancCoutHome.swift /tmp/woop-commit-review30/Woop/Views/BoosterCard.swift /tmp/woop-commit-review30/Woop/Views/BoosterLab.swift /tmp/woop-commit-review30/Woop/Views/BoosterPack.swift /tmp/woop-commit-review30/Woop/Views/BoosterPopup.swift /tmp/woop-commit-review30/Woop/Views/BordSeance.swift /tmp/woop-commit-review30/Woop/Views/BoutonPrimaire.swift /tmp/woop-commit-review30/Woop/Views/BravoLab.swift /tmp/woop-commit-review30/Woop/Views/CalendarView.swift /tmp/woop-commit-review30/Woop/Views/CalLab.swift /tmp/woop-commit-review30/Woop/Views/CardioFiche.swift /tmp/woop-commit-review30/Woop/Views/CardRoute.swift /tmp/woop-commit-review30/Woop/Views/CarnetLab.swift /tmp/woop-commit-review30/Woop/Views/CarnetScene.swift /tmp/woop-commit-review30/Woop/Views/CarteLuneLab.swift /tmp/woop-commit-review30/Woop/Views/ChambreDonnees.swift /tmp/woop-commit-review30/Woop/Views/ChambreHiit.swift /tmp/woop-commit-review30/Woop/Views/ChambreLongue.swift /tmp/woop-commit-review30/Woop/Views/ChambrePeak.swift /tmp/woop-commit-review30/Woop/Views/ChambreRegularite.swift /tmp/woop-commit-review30/Woop/Views/ChambreVolume.swift /tmp/woop-commit-review30/Woop/Views/ChevronAppelNatif.swift /tmp/woop-commit-review30/Woop/Views/ChipVerre.swift /tmp/woop-commit-review30/Woop/Views/CinematicPlayer.swift /tmp/woop-commit-review30/Woop/Views/ClavierBraise.swift /tmp/woop-commit-review30/Woop/Views/CoffreFlipLab.swift /tmp/woop-commit-review30/Woop/Views/CoffreFortCoin.swift /tmp/woop-commit-review30/Woop/Views/CoffreFortPurse.swift /tmp/woop-commit-review30/Woop/Views/CoffreFortView.swift /tmp/woop-commit-review30/Woop/Views/CoffreV2.swift /tmp/woop-commit-review30/Woop/Views/ConnexionButtonLab.swift /tmp/woop-commit-review30/Woop/Views/ConnexionCinematic.swift /tmp/woop-commit-review30/Woop/Views/CorpsNacre.swift /tmp/woop-commit-review30/Woop/Views/CounterLab.swift /tmp/woop-commit-review30/Woop/Views/DemonVideo.swift /tmp/woop-commit-review30/Woop/Views/DepartCine.swift /tmp/woop-commit-review30/Woop/Views/DepartSeance.swift /tmp/woop-commit-review30/Woop/Views/DevilAuraOverlay.swift /tmp/woop-commit-review30/Woop/Views/DuolinguoPage.swift /tmp/woop-commit-review30/Woop/Views/EmberFlameLab.swift /tmp/woop-commit-review30/Woop/Views/ExerciseDetailView.swift /tmp/woop-commit-review30/Woop/Views/ExerciseEditor.swift /tmp/woop-commit-review30/Woop/Views/ExercisePhoto.swift /tmp/woop-commit-review30/Woop/Views/ExerciseSetupCard.swift /tmp/woop-commit-review30/Woop/Views/ExercisesView.swift /tmp/woop-commit-review30/Woop/Views/ExosFond.swift /tmp/woop-commit-review30/Woop/Views/FlameLab.swift /tmp/woop-commit-review30/Woop/Views/FlammeJauge.swift /tmp/woop-commit-review30/Woop/Views/FlammeJaugeLab.swift /tmp/woop-commit-review30/Woop/Views/FondVideoMetal.swift /tmp/woop-commit-review30/Woop/Views/Foyer.swift /tmp/woop-commit-review30/Woop/Views/FumeeInviteMetal.swift /tmp/woop-commit-review30/Woop/Views/GaletEtape.swift /tmp/woop-commit-review30/Woop/Views/GaletLab.swift /tmp/woop-commit-review30/Woop/Views/GaletSlide.swift /tmp/woop-commit-review30/Woop/Views/HaloDawnLab.swift /tmp/woop-commit-review30/Woop/Views/HarmonieLab.swift /tmp/woop-commit-review30/Woop/Views/HomeAuroraView.swift /tmp/woop-commit-review30/Woop/Views/HomeNuit.swift /tmp/woop-commit-review30/Woop/Views/HomeView.swift /tmp/woop-commit-review30/Woop/Views/JewelTabBar.swift /tmp/woop-commit-review30/Woop/Views/LaunchPebble.swift /tmp/woop-commit-review30/WoopShared/ImpGlyph.swift /tmp/woop-commit-review30/WoopShared/MoonGlyph.swift /tmp/woop-commit-review30/WoopShared/ProgressComet.swift /tmp/woop-commit-review30/WoopShared/WorkoutActivity.swift /tmp/woop-commit-review30/Woop/Views/LensParticles.swift /tmp/woop-commit-review30/Woop/Views/LiquidLensLab.swift /tmp/woop-commit-review30/Woop/Views/LisereCoreAnimation.swift /tmp/woop-commit-review30/Woop/Views/LisereImages.swift /tmp/woop-commit-review30/Woop/Views/LisereRespirant.swift /tmp/woop-commit-review30/Woop/Views/LiveExerciseView.swift /tmp/woop-commit-review30/Woop/Views/LivingNebulaBackground.swift /tmp/woop-commit-review30/Woop/Views/LoginLab.swift /tmp/woop-commit-review30/Woop/Views/LogoLab.swift /tmp/woop-commit-review30/Woop/Views/LuneDeSang.swift /tmp/woop-commit-review30/Woop/Views/MenuCouronne.swift /tmp/woop-commit-review30/Woop/Views/MenuNappe.swift /tmp/woop-commit-review30/Woop/Views/MoonCoinLab.swift /tmp/woop-commit-review30/Woop/Views/MoonSplash.swift /tmp/woop-commit-review30/Woop/Views/NavDiagnostic.swift /tmp/woop-commit-review30/Woop/Views/NavEncre.swift /tmp/woop-commit-review30/Woop/Views/NavLab.swift /tmp/woop-commit-review30/Woop/Views/NeonPrimaryButton.swift /tmp/woop-commit-review30/Woop/Views/NeonPrimaryLab.swift /tmp/woop-commit-review30/Woop/Views/NosfyOnboarding.swift /tmp/woop-commit-review30/Woop/Views/NotchedCard.swift /tmp/woop-commit-review30/Woop/Views/NotifCard.swift /tmp/woop-commit-review30/Woop/Views/NotifChasse.swift /tmp/woop-commit-review30/Woop/Views/NotifLab.swift /tmp/woop-commit-review30/Woop/Views/ObjectiveCard.swift /tmp/woop-commit-review30/Woop/Views/ObjectiveCardLab.swift /tmp/woop-commit-review30/Woop/Views/ObsidianCard.swift /tmp/woop-commit-review30/Woop/Views/ObsidianCardLab.swift /tmp/woop-commit-review30/Woop/Views/PageCard.swift /tmp/woop-commit-review30/Woop/Views/PanBande.swift /tmp/woop-commit-review30/Woop/Views/PiluleVagabonde.swift /tmp/woop-commit-review30/Woop/Views/PlayerMonde.swift /tmp/woop-commit-review30/Woop/Views/PorteApple.swift /tmp/woop-commit-review30/Woop/Views/PorteEntree.swift /tmp/woop-commit-review30/Woop/Views/PremiereArrivee.swift /tmp/woop-commit-review30/Woop/Views/ProfilLune.swift /tmp/woop-commit-review30/Woop/Views/ProgressionView.swift /tmp/woop-commit-review30/Woop/Views/ProgressPage.swift /tmp/woop-commit-review30/Woop/Views/RecentWorkoutCard.swift /tmp/woop-commit-review30/Woop/Views/RestartSheet.swift /tmp/woop-commit-review30/Woop/Views/RewardCard.swift /tmp/woop-commit-review30/Woop/Views/RewardChemin.swift /tmp/woop-commit-review30/Woop/Views/RewardCheminCard.swift /tmp/woop-commit-review30/Woop/Views/RewardCheminVariants.swift /tmp/woop-commit-review30/Woop/Views/RewardLab.swift /tmp/woop-commit-review30/Woop/Views/RythmeEcran.swift /tmp/woop-commit-review30/Woop/Views/SacreAccueil.swift /tmp/woop-commit-review30/Woop/Views/SessionSlate.swift /tmp/woop-commit-review30/Woop/Views/SetEntrySheet.swift /tmp/woop-commit-review30/Woop/Views/SetHistoryRow.swift /tmp/woop-commit-review30/Woop/Views/SliderLab.swift /tmp/woop-commit-review30/Woop/Views/SliderObsidienne.swift /tmp/woop-commit-review30/Woop/Views/SondeCadence.swift /tmp/woop-commit-review30/Woop/Views/SondeVol.swift /tmp/woop-commit-review30/Woop/Views/StopCard.swift /tmp/woop-commit-review30/Woop/Views/StopLab.swift /tmp/woop-commit-review30/Woop/Views/StopSessionSheet.swift /tmp/woop-commit-review30/Woop/Views/StoryEnded.swift /tmp/woop-commit-review30/Woop/Views/StoryFlow.swift /tmp/woop-commit-review30/Woop/Views/StorySuite.swift /tmp/woop-commit-review30/Woop/Views/StoryVideo.swift /tmp/woop-commit-review30/Woop/Views/SuccessLab.swift /tmp/woop-commit-review30/Woop/Views/SwapCardSurface.swift /tmp/woop-commit-review30/Woop/Views/SwapEmptyCard.swift /tmp/woop-commit-review30/Woop/Views/SynthesisCard.swift /tmp/woop-commit-review30/Woop/Views/TapisLab.swift /tmp/woop-commit-review30/Woop/Views/TapisScene.swift /tmp/woop-commit-review30/Woop/Views/VerreCoulant.swift /tmp/woop-commit-review30/Woop/Views/VisiteHome.swift /tmp/woop-commit-review30/Woop/Views/WahouReveal.swift /tmp/woop-commit-review30/Woop/Views/WidgetEdition.swift /tmp/woop-commit-review30/Woop/Views/WidgetsCards.swift /tmp/woop-commit-review30/Woop/Views/WorkoutPill.swift /tmp/woop-commit-review30/Woop/Views/WorkoutsListView.swift /tmp/woop-commit-review30/Woop/Atmosphere.swift /tmp/woop-commit-review30/Woop/DemonSky.swift /tmp/woop-commit-review30/Woop/Models.swift /tmp/woop-commit-review30/Woop/MoonPath.swift /tmp/woop-commit-review30/Woop/MoonSDF.swift /tmp/woop-commit-review30/Woop/NebulaConfiguration.swift /tmp/woop-commit-review30/Woop/NebulaNoise.swift /tmp/woop-commit-review30/Woop/NebulaStrip.swift /tmp/woop-commit-review30/Woop/Theme.swift /tmp/woop-commit-review30/Woop/WoopApp.swift /tmp/woop-commit-review30-dd/Build/Intermediates.noindex/Woop.build/Release-iphoneos/Woop.build/DerivedSources/GeneratedAssetSymbols.swift /Applications/Xcode.app/Contents/Developer/Toolchains/XcodeDefault.xctoolchain/usr/lib/swift/iphoneos/prebuilt-modules/26.5/simd.swiftmodule/arm64e-apple-ios.swiftmodule /Applications/Xcode.app/Contents/Developer/Toolchains/XcodeDefault.xctoolchain/usr/lib/swift/iphoneos/prebuilt-modules/26.5/Foundation.swiftmodule/arm64e-apple-ios.swiftmodule /Applications/Xcode.app/Contents/Developer/Toolchains/XcodeDefault.xctoolchain/usr/lib/swift/iphoneos/prebuilt-modules/26.5/_DarwinFoundation1.swiftmodule/arm64e-apple-ios.swiftmodule /Applications/Xcode.app/Contents/Developer/Toolchains/XcodeDefault.xctoolchain/usr/lib/swift/iphoneos/prebuilt-modules/26.5/AuthenticationServices.swiftmodule/arm64e-apple-ios.swiftmodule /Applications/Xcode.app/Contents/Developer/Toolchains/XcodeDefault.xctoolchain/usr/lib/swift/iphoneos/prebuilt-modules/26.5/Dispatch.swiftmodule/arm64e-apple-ios.swiftmodule /Applications/Xcode.app/Contents/Developer/Toolchains/XcodeDefault.xctoolchain/usr/lib/swift/iphoneos/prebuilt-modules/26.5/AudioToolbox.swiftmodule/arm64e-apple-ios.swiftmodule /Applications/Xcode.app/Contents/Developer/Toolchains/XcodeDefault.xctoolchain/usr/lib/swift/iphoneos/prebuilt-modules/26.5/CoreFoundation.swiftmodule/arm64e-apple-ios.swiftmodule /Applications/Xcode.app/Contents/Developer/Toolchains/XcodeDefault.xctoolchain/usr/lib/swift/iphoneos/prebuilt-modules/26.5/SwiftData.swiftmodule/arm64e-apple-ios.swiftmodule /Applications/Xcode.app/Contents/Developer/Toolchains/XcodeDefault.xctoolchain/usr/lib/swift/iphoneos/prebuilt-modules/26.5/_SwiftData_SwiftUI.swiftmodule/arm64e-apple-ios.swiftmodule /Applications/Xcode.app/Contents/Developer/Toolchains/XcodeDefault.xctoolchain/usr/lib/swift/iphoneos/prebuilt-modules/26.5/_DarwinFoundation3.swiftmodule/arm64e-apple-ios.swiftmodule /Applications/Xcode.app/Contents/Developer/Toolchains/XcodeDefault.xctoolchain/usr/lib/swift/iphoneos/prebuilt-modules/26.5/CoreMedia.swiftmodule/arm64e-apple-ios.swiftmodule /Applications/Xcode.app/Contents/Developer/Toolchains/XcodeDefault.xctoolchain/usr/lib/swift/iphoneos/prebuilt-modules/26.5/OSLog.swiftmodule/arm64e-apple-ios.swiftmodule /Applications/Xcode.app/Contents/Developer/Toolchains/XcodeDefault.xctoolchain/usr/lib/swift/iphoneos/prebuilt-modules/26.5/Metal.swiftmodule/arm64e-apple-ios.swiftmodule /Applications/Xcode.app/Contents/Developer/Toolchains/XcodeDefault.xctoolchain/usr/lib/swift/iphoneos/prebuilt-modules/26.5/_Builtin_float.swiftmodule/arm64e-apple-ios.swiftmodule /Applications/Xcode.app/Contents/Developer/Toolchains/XcodeDefault.xctoolchain/usr/lib/swift/iphoneos/prebuilt-modules/26.5/System.swiftmodule/arm64e-apple-ios.swiftmodule /Applications/Xcode.app/Contents/Developer/Toolchains/XcodeDefault.xctoolchain/usr/lib/swift/iphoneos/prebuilt-modules/26.5/ModelIO.swiftmodule/arm64e-apple-ios.swiftmodule /Applications/Xcode.app/Contents/Developer/Toolchains/XcodeDefault.xctoolchain/usr/lib/swift/iphoneos/prebuilt-modules/26.5/QuartzCore.swiftmodule/arm64e-apple-ios.swiftmodule /Applications/Xcode.app/Contents/Developer/Toolchains/XcodeDefault.xctoolchain/usr/lib/swift/iphoneos/prebuilt-modules/26.5/os.swiftmodule/arm64e-apple-ios.swiftmodule /Applications/Xcode.app/Contents/Developer/Toolchains/XcodeDefault.xctoolchain/usr/lib/swift/iphoneos/prebuilt-modules/26.5/CoreImage.swiftmodule/arm64e-apple-ios.swiftmodule /Applications/Xcode.app/Contents/Developer/Toolchains/XcodeDefault.xctoolchain/usr/lib/swift/iphoneos/prebuilt-modules/26.5/Swift.swiftmodule/arm64e-apple-ios.swiftmodule /Applications/Xcode.app/Contents/Developer/Toolchains/XcodeDefault.xctoolchain/usr/lib/swift/iphoneos/prebuilt-modules/26.5/SwiftUI.swiftmodule/arm64e-apple-ios.swiftmodule /Applications/Xcode.app/Contents/Developer/Toolchains/XcodeDefault.xctoolchain/usr/lib/swift/iphoneos/prebuilt-modules/26.5/AVFoundation.swiftmodule/arm64e-apple-ios.swiftmodule /Applications/Xcode.app/Contents/Developer/Toolchains/XcodeDefault.xctoolchain/usr/lib/swift/iphoneos/prebuilt-modules/26.5/CoreMotion.swiftmodule/arm64e-apple-ios.swiftmodule /Applications/Xcode.app/Contents/Developer/Toolchains/XcodeDefault.xctoolchain/usr/lib/swift/iphoneos/prebuilt-modules/26.5/Charts.swiftmodule/arm64e-apple-ios.swiftmodule /Applications/Xcode.app/Contents/Developer/Toolchains/XcodeDefault.xctoolchain/usr/lib/swift/iphoneos/prebuilt-modules/26.5/CryptoKit.swiftmodule/arm64e-apple-ios.swiftmodule /Applications/Xcode.app/Contents/Developer/Toolchains/XcodeDefault.xctoolchain/usr/lib/swift/iphoneos/prebuilt-modules/26.5/_Concurrency.swiftmodule/arm64e-apple-ios.swiftmodule /Applications/Xcode.app/Contents/Developer/Toolchains/XcodeDefault.xctoolchain/usr/lib/swift/iphoneos/prebuilt-modules/26.5/SceneKit.swiftmodule/arm64e-apple-ios.swiftmodule /Applications/Xcode.app/Contents/Developer/Toolchains/XcodeDefault.xctoolchain/usr/lib/swift/iphoneos/prebuilt-modules/26.5/UniformTypeIdentifiers.swiftmodule/arm64e-apple-ios.swiftmodule /Applications/Xcode.app/Contents/Developer/Toolchains/XcodeDefault.xctoolchain/usr/lib/swift/iphoneos/prebuilt-modules/26.5/CoreLocation.swiftmodule/arm64e-apple-ios.swiftmodule /Applications/Xcode.app/Contents/Developer/Toolchains/XcodeDefault.xctoolchain/usr/lib/swift/iphoneos/prebuilt-modules/26.5/CoreText.swiftmodule/arm64e-apple-ios.swiftmodule /Applications/Xcode.app/Contents/Developer/Toolchains/XcodeDefault.xctoolchain/usr/lib/swift/iphoneos/prebuilt-modules/26.5/GLKit.swiftmodule/arm64e-apple-ios.swiftmodule /Applications/Xcode.app/Contents/Developer/Toolchains/XcodeDefault.xctoolchain/usr/lib/swift/iphoneos/prebuilt-modules/26.5/CoreTransferable.swiftmodule/arm64e-apple-ios.swiftmodule /Applications/Xcode.app/Contents/Developer/Toolchains/XcodeDefault.xctoolchain/usr/lib/swift/iphoneos/prebuilt-modules/26.5/CoreMIDI.swiftmodule/arm64e-apple-ios.swiftmodule /Applications/Xcode.app/Contents/Developer/Toolchains/XcodeDefault.xctoolchain/usr/lib/swift/iphoneos/prebuilt-modules/26.5/Accessibility.swiftmodule/arm64e-apple-ios.swiftmodule /Applications/Xcode.app/Contents/Developer/Toolchains/XcodeDefault.xctoolchain/usr/lib/swift/iphoneos/prebuilt-modules/26.5/Observation.swiftmodule/arm64e-apple-ios.swiftmodule /Applications/Xcode.app/Contents/Developer/Toolchains/XcodeDefault.xctoolchain/usr/lib/swift/iphoneos/prebuilt-modules/26.5/UIKit.swiftmodule/arm64e-apple-ios.swiftmodule /Applications/Xcode.app/Contents/Developer/Toolchains/XcodeDefault.xctoolchain/usr/lib/swift/iphoneos/prebuilt-modules/26.5/CoreAudio.swiftmodule/arm64e-apple-ios.swiftmodule /Applications/Xcode.app/Contents/Developer/Toolchains/XcodeDefault.xctoolchain/usr/lib/swift/iphoneos/prebuilt-modules/26.5/Darwin.swiftmodule/arm64e-apple-ios.swiftmodule /Applications/Xcode.app/Contents/Developer/Toolchains/XcodeDefault.xctoolchain/usr/lib/swift/iphoneos/prebuilt-modules/26.5/Spatial.swiftmodule/arm64e-apple-ios.swiftmodule /Applications/Xcode.app/Contents/Developer/Toolchains/XcodeDefault.xctoolchain/usr/lib/swift/iphoneos/prebuilt-modules/26.5/LocalAuthentication.swiftmodule/arm64e-apple-ios.swiftmodule /Applications/Xcode.app/Contents/Developer/Toolchains/XcodeDefault.xctoolchain/usr/lib/swift/iphoneos/prebuilt-modules/26.5/CoreGraphics.swiftmodule/arm64e-apple-ios.swiftmodule /Applications/Xcode.app/Contents/Developer/Toolchains/XcodeDefault.xctoolchain/usr/lib/swift/iphoneos/prebuilt-modules/26.5/CoreVideo.swiftmodule/arm64e-apple-ios.swiftmodule /Applications/Xcode.app/Contents/Developer/Toolchains/XcodeDefault.xctoolchain/usr/lib/swift/iphoneos/prebuilt-modules/26.5/ActivityKit.swiftmodule/arm64e-apple-ios.swiftmodule /Applications/Xcode.app/Contents/Developer/Toolchains/XcodeDefault.xctoolchain/usr/lib/swift/iphoneos/prebuilt-modules/26.5/DataDetection.swiftmodule/arm64e-apple-ios.swiftmodule /Applications/Xcode.app/Contents/Developer/Toolchains/XcodeDefault.xctoolchain/usr/lib/swift/iphoneos/prebuilt-modules/26.5/FileProvider.swiftmodule/arm64e-apple-ios.swiftmodule /Applications/Xcode.app/Contents/Developer/Toolchains/XcodeDefault.xctoolchain/usr/lib/swift/iphoneos/prebuilt-modules/26.5/SwiftUICore.swiftmodule/arm64e-apple-ios.swiftmodule /Applications/Xcode.app/Contents/Developer/Toolchains/XcodeDefault.xctoolchain/usr/lib/swift/iphoneos/prebuilt-modules/26.5/CoreData.swiftmodule/arm64e-apple-ios.swiftmodule /Applications/Xcode.app/Contents/Developer/Toolchains/XcodeDefault.xctoolchain/usr/lib/swift/iphoneos/prebuilt-modules/26.5/_StringProcessing.swiftmodule/arm64e-apple-ios.swiftmodule /Applications/Xcode.app/Contents/Developer/Toolchains/XcodeDefault.xctoolchain/usr/lib/swift/iphoneos/prebuilt-modules/26.5/_DarwinFoundation2.swiftmodule/arm64e-apple-ios.swiftmodule /Applications/Xcode.app/Contents/Developer/Toolchains/XcodeDefault.xctoolchain/usr/lib/swift/iphoneos/prebuilt-modules/26.5/MetalKit.swiftmodule/arm64e-apple-ios.swiftmodule /Applications/Xcode.app/Contents/Developer/Toolchains/XcodeDefault.xctoolchain/usr/lib/swift/iphoneos/prebuilt-modules/26.5/Synchronization.swiftmodule/arm64e-apple-ios.swiftmodule /Applications/Xcode.app/Contents/Developer/Toolchains/XcodeDefault.xctoolchain/usr/lib/swift/iphoneos/prebuilt-modules/26.5/DeveloperToolsSupport.swiftmodule/arm64e-apple-ios.swiftmodule /Applications/Xcode.app/Contents/Developer/Toolchains/XcodeDefault.xctoolchain/usr/lib/swift/iphoneos/prebuilt-modules/26.5/AVFAudio.swiftmodule/arm64e-apple-ios.swiftmodule /Applications/Xcode.app/Contents/Developer/Toolchains/XcodeDefault.xctoolchain/usr/lib/swift/iphoneos/prebuilt-modules/26.5/Combine.swiftmodule/arm64e-apple-ios.swiftmodule /Applications/Xcode.app/Contents/Developer/Toolchains/XcodeDefault.xctoolchain/usr/lib/swift/iphoneos/prebuilt-modules/26.5/XPC.swiftmodule/arm64e-apple-ios.swiftmodule /Applications/Xcode.app/Contents/Developer/Toolchains/XcodeDefault.xctoolchain/usr/lib/swift/iphoneos/prebuilt-modules/26.5/ObjectiveC.swiftmodule/arm64e-apple-ios.swiftmodule /Applications/Xcode.app/Contents/Developer/Toolchains/XcodeDefault.xctoolchain/usr/lib/swift/iphoneos/prebuilt-modules/26.5/_SceneKit_SwiftUI.swiftmodule/arm64e-apple-ios.swiftmodule /Applications/Xcode.app/Contents/Developer/Toolchains/XcodeDefault.xctoolchain/usr/lib/swift/iphoneos/prebuilt-modules/26.5/Symbols.swiftmodule/arm64e-apple-ios.swiftmodule /tmp/woop-commit-review30-dd/ModuleCache.noindex/_Builtin_stdint-9137QN9II9L06Y0RAV10ASHVP.pcm /tmp/woop-commit-review30-dd/ModuleCache.noindex/Metal-CDDZV102OKPMVUGGEV3SXIJM.pcm /tmp/woop-commit-review30-dd/ModuleCache.noindex/OpenGLES-E3640EYR2BUPXDNNYDWNHNOI6.pcm /tmp/woop-commit-review30-dd/ModuleCache.noindex/SceneKit-BBQLU5I5STGZTGIYAHA18EXEC.pcm /tmp/woop-commit-review30-dd/ModuleCache.noindex/CoreImage-6WYDGTC2KX4XPPL9235NDLUI8.pcm /tmp/woop-commit-review30-dd/ModuleCache.noindex/CoreLocation-DMBV2Y2UHVCY1HZ6DUQ0L4VAV.pcm /tmp/woop-commit-review30-dd/ModuleCache.noindex/CoreMedia-1UKASLO069XL5D041JVBACPO4.pcm /tmp/woop-commit-review30-dd/ModuleCache.noindex/Spatial-BPB6TLSGF8HXHB1G5K1QDOYSP.pcm /tmp/woop-commit-review30-dd/ModuleCache.noindex/AVFoundation-AEQU5SOWX2G5ZNI6PCWHKIUG6.pcm /tmp/woop-commit-review30-dd/ModuleCache.noindex/UIKit-2I20LCLJT011MLU30FJXB74WM.pcm /tmp/woop-commit-review30-dd/ModuleCache.noindex/_AvailabilityInternal-4SNENIRF9YC8LZ721L0LZTXBX.pcm /tmp/woop-commit-review30-dd/ModuleCache.noindex/MediaToolbox-46E6BPZ8RRRXY8WCGQNHBRE29.pcm /tmp/woop-commit-review30-dd/ModuleCache.noindex/OSLog-2QGVSB69EQ3R6EAHGXWYOF6DR.pcm /tmp/woop-commit-review30-dd/ModuleCache.noindex/_Builtin_stddef-9I3GV5VZ5MOPS1UBLLICHADH7.pcm /tmp/woop-commit-review30-dd/ModuleCache.noindex/os-DC0RIN6WFKPQN5EYQXEGGR1S2.pcm /tmp/woop-commit-review30-dd/ModuleCache.noindex/Dispatch-13MF5CXQWLNLZAF7HHLJJPA9T.pcm /tmp/woop-commit-review30-dd/ModuleCache.noindex/sys_types-TVXJVQPX3701QUTOS0O38YSW.pcm /tmp/woop-commit-review30-dd/ModuleCache.noindex/_Builtin_stdbool-7093U8LDZGKNV9SW832KXNRTI.pcm /tmp/woop-commit-review30-dd/ModuleCache.noindex/CoreTransferable-F0RPI8A8IZ342K2VK61QDW014.pcm /tmp/woop-commit-review30-dd/ModuleCache.noindex/CoreAudioTypes-5YE7KM4WOXWW75QGFV28QT4KD.pcm /tmp/woop-commit-review30-dd/ModuleCache.noindex/SwiftUI-1STI5W3JMRMNHC3ABNCWGU6NU.pcm /tmp/woop-commit-review30-dd/ModuleCache.noindex/UIUtilities-732NFP1VKV2WXFD7D4UBU12YH.pcm /tmp/woop-commit-review30-dd/ModuleCache.noindex/ptrcheck-CY3M9RMMJZB0Z0BBGTOR1LX47.pcm /tmp/woop-commit-review30-dd/ModuleCache.noindex/_Builtin_tgmath-8FAAM1KXLIQJ4KUS5GJRNYJI0.pcm /tmp/woop-commit-review30-dd/ModuleCache.noindex/_Builtin_limits-6U0R8IJ3YQ4AM3HRI2C24YF39.pcm /tmp/woop-commit-review30-dd/ModuleCache.noindex/os_object-B0FKMXZYC4Z0IVBHSS045FJP3.pcm /tmp/woop-commit-review30-dd/ModuleCache.noindex/Accessibility-AKVUFKPTS4T9N8GFO1JTFIL3T.pcm /tmp/woop-commit-review30-dd/ModuleCache.noindex/CoreText-3KMFWXI0GRP3P8EP50O70F2Z5.pcm /tmp/woop-commit-review30-dd/ModuleCache.noindex/ObjectiveC-VGM2SQY238OYUCEY4YC8NN9H.pcm /tmp/woop-commit-review30-dd/ModuleCache.noindex/SwiftShims-45DAT4PIFX3D6LLEID99ZLFCM.pcm /tmp/woop-commit-review30-dd/ModuleCache.noindex/_Builtin_intrinsics-CWQJPMP2OWM36C3SHFV900E0C.pcm /tmp/woop-commit-review30-dd/ModuleCache.noindex/MachO-EWB2DT61UKXYNP87AZXN7DBFB.pcm /tmp/woop-commit-review30-dd/ModuleCache.noindex/ptrauth-68HX9F7PX3NY4ESWTR7U82UDZ.pcm /tmp/woop-commit-review30-dd/ModuleCache.noindex/CoreFoundation-EDEK29GS7EDPAR3BC01U3VMIG.pcm /tmp/woop-commit-review30-dd/ModuleCache.noindex/UserNotifications-1VN25MG0L5UYLE6IAEDR7CEF1.pcm /tmp/woop-commit-review30-dd/ModuleCache.noindex/CoreData-4C40F1AOANKAV816JIC64EHYA.pcm /tmp/woop-commit-review30-dd/ModuleCache.noindex/os_workgroup-2KHQZO62G6SS1O5NQD88P4HDT.pcm /tmp/woop-commit-review30-dd/ModuleCache.noindex/AVRouting-1A3U0CU2KT6PRYAMVFP3P8RI8.pcm /tmp/woop-commit-review30-dd/ModuleCache.noindex/DataDetection-QGHQW3RG192TOJGYL71YPUE2.pcm /tmp/woop-commit-review30-dd/ModuleCache.noindex/CoreMIDI-BSJIZEVJ8APXGGTB9P9DNT7ZP.pcm /tmp/woop-commit-review30-dd/ModuleCache.noindex/QuartzCore-F2ZWUEDJIC330P8CTFRZT1RRG.pcm /tmp/woop-commit-review30-dd/ModuleCache.noindex/ImageIO-5VP19HE129X3MWXOOPYKSX0Z3.pcm /tmp/woop-commit-review30-dd/ModuleCache.noindex/UniformTypeIdentifiers-AY5VON9FXOXJ0HQAJNUDOB5OW.pcm /tmp/woop-commit-review30-dd/ModuleCache.noindex/Symbols-6X49KEYCYPRB3Z04O6X86U36L.pcm /tmp/woop-commit-review30-dd/ModuleCache.noindex/AudioToolbox-2CRNFEJMU79R57POQOSXTD7JH.pcm /tmp/woop-commit-review30-dd/ModuleCache.noindex/Darwin-C03YPCC8Z82HWJK7HG802FCMH.pcm /tmp/woop-commit-review30-dd/ModuleCache.noindex/DeveloperToolsSupport-C5Z9AXP6BEJWGGZ079RVNFRIM.pcm /tmp/woop-commit-review30-dd/ModuleCache.noindex/ActivityKit-95R7F69GHGQ4F4HO2NZ6BEVH2.pcm /tmp/woop-commit-review30-dd/ModuleCache.noindex/_DarwinFoundation3-3B1OBOSDPDQG99I5KRKFYM7BW.pcm /tmp/woop-commit-review30-dd/ModuleCache.noindex/Foundation-4CKZ13WAJOUUN7STUCTFEK7IB.pcm /tmp/woop-commit-review30-dd/ModuleCache.noindex/FileProvider-95TTMG0LIBS2RDVRFF8HY9A8V.pcm /tmp/woop-commit-review30-dd/ModuleCache.noindex/MetalKit-7FARVZD6ON7R7UNPWP1H74X2J.pcm /tmp/woop-commit-review30-dd/ModuleCache.noindex/Network-52IDQI5PAVAOAZR5VC5V4KE3Z.pcm /tmp/woop-commit-review30-dd/ModuleCache.noindex/ModelIO-SEOQD1U7AZ3NFQ3P1O9Q9OJC.pcm /tmp/woop-commit-review30-dd/ModuleCache.noindex/LocalAuthentication-JZTMVXCGD5ITFAH7WGA4IPR2.pcm /tmp/woop-commit-review30-dd/ModuleCache.noindex/IOSurface-CVTXJV9DMU09Z11N9LA9I92AL.pcm /tmp/woop-commit-review30-dd/ModuleCache.noindex/_SwiftConcurrencyShims-740DIS87DUGO8XZR7VOIFMBAB.pcm /tmp/woop-commit-review30-dd/ModuleCache.noindex/XPC-1RNIN8XUE1K5C2YNJ7N5GO1ZH.pcm /tmp/woop-commit-review30-dd/ModuleCache.noindex/_DarwinFoundation1-A9MPAM4RK7Y1B28YBHC2AKX2D.pcm /tmp/woop-commit-review30-dd/ModuleCache.noindex/_DarwinFoundation2-8TEUZHV0UJZFRK38H34C7BYH1.pcm /tmp/woop-commit-review30-dd/ModuleCache.noindex/simd-3NUUH7AUNRZ7O05D8IHLZBS4U.pcm /tmp/woop-commit-review30-dd/ModuleCache.noindex/CoreGraphics-668749D4HTDLIXD9O7GBXUVCU.pcm /tmp/woop-commit-review30-dd/ModuleCache.noindex/CoreAudio-ECK2L80M9G47E0LCXPVTK3OLT.pcm /tmp/woop-commit-review30-dd/ModuleCache.noindex/CFNetwork-9KGD4KQQIJ3VJXENA4Q8CNU3O.pcm /tmp/woop-commit-review30-dd/ModuleCache.noindex/SwiftUICore-27IQMCFEOVXC20LSCIFN4Y7ZS.pcm /tmp/woop-commit-review30-dd/ModuleCache.noindex/_Builtin_float-7WH3BOOALRFF5XO09E6FGYPCS.pcm /tmp/woop-commit-review30-dd/ModuleCache.noindex/CoreVideo-7WRVXOAB1HXZS40QWL3HBTX3S.pcm /tmp/woop-commit-review30-dd/ModuleCache.noindex/dnssd-67PDUG7TYP4V7GG6NXXYO8UZT.pcm /tmp/woop-commit-review30-dd/ModuleCache.noindex/_Builtin_inttypes-A63G0LNHN6NPXYDV4GDBJ9OOA.pcm /tmp/woop-commit-review30-dd/ModuleCache.noindex/_Builtin_stdatomic-CUX5B2GQYD521QK1IGQA2SBYO.pcm /tmp/woop-commit-review30-dd/ModuleCache.noindex/AuthenticationServices-84MAGGWYDDICJTJBV54RN6UNL.pcm /tmp/woop-commit-review30-dd/ModuleCache.noindex/Security-4LPFJINALOM0PN80SZ41UM1EL.pcm /tmp/woop-commit-review30-dd/ModuleCache.noindex/GLKit-D7JQT3M8AY8SCU95GS3ZJB7JU.pcm /tmp/woop-commit-review30-dd/ModuleCache.noindex/_Builtin_stdarg-3HHHJW72HOQMAKRFI4XSJD487.pcm /tmp/woop-commit-review30-dd/ModuleCache.noindex/CoreHaptics-CIKYOHO1NXIOI5VIZP5NFMELO.pcm /tmp/woop-commit-review30-dd/ModuleCache.noindex/AVFAudio-U1ZBYLAC3V5YCMQL5RT8G80F.pcm /tmp/woop-commit-review30-dd/ModuleCache.noindex/_LocationEssentials-D61K9JDDFPC47X5HG3BXQEWU9.pcm /tmp/woop-commit-review30-dd/ModuleCache.noindex/CoreMotion-2J9EA699RCZJ1V8HQ2M3PZ7MX.pcm /tmp/woop-commit-review30-dd/Build/Intermediates.noindex/Woop.build/Release-iphoneos/Woop.build/Objects-normal/arm64/Woop-dependencies-1.json (in target 'Woop' from project 'Woop')
	Building project Woop with scheme Woop and configuration Release
(3 failures)
